xacro: in-order processing became default in ROS Melodic. You can drop the option.
... logging to /home/quinn/.ros/log/e26b10b2-a943-11f1-9447-05c1f50d701d/roslaunch-Legion-290501.log
Checking log directory for disk usage. This may take a while.
Press Ctrl-C to interrupt
Done checking log file disk usage. Usage is <1GB.
]2;/home/quinn/0904/threefloor_stress5_repro_20260827/work/mounts/SimEnv/src/simenv_bridge/launch/scanplanner_three_floor_rl.launch
[1mstarted roslaunch server http://Legion:42915/[0m

SUMMARY
========

CLEAR PARAMETERS
 * /scan_planner_node/

PARAMETERS
 * /a1_gazebo/FL_calf_controller/joint: FL_calf_joint
 * /a1_gazebo/FL_calf_controller/pid/d: 8.0
 * /a1_gazebo/FL_calf_controller/pid/i: 0.0
 * /a1_gazebo/FL_calf_controller/pid/p: 300.0
 * /a1_gazebo/FL_calf_controller/type: unitree_legged_co...
 * /a1_gazebo/FL_hip_controller/joint: FL_hip_joint
 * /a1_gazebo/FL_hip_controller/pid/d: 5.0
 * /a1_gazebo/FL_hip_controller/pid/i: 0.0
 * /a1_gazebo/FL_hip_controller/pid/p: 100.0
 * /a1_gazebo/FL_hip_controller/type: unitree_legged_co...
 * /a1_gazebo/FL_thigh_controller/joint: FL_thigh_joint
 * /a1_gazebo/FL_thigh_controller/pid/d: 8.0
 * /a1_gazebo/FL_thigh_controller/pid/i: 0.0
 * /a1_gazebo/FL_thigh_controller/pid/p: 300.0
 * /a1_gazebo/FL_thigh_controller/type: unitree_legged_co...
 * /a1_gazebo/FR_calf_controller/joint: FR_calf_joint
 * /a1_gazebo/FR_calf_controller/pid/d: 8.0
 * /a1_gazebo/FR_calf_controller/pid/i: 0.0
 * /a1_gazebo/FR_calf_controller/pid/p: 300.0
 * /a1_gazebo/FR_calf_controller/type: unitree_legged_co...
 * /a1_gazebo/FR_hip_controller/joint: FR_hip_joint
 * /a1_gazebo/FR_hip_controller/pid/d: 5.0
 * /a1_gazebo/FR_hip_controller/pid/i: 0.0
 * /a1_gazebo/FR_hip_controller/pid/p: 100.0
 * /a1_gazebo/FR_hip_controller/type: unitree_legged_co...
 * /a1_gazebo/FR_thigh_controller/joint: FR_thigh_joint
 * /a1_gazebo/FR_thigh_controller/pid/d: 8.0
 * /a1_gazebo/FR_thigh_controller/pid/i: 0.0
 * /a1_gazebo/FR_thigh_controller/pid/p: 300.0
 * /a1_gazebo/FR_thigh_controller/type: unitree_legged_co...
 * /a1_gazebo/RL_calf_controller/joint: RL_calf_joint
 * /a1_gazebo/RL_calf_controller/pid/d: 8.0
 * /a1_gazebo/RL_calf_controller/pid/i: 0.0
 * /a1_gazebo/RL_calf_controller/pid/p: 300.0
 * /a1_gazebo/RL_calf_controller/type: unitree_legged_co...
 * /a1_gazebo/RL_hip_controller/joint: RL_hip_joint
 * /a1_gazebo/RL_hip_controller/pid/d: 5.0
 * /a1_gazebo/RL_hip_controller/pid/i: 0.0
 * /a1_gazebo/RL_hip_controller/pid/p: 100.0
 * /a1_gazebo/RL_hip_controller/type: unitree_legged_co...
 * /a1_gazebo/RL_thigh_controller/joint: RL_thigh_joint
 * /a1_gazebo/RL_thigh_controller/pid/d: 8.0
 * /a1_gazebo/RL_thigh_controller/pid/i: 0.0
 * /a1_gazebo/RL_thigh_controller/pid/p: 300.0
 * /a1_gazebo/RL_thigh_controller/type: unitree_legged_co...
 * /a1_gazebo/RR_calf_controller/joint: RR_calf_joint
 * /a1_gazebo/RR_calf_controller/pid/d: 8.0
 * /a1_gazebo/RR_calf_controller/pid/i: 0.0
 * /a1_gazebo/RR_calf_controller/pid/p: 300.0
 * /a1_gazebo/RR_calf_controller/type: unitree_legged_co...
 * /a1_gazebo/RR_hip_controller/joint: RR_hip_joint
 * /a1_gazebo/RR_hip_controller/pid/d: 5.0
 * /a1_gazebo/RR_hip_controller/pid/i: 0.0
 * /a1_gazebo/RR_hip_controller/pid/p: 100.0
 * /a1_gazebo/RR_hip_controller/type: unitree_legged_co...
 * /a1_gazebo/RR_thigh_controller/joint: RR_thigh_joint
 * /a1_gazebo/RR_thigh_controller/pid/d: 8.0
 * /a1_gazebo/RR_thigh_controller/pid/i: 0.0
 * /a1_gazebo/RR_thigh_controller/pid/p: 300.0
 * /a1_gazebo/RR_thigh_controller/type: unitree_legged_co...
 * /a1_gazebo/joint_limits/FL_calf_joint/has_position_limits: False
 * /a1_gazebo/joint_limits/FR_calf_joint/has_position_limits: False
 * /a1_gazebo/joint_limits/RL_calf_joint/has_position_limits: False
 * /a1_gazebo/joint_limits/RR_calf_joint/has_position_limits: False
 * /a1_gazebo/joint_state_controller/publish_rate: 1000
 * /a1_gazebo/joint_state_controller/type: joint_state_contr...
 * /body_pose_topic: /Odometry_gazebo
 * /closed_loop_controller/finish_dist: 0.15
 * /closed_loop_controller/heading_error_threshold: 0.8
 * /closed_loop_controller/kp_pos: 0.8
 * /closed_loop_controller/kp_yaw: 1.5
 * /closed_loop_controller/max_vx: 2.05
 * /closed_loop_controller/max_vy: 0.35
 * /closed_loop_controller/max_vyaw: 1.0
 * /closed_loop_controller/time_forward: 0.8
 * /gazebo/enable_ros_network: True
 * /rl_floor_command_mux/command_timeout_sec: 0.4
 * /rl_floor_command_mux/linear_acceleration: 2.2
 * /rl_floor_command_mux/linear_deceleration: 2.0
 * /rl_floor_command_mux/max_forward: 2.25
 * /rl_floor_command_mux/max_lateral: 0.75
 * /rl_floor_command_mux/max_reverse: 0.2
 * /rl_floor_command_mux/max_yaw: 3.0
 * /rl_floor_command_mux/output_topic: /cmd_vel
 * /rl_floor_command_mux/planner_topic: /scanplanner/plan...
 * /rl_floor_command_mux/rate: 30.0
 * /rl_floor_command_mux/yaw_acceleration: 2.4
 * /rl_floor_command_mux/yaw_slowdown: 1.05
 * /rl_floor_command_mux/yaw_translation_stop: 1.3
 * /robot_description: <?xml version="1....
 * /robot_name: a1
 * /rosdistro: noetic
 * /rosversion: 1.17.4
 * /scan_planner_node/fsm/emergency_time_: 1.0
 * /scan_planner_node/fsm/fail_safe: True
 * /scan_planner_node/fsm/is_real_world: True
 * /scan_planner_node/fsm/manual_goal_use_current_height: True
 * /scan_planner_node/fsm/max_replan_fail_count: 1000
 * /scan_planner_node/fsm/navi_mode: 1
 * /scan_planner_node/fsm/planning_horizon: 7.5
 * /scan_planner_node/fsm/thresh_no_replan: 0.1
 * /scan_planner_node/fsm/thresh_replan: 1.0
 * /scan_planner_node/grid_map/cloud_is_world: True
 * /scan_planner_node/grid_map/cx: 317.19
 * /scan_planner_node/grid_map/cy: 256.48
 * /scan_planner_node/grid_map/depth_filter_margin: 1
 * /scan_planner_node/grid_map/depth_filter_maxdist: 3.0
 * /scan_planner_node/grid_map/depth_filter_mindist: 0.3
 * /scan_planner_node/grid_map/double_cylinder_offset: 0.18
 * /scan_planner_node/grid_map/double_cylinder_radius: 0.25
 * /scan_planner_node/grid_map/fx: 609.59
 * /scan_planner_node/grid_map/fy: 609.22
 * /scan_planner_node/grid_map/k_depth_scaling_factor: 1000.0
 * /scan_planner_node/grid_map/map_sliding_thresh: 0.2
 * /scan_planner_node/grid_map/max_ray_length: 5.0
 * /scan_planner_node/grid_map/need_extrinsic: True
 * /scan_planner_node/grid_map/obstacles_inflation_z_down: 0.4
 * /scan_planner_node/grid_map/obstacles_inflation_z_up: 0.1
 * /scan_planner_node/grid_map/p_hit: 0.85
 * /scan_planner_node/grid_map/p_max: 0.98
 * /scan_planner_node/grid_map/p_min: 0.12
 * /scan_planner_node/grid_map/p_miss: 0.3
 * /scan_planner_node/grid_map/p_occ: 0.8
 * /scan_planner_node/grid_map/resolution: 0.05
 * /scan_planner_node/grid_map/sensor_type: lidar
 * /scan_planner_node/grid_map/skip_pixel: 2
 * /scan_planner_node/grid_map/sliding_map_size_x: 10.0
 * /scan_planner_node/grid_map/sliding_map_size_y: 10.0
 * /scan_planner_node/grid_map/sliding_map_size_z: 5.0
 * /scan_planner_node/grid_map/vis_height: 0.3
 * /scan_planner_node/manager/control_points_distance: 0.2
 * /scan_planner_node/manager/feasibility_tolerance: 0.5
 * /scan_planner_node/manager/max_acc: 1.1
 * /scan_planner_node/manager/max_jerk: 4.0
 * /scan_planner_node/manager/max_vel: 2.05
 * /scan_planner_node/manager/planning_horizon: 7.5
 * /scan_planner_node/optimization/acc_tolerance: 1.0
 * /scan_planner_node/optimization/dist0: 0.2
 * /scan_planner_node/optimization/lambda_collision: 1.0
 * /scan_planner_node/optimization/lambda_feasibility: 0.1
 * /scan_planner_node/optimization/lambda_fitness: 1.0
 * /scan_planner_node/optimization/lambda_smooth: 1.0
 * /scan_planner_node/optimization/max_acc: 1.1
 * /scan_planner_node/optimization/max_vel: 2.05
 * /scan_planner_node/optimization/vel_tolerance: 1.0
 * /scanplanner_plane_rl_bootstrap/fixed_stand_max_duration_sec: 25.0
 * /scanplanner_plane_rl_bootstrap/release_after_rl_request: True
 * /scanplanner_plane_rl_bootstrap/rl_repeat_seconds: 120.0
 * /scanplanner_plane_rl_bootstrap/stand_after_seconds: 1.0
 * /scanplanner_pointcloud_bridge/input: /scan
 * /scanplanner_pointcloud_bridge/laser_blind: 0.5
 * /scanplanner_pointcloud_bridge/maximum_rate_hz: 5.0
 * /scanplanner_pointcloud_bridge/maximum_vertical_angle_deg: 55
 * /scanplanner_pointcloud_bridge/minimum_vertical_angle_deg: -7
 * /scanplanner_pointcloud_bridge/odom_topic: /Odometry_gazebo
 * /scanplanner_pointcloud_bridge/output: /registered_scan
 * /scanplanner_pointcloud_bridge/world_frame: map
 * /scanplanner_red_ball_detector/camera_info_topic: /recording_camera...
 * /scanplanner_red_ball_detector/camera_ready_topic: /simenv/recording...
 * /scanplanner_red_ball_detector/confirm_count: 3
 * /scanplanner_red_ball_detector/depth_topic: /real_sense/depth...
 * /scanplanner_red_ball_detector/floor_height_m: 2.6
 * /scanplanner_red_ball_detector/ground_range_scale: 0.95
 * /scanplanner_red_ball_detector/image_topic: /recording_camera...
 * /scanplanner_red_ball_detector/layout_metadata: /tmp/simenv_bridg...
 * /scanplanner_red_ball_detector/maximum_processing_rate_hz: 0.0
 * /scanplanner_red_ball_detector/merge_radius: 1.1
 * /scanplanner_red_ball_detector/out_json: /home/quinn/0904/...
 * /scanplanner_red_ball_detector/require_room_boundary_during_scan: True
 * /scanplanner_red_ball_detector/room_boundary_margin_m: 0.5
 * /scanplanner_red_ball_detector/scan_active_topic: /scanplanner/room...
 * /scanplanner_red_ball_detector/use_depth: True
 * /scanplanner_three_floor_goal_sequencer/direct_plane_distance_gain: 1.25
 * /scanplanner_three_floor_goal_sequencer/direct_plane_max_lateral_speed_mps: 0.75
 * /scanplanner_three_floor_goal_sequencer/direct_plane_min_forward_speed: 0.3
 * /scanplanner_three_floor_goal_sequencer/direct_plane_translation_heading_limit_rad: 1.45
 * /scanplanner_three_floor_goal_sequencer/direct_plane_yaw_rate: 1.15
 * /scanplanner_three_floor_goal_sequencer/direct_stair_yaw_rate: 0.35
 * /scanplanner_three_floor_goal_sequencer/entrance_fixed_heading_release_rad: 0.2
 * /scanplanner_three_floor_goal_sequencer/entrance_lateral_gain: 0.6
 * /scanplanner_three_floor_goal_sequencer/entrance_max_lateral_speed_mps: 0.12
 * /scanplanner_three_floor_goal_sequencer/entrance_progress_timeout_sec: 5.0
 * /scanplanner_three_floor_goal_sequencer/entrance_recovery_hold_sec: 1.0
 * /scanplanner_three_floor_goal_sequencer/entrance_recovery_max_attempts: 2
 * /scanplanner_three_floor_goal_sequencer/entrance_speed_scale: 1.45
 * /scanplanner_three_floor_goal_sequencer/floor_control_settle_sec: 0.15
 * /scanplanner_three_floor_goal_sequencer/handoff_timeout_sec: 300.0
 * /scanplanner_three_floor_goal_sequencer/manager_release_settle_sec: 0.1
 * /scanplanner_three_floor_goal_sequencer/maximum_floor_speed: 2.25
 * /scanplanner_three_floor_goal_sequencer/maximum_replans: 2
 * /scanplanner_three_floor_goal_sequencer/minimum_upright_duration_sec: 0.6
 * /scanplanner_three_floor_goal_sequencer/minimum_upright_z: 0.55
 * /scanplanner_three_floor_goal_sequencer/mission_config: /tmp/simenv_bridg...
 * /scanplanner_three_floor_goal_sequencer/output_dir: /home/quinn/0904/...
 * /scanplanner_three_floor_goal_sequencer/plane_attitude_hold_upright_z: 0.9
 * /scanplanner_three_floor_goal_sequencer/plane_attitude_slowdown_upright_z: 0.97
 * /scanplanner_three_floor_goal_sequencer/plane_fast_takeover: True
 * /scanplanner_three_floor_goal_sequencer/plane_fast_takeover_blend_seconds: 0.5
 * /scanplanner_three_floor_goal_sequencer/plane_fast_takeover_zero_hold_seconds: 0.15
 * /scanplanner_three_floor_goal_sequencer/plane_motion_start_ramp_initial_speed_mps: 0.3
 * /scanplanner_three_floor_goal_sequencer/plane_motion_start_ramp_minimum_upright_z: 0.985
 * /scanplanner_three_floor_goal_sequencer/plane_motion_start_ramp_seconds: 3.0
 * /scanplanner_three_floor_goal_sequencer/policy_timeout_sec: 35.0
 * /scanplanner_three_floor_goal_sequencer/progress_timeout_sec: 45.0
 * /scanplanner_three_floor_goal_sequencer/room_scan_settle_sec: 0.1
 * /scanplanner_three_floor_goal_sequencer/room_scan_timeout_sec: 30.0
 * /scanplanner_three_floor_goal_sequencer/room_scan_turn_rad: 1.9
 * /scanplanner_three_floor_goal_sequencer/room_scan_yaw_rate: 2.8
 * /scanplanner_three_floor_goal_sequencer/room_tolerance: 0.4
 * /scanplanner_three_floor_goal_sequencer/speed_scale: 2.6
 * /scanplanner_three_floor_goal_sequencer/stage_announcement_hold_sec: 0.15
 * /scanplanner_three_floor_goal_sequencer/startup_timeout_sec: 240.0
 * /scanplanner_three_floor_goal_sequencer/waypoint_timeout_sec: 150.0
 * /second_to_third_floor_stair_manager/ascent_maximum_speed_mps: 0.8
 * /second_to_third_floor_stair_manager/ascent_speed_mps: 0.8
 * /second_to_third_floor_stair_manager/ascent_timeout_sec: 45.0
 * /second_to_third_floor_stair_manager/auto_start: False
 * /second_to_third_floor_stair_manager/command_topic: /cmd_vel
 * /second_to_third_floor_stair_manager/enable_truth_return_gate: False
 * /second_to_third_floor_stair_manager/enable_visual_stair_alignment: False
 * /second_to_third_floor_stair_manager/entry_alignment_yaw_rate_rps: 0.4
 * /second_to_third_floor_stair_manager/flight_a_height_gain_m: 1.05
 * /second_to_third_floor_stair_manager/flight_b_timeout_sec: 22.0
 * /second_to_third_floor_stair_manager/height_plot_basename: 21_truth_stair_he...
 * /second_to_third_floor_stair_manager/hold_rl_during_ascent: True
 * /second_to_third_floor_stair_manager/landing_cross_distance_m: 0.95
 * /second_to_third_floor_stair_manager/landing_cross_speed_mps: 0.75
 * /second_to_third_floor_stair_manager/landing_heading_tolerance_rad: 0.15
 * /second_to_third_floor_stair_manager/landing_timeout_sec: 30.0
 * /second_to_third_floor_stair_manager/landing_turn_angle_rad: -2.4
 * /second_to_third_floor_stair_manager/landing_turn_speed_rps: 1.2
 * /second_to_third_floor_stair_manager/mission_failure_token: SECOND_FLOOR_EXPL...
 * /second_to_third_floor_stair_manager/mission_trigger_token: SECOND_FLOOR_EXPL...
 * /second_to_third_floor_stair_manager/mission_trigger_topic: /simenv/second_fl...
 * /second_to_third_floor_stair_manager/odom_topic: /Odometry_gazebo
 * /second_to_third_floor_stair_manager/offline_stair_model_sdf: /tmp/simenv_bridg...
 * /second_to_third_floor_stair_manager/offline_truth_layout_metadata: /tmp/simenv_bridg...
 * /second_to_third_floor_stair_manager/output_dir: /home/quinn/0904/...
 * /second_to_third_floor_stair_manager/plane_policy: /home/quinn/0904/...
 * /second_to_third_floor_stair_manager/policy_warmup_seconds: 0.2
 * /second_to_third_floor_stair_manager/pre_ascent_rl_fast_blend_seconds: 0.5
 * /second_to_third_floor_stair_manager/pre_ascent_rl_fast_takeover: True
 * /second_to_third_floor_stair_manager/pre_ascent_rl_fast_zero_hold_seconds: 0.15
 * /second_to_third_floor_stair_manager/pre_ascent_rl_settle_seconds: 0.6
 * /second_to_third_floor_stair_manager/pre_ascent_stand_seconds: 0.0
 * /second_to_third_floor_stair_manager/second_floor_handoff_timeout_sec: 90.0
 * /second_to_third_floor_stair_manager/second_floor_stable_seconds: 0.5
 * /second_to_third_floor_stair_manager/source_floor_index: 1
 * /second_to_third_floor_stair_manager/stair_policy: /home/quinn/0904/...
 * /second_to_third_floor_stair_manager/state_topic: /simenv/second_to...
 * /second_to_third_floor_stair_manager/target_floor_number: 3
 * /second_to_third_floor_stair_manager/total_height_gain_m: 2.2
 * /second_to_third_floor_stair_manager/trajectory_plot_basename: 21_f2_to_third_fl...
 * /second_to_third_floor_stair_manager/transition_log_basename: second_to_third_f...
 * /second_to_third_floor_stair_manager/transition_plot_basename: 21_second_to_thir...
 * /second_to_third_floor_stair_manager/truth_entry_final_speed_mps: 0.55
 * /second_to_third_floor_stair_manager/truth_entry_guide: True
 * /second_to_third_floor_stair_manager/truth_entry_guide_min_speed_mps: 0.25
 * /second_to_third_floor_stair_manager/truth_entry_guide_speed_mps: 0.45
 * /second_to_third_floor_stair_manager/truth_entry_timeout_sec: 120.0
 * /second_to_third_floor_stair_manager/truth_fixed_two_flight_profile: True
 * /second_to_third_floor_stair_manager/truth_flight_a_backslide_recovery_hold_seconds: 1.5
 * /second_to_third_floor_stair_manager/truth_flight_a_backslide_recovery_max_attempts: 2
 * /second_to_third_floor_stair_manager/truth_flight_a_backslide_recovery_ramp_seconds: 1.0
 * /second_to_third_floor_stair_manager/truth_flight_a_backslide_recovery_ramp_speed_mps: 0.4
 * /second_to_third_floor_stair_manager/truth_flight_a_climb_ramp_seconds: 1.2
 * /second_to_third_floor_stair_manager/truth_flight_a_near_edge_strong_center_error_m: 0.24
 * /second_to_third_floor_stair_manager/truth_flight_a_policy_capture_max_joint_velocity_rms: 0.18
 * /second_to_third_floor_stair_manager/truth_flight_a_policy_fast_fixed_stand: True
 * /second_to_third_floor_stair_manager/truth_flight_a_policy_fast_fixed_stand_duration_seconds: 0.5
 * /second_to_third_floor_stair_manager/truth_flight_a_policy_fast_fixed_stand_minimum_elapsed_seconds: 0.5
 * /second_to_third_floor_stair_manager/truth_flight_a_policy_fast_fixed_stand_minimum_gain_ratio: 0.75
 * /second_to_third_floor_stair_manager/truth_flight_a_policy_fast_fixed_stand_settle_seconds: 0.0
 * /second_to_third_floor_stair_manager/truth_flight_a_policy_fast_fixed_stand_stable_seconds: 0.5
 * /second_to_third_floor_stair_manager/truth_flight_a_policy_fixed_stand_ready_timeout_sec: 12.0
 * /second_to_third_floor_stair_manager/truth_flight_a_policy_require_fixed_stand_ready: True
 * /second_to_third_floor_stair_manager/truth_flight_a_policy_settle_seconds: 0.35
 * /second_to_third_floor_stair_manager/truth_flight_a_policy_settle_timeout_sec: 8.0
 * /second_to_third_floor_stair_manager/truth_flight_a_policy_stand_seconds: 0.1
 * /second_to_third_floor_stair_manager/truth_flight_a_policy_use_default_stand_target: False
 * /second_to_third_floor_stair_manager/truth_flight_a_rearward_slip_max_climb_speed_mps: 0.12
 * /second_to_third_floor_stair_manager/truth_flight_a_rearward_slip_speed_mps: 0.3
 * /second_to_third_floor_stair_manager/truth_flight_a_recovery_center_speed_mps: 0.22
 * /second_to_third_floor_stair_manager/truth_flight_a_recovery_forward_speed_mps: 0.6
 * /second_to_third_floor_stair_manager/truth_flight_a_require_fresh_ready: True
 * /second_to_third_floor_stair_manager/truth_flight_a_stall_release_seconds: 1.5
 * /second_to_third_floor_stair_manager/truth_flight_a_strong_recovery_forward_speed_mps: 0.4
 * /second_to_third_floor_stair_manager/truth_flight_b_max_yaw_rate_rps: 0.1
 * /second_to_third_floor_stair_manager/truth_flight_b_near_edge_strong_center_error_m: 0.24
 * /second_to_third_floor_stair_manager/truth_flight_b_pitch_min_height_gain_m: 0.08
 * /second_to_third_floor_stair_manager/truth_flight_b_pitch_rate_min_abs_rad: 0.6
 * /second_to_third_floor_stair_manager/truth_flight_b_pitch_rate_trigger_rps: 1.6
 * /second_to_third_floor_stair_manager/truth_flight_b_pitch_rate_window_sec: 0.18
 * /second_to_third_floor_stair_manager/truth_flight_b_pitch_recovery_max_attempts: 2
 * /second_to_third_floor_stair_manager/truth_flight_b_rearward_slip_speed_mps: 0.3
 * /second_to_third_floor_stair_manager/truth_flight_b_recovery_forward_speed_mps: 0.6
 * /second_to_third_floor_stair_manager/truth_flight_b_recovery_hold_seconds: 4.0
 * /second_to_third_floor_stair_manager/truth_flight_b_severe_pitch_detect_seconds: 0.1
 * /second_to_third_floor_stair_manager/truth_flight_b_severe_pitch_rad: 0.8
 * /second_to_third_floor_stair_manager/truth_flight_b_strong_recovery_forward_speed_mps: 0.4
 * /second_to_third_floor_stair_manager/truth_landing_recenter_speed_mps: 0.75
 * /second_to_third_floor_stair_manager/truth_two_stage_guide: True
 * /second_to_third_floor_stair_manager/truth_upper_floor_exit_clearance_m: 0.8
 * /second_to_third_floor_stair_manager/two_flight_stair: True
 * /second_to_third_floor_stair_manager/upper_floor_handoff_complete_phase: THIRD_FLOOR_HANDO...
 * /second_to_third_floor_stair_manager/upper_floor_handoff_timeout_phase: THIRD_FLOOR_HANDO...
 * /second_to_third_floor_stair_manager/upper_floor_reached_phase: THIRD_FLOOR_REACHED
 * /second_to_third_floor_stair_manager/upper_floor_ready_token: THIRD_FLOOR_EXPLO...
 * /second_to_third_floor_stair_manager/upper_floor_settle_phase: THIRD_FLOOR_SETTLE
 * /second_to_third_floor_stair_manager/upper_floor_state_topic: /simenv/third_flo...
 * /second_to_third_floor_stair_manager/upper_landing_clearance_grace_sec: 15.0
 * /second_to_third_floor_stair_manager/wait_for_second_floor_handoff: True
 * /second_to_third_floor_stair_manager/world_frame_ascent: True
 * /simenv/plane_tilt_guard_release_rad: 0.1
 * /simenv/plane_tilt_guard_stop_rad: 0.27
 * /simenv/plane_tilt_guard_warning_rad: 0.14
 * /stair_descent_manager/command_topic: /cmd_vel
 * /stair_descent_manager/descent_maximum_speed_mps: 0.8
 * /stair_descent_manager/descent_segment_timeout_sec: 600.0
 * /stair_descent_manager/descent_speed_mps: 0.8
 * /stair_descent_manager/end_floor_number: 1
 * /stair_descent_manager/mission_trigger_token: THIRD_FLOOR_EXPLO...
 * /stair_descent_manager/mission_trigger_topic: /simenv/third_flo...
 * /stair_descent_manager/odom_topic: /Odometry_gazebo
 * /stair_descent_manager/offline_stair_model_sdf: /tmp/simenv_bridg...
 * /stair_descent_manager/offline_truth_layout_metadata: /tmp/simenv_bridg...
 * /stair_descent_manager/output_dir: /home/quinn/0904/...
 * /stair_descent_manager/policy_switch_fast_fixed_stand: True
 * /stair_descent_manager/policy_switch_fast_fixed_stand_duration_seconds: 0.5
 * /stair_descent_manager/policy_switch_fast_fixed_stand_minimum_elapsed_seconds: 0.5
 * /stair_descent_manager/policy_switch_fast_fixed_stand_minimum_gain_ratio: 0.75
 * /stair_descent_manager/policy_switch_fast_fixed_stand_settle_seconds: 0.0
 * /stair_descent_manager/policy_switch_fast_fixed_stand_stable_seconds: 0.5
 * /stair_descent_manager/policy_switch_fixed_stand_timeout_sec: 12.0
 * /stair_descent_manager/policy_switch_max_joint_velocity_rms: 0.35
 * /stair_descent_manager/policy_switch_queue_hold_seconds: 0.25
 * /stair_descent_manager/policy_switch_reentry_timeout_sec: 20.0
 * /stair_descent_manager/policy_switch_settle_seconds: 0.45
 * /stair_descent_manager/policy_switch_settle_timeout_sec: 6.0
 * /stair_descent_manager/policy_warmup_seconds: 0.75
 * /stair_descent_manager/pre_descent_stand_seconds: 0.25
 * /stair_descent_manager/segment_one_log_basename: third_to_second_f...
 * /stair_descent_manager/segment_two_log_basename: second_to_first_f...
 * /stair_descent_manager/skip_entry_guide: True
 * /stair_descent_manager/stair_policy: /home/quinn/0904/...
 * /stair_descent_manager/start_floor_number: 3
 * /stair_descent_manager/state_topic: /simenv/third_to_...
 * /stair_descent_manager/transition_log_basename: stair_descent.json
 * /stair_descent_manager/truth_descent_backoff_escalation_m: 0.15
 * /stair_descent_manager/truth_descent_east_align_minimum_x_speed_mps: 0.3
 * /stair_descent_manager/truth_descent_east_align_tread_drop_m: 0.05
 * /stair_descent_manager/truth_descent_entry_guide_speed_mps: 1.15
 * /stair_descent_manager/truth_descent_final_landing_max_body_height_m: 1.0
 * /stair_descent_manager/truth_descent_final_landing_max_tilt_rad: 0.45
 * /stair_descent_manager/truth_descent_final_landing_min_body_height_m: 0.2
 * /stair_descent_manager/truth_descent_final_landing_minimum_upright_z: 0.75
 * /stair_descent_manager/truth_descent_final_landing_settle_seconds: 1.0
 * /stair_descent_manager/truth_descent_final_landing_timeout_sec: 20.0
 * /stair_descent_manager/truth_descent_flight_a_end_y: 1.75
 * /stair_descent_manager/truth_descent_flight_center_correction_error_m: 0.22
 * /stair_descent_manager/truth_descent_flight_center_correction_speed_mps: 0.5
 * /stair_descent_manager/truth_descent_flight_center_correction_yaw_rate_rps: 0.2
 * /stair_descent_manager/truth_descent_flight_center_steer_gain: 1.0
 * /stair_descent_manager/truth_descent_flight_center_steer_max_rad: 0.24
 * /stair_descent_manager/truth_descent_flight_end_slowdown_drop_m: 0.95
 * /stair_descent_manager/truth_descent_flight_end_speed_mps: 0.6
 * /stair_descent_manager/truth_descent_flight_heading_correction_error_rad: 0.22
 * /stair_descent_manager/truth_descent_flight_heading_correction_speed_mps: 0.4
 * /stair_descent_manager/truth_descent_flight_heading_correction_yaw_rate_rps: 0.3
 * /stair_descent_manager/truth_descent_flight_heading_gain: 0.55
 * /stair_descent_manager/truth_descent_flight_initial_hold_drop_m: 0.18
 * /stair_descent_manager/truth_descent_flight_initial_ramp_end_drop_m: 0.45
 * /stair_descent_manager/truth_descent_flight_initial_speed_mps: 0.55
 * /stair_descent_manager/truth_descent_flight_max_yaw_rate_rps: 0.14
 * /stair_descent_manager/truth_descent_flight_severe_tilt_hold_sec: 0.8
 * /stair_descent_manager/truth_descent_flight_severe_tilt_rad: 0.6
 * /stair_descent_manager/truth_descent_flight_severe_tilt_speed_mps: 0.3
 * /stair_descent_manager/truth_descent_flight_tilt_hold_sec: 0.6
 * /stair_descent_manager/truth_descent_flight_tilt_slowdown_rad: 0.48
 * /stair_descent_manager/truth_descent_flight_tilt_speed_mps: 0.55
 * /stair_descent_manager/truth_descent_gain_up_drop_m: 0.35
 * /stair_descent_manager/truth_descent_landing_heading_tolerance_rad: 0.18
 * /stair_descent_manager/truth_descent_landing_minimum_x_speed_mps: 0.3
 * /stair_descent_manager/truth_descent_landing_minimum_yaw_rate_rps: 0.34
 * /stair_descent_manager/truth_descent_landing_position_tolerance_m: 0.12
 * /stair_descent_manager/truth_descent_landing_recenter_speed_mps: 0.4
 * /stair_descent_manager/truth_descent_landing_settle_seconds: 1.5
 * /stair_descent_manager/truth_descent_landing_slip_max_attempts: 4
 * /stair_descent_manager/truth_descent_landing_turn_speed_rps: 1.2
 * /stair_descent_manager/truth_descent_max_center_error_m: 0.4
 * /stair_descent_manager/truth_descent_minimum_upright_z: 0.55
 * /stair_descent_manager/truth_descent_segment_turn_alignment_minimum_speed_mps: 0.3
 * /stair_descent_manager/truth_descent_segment_turn_alignment_progress_min_m: 0.025
 * /stair_descent_manager/truth_descent_segment_turn_alignment_progress_timeout_sec: 3.0
 * /stair_descent_manager/truth_descent_segment_turn_drift_limit_m: 0.4
 * /stair_descent_manager/truth_descent_segment_turn_lateral_speed_mps: 0.4
 * /stair_descent_manager/truth_descent_segment_turn_position_tolerance_m: 0.16
 * /stair_descent_manager/truth_descent_segment_turn_progress_min_improvement_rad: 0.11
 * /stair_descent_manager/truth_descent_segment_turn_progress_timeout_sec: 2.8
 * /stair_descent_manager/truth_descent_segment_turn_side_speed_mps: 0.4
 * /stair_descent_manager/truth_descent_segment_turn_x_safe_tolerance_m: 0.25
 * /stair_descent_manager/truth_descent_segment_turn_y_safe_high_m: 1.95
 * /stair_descent_manager/truth_descent_segment_turn_yaw_rate_rps: 1.0
 * /stair_descent_manager/truth_descent_side_slip_pause_sec: 0.5
 * /stair_descent_manager/truth_descent_stall_seconds: 3.0
 * /stair_descent_manager/truth_descent_step_pause_interval_m: 0.18
 * /stair_descent_manager/truth_descent_step_pause_seconds: 0.0
 * /stair_descent_manager/truth_descent_trigger_timeout_sec: 2400.0
 * /stair_descent_manager/truth_descent_turn_forward_speed_mps: 0.08
 * /stair_descent_manager/truth_descent_turn_forward_y_limit_m: 4.82
 * /stair_descent_manager/truth_descent_turn_start_y: 5.05
 * /stair_descent_manager/truth_entry_guide: True
 * /stair_descent_manager/truth_two_stage_guide: True
 * /stair_transition_manager/ascent_maximum_speed_mps: 0.8
 * /stair_transition_manager/ascent_speed_mps: 0.8
 * /stair_transition_manager/ascent_timeout_sec: 70.0
 * /stair_transition_manager/auto_start: False
 * /stair_transition_manager/command_topic: /cmd_vel
 * /stair_transition_manager/enable_truth_return_gate: False
 * /stair_transition_manager/enable_visual_stair_alignment: False
 * /stair_transition_manager/entry_alignment_yaw_rate_rps: 0.4
 * /stair_transition_manager/flight_a_height_gain_m: 1.05
 * /stair_transition_manager/flight_b_timeout_sec: 70.0
 * /stair_transition_manager/hold_rl_during_ascent: True
 * /stair_transition_manager/landing_cross_distance_m: 0.95
 * /stair_transition_manager/landing_cross_speed_mps: 0.75
 * /stair_transition_manager/landing_heading_tolerance_rad: 0.15
 * /stair_transition_manager/landing_timeout_sec: 30.0
 * /stair_transition_manager/landing_turn_angle_rad: -2.4
 * /stair_transition_manager/landing_turn_speed_rps: 1.2
 * /stair_transition_manager/odom_topic: /Odometry_gazebo
 * /stair_transition_manager/offline_stair_model_sdf: /tmp/simenv_bridg...
 * /stair_transition_manager/offline_truth_layout_metadata: /tmp/simenv_bridg...
 * /stair_transition_manager/output_dir: /home/quinn/0904/...
 * /stair_transition_manager/plane_policy: /home/quinn/0904/...
 * /stair_transition_manager/policy_warmup_seconds: 0.2
 * /stair_transition_manager/pre_ascent_rl_fast_blend_seconds: 0.5
 * /stair_transition_manager/pre_ascent_rl_fast_takeover: True
 * /stair_transition_manager/pre_ascent_rl_fast_zero_hold_seconds: 0.15
 * /stair_transition_manager/pre_ascent_rl_settle_seconds: 0.6
 * /stair_transition_manager/pre_ascent_stand_seconds: 0.0
 * /stair_transition_manager/second_floor_handoff_timeout_sec: 90.0
 * /stair_transition_manager/second_floor_stable_seconds: 0.5
 * /stair_transition_manager/stair_policy: /home/quinn/0904/...
 * /stair_transition_manager/total_height_gain_m: 2.2
 * /stair_transition_manager/truth_entry_final_speed_mps: 0.55
 * /stair_transition_manager/truth_entry_guide: True
 * /stair_transition_manager/truth_entry_guide_min_speed_mps: 0.25
 * /stair_transition_manager/truth_entry_guide_speed_mps: 0.45
 * /stair_transition_manager/truth_entry_timeout_sec: 120.0
 * /stair_transition_manager/truth_fixed_two_flight_profile: True
 * /stair_transition_manager/truth_flight_a_backslide_recovery_hold_seconds: 1.5
 * /stair_transition_manager/truth_flight_a_backslide_recovery_max_attempts: 2
 * /stair_transition_manager/truth_flight_a_backslide_recovery_ramp_seconds: 1.0
 * /stair_transition_manager/truth_flight_a_backslide_recovery_ramp_speed_mps: 0.4
 * /stair_transition_manager/truth_flight_a_climb_ramp_seconds: 1.2
 * /stair_transition_manager/truth_flight_a_near_edge_strong_center_error_m: 0.24
 * /stair_transition_manager/truth_flight_a_policy_capture_max_joint_velocity_rms: 0.18
 * /stair_transition_manager/truth_flight_a_policy_fast_fixed_stand: True
 * /stair_transition_manager/truth_flight_a_policy_fast_fixed_stand_duration_seconds: 0.5
 * /stair_transition_manager/truth_flight_a_policy_fast_fixed_stand_minimum_elapsed_seconds: 0.5
 * /stair_transition_manager/truth_flight_a_policy_fast_fixed_stand_minimum_gain_ratio: 0.75
 * /stair_transition_manager/truth_flight_a_policy_fast_fixed_stand_settle_seconds: 0.0
 * /stair_transition_manager/truth_flight_a_policy_fast_fixed_stand_stable_seconds: 0.5
 * /stair_transition_manager/truth_flight_a_policy_fixed_stand_ready_timeout_sec: 12.0
 * /stair_transition_manager/truth_flight_a_policy_require_fixed_stand_ready: True
 * /stair_transition_manager/truth_flight_a_policy_settle_seconds: 0.35
 * /stair_transition_manager/truth_flight_a_policy_settle_timeout_sec: 8.0
 * /stair_transition_manager/truth_flight_a_policy_stand_seconds: 0.1
 * /stair_transition_manager/truth_flight_a_policy_use_default_stand_target: False
 * /stair_transition_manager/truth_flight_a_prediction_horizon_sec: 1.1
 * /stair_transition_manager/truth_flight_a_rearward_slip_max_climb_speed_mps: 0.12
 * /stair_transition_manager/truth_flight_a_rearward_slip_speed_mps: 0.3
 * /stair_transition_manager/truth_flight_a_recovery_center_speed_mps: 0.22
 * /stair_transition_manager/truth_flight_a_recovery_forward_speed_mps: 0.6
 * /stair_transition_manager/truth_flight_a_require_fresh_ready: True
 * /stair_transition_manager/truth_flight_a_stall_release_seconds: 1.5
 * /stair_transition_manager/truth_flight_a_strong_recovery_forward_speed_mps: 0.4
 * /stair_transition_manager/truth_flight_b_max_yaw_rate_rps: 0.1
 * /stair_transition_manager/truth_flight_b_near_edge_strong_center_error_m: 0.24
 * /stair_transition_manager/truth_flight_b_pitch_min_height_gain_m: 0.08
 * /stair_transition_manager/truth_flight_b_pitch_rate_min_abs_rad: 0.6
 * /stair_transition_manager/truth_flight_b_pitch_rate_trigger_rps: 1.6
 * /stair_transition_manager/truth_flight_b_pitch_rate_window_sec: 0.18
 * /stair_transition_manager/truth_flight_b_pitch_recovery_max_attempts: 2
 * /stair_transition_manager/truth_flight_b_rearward_slip_speed_mps: 0.3
 * /stair_transition_manager/truth_flight_b_recovery_forward_speed_mps: 0.6
 * /stair_transition_manager/truth_flight_b_recovery_hold_seconds: 4.0
 * /stair_transition_manager/truth_flight_b_severe_pitch_detect_seconds: 0.1
 * /stair_transition_manager/truth_flight_b_severe_pitch_rad: 0.8
 * /stair_transition_manager/truth_flight_b_strong_recovery_forward_speed_mps: 0.4
 * /stair_transition_manager/truth_landing_recenter_speed_mps: 0.75
 * /stair_transition_manager/truth_two_stage_guide: True
 * /stair_transition_manager/two_flight_stair: True
 * /stair_transition_manager/upper_landing_clearance_grace_sec: 15.0
 * /stair_transition_manager/wait_for_second_floor_handoff: True
 * /stair_transition_manager/world_frame_ascent: True
 * /state_from_gazebo/robot_name: a1
 * /three_floor_rl_mission_supervisor/lobby_heading_stable_sec: 0.3
 * /three_floor_rl_mission_supervisor/lobby_initial_forward_speed_mps: 0.4
 * /three_floor_rl_mission_supervisor/lobby_linear_acceleration_mps2: 1.0
 * /three_floor_rl_mission_supervisor/minimum_upright_duration_sec: 0.6
 * /three_floor_rl_mission_supervisor/minimum_upright_z: 0.55
 * /three_floor_rl_mission_supervisor/mission_config: /tmp/simenv_bridg...
 * /three_floor_rl_mission_supervisor/mission_timeout_sec: 1800.0
 * /three_floor_rl_mission_supervisor/output_dir: /home/quinn/0904/...
 * /three_floor_rl_mission_supervisor/plane_fast_takeover: True
 * /three_floor_rl_mission_supervisor/plane_fast_takeover_blend_seconds: 0.5
 * /three_floor_rl_mission_supervisor/plane_fast_takeover_zero_hold_seconds: 0.15
 * /three_floor_rl_mission_supervisor/plane_motion_start_ramp_initial_speed_mps: 0.3
 * /three_floor_rl_mission_supervisor/plane_motion_start_ramp_minimum_upright_z: 0.985
 * /three_floor_rl_mission_supervisor/plane_motion_start_ramp_seconds: 3.0
 * /three_floor_rl_mission_supervisor/progress_timeout_sec: 20.0
 * /unpause_after_controllers/controller_namespace: /a1_gazebo
 * /unpause_after_controllers/load_window_seconds: 2.0
 * /unpause_after_controllers/timeout: 120
 * /use_sim_time: True
 * /world_file: /tmp/simenv_bridg...

NODES
  /
    building_control (building_generator_classic/building_generator_classic_control)
    closed_loop_controller (scan_planner/closed_loop_controller)
    gazebo (gazebo_ros/gzserver)
    junior_ctrl (simenv_bridge/classic_trotting_controller.py)
    open_mapping_entrance (simenv_competitor/open_mapping_entrance.py)
    rl_floor_command_mux (simenv_bridge/rl_floor_command_mux.py)
    robot_state_publisher (robot_state_publisher/robot_state_publisher)
    scan_planner_node (scan_planner/scan_planner_node)
    scanplanner_plane_rl_bootstrap (simenv_competitor/controller_mode_bootstrap.py)
    scanplanner_pointcloud_bridge (simenv_bridge/scanplanner_pointcloud_bridge.py)
    scanplanner_red_ball_detector (simenv_bridge/danger_detector.py)
    scanplanner_three_floor_goal_sequencer (simenv_bridge/scanplanner_three_floor_goal_sequencer.py)
    second_to_third_floor_stair_manager (simenv_bridge/stair_transition_manager.py)
    stair_descent_manager (simenv_bridge/stair_descent_manager.py)
    stair_transition_manager (simenv_bridge/stair_transition_manager.py)
    state_from_gazebo (unitree_guide/state_from_gazebo)
    three_floor_rl_mission_supervisor (simenv_bridge/three_floor_rl_mission_supervisor.py)
    unpause_after_controllers (simenv_competitor/unpause_after_controllers.py)
    urdf_spawner (gazebo_ros/spawn_model)
  /a1_gazebo/
    controller_spawner (controller_manager/spawner)
[33m[WARN] [1788624446.009819901]: [closed_loop_controller] ready.[0m
hit: 1.7346
miss: -0.847298
min log: -1.99243
max: 3.89182
thresh log: 1.38629
Using junior_ctrl: /home/quinn/0904/SimEnv-master/devel/lib/unitree_guide/junior_ctrl
Waiting for Gazebo A1 joint state and trunk IMU before junior_ctrl
INFO: cannot create a symlink to latest log directory: [Errno 17] File exists: '/home/quinn/.ros/log/e26b10b2-a943-11f1-9447-05c1f50d701d' -> '/home/quinn/.ros/log/latest'
[31m[ERROR] [1788624447.202498842]: GetModelState: model [a1_gazebo] does not exist[0m
[0m[INFO] [1788624446.398262709]: Finished loading Gazebo ROS API Plugin.[0m
[0m[INFO] [1788624446.401476559]: waitForService: Service [/gazebo/set_physics_properties] has not been advertised, waiting...[0m
[0m[INFO] [1788624447.200052068]: waitForService: Service [/gazebo/set_physics_properties] is now available.[0m
[0m[INFO] [1788624447.216689775]: Physics dynamic reconfigure ready.[0m
[0m[INFO] [1788624447.542406563]: <initialOrientationAsReference> is unset, using default value of false to comply with REP 145 (world as orientation reference)[0m
[0m[INFO] [1788624447.542441227]: <robotNamespace> set to: //[0m
[0m[INFO] [1788624447.542448303]: <topicName> set to: trunk_imu[0m
[0m[INFO] [1788624447.542453299]: <frameName> set to: imu_link[0m
[0m[INFO] [1788624447.542469975]: <updateRateHZ> set to: 1000[0m
[0m[INFO] [1788624447.542476756]: <gaussianNoise> set to: 0[0m
[0m[INFO] [1788624447.542493438]: <xyzOffset> set to: 0 0 0[0m
[0m[INFO] [1788624447.542507667]: <rpyOffset> set to: 0 -0 0[0m
[0m[INFO] [1788624447.565373623]: load csv file name:/home/quinn/0904/runtime_assets/SimEnv/src/unitree_guide/unitree_ros/robots/a1_description/scan_mode/mid360_stable.csv[0m
data size:2500
[livox] csv rows=2500
[0m[INFO] [1788624447.566861222]: ros topic name:/scan[0m
[0m[INFO] [1788624447.568018373]: scan info size:2500[0m
[livox] before RayPlugin::Load
[livox] after RayPlugin::Load
[livox] before CreateCollision
[livox] after CreateCollision
[0m[INFO] [1788624447.568357849]: sample:800[0m
[0m[INFO] [1788624447.568365311]: downsample:1[0m
[livox] before rayShape Load/Init samples=800
[livox] after rayShape Init
[INFO] [1788624446.172375, 0.000000]: Waiting to open mapping entrance main_entrance
[INFO] [1788624448.975604, 0.000000]: Mapping entrance ready: door 'main_entrance' set to open
[INFO] [1788624446.308531, 0.000000]: Loading model XML from ros parameter robot_description
[INFO] [1788624446.320297, 0.000000]: Waiting for service /gazebo/spawn_urdf_model
[INFO] [1788624447.230081, 0.000000]: Calling service /gazebo/spawn_urdf_model
[INFO] [1788624448.969271, 0.000000]: Spawn status: SpawnModel: Successfully spawned entity
[INFO] [1788624448.970235, 0.000000]: Waiting for service /gazebo/set_model_configuration
[INFO] [1788624448.972968, 0.000000]: temporary hack to **fix** the -J joint position option (issue #93), sleeping for 1 second to avoid race condition.
[INFO] [1788624449.976062, 0.000000]: Calling service /gazebo/set_model_configuration
[INFO] [1788624449.979367, 0.000000]: Set model configuration status: SetModelConfiguration: success
[INFO] [1788624452.209395, 0.000000]: Gazebo unpaused after 2.0 s paused controller-load window
[INFO] [1788624452.211838, 0.002000]: All 13 A1 controllers reached running state
A1 sensors and 12 joint controllers are ready; starting classic junior_ctrl
[INFO] Realtime scheduler disabled. Set UNITREE_ENABLE_REALTIME=1 to request SCHED_FIFO.
The control interface for ROS Gazebo simulation
robot_name: a1
controller dt: 0.004 s, frequency: 250.000 Hz
classic gait profile=trot period=0.550s stance_ratio=0.650
/home/quinn/0904/runtime_assets/SimEnv/src/unitree_guide/logs/policy_act_inference_plane.pt
cuda::is_available():0
RL inference device: cpu (requested=hybrid, policy=plane)
[INFO] RL policy resident in preload cache: /home/quinn/0904/runtime_assets/SimEnv/src/unitree_guide/logs/policy_act_inference_plane.pt
cuda::is_available():0
RL inference device: cpu (requested=hybrid, policy=plane)
load model is successed!
load model to device!
[INFO] UNITREE_RL_PRELOAD_PLANE_POLICY already cached: /home/quinn/0904/runtime_assets/SimEnv/src/unitree_guide/logs/policy_act_inference_plane.pt
cuda::is_available():0
[WARNING] UNITREE_RL_DEVICE=hybrid selected CUDA for this policy but CUDA is unavailable; using CPU.
RL inference device: cpu (requested=hybrid, policy=stair)
[INFO] RL policy resident in preload cache: /home/quinn/0904/runtime_assets/SimEnv/src/unitree_guide/logs/policy_act_inference_stair.pt
[INFO] UNITREE_RL_PRELOAD_STAIR_POLICY preloaded: /home/quinn/0904/runtime_assets/SimEnv/src/unitree_guide/logs/policy_act_inference_stair.pt
[INFO] RL observation source: trunk IMU and joint states (no ground truth).
[INFO] Autonomous startup: entering fixed stand (hold until /joy RL).
Switched from passive to fixed stand
[0m[INFO] [1788624453.887345978, 1.092000000]: [SCANReplanFSM] Set RViz goal height from initial body_pose z: 0.057[0m
[FSM]: state: INIT
wait for goal.
[FSM]: state: INIT
wait for goal.
[FSM]: state: INIT
wait for goal.
[FSM]: state: INIT
wait for goal.
[INFO] Hold-stand released; RL requested.
Switched from fixed stand to RL
[INFO] Entered RL /cmd_vel mode.
[FSM]: state: INIT
wait for goal.
[FSM]: state: INIT
wait for goal.
[FSM]: state: INIT
wait for goal.
[FSM]: state: INIT
wait for goal.
[FSM]: state: INIT
wait for goal.
[FSM]: state: INIT
wait for goal.
[0m[INFO] [1788624460.717758786, 5.448000000]: RL policy input vx=0.000 vy=0.000 wz=0.000 action_rms=0.315 ready=0 userCmd=0 kbd=0 raw=0.000,0.000,0.000 grav=-0.01,0.00,-0.98[0m
[0m[INFO] [1788624463.842594530, 7.458000000]: RL policy input vx=0.000 vy=0.000 wz=0.000 action_rms=0.211 ready=0 userCmd=0 kbd=0 raw=0.000,0.000,0.000 grav=-0.01,0.07,-0.98[0m
[0m[INFO] [1788624466.983692690, 9.470000000]: RL policy input vx=0.000 vy=0.000 wz=0.000 action_rms=0.151 ready=0 userCmd=0 kbd=0 raw=0.000,0.000,0.000 grav=0.00,0.00,-0.98[0m
[0m[INFO] [1788624469.235945013, 10.920000000]: RL locomotion_ready latched after 5.52 s takeover and 5.47 s stable hold[0m
cuda::is_available():0
[WARNING] UNITREE_RL_DEVICE=hybrid selected CUDA for this policy but CUDA is unavailable; using CPU.
RL inference device: cpu (requested=hybrid, policy=stair)
[INFO] RL policy hot-switched from preload cache: /home/quinn/0904/runtime_assets/SimEnv/src/unitree_guide/logs/policy_act_inference_stair.pt
[FSM]: state: INIT
wait for goal.
[FSM]: state: INIT
wait for goal.
[FSM]: state: INIT
wait for goal.
[FSM]: state: INIT
wait for goal.
[FSM]: state: INIT
wait for goal.
[FSM]: state: INIT
wait for goal.
[FSM]: state: INIT
wait for goal.
[FSM]: state: INIT
wait for goal.
[FSM]: state: INIT
wait for goal.
[FSM]: state: INIT
wait for goal.
[FSM]: state: INIT
wait for goal.
[FSM]: state: INIT
wait for goal.
[FSM]: state: INIT
wait for goal.
[FSM]: state: INIT
wait for goal.
[FSM]: state: INIT
wait for goal.
[33m[WARN] [1788624493.184346850, 26.284000000]: Using one-shot plane RL takeover profile: blend 0.50 s, zero hold 0.15 s[0m
[0m[INFO] [1788624470.111799566, 11.478000000]: RL policy input vx=0.000 vy=0.000 wz=0.000 action_rms=0.157 ready=0 userCmd=0 kbd=0 raw=0.000,0.000,0.000 grav=-0.01,0.01,-0.98[0m
[0m[INFO] [1788624473.236490475, 13.482000000]: RL policy input vx=0.000 vy=0.000 wz=0.000 action_rms=0.147 ready=0 userCmd=0 kbd=0 raw=0.000,0.000,0.000 grav=-0.01,0.02,-0.98[0m
[0m[INFO] [1788624476.352193373, 15.484000000]: RL policy input vx=0.000 vy=0.000 wz=0.000 action_rms=0.146 ready=0 userCmd=0 kbd=0 raw=0.000,0.000,0.000 grav=-0.02,0.02,-0.98[0m
[0m[INFO] [1788624477.843617093, 16.438000000]: RL locomotion_ready latched after 5.50 s takeover and 5.50 s stable hold[0m
[0m[INFO] [1788624479.468499497, 17.490000000]: RL policy input vx=0.348 vy=-0.004 wz=0.009 action_rms=0.153 ready=1 userCmd=0 kbd=0 raw=0.348,-0.004,0.009 grav=-0.01,0.03,-0.98[0m
[0m[INFO] [1788624482.588088882, 19.502000000]: RL policy input vx=0.522 vy=-0.008 wz=-0.022 action_rms=0.208 ready=1 userCmd=0 kbd=0 raw=0.522,-0.008,-0.022 grav=-0.01,-0.03,-0.98[0m
[0m[INFO] [1788624485.728489921, 21.506000000]: RL policy input vx=0.412 vy=-0.083 wz=-0.052 action_rms=0.182 ready=1 userCmd=0 kbd=0 raw=0.412,-0.083,-0.052 grav=-0.00,0.02,-0.98[0m
[0m[INFO] [1788624488.868933480, 23.524000000]: RL policy input vx=0.420 vy=-0.007 wz=-0.041 action_rms=0.138 ready=1 userCmd=0 kbd=0 raw=0.420,-0.007,-0.041 grav=0.01,0.01,-0.98[0m
[0m[INFO] [1788624492.000079990, 25.528000000]: RL policy input vx=0.420 vy=0.010 wz=-0.042 action_rms=0.206 ready=1 userCmd=0 kbd=0 raw=0.420,0.010,-0.042 grav=0.20,0.04,-0.96[0m
cuda::is_available():0
RL inference device: cpu (requested=hybrid, policy=plane)
[INFO] RL policy hot-switched from preload cache: /home/quinn/0904/runtime_assets/SimEnv/src/unitree_guide/logs/policy_act_inference_plane.pt
[FSM]: state: INIT
wait for goal.
[FSM]: state: INIT
wait for goal.
[FSM]: state: INIT
wait for goal.
[FSM]: state: INIT
wait for goal.
[FSM]: state: INIT
wait for goal.
[FSM]: state: INIT
wait for goal.
[FSM]: state: INIT
wait for goal.
[FSM]: state: INIT
wait for goal.
[FSM]: state: INIT
wait for goal.
[FSM]: state: INIT
wait for goal.
[FSM]: state: INIT
wait for goal.
[FSM]: state: INIT
wait for goal.
[FSM]: state: INIT
wait for goal.
[FSM]: state: INIT
wait for goal.
[FSM]: state: INIT
wait for goal.
[FSM]: state: INIT
wait for goal.
[FSM]: state: INIT
wait for goal.
[FSM]: state: INIT
wait for goal.
[FSM]: state: INIT
wait for goal.
[FSM]: state: INIT
wait for goal.
[FSM]: state: INIT
wait for goal.
[FSM]: state: INIT
wait for goal.
[FSM]: state: INIT
wait for goal.
[FSM]: state: INIT
wait for goal.
[FSM]: state: INIT
wait for goal.
[FSM]: state: INIT
wait for goal.
[FSM]: state: INIT
wait for goal.
[FSM]: state: INIT
wait for goal.
[FSM]: state: INIT
wait for goal.
[FSM]: state: INIT
wait for goal.
[FSM]: state: INIT
wait for goal.
[33m[WARN] [1788624542.166686316, 57.528000000]: Plane tilt guard scaling cmd_vel by 0.95 at tilt 0.146 rad[0m
[FSM]: state: INIT
wait for goal.
[FSM]: state: INIT
wait for goal.
[FSM]: state: INIT
wait for goal.
[FSM]: state: INIT
wait for goal.
[FSM]: state: INIT
wait for goal.
[FSM]: state: INIT
wait for goal.
[FSM]: state: INIT
wait for goal.
[FSM]: state: INIT
wait for goal.
[FSM]: state: INIT
wait for goal.
[FSM]: state: INIT
wait for goal.
[FSM]: state: INIT
wait for goal.
[FSM]: state: INIT
wait for goal.
[0m[INFO] [1788624494.198895151, 26.938000000]: RL locomotion_ready latched after 0.65 s takeover and 0.39 s stable hold[0m
[0m[INFO] [1788624495.130226137, 27.536000000]: RL policy input vx=0.817 vy=-0.088 wz=-0.118 action_rms=0.205 ready=1 userCmd=0 kbd=0 raw=0.817,-0.088,-0.118 grav=-0.03,-0.01,-0.98[0m
[0m[INFO] [1788624498.246525555, 29.538000000]: RL policy input vx=2.246 vy=-0.140 wz=-0.068 action_rms=0.355 ready=1 userCmd=0 kbd=0 raw=2.246,-0.140,-0.068 grav=0.01,0.03,-0.98[0m
[0m[INFO] [1788624501.363227410, 31.538000000]: RL policy input vx=2.250 vy=-0.008 wz=-0.004 action_rms=0.286 ready=1 userCmd=0 kbd=0 raw=2.250,-0.008,-0.004 grav=0.02,-0.03,-0.98[0m
[0m[INFO] [1788624504.504336523, 33.554000000]: RL policy input vx=2.250 vy=0.028 wz=0.014 action_rms=0.354 ready=1 userCmd=0 kbd=0 raw=2.250,0.028,0.014 grav=0.02,0.01,-0.98[0m
[0m[INFO] [1788624507.675685044, 35.572000000]: RL policy input vx=1.500 vy=0.146 wz=0.112 action_rms=0.327 ready=1 userCmd=0 kbd=0 raw=1.500,0.146,0.112 grav=0.04,-0.01,-0.98[0m
[0m[INFO] [1788624510.814987705, 37.590000000]: RL policy input vx=0.000 vy=0.000 wz=0.377 action_rms=0.192 ready=1 userCmd=0 kbd=0 raw=0.000,0.000,0.377 grav=0.02,0.01,-0.98[0m
[0m[INFO] [1788624513.987527649, 39.600000000]: RL policy input vx=0.450 vy=0.000 wz=0.047 action_rms=0.174 ready=1 userCmd=0 kbd=0 raw=0.450,0.000,0.047 grav=0.00,-0.01,-0.98[0m
[0m[INFO] [1788624517.222533310, 41.618000000]: RL policy input vx=0.450 vy=0.000 wz=-0.013 action_rms=0.288 ready=1 userCmd=0 kbd=0 raw=0.450,0.000,-0.013 grav=0.00,-0.01,-0.98[0m
[0m[INFO] [1788624520.375741941, 43.628000000]: RL policy input vx=0.898 vy=0.067 wz=0.082 action_rms=0.373 ready=1 userCmd=0 kbd=0 raw=0.898,0.067,0.082 grav=-0.01,0.00,-0.98[0m
[0m[INFO] [1788624523.562578159, 45.646000000]: RL policy input vx=0.900 vy=0.016 wz=0.020 action_rms=0.231 ready=1 userCmd=0 kbd=0 raw=0.900,0.016,0.020 grav=0.00,-0.02,-0.98[0m
[0m[INFO] [1788624526.746514050, 47.660000000]: RL policy input vx=0.000 vy=0.000 wz=-0.918 action_rms=0.243 ready=1 userCmd=0 kbd=0 raw=0.000,0.000,-0.918 grav=0.03,-0.04,-0.98[0m
[0m[INFO] [1788624529.874745054, 49.662000000]: RL policy input vx=0.000 vy=0.000 wz=-1.271 action_rms=0.302 ready=1 userCmd=0 kbd=0 raw=0.000,0.000,-1.271 grav=0.01,-0.01,-0.98[0m
[0m[INFO] [1788624532.994890169, 51.664000000]: RL policy input vx=0.598 vy=0.550 wz=0.818 action_rms=0.312 ready=1 userCmd=0 kbd=0 raw=0.598,0.550,0.818 grav=-0.00,-0.00,-0.98[0m
[0m[INFO] [1788624536.117925121, 53.664000000]: RL policy input vx=0.896 vy=0.084 wz=0.103 action_rms=0.196 ready=1 userCmd=0 kbd=0 raw=0.896,0.084,0.103 grav=-0.00,0.01,-0.98[0m
[0m[INFO] [1788624539.250399128, 55.670000000]: RL policy input vx=0.000 vy=0.000 wz=2.900 action_rms=0.190 ready=1 userCmd=0 kbd=0 raw=0.000,0.000,2.900 grav=0.01,-0.02,-0.98[0m
[0m[INFO] [1788624542.390463234, 57.674000000]: RL policy input vx=2.240 vy=-0.217 wz=-0.106 action_rms=0.280 ready=1 userCmd=0 kbd=0 raw=2.240,-0.217,-0.106 grav=-0.00,0.09,-0.98[0m
[0m[INFO] [1788624545.608467194, 59.684000000]: RL policy input vx=0.000 vy=0.000 wz=0.350 action_rms=0.144 ready=1 userCmd=0 kbd=0 raw=0.000,0.000,0.350 grav=0.02,-0.03,-0.98[0m
[0m[INFO] [1788624548.791424856, 61.688000000]: RL policy input vx=0.450 vy=0.000 wz=0.044 action_rms=0.266 ready=1 userCmd=0 kbd=0 raw=0.450,0.000,0.044 grav=0.00,-0.02,-0.98[0m
[0m[INFO] [1788624551.947971566, 63.692000000]: RL policy input vx=0.412 vy=0.000 wz=-0.034 action_rms=0.168 ready=1 userCmd=0 kbd=0 raw=0.412,0.000,-0.034 grav=0.01,-0.01,-0.98[0m
[0m[INFO] [1788624555.132426730, 65.708000000]: RL policy input vx=0.450 vy=0.000 wz=-0.002 action_rms=0.209 ready=1 userCmd=0 kbd=0 raw=0.450,0.000,-0.002 grav=0.02,-0.02,-0.98[0m
[0m[INFO] [1788624558.317856298, 67.716000000]: RL policy input vx=0.450 vy=0.000 wz=-0.018 action_rms=0.159 ready=1 userCmd=0 kbd=0 raw=0.450,0.000,-0.018 grav=0.01,-0.02,-0.98[0m
[0m[INFO] [1788624561.468608330, 69.718000000]: RL policy input vx=0.892 vy=0.122 wz=0.149 action_rms=0.167 ready=1 userCmd=0 kbd=0 raw=0.892[FSM]: state: INIT
wait for goal.
[FSM]: state: INIT
wait for goal.
[FSM]: state: INIT
wait for goal.
[FSM]: state: INIT
wait for goal.
[FSM]: state: INIT
wait for goal.
[FSM]: state: INIT
wait for goal.
[FSM]: state: INIT
wait for goal.
[FSM]: state: INIT
wait for goal.
[FSM]: state: INIT
wait for goal.
[FSM]: state: INIT
wait for goal.
[FSM]: state: INIT
wait for goal.
[FSM]: state: INIT
wait for goal.
[FSM]: state: INIT
wait for goal.
[FSM]: state: INIT
wait for goal.
[FSM]: state: INIT
wait for goal.
[FSM]: state: INIT
wait for goal.
[FSM]: state: INIT
wait for goal.
[FSM]: state: INIT
wait for goal.
[FSM]: state: INIT
wait for goal.
[FSM]: state: INIT
wait for goal.
[FSM]: state: INIT
wait for goal.
[FSM]: state: INIT
wait for goal.
[FSM]: state: INIT
wait for goal.
[FSM]: state: INIT
wait for goal.
[FSM]: state: INIT
wait for goal.
[FSM]: state: INIT
wait for goal.
[FSM]: state: INIT
wait for goal.
[FSM]: state: INIT
wait for goal.
[FSM]: state: INIT
wait for goal.
[FSM]: state: INIT
wait for goal.
[FSM]: state: INIT
wait for goal.
[FSM]: state: INIT
wait for goal.
[FSM]: state: INIT
wait for goal.
[FSM]: state: INIT
wait for goal.
[FSM]: state: INIT
wait for goal.
[FSM]: state: INIT
wait for goal.
[FSM]: state: INIT
wait for goal.
[FSM]: state: INIT
wait for goal.
[FSM]: state: INIT
wait for goal.
[FSM]: state: INIT
wait for goal.
[FSM]: state: INIT
wait for goal.
[FSM]: state: INIT
wait for goal.
[FSM]: state: INIT
wait for goal.
[FSM]: state: INIT
wait for goal.
[FSM]: state: INIT
wait for goal.
[FSM]: state: INIT
wait for goal.
,0.122,0.149 grav=-0.01,-0.00,-0.98[0m
[0m[INFO] [1788624564.624880012, 71.732000000]: RL policy input vx=0.900 vy=0.011 wz=0.014 action_rms=0.218 ready=1 userCmd=0 kbd=0 raw=0.900,0.011,0.014 grav=-0.00,-0.01,-0.98[0m
[0m[INFO] [1788624567.797628281, 73.748000000]: RL policy input vx=0.898 vy=0.005 wz=0.006 action_rms=0.295 ready=1 userCmd=0 kbd=0 raw=0.898,0.005,0.006 grav=-0.00,-0.02,-0.98[0m
[0m[INFO] [1788624570.941864180, 75.748000000]: RL policy input vx=0.000 vy=0.000 wz=-2.900 action_rms=0.187 ready=1 userCmd=0 kbd=0 raw=0.000,0.000,-2.900 grav=0.01,0.03,-0.98[0m
[0m[INFO] [1788624574.094496083, 77.760000000]: RL policy input vx=0.000 vy=0.000 wz=1.500 action_rms=0.216 ready=1 userCmd=0 kbd=0 raw=0.000,0.000,1.500 grav=0.02,0.00,-0.98[0m
[0m[INFO] [1788624577.241620180, 79.766000000]: RL policy input vx=0.878 vy=0.196 wz=0.242 action_rms=0.388 ready=1 userCmd=0 kbd=0 raw=0.878,0.196,0.242 grav=-0.01,0.05,-0.98[0m
[0m[INFO] [1788624580.357202849, 81.778000000]: RL policy input vx=0.314 vy=0.017 wz=0.060 action_rms=0.152 ready=1 userCmd=0 kbd=0 raw=0.314,0.017,0.060 grav=0.03,-0.02,-0.98[0m
[0m[INFO] [1788624583.500673080, 83.784000000]: RL policy input vx=0.000 vy=0.000 wz=2.900 action_rms=0.439 ready=1 userCmd=0 kbd=0 raw=0.000,0.000,2.900 grav=0.01,0.03,-0.98[0m
[0m[INFO] [1788624586.622154387, 85.798000000]: RL policy input vx=0.695 vy=0.172 wz=0.267 action_rms=0.326 ready=1 userCmd=0 kbd=0 raw=0.695,0.172,0.267 grav=0.03,0.02,-0.98[0m
[0m[INFO] [1788624589.780840193, 87.802000000]: RL policy input vx=0.450 vy=0.000 wz=-0.004 action_rms=0.159 ready=1 userCmd=0 kbd=0 raw=0.450,0.000,-0.004 grav=0.01,-0.02,-0.98[0m
[0m[INFO] [1788624592.934587031, 89.810000000]: RL policy input vx=0.450 vy=0.000 wz=-0.043 action_rms=0.267 ready=1 userCmd=0 kbd=0 raw=0.450,0.000,-0.043 grav=-0.00,-0.01,-0.98[0m
[0m[INFO] [1788624596.044195205, 91.814000000]: RL policy input vx=0.818 vy=-0.450 wz=-0.553 action_rms=0.182 ready=1 userCmd=0 kbd=0 raw=0.818,-0.450,-0.553 grav=-0.02,-0.05,-0.98[0m
[0m[INFO] [1788624599.195167740, 93.826000000]: RL policy input vx=2.236 vy=-0.251 wz=-0.123 action_rms=0.350 ready=1 userCmd=0 kbd=0 raw=2.236,-0.251,-0.123 grav=0.02,-0.01,-0.98[0m
[0m[INFO] [1788624602.289406851, 95.834000000]: RL policy input vx=2.247 vy=-0.118 wz=-0.058 action_rms=0.342 ready=1 userCmd=0 kbd=0 raw=2.247,-0.118,-0.058 grav=-0.03,-0.07,-0.98[0m
[0m[INFO] [1788624605.386503890, 97.842000000]: RL policy input vx=2.250 vy=-0.000 wz=-0.000 action_rms=0.423 ready=1 userCmd=0 kbd=0 raw=2.250,-0.000,-0.000 grav=0.02,0.01,-0.98[0m
[0m[INFO] [1788624608.493553240, 99.852000000]: RL policy input vx=0.688 vy=0.571 wz=0.671 action_rms=0.210 ready=1 userCmd=0 kbd=0 raw=0.688,0.571,0.671 grav=0.06,-0.07,-0.98[0m
[0m[INFO] [1788624611.614646832, 101.864000000]: RL policy input vx=0.000 vy=0.000 wz=0.231 action_rms=0.147 ready=1 userCmd=0 kbd=0 raw=0.000,0.000,0.231 grav=0.01,-0.01,-0.98[0m
[0m[INFO] [1788624614.776307167, 103.872000000]: RL policy input vx=0.450 vy=0.000 wz=0.027 action_rms=0.299 ready=1 userCmd=0 kbd=0 raw=0.450,0.000,0.027 grav=0.00,-0.02,-0.98[0m
[0m[INFO] [1788624617.917422675, 105.872000000]: RL policy input vx=0.851 vy=0.293 wz=0.365 action_rms=0.170 ready=1 userCmd=0 kbd=0 raw=0.851,0.293,0.365 grav=0.01,-0.02,-0.98[0m
[0m[INFO] [1788624621.050401061, 107.874000000]: RL policy input vx=0.899 vy=0.031 wz=0.038 action_rms=0.289 ready=1 userCmd=0 kbd=0 raw=0.899,0.031,0.038 grav=-0.01,-0.00,-0.98[0m
[0m[INFO] [1788624624.179165342, 109.882000000]: RL policy input vx=0.900 vy=0.004 wz=0.004 action_rms=0.249 ready=1 userCmd=0 kbd=0 raw=0.900,0.004,0.004 grav=-0.00,-0.01,-0.98[0m
[0m[INFO] [1788624627.338262998, 111.898000000]: RL policy input vx=0.000 vy=0.000 wz=-2.607 action_rms=0.199 ready=1 userCmd=0 kbd=0 raw=0.000,0.000,-2.607 grav=0.01,-0.00,-0.98[0m
[0m[INFO] [1788624630.481756894, 113.908000000]: RL policy input vx=0.000 vy=0.000 wz=0.611 action_rms=0.154 ready=1 userCmd=0 kbd=0 raw=0.000,0.000,0.611 grav=0.02,-0.00,-0.98[0m
[0m[INFO] [1788624633.656324927, 115.922[FSM]: state: INIT
wait for goal.
[FSM]: state: INIT
wait for goal.
[FSM]: state: INIT
wait for goal.
[FSM]: state: INIT
wait for goal.
[FSM]: state: INIT
wait for goal.
[FSM]: state: INIT
wait for goal.
[33m[WARN] [1788624642.122015930, 121.346000000]: Plane tilt guard scaling cmd_vel by 0.91 at tilt 0.152 rad[0m
[FSM]: state: INIT
wait for goal.
[FSM]: state: INIT
wait for goal.
[FSM]: state: INIT
wait for goal.
[FSM]: state: INIT
wait for goal.
[FSM]: state: INIT
wait for goal.
[FSM]: state: INIT
wait for goal.
[FSM]: state: INIT
wait for goal.
[FSM]: state: INIT
wait for goal.
[FSM]: state: INIT
wait for goal.
[FSM]: state: INIT
wait for goal.
[FSM]: state: INIT
wait for goal.
[FSM]: state: INIT
wait for goal.
[FSM]: state: INIT
wait for goal.
[FSM]: state: INIT
wait for goal.
[FSM]: state: INIT
wait for goal.
[FSM]: state: INIT
wait for goal.
[FSM]: state: INIT
wait for goal.
[FSM]: state: INIT
wait for goal.
[FSM]: state: INIT
wait for goal.
[FSM]: state: INIT
wait for goal.
[FSM]: state: INIT
wait for goal.
[FSM]: state: INIT
wait for goal.
[FSM]: state: INIT
wait for goal.
[FSM]: state: INIT
wait for goal.
[FSM]: state: INIT
wait for goal.
[FSM]: state: INIT
wait for goal.
[INFO] [1788624446.389474, 0.000000]: danger_detector: loaded 12 room boundaries; scan margin=0.50 m
[INFO] [1788624452.385283, 0.116000]: danger_detector: first rendered RGB frame ready (320x240)
[INFO] [1788624477.875307, 16.460000]: danger_detector: exploration clock started after preparation
[INFO] [1788624529.201208, 49.230000]: danger_detector: scan batch label=floor_0_room_0_g3 raw=0 min_points=3 clusters=[]
[INFO] [1788624540.938688, 56.754000]: danger_detector: scan batch label=floor_0_room_0_g4 raw=0 min_points=3 clusters=[]
[INFO] [1788624571.520711, 76.118000]: danger_detector: confirmed red sphere #1 at [2.6744, 12.9352, 0.15], t=59.66s, stage=floor_1_exploration
[INFO] [1788624572.152787, 76.510000]: danger_detector: scan batch label=floor_0_room_1_g3 raw=5 min_points=3 clusters=[(2.777332617064377, 13.046514358689802)]
[INFO] [1788624581.516596, 82.522000]: danger_detector: confirmed red sphere #2 at [1.6935, 11.833, 0.15], t=66.06s, stage=floor_1_exploration
[INFO] [1788624581.517553, 82.524000]: danger_detector: merged cross-view duplicate track 2 into track 1, distance=0.995m
[INFO] [1788624583.085155, 83.516000]: danger_detector: merged cross-view duplicate track 2 into track 1, distance=0.800m
[INFO] [1788624583.695646, 83.908000]: danger_detector: scan batch label=floor_0_room_1_g4 raw=17 min_points=3 clusters=[(2.1234238931413216, 12.369357426825157)]
[INFO] [1788624583.696732, 83.908000]: danger_detector: merged cross-view duplicate track 2 into track 1, distance=0.800m
[INFO] [1788624585.195430, 84.880000]: danger_detector: merged cross-view duplicate track 2 into track 1, distance=0.800m
[INFO] [1788624587.172960, 86.150000]: danger_detector: merged cross-view duplicate track 2 into track 1, distance=0.800m
[INFO] [1788624589.118035, 87.374000]: danger_detector: merged cross-view duplicate track 2 into track 1, distance=0.800m
[INFO] [1788624591.090504, 88.638000]: danger_detector: merged cross-view duplicate track 2 into track 1, distance=0.800m
[INFO] [1788624593.023955, 89.868000]: danger_detector: merged cross-view duplicate track 2 into track 1, distance=0.800m
[INFO] [1788624595.057089, 91.174000]: danger_detector: merged cross-view duplicate track 2 into track 1, distance=0.800m
[INFO] [1788624597.289074, 92.604000]: danger_detector: merged cross-view duplicate track 2 into track 1, distance=0.800m
[INFO] [1788624600.258993, 94.516000]: danger_detector: merged cross-view duplicate track 2 into track 1, distance=0.800m
[INFO] [1788624603.786505, 96.804000]: danger_detector: merged cross-view duplicate track 2 into track 1, distance=0.800m
[INFO] [1788624607.225596, 99.032000]: danger_detector: merged cross-view duplicate track 2 into track 1, distance=0.800m
[INFO] [1788624610.215615, 100.964000]: danger_detector: merged cross-view duplicate track 2 into track 1, distance=0.800m
[INFO] [1788624612.118639, 102.176000]: danger_detector: merged cross-view duplicate track 2 into track 1, distance=0.800m
[INFO] [1788624614.109654, 103.444000]: danger_detector: merged cross-view duplicate track 2 into track 1, distance=0.800m
[INFO] [1788624616.048061, 104.678000]: danger_detector: merged cross-view duplicate track 2 into track 1, distance=0.800m
[INFO] [1788624618.033694, 105.946000]: danger_detector: merged cross-view duplicate track 2 into track 1, distance=0.800m
[INFO] [1788624619.962799, 107.176000]: danger_detector: merged cross-view duplicate track 2 into track 1, distance=0.800m
[INFO] [1788624621.935285, 108.442000]: danger_detector: merged cross-view duplicate track 2 into track 1, distance=0.800m
[INFO] [1788624623.860610, 109.678000]: danger_detector: merged cross-view duplicate track 2 into track 1, distance=0.800m
[INFO] [1788624625.835720, 110.932000]: danger_detector: merged cross-view duplicate track 2 into track 1, distance=0.800m
[INFO] [1788624628.010827, 112.332000]: danger_detector: merged cross-view duplicate track 2 into track 1, distance=0.800m
[INFO] [1788624629.061406, 113.004000]: danger_detector: scan batch label=floor_0_room_2_g3 raw=0 min_points=3 clusters=[]
[INFO] [1788624629.062903, 113.004000]: danger_detector: merged cross-view duplicate track 2 into track 1, distance=0.800m
[INFO] [1788624630.225910, 113.746000]: danger_detector: merged cross-view duplicate track 2 into track 1, distance=0.800m
[INFO] [1788624632.324613, 115.078000]: danger_detector: merged cross-view duplicate track 2 into track 1, distance=0.800m
[INFO] [1788624634.262528, 116.310000]: danger_detector: merged cross-view duplicate track 2 into track 1, distance=0.800m
[INFO] [1788624636.256994, 117.588000]: danger_detector: merged cross-view duplicate track 2 into track 1, distance=0.800m
[INFO] [1788624638.167945, 118.818000]: danger_detector: merged cross-view duplicate track 2 into track 1, distance=0.800m
[INFO] [1788624640.729456, 120.460000]: danger_detector: merged cross-view duplicate track 2 into track 1, distance=0.800m
[INFO] [1788624640.906480, 120.568000]: danger_detector: scan batch label=floor_0_room_2_g4 raw=0 min_points=3 clusters=[]
[INFO] [1788624640.907599, 120.568000]: danger_detector: merged cross-view duplicate track 2 into track 1, distance=0.800m
[INFO] [1788624642.687973, 121.712000]: danger_detector: merged cross-view duplicate track 2 into track 1, distance=0.800m
[INFO] [1788624644.631421, 122.964000]: danger_detector: merged cross-view duplicate track 2 into track 1, distance=0.800m
[INFO] [1788624646.595300, 124.212000]: danger_detector: merged cross-view duplicate track 2 into track 1, distance=0.800m
[INFO] [1788624648.540207, 125.462000]: danger_detector: merged cross-view duplicate track 2 into track 1, distance=0.800m
[INFO] [1788624650.509147, 126.720000]: danger_detector: merged cross-view duplicate track 2 into track 1, distance=0.800m
[INFO] [1788624652.442093, 127.964000]: danger_detector: merged cross-view duplicate track 2 into track 1, distance=0.800m
[INFO] [1788624654.387716, 129.204000]: danger_detector: merged cross-view duplicate track 2 into track 1, distance=0.800m
[INFO] [1788624656.343007, 130.464000]: danger_detector: merged cross-view duplicate track 2 into track 1, distance=0.800m
[INFO] [1788624658.281760, 131.716000]: danger_detector: merged cross-view duplicate track 2 into track 1, distance=0.800m
[INFO] [1788624660.247329, 132.962000]: danger_detector: merged cross-view duplicate track 2 into track 1, distance=0.800m
[INFO] [1788624662.213491, 134.220000]: danger_detector: merged cross-view duplicate track 2 into track 1, distance=0.800m
[INFO] [1788624664.161425, 135.458000]: danger_detector: merged cross-view duplicate track 2 into track 1, distance=0.800m
[INFO] [1788624666.123785, 136.706000]: danger_detector: merged cross-view duplicate track 2 into track 1, distance=0.800m
[INFO] [1788624668.104613, 137.960000]: danger_detector: merged cross-view duplicate track 2 into track 1, distance=0.800m
[INFO] [1788624670.058922, 139.208000]: danger_detector: merged cross-view duplicate track 2 into track 1, distance=0.800m
[INFO] [1788624671.240833, 139.950000]: danger_detector: scan batch label=floor_0_room_3_g3 raw=0 min_points=3 clusters=[]
[INFO] [1788624671.244409, 139.952000]: danger_detector: merged cross-view duplicate track 2 into track 1, distance=0.800m
[INFO] [1788624672.386702, 140.688000]: danger_detector: merged cross-view duplicate track 2 into track 1, distance=0.800m
[INFO] [1788624674.795819, 142.246000]: danger_detector: merged cross-view duplicate track 2 into track 1, distance=0.800m
[INFO] [1788624676.727457, 143.498000]: danger_detector: merged cross-view duplicate track 2 into track 1, distance=0.800m
[INFO] [1788624678.722914, 144.790000]: danger_detector: merged cross-view duplicate track 2 into track 1, distance=0.800m
[INFO] [1788624680.829236, 146.150000]: danger_detector: merged cross-view duplicate track 2 into track 1, distance=0.800m
[INFO] [1788624682.678043, 147.338000]: danger_detector: scan batch label=floor_0_room_3_g4 raw=0 min_points=3 clusters=[]
[INFO] [1788624682.679241, 147.338000]: danger_detector: merged cross-view duplicate track 2 into track 1, distance=0.800m
[FSM]: state: INIT
wait for goal.
[FSM]: state: INIT
wait for goal.
[FSM]: state: INIT
wait for goal.
[FSM]: state: INIT
wait for goal.
[FSM]: state: INIT
wait for goal.
[FSM]: state: INIT
wait for goal.
[FSM]: state: INIT
wait for goal.
[FSM]: state: INIT
wait for goal.
[FSM]: state: INIT
wait for goal.
[FSM]: state: INIT
wait for goal.
[FSM]: state: INIT
wait for goal.
[FSM]: state: INIT
wait for goal.
000000]: RL policy input vx=0.833 vy=0.340 wz=0.426 action_rms=0.352 ready=1 userCmd=0 kbd=0 raw=0.833,0.340,0.426 grav=-0.02,0.05,-0.98[0m
[0m[INFO] [1788624636.794582900, 117.932000000]: RL policy input vx=0.800 vy=0.052 wz=0.072 action_rms=0.188 ready=1 userCmd=0 kbd=0 raw=0.800,0.052,0.072 grav=-0.00,-0.01,-0.98[0m
[0m[INFO] [1788624639.911510687, 119.946000000]: RL policy input vx=0.000 vy=0.000 wz=2.900 action_rms=0.195 ready=1 userCmd=0 kbd=0 raw=0.000,0.000,2.900 grav=0.03,0.01,-0.98[0m
[0m[INFO] [1788624643.051423827, 121.948000000]: RL policy input vx=1.330 vy=-0.182 wz=-0.154 action_rms=0.390 ready=1 userCmd=0 kbd=0 raw=1.330,-0.182,-0.154 grav=0.01,-0.01,-0.98[0m
[0m[INFO] [1788624646.182615937, 123.952000000]: RL policy input vx=0.000 vy=0.000 wz=0.179 action_rms=0.164 ready=1 userCmd=0 kbd=0 raw=0.000,0.000,0.179 grav=0.01,-0.01,-0.98[0m
[0m[INFO] [1788624649.300577539, 125.952000000]: RL policy input vx=0.450 vy=0.000 wz=0.028 action_rms=0.157 ready=1 userCmd=0 kbd=0 raw=0.450,0.000,0.028 grav=0.01,-0.02,-0.98[0m
[0m[INFO] [1788624652.424547867, 127.952000000]: RL policy input vx=1.319 vy=-0.023 wz=-0.018 action_rms=0.338 ready=1 userCmd=0 kbd=0 raw=1.319,-0.023,-0.018 grav=-0.02,0.02,-0.98[0m
[0m[INFO] [1788624655.548761519, 129.954000000]: RL policy input vx=0.450 vy=0.000 wz=-0.004 action_rms=0.246 ready=1 userCmd=0 kbd=0 raw=0.450,0.000,-0.004 grav=0.00,-0.01,-0.98[0m
[0m[INFO] [1788624658.652420759, 131.954000000]: RL policy input vx=0.450 vy=0.000 wz=-0.017 action_rms=0.158 ready=1 userCmd=0 kbd=0 raw=0.450,0.000,-0.017 grav=0.01,-0.01,-0.98[0m
[0m[INFO] [1788624661.809218782, 133.958000000]: RL policy input vx=0.899 vy=0.037 wz=0.045 action_rms=0.166 ready=1 userCmd=0 kbd=0 raw=0.899,0.037,0.045 grav=0.00,-0.01,-0.98[0m
[0m[INFO] [1788624664.975147858, 135.978000000]: RL policy input vx=0.900 vy=0.000 wz=0.000 action_rms=0.226 ready=1 userCmd=0 kbd=0 raw=0.900,0.000,0.000 grav=-0.01,-0.01,-0.98[0m
[0m[INFO] [1788624668.156562289, 137.994000000]: RL policy input vx=0.300 vy=-0.006 wz=-0.023 action_rms=0.264 ready=1 userCmd=0 kbd=0 raw=0.300,-0.006,-0.023 grav=0.02,-0.02,-0.98[0m
[0m[INFO] [1788624671.318970859, 140.002000000]: RL policy input vx=0.000 vy=0.000 wz=-2.512 action_rms=0.235 ready=1 userCmd=0 kbd=0 raw=0.000,0.000,-2.512 grav=0.01,-0.01,-0.98[0m
[0m[INFO] [1788624674.425372138, 142.006000000]: RL policy input vx=0.477 vy=0.550 wz=0.942 action_rms=0.277 ready=1 userCmd=0 kbd=0 raw=0.477,0.550,0.942 grav=-0.01,-0.02,-0.98[0m
[0m[INFO] [1788624677.516830749, 144.010000000]: RL policy input vx=0.896 vy=0.081 wz=0.099 action_rms=0.312 ready=1 userCmd=0 kbd=0 raw=0.896,0.081,0.099 grav=-0.00,0.00,-0.98[0m
[0m[INFO] [1788624680.615161566, 146.012000000]: RL policy input vx=0.000 vy=0.000 wz=1.966 action_rms=0.258 ready=1 userCmd=0 kbd=0 raw=0.000,0.000,1.966 grav=0.01,-0.02,-0.98[0m
[0m[INFO] [1788624683.738509988, 148.020000000]: RL policy input vx=1.814 vy=0.642 wz=0.301 action_rms=0.227 ready=1 userCmd=0 kbd=0 raw=1.814,0.642,0.301 grav=-0.05,0.04,-0.98[0m
[0m[INFO] [1788624686.848395138, 150.022000000]: RL policy input vx=0.000 vy=0.000 wz=0.316 action_rms=0.149 ready=1 userCmd=0 kbd=0 raw=0.000,0.000,0.316 grav=0.03,-0.01,-0.98[0m
[0m[INFO] [1788624689.966215651, 152.026000000]: RL policy input vx=0.450 vy=0.000 wz=0.041 action_rms=0.168 ready=1 userCmd=0 kbd=0 raw=0.450,0.000,0.041 grav=0.00,-0.01,-0.98[0m
[0m[INFO] [1788624693.066390915, 154.026000000]: RL policy input vx=0.450 vy=0.000 wz=-0.009 action_rms=0.258 ready=1 userCmd=0 kbd=0 raw=0.450,0.000,-0.009 grav=0.01,-0.01,-0.98[0m
[0m[INFO] [1788624696.209716319, 156.040000000]: RL policy input vx=1.362 vy=0.750 wz=0.554 action_rms=0.244 ready=1 userCmd=0 kbd=0 raw=1.362,0.750,0.554 grav=-0.00,0.07,-0.98[0m
[0m[INFO] [1788624699.383295372, 158.044000000]: RL policy input vx=2.244 vy=0.158 wz=0.078 action_rms=0.365 ready=1 userCmd=0 kbd=0 raw=2.244,0.158,0.078 grav=0.01,0.03,-0.98[0m
[0m[INFO] [1788624702.605590971, 160.048000000]: RL policy input vx=2.250 vy=0.002 wz=0.001 action_rms=0.417 re[FSM]: state: INIT
wait for goal.
[FSM]: state: INIT
wait for goal.
[FSM]: state: INIT
wait for goal.
[FSM]: state: INIT
wait for goal.
[FSM]: state: INIT
wait for goal.
[FSM]: state: INIT
wait for goal.
[FSM]: state: INIT
wait for goal.
[33m[WARN] [1788624712.450548318, 166.184000000]: Plane tilt guard scaling cmd_vel by 0.99 at tilt 0.142 rad[0m
[FSM]: state: INIT
wait for goal.
[33m[WARN] [1788624714.111211092, 167.232000000]: Plane tilt guard scaling cmd_vel by 0.98 at tilt 0.143 rad[0m
[FSM]: state: INIT
wait for goal.
[FSM]: state: INIT
wait for goal.
[FSM]: state: INIT
wait for goal.
[FSM]: state: INIT
wait for goal.
[FSM]: state: INIT
wait for goal.
[FSM]: state: INIT
wait for goal.
[FSM]: state: INIT
wait for goal.
[FSM]: state: INIT
wait for goal.
[FSM]: state: INIT
wait for goal.
[FSM]: state: INIT
wait for goal.
[FSM]: state: INIT
wait for goal.
[FSM]: state: INIT
wait for goal.
[FSM]: state: INIT
wait for goal.
[FSM]: state: INIT
wait for goal.
ady=1 userCmd=0 kbd=0 raw=2.250,0.002,0.001 grav=0.02,0.01,-0.98[0m
[0m[INFO] [1788624705.854581813, 162.052000000]: RL policy input vx=2.250 vy=-0.024 wz=-0.012 action_rms=0.344 ready=1 userCmd=0 kbd=0 raw=2.250,-0.024,-0.012 grav=0.01,-0.00,-0.98[0m
[0m[INFO] [1788624709.071012050, 164.064000000]: RL policy input vx=2.249 vy=0.050 wz=0.025 action_rms=0.367 ready=1 userCmd=0 kbd=0 raw=2.249,0.050,0.025 grav=0.03,0.03,-0.98[0m
[0m[INFO] [1788624712.285628311, 166.080000000]: RL policy input vx=2.248 vy=0.083 wz=0.041 action_rms=0.315 ready=1 userCmd=0 kbd=0 raw=2.248,0.083,0.041 grav=-0.02,-0.01,-0.98[0m
[0m[INFO] [1788624715.486427818, 168.092000000]: RL policy input vx=1.310 vy=-0.350 wz=-0.287 action_rms=0.203 ready=1 userCmd=0 kbd=0 raw=1.310,-0.350,-0.287 grav=-0.03,-0.02,-0.98[0m
[0m[INFO] [1788624718.698758255, 170.096000000]: RL policy input vx=1.848 vy=-0.076 wz=-0.045 action_rms=0.298 ready=1 userCmd=0 kbd=0 raw=1.848,-0.076,-0.045 grav=-0.02,-0.05,-0.98[0m
[0m[INFO] [1788624721.899600828, 172.112000000]: RL policy input vx=1.786 vy=0.097 wz=0.060 action_rms=0.319 ready=1 userCmd=0 kbd=0 raw=1.786,0.097,0.060 grav=-0.03,-0.07,-0.98[0m
[0m[INFO] [1788624725.036704481, 174.112000000]: RL policy input vx=0.000 vy=0.000 wz=-0.510 action_rms=0.148 ready=1 userCmd=0 kbd=0 raw=0.000,0.000,-0.510 grav=0.01,0.01,-0.98[0m
[0m[INFO] [1788624728.181398987, 176.112000000]: RL policy input vx=1.376 vy=0.000 wz=-0.025 action_rms=0.247 ready=1 userCmd=0 kbd=0 raw=1.376,0.000,-0.025 grav=-0.05,-0.02,-0.98[0m
[0m[INFO] [1788624731.316239584, 178.112000000]: RL policy input vx=0.000 vy=0.000 wz=-0.422 action_rms=0.140 ready=1 userCmd=0 kbd=0 raw=0.000,0.000,-0.422 grav=0.03,0.01,-0.98[0m
[0m[INFO] [1788624734.461588907, 180.118000000]: RL policy input vx=0.000 vy=0.000 wz=-0.279 action_rms=0.158 ready=1 userCmd=0 kbd=0 raw=0.000,0.000,-0.279 grav=0.00,0.00,-0.98[0m
Switched from RL to fixed stand
infer_thread退出!
[33m[WARN] [1788624737.265127278, 181.870000000]: Using one-shot captured-pose FixedStand profile: ramp 0.50 s, settle 0.00 s, ready after 0.50 s + 0.50 s stable, minimum gain 0.75[0m
[INFO] Using /stand_target_joints param stance.
[FSM]: state: INIT
wait for goal.
Switched from fixed stand to RL
[INFO] Entered RL /cmd_vel mode.
[33m[WARN] [1788624738.571160524, 182.668000000]: Using one-shot stair RL takeover profile: blend 0.50 s, zero hold 0.15 s[0m
cuda::is_available():0
[WARNING] UNITREE_RL_DEVICE=hybrid selected CUDA for this policy but CUDA is unavailable; using CPU.
RL inference device: cpu (requested=hybrid, policy=stair)
[INFO] RL policy activated from preload cache at FixedStand entry boundary: /home/quinn/0904/runtime_assets/SimEnv/src/unitree_guide/logs/policy_act_inference_stair.pt
[FSM]: state: INIT
wait for goal.
[FSM]: state: INIT
wait for goal.
[FSM]: state: INIT
wait for goal.
[FSM]: state: INIT
wait for goal.
[FSM]: state: INIT
wait for goal.
[FSM]: state: INIT
wait for goal.
[FSM]: state: INIT
wait for goal.
[FSM]: state: INIT
wait for goal.
[FSM]: state: INIT
wait for goal.
[FSM]: state: INIT
wait for goal.
[FSM]: state: INIT
wait for goal.
[FSM]: state: INIT
wait for goal.
[FSM]: state: INIT
wait for goal.
[FSM]: state: INIT
wait for goal.
[FSM]: state: INIT
wait for goal.
[FSM]: state: INIT
wait for goal.
[FSM]: state: INIT
wait for goal.
[FSM]: state: INIT
wait for goal.
[FSM]: state: INIT
wait for goal.
[FSM]: state: INIT
wait for goal.
[FSM]: state: INIT
wait for goal.
[FSM]: state: INIT
wait for goal.
[33m[WARN] [1788624773.138874025, 204.836000000]: Using one-shot plane RL takeover profile: blend 0.50 s, zero hold 0.15 s[0m
[FSM]: state: INIT
wait for goal.
[0m[INFO] [1788624738.573157838, 182.670000000]: RL policy input vx=0.000 vy=0.000 wz=0.000 action_rms=0.200 ready=0 userCmd=0 kbd=0 raw=0.000,0.000,0.000 grav=-0.01,-0.00,-0.98[0m
[0m[INFO] [1788624739.630443668, 183.322000000]: RL locomotion_ready latched after 0.66 s takeover and 0.65 s stable hold[0m
[0m[INFO] [1788624741.802593673, 184.686000000]: RL policy input vx=0.800 vy=-0.031 wz=-0.024 action_rms=0.254 ready=1 userCmd=0 kbd=0 raw=0.800,-0.031,-0.024 grav=-0.13,-0.21,-0.95[0m
[0m[INFO] [1788624744.978663157, 186.696000000]: RL policy input vx=0.597 vy=0.227 wz=0.004 action_rms=0.458 ready=1 userCmd=0 kbd=0 raw=0.597,0.227,0.004 grav=-0.37,-0.03,-0.91[0m
[0m[INFO] [1788624748.115580749, 188.696000000]: RL policy input vx=0.795 vy=0.089 wz=0.039 action_rms=0.569 ready=1 userCmd=0 kbd=0 raw=0.795,0.089,0.039 grav=-0.34,0.03,-0.92[0m
[0m[INFO] [1788624751.239213583, 190.704000000]: RL policy input vx=0.205 vy=-0.721 wz=-1.200 action_rms=0.212 ready=1 userCmd=0 kbd=0 raw=0.205,-0.721,-1.200 grav=-0.02,-0.01,-0.98[0m
[0m[INFO] [1788624754.358268681, 192.716000000]: RL policy input vx=0.360 vy=-0.055 wz=-0.240 action_rms=0.144 ready=1 userCmd=0 kbd=0 raw=0.360,-0.055,-0.240 grav=-0.00,0.01,-0.98[0m
[0m[INFO] [1788624757.465110898, 194.722000000]: RL policy input vx=0.000 vy=0.000 wz=-0.682 action_rms=0.160 ready=1 userCmd=0 kbd=0 raw=0.000,0.000,-0.682 grav=-0.03,0.03,-0.98[0m
[0m[INFO] [1788624760.571099728, 196.722000000]: RL policy input vx=0.000 vy=0.000 wz=-0.240 action_rms=0.154 ready=1 userCmd=8 kbd=0 raw=0.000,0.000,-0.240 grav=-0.03,0.02,-0.98[0m
[0m[INFO] [1788624763.695669107, 198.740000000]: RL policy input vx=0.798 vy=-0.070 wz=-0.015 action_rms=0.627 ready=1 userCmd=0 kbd=0 raw=0.798,-0.070,-0.015 grav=-0.37,-0.03,-0.91[0m
[0m[INFO] [1788624766.819257312, 200.754000000]: RL policy input vx=0.599 vy=0.040 wz=0.024 action_rms=0.675 ready=1 userCmd=0 kbd=0 raw=0.599,0.040,0.024 grav=-0.33,-0.08,-0.92[0m
[0m[INFO] [1788624769.940381620, 202.770000000]: RL policy input vx=0.800 vy=0.024 wz=0.010 action_rms=0.532 ready=1 userCmd=0 kbd=0 raw=0.800,0.024,0.010 grav=-0.42,-0.12,-0.88[0m
[0m[INFO] [1788624773.042479502, 204.774000000]: RL policy input vx=0.000 vy=0.000 wz=0.000 action_rms=0.156 ready=1 userCmd=0 kbd=0 raw=0.000,0.000,0.000 grav=0.02,-0.02,-0.98[0m
cuda::is_available():0
RL inference device: cpu (requested=hybrid, policy=plane)
[INFO] RL policy hot-switched from preload cache: /home/quinn/0904/runtime_assets/SimEnv/src/unitree_guide/logs/policy_act_inference_plane.pt
[FSM]: state: INIT
wait for goal.
[INFO] [1788624735.931229, 181.040000]: Robot is already 0.03 m from the pre-riser pose; skipping the corridor/side legs.
[INFO] [1788624735.932611, 181.040000]: Pre-ascent residual heading error -0.115 rad (visual_depth=False, bearing=none).
[INFO] [1788624736.829753, 181.600000]: Pre-ascent stand target set from flight-A pre-reload capture entry sample
[INFO] [1788624736.845629, 181.608000]: Flight-A plane gait settled at joint RMS 0.058; holding FixedStand for at least 0.1 s at snapshot pose before queued stair-policy entry.
[INFO] [1788624738.306515, 182.506000]: Flight-A FixedStand readiness gate complete; queued the stair policy for State_RL entry and retaining stand ownership for 0.25 s.
[INFO] [1788624738.558792, 182.662000]: Flight-A policy request has been queued under FixedStand; requesting RL so State_RL loads it before inference starts.
[INFO] [1788624739.659851, 183.340000]: Fresh RL readiness confirmed after the flight-A FixedStand boundary; starting the climb ramp.
[INFO] [1788624739.688366, 183.360000]: Flight-A fresh RL readiness observed; ascent clocks reset and 1.2 s climb ramp started.
[INFO] [1788624739.690761, 183.360000]: STPUB phase=STAIR_ASCENT world=(0.000,0.002,-0.026) body=(0.002,-0.000,-0.026) truth_z=0.312 pose=0.3119732675062669
[INFO] [1788624741.317108, 184.380000]: STPUB phase=STAIR_ASCENT world=(0.000,0.800,-0.023) body=(0.798,-0.053,-0.023) truth_z=0.338 pose=0.33760327195115886
[INFO] [1788624742.937982, 185.400000]: STPUB phase=STAIR_ASCENT world=(0.000,0.800,-0.018) body=(0.799,-0.041,-0.018) truth_z=0.505 pose=0.5050070990086505
[INFO] [1788624744.552761, 186.420000]: STPUB phase=STAIR_ASCENT world=(0.220,0.600,-0.005) body=(0.597,-0.229,-0.005) truth_z=0.752 pose=0.7515449814892814
[INFO] [1788624746.147652, 187.440000]: STPUB phase=STAIR_ASCENT world=(0.000,0.800,0.004) body=(0.800,0.010,0.004) truth_z=1.003 pose=1.0027576077621532
[INFO] [1788624747.748270, 188.460000]: STPUB phase=STAIR_ASCENT world=(0.000,0.800,0.037) body=(0.795,0.085,0.037) truth_z=1.239 pose=1.2391146652092835
[INFO] [1788624749.346164, 189.480000]: STPUB phase=STAIR_ASCENT world=(0.000,0.800,0.018) body=(0.799,0.041,0.018) truth_z=1.444 pose=1.443586099609633
[INFO] [1788624750.710249, 190.360000]: Intermediate landing entered at y=4.75 m; starting moving turn.
[INFO] [1788624750.924346, 190.500000]: STPUB phase=STAIR_LANDING_TURN world=(0.750,0.000,-1.200) body=(0.034,-0.749,-1.200) truth_z=1.599 pose=1.5987636872972162
[INFO] [1788624752.504618, 191.520000]: STPUB phase=STAIR_LANDING_TURN world=(0.750,0.000,-0.606) body=(0.639,-0.393,-0.606) truth_z=1.608 pose=1.6078975737249457
[INFO] [1788624754.087111, 192.540000]: STPUB phase=STAIR_LANDING_TURN world=(0.426,0.000,-0.240) body=(0.419,-0.079,-0.240) truth_z=1.617 pose=1.6172683744873173
[INFO] [1788624755.664477, 193.560000]: STPUB phase=STAIR_LANDING_TURN world=(0.300,0.000,-0.087) body=(0.299,-0.024,-0.087) truth_z=1.616 pose=1.61612186785642
[INFO] [1788624757.243731, 194.580000]: STPUB phase=STAIR_LANDING_TURN world=(0.000,0.000,-0.785) body=(0.000,0.000,-0.785) truth_z=1.616 pose=1.6162556202516967
[INFO] [1788624758.823616, 195.600000]: STPUB phase=STAIR_LANDING_TURN world=(0.000,0.000,-0.348) body=(0.000,0.000,-0.348) truth_z=1.626 pose=1.6258655030294462
[INFO] [1788624760.412252, 196.620000]: STPUB phase=STAIR_LANDING_TURN world=(0.000,0.000,-0.240) body=(0.000,0.000,-0.240) truth_z=1.628 pose=1.6281396584584016
[INFO] [1788624760.598909, 196.740000]: Flight-B entry aligned: x error=-0.054 m, heading error=-0.149 rad.
[INFO] [1788624760.601742, 196.742000]: Flight-B entry joints saved (12 dofs) -> /home/quinn/0904/results/official_gui_rtf065_s111_20260906_000642/flight_b_entry_joints_0.json
[INFO] [1788624760.629001, 196.760000]: ASCENT_B gate: entry_guide=True truth_pose=True start_z=0.312 profile=True heading=-1.571 pose_z=1.62741783284748 truth_z=1.62741783284748
[INFO] [1788624760.629788, 196.760000]: Pre-ascent RL settle: holding zero command until motion is stable for 0.6 s before FixedStand.
[INFO] [1788624760.630592, 196.760000]: Pre-ascent RL settle active: stable 0.00/0.60 s.
[INFO] [1788624761.249529, 197.160000]: Pre-ascent RL motion settled for 0.62 s; settle-only gate complete (FixedStand disabled).
[INFO] [1788624761.992653, 197.640000]: STPUB phase=STAIR_ASCENT_B world=(-0.200,-0.600,-0.057) body=(0.560,-0.295,-0.057) truth_z=1.645 pose=1.6442578982389473
[INFO] [1788624762.207733, 197.780000]: ASCENT_B gate: entry_guide=True truth_pose=True start_z=0.312 profile=True heading=-1.571 pose_z=1.6636864462205785 truth_z=1.6636864462205785
[INFO] [1788624763.572495, 198.660000]: STPUB phase=STAIR_ASCENT_B world=(0.000,-0.600,-0.015) body=(0.599,-0.025,-0.015) truth_z=1.849 pose=1.8495095355897768
[INFO] [1788624763.788217, 198.800000]: ASCENT_B gate: entry_guide=True truth_pose=True start_z=0.312 profile=True heading=-1.571 pose_z=1.8835079066311569 truth_z=1.8835079066311569
[INFO] [1788624765.154058, 199.680000]: STPUB phase=STAIR_ASCENT_B world=(-0.039,-0.800,0.022) body=(0.801,0.012,0.022) truth_z=2.024 pose=2.0239738249814803
[INFO] [1788624765.373228, 199.820000]: ASCENT_B gate: entry_guide=True truth_pose=True start_z=0.312 profile=True heading=-1.571 pose_z=2.050311553909102 truth_z=2.050311553909102
[INFO] [1788624766.735790, 200.700000]: STPUB phase=STAIR_ASCENT_B world=(0.200,-0.600,0.028) body=(0.582,0.247,0.028) truth_z=2.250 pose=2.2495953455264672
[INFO] [1788624766.951388, 200.840000]: ASCENT_B gate: entry_guide=True truth_pose=True start_z=0.312 profile=True heading=-1.571 pose_z=2.287225649094557 truth_z=2.287225649094557
[INFO] [1788624768.316184, 201.720000]: STPUB phase=STAIR_ASCENT_B world=(-0.033,-0.800,0.039) body=(0.799,0.057,0.039) truth_z=2.470 pose=2.4703055114203756
[INFO] [1788624768.531584, 201.860000]: ASCENT_B gate: entry_guide=True truth_pose=True start_z=0.312 profile=True heading=-1.571 pose_z=2.496905568545769 truth_z=2.496905568545769
[INFO] [1788624769.893586, 202.740000]: STPUB phase=STAIR_ASCENT_B world=(0.000,-0.800,0.011) body=(0.800,0.026,0.011) truth_z=2.648 pose=2.6477013463040606
[INFO] [1788624770.112129, 202.880000]: ASCENT_B gate: entry_guide=True truth_pose=True start_z=0.312 profile=True heading=-1.571 pose_z=2.653052229900217 truth_z=2.653052229900217
[INFO] [1788624771.478721, 203.760000]: STPUB phase=STAIR_ASCENT_B world=(0.000,-0.800,-0.049) body=(0.792,-0.111,-0.049) truth_z=2.833 pose=2.833341480574823
[INFO] [1788624771.693780, 203.900000]: ASCENT_B gate: entry_guide=True truth_pose=True start_z=0.312 profile=True heading=-1.571 pose_z=2.8698630379858074 truth_z=2.8698630379858074
[INFO] [1788624772.529222, 204.440000]: Upper landing entered: gain=2.59 m, clearance=0.01 m; stabilizing for 0.5 s.
[INFO] [1788624773.053352, 204.780000]: Floor-2 landing confirmed after two flights: gain=2.60 m clearance=0.13 m.
[INFO] [1788624774.232356, 205.542000]: Plane policy acknowledged on the upper landing; releasing stair controller ownership.
[FSM]: state: INIT
wait for goal.
[FSM]: state: INIT
wait for goal.
[FSM]: state: INIT
wait for goal.
[FSM]: state: INIT
wait for goal.
[FSM]: state: INIT
wait for goal.
[FSM]: state: INIT
wait for goal.
[FSM]: state: INIT
wait for goal.
[FSM]: state: INIT
wait for goal.
[FSM]: state: INIT
wait for goal.
[FSM]: state: INIT
wait for goal.
[FSM]: state: INIT
wait for goal.
[FSM]: state: INIT
wait for goal.
[FSM]: state: INIT
wait for goal.
[33m[WARN] [1788624796.345093740, 219.742000000]: Plane tilt guard scaling cmd_vel by 0.98 at tilt 0.143 rad[0m
[FSM]: state: INIT
wait for goal.
[FSM]: state: INIT
wait for goal.
[FSM]: state: INIT
wait for goal.
[FSM]: state: INIT
wait for goal.
[FSM]: state: INIT
wait for goal.
[FSM]: state: INIT
wait for goal.
[FSM]: state: INIT
wait for goal.
[FSM]: state: INIT
wait for goal.
[FSM]: state: INIT
wait for goal.
[FSM]: state: INIT
wait for goal.
[FSM]: state: INIT
wait for goal.
[FSM]: state: INIT
wait for goal.
[INFO] [1788624682.959751, 147.518000]: danger_detector: merged cross-view duplicate track 2 into track 1, distance=0.800m
[INFO] [1788624685.065897, 148.876000]: danger_detector: merged cross-view duplicate track 2 into track 1, distance=0.800m
[INFO] [1788624686.979708, 150.106000]: danger_detector: merged cross-view duplicate track 2 into track 1, distance=0.800m
[INFO] [1788624688.911226, 151.352000]: danger_detector: merged cross-view duplicate track 2 into track 1, distance=0.800m
[INFO] [1788624690.860090, 152.604000]: danger_detector: merged cross-view duplicate track 2 into track 1, distance=0.800m
[INFO] [1788624692.795387, 153.852000]: danger_detector: merged cross-view duplicate track 2 into track 1, distance=0.800m
[INFO] [1788624694.744054, 155.108000]: danger_detector: merged cross-view duplicate track 2 into track 1, distance=0.800m
[INFO] [1788624696.798049, 156.418000]: danger_detector: merged cross-view duplicate track 2 into track 1, distance=0.800m
[INFO] [1788624698.754966, 157.664000]: danger_detector: merged cross-view duplicate track 2 into track 1, distance=0.800m
[INFO] [1788624700.771826, 158.910000]: danger_detector: merged cross-view duplicate track 2 into track 1, distance=0.800m
[INFO] [1788624702.785167, 160.158000]: danger_detector: merged cross-view duplicate track 2 into track 1, distance=0.800m
[INFO] [1788624704.814303, 161.410000]: danger_detector: merged cross-view duplicate track 2 into track 1, distance=0.800m
[INFO] [1788624706.824521, 162.660000]: danger_detector: merged cross-view duplicate track 2 into track 1, distance=0.800m
[INFO] [1788624708.830364, 163.908000]: danger_detector: merged cross-view duplicate track 2 into track 1, distance=0.800m
[INFO] [1788624710.819005, 165.158000]: danger_detector: merged cross-view duplicate track 2 into track 1, distance=0.800m
[INFO] [1788624712.807953, 166.412000]: danger_detector: merged cross-view duplicate track 2 into track 1, distance=0.800m
[INFO] [1788624714.793479, 167.658000]: danger_detector: merged cross-view duplicate track 2 into track 1, distance=0.800m
[INFO] [1788624716.807144, 168.918000]: danger_detector: merged cross-view duplicate track 2 into track 1, distance=0.800m
[INFO] [1788624718.804377, 170.164000]: danger_detector: merged cross-view duplicate track 2 into track 1, distance=0.800m
[INFO] [1788624720.779460, 171.408000]: danger_detector: merged cross-view duplicate track 2 into track 1, distance=0.800m
[INFO] [1788624722.747107, 172.652000]: danger_detector: merged cross-view duplicate track 2 into track 1, distance=0.800m
[INFO] [1788624724.713126, 173.902000]: danger_detector: merged cross-view duplicate track 2 into track 1, distance=0.800m
[INFO] [1788624726.671439, 175.154000]: danger_detector: merged cross-view duplicate track 2 into track 1, distance=0.800m
[INFO] [1788624728.639415, 176.406000]: danger_detector: merged cross-view duplicate track 2 into track 1, distance=0.800m
[INFO] [1788624730.598295, 177.652000]: danger_detector: merged cross-view duplicate track 2 into track 1, distance=0.800m
[INFO] [1788624732.568792, 178.908000]: danger_detector: merged cross-view duplicate track 2 into track 1, distance=0.800m
[INFO] [1788624734.536674, 180.166000]: danger_detector: merged cross-view duplicate track 2 into track 1, distance=0.800m
[INFO] [1788624736.529618, 181.410000]: danger_detector: merged cross-view duplicate track 2 into track 1, distance=0.800m
[INFO] [1788624738.586653, 182.680000]: danger_detector: merged cross-view duplicate track 2 into track 1, distance=0.800m
[INFO] [1788624740.596751, 183.924000]: danger_detector: merged cross-view duplicate track 2 into track 1, distance=0.800m
[INFO] [1788624742.616750, 185.192000]: danger_detector: merged cross-view duplicate track 2 into track 1, distance=0.800m
[INFO] [1788624744.550884, 186.418000]: danger_detector: merged cross-view duplicate track 2 into track 1, distance=0.800m
[INFO] [1788624746.635706, 187.756000]: danger_detector: merged cross-view duplicate track 2 into track 1, distance=0.800m
[INFO] [1788624748.714736, 189.082000]: danger_detector: merged cross-view duplicate track 2 into track 1, distance=0.800m
[INFO] [1788624750.727057, 190.370000]: danger_detector: merged cross-view duplicate track 2 into track 1, distance=0.800m
[INFO] [1788624752.788159, 191.702000]: danger_detector: merged cross-view duplicate track 2 into track 1, distance=0.800m
[INFO] [1788624754.728610, 192.954000]: danger_detector: merged cross-view duplicate track 2 into track 1, distance=0.800m
[INFO] [1788624756.667551, 194.208000]: danger_detector: merged cross-view duplicate track 2 into track 1, distance=0.800m
[INFO] [1788624758.597228, 195.454000]: danger_detector: merged cross-view duplicate track 2 into track 1, distance=0.800m
[INFO] [1788624760.545301, 196.706000]: danger_detector: merged cross-view duplicate track 2 into track 1, distance=0.800m
[INFO] [1788624762.462619, 197.942000]: danger_detector: merged cross-view duplicate track 2 into track 1, distance=0.800m
[INFO] [1788624764.584929, 199.310000]: danger_detector: merged cross-view duplicate track 2 into track 1, distance=0.800m
[INFO] [1788624766.879601, 200.792000]: danger_detector: merged cross-view duplicate track 2 into track 1, distance=0.800m
[INFO] [1788624769.690680, 202.608000]: danger_detector: merged cross-view duplicate track 2 into track 1, distance=0.800m
[INFO] [1788624771.768967, 203.948000]: danger_detector: merged cross-view duplicate track 2 into track 1, distance=0.800m
[INFO] [1788624773.675494, 205.182000]: danger_detector: merged cross-view duplicate track 2 into track 1, distance=0.800m
[INFO] [1788624775.626643, 206.442000]: danger_detector: merged cross-view duplicate track 2 into track 1, distance=0.800m
[INFO] [1788624777.729215, 207.806000]: danger_detector: merged cross-view duplicate track 2 into track 1, distance=0.800m
[INFO] [1788624779.666695, 209.062000]: danger_detector: merged cross-view duplicate track 2 into track 1, distance=0.800m
[INFO] [1788624781.654279, 210.336000]: danger_detector: merged cross-view duplicate track 2 into track 1, distance=0.800m
[INFO] [1788624783.727418, 211.672000]: danger_detector: merged cross-view duplicate track 2 into track 1, distance=0.800m
[INFO] [1788624785.694158, 212.938000]: danger_detector: merged cross-view duplicate track 2 into track 1, distance=0.800m
[INFO] [1788624787.606589, 214.158000]: danger_detector: merged cross-view duplicate track 2 into track 1, distance=0.800m
[INFO] [1788624789.563521, 215.408000]: danger_detector: merged cross-view duplicate track 2 into track 1, distance=0.800m
[INFO] [1788624791.529061, 216.668000]: danger_detector: merged cross-view duplicate track 2 into track 1, distance=0.800m
[INFO] [1788624793.474851, 217.912000]: danger_detector: merged cross-view duplicate track 2 into track 1, distance=0.800m
[INFO] [1788624795.455629, 219.170000]: danger_detector: merged cross-view duplicate track 2 into track 1, distance=0.800m
[INFO] [1788624797.578813, 220.532000]: danger_detector: merged cross-view duplicate track 2 into track 1, distance=0.800m
[INFO] [1788624799.453017, 221.750000]: danger_detector: merged cross-view duplicate track 2 into track 1, distance=0.800m
[INFO] [1788624801.398864, 222.992000]: danger_detector: merged cross-view duplicate track 2 into track 1, distance=0.800m
[INFO] [1788624803.360293, 224.218000]: danger_detector: merged cross-view duplicate track 2 into track 1, distance=0.800m
[INFO] [1788624805.391903, 225.496000]: danger_detector: merged cross-view duplicate track 2 into track 1, distance=0.800m
[INFO] [1788624807.355422, 226.718000]: danger_detector: merged cross-view duplicate track 2 into track 1, distance=0.800m
[INFO] [1788624809.378438, 227.996000]: danger_detector: merged cross-view duplicate track 2 into track 1, distance=0.800m
[INFO] [1788624811.304485, 229.212000]: danger_detector: merged cross-view duplicate track 2 into track 1, distance=0.800m
[INFO] [1788624813.350875, 230.494000]: danger_detector: merged cross-view duplicate track 2 into track 1, distance=0.800m
[FSM]: state: INIT
wait for goal.
[FSM]: state: INIT
wait for goal.
[FSM]: state: INIT
wait for goal.
[FSM]: state: INIT
wait for goal.
[FSM]: state: INIT
wait for goal.
[FSM]: state: INIT
wait for goal.
[FSM]: state: INIT
wait for goal.
[FSM]: state: INIT
wait for goal.
[FSM]: state: INIT
wait for goal.
[FSM]: state: INIT
wait for goal.
[FSM]: state: INIT
wait for goal.
[33m[WARN] [1788624831.621636429, 242.232000000]: Plane tilt guard scaling cmd_vel by 0.98 at tilt 0.142 rad[0m
[FSM]: state: INIT
wait for goal.
[FSM]: state: INIT
wait for goal.
[FSM]: state: INIT
wait for goal.
[FSM]: state: INIT
wait for goal.
[FSM]: state: INIT
wait for goal.
[FSM]: state: INIT
wait for goal.
[0m[INFO] [1788624774.151695041, 205.490000000]: RL locomotion_ready latched after 0.66 s takeover and 0.66 s stable hold[0m
[0m[INFO] [1788624776.162881754, 206.790000000]: RL policy input vx=0.000 vy=0.000 wz=0.862 action_rms=0.177 ready=1 userCmd=0 kbd=0 raw=0.000,0.000,0.862 grav=0.01,-0.01,-0.98[0m
[0m[INFO] [1788624779.250278277, 208.792000000]: RL policy input vx=1.035 vy=0.000 wz=0.112 action_rms=0.297 ready=1 userCmd=0 kbd=0 raw=1.035,0.000,0.112 grav=-0.01,-0.01,-0.98[0m
[0m[INFO] [1788624782.374258063, 210.802000000]: RL policy input vx=0.000 vy=0.000 wz=0.592 action_rms=0.148 ready=1 userCmd=0 kbd=0 raw=0.000,0.000,0.592 grav=0.01,-0.04,-0.98[0m
[0m[INFO] [1788624785.494345046, 212.808000000]: RL policy input vx=2.237 vy=0.000 wz=0.117 action_rms=0.254 ready=1 userCmd=0 kbd=0 raw=2.237,0.000,0.117 grav=-0.03,-0.01,-0.98[0m
[0m[INFO] [1788624788.639948208, 214.814000000]: RL policy input vx=2.250 vy=0.000 wz=-0.004 action_rms=0.263 ready=1 userCmd=0 kbd=0 raw=2.250,0.000,-0.004 grav=-0.00,0.01,-0.98[0m
[0m[INFO] [1788624791.752504619, 216.814000000]: RL policy input vx=2.242 vy=0.000 wz=0.095 action_rms=0.242 ready=1 userCmd=0 kbd=0 raw=2.242,0.000,0.095 grav=0.00,-0.08,-0.98[0m
[0m[INFO] [1788624794.898308289, 218.814000000]: RL policy input vx=2.227 vy=0.000 wz=0.158 action_rms=0.308 ready=1 userCmd=0 kbd=0 raw=2.227,0.000,0.158 grav=0.02,0.00,-0.98[0m
[0m[INFO] [1788624798.029822616, 220.826000000]: RL policy input vx=0.725 vy=0.000 wz=0.163 action_rms=0.251 ready=1 userCmd=0 kbd=0 raw=0.725,0.000,0.163 grav=-0.03,-0.04,-0.98[0m
[0m[INFO] [1788624801.153282601, 222.836000000]: RL policy input vx=0.000 vy=0.000 wz=0.200 action_rms=0.157 ready=1 userCmd=0 kbd=0 raw=0.000,0.000,0.200 grav=0.02,-0.01,-0.98[0m
[0m[INFO] [1788624804.379929909, 224.856000000]: RL policy input vx=0.450 vy=0.000 wz=0.023 action_rms=0.184 ready=1 userCmd=0 kbd=0 raw=0.450,0.000,0.023 grav=0.01,-0.02,-0.98[0m
[0m[INFO] [1788624807.589549657, 226.864000000]: RL policy input vx=0.852 vy=0.290 wz=0.360 action_rms=0.322 ready=1 userCmd=0 kbd=0 raw=0.852,0.290,0.360 grav=0.00,-0.01,-0.98[0m
[0m[INFO] [1788624810.745052434, 228.864000000]: RL policy input vx=0.899 vy=0.040 wz=0.049 action_rms=0.200 ready=1 userCmd=0 kbd=0 raw=0.899,0.040,0.049 grav=-0.00,-0.02,-0.98[0m
[0m[INFO] [1788624813.944585420, 230.866000000]: RL policy input vx=0.900 vy=0.005 wz=0.007 action_rms=0.202 ready=1 userCmd=0 kbd=0 raw=0.900,0.005,0.007 grav=0.00,-0.02,-0.98[0m
[0m[INFO] [1788624817.166055031, 232.878000000]: RL policy input vx=0.000 vy=0.000 wz=-2.900 action_rms=0.413 ready=1 userCmd=0 kbd=0 raw=0.000,0.000,-2.900 grav=-0.00,-0.00,-0.98[0m
[0m[INFO] [1788624820.296881130, 234.896000000]: RL policy input vx=0.000 vy=0.000 wz=1.067 action_rms=0.215 ready=1 userCmd=0 kbd=0 raw=0.000,0.000,1.067 grav=0.02,0.01,-0.98[0m
[0m[INFO] [1788624823.405867508, 236.904000000]: RL policy input vx=0.851 vy=0.292 wz=0.363 action_rms=0.182 ready=1 userCmd=0 kbd=0 raw=0.851,0.292,0.363 grav=-0.00,0.07,-0.98[0m
[0m[INFO] [1788624826.505864803, 238.912000000]: RL policy input vx=0.612 vy=0.027 wz=0.049 action_rms=0.322 ready=1 userCmd=0 kbd=0 raw=0.612,0.027,0.049 grav=0.00,-0.01,-0.98[0m
[0m[INFO] [1788624829.605002068, 240.922000000]: RL policy input vx=0.000 vy=0.000 wz=2.900 action_rms=0.228 ready=1 userCmd=0 kbd=0 raw=0.000,0.000,2.900 grav=0.01,0.01,-0.98[0m
[0m[INFO] [1788624832.712484177, 242.940000000]: RL policy input vx=0.988 vy=-0.155 wz=-0.172 action_rms=0.297 ready=1 userCmd=0 kbd=0 raw=0.988,-0.155,-0.172 grav=0.05,-0.05,-0.98[0m
[0m[INFO] [1788624835.825110779, 244.948000000]: RL policy input vx=0.447 vy=0.000 wz=0.129 action_rms=0.194 ready=1 userCmd=0 kbd=0 raw=0.447,0.000,0.129 grav=-0.01,0.01,-0.98[0m
[0m[INFO] [1788624838.921564802, 246.952000000]: RL policy input vx=0.450 vy=0.000 wz=0.007 action_rms=0.242 ready=1 userCmd=0 kbd=0 raw=0.450,0.000,0.007 grav=0.00,-0.02,-0.98[0m
[0m[INFO] [1788624842.031836264, 248.954000000]: RL policy input vx=1.066 vy=-0.013 wz=-0.013 action_rms=0.251 ready=1 userCmd=0 kbd=0 r[FSM]: state: INIT
wait for goal.
[FSM]: state: INIT
wait for goal.
[FSM]: state: INIT
wait for goal.
[FSM]: state: INIT
wait for goal.
[FSM]: state: INIT
wait for goal.
[FSM]: state: INIT
wait for goal.
[FSM]: state: INIT
wait for goal.
[FSM]: state: INIT
wait for goal.
[FSM]: state: INIT
wait for goal.
[FSM]: state: INIT
wait for goal.
[FSM]: state: INIT
wait for goal.
[FSM]: state: INIT
wait for goal.
[FSM]: state: INIT
wait for goal.
[FSM]: state: INIT
wait for goal.
[FSM]: state: INIT
wait for goal.
[FSM]: state: INIT
wait for goal.
[FSM]: state: INIT
wait for goal.
[FSM]: state: INIT
wait for goal.
[FSM]: state: INIT
wait for goal.
[FSM]: state: INIT
wait for goal.
[FSM]: state: INIT
wait for goal.
[33m[WARN] [1788624873.244366612, 269.164000000]: Plane tilt guard scaling cmd_vel by 0.89 at tilt 0.154 rad[0m
[FSM]: state: INIT
wait for goal.
[FSM]: state: INIT
wait for goal.
[FSM]: state: INIT
wait for goal.
[FSM]: state: INIT
wait for goal.
[FSM]: state: INIT
wait for goal.
[FSM]: state: INIT
wait for goal.
[FSM]: state: INIT
wait for goal.
[FSM]: state: INIT
wait for goal.
[33m[WARN] [1788624886.705514925, 277.836000000]: Plane tilt guard scaling cmd_vel by 0.99 at tilt 0.141 rad[0m
[FSM]: state: INIT
wait for goal.
[FSM]: state: INIT
wait for goal.
[FSM]: state: INIT
wait for goal.
[FSM]: state: INIT
wait for goal.
[FSM]: state: INIT
wait for goal.
[FSM]: state: INIT
wait for goal.
[FSM]: state: INIT
wait for goal.
[FSM]: state: INIT
wait for goal.
[FSM]: state: INIT
wait for goal.
[FSM]: state: INIT
wait for goal.
[FSM]: state: INIT
wait for goal.
[FSM]: state: INIT
wait for goal.
[FSM]: state: INIT
wait for goal.
[FSM]: state: INIT
wait for goal.
[FSM]: state: INIT
wait for goal.
[FSM]: state: INIT
wait for goal.
[FSM]: state: INIT
wait for goal.
[FSM]: state: INIT
wait for goal.
aw=1.066,-0.013,-0.013 grav=-0.03,0.02,-0.98[0m
[0m[INFO] [1788624845.135370031, 250.964000000]: RL policy input vx=0.450 vy=0.000 wz=-0.001 action_rms=0.297 ready=1 userCmd=0 kbd=0 raw=0.450,0.000,-0.001 grav=0.00,-0.02,-0.98[0m
[0m[INFO] [1788624848.219825494, 252.964000000]: RL policy input vx=0.450 vy=0.000 wz=-0.039 action_rms=0.156 ready=1 userCmd=0 kbd=0 raw=0.450,0.000,-0.039 grav=0.01,-0.02,-0.98[0m
[0m[INFO] [1788624851.336612237, 254.976000000]: RL policy input vx=0.900 vy=0.029 wz=0.035 action_rms=0.180 ready=1 userCmd=0 kbd=0 raw=0.900,0.029,0.035 grav=-0.01,-0.02,-0.98[0m
[0m[INFO] [1788624854.453153324, 256.988000000]: RL policy input vx=0.900 vy=0.008 wz=0.010 action_rms=0.331 ready=1 userCmd=0 kbd=0 raw=0.900,0.008,0.010 grav=-0.00,-0.02,-0.98[0m
[0m[INFO] [1788624857.559761580, 259.004000000]: RL policy input vx=0.000 vy=0.000 wz=-0.370 action_rms=0.248 ready=1 userCmd=0 kbd=0 raw=0.000,0.000,-0.370 grav=0.02,-0.02,-0.98[0m
[0m[INFO] [1788624860.655938815, 261.010000000]: RL policy input vx=0.000 vy=0.000 wz=-1.792 action_rms=0.238 ready=1 userCmd=0 kbd=0 raw=0.000,0.000,-1.792 grav=0.01,0.00,-0.98[0m
[0m[INFO] [1788624863.763496722, 263.026000000]: RL policy input vx=0.591 vy=0.550 wz=0.825 action_rms=0.221 ready=1 userCmd=0 kbd=0 raw=0.591,0.550,0.825 grav=0.01,0.01,-0.98[0m
[0m[INFO] [1788624866.871610078, 265.044000000]: RL policy input vx=0.897 vy=0.074 wz=0.090 action_rms=0.365 ready=1 userCmd=0 kbd=0 raw=0.897,0.074,0.090 grav=-0.01,0.01,-0.98[0m
[0m[INFO] [1788624869.951191225, 267.044000000]: RL policy input vx=0.000 vy=0.000 wz=2.715 action_rms=0.186 ready=1 userCmd=0 kbd=0 raw=0.000,0.000,2.715 grav=0.02,-0.02,-0.98[0m
[0m[INFO] [1788624873.087202449, 269.062000000]: RL policy input vx=2.206 vy=0.441 wz=0.217 action_rms=0.432 ready=1 userCmd=0 kbd=0 raw=2.206,0.441,0.217 grav=-0.02,0.04,-0.98[0m
[0m[INFO] [1788624876.193048869, 271.062000000]: RL policy input vx=0.000 vy=0.000 wz=0.229 action_rms=0.171 ready=1 userCmd=0 kbd=0 raw=0.000,0.000,0.229 grav=0.02,-0.01,-0.98[0m
[0m[INFO] [1788624879.303282562, 273.066000000]: RL policy input vx=0.450 vy=0.000 wz=0.029 action_rms=0.181 ready=1 userCmd=0 kbd=0 raw=0.450,0.000,0.029 grav=0.01,-0.02,-0.98[0m
[0m[INFO] [1788624882.426706260, 275.080000000]: RL policy input vx=0.822 vy=-0.016 wz=-0.022 action_rms=0.268 ready=1 userCmd=0 kbd=0 raw=0.822,-0.016,-0.022 grav=0.01,-0.01,-0.98[0m
[0m[INFO] [1788624885.535784364, 277.090000000]: RL policy input vx=1.449 vy=-0.450 wz=-0.331 action_rms=0.235 ready=1 userCmd=0 kbd=0 raw=1.449,-0.450,-0.331 grav=-0.03,-0.08,-0.98[0m
[0m[INFO] [1788624888.673819407, 279.106000000]: RL policy input vx=2.244 vy=-0.161 wz=-0.079 action_rms=0.342 ready=1 userCmd=0 kbd=0 raw=2.244,-0.161,-0.079 grav=0.02,0.01,-0.98[0m
[0m[INFO] [1788624891.781789693, 281.124000000]: RL policy input vx=2.249 vy=0.057 wz=0.028 action_rms=0.226 ready=1 userCmd=0 kbd=0 raw=2.249,0.057,0.028 grav=0.01,-0.07,-0.98[0m
[0m[INFO] [1788624894.885908192, 283.140000000]: RL policy input vx=2.247 vy=0.114 wz=0.056 action_rms=0.271 ready=1 userCmd=0 kbd=0 raw=2.247,0.114,0.056 grav=0.01,0.02,-0.98[0m
[0m[INFO] [1788624897.976737096, 285.144000000]: RL policy input vx=0.422 vy=0.293 wz=0.667 action_rms=0.320 ready=1 userCmd=0 kbd=0 raw=0.422,0.293,0.667 grav=0.03,0.03,-0.98[0m
[0m[INFO] [1788624901.085906261, 287.154000000]: RL policy input vx=0.447 vy=0.000 wz=0.126 action_rms=0.206 ready=1 userCmd=0 kbd=0 raw=0.447,0.000,0.126 grav=-0.01,-0.04,-0.98[0m
[0m[INFO] [1788624904.221026623, 289.174000000]: RL policy input vx=0.450 vy=0.000 wz=0.009 action_rms=0.286 ready=1 userCmd=0 kbd=0 raw=0.450,0.000,0.009 grav=0.01,-0.01,-0.98[0m
[0m[INFO] [1788624907.309891741, 291.174000000]: RL policy input vx=0.288 vy=-0.200 wz=-0.667 action_rms=0.249 ready=1 userCmd=0 kbd=0 raw=0.288,-0.200,-0.667 grav=0.00,-0.03,-0.98[0m
[0m[INFO] [1788624910.417813336, 293.194000000]: RL policy input vx=0.898 vy=0.650 wz=0.640 action_rms=0.274 ready=1 userCmd=0 kbd=0 raw=0.898,0.650,0.640 grav=0.02,-0.01,-0.98[0m
[0m[INFO] [17886249[FSM]: state: INIT
wait for goal.
[FSM]: state: INIT
wait for goal.
[FSM]: state: INIT
wait for goal.
[FSM]: state: INIT
wait for goal.
[FSM]: state: INIT
wait for goal.
[FSM]: state: INIT
wait for goal.
[FSM]: state: INIT
wait for goal.
[FSM]: state: INIT
wait for goal.
[FSM]: state: INIT
wait for goal.
[INFO] [1788624815.302551, 231.714000]: danger_detector: merged cross-view duplicate track 2 into track 1, distance=0.800m
[INFO] [1788624817.400652, 233.030000]: danger_detector: confirmed red sphere #3 at [-8.3174, 18.092, 2.75], t=216.57s, stage=floor_2_exploration
[INFO] [1788624817.401649, 233.030000]: danger_detector: merged cross-view duplicate track 2 into track 1, distance=0.800m
[INFO] [1788624818.689769, 233.858000]: danger_detector: scan batch label=floor_1_room_0_g3 raw=7 min_points=3 clusters=[(-8.393121251114705, 18.22236153716783)]
[INFO] [1788624818.692793, 233.860000]: danger_detector: merged cross-view duplicate track 2 into track 1, distance=0.800m
[INFO] [1788624819.601873, 234.446000]: danger_detector: merged cross-view duplicate track 2 into track 1, distance=0.800m
[INFO] [1788624821.605649, 235.742000]: danger_detector: merged cross-view duplicate track 2 into track 1, distance=0.800m
[INFO] [1788624823.634094, 237.052000]: danger_detector: merged cross-view duplicate track 2 into track 1, distance=0.800m
[INFO] [1788624825.625973, 238.342000]: danger_detector: merged cross-view duplicate track 2 into track 1, distance=0.800m
[INFO] [1788624827.609707, 239.630000]: danger_detector: merged cross-view duplicate track 2 into track 1, distance=0.800m
[INFO] [1788624829.494469, 240.852000]: danger_detector: merged cross-view duplicate track 2 into track 1, distance=0.800m
[INFO] [1788624830.326601, 241.392000]: danger_detector: scan batch label=floor_1_room_0_g4 raw=0 min_points=3 clusters=[]
[INFO] [1788624830.330245, 241.392000]: danger_detector: merged cross-view duplicate track 2 into track 1, distance=0.800m
[INFO] [1788624831.424532, 242.104000]: danger_detector: merged cross-view duplicate track 2 into track 1, distance=0.800m
[INFO] [1788624833.370347, 243.364000]: danger_detector: merged cross-view duplicate track 2 into track 1, distance=0.800m
[INFO] [1788624835.296677, 244.610000]: danger_detector: merged cross-view duplicate track 2 into track 1, distance=0.800m
[INFO] [1788624837.245536, 245.864000]: danger_detector: merged cross-view duplicate track 2 into track 1, distance=0.800m
[INFO] [1788624839.151516, 247.102000]: danger_detector: merged cross-view duplicate track 2 into track 1, distance=0.800m
[INFO] [1788624841.109566, 248.358000]: danger_detector: merged cross-view duplicate track 2 into track 1, distance=0.800m
[INFO] [1788624843.024874, 249.598000]: danger_detector: merged cross-view duplicate track 2 into track 1, distance=0.800m
[INFO] [1788624844.973774, 250.860000]: danger_detector: merged cross-view duplicate track 2 into track 1, distance=0.800m
[INFO] [1788624846.903734, 252.108000]: danger_detector: merged cross-view duplicate track 2 into track 1, distance=0.800m
[INFO] [1788624848.827875, 253.356000]: danger_detector: merged cross-view duplicate track 2 into track 1, distance=0.800m
[INFO] [1788624850.758177, 254.602000]: danger_detector: merged cross-view duplicate track 2 into track 1, distance=0.800m
[INFO] [1788624852.699495, 255.856000]: danger_detector: merged cross-view duplicate track 2 into track 1, distance=0.800m
[INFO] [1788624854.632680, 257.106000]: danger_detector: merged cross-view duplicate track 2 into track 1, distance=0.800m
[INFO] [1788624856.562165, 258.358000]: danger_detector: merged cross-view duplicate track 2 into track 1, distance=0.800m
[INFO] [1788624858.501578, 259.616000]: danger_detector: merged cross-view duplicate track 2 into track 1, distance=0.800m
[INFO] [1788624860.257504, 260.752000]: danger_detector: scan batch label=floor_1_room_1_g3 raw=0 min_points=3 clusters=[]
[INFO] [1788624860.261426, 260.754000]: danger_detector: merged cross-view duplicate track 2 into track 1, distance=0.800m
[INFO] [1788624860.427698, 260.862000]: danger_detector: merged cross-view duplicate track 2 into track 1, distance=0.800m
[INFO] [1788624862.706813, 262.340000]: danger_detector: merged cross-view duplicate track 2 into track 1, distance=0.800m
[INFO] [1788624864.648219, 263.600000]: danger_detector: merged cross-view duplicate track 2 into track 1, distance=0.800m
[INFO] [1788624866.580529, 264.856000]: danger_detector: merged cross-view duplicate track 2 into track 1, distance=0.800m
[INFO] [1788624868.540908, 266.128000]: danger_detector: merged cross-view duplicate track 2 into track 1, distance=0.800m
[INFO] [1788624870.608120, 267.466000]: danger_detector: merged cross-view duplicate track 2 into track 1, distance=0.800m
[INFO] [1788624871.698177, 268.168000]: danger_detector: scan batch label=floor_1_room_1_g4 raw=0 min_points=3 clusters=[]
[INFO] [1788624871.699876, 268.170000]: danger_detector: merged cross-view duplicate track 2 into track 1, distance=0.800m
[INFO] [1788624872.624168, 268.760000]: danger_detector: merged cross-view duplicate track 2 into track 1, distance=0.800m
[INFO] [1788624874.557739, 270.014000]: danger_detector: merged cross-view duplicate track 2 into track 1, distance=0.800m
[INFO] [1788624876.497453, 271.260000]: danger_detector: merged cross-view duplicate track 2 into track 1, distance=0.800m
[INFO] [1788624878.445576, 272.512000]: danger_detector: merged cross-view duplicate track 2 into track 1, distance=0.800m
[INFO] [1788624880.384097, 273.764000]: danger_detector: merged cross-view duplicate track 2 into track 1, distance=0.800m
[INFO] [1788624882.305835, 275.002000]: danger_detector: merged cross-view duplicate track 2 into track 1, distance=0.800m
[INFO] [1788624884.252899, 276.264000]: danger_detector: merged cross-view duplicate track 2 into track 1, distance=0.800m
[INFO] [1788624886.297730, 277.576000]: danger_detector: merged cross-view duplicate track 2 into track 1, distance=0.800m
[INFO] [1788624889.592086, 279.702000]: danger_detector: merged cross-view duplicate track 2 into track 1, distance=0.800m
[INFO] [1788624892.821770, 281.800000]: danger_detector: merged cross-view duplicate track 2 into track 1, distance=0.800m
[INFO] [1788624895.691166, 283.664000]: danger_detector: merged cross-view duplicate track 2 into track 1, distance=0.800m
[INFO] [1788624898.583464, 285.538000]: danger_detector: merged cross-view duplicate track 2 into track 1, distance=0.800m
[INFO] [1788624900.476552, 286.758000]: danger_detector: merged cross-view duplicate track 2 into track 1, distance=0.800m
[INFO] [1788624902.407370, 288.006000]: danger_detector: merged cross-view duplicate track 2 into track 1, distance=0.800m
[INFO] [1788624904.356780, 289.260000]: danger_detector: merged cross-view duplicate track 2 into track 1, distance=0.800m
[INFO] [1788624906.286644, 290.510000]: danger_detector: merged cross-view duplicate track 2 into track 1, distance=0.800m
[INFO] [1788624908.226276, 291.770000]: danger_detector: merged cross-view duplicate track 2 into track 1, distance=0.800m
[INFO] [1788624910.151292, 293.020000]: danger_detector: merged cross-view duplicate track 2 into track 1, distance=0.800m
[INFO] [1788624912.066325, 294.262000]: danger_detector: merged cross-view duplicate track 2 into track 1, distance=0.800m
[INFO] [1788624913.984871, 295.508000]: danger_detector: merged cross-view duplicate track 2 into track 1, distance=0.800m
[INFO] [1788624915.914928, 296.758000]: danger_detector: merged cross-view duplicate track 2 into track 1, distance=0.800m
[INFO] [1788624917.838000, 298.004000]: danger_detector: merged cross-view duplicate track 2 into track 1, distance=0.800m
[INFO] [1788624919.946758, 299.372000]: danger_detector: merged cross-view duplicate track 2 into track 1, distance=0.800m
[INFO] [1788624920.930291, 300.010000]: danger_detector: scan batch label=floor_1_room_2_g3 raw=0 min_points=3 clusters=[]
[INFO] [1788624920.932418, 300.012000]: danger_detector: merged cross-view duplicate track 2 into track 1, distance=0.800m
[INFO] [1788624921.997140, 300.700000]: danger_detector: merged cross-view duplicate track 2 into track 1, distance=0.800m
[INFO] [1788624923.926162, 301.952000]: danger_detector: merged cross-view duplicate track 2 into track 1, distance=0.800m
[INFO] [1788624925.860735, 303.204000]: danger_detector: merged cross-view duplicate track 2 into track 1, distance=0.800m
[FSM]: state: INIT
wait for goal.
[FSM]: state: INIT
wait for goal.
[FSM]: state: INIT
wait for goal.
[FSM]: state: INIT
wait for goal.
[FSM]: state: INIT
wait for goal.
[FSM]: state: INIT
wait for goal.
[FSM]: state: INIT
wait for goal.
[FSM]: state: INIT
wait for goal.
[FSM]: state: INIT
wait for goal.
[33m[WARN] [1788624941.373344058, 313.236000000]: Plane tilt guard scaling cmd_vel by 0.96 at tilt 0.145 rad[0m
[FSM]: state: INIT
wait for goal.
[FSM]: state: INIT
wait for goal.
[FSM]: state: INIT
wait for goal.
[FSM]: state: INIT
wait for goal.
[FSM]: state: INIT
wait for goal.
[FSM]: state: INIT
wait for goal.
[FSM]: state: INIT
wait for goal.
[FSM]: state: INIT
wait for goal.
[FSM]: state: INIT
wait for goal.
[FSM]: state: INIT
wait for goal.
[FSM]: state: INIT
wait for goal.
[FSM]: state: INIT
wait for goal.
[FSM]: state: INIT
wait for goal.
[FSM]: state: INIT
wait for goal.
[FSM]: state: INIT
wait for goal.
[FSM]: state: INIT
wait for goal.
[FSM]: state: INIT
wait for goal.
[FSM]: state: INIT
wait for goal.
[FSM]: state: INIT
wait for goal.
[FSM]: state: INIT
wait for goal.
[FSM]: state: INIT
wait for goal.
[FSM]: state: INIT
wait for goal.
[FSM]: state: INIT
wait for goal.
[FSM]: state: INIT
wait for goal.
[FSM]: state: INIT
wait for goal.
[FSM]: state: INIT
wait for goal.
13.531890319, 295.214000000]: RL policy input vx=1.633 vy=0.194 wz=0.134 action_rms=0.328 ready=1 userCmd=0 kbd=0 raw=1.633,0.194,0.134 grav=0.01,0.02,-0.98[0m
[0m[INFO] [1788624916.616890722, 297.214000000]: RL policy input vx=0.898 vy=0.058 wz=0.070 action_rms=0.285 ready=1 userCmd=0 kbd=0 raw=0.898,0.058,0.070 grav=-0.01,-0.02,-0.98[0m
[0m[INFO] [1788624919.711709941, 299.220000000]: RL policy input vx=0.000 vy=0.000 wz=-2.900 action_rms=0.386 ready=1 userCmd=0 kbd=0 raw=0.000,0.000,-2.900 grav=-0.00,0.02,-0.98[0m
[0m[INFO] [1788624922.800894192, 301.222000000]: RL policy input vx=1.134 vy=-0.412 wz=-0.383 action_rms=0.432 ready=1 userCmd=0 kbd=0 raw=1.134,-0.412,-0.383 grav=-0.04,-0.09,-0.98[0m
[0m[INFO] [1788624925.908348033, 303.236000000]: RL policy input vx=1.011 vy=0.618 wz=0.604 action_rms=0.293 ready=1 userCmd=0 kbd=0 raw=1.011,0.618,0.604 grav=-0.00,0.02,-0.98[0m
[0m[INFO] [1788624929.019140186, 305.250000000]: RL policy input vx=0.797 vy=0.240 wz=0.322 action_rms=0.141 ready=1 userCmd=0 kbd=0 raw=0.797,0.240,0.322 grav=0.02,0.11,-0.97[0m
[0m[INFO] [1788624932.130950848, 307.260000000]: RL policy input vx=0.888 vy=0.149 wz=0.183 action_rms=0.152 ready=1 userCmd=0 kbd=0 raw=0.888,0.149,0.183 grav=-0.00,0.03,-0.98[0m
[0m[INFO] [1788624935.224052882, 309.262000000]: RL policy input vx=0.300 vy=0.011 wz=0.041 action_rms=0.211 ready=1 userCmd=0 kbd=0 raw=0.300,0.011,0.041 grav=0.02,-0.01,-0.98[0m
[0m[INFO] [1788624938.328721889, 311.276000000]: RL policy input vx=0.000 vy=0.000 wz=2.531 action_rms=0.183 ready=1 userCmd=0 kbd=0 raw=0.000,0.000,2.531 grav=0.04,0.01,-0.98[0m
[0m[INFO] [1788624941.438960894, 313.278000000]: RL policy input vx=2.130 vy=0.725 wz=0.361 action_rms=0.240 ready=1 userCmd=0 kbd=0 raw=2.130,0.725,0.361 grav=0.01,0.12,-0.97[0m
[0m[INFO] [1788624944.547193432, 315.286000000]: RL policy input vx=0.454 vy=0.673 wz=1.076 action_rms=0.180 ready=1 userCmd=0 kbd=0 raw=0.454,0.673,1.076 grav=0.03,-0.02,-0.98[0m
[0m[INFO] [1788624947.630689428, 317.288000000]: RL policy input vx=0.000 vy=0.000 wz=-0.450 action_rms=0.196 ready=1 userCmd=0 kbd=0 raw=0.000,0.000,-0.450 grav=0.01,-0.00,-0.98[0m
[0m[INFO] [1788624950.733225028, 319.302000000]: RL policy input vx=0.000 vy=0.000 wz=-0.259 action_rms=0.196 ready=1 userCmd=0 kbd=0 raw=0.000,0.000,-0.259 grav=-0.00,0.00,-0.98[0m
[0m[INFO] [1788624953.842001645, 321.312000000]: RL policy input vx=0.449 vy=0.000 wz=-0.074 action_rms=0.156 ready=1 userCmd=0 kbd=0 raw=0.449,0.000,-0.074 grav=0.00,-0.01,-0.98[0m
[0m[INFO] [1788624956.949604922, 323.316000000]: RL policy input vx=0.325 vy=0.000 wz=-0.090 action_rms=0.288 ready=1 userCmd=0 kbd=0 raw=0.325,0.000,-0.090 grav=0.01,-0.02,-0.98[0m
[0m[INFO] [1788624960.076409275, 325.326000000]: RL policy input vx=0.450 vy=0.000 wz=0.017 action_rms=0.153 ready=1 userCmd=0 kbd=0 raw=0.450,0.000,0.017 grav=0.01,-0.02,-0.98[0m
[0m[INFO] [1788624963.181241217, 327.332000000]: RL policy input vx=0.450 vy=0.000 wz=-0.010 action_rms=0.285 ready=1 userCmd=0 kbd=0 raw=0.450,0.000,-0.010 grav=0.01,-0.01,-0.98[0m
[0m[INFO] [1788624966.306955027, 329.350000000]: RL policy input vx=0.899 vy=0.049 wz=0.060 action_rms=0.213 ready=1 userCmd=0 kbd=0 raw=0.899,0.049,0.060 grav=-0.00,-0.00,-0.98[0m
[0m[INFO] [1788624969.419622444, 331.362000000]: RL policy input vx=0.900 vy=0.011 wz=0.013 action_rms=0.308 ready=1 userCmd=0 kbd=0 raw=0.900,0.011,0.013 grav=-0.00,-0.01,-0.98[0m
[0m[INFO] [1788624972.511518531, 333.362000000]: RL policy input vx=0.586 vy=0.003 wz=0.006 action_rms=0.136 ready=1 userCmd=0 kbd=0 raw=0.586,0.003,0.006 grav=0.01,-0.03,-0.98[0m
[0m[INFO] [1788624975.616479015, 335.370000000]: RL policy input vx=0.000 vy=0.000 wz=-2.900 action_rms=0.192 ready=1 userCmd=0 kbd=0 raw=0.000,0.000,-2.900 grav=0.00,0.00,-0.98[0m
[0m[INFO] [1788624978.712058259, 337.376000000]: RL policy input vx=0.000 vy=0.000 wz=1.500 action_rms=0.142 ready=1 userCmd=0 kbd=0 raw=0.000,0.000,1.500 grav=0.01,-0.01,-0.98[0m
[0m[INFO] [1788624981.864393981, 339.388000000]: RL policy input vx=0.887 vy=0.152 wz=0.187 ac[FSM]: state: INIT
wait for goal.
[FSM]: state: INIT
wait for goal.
[FSM]: state: INIT
wait for goal.
[FSM]: state: INIT
wait for goal.
[33m[WARN] [1788624989.104291218, 344.060000000]: Plane tilt guard scaling cmd_vel by 0.98 at tilt 0.142 rad[0m
[FSM]: state: INIT
wait for goal.
[FSM]: state: INIT
wait for goal.
[FSM]: state: INIT
wait for goal.
[FSM]: state: INIT
wait for goal.
[FSM]: state: INIT
wait for goal.
[FSM]: state: INIT
wait for goal.
[FSM]: state: INIT
wait for goal.
[FSM]: state: INIT
wait for goal.
[33m[WARN] [1788625001.441992933, 352.042000000]: Plane tilt guard scaling cmd_vel by 0.94 at tilt 0.148 rad[0m
[FSM]: state: INIT
wait for goal.
[FSM]: state: INIT
wait for goal.
[FSM]: state: INIT
wait for goal.
[FSM]: state: INIT
wait for goal.
[FSM]: state: INIT
wait for goal.
[FSM]: state: INIT
wait for goal.
[FSM]: state: INIT
wait for goal.
[FSM]: state: INIT
wait for goal.
[FSM]: state: INIT
wait for goal.
[FSM]: state: INIT
wait for goal.
[FSM]: state: INIT
wait for goal.
[33m[WARN] [1788625017.728115570, 362.522000000]: Plane tilt guard scaling cmd_vel by 0.96 at tilt 0.146 rad[0m
[FSM]: state: INIT
wait for goal.
[FSM]: state: INIT
wait for goal.
[FSM]: state: INIT
wait for goal.
[FSM]: state: INIT
wait for goal.
[FSM]: state: INIT
wait for goal.
[FSM]: state: INIT
wait for goal.
[FSM]: state: INIT
wait for goal.
[FSM]: state: INIT
wait for goal.
[FSM]: state: INIT
wait for goal.
[FSM]: state: INIT
wait for goal.
[FSM]: state: INIT
wait for goal.
[FSM]: state: INIT
wait for goal.
[FSM]: state: INIT
wait for goal.
[FSM]: state: INIT
wait for goal.
[FSM]: state: INIT
wait for goal.
tion_rms=0.197 ready=1 userCmd=0 kbd=0 raw=0.887,0.152,0.187 grav=0.01,0.03,-0.98[0m
[0m[INFO] [1788624984.980525179, 341.396000000]: RL policy input vx=0.195 vy=0.000 wz=0.000 action_rms=0.144 ready=1 userCmd=0 kbd=0 raw=0.195,0.000,0.000 grav=0.03,-0.01,-0.98[0m
[0m[INFO] [1788624988.089171212, 343.400000000]: RL policy input vx=0.109 vy=0.109 wz=2.161 action_rms=0.394 ready=1 userCmd=0 kbd=0 raw=0.109,0.109,2.161 grav=0.01,0.03,-0.98[0m
[0m[INFO] [1788624991.182739503, 345.408000000]: RL policy input vx=0.295 vy=0.055 wz=0.202 action_rms=0.162 ready=1 userCmd=0 kbd=0 raw=0.295,0.055,0.202 grav=0.05,-0.02,-0.98[0m
[0m[INFO] [1788624994.298057041, 347.420000000]: RL policy input vx=0.449 vy=0.000 wz=0.064 action_rms=0.241 ready=1 userCmd=0 kbd=0 raw=0.449,0.000,0.064 grav=0.00,-0.02,-0.98[0m
[0m[INFO] [1788624997.407038153, 349.428000000]: RL policy input vx=0.450 vy=0.000 wz=-0.012 action_rms=0.164 ready=1 userCmd=0 kbd=0 raw=0.450,0.000,-0.012 grav=0.01,-0.02,-0.98[0m
[0m[INFO] [1788625000.515263176, 351.440000000]: RL policy input vx=0.866 vy=0.750 wz=0.785 action_rms=0.243 ready=1 userCmd=0 kbd=0 raw=0.866,0.750,0.785 grav=-0.01,0.01,-0.98[0m
[0m[INFO] [1788625003.631567666, 353.446000000]: RL policy input vx=2.238 vy=0.231 wz=0.113 action_rms=0.228 ready=1 userCmd=0 kbd=0 raw=2.238,0.231,0.113 grav=-0.02,-0.03,-0.98[0m
[0m[INFO] [1788625006.766086191, 355.464000000]: RL policy input vx=2.248 vy=-0.087 wz=-0.043 action_rms=0.326 ready=1 userCmd=0 kbd=0 raw=2.248,-0.087,-0.043 grav=0.02,0.03,-0.98[0m
[0m[INFO] [1788625009.902243757, 357.484000000]: RL policy input vx=2.250 vy=-0.010 wz=-0.005 action_rms=0.249 ready=1 userCmd=0 kbd=0 raw=2.250,-0.010,-0.005 grav=-0.00,-0.02,-0.98[0m
[0m[INFO] [1788625013.029887207, 359.500000000]: RL policy input vx=2.249 vy=0.052 wz=0.025 action_rms=0.253 ready=1 userCmd=0 kbd=0 raw=2.249,0.052,0.025 grav=0.02,0.03,-0.98[0m
[0m[INFO] [1788625016.148824951, 361.504000000]: RL policy input vx=2.248 vy=0.092 wz=0.045 action_rms=0.230 ready=1 userCmd=0 kbd=0 raw=2.248,0.092,0.045 grav=-0.05,-0.10,-0.97[0m
[0m[INFO] [1788625019.268654466, 363.510000000]: RL policy input vx=1.825 vy=-0.301 wz=-0.180 action_rms=0.314 ready=1 userCmd=0 kbd=0 raw=1.825,-0.301,-0.180 grav=-0.05,-0.07,-0.98[0m
[0m[INFO] [1788625022.366867865, 365.512000000]: RL policy input vx=1.846 vy=-0.116 wz=-0.069 action_rms=0.338 ready=1 userCmd=0 kbd=0 raw=1.846,-0.116,-0.069 grav=-0.02,-0.08,-0.98[0m
[0m[INFO] [1788625025.495835090, 367.532000000]: RL policy input vx=1.302 vy=0.077 wz=0.065 action_rms=0.217 ready=1 userCmd=0 kbd=0 raw=1.302,0.077,0.065 grav=0.03,-0.07,-0.98[0m
[0m[INFO] [1788625028.605637549, 369.538000000]: RL policy input vx=0.000 vy=0.000 wz=-0.460 action_rms=0.144 ready=1 userCmd=0 kbd=0 raw=0.000,0.000,-0.460 grav=0.00,0.01,-0.98[0m
[0m[INFO] [1788625031.705476310, 371.540000000]: RL policy input vx=1.422 vy=0.000 wz=-0.116 action_rms=0.208 ready=1 userCmd=0 kbd=0 raw=1.422,0.000,-0.116 grav=-0.05,-0.02,-0.98[0m
[0m[INFO] [1788625034.814257891, 373.550000000]: RL policy input vx=0.714 vy=0.000 wz=-0.052 action_rms=0.176 ready=1 userCmd=0 kbd=0 raw=0.714,0.000,-0.052 grav=0.03,-0.03,-0.98[0m
[0m[INFO] [1788625037.932755796, 375.568000000]: RL policy input vx=0.000 vy=0.000 wz=-0.618 action_rms=0.143 ready=1 userCmd=0 kbd=0 raw=0.000,0.000,-0.618 grav=0.01,0.00,-0.98[0m
[0m[INFO] [1788625041.081210176, 377.584000000]: RL policy input vx=0.000 vy=0.000 wz=-0.220 action_rms=0.158 ready=1 userCmd=0 kbd=0 raw=0.000,0.000,-0.220 grav=-0.00,-0.01,-0.98[0m
Switched from RL to fixed stand
[FSM]: state: INIT
wait for goal.
infer_thread退出!
[33m[WARN] [1788625042.237904220, 378.324000000]: Using one-shot captured-pose FixedStand profile: ramp 0.50 s, settle 0.00 s, ready after 0.50 s + 0.50 s stable, minimum gain 0.75[0m
[INFO] Using /stand_target_joints param stance.
[FSM]: state: INIT
wait for goal.
Switched from fixed stand to RL
[INFO] Entered RL /cmd_vel mode.
[33m[WARN] [1788625043.510797979, 379.130000000]: Using one-shot stair RL takeover profile: blend 0.50 s, zero hold 0.15 s[0m
cuda::is_available():0
[WARNING] UNITREE_RL_DEVICE=hybrid selected CUDA for this policy but CUDA is unavailable; using CPU.
RL inference device: cpu (requested=hybrid, policy=stair)
[INFO] RL policy activated from preload cache at FixedStand entry boundary: /home/quinn/0904/runtime_assets/SimEnv/src/unitree_guide/logs/policy_act_inference_stair.pt
[FSM]: state: INIT
wait for goal.
[FSM]: state: INIT
wait for goal.
[INFO] [1788624927.792283, 304.454000]: danger_detector: merged cross-view duplicate track 2 into track 1, distance=0.800m
[INFO] [1788624930.071820, 305.934000]: danger_detector: merged cross-view duplicate track 2 into track 1, distance=0.800m
[INFO] [1788624932.131957, 307.260000]: danger_detector: merged cross-view duplicate track 2 into track 1, distance=0.800m
[INFO] [1788624934.047063, 308.498000]: danger_detector: merged cross-view duplicate track 2 into track 1, distance=0.800m
[INFO] [1788624935.995236, 309.760000]: danger_detector: merged cross-view duplicate track 2 into track 1, distance=0.800m
[INFO] [1788624938.064436, 311.104000]: danger_detector: merged cross-view duplicate track 2 into track 1, distance=0.800m
[INFO] [1788624938.216731, 311.204000]: danger_detector: scan batch label=floor_1_room_2_g4 raw=0 min_points=3 clusters=[]
[INFO] [1788624938.217685, 311.204000]: danger_detector: merged cross-view duplicate track 2 into track 1, distance=0.800m
[INFO] [1788624940.175958, 312.462000]: danger_detector: merged cross-view duplicate track 2 into track 1, distance=0.800m
[INFO] [1788624942.140492, 313.732000]: danger_detector: merged cross-view duplicate track 2 into track 1, distance=0.800m
[INFO] [1788624944.101162, 314.996000]: danger_detector: merged cross-view duplicate track 2 into track 1, distance=0.800m
[INFO] [1788624946.056700, 316.266000]: danger_detector: merged cross-view duplicate track 2 into track 1, distance=0.800m
[INFO] [1788624948.671630, 317.962000]: danger_detector: merged cross-view duplicate track 2 into track 1, distance=0.800m
[INFO] [1788624950.592472, 319.210000]: danger_detector: merged cross-view duplicate track 2 into track 1, distance=0.800m
[INFO] [1788624952.494339, 320.438000]: danger_detector: merged cross-view duplicate track 2 into track 1, distance=0.800m
[INFO] [1788624954.448013, 321.706000]: danger_detector: merged cross-view duplicate track 2 into track 1, distance=0.800m
[INFO] [1788624956.358330, 322.934000]: danger_detector: merged cross-view duplicate track 2 into track 1, distance=0.800m
[INFO] [1788624958.332970, 324.206000]: danger_detector: merged cross-view duplicate track 2 into track 1, distance=0.800m
[INFO] [1788624960.244955, 325.436000]: danger_detector: merged cross-view duplicate track 2 into track 1, distance=0.800m
[INFO] [1788624962.206049, 326.702000]: danger_detector: merged cross-view duplicate track 2 into track 1, distance=0.800m
[INFO] [1788624964.101163, 327.930000]: danger_detector: merged cross-view duplicate track 2 into track 1, distance=0.800m
[INFO] [1788624966.083507, 329.206000]: danger_detector: merged cross-view duplicate track 2 into track 1, distance=0.800m
[INFO] [1788624967.985705, 330.436000]: danger_detector: merged cross-view duplicate track 2 into track 1, distance=0.800m
[INFO] [1788624969.953749, 331.708000]: danger_detector: merged cross-view duplicate track 2 into track 1, distance=0.800m
[INFO] [1788624971.855868, 332.940000]: danger_detector: merged cross-view duplicate track 2 into track 1, distance=0.800m
[INFO] [1788624973.825030, 334.212000]: danger_detector: merged cross-view duplicate track 2 into track 1, distance=0.800m
[INFO] [1788624975.713838, 335.432000]: danger_detector: merged cross-view duplicate track 2 into track 1, distance=0.800m
[INFO] [1788624976.187167, 335.738000]: danger_detector: scan batch label=floor_1_room_3_g3 raw=0 min_points=3 clusters=[]
[INFO] [1788624976.188264, 335.738000]: danger_detector: merged cross-view duplicate track 2 into track 1, distance=0.800m
[INFO] [1788624978.400667, 337.174000]: danger_detector: merged cross-view duplicate track 2 into track 1, distance=0.800m
[INFO] [1788624980.503632, 338.514000]: danger_detector: merged cross-view duplicate track 2 into track 1, distance=0.800m
[INFO] [1788624982.468836, 339.776000]: danger_detector: merged cross-view duplicate track 2 into track 1, distance=0.800m
[INFO] [1788624984.490477, 341.080000]: danger_detector: merged cross-view duplicate track 2 into track 1, distance=0.800m
[INFO] [1788624986.464462, 342.348000]: danger_detector: merged cross-view duplicate track 2 into track 1, distance=0.800m
[INFO] [1788624987.833182, 343.234000]: danger_detector: scan batch label=floor_1_room_3_g4 raw=0 min_points=3 clusters=[]
[INFO] [1788624987.834843, 343.236000]: danger_detector: merged cross-view duplicate track 2 into track 1, distance=0.800m
[INFO] [1788624988.763329, 343.838000]: danger_detector: merged cross-view duplicate track 2 into track 1, distance=0.800m
[INFO] [1788624990.758866, 345.134000]: danger_detector: merged cross-view duplicate track 2 into track 1, distance=0.800m
[INFO] [1788624992.666137, 346.364000]: danger_detector: merged cross-view duplicate track 2 into track 1, distance=0.800m
[INFO] [1788624994.591870, 347.610000]: danger_detector: merged cross-view duplicate track 2 into track 1, distance=0.800m
[INFO] [1788624996.530044, 348.858000]: danger_detector: merged cross-view duplicate track 2 into track 1, distance=0.800m
[INFO] [1788624998.441759, 350.100000]: danger_detector: merged cross-view duplicate track 2 into track 1, distance=0.800m
[INFO] [1788625000.517403, 351.442000]: danger_detector: merged cross-view duplicate track 2 into track 1, distance=0.800m
[INFO] [1788625002.411143, 352.666000]: danger_detector: merged cross-view duplicate track 2 into track 1, distance=0.800m
[INFO] [1788625004.365827, 353.916000]: danger_detector: merged cross-view duplicate track 2 into track 1, distance=0.800m
[INFO] [1788625006.309886, 355.168000]: danger_detector: merged cross-view duplicate track 2 into track 1, distance=0.800m
[INFO] [1788625008.254401, 356.418000]: danger_detector: merged cross-view duplicate track 2 into track 1, distance=0.800m
[INFO] [1788625010.191656, 357.668000]: danger_detector: merged cross-view duplicate track 2 into track 1, distance=0.800m
[INFO] [1788625012.115172, 358.910000]: danger_detector: merged cross-view duplicate track 2 into track 1, distance=0.800m
[INFO] [1788625014.063776, 360.166000]: danger_detector: merged cross-view duplicate track 2 into track 1, distance=0.800m
[INFO] [1788625016.041705, 361.434000]: danger_detector: merged cross-view duplicate track 2 into track 1, distance=0.800m
[INFO] [1788625017.970949, 362.678000]: danger_detector: merged cross-view duplicate track 2 into track 1, distance=0.800m
[INFO] [1788625019.906316, 363.920000]: danger_detector: merged cross-view duplicate track 2 into track 1, distance=0.800m
[INFO] [1788625021.824424, 365.160000]: danger_detector: merged cross-view duplicate track 2 into track 1, distance=0.800m
[INFO] [1788625023.745873, 366.404000]: danger_detector: merged cross-view duplicate track 2 into track 1, distance=0.800m
[INFO] [1788625025.683971, 367.652000]: danger_detector: merged cross-view duplicate track 2 into track 1, distance=0.800m
[INFO] [1788625027.666043, 368.934000]: danger_detector: merged cross-view duplicate track 2 into track 1, distance=0.800m
[INFO] [1788625029.570917, 370.164000]: danger_detector: merged cross-view duplicate track 2 into track 1, distance=0.800m
[INFO] [1788625031.503722, 371.408000]: danger_detector: merged cross-view duplicate track 2 into track 1, distance=0.800m
[INFO] [1788625033.443326, 372.664000]: danger_detector: merged cross-view duplicate track 2 into track 1, distance=0.800m
[INFO] [1788625035.366441, 373.908000]: danger_detector: merged cross-view duplicate track 2 into track 1, distance=0.800m
[INFO] [1788625037.299002, 375.158000]: danger_detector: merged cross-view duplicate track 2 into track 1, distance=0.800m
[INFO] [1788625039.434621, 376.534000]: danger_detector: merged cross-view duplicate track 2 into track 1, distance=0.800m
[INFO] [1788625041.329750, 377.746000]: danger_detector: merged cross-view duplicate track 2 into track 1, distance=0.800m
[INFO] [1788625043.333353, 379.016000]: danger_detector: merged cross-view duplicate track 2 into track 1, distance=0.800m
[INFO] [1788625045.250423, 380.244000]: danger_detector: merged cross-view duplicate track 2 into track 1, distance=0.800m
[FSM]: state: INIT
wait for goal.
[FSM]: state: INIT
wait for goal.
[FSM]: state: INIT
wait for goal.
[FSM]: state: INIT
wait for goal.
[FSM]: state: INIT
wait for goal.
[FSM]: state: INIT
wait for goal.
[FSM]: state: INIT
wait for goal.
[FSM]: state: INIT
wait for goal.
[FSM]: state: INIT
wait for goal.
[FSM]: state: INIT
wait for goal.
[FSM]: state: INIT
wait for goal.
[FSM]: state: INIT
wait for goal.
[FSM]: state: INIT
wait for goal.
[FSM]: state: INIT
wait for goal.
[FSM]: state: INIT
wait for goal.
[FSM]: state: INIT
wait for goal.
[FSM]: state: INIT
wait for goal.
[FSM]: state: INIT
wait for goal.
[FSM]: state: INIT
wait for goal.
[33m[WARN] [1788625076.884416959, 400.702000000]: Using one-shot plane RL takeover profile: blend 0.50 s, zero hold 0.15 s[0m
[0m[INFO] [1788625044.218012352, 379.584000000]: RL policy input vx=0.000 vy=0.000 wz=0.000 action_rms=0.149 ready=0 userCmd=0 kbd=0 raw=0.000,0.000,0.000 grav=-0.01,0.01,-0.98[0m
[0m[INFO] [1788625044.550250105, 379.794000000]: RL locomotion_ready latched after 0.67 s takeover and 0.66 s stable hold[0m
[0m[INFO] [1788625047.371159052, 381.596000000]: RL policy input vx=0.800 vy=-0.022 wz=-0.010 action_rms=0.473 ready=1 userCmd=0 kbd=0 raw=0.800,-0.022,-0.010 grav=-0.34,-0.06,-0.92[0m
[0m[INFO] [1788625050.475328633, 383.608000000]: RL policy input vx=0.800 vy=0.025 wz=0.011 action_rms=0.418 ready=1 userCmd=0 kbd=0 raw=0.800,0.025,0.011 grav=-0.40,0.05,-0.89[0m
[0m[INFO] [1788625053.589531393, 385.626000000]: RL policy input vx=0.798 vy=0.054 wz=0.024 action_rms=0.572 ready=1 userCmd=0 kbd=0 raw=0.798,0.054,0.024 grav=-0.37,-0.03,-0.91[0m
[0m[INFO] [1788625056.700501365, 387.632000000]: RL policy input vx=0.555 vy=-0.504 wz=-0.811 action_rms=0.244 ready=1 userCmd=0 kbd=0 raw=0.555,-0.504,-0.811 grav=-0.04,-0.04,-0.98[0m
[0m[INFO] [1788625059.803738566, 389.636000000]: RL policy input vx=0.298 vy=-0.030 wz=-0.111 action_rms=0.188 ready=1 userCmd=0 kbd=0 raw=0.298,-0.030,-0.111 grav=-0.01,0.01,-0.98[0m
[0m[INFO] [1788625062.913560191, 391.656000000]: RL policy input vx=0.000 vy=0.000 wz=-0.379 action_rms=0.157 ready=1 userCmd=0 kbd=0 raw=0.000,0.000,-0.379 grav=-0.03,0.03,-0.98[0m
[0m[INFO] [1788625066.027012010, 393.660000000]: RL policy input vx=0.788 vy=-0.141 wz=-0.062 action_rms=0.307 ready=1 userCmd=0 kbd=0 raw=0.788,-0.141,-0.062 grav=-0.05,-0.05,-0.98[0m
[0m[INFO] [1788625069.124420664, 395.666000000]: RL policy input vx=0.431 vy=0.254 wz=-0.039 action_rms=0.344 ready=1 userCmd=0 kbd=0 raw=0.431,0.254,-0.039 grav=-0.42,-0.08,-0.88[0m
[0m[INFO] [1788625072.227313631, 397.678000000]: RL policy input vx=0.799 vy=0.030 wz=0.013 action_rms=0.505 ready=1 userCmd=0 kbd=0 raw=0.799,0.030,0.013 grav=-0.38,-0.09,-0.90[0m
[0m[INFO] [1788625075.330831376, 399.694000000]: RL policy input vx=0.583 vy=0.142 wz=0.084 action_rms=0.577 ready=1 userCmd=0 kbd=0 raw=0.583,0.142,0.084 grav=-0.25,0.04,-0.95[0m
cuda::is_available():0
RL inference device: cpu (requested=hybrid, policy=plane)
[INFO] RL policy hot-switched from preload cache: /home/quinn/0904/runtime_assets/SimEnv/src/unitree_guide/logs/policy_act_inference_plane.pt
[FSM]: state: INIT
wait for goal.
[FSM]: state: INIT
wait for goal.
[INFO] [1788625040.675837, 377.322000]: Floor-2 stair controller armed by SECOND_FLOOR_EXPLORATION_COMPLETE.
[INFO] [1788625040.702045, 377.340000]: Robot is already 0.02 m from the pre-riser pose; skipping the corridor/side legs.
[INFO] [1788625040.703165, 377.340000]: Pre-ascent residual heading error -0.120 rad (visual_depth=False, bearing=none).
[INFO] [1788625041.611178, 377.920000]: Flight-A body settled for 0.35 s; waiting for joint RMS capture window <= 0.180 (current=0.394).
[INFO] [1788625041.827848, 378.060000]: Pre-ascent stand target set from flight-A pre-reload capture entry sample
[INFO] [1788625041.835045, 378.064000]: Flight-A plane gait settled at joint RMS 0.152; holding FixedStand for at least 0.1 s at snapshot pose before queued stair-policy entry.
[INFO] [1788625043.244011, 378.960000]: Flight-A FixedStand readiness gate complete; queued the stair policy for State_RL entry and retaining stand ownership for 0.25 s.
[INFO] [1788625043.502080, 379.124000]: Flight-A policy request has been queued under FixedStand; requesting RL so State_RL loads it before inference starts.
[INFO] [1788625044.560203, 379.800000]: Fresh RL readiness confirmed after the flight-A FixedStand boundary; starting the climb ramp.
[INFO] [1788625044.589626, 379.820000]: Flight-A fresh RL readiness observed; ascent clocks reset and 1.2 s climb ramp started.
[INFO] [1788625044.590654, 379.820000]: STPUB phase=STAIR_ASCENT world=(0.000,0.001,-0.032) body=(0.001,-0.000,-0.032) truth_z=2.912 pose=2.912174829688279
[INFO] [1788625046.179403, 380.840000]: STPUB phase=STAIR_ASCENT world=(0.000,0.800,-0.024) body=(0.798,-0.054,-0.024) truth_z=2.940 pose=2.9399361593368427
[INFO] [1788625047.780873, 381.860000]: STPUB phase=STAIR_ASCENT world=(0.000,0.800,0.010) body=(0.800,0.022,0.010) truth_z=3.098 pose=3.097831866345225
[INFO] [1788625049.352893, 382.880000]: STPUB phase=STAIR_ASCENT world=(0.000,0.600,0.009) body=(0.600,0.015,0.009) truth_z=3.345 pose=3.344745401079223
[INFO] [1788625050.928662, 383.900000]: STPUB phase=STAIR_ASCENT world=(0.000,0.800,0.008) body=(0.800,0.019,0.008) truth_z=3.590 pose=3.5897901139555137
[INFO] [1788625052.499342, 384.920000]: STPUB phase=STAIR_ASCENT world=(0.000,0.800,0.008) body=(0.800,0.019,0.008) truth_z=3.839 pose=3.838826641528051
[INFO] [1788625054.079351, 385.940000]: STPUB phase=STAIR_ASCENT world=(-0.031,0.800,0.027) body=(0.795,0.093,0.027) truth_z=4.069 pose=4.0686000313907655
[INFO] [1788625055.354694, 386.760000]: Intermediate landing entered at y=4.76 m; starting moving turn.
[INFO] [1788625055.662678, 386.960000]: STPUB phase=STAIR_LANDING_TURN world=(0.750,0.000,-1.200) body=(0.111,-0.742,-1.200) truth_z=4.214 pose=4.213650402921124
[INFO] [1788625057.234260, 387.980000]: STPUB phase=STAIR_LANDING_TURN world=(0.750,0.000,-0.553) body=(0.657,-0.361,-0.553) truth_z=4.204 pose=4.203992336644216
[INFO] [1788625058.820424, 389.000000]: STPUB phase=STAIR_LANDING_TURN world=(0.331,0.000,-0.240) body=(0.326,-0.059,-0.240) truth_z=4.217 pose=4.216886008644188
[INFO] [1788625060.394500, 390.020000]: STPUB phase=STAIR_LANDING_TURN world=(0.000,0.000,-1.200) body=(0.000,0.000,-1.200) truth_z=4.217 pose=4.2167166329654515
[INFO] [1788625061.965314, 391.040000]: STPUB phase=STAIR_LANDING_TURN world=(0.000,0.000,-0.616) body=(0.000,0.000,-0.616) truth_z=4.219 pose=4.218676841488101
[INFO] [1788625063.539790, 392.060000]: STPUB phase=STAIR_LANDING_TURN world=(0.000,0.000,-0.284) body=(0.000,0.000,-0.284) truth_z=4.226 pose=4.22572625463477
[INFO] [1788625064.992398, 393.000000]: Flight-B entry aligned: x error=-0.021 m, heading error=-0.148 rad.
[INFO] [1788625064.993307, 393.000000]: Flight-B entry joints saved (12 dofs) -> /home/quinn/0904/results/official_gui_rtf065_s111_20260906_000642/flight_b_entry_joints_1.json
[INFO] [1788625065.028110, 393.020000]: ASCENT_B gate: entry_guide=True truth_pose=True start_z=2.912 profile=True heading=-1.571 pose_z=4.23069850821743 truth_z=4.23069850821743
[INFO] [1788625065.028956, 393.020000]: Pre-ascent RL settle: holding zero command until motion is stable for 0.6 s before FixedStand.
[INFO] [1788625065.029685, 393.020000]: Pre-ascent RL settle active: stable 0.00/0.60 s.
[INFO] [1788625065.655486, 393.420000]: Pre-ascent RL motion settled for 0.63 s; settle-only gate complete (FixedStand disabled).
[INFO] [1788625065.686978, 393.440000]: STPUB phase=STAIR_ASCENT_B world=(0.000,-0.800,-0.067) body=(0.785,-0.152,-0.067) truth_z=4.230 pose=4.22952769919407
[INFO] [1788625066.610110, 394.040000]: ASCENT_B gate: entry_guide=True truth_pose=True start_z=2.912 profile=True heading=-1.571 pose_z=4.275742496286317 truth_z=4.275742496286317
[INFO] [1788625067.259200, 394.460000]: STPUB phase=STAIR_ASCENT_B world=(-0.027,-0.800,-0.044) body=(0.790,-0.129,-0.044) truth_z=4.326 pose=4.325733549810589
[INFO] [1788625068.183970, 395.060000]: ASCENT_B gate: entry_guide=True truth_pose=True start_z=2.912 profile=True heading=-1.571 pose_z=4.51120765355375 truth_z=4.51120765355375
[INFO] [1788625068.835684, 395.480000]: STPUB phase=STAIR_ASCENT_B world=(0.000,-0.600,-0.048) body=(0.594,-0.083,-0.048) truth_z=4.664 pose=4.663742529407031
[INFO] [1788625069.759714, 396.080000]: ASCENT_B gate: entry_guide=True truth_pose=True start_z=2.912 profile=True heading=-1.571 pose_z=4.795318870387341 truth_z=4.795318870387341
[INFO] [1788625070.405563, 396.500000]: STPUB phase=STAIR_ASCENT_B world=(-0.200,-0.600,-0.012) body=(0.593,-0.220,-0.012) truth_z=4.892 pose=4.892009342715419
[INFO] [1788625071.335173, 397.100000]: ASCENT_B gate: entry_guide=True truth_pose=True start_z=2.912 profile=True heading=-1.571 pose_z=5.026377746786378 truth_z=5.026377746786378
[INFO] [1788625071.981595, 397.520000]: STPUB phase=STAIR_ASCENT_B world=(0.000,-0.600,0.018) body=(0.599,0.032,0.018) truth_z=5.104 pose=5.103754601116285
[INFO] [1788625072.904945, 398.120000]: ASCENT_B gate: entry_guide=True truth_pose=True start_z=2.912 profile=True heading=-1.571 pose_z=5.220227837151223 truth_z=5.220227837151223
[INFO] [1788625073.551472, 398.540000]: STPUB phase=STAIR_ASCENT_B world=(-0.027,-0.800,0.024) body=(0.800,0.028,0.024) truth_z=5.281 pose=5.280424208506839
[INFO] [1788625074.475031, 399.140000]: ASCENT_B gate: entry_guide=True truth_pose=True start_z=2.912 profile=True heading=-1.571 pose_z=5.389851431298959 truth_z=5.389851431298959
[INFO] [1788625075.123702, 399.560000]: STPUB phase=STAIR_ASCENT_B world=(0.000,-0.600,0.080) body=(0.584,0.136,0.080) truth_z=5.478 pose=5.477432646041559
[INFO] [1788625076.047189, 400.160000]: ASCENT_B gate: entry_guide=True truth_pose=True start_z=2.912 profile=True heading=-1.571 pose_z=5.509862407458931 truth_z=5.509862407458931
[INFO] [1788625076.295022, 400.320000]: Upper landing entered: gain=2.60 m, clearance=0.01 m; stabilizing for 0.5 s.
[INFO] [1788625076.818110, 400.660000]: Floor-3 landing confirmed after two flights: gain=2.60 m clearance=0.09 m.
[INFO] [1788625077.984481, 401.412000]: Plane policy acknowledged on the upper landing; releasing stair controller ownership.
[FSM]: state: INIT
wait for goal.
[FSM]: state: INIT
wait for goal.
[FSM]: state: INIT
wait for goal.
[FSM]: state: INIT
wait for goal.
[FSM]: state: INIT
wait for goal.
[FSM]: state: INIT
wait for goal.
[FSM]: state: INIT
wait for goal.
[FSM]: state: INIT
wait for goal.
[FSM]: state: INIT
wait for goal.
[FSM]: state: INIT
wait for goal.
[FSM]: state: INIT
wait for goal.
[FSM]: state: INIT
wait for goal.
[FSM]: state: INIT
wait for goal.
[FSM]: state: INIT
wait for goal.
[FSM]: state: INIT
wait for goal.
[FSM]: state: INIT
wait for goal.
[FSM]: state: INIT
wait for goal.
[FSM]: state: INIT
wait for goal.
[FSM]: state: INIT
wait for goal.
[FSM]: state: INIT
wait for goal.
[FSM]: state: INIT
wait for goal.
[FSM]: state: INIT
wait for goal.
[FSM]: state: INIT
wait for goal.
[FSM]: state: INIT
wait for goal.
[FSM]: state: INIT
wait for goal.
[FSM]: state: INIT
wait for goal.
[FSM]: state: INIT
wait for goal.
[FSM]: state: INIT
wait for goal.
[FSM]: state: INIT
wait for goal.
[FSM]: state: INIT
wait for goal.
[FSM]: state: INIT
wait for goal.
[FSM]: state: INIT
wait for goal.
[FSM]: state: INIT
wait for goal.
[FSM]: state: INIT
wait for goal.
[FSM]: state: INIT
wait for goal.
[FSM]: state: INIT
wait for goal.
[FSM]: state: INIT
wait for goal.
[FSM]: state: INIT
wait for goal.
[FSM]: state: INIT
wait for goal.
[FSM]: state: INIT
wait for goal.
[FSM]: state: INIT
wait for goal.
[0m[INFO] [1788625077.895817655, 401.356000000]: RL locomotion_ready latched after 0.65 s takeover and 0.40 s stable hold[0m
[0m[INFO] [1788625078.438304738, 401.704000000]: RL policy input vx=0.000 vy=0.000 wz=0.000 action_rms=0.148 ready=1 userCmd=0 kbd=0 raw=0.000,0.000,0.000 grav=-0.03,-0.01,-0.98[0m
[0m[INFO] [1788625081.568310481, 403.716000000]: RL policy input vx=0.000 vy=0.000 wz=0.327 action_rms=0.144 ready=1 userCmd=0 kbd=0 raw=0.000,0.000,0.327 grav=0.01,-0.01,-0.98[0m
[0m[INFO] [1788625084.689503555, 405.730000000]: RL policy input vx=0.704 vy=0.000 wz=0.230 action_rms=0.359 ready=1 userCmd=0 kbd=0 raw=0.704,0.000,0.230 grav=-0.00,-0.02,-0.98[0m
[0m[INFO] [1788625087.806962698, 407.744000000]: RL policy input vx=0.000 vy=0.000 wz=0.255 action_rms=0.146 ready=1 userCmd=0 kbd=0 raw=0.000,0.000,0.255 grav=0.01,-0.03,-0.98[0m
[0m[INFO] [1788625090.971693556, 409.748000000]: RL policy input vx=2.250 vy=0.000 wz=-0.009 action_rms=0.462 ready=1 userCmd=0 kbd=0 raw=2.250,0.000,-0.009 grav=0.01,0.03,-0.98[0m
[0m[INFO] [1788625094.218416955, 411.768000000]: RL policy input vx=2.250 vy=0.000 wz=-0.005 action_rms=0.339 ready=1 userCmd=0 kbd=0 raw=2.250,0.000,-0.005 grav=-0.02,-0.01,-0.98[0m
[0m[INFO] [1788625097.432571006, 413.768000000]: RL policy input vx=2.247 vy=0.000 wz=0.057 action_rms=0.318 ready=1 userCmd=0 kbd=0 raw=2.247,0.000,0.057 grav=0.04,-0.02,-0.98[0m
[0m[INFO] [1788625100.642533302, 415.776000000]: RL policy input vx=0.735 vy=0.000 wz=0.322 action_rms=0.277 ready=1 userCmd=0 kbd=0 raw=0.735,0.000,0.322 grav=0.04,-0.07,-0.98[0m
[0m[INFO] [1788625103.781222572, 417.784000000]: RL policy input vx=0.000 vy=0.000 wz=0.400 action_rms=0.151 ready=1 userCmd=0 kbd=0 raw=0.000,0.000,0.400 grav=0.03,0.00,-0.98[0m
[0m[INFO] [1788625106.969547293, 419.784000000]: RL policy input vx=0.449 vy=0.000 wz=0.052 action_rms=0.252 ready=1 userCmd=0 kbd=0 raw=0.449,0.000,0.052 grav=0.01,-0.01,-0.98[0m
[0m[INFO] [1788625110.164163961, 421.798000000]: RL policy input vx=0.450 vy=0.000 wz=-0.001 action_rms=0.157 ready=1 userCmd=0 kbd=0 raw=0.450,0.000,-0.001 grav=0.01,-0.02,-0.98[0m
[0m[INFO] [1788625113.390146648, 423.812000000]: RL policy input vx=0.898 vy=0.063 wz=0.078 action_rms=0.188 ready=1 userCmd=0 kbd=0 raw=0.898,0.063,0.078 grav=0.00,-0.01,-0.98[0m
[0m[INFO] [1788625116.613989708, 425.830000000]: RL policy input vx=0.900 vy=0.012 wz=0.015 action_rms=0.366 ready=1 userCmd=0 kbd=0 raw=0.900,0.012,0.015 grav=-0.00,-0.03,-0.98[0m
[0m[INFO] [1788625119.769401435, 427.832000000]: RL policy input vx=0.000 vy=0.000 wz=-0.998 action_rms=0.178 ready=1 userCmd=0 kbd=0 raw=0.000,0.000,-0.998 grav=0.03,0.01,-0.98[0m
[0m[INFO] [1788625122.908874095, 429.846000000]: RL policy input vx=0.000 vy=0.000 wz=-1.039 action_rms=0.142 ready=1 userCmd=0 kbd=0 raw=0.000,0.000,-1.039 grav=0.00,-0.00,-0.98[0m
[0m[INFO] [1788625126.087333599, 431.866000000]: RL policy input vx=0.659 vy=0.550 wz=0.765 action_rms=0.220 ready=1 userCmd=0 kbd=0 raw=0.659,0.550,0.765 grav=-0.03,-0.00,-0.98[0m
[0m[INFO] [1788625129.212679078, 433.874000000]: RL policy input vx=0.897 vy=0.071 wz=0.087 action_rms=0.378 ready=1 userCmd=0 kbd=0 raw=0.897,0.071,0.087 grav=-0.01,0.00,-0.98[0m
[0m[INFO] [1788625132.320271334, 435.876000000]: RL policy input vx=0.000 vy=0.000 wz=2.900 action_rms=0.114 ready=1 userCmd=0 kbd=0 raw=0.000,0.000,2.900 grav=0.02,-0.00,-0.98[0m
[0m[INFO] [1788625135.432903733, 437.882000000]: RL policy input vx=2.247 vy=-0.112 wz=-0.055 action_rms=0.467 ready=1 userCmd=0 kbd=0 raw=2.247,-0.112,-0.055 grav=-0.02,0.05,-0.98[0m
[0m[INFO] [1788625138.559084746, 439.900000000]: RL policy input vx=0.000 vy=0.000 wz=0.202 action_rms=0.168 ready=1 userCmd=0 kbd=0 raw=0.000,0.000,0.202 grav=0.02,-0.02,-0.98[0m
[0m[INFO] [1788625141.696144192, 441.908000000]: RL policy input vx=0.450 vy=0.000 wz=0.024 action_rms=0.192 ready=1 userCmd=0 kbd=0 raw=0.450,0.000,0.024 grav=0.00,-0.02,-0.98[0m
[0m[INFO] [1788625144.843892255, 443.920000000]: RL policy input vx=0.878 vy=-0.013 wz=-0.009 action_rms=0.195 ready=1 userCmd=0 k[FSM]: state: INIT
wait for goal.
[FSM]: state: INIT
wait for goal.
[FSM]: state: INIT
wait for goal.
[FSM]: state: INIT
wait for goal.
[FSM]: state: INIT
wait for goal.
[FSM]: state: INIT
wait for goal.
[FSM]: state: INIT
wait for goal.
[FSM]: state: INIT
wait for goal.
[FSM]: state: INIT
wait for goal.
[FSM]: state: INIT
wait for goal.
[FSM]: state: INIT
wait for goal.
[FSM]: state: INIT
wait for goal.
[INFO] [1788625047.281367, 381.538000]: danger_detector: merged cross-view duplicate track 2 into track 1, distance=0.800m
[INFO] [1788625050.151690, 383.398000]: danger_detector: merged cross-view duplicate track 2 into track 1, distance=0.800m
[INFO] [1788625053.050925, 385.276000]: danger_detector: merged cross-view duplicate track 2 into track 1, distance=0.800m
[INFO] [1788625055.577200, 386.904000]: danger_detector: merged cross-view duplicate track 2 into track 1, distance=0.800m
[INFO] [1788625057.677459, 388.266000]: danger_detector: merged cross-view duplicate track 2 into track 1, distance=0.800m
[INFO] [1788625059.606627, 389.508000]: danger_detector: merged cross-view duplicate track 2 into track 1, distance=0.800m
[INFO] [1788625061.540819, 390.764000]: danger_detector: merged cross-view duplicate track 2 into track 1, distance=0.800m
[INFO] [1788625063.474884, 392.018000]: danger_detector: merged cross-view duplicate track 2 into track 1, distance=0.800m
[INFO] [1788625065.415769, 393.268000]: danger_detector: merged cross-view duplicate track 2 into track 1, distance=0.800m
[INFO] [1788625067.334207, 394.508000]: danger_detector: merged cross-view duplicate track 2 into track 1, distance=0.800m
[INFO] [1788625069.681070, 396.028000]: danger_detector: merged cross-view duplicate track 2 into track 1, distance=0.800m
[INFO] [1788625073.574663, 398.554000]: danger_detector: merged cross-view duplicate track 2 into track 1, distance=0.800m
[INFO] [1788625076.475182, 400.436000]: danger_detector: merged cross-view duplicate track 2 into track 1, distance=0.800m
[INFO] [1788625078.386155, 401.670000]: danger_detector: merged cross-view duplicate track 2 into track 1, distance=0.800m
[INFO] [1788625080.345063, 402.928000]: danger_detector: merged cross-view duplicate track 2 into track 1, distance=0.800m
[INFO] [1788625082.297046, 404.186000]: danger_detector: merged cross-view duplicate track 2 into track 1, distance=0.800m
[INFO] [1788625084.228017, 405.430000]: danger_detector: merged cross-view duplicate track 2 into track 1, distance=0.800m
[INFO] [1788625086.177617, 406.692000]: danger_detector: merged cross-view duplicate track 2 into track 1, distance=0.800m
[INFO] [1788625088.097699, 407.932000]: danger_detector: merged cross-view duplicate track 2 into track 1, distance=0.800m
[INFO] [1788625090.058447, 409.178000]: danger_detector: merged cross-view duplicate track 2 into track 1, distance=0.800m
[INFO] [1788625092.070898, 410.430000]: danger_detector: merged cross-view duplicate track 2 into track 1, distance=0.800m
[INFO] [1788625094.085305, 411.686000]: danger_detector: merged cross-view duplicate track 2 into track 1, distance=0.800m
[INFO] [1788625096.064696, 412.922000]: danger_detector: merged cross-view duplicate track 2 into track 1, distance=0.800m
[INFO] [1788625098.082751, 414.176000]: danger_detector: merged cross-view duplicate track 2 into track 1, distance=0.800m
[INFO] [1788625100.101308, 415.430000]: danger_detector: merged cross-view duplicate track 2 into track 1, distance=0.800m
[INFO] [1788625102.057646, 416.692000]: danger_detector: merged cross-view duplicate track 2 into track 1, distance=0.800m
[INFO] [1788625104.009390, 417.920000]: danger_detector: merged cross-view duplicate track 2 into track 1, distance=0.800m
[INFO] [1788625106.001371, 419.176000]: danger_detector: merged cross-view duplicate track 2 into track 1, distance=0.800m
[INFO] [1788625107.981936, 420.420000]: danger_detector: merged cross-view duplicate track 2 into track 1, distance=0.800m
[INFO] [1788625109.967875, 421.674000]: danger_detector: merged cross-view duplicate track 2 into track 1, distance=0.800m
[INFO] [1788625111.965954, 422.922000]: danger_detector: merged cross-view duplicate track 2 into track 1, distance=0.800m
[INFO] [1788625113.966836, 424.170000]: danger_detector: merged cross-view duplicate track 2 into track 1, distance=0.800m
[INFO] [1788625115.965116, 425.420000]: danger_detector: merged cross-view duplicate track 2 into track 1, distance=0.800m
[INFO] [1788625117.937078, 426.670000]: danger_detector: merged cross-view duplicate track 2 into track 1, distance=0.800m
[INFO] [1788625119.906877, 427.920000]: danger_detector: merged cross-view duplicate track 2 into track 1, distance=0.800m
[INFO] [1788625121.895502, 429.192000]: danger_detector: merged cross-view duplicate track 2 into track 1, distance=0.800m
[INFO] [1788625122.168345, 429.368000]: danger_detector: scan batch label=floor_2_room_0_g3 raw=0 min_points=3 clusters=[]
[INFO] [1788625122.169756, 429.368000]: danger_detector: merged cross-view duplicate track 2 into track 1, distance=0.800m
[INFO] [1788625123.854213, 430.436000]: danger_detector: merged cross-view duplicate track 2 into track 1, distance=0.800m
[INFO] [1788625125.805432, 431.688000]: danger_detector: merged cross-view duplicate track 2 into track 1, distance=0.800m
[INFO] [1788625127.735720, 432.922000]: danger_detector: merged cross-view duplicate track 2 into track 1, distance=0.800m
[INFO] [1788625129.715750, 434.196000]: danger_detector: merged cross-view duplicate track 2 into track 1, distance=0.800m
[INFO] [1788625131.646329, 435.442000]: danger_detector: merged cross-view duplicate track 2 into track 1, distance=0.800m
[INFO] [1788625133.583125, 436.682000]: danger_detector: merged cross-view duplicate track 2 into track 1, distance=0.800m
[INFO] [1788625133.915673, 436.898000]: danger_detector: scan batch label=floor_2_room_0_g4 raw=0 min_points=3 clusters=[]
[INFO] [1788625133.917011, 436.900000]: danger_detector: merged cross-view duplicate track 2 into track 1, distance=0.800m
[INFO] [1788625135.507550, 437.930000]: danger_detector: merged cross-view duplicate track 2 into track 1, distance=0.800m
[INFO] [1788625137.438213, 439.180000]: danger_detector: merged cross-view duplicate track 2 into track 1, distance=0.800m
[INFO] [1788625139.396587, 440.442000]: danger_detector: merged cross-view duplicate track 2 into track 1, distance=0.800m
[INFO] [1788625141.337718, 441.678000]: danger_detector: merged cross-view duplicate track 2 into track 1, distance=0.800m
[INFO] [1788625143.291389, 442.934000]: danger_detector: merged cross-view duplicate track 2 into track 1, distance=0.800m
[INFO] [1788625145.244342, 444.178000]: danger_detector: merged cross-view duplicate track 2 into track 1, distance=0.800m
[INFO] [1788625147.213769, 445.436000]: danger_detector: merged cross-view duplicate track 2 into track 1, distance=0.800m
[INFO] [1788625149.152242, 446.684000]: danger_detector: merged cross-view duplicate track 2 into track 1, distance=0.800m
[INFO] [1788625151.106546, 447.934000]: danger_detector: merged cross-view duplicate track 2 into track 1, distance=0.800m
[INFO] [1788625153.046721, 449.188000]: danger_detector: merged cross-view duplicate track 2 into track 1, distance=0.800m
[INFO] [1788625154.977628, 450.424000]: danger_detector: merged cross-view duplicate track 2 into track 1, distance=0.800m
[INFO] [1788625156.934651, 451.674000]: danger_detector: merged cross-view duplicate track 2 into track 1, distance=0.800m
[INFO] [1788625158.884661, 452.930000]: danger_detector: merged cross-view duplicate track 2 into track 1, distance=0.800m
[INFO] [1788625160.812750, 454.180000]: danger_detector: merged cross-view duplicate track 2 into track 1, distance=0.800m
[INFO] [1788625161.655220, 454.724000]: danger_detector: confirmed red sphere #4 at [8.5577, 14.0628, 5.35], t=438.27s, stage=floor_3_exploration
[INFO] [1788625161.656617, 454.724000]: danger_detector: merged cross-view duplicate track 2 into track 1, distance=0.800m
[INFO] [1788625162.769950, 455.436000]: danger_detector: merged cross-view duplicate track 2 into track 1, distance=0.800m
[INFO] [1788625163.090381, 455.640000]: danger_detector: confirmed red sphere #5 at [3.3383, 14.3098, 5.35], t=439.18s, stage=floor_3_exploration
[INFO] [1788625163.091385, 455.642000]: danger_detector: merged cross-view duplicate track 2 into track 1, distance=0.800m
[FSM]: state: INIT
wait for goal.
[FSM]: state: INIT
wait for goal.
[FSM]: state: INIT
wait for goal.
[FSM]: state: INIT
wait for goal.
[FSM]: state: INIT
wait for goal.
[FSM]: state: INIT
wait for goal.
[FSM]: state: INIT
wait for goal.
[FSM]: state: INIT
wait for goal.
[FSM]: state: INIT
wait for goal.
[33m[WARN] [1788625176.832052987, 464.364000000]: Plane tilt guard scaling cmd_vel by 0.86 at tilt 0.158 rad[0m
[FSM]: state: INIT
wait for goal.
[FSM]: state: INIT
wait for goal.
[FSM]: state: INIT
wait for goal.
[FSM]: state: INIT
wait for goal.
[FSM]: state: INIT
wait for goal.
[FSM]: state: INIT
wait for goal.
[FSM]: state: INIT
wait for goal.
[FSM]: state: INIT
wait for goal.
[FSM]: state: INIT
wait for goal.
[FSM]: state: INIT
wait for goal.
[FSM]: state: INIT
wait for goal.
[FSM]: state: INIT
wait for goal.
[FSM]: state: INIT
wait for goal.
[FSM]: state: INIT
wait for goal.
[FSM]: state: INIT
wait for goal.
[FSM]: state: INIT
wait for goal.
[FSM]: state: INIT
wait for goal.
[FSM]: state: INIT
wait for goal.
[FSM]: state: INIT
wait for goal.
[FSM]: state: INIT
wait for goal.
[FSM]: state: INIT
wait for goal.
[FSM]: state: INIT
wait for goal.
[FSM]: state: INIT
wait for goal.
[FSM]: state: INIT
wait for goal.
[FSM]: state: INIT
wait for goal.
[FSM]: state: INIT
wait for goal.
bd=0 raw=0.878,-0.013,-0.009 grav=0.00,0.01,-0.98[0m
[0m[INFO] [1788625147.968646362, 445.922000000]: RL policy input vx=0.450 vy=0.000 wz=-0.005 action_rms=0.211 ready=1 userCmd=0 kbd=0 raw=0.450,0.000,-0.005 grav=0.01,-0.01,-0.98[0m
[0m[INFO] [1788625151.091328107, 447.924000000]: RL policy input vx=0.450 vy=0.000 wz=-0.020 action_rms=0.185 ready=1 userCmd=0 kbd=0 raw=0.450,0.000,-0.020 grav=0.01,-0.01,-0.98[0m
[0m[INFO] [1788625154.195766402, 449.930000000]: RL policy input vx=0.899 vy=0.051 wz=0.063 action_rms=0.193 ready=1 userCmd=0 kbd=0 raw=0.899,0.051,0.063 grav=-0.00,-0.01,-0.98[0m
[0m[INFO] [1788625157.340817798, 451.934000000]: RL policy input vx=0.900 vy=0.002 wz=0.002 action_rms=0.361 ready=1 userCmd=0 kbd=0 raw=0.900,0.002,0.002 grav=-0.00,-0.03,-0.98[0m
[0m[INFO] [1788625160.451138849, 453.946000000]: RL policy input vx=0.305 vy=0.002 wz=0.009 action_rms=0.153 ready=1 userCmd=0 kbd=0 raw=0.305,0.002,0.009 grav=0.03,-0.03,-0.98[0m
[0m[INFO] [1788625163.609889710, 455.964000000]: RL policy input vx=0.000 vy=0.000 wz=-2.900 action_rms=0.381 ready=1 userCmd=0 kbd=0 raw=0.000,0.000,-2.900 grav=-0.01,0.01,-0.98[0m
[0m[INFO] [1788625166.760822278, 457.968000000]: RL policy input vx=0.198 vy=0.283 wz=1.143 action_rms=0.238 ready=1 userCmd=0 kbd=0 raw=0.198,0.283,1.143 grav=0.01,-0.00,-0.98[0m
[0m[INFO] [1788625169.976931423, 459.972000000]: RL policy input vx=0.894 vy=0.101 wz=0.124 action_rms=0.334 ready=1 userCmd=0 kbd=0 raw=0.894,0.101,0.124 grav=-0.01,0.01,-0.98[0m
[0m[INFO] [1788625173.134111251, 461.984000000]: RL policy input vx=0.000 vy=0.000 wz=1.516 action_rms=0.280 ready=1 userCmd=0 kbd=0 raw=0.000,0.000,1.516 grav=0.03,-0.01,-0.98[0m
[0m[INFO] [1788625176.241197106, 463.984000000]: RL policy input vx=1.368 vy=0.750 wz=0.684 action_rms=0.200 ready=1 userCmd=0 kbd=0 raw=1.368,0.750,0.684 grav=-0.04,0.02,-0.98[0m
[0m[INFO] [1788625179.440516414, 466.004000000]: RL policy input vx=0.280 vy=0.108 wz=0.406 action_rms=0.254 ready=1 userCmd=0 kbd=0 raw=0.280,0.108,0.406 grav=0.03,-0.00,-0.98[0m
[0m[INFO] [1788625182.633418816, 468.006000000]: RL policy input vx=0.450 vy=0.000 wz=-0.003 action_rms=0.155 ready=1 userCmd=0 kbd=0 raw=0.450,0.000,-0.003 grav=0.01,-0.01,-0.98[0m
[0m[INFO] [1788625185.843173271, 470.026000000]: RL policy input vx=0.841 vy=-0.009 wz=-0.011 action_rms=0.251 ready=1 userCmd=0 kbd=0 raw=0.841,-0.009,-0.011 grav=-0.00,-0.01,-0.98[0m
[0m[INFO] [1788625189.012683307, 472.032000000]: RL policy input vx=1.420 vy=-0.450 wz=-0.334 action_rms=0.194 ready=1 userCmd=0 kbd=0 raw=1.420,-0.450,-0.334 grav=-0.02,-0.07,-0.98[0m
[0m[INFO] [1788625192.157553109, 474.048000000]: RL policy input vx=2.240 vy=-0.216 wz=-0.106 action_rms=0.325 ready=1 userCmd=0 kbd=0 raw=2.240,-0.216,-0.106 grav=0.02,0.01,-0.98[0m
[0m[INFO] [1788625195.261719124, 476.060000000]: RL policy input vx=2.250 vy=0.012 wz=0.006 action_rms=0.398 ready=1 userCmd=0 kbd=0 raw=2.250,0.012,0.006 grav=-0.07,-0.12,-0.97[0m
[0m[INFO] [1788625198.361230106, 478.068000000]: RL policy input vx=2.250 vy=-0.003 wz=-0.001 action_rms=0.207 ready=1 userCmd=0 kbd=0 raw=2.250,-0.003,-0.001 grav=-0.01,0.02,-0.98[0m
[0m[INFO] [1788625201.455620833, 480.072000000]: RL policy input vx=0.467 vy=0.365 wz=0.729 action_rms=0.253 ready=1 userCmd=0 kbd=0 raw=0.467,0.365,0.729 grav=0.02,0.03,-0.98[0m
[0m[INFO] [1788625204.584518868, 482.078000000]: RL policy input vx=0.446 vy=0.000 wz=0.146 action_rms=0.194 ready=1 userCmd=0 kbd=0 raw=0.446,0.000,0.146 grav=-0.00,-0.00,-0.98[0m
[0m[INFO] [1788625207.750842566, 484.084000000]: RL policy input vx=0.450 vy=0.000 wz=0.021 action_rms=0.246 ready=1 userCmd=0 kbd=0 raw=0.450,0.000,0.021 grav=0.00,-0.01,-0.98[0m
[0m[INFO] [1788625210.915797430, 486.092000000]: RL policy input vx=0.875 vy=0.211 wz=0.261 action_rms=0.192 ready=1 userCmd=0 kbd=0 raw=0.875,0.211,0.261 grav=-0.00,0.02,-0.98[0m
[0m[INFO] [1788625214.092941958, 488.096000000]: RL policy input vx=0.900 vy=0.026 wz=0.032 action_rms=0.339 ready=1 userCmd=0 kbd=0 raw=0.900,0.026,0.032 grav=-0.01,-0.01,-0.98[0m
[0m[INFO[FSM]: state: INIT
wait for goal.
[FSM]: state: INIT
wait for goal.
[FSM]: state: INIT
wait for goal.
[FSM]: state: INIT
wait for goal.
[FSM]: state: INIT
wait for goal.
[FSM]: state: INIT
wait for goal.
[FSM]: state: INIT
wait for goal.
[FSM]: state: INIT
wait for goal.
[FSM]: state: INIT
wait for goal.
[FSM]: state: INIT
wait for goal.
[FSM]: state: INIT
wait for goal.
[FSM]: state: INIT
wait for goal.
[FSM]: state: INIT
wait for goal.
[FSM]: state: INIT
wait for goal.
[FSM]: state: INIT
wait for goal.
[FSM]: state: INIT
wait for goal.
[FSM]: state: INIT
wait for goal.
[FSM]: state: INIT
wait for goal.
[FSM]: state: INIT
wait for goal.
[FSM]: state: INIT
wait for goal.
[FSM]: state: INIT
wait for goal.
[FSM]: state: INIT
wait for goal.
[FSM]: state: INIT
wait for goal.
[FSM]: state: INIT
wait for goal.
[FSM]: state: INIT
wait for goal.
[FSM]: state: INIT
wait for goal.
[FSM]: state: INIT
wait for goal.
[FSM]: state: INIT
wait for goal.
[FSM]: state: INIT
wait for goal.
[FSM]: state: INIT
wait for goal.
[FSM]: state: INIT
wait for goal.
[FSM]: state: INIT
wait for goal.
[INFO] [1788625163.690279, 456.016000]: danger_detector: scan batch label=floor_2_room_1_g3 raw=16 min_points=3 clusters=[(8.940669701999422, 13.847741388224442), (3.2277075191446647, 14.264129760945783)]
[INFO] [1788625163.693316, 456.018000]: danger_detector: merged cross-view duplicate track 2 into track 1, distance=0.800m
[INFO] [1788625164.762945, 456.702000]: danger_detector: merged cross-view duplicate track 2 into track 1, distance=0.800m
[INFO] [1788625166.699200, 457.928000]: danger_detector: merged cross-view duplicate track 2 into track 1, distance=0.800m
[INFO] [1788625168.746472, 459.186000]: danger_detector: merged cross-view duplicate track 2 into track 1, distance=0.800m
[INFO] [1788625170.719098, 460.442000]: danger_detector: merged cross-view duplicate track 2 into track 1, distance=0.800m
[INFO] [1788625172.659272, 461.682000]: danger_detector: merged cross-view duplicate track 2 into track 1, distance=0.800m
[INFO] [1788625174.610541, 462.930000]: danger_detector: merged cross-view duplicate track 2 into track 1, distance=0.800m
[INFO] [1788625175.342281, 463.400000]: danger_detector: scan batch label=floor_2_room_1_g4 raw=6 min_points=3 clusters=[(8.479019070012551, 13.92371211027828)]
[INFO] [1788625175.344383, 463.402000]: danger_detector: merged cross-view duplicate track 2 into track 1, distance=0.800m
[INFO] [1788625176.544043, 464.178000]: danger_detector: merged cross-view duplicate track 2 into track 1, distance=0.800m
[INFO] [1788625178.506459, 465.422000]: danger_detector: merged cross-view duplicate track 2 into track 1, distance=0.800m
[INFO] [1788625180.514524, 466.676000]: danger_detector: merged cross-view duplicate track 2 into track 1, distance=0.800m
[INFO] [1788625182.506338, 467.922000]: danger_detector: merged cross-view duplicate track 2 into track 1, distance=0.800m
[INFO] [1788625184.501784, 469.174000]: danger_detector: merged cross-view duplicate track 2 into track 1, distance=0.800m
[INFO] [1788625186.470140, 470.422000]: danger_detector: merged cross-view duplicate track 2 into track 1, distance=0.800m
[INFO] [1788625188.479411, 471.692000]: danger_detector: merged cross-view duplicate track 2 into track 1, distance=0.800m
[INFO] [1788625190.426372, 472.932000]: danger_detector: merged cross-view duplicate track 2 into track 1, distance=0.800m
[INFO] [1788625192.389114, 474.198000]: danger_detector: merged cross-view duplicate track 2 into track 1, distance=0.800m
[INFO] [1788625194.312560, 475.442000]: danger_detector: merged cross-view duplicate track 2 into track 1, distance=0.800m
[INFO] [1788625196.239504, 476.692000]: danger_detector: merged cross-view duplicate track 2 into track 1, distance=0.800m
[INFO] [1788625198.178776, 477.950000]: danger_detector: merged cross-view duplicate track 2 into track 1, distance=0.800m
[INFO] [1788625200.106762, 479.200000]: danger_detector: merged cross-view duplicate track 2 into track 1, distance=0.800m
[INFO] [1788625202.005000, 480.428000]: danger_detector: merged cross-view duplicate track 2 into track 1, distance=0.800m
[INFO] [1788625203.951709, 481.668000]: danger_detector: merged cross-view duplicate track 2 into track 1, distance=0.800m
[INFO] [1788625205.920357, 482.922000]: danger_detector: merged cross-view duplicate track 2 into track 1, distance=0.800m
[INFO] [1788625207.886313, 484.170000]: danger_detector: merged cross-view duplicate track 2 into track 1, distance=0.800m
[INFO] [1788625209.863246, 485.422000]: danger_detector: merged cross-view duplicate track 2 into track 1, distance=0.800m
[INFO] [1788625211.845234, 486.674000]: danger_detector: merged cross-view duplicate track 2 into track 1, distance=0.800m
[INFO] [1788625213.819288, 487.922000]: danger_detector: merged cross-view duplicate track 2 into track 1, distance=0.800m
[INFO] [1788625215.814035, 489.178000]: danger_detector: merged cross-view duplicate track 2 into track 1, distance=0.800m
[INFO] [1788625217.766599, 490.416000]: danger_detector: merged cross-view duplicate track 2 into track 1, distance=0.800m
[INFO] [1788625219.726930, 491.672000]: danger_detector: merged cross-view duplicate track 2 into track 1, distance=0.800m
[INFO] [1788625221.471360, 492.790000]: danger_detector: scan batch label=floor_2_room_2_g3 raw=0 min_points=3 clusters=[]
[INFO] [1788625221.472694, 492.792000]: danger_detector: merged cross-view duplicate track 2 into track 1, distance=0.800m
[INFO] [1788625221.689377, 492.932000]: danger_detector: merged cross-view duplicate track 2 into track 1, distance=0.800m
[INFO] [1788625223.655536, 494.182000]: danger_detector: merged cross-view duplicate track 2 into track 1, distance=0.800m
[INFO] [1788625225.617106, 495.434000]: danger_detector: merged cross-view duplicate track 2 into track 1, distance=0.800m
[INFO] [1788625227.552969, 496.682000]: danger_detector: merged cross-view duplicate track 2 into track 1, distance=0.800m
[INFO] [1788625229.470764, 497.920000]: danger_detector: merged cross-view duplicate track 2 into track 1, distance=0.800m
[INFO] [1788625231.429666, 499.192000]: danger_detector: merged cross-view duplicate track 2 into track 1, distance=0.800m
[INFO] [1788625233.072933, 500.246000]: danger_detector: confirmed red sphere #6 at [-4.8745, 23.5091, 5.35], t=483.79s, stage=floor_3_exploration
[INFO] [1788625233.074103, 500.246000]: danger_detector: merged cross-view duplicate track 2 into track 1, distance=0.800m
[INFO] [1788625233.225634, 500.338000]: danger_detector: scan batch label=floor_2_room_2_g4 raw=4 min_points=3 clusters=[(-4.878642143643773, 23.44086419283742)]
[INFO] [1788625233.227704, 500.340000]: danger_detector: merged cross-view duplicate track 2 into track 1, distance=0.800m
[INFO] [1788625233.384059, 500.438000]: danger_detector: merged cross-view duplicate track 2 into track 1, distance=0.800m
[INFO] [1788625235.309087, 501.680000]: danger_detector: merged cross-view duplicate track 2 into track 1, distance=0.800m
[INFO] [1788625237.256926, 502.938000]: danger_detector: merged cross-view duplicate track 2 into track 1, distance=0.800m
[INFO] [1788625239.214644, 504.174000]: danger_detector: merged cross-view duplicate track 2 into track 1, distance=0.800m
[INFO] [1788625241.183506, 505.432000]: danger_detector: merged cross-view duplicate track 2 into track 1, distance=0.800m
[INFO] [1788625243.121358, 506.674000]: danger_detector: merged cross-view duplicate track 2 into track 1, distance=0.800m
[INFO] [1788625245.068271, 507.930000]: danger_detector: merged cross-view duplicate track 2 into track 1, distance=0.800m
[INFO] [1788625247.015571, 509.180000]: danger_detector: merged cross-view duplicate track 2 into track 1, distance=0.800m
[INFO] [1788625248.942879, 510.424000]: danger_detector: merged cross-view duplicate track 2 into track 1, distance=0.800m
[INFO] [1788625250.901453, 511.682000]: danger_detector: merged cross-view duplicate track 2 into track 1, distance=0.800m
[INFO] [1788625252.845787, 512.936000]: danger_detector: merged cross-view duplicate track 2 into track 1, distance=0.800m
[INFO] [1788625254.772264, 514.180000]: danger_detector: merged cross-view duplicate track 2 into track 1, distance=0.800m
[INFO] [1788625256.725483, 515.446000]: danger_detector: merged cross-view duplicate track 2 into track 1, distance=0.800m
[INFO] [1788625258.655796, 516.682000]: danger_detector: merged cross-view duplicate track 2 into track 1, distance=0.800m
[INFO] [1788625260.577108, 517.922000]: danger_detector: merged cross-view duplicate track 2 into track 1, distance=0.800m
[INFO] [1788625262.526212, 519.180000]: danger_detector: merged cross-view duplicate track 2 into track 1, distance=0.800m
[INFO] [1788625264.474254, 520.434000]: danger_detector: merged cross-view duplicate track 2 into track 1, distance=0.800m
[INFO] [1788625266.407887, 521.682000]: danger_detector: merged cross-view duplicate track 2 into track 1, distance=0.800m
[INFO] [1788625267.230089, 522.198000]: danger_detector: scan batch label=floor_2_room_3_g3 raw=0 min_points=3 clusters=[]
[INFO] [1788625267.231280, 522.198000]: danger_detector: merged cross-view duplicate track 2 into track 1, distance=0.800m
[FSM]: state: INIT
wait for goal.
[FSM]: state: INIT
wait for goal.
[FSM]: state: INIT
wait for goal.
[FSM]: state: INIT
wait for goal.
[FSM]: state: INIT
wait for goal.
[FSM]: state: INIT
wait for goal.
[FSM]: state: INIT
wait for goal.
[FSM]: state: INIT
wait for goal.
[FSM]: state: INIT
wait for goal.
[FSM]: state: INIT
wait for goal.
[FSM]: state: INIT
wait for goal.
[FSM]: state: INIT
wait for goal.
] [1788625217.279815944, 490.108000000]: RL policy input vx=0.828 vy=-0.008 wz=-0.010 action_rms=0.185 ready=1 userCmd=0 kbd=0 raw=0.828,-0.008,-0.010 grav=0.01,-0.02,-0.98[0m
[0m[INFO] [1788625220.412236287, 492.114000000]: RL policy input vx=0.000 vy=0.000 wz=-2.900 action_rms=0.206 ready=1 userCmd=0 kbd=0 raw=0.000,0.000,-2.900 grav=0.00,0.03,-0.98[0m
[0m[INFO] [1788625223.576648299, 494.130000000]: RL policy input vx=0.000 vy=0.000 wz=1.500 action_rms=0.284 ready=1 userCmd=0 kbd=0 raw=0.000,0.000,1.500 grav=0.01,0.01,-0.98[0m
[0m[INFO] [1788625226.719734481, 496.144000000]: RL policy input vx=0.871 vy=0.225 wz=0.278 action_rms=0.241 ready=1 userCmd=0 kbd=0 raw=0.871,0.225,0.278 grav=-0.01,0.05,-0.98[0m
[0m[INFO] [1788625229.845925436, 498.164000000]: RL policy input vx=0.381 vy=0.011 wz=0.032 action_rms=0.257 ready=1 userCmd=0 kbd=0 raw=0.381,0.011,0.032 grav=0.01,-0.03,-0.98[0m
[0m[INFO] [1788625232.972581812, 500.182000000]: RL policy input vx=0.000 vy=0.000 wz=2.900 action_rms=0.210 ready=1 userCmd=0 kbd=0 raw=0.000,0.000,2.900 grav=0.02,0.02,-0.98[0m
[0m[INFO] [1788625236.097010637, 502.190000000]: RL policy input vx=0.563 vy=0.020 wz=0.038 action_rms=0.299 ready=1 userCmd=0 kbd=0 raw=0.563,0.020,0.038 grav=0.03,-0.03,-0.98[0m
[0m[INFO] [1788625239.256466735, 504.202000000]: RL policy input vx=0.448 vy=0.000 wz=0.100 action_rms=0.290 ready=1 userCmd=0 kbd=0 raw=0.448,0.000,0.100 grav=-0.01,-0.03,-0.98[0m
[0m[INFO] [1788625242.392711350, 506.204000000]: RL policy input vx=0.450 vy=0.000 wz=0.001 action_rms=0.156 ready=1 userCmd=0 kbd=0 raw=0.450,0.000,0.001 grav=0.01,-0.02,-0.98[0m
[0m[INFO] [1788625245.511894617, 508.216000000]: RL policy input vx=0.546 vy=0.008 wz=0.017 action_rms=0.256 ready=1 userCmd=0 kbd=0 raw=0.546,0.008,0.017 grav=0.02,-0.03,-0.98[0m
[0m[INFO] [1788625248.618935389, 510.216000000]: RL policy input vx=0.450 vy=0.000 wz=-0.010 action_rms=0.158 ready=1 userCmd=0 kbd=0 raw=0.450,0.000,-0.010 grav=0.01,-0.02,-0.98[0m
[0m[INFO] [1788625251.745074333, 512.226000000]: RL policy input vx=0.743 vy=-0.565 wz=-0.662 action_rms=0.210 ready=1 userCmd=0 kbd=0 raw=0.743,-0.565,-0.662 grav=-0.02,-0.00,-0.98[0m
[0m[INFO] [1788625254.852865639, 514.234000000]: RL policy input vx=1.286 vy=0.212 wz=0.181 action_rms=0.315 ready=1 userCmd=0 kbd=0 raw=1.286,0.212,0.181 grav=-0.02,0.03,-0.98[0m
[0m[INFO] [1788625257.974571107, 516.244000000]: RL policy input vx=0.883 vy=0.173 wz=0.212 action_rms=0.320 ready=1 userCmd=0 kbd=0 raw=0.883,0.173,0.212 grav=-0.02,0.01,-0.98[0m
[0m[INFO] [1788625261.084895956, 518.248000000]: RL policy input vx=0.900 vy=0.018 wz=0.022 action_rms=0.174 ready=1 userCmd=0 kbd=0 raw=0.900,0.018,0.022 grav=-0.00,-0.02,-0.98[0m
[0m[INFO] [1788625264.197073155, 520.256000000]: RL policy input vx=0.300 vy=-0.001 wz=-0.003 action_rms=0.154 ready=1 userCmd=0 kbd=0 raw=0.300,-0.001,-0.003 grav=0.03,-0.02,-0.98[0m
[0m[INFO] [1788625267.327860301, 522.262000000]: RL policy input vx=0.000 vy=0.000 wz=2.528 action_rms=0.419 ready=1 userCmd=0 kbd=0 raw=0.000,0.000,2.528 grav=0.02,0.02,-0.98[0m
[0m[INFO] [1788625270.467934793, 524.266000000]: RL policy input vx=1.245 vy=0.750 wz=0.596 action_rms=0.237 ready=1 userCmd=0 kbd=0 raw=1.245,0.750,0.596 grav=-0.00,0.05,-0.98[0m
[0m[INFO] [1788625273.577443421, 526.272000000]: RL policy input vx=0.998 vy=0.622 wz=0.614 action_rms=0.203 ready=1 userCmd=0 kbd=0 raw=0.998,0.622,0.614 grav=0.00,0.07,-0.98[0m
[0m[INFO] [1788625276.689217807, 528.288000000]: RL policy input vx=0.437 vy=0.185 wz=0.442 action_rms=0.293 ready=1 userCmd=0 kbd=0 raw=0.437,0.185,0.442 grav=0.01,0.06,-0.98[0m
[0m[INFO] [1788625279.859997539, 530.298000000]: RL policy input vx=0.881 vy=0.182 wz=0.224 action_rms=0.184 ready=1 userCmd=0 kbd=0 raw=0.881,0.182,0.224 grav=0.00,0.04,-0.98[0m
[0m[INFO] [1788625283.086883906, 532.308000000]: RL policy input vx=0.900 vy=0.023 wz=0.029 action_rms=0.239 ready=1 userCmd=0 kbd=0 raw=0.900,0.023,0.029 grav=0.00,-0.02,-0.98[0m
[0m[INFO] [1788625286.308281916, 534.326000000]: RL policy input vx=0.000 vy=0.000 wz=-2[FSM]: state: INIT
wait for goal.
[FSM]: state: INIT
wait for goal.
[FSM]: state: INIT
wait for goal.
[FSM]: state: INIT
wait for goal.
[FSM]: state: INIT
wait for goal.
[FSM]: state: INIT
wait for goal.
[FSM]: state: INIT
wait for goal.
[FSM]: state: INIT
wait for goal.
[FSM]: state: INIT
wait for goal.
[FSM]: state: INIT
wait for goal.
[FSM]: state: INIT
wait for goal.
[FSM]: state: INIT
wait for goal.
[FSM]: state: INIT
wait for goal.
[FSM]: state: INIT
wait for goal.
[FSM]: state: INIT
wait for goal.
[FSM]: state: INIT
wait for goal.
[FSM]: state: INIT
wait for goal.
[FSM]: state: INIT
wait for goal.
[FSM]: state: INIT
wait for goal.
[FSM]: state: INIT
wait for goal.
[FSM]: state: INIT
wait for goal.
[FSM]: state: INIT
wait for goal.
[33m[WARN] [1788625321.374712238, 556.520000000]: Plane tilt guard scaling cmd_vel by 0.97 at tilt 0.144 rad[0m
[FSM]: state: INIT
wait for goal.
[33m[WARN] [1788625323.016249199, 557.534000000]: Plane tilt guard scaling cmd_vel by 0.88 at tilt 0.156 rad[0m
[FSM]: state: INIT
wait for goal.
[FSM]: state: INIT
wait for goal.
[FSM]: state: INIT
wait for goal.
[FSM]: state: INIT
wait for goal.
[FSM]: state: INIT
wait for goal.
[FSM]: state: INIT
wait for goal.
[FSM]: state: INIT
wait for goal.
[FSM]: state: INIT
wait for goal.
[FSM]: state: INIT
wait for goal.
[FSM]: state: INIT
wait for goal.
[FSM]: state: INIT
wait for goal.
[FSM]: state: INIT
wait for goal.
[FSM]: state: INIT
wait for goal.
[FSM]: state: INIT
wait for goal.
[FSM]: state: INIT
wait for goal.
.900 action_rms=0.202 ready=1 userCmd=0 kbd=0 raw=0.000,0.000,-2.900 grav=0.00,0.02,-0.98[0m
[0m[INFO] [1788625289.449584970, 536.336000000]: RL policy input vx=0.994 vy=-0.750 wz=-0.711 action_rms=0.218 ready=1 userCmd=0 kbd=0 raw=0.994,-0.750,-0.711 grav=-0.01,-0.02,-0.98[0m
[0m[INFO] [1788625292.626194019, 538.352000000]: RL policy input vx=0.678 vy=0.400 wz=0.243 action_rms=0.273 ready=1 userCmd=0 kbd=0 raw=0.678,0.400,0.243 grav=0.02,-0.02,-0.98[0m
[0m[INFO] [1788625295.782844114, 540.354000000]: RL policy input vx=0.000 vy=0.000 wz=-0.450 action_rms=0.194 ready=1 userCmd=0 kbd=0 raw=0.000,0.000,-0.450 grav=0.03,0.02,-0.98[0m
[0m[INFO] [1788625298.914091571, 542.368000000]: RL policy input vx=0.000 vy=0.000 wz=-0.208 action_rms=0.162 ready=1 userCmd=0 kbd=0 raw=0.000,0.000,-0.208 grav=-0.00,-0.00,-0.98[0m
[0m[INFO] [1788625302.073476505, 544.376000000]: RL policy input vx=0.449 vy=0.000 wz=-0.069 action_rms=0.157 ready=1 userCmd=0 kbd=0 raw=0.449,0.000,-0.069 grav=0.01,-0.01,-0.98[0m
[0m[INFO] [1788625305.246283973, 546.380000000]: RL policy input vx=0.646 vy=0.044 wz=0.057 action_rms=0.233 ready=1 userCmd=0 kbd=0 raw=0.646,0.044,0.057 grav=0.01,-0.01,-0.98[0m
[0m[INFO] [1788625308.395119636, 548.390000000]: RL policy input vx=1.947 vy=0.750 wz=0.405 action_rms=0.250 ready=1 userCmd=0 kbd=0 raw=1.947,0.750,0.405 grav=-0.01,0.10,-0.98[0m
[0m[INFO] [1788625311.549419040, 550.402000000]: RL policy input vx=2.245 vy=0.145 wz=0.071 action_rms=0.395 ready=1 userCmd=0 kbd=0 raw=2.245,0.145,0.071 grav=0.02,0.04,-0.98[0m
[0m[INFO] [1788625314.787961173, 552.416000000]: RL policy input vx=2.250 vy=-0.032 wz=-0.016 action_rms=0.349 ready=1 userCmd=0 kbd=0 raw=2.250,-0.032,-0.016 grav=0.02,-0.00,-0.98[0m
[0m[INFO] [1788625318.024989314, 554.424000000]: RL policy input vx=2.250 vy=0.027 wz=0.013 action_rms=0.409 ready=1 userCmd=0 kbd=0 raw=2.250,0.027,0.013 grav=0.02,0.01,-0.98[0m
[0m[INFO] [1788625321.249981199, 556.438000000]: RL policy input vx=2.249 vy=0.064 wz=0.031 action_rms=0.317 ready=1 userCmd=0 kbd=0 raw=2.249,0.064,0.031 grav=-0.03,-0.06,-0.98[0m
[0m[INFO] [1788625324.446689378, 558.450000000]: RL policy input vx=1.628 vy=0.189 wz=0.130 action_rms=0.317 ready=1 userCmd=0 kbd=0 raw=1.628,0.189,0.130 grav=0.05,0.04,-0.98[0m
[0m[INFO] [1788625327.616350163, 560.464000000]: RL policy input vx=1.842 vy=-0.168 wz=-0.100 action_rms=0.310 ready=1 userCmd=0 kbd=0 raw=1.842,-0.168,-0.100 grav=-0.01,-0.04,-0.98[0m
[0m[INFO] [1788625330.784639522, 562.482000000]: RL policy input vx=1.848 vy=-0.089 wz=-0.053 action_rms=0.383 ready=1 userCmd=0 kbd=0 raw=1.848,-0.089,-0.053 grav=-0.03,-0.07,-0.98[0m
[0m[INFO] [1788625333.903509362, 564.482000000]: RL policy input vx=0.094 vy=0.000 wz=-0.684 action_rms=0.248 ready=1 userCmd=0 kbd=0 raw=0.094,0.000,-0.684 grav=0.05,-0.02,-0.98[0m
[0m[INFO] [1788625337.041817022, 566.482000000]: RL policy input vx=0.000 vy=0.000 wz=-0.273 action_rms=0.159 ready=1 userCmd=0 kbd=0 raw=0.000,0.000,-0.273 grav=0.00,0.01,-0.98[0m
[0m[INFO] [1788625340.218409774, 568.492000000]: RL policy input vx=1.426 vy=0.000 wz=-0.083 action_rms=0.375 ready=1 userCmd=0 kbd=0 raw=1.426,0.000,-0.083 grav=-0.03,-0.02,-0.98[0m
[0m[INFO] [1788625343.361586259, 570.494000000]: RL policy input vx=0.000 vy=0.000 wz=-0.806 action_rms=0.126 ready=1 userCmd=0 kbd=0 raw=0.000,0.000,-0.806 grav=0.02,0.01,-0.98[0m
[0m[INFO] [1788625346.484755096, 572.506000000]: RL policy input vx=0.000 vy=0.000 wz=0.000 action_rms=0.164 ready=1 userCmd=8 kbd=0 raw=0.000,0.000,0.000 grav=-0.01,-0.02,-0.98[0m
Switched from RL to fixed stand
[0m[INFO] [1788625346.848952222, 572.734000000]: RL locomotion_ready latched after 172.03 s takeover and 0.31 s stable hold[0m
infer_thread退出!
[33m[WARN] [1788625347.266379537, 573.002000000]: Using one-shot captured-pose FixedStand profile: ramp 0.50 s, settle 0.00 s, ready after 0.50 s + 0.50 s stable, minimum gain 0.75[0m
[INFO] Using /stand_target_joints param stance.
[FSM]: state: INIT
wait for goal.
Switched from fixed stand to RL
[INFO] Entered RL /cmd_vel mode.
[33m[WARN] [1788625348.544277460, 573.816000000]: Using one-shot stair RL takeover profile: blend 0.75 s, zero hold 0.25 s[0m
cuda::is_available():0
[WARNING] UNITREE_RL_DEVICE=hybrid selected CUDA for this policy but CUDA is unavailable; using CPU.
RL inference device: cpu (requested=hybrid, policy=stair)
[INFO] RL policy activated from preload cache at FixedStand entry boundary: /home/quinn/0904/runtime_assets/SimEnv/src/unitree_guide/logs/policy_act_inference_stair.pt
[FSM]: state: INIT
wait for goal.
[FSM]: state: INIT
wait for goal.
[FSM]: state: INIT
wait for goal.
[FSM]: state: INIT
wait for goal.
[FSM]: state: INIT
wait for goal.
[FSM]: state: INIT
wait for goal.
[FSM]: state: INIT
wait for goal.
[FSM]: state: INIT
wait for goal.
[FSM]: state: INIT
wait for goal.
[FSM]: state: INIT
wait for goal.
[FSM]: state: INIT
wait for goal.
[FSM]: state: INIT
wait for goal.
[FSM]: state: INIT
wait for goal.
[FSM]: state: INIT
wait for goal.
[FSM]: state: INIT
wait for goal.
[FSM]: state: INIT
wait for goal.
[FSM]: state: INIT
wait for goal.
[FSM]: state: INIT
wait for goal.
[FSM]: state: INIT
wait for goal.
[FSM]: state: INIT
wait for goal.
[FSM]: state: INIT
wait for goal.
[FSM]: state: INIT
wait for goal.
[FSM]: state: INIT
wait for goal.
[FSM]: state: INIT
wait for goal.
[FSM]: state: INIT
wait for goal.
[FSM]: state: INIT
wait for goal.
[FSM]: state: INIT
wait for goal.
[FSM]: state: INIT
wait for goal.
[FSM]: state: INIT
wait for goal.
[INFO] [1788625268.400194, 522.944000]: danger_detector: merged cross-view duplicate track 2 into track 1, distance=0.800m
[INFO] [1788625270.336514, 524.184000]: danger_detector: merged cross-view duplicate track 2 into track 1, distance=0.800m
[INFO] [1788625272.264208, 525.426000]: danger_detector: merged cross-view duplicate track 2 into track 1, distance=0.800m
[INFO] [1788625274.261169, 526.714000]: danger_detector: merged cross-view duplicate track 2 into track 1, distance=0.800m
[INFO] [1788625276.173211, 527.952000]: danger_detector: merged cross-view duplicate track 2 into track 1, distance=0.800m
[INFO] [1788625278.078509, 529.186000]: danger_detector: merged cross-view duplicate track 2 into track 1, distance=0.800m
[INFO] [1788625280.065505, 530.422000]: danger_detector: merged cross-view duplicate track 2 into track 1, distance=0.800m
[INFO] [1788625282.084019, 531.680000]: danger_detector: merged cross-view duplicate track 2 into track 1, distance=0.800m
[INFO] [1788625284.077567, 532.922000]: danger_detector: merged cross-view duplicate track 2 into track 1, distance=0.800m
[INFO] [1788625286.137424, 534.214000]: danger_detector: merged cross-view duplicate track 2 into track 1, distance=0.800m
[INFO] [1788625287.654116, 535.194000]: danger_detector: scan batch label=floor_2_room_3_g4 raw=0 min_points=3 clusters=[]
[INFO] [1788625287.656511, 535.196000]: danger_detector: merged cross-view duplicate track 2 into track 1, distance=0.800m
[INFO] [1788625288.028631, 535.434000]: danger_detector: merged cross-view duplicate track 2 into track 1, distance=0.800m
[INFO] [1788625289.985197, 536.680000]: danger_detector: merged cross-view duplicate track 2 into track 1, distance=0.800m
[INFO] [1788625291.941185, 537.920000]: danger_detector: merged cross-view duplicate track 2 into track 1, distance=0.800m
[INFO] [1788625293.965383, 539.192000]: danger_detector: merged cross-view duplicate track 2 into track 1, distance=0.800m
[INFO] [1788625295.913921, 540.438000]: danger_detector: merged cross-view duplicate track 2 into track 1, distance=0.800m
[INFO] [1788625297.828296, 541.664000]: danger_detector: merged cross-view duplicate track 2 into track 1, distance=0.800m
[INFO] [1788625299.759862, 542.916000]: danger_detector: merged cross-view duplicate track 2 into track 1, distance=0.800m
[INFO] [1788625301.763364, 544.178000]: danger_detector: merged cross-view duplicate track 2 into track 1, distance=0.800m
[INFO] [1788625303.731702, 545.422000]: danger_detector: merged cross-view duplicate track 2 into track 1, distance=0.800m
[INFO] [1788625305.712187, 546.672000]: danger_detector: merged cross-view duplicate track 2 into track 1, distance=0.800m
[INFO] [1788625307.690736, 547.934000]: danger_detector: merged cross-view duplicate track 2 into track 1, distance=0.800m
[INFO] [1788625309.623097, 549.180000]: danger_detector: merged cross-view duplicate track 2 into track 1, distance=0.800m
[INFO] [1788625311.609022, 550.434000]: danger_detector: merged cross-view duplicate track 2 into track 1, distance=0.800m
[INFO] [1788625313.615386, 551.682000]: danger_detector: merged cross-view duplicate track 2 into track 1, distance=0.800m
[INFO] [1788625315.616237, 552.924000]: danger_detector: merged cross-view duplicate track 2 into track 1, distance=0.800m
[INFO] [1788625317.617378, 554.174000]: danger_detector: merged cross-view duplicate track 2 into track 1, distance=0.800m
[INFO] [1788625319.617680, 555.422000]: danger_detector: merged cross-view duplicate track 2 into track 1, distance=0.800m
[INFO] [1788625321.636663, 556.678000]: danger_detector: merged cross-view duplicate track 2 into track 1, distance=0.800m
[INFO] [1788625323.636575, 557.926000]: danger_detector: merged cross-view duplicate track 2 into track 1, distance=0.800m
[INFO] [1788625325.591830, 559.178000]: danger_detector: merged cross-view duplicate track 2 into track 1, distance=0.800m
[INFO] [1788625327.554183, 560.424000]: danger_detector: merged cross-view duplicate track 2 into track 1, distance=0.800m
[INFO] [1788625329.522991, 561.676000]: danger_detector: merged cross-view duplicate track 2 into track 1, distance=0.800m
[INFO] [1788625331.465736, 562.918000]: danger_detector: merged cross-view duplicate track 2 into track 1, distance=0.800m
[INFO] [1788625333.416585, 564.168000]: danger_detector: merged cross-view duplicate track 2 into track 1, distance=0.800m
[INFO] [1788625335.369855, 565.422000]: danger_detector: merged cross-view duplicate track 2 into track 1, distance=0.800m
[INFO] [1788625337.343162, 566.676000]: danger_detector: merged cross-view duplicate track 2 into track 1, distance=0.800m
[INFO] [1788625339.319393, 567.922000]: danger_detector: merged cross-view duplicate track 2 into track 1, distance=0.800m
[INFO] [1788625341.295318, 569.176000]: danger_detector: merged cross-view duplicate track 2 into track 1, distance=0.800m
[INFO] [1788625343.275489, 570.438000]: danger_detector: merged cross-view duplicate track 2 into track 1, distance=0.800m
[INFO] [1788625345.197654, 571.678000]: danger_detector: merged cross-view duplicate track 2 into track 1, distance=0.800m
[INFO] [1788625347.152933, 572.928000]: danger_detector: merged cross-view duplicate track 2 into track 1, distance=0.800m
[INFO] [1788625349.118357, 574.182000]: danger_detector: merged cross-view duplicate track 2 into track 1, distance=0.800m
[INFO] [1788625351.074676, 575.428000]: danger_detector: merged cross-view duplicate track 2 into track 1, distance=0.800m
[INFO] [1788625353.039797, 576.682000]: danger_detector: merged cross-view duplicate track 2 into track 1, distance=0.800m
[INFO] [1788625355.070512, 577.936000]: danger_detector: merged cross-view duplicate track 2 into track 1, distance=0.800m
[INFO] [1788625357.071182, 579.178000]: danger_detector: merged cross-view duplicate track 2 into track 1, distance=0.800m
[INFO] [1788625359.099106, 580.428000]: danger_detector: merged cross-view duplicate track 2 into track 1, distance=0.800m
[INFO] [1788625361.138677, 581.684000]: danger_detector: merged cross-view duplicate track 2 into track 1, distance=0.800m
[INFO] [1788625363.188613, 582.934000]: danger_detector: merged cross-view duplicate track 2 into track 1, distance=0.800m
[INFO] [1788625365.210336, 584.188000]: danger_detector: merged cross-view duplicate track 2 into track 1, distance=0.800m
[INFO] [1788625367.201215, 585.430000]: danger_detector: merged cross-view duplicate track 2 into track 1, distance=0.800m
[INFO] [1788625369.157353, 586.672000]: danger_detector: merged cross-view duplicate track 2 into track 1, distance=0.800m
[INFO] [1788625371.166647, 587.930000]: danger_detector: merged cross-view duplicate track 2 into track 1, distance=0.800m
[INFO] [1788625373.081338, 589.168000]: danger_detector: merged cross-view duplicate track 2 into track 1, distance=0.800m
[INFO] [1788625375.019840, 590.420000]: danger_detector: merged cross-view duplicate track 2 into track 1, distance=0.800m
[INFO] [1788625376.973510, 591.674000]: danger_detector: merged cross-view duplicate track 2 into track 1, distance=0.800m
[INFO] [1788625378.910074, 592.926000]: danger_detector: merged cross-view duplicate track 2 into track 1, distance=0.800m
[INFO] [1788625380.844336, 594.174000]: danger_detector: merged cross-view duplicate track 2 into track 1, distance=0.800m
[INFO] [1788625382.780536, 595.420000]: danger_detector: merged cross-view duplicate track 2 into track 1, distance=0.800m
[INFO] [1788625384.738717, 596.670000]: danger_detector: merged cross-view duplicate track 2 into track 1, distance=0.800m
[INFO] [1788625386.712295, 597.926000]: danger_detector: merged cross-view duplicate track 2 into track 1, distance=0.800m
[INFO] [1788625388.666237, 599.176000]: danger_detector: merged cross-view duplicate track 2 into track 1, distance=0.800m
[INFO] [1788625390.607166, 600.420000]: danger_detector: merged cross-view duplicate track 2 into track 1, distance=0.800m
[INFO] [1788625392.564933, 601.674000]: danger_detector: merged cross-view duplicate track 2 into track 1, distance=0.800m
[FSM]: state: INIT
wait for goal.
[FSM]: state: INIT
wait for goal.
[FSM]: state: INIT
wait for goal.
[FSM]: state: INIT
wait for goal.
[FSM]: state: INIT
wait for goal.
[FSM]: state: INIT
wait for goal.
[FSM]: state: INIT
wait for goal.
[FSM]: state: INIT
wait for goal.
[INFO] [1788625345.861780, 572.104000]: DSTPUB phase=STAIR_DESCENT_PRE_ALIGN world=(0.300,0.000,-0.174) body=(-0.058,-0.294,-0.174) truth_z=5.514 drop=0.000 pitch=0.0deg seg=0
[INFO] [1788625346.830908, 572.722000]: Descent policy boundary captured joint RMS 0.105.
[INFO] [1788625346.843666, 572.730000]: Descent plane gait settled; entering FixedStand before the stair-policy load.
[INFO] [1788625348.278943, 573.648000]: Descent FixedStand is ready; stair policy queued.
[INFO] [1788625348.534965, 573.808000]: Descent stair policy queued under FixedStand; requesting fresh stair-RL entry.
[INFO] [1788625350.158458, 574.842000]: Descent stair RL fresh readiness confirmed; warming up 0.8 s.
[INFO] [1788625351.218307, 575.522000]: Descent FLIGHT_B start: z=5.513 drop gate 1.05 m.
[INFO] [1788625351.249130, 575.542000]: DSTPUB phase=STAIR_DESCENT_FLIGHT_B world=(-0.100,0.541,-0.074) body=(0.550,-0.000,-0.074) truth_z=5.513 drop=0.000 pitch=0.0deg seg=0
[INFO] [1788625352.847645, 576.564000]: DSTPUB phase=STAIR_DESCENT_FLIGHT_B world=(-0.076,0.545,-0.083) body=(0.550,-0.000,-0.083) truth_z=5.511 drop=0.001 pitch=0.0deg seg=0
[INFO] [1788625354.487583, 577.582000]: DSTPUB phase=STAIR_DESCENT_FLIGHT_B world=(-0.053,0.547,-0.086) body=(0.550,0.000,-0.086) truth_z=5.348 drop=0.165 pitch=0.0deg seg=25
[INFO] [1788625356.145191, 578.606000]: DSTPUB phase=STAIR_DESCENT_FLIGHT_B world=(-0.019,0.500,-0.064) body=(0.500,0.000,-0.064) truth_z=5.150 drop=0.363 pitch=0.0deg seg=30
[INFO] [1788625357.801501, 579.622000]: DSTPUB phase=STAIR_DESCENT_FLIGHT_B world=(0.002,0.800,-0.021) body=(0.800,0.000,-0.021) truth_z=4.972 drop=0.541 pitch=0.0deg seg=22
[INFO] [1788625359.418701, 580.628000]: DSTPUB phase=STAIR_DESCENT_FLIGHT_B world=(-0.012,0.800,-0.009) body=(0.800,0.000,-0.009) truth_z=4.742 drop=0.771 pitch=0.0deg seg=21
[INFO] [1788625361.071491, 581.642000]: DSTPUB phase=STAIR_DESCENT_FLIGHT_B world=(0.020,0.600,0.017) body=(0.600,0.000,0.017) truth_z=4.402 drop=1.111 pitch=0.0deg seg=24
[INFO] [1788625362.742793, 582.662000]: DSTPUB phase=STAIR_DESCENT_FLIGHT_B world=(0.006,0.600,0.027) body=(0.600,0.000,0.027) truth_z=4.203 drop=1.310 pitch=0.0deg seg=22
[INFO] [1788625363.835416, 583.328000]: Flight-B descent complete: drop=1.32 m y=5.07; starting landing turn.
[INFO] [1788625366.275744, 584.842000]: DSTPUB phase=STAIR_DESCENT_TURN world=(-0.400,0.000,0.692) body=(0.031,0.399,0.692) truth_z=4.215 drop=1.298 pitch=0.0deg seg=-1
[INFO] [1788625367.883521, 585.862000]: DSTPUB phase=STAIR_DESCENT_TURN world=(-0.400,0.000,1.200) body=(0.335,0.219,1.200) truth_z=4.211 drop=1.302 pitch=0.0deg seg=0
[INFO] [1788625369.493467, 586.884000]: DSTPUB phase=STAIR_DESCENT_TURN world=(-0.400,0.000,0.976) body=(0.310,-0.253,0.976) truth_z=4.217 drop=1.296 pitch=0.0deg seg=1
[INFO] [1788625371.119532, 587.902000]: DSTPUB phase=STAIR_DESCENT_TURN world=(-0.400,0.000,0.340) body=(0.095,-0.389,0.340) truth_z=4.217 drop=1.296 pitch=0.0deg seg=0
[INFO] [1788625371.401153, 588.082000]: Descent landing heading captured at error 0.172 rad; using shortest-path hold while x aligns.
[INFO] [1788625372.698974, 588.922000]: DSTPUB phase=STAIR_DESCENT_TURN world=(-0.300,0.019,0.050) body=(-0.006,-0.301,0.050) truth_z=4.214 drop=1.299 pitch=0.0deg seg=0
[INFO] [1788625374.097925, 589.822000]: Descent FLIGHT_A start: z=5.513 drop gate 2.45 m.
[INFO] [1788625374.098794, 589.824000]: Descent landing aligned: x err=-0.115 m, heading err=-0.005 rad; starting flight A.
[INFO] [1788625374.278817, 589.942000]: DSTPUB phase=STAIR_DESCENT_FLIGHT_A world=(0.007,-0.550,0.022) body=(0.550,0.000,0.022) truth_z=4.212 drop=1.300 pitch=0.0deg seg=-1
[INFO] [1788625375.880176, 590.974000]: DSTPUB phase=STAIR_DESCENT_FLIGHT_A world=(0.041,-0.548,-0.030) body=(0.550,-0.000,-0.030) truth_z=4.097 drop=1.416 pitch=0.0deg seg=18
[INFO] [1788625377.447380, 591.982000]: DSTPUB phase=STAIR_DESCENT_FLIGHT_A world=(0.028,-0.728,-0.030) body=(0.729,-0.000,-0.030) truth_z=3.839 drop=1.674 pitch=0.0deg seg=22
[INFO] [1788625379.026744, 593.002000]: DSTPUB phase=STAIR_DESCENT_FLIGHT_A world=(-0.040,-0.799,0.007) body=(0.800,0.000,0.007) truth_z=3.534 drop=1.979 pitch=0.0deg seg=23
[INFO] [1788625380.611758, 594.024000]: DSTPUB phase=STAIR_DESCENT_FLIGHT_A world=(-0.037,-0.599,0.048) body=(0.600,-0.000,0.048) truth_z=3.168 drop=2.345 pitch=0.0deg seg=24
[INFO] [1788625382.195771, 595.042000]: DSTPUB phase=STAIR_DESCENT_FLIGHT_A world=(0.030,-0.599,0.008) body=(0.600,0.000,0.008) truth_z=2.980 drop=2.533 pitch=0.0deg seg=23
[INFO] [1788625383.116141, 595.636000]: Segment 1 (F3->F2) complete: drop=2.61 m, elapsed 37.7 s; turning on F2 landing for segment 2.
[INFO] [1788625385.491513, 597.142000]: DSTPUB phase=STAIR_DESCENT_SEGMENT_TURN world=(0.283,0.283,0.000) body=(-0.242,0.319,0.000) truth_z=2.920 drop=0.000 pitch=1.0deg seg=-1
[INFO] [1788625386.559158, 597.824000]: Segment turn aligned (x err=0.160 m, y=1.705 in band [1.70, 1.95]); starting 180 deg turn.
[INFO] [1788625387.085355, 598.162000]: Segment turn aligned (x err=0.159 m, y=1.704 in band [1.70, 1.95]); starting 180 deg turn.
[INFO] [1788625387.090393, 598.164000]: DSTPUB phase=STAIR_DESCENT_SEGMENT_TURN world=(-0.254,-0.049,-0.440) body=(0.017,-0.258,-0.440) truth_z=2.915 drop=0.000 pitch=1.0deg seg=0
[INFO] [1788625388.679096, 599.184000]: DSTPUB phase=STAIR_DESCENT_SEGMENT_TURN world=(0.300,0.000,0.000) body=(-0.063,0.293,0.000) truth_z=2.936 drop=0.000 pitch=1.0deg seg=-2
[INFO] [1788625389.304589, 599.582000]: Segment turn aligned (x err=0.160 m, y=1.709 in band [1.70, 1.95]); starting 180 deg turn.
[INFO] [1788625390.266632, 600.202000]: DSTPUB phase=STAIR_DESCENT_SEGMENT_TURN world=(-0.120,0.256,-1.000) body=(-0.120,-0.256,-1.000) truth_z=2.922 drop=0.000 pitch=1.0deg seg=-1
[INFO] [1788625391.865373, 601.226000]: DSTPUB phase=STAIR_DESCENT_SEGMENT_TURN world=(0.155,0.369,-1.000) body=(-0.118,-0.382,-1.000) truth_z=2.911 drop=0.000 pitch=1.0deg seg=0
[INFO] [1788625392.261050, 601.482000]: Segment turn aligned (x err=0.121 m, y=1.950 in band [1.70, 1.95]); starting 180 deg turn.
[INFO] [1788625393.459741, 602.242000]: Segment turn aligned (x err=0.058 m, y=1.948 in band [1.70, 1.95]); starting 180 deg turn.
[INFO] [1788625393.464262, 602.244000]: DSTPUB phase=STAIR_DESCENT_SEGMENT_TURN world=(0.274,0.292,-1.000) body=(-0.038,-0.398,-1.000) truth_z=2.924 drop=0.000 pitch=1.0deg seg=0
[INFO] [1788625394.909907, 603.142000]: Segment turn complete; standing before descent segment 2.
[INFO] [1788625395.165476, 603.302000]: East-align to flight-b center x=-2.48 before segment 2 flight-b (x=-3.60).
[INFO] [1788625395.196105, 603.322000]: East-align south done (y=1.886); moving east to x=-2.48.
[INFO] [1788625395.208600, 603.326000]: DSTPUB phase=STAIR_DESCENT_EAST_ALIGN world=(0.000,-0.400,-0.358) body=(-0.394,0.071,-0.358) truth_z=2.916 drop=0.000 pitch=1.0deg seg=-1
[INFO] [1788625396.817619, 604.334000]: DSTPUB phase=STAIR_DESCENT_EAST_ALIGN world=(0.400,-0.001,0.000) body=(-0.029,-0.399,0.000) truth_z=2.914 drop=0.000 pitch=1.0deg seg=0
[INFO] [1788625398.458021, 605.342000]: DSTPUB phase=STAIR_DESCENT_EAST_ALIGN world=(0.400,-0.012,0.000) body=(-0.039,-0.398,0.000) truth_z=2.913 drop=0.000 pitch=1.0deg seg=0
[INFO] [1788625400.107490, 606.362000]: DSTPUB phase=STAIR_DESCENT_EAST_ALIGN world=(0.320,-0.016,0.000) body=(-0.040,-0.318,0.000) truth_z=2.913 drop=0.000 pitch=1.0deg seg=0
[INFO] [1788625401.662320, 607.322000]: East-align complete (x=-2.641, y=1.870); starting segment-2 flight-b.
[INFO] [1788625401.671978, 607.324000]: Descent FLIGHT_B start: z=2.912 drop gate 1.05 m.
[INFO] [1788625401.768349, 607.386000]: DSTPUB phase=STAIR_DESCENT_FLIGHT_B world=(-0.041,0.548,-0.038) body=(0.550,0.000,-0.038) truth_z=2.912 drop=0.000 pitch=1.0deg seg=0
[INFO] [1788625403.414121, 608.402000]: DSTPUB phase=STAIR_DESCENT_FLIGHT_B world=(-0.036,0.549,-0.043) body=(0.550,-0.000,-0.043) truth_z=2.815 drop=0.097 pitch=1.0deg seg=12
[INFO] [1788625405.055521, 609.426000]: DSTPUB phase=STAIR_DESCENT_FLIGHT_B world=(-0.041,0.548,-0.054) body=(0.550,0.000,-0.054) truth_z=2.627 drop=0.285 pitch=1.0deg seg=25
[FSM]: state: INIT
wait for goal.
[FSM]: state: INIT
wait for goal.
[FSM]: state: INIT
wait for goal.
[FSM]: state: INIT
wait for goal.
[FSM]: state: INIT
wait for goal.
[FSM]: state: INIT
wait for goal.
[0m[INFO] [1788625349.649124983, 574.522000000]: RL policy input vx=0.000 vy=0.000 wz=0.000 action_rms=0.147 ready=0 userCmd=0 kbd=0 raw=0.000,0.000,0.000 grav=-0.01,0.02,-0.98[0m
[0m[INFO] [1788625350.136074714, 574.828000000]: RL locomotion_ready latched after 1.01 s takeover and 1.01 s stable hold[0m
[0m[INFO] [1788625352.807909324, 576.538000000]: RL policy input vx=0.550 vy=0.000 wz=-0.082 action_rms=0.208 ready=1 userCmd=0 kbd=0 raw=0.550,0.000,-0.082 grav=0.01,0.03,-0.98[0m
[0m[INFO] [1788625356.051426037, 578.546000000]: RL policy input vx=0.500 vy=0.000 wz=-0.065 action_rms=0.296 ready=1 userCmd=0 kbd=0 raw=0.500,0.000,-0.065 grav=0.53,0.03,-0.82[0m
[0m[INFO] [1788625359.293532953, 580.548000000]: RL policy input vx=0.800 vy=0.000 wz=-0.002 action_rms=0.212 ready=1 userCmd=0 kbd=0 raw=0.800,0.000,-0.002 grav=0.38,0.03,-0.90[0m
[0m[INFO] [1788625362.579859358, 582.562000000]: RL policy input vx=0.550 vy=-0.000 wz=0.027 action_rms=0.285 ready=1 userCmd=0 kbd=0 raw=0.550,-0.000,0.027 grav=0.38,0.04,-0.90[0m
[0m[INFO] [1788625365.845128920, 584.580000000]: RL policy input vx=0.000 vy=0.000 wz=0.000 action_rms=0.144 ready=1 userCmd=0 kbd=0 raw=0.000,0.000,0.000 grav=-0.02,0.01,-0.98[0m
[0m[INFO] [1788625369.015734571, 586.584000000]: RL policy input vx=0.382 vy=-0.118 wz=1.200 action_rms=0.140 ready=1 userCmd=8 kbd=0 raw=0.382,-0.118,1.200 grav=0.02,0.08,-0.98[0m
[0m[INFO] [1788625372.186432771, 588.590000000]: RL policy input vx=0.015 vy=-0.333 wz=0.087 action_rms=0.158 ready=1 userCmd=8 kbd=0 raw=0.015,-0.333,0.087 grav=-0.00,0.01,-0.98[0m
[0m[INFO] [1788625375.288085093, 590.594000000]: RL policy input vx=0.550 vy=-0.000 wz=-0.011 action_rms=0.203 ready=1 userCmd=0 kbd=0 raw=0.550,-0.000,-0.011 grav=0.17,-0.15,-0.95[0m
[0m[INFO] [1788625378.422523248, 592.612000000]: RL policy input vx=0.800 vy=0.000 wz=-0.022 action_rms=0.162 ready=1 userCmd=0 kbd=0 raw=0.800,0.000,-0.022 grav=0.40,-0.00,-0.89[0m
[0m[INFO] [1788625381.549490799, 594.628000000]: RL policy input vx=0.600 vy=0.000 wz=0.023 action_rms=0.229 ready=1 userCmd=0 kbd=0 raw=0.600,0.000,0.023 grav=0.37,0.07,-0.90[0m
[0m[INFO] [1788625384.700057670, 596.646000000]: RL policy input vx=0.000 vy=0.000 wz=0.000 action_rms=0.152 ready=1 userCmd=0 kbd=0 raw=0.000,0.000,0.000 grav=-0.03,-0.00,-0.98[0m
[0m[INFO] [1788625387.853527709, 598.658000000]: RL policy input vx=-0.006 vy=-0.251 wz=-0.722 action_rms=0.146 ready=1 userCmd=0 kbd=0 raw=-0.006,-0.251,-0.722 grav=-0.02,0.01,-0.98[0m
[0m[INFO] [1788625390.989245389, 600.664000000]: RL policy input vx=-0.175 vy=-0.317 wz=-1.000 action_rms=0.157 ready=1 userCmd=8 kbd=0 raw=-0.175,-0.317,-1.000 grav=-0.01,0.01,-0.98[0m
[0m[INFO] [1788625394.170234841, 602.682000000]: RL policy input vx=-0.007 vy=-0.400 wz=-1.000 action_rms=0.182 ready=1 userCmd=0 kbd=0 raw=-0.007,-0.400,-1.000 grav=-0.02,-0.00,-0.98[0m
[0m[INFO] [1788625397.389052644, 604.686000000]: RL policy input vx=-0.033 vy=-0.399 wz=0.000 action_rms=0.178 ready=1 userCmd=0 kbd=0 raw=-0.033,-0.399,0.000 grav=-0.01,0.01,-0.98[0m
[0m[INFO] [1788625400.658935442, 606.702000000]: RL policy input vx=-0.038 vy=-0.298 wz=0.000 action_rms=0.173 ready=1 userCmd=0 kbd=0 raw=-0.038,-0.298,0.000 grav=-0.01,0.00,-0.98[0m
[0m[INFO] [1788625403.930190544, 608.720000000]: RL policy input vx=0.550 vy=0.000 wz=-0.041 action_rms=0.319 ready=1 userCmd=0 kbd=0 raw=0.550,0.000,-0.041 grav=0.41,-0.06,-0.89[0m
[0m[INFO] [1788625407.185138266, 610.730000000]: RL policy input vx=0.800 vy=0.000 wz=-0.072 action_rms=0.312 ready=1 userCmd=0 kbd=0 raw=0.800,0.000,-0.072 grav=0.39,-0.05,-0.90[0m
[0m[INFO] [1788625410.439106535, 612.748000000]: RL policy input vx=0.800 vy=0.000 wz=-0.001 action_rms=0.378 ready=1 userCmd=0 kbd=0 raw=0.800,0.000,-0.001 grav=0.38,0.06,-0.90[0m
[0m[INFO] [1788625413.677389752, 614.748000000]: RL policy input vx=0.600 vy=0.000 wz=0.024 action_rms=0.242 ready=1 userCmd=0 kbd=0 raw=0.600,0.000,0.024 grav=0.20,0.06,-0.96[0m
[0m[INFO] [1788625416.931969761, 616.752000000]: RL policy input vx=0.067 vy=0.394 wz=0.939 action_rms[FSM]: state: INIT
wait for goal.
=0.147 ready=1 userCmd=0 kbd=0 raw=0.067,0.394,0.939 grav=0.01,0.05,-0.98[0m
stop the controller
terminate called after throwing an instance of 'boost::wrapexcept<boost::lock_error>'
  what():  boost: mutex lock failed in pthread_mutex_lock: Invalid argument
des manager
[ERROR] [1788625416.526060, 616.502000]: Three-floor RL mission failed: exploration_deadline_exceeded_600.0s
[INFO] [1788625394.568258, 602.930000]: danger_detector: merged cross-view duplicate track 2 into track 1, distance=0.800m
[INFO] [1788625396.578610, 604.192000]: danger_detector: merged cross-view duplicate track 2 into track 1, distance=0.800m
[INFO] [1788625398.611650, 605.438000]: danger_detector: merged cross-view duplicate track 2 into track 1, distance=0.800m
[INFO] [1788625400.621824, 606.678000]: danger_detector: merged cross-view duplicate track 2 into track 1, distance=0.800m
[INFO] [1788625402.658946, 607.938000]: danger_detector: merged cross-view duplicate track 2 into track 1, distance=0.800m
[INFO] [1788625404.670527, 609.186000]: danger_detector: merged cross-view duplicate track 2 into track 1, distance=0.800m
[INFO] [1788625406.697626, 610.430000]: danger_detector: merged cross-view duplicate track 2 into track 1, distance=0.800m
[INFO] [1788625408.720453, 611.690000]: danger_detector: merged cross-view duplicate track 2 into track 1, distance=0.800m
[INFO] [1788625410.724981, 612.926000]: danger_detector: merged cross-view duplicate track 2 into track 1, distance=0.800m
[INFO] [1788625412.780346, 614.192000]: danger_detector: merged cross-view duplicate track 2 into track 1, distance=0.800m
[INFO] [1788625414.794253, 615.428000]: danger_detector: merged cross-view duplicate track 2 into track 1, distance=0.800m
[INFO] [1788625416.522147, 616.500000]: danger_detector: merged cross-view duplicate track 2 into track 1, distance=0.800m
[INFO] [1788625416.530463, 616.506000]: danger_detector: wrote 6 confirmed red-ball detections -> /home/quinn/0904/results/official_gui_rtf065_s111_20260906_000642/red_ball_detections.json
[INFO] [1788624453.751353, 1.004000]: Bootstrap armed: stand@1.0s state-gated RL max_wait=25.0s repeat=120.0s start_t=1.0
[INFO] [1788624460.641460, 5.402000]: Requesting RL /cmd_vel through /joy (repeating).
[INFO] [1788624477.939442, 16.502000]: Bootstrap observed locomotion_ready; releasing /joy.
[INFO] [1788624446.320927, 0.000000]: scanplanner_pointcloud_bridge: /scan -> /registered_scan at <= 5.0 Hz
[INFO] [1788624467.656369, 9.902000]: scanplanner_pointcloud_bridge: published 50 clouds (390 points)
[INFO] [1788624483.217737, 19.902000]: scanplanner_pointcloud_bridge: published 100 clouds (416 points)
[INFO] [1788624498.820794, 29.904000]: scanplanner_pointcloud_bridge: published 150 clouds (781 points)
[INFO] [1788624514.485138, 39.906000]: scanplanner_pointcloud_bridge: published 200 clouds (762 points)
[INFO] [1788624530.253375, 49.904000]: scanplanner_pointcloud_bridge: published 250 clouds (764 points)
[INFO] [1788624545.954929, 59.902000]: scanplanner_pointcloud_bridge: published 300 clouds (757 points)
[INFO] [1788624561.763132, 69.904000]: scanplanner_pointcloud_bridge: published 350 clouds (770 points)
[INFO] [1788624577.456201, 79.904000]: scanplanner_pointcloud_bridge: published 400 clouds (768 points)
[INFO] [1788624593.078636, 89.904000]: scanplanner_pointcloud_bridge: published 450 clouds (762 points)
[INFO] [1788624608.571769, 99.902000]: scanplanner_pointcloud_bridge: published 500 clouds (755 points)
[INFO] [1788624624.217818, 109.904000]: scanplanner_pointcloud_bridge: published 550 clouds (773 points)
[INFO] [1788624639.846351, 119.904000]: scanplanner_pointcloud_bridge: published 600 clouds (764 points)
[INFO] [1788624655.476600, 129.906000]: scanplanner_pointcloud_bridge: published 650 clouds (763 points)
[INFO] [1788624671.177932, 139.910000]: scanplanner_pointcloud_bridge: published 700 clouds (771 points)
[INFO] [1788624686.673504, 149.910000]: scanplanner_pointcloud_bridge: published 750 clouds (757 points)
[INFO] [1788624702.390147, 159.912000]: scanplanner_pointcloud_bridge: published 800 clouds (773 points)
[INFO] [1788624718.406681, 169.910000]: scanplanner_pointcloud_bridge: published 850 clouds (764 points)
[INFO] [1788624734.137978, 179.910000]: scanplanner_pointcloud_bridge: published 900 clouds (669 points)
[INFO] [1788624750.014901, 189.908000]: scanplanner_pointcloud_bridge: published 950 clouds (789 points)
[INFO] [1788624765.510211, 199.908000]: scanplanner_pointcloud_bridge: published 1000 clouds (704 points)
[INFO] [1788624780.989051, 209.910000]: scanplanner_pointcloud_bridge: published 1050 clouds (759 points)
[INFO] [1788624796.620561, 219.912000]: scanplanner_pointcloud_bridge: published 1100 clouds (741 points)
[INFO] [1788624812.422526, 229.912000]: scanplanner_pointcloud_bridge: published 1150 clouds (771 points)
[INFO] [1788624828.044331, 239.912000]: scanplanner_pointcloud_bridge: published 1200 clouds (759 points)
[INFO] [1788624843.510775, 249.914000]: scanplanner_pointcloud_bridge: published 1250 clouds (761 points)
[INFO] [1788624858.961148, 259.914000]: scanplanner_pointcloud_bridge: published 1300 clouds (770 points)
[INFO] [1788624874.400028, 269.914000]: scanplanner_pointcloud_bridge: published 1350 clouds (760 points)
[INFO] [1788624889.914202, 279.912000]: scanplanner_pointcloud_bridge: published 1400 clouds (757 points)
[INFO] [1788624905.366799, 289.916000]: scanplanner_pointcloud_bridge: published 1450 clouds (764 points)
[INFO] [1788624920.784073, 299.914000]: scanplanner_pointcloud_bridge: published 1500 clouds (771 points)
[INFO] [1788624936.231232, 309.914000]: scanplanner_pointcloud_bridge: published 1550 clouds (759 points)
[INFO] [1788624951.691239, 319.916000]: scanplanner_pointcloud_bridge: published 1600 clouds (763 points)
[INFO] [1788624967.178481, 329.914000]: scanplanner_pointcloud_bridge: published 1650 clouds (770 points)
[INFO] [1788624982.684262, 339.916000]: scanplanner_pointcloud_bridge: published 1700 clouds (769 points)
[INFO] [1788624998.155794, 349.914000]: scanplanner_pointcloud_bridge: published 1750 clouds (764 points)
[INFO] [1788625013.672529, 359.914000]: scanplanner_pointcloud_bridge: published 1800 clouds (770 points)
[INFO] [1788625029.187670, 369.916000]: scanplanner_pointcloud_bridge: published 1850 clouds (766 points)
[INFO] [1788625044.743496, 379.918000]: scanplanner_pointcloud_bridge: published 1900 clouds (665 points)
[INFO] [1788625060.238726, 389.918000]: scanplanner_pointcloud_bridge: published 1950 clouds (734 points)
[INFO] [1788625075.674576, 399.918000]: scanplanner_pointcloud_bridge: published 2000 clouds (789 points)
[INFO] [1788625091.255715, 409.924000]: scanplanner_pointcloud_bridge: published 2050 clouds (766 points)
[INFO] [1788625107.193941, 419.922000]: scanplanner_pointcloud_bridge: published 2100 clouds (764 points)
[INFO] [1788625123.024405, 429.920000]: scanplanner_pointcloud_bridge: published 2150 clouds (770 points)
[INFO] [1788625138.592860, 439.922000]: scanplanner_pointcloud_bridge: published 2200 clouds (757 points)
[INFO] [1788625154.188865, 449.926000]: scanplanner_pointcloud_bridge: published 2250 clouds (769 points)
[INFO] [1788625169.903013, 459.924000]: scanplanner_pointcloud_bridge: published 2300 clouds (770 points)
[INFO] [1788625185.683909, 469.922000]: scanplanner_pointcloud_bridge: published 2350 clouds (762 points)
[INFO] [1788625201.226089, 479.924000]: scanplanner_pointcloud_bridge: published 2400 clouds (763 points)
[INFO] [1788625216.989724, 489.924000]: scanplanner_pointcloud_bridge: published 2450 clouds (768 points)
[INFO] [1788625232.573200, 499.926000]: scanplanner_pointcloud_bridge: published 2500 clouds (769 points)
[INFO] [1788625248.163939, 509.924000]: scanplanner_pointcloud_bridge: published 2550 clouds (758 points)
[INFO] [1788625263.683476, 519.924000]: scanplanner_pointcloud_bridge: published 2600 clouds (764 points)
[INFO] [1788625279.257989, 529.924000]: scanplanner_pointcloud_bridge: published 2650 clouds (767 points)
[INFO] [1788625295.114810, 539.924000]: scanplanner_pointcloud_bridge: published 2700 clouds (757 points)
[INFO] [1788625310.805187, 549.924000]: scanplanner_pointcloud_bridge: published 2750 clouds (785 points)
[INFO] [1788625326.766276, 559.924000]: scanplanner_pointcloud_bridge: published 2800 clouds (778 points)
[INFO] [1788625342.469208, 569.924000]: scanplanner_pointcloud_bridge: published 2850 clouds (760 points)
[INFO] [1788625358.287265, 579.928000]: scanplanner_pointcloud_bridge: published 2900 clouds (723 points)
[INFO] [1788625374.258696, 589.928000]: scanplanner_pointcloud_bridge: published 2950 clouds (788 points)
[INFO] [1788625389.838118, 599.926000]: scanplanner_pointcloud_bridge: published 3000 clouds (693 points)
[INFO] [1788625405.879710, 609.928000]: scanplanner_pointcloud_bridge: published 3050 clouds (738 points)
[WARN] [1788624517.863506, 42.030000]: Room viewpoint speed cap: floor_0_room_0_g3 2.250 -> 0.900 m/s (configured 0.900)
[WARN] [1788624529.404057, 49.362000]: Room viewpoint speed cap: floor_0_room_0_g4 2.250 -> 0.900 m/s (configured 0.900)
[WARN] [1788624559.914194, 68.732000]: Room viewpoint speed cap: floor_0_room_1_g3 2.250 -> 0.900 m/s (configured 0.900)
[WARN] [1788624572.359007, 76.642000]: Room viewpoint speed cap: floor_0_room_1_g4 2.250 -> 0.900 m/s (configured 0.900)
[WARN] [1788624617.729104, 105.750000]: Room viewpoint speed cap: floor_0_room_2_g3 2.250 -> 0.900 m/s (configured 0.900)
[WARN] [1788624629.272968, 113.140000]: Room viewpoint speed cap: floor_0_room_2_g4 2.250 -> 0.900 m/s (configured 0.900)
[WARN] [1788624659.400610, 132.428000]: Room viewpoint speed cap: floor_0_room_3_g3 2.250 -> 0.900 m/s (configured 0.900)
[WARN] [1788624671.446194, 140.082000]: Room viewpoint speed cap: floor_0_room_3_g4 2.250 -> 0.900 m/s (configured 0.900)
[WARN] [1788624807.249263, 226.654000]: Room viewpoint speed cap: floor_1_room_0_g3 2.250 -> 0.900 m/s (configured 0.900)
[WARN] [1788624818.895300, 233.992000]: Room viewpoint speed cap: floor_1_room_0_g4 2.250 -> 0.900 m/s (configured 0.900)
[WARN] [1788624848.622893, 253.224000]: Room viewpoint speed cap: floor_1_room_1_g3 2.250 -> 0.900 m/s (configured 0.900)
[WARN] [1788624860.466223, 260.888000]: Room viewpoint speed cap: floor_1_room_1_g4 2.250 -> 0.900 m/s (configured 0.900)
[WARN] [1788624915.313564, 296.368000]: Room viewpoint speed cap: floor_1_room_2_g3 2.250 -> 0.900 m/s (configured 0.900)
[WARN] [1788624930.193014, 306.014000]: Room viewpoint speed cap: floor_1_room_2_g4 2.250 -> 0.900 m/s (configured 0.900)
[WARN] [1788624964.550262, 328.218000]: Room viewpoint speed cap: floor_1_room_3_g3 2.250 -> 0.900 m/s (configured 0.900)
[WARN] [1788624976.400072, 335.876000]: Room viewpoint speed cap: floor_1_room_3_g4 2.250 -> 0.900 m/s (configured 0.900)
[WARN] [1788625110.730951, 422.150000]: Room viewpoint speed cap: floor_2_room_0_g3 2.250 -> 0.900 m/s (configured 0.900)
[WARN] [1788625122.379051, 429.506000]: Room viewpoint speed cap: floor_2_room_0_g4 2.250 -> 0.900 m/s (configured 0.900)
[WARN] [1788625152.048331, 448.540000]: Room viewpoint speed cap: floor_2_room_1_g3 2.250 -> 0.900 m/s (configured 0.900)
[WARN] [1788625163.903772, 456.152000]: Room viewpoint speed cap: floor_2_room_1_g4 2.250 -> 0.900 m/s (configured 0.900)
[WARN] [1788625210.136259, 485.596000]: Room viewpoint speed cap: floor_2_room_2_g3 2.250 -> 0.900 m/s (configured 0.900)
[WARN] [1788625221.691403, 492.932000]: Room viewpoint speed cap: floor_2_room_2_g4 2.250 -> 0.900 m/s (configured 0.900)
[WARN] [1788625256.401691, 515.236000]: Room viewpoint speed cap: floor_2_room_3_g3 2.250 -> 0.900 m/s (configured 0.900)
[WARN] [1788625277.519336, 528.826000]: Room viewpoint speed cap: floor_2_room_3_g4 2.250 -> 0.900 m/s (configured 0.900)
[INFO] [1788625345.861845, 572.104000]: SCAN explored all three floors; stair descent owns the return.
[WARN] [1788625354.620057, 577.662000]: Descent tilt 0.508 rad: capping flight speed at 0.55 m/s.
[WARN] [1788625356.269171, 578.682000]: Descent tilt 0.485 rad: capping flight speed at 0.55 m/s.
[WARN] [1788625358.051561, 579.786000]: Descent tilt 0.480 rad: capping flight speed at 0.55 m/s.
[WARN] [1788625361.893966, 582.142000]: Descent tilt 0.480 rad: capping flight speed at 0.55 m/s.
[WARN] [1788625386.831795, 598.002000]: Segment turn left safe position (x=-3.856, y=1.699); zero command and re-centering before continuing turn.
[WARN] [1788625388.416410, 599.022000]: Segment turn left safe position (x=-3.879, y=1.700); zero command and re-centering before continuing turn.
[WARN] [1788625392.074471, 601.362000]: Segment turn left safe position (x=-3.823, y=1.950); zero command and re-centering before continuing turn.
[WARN] [1788625393.176910, 602.062000]: Segment turn left safe position (x=-3.764, y=1.950); zero command and re-centering before continuing turn.
[WARN] [1788625404.063107, 608.802000]: Descent tilt 0.481 rad: capping flight speed at 0.55 m/s.
[WARN] [1788625405.701605, 609.826000]: Descent tilt 0.505 rad: capping flight speed at 0.55 m/s.
[WARN] [1788625407.557147, 610.962000]: Descent tilt 0.496 rad: capping flight speed at 0.55 m/s.
[INFO] [1788625406.716812, 610.442000]: DSTPUB phase=STAIR_DESCENT_FLIGHT_B world=(-0.034,0.781,-0.060) body=(0.782,0.000,-0.060) truth_z=2.482 drop=0.430 pitch=1.0deg seg=26
[INFO] [1788625408.359206, 611.464000]: DSTPUB phase=STAIR_DESCENT_FLIGHT_B world=(0.002,0.500,-0.048) body=(0.500,0.000,-0.048) truth_z=2.262 drop=0.650 pitch=1.0deg seg=22
[INFO] [1788625410.000629, 612.482000]: DSTPUB phase=STAIR_DESCENT_FLIGHT_B world=(0.031,0.499,-0.006) body=(0.500,0.000,-0.006) truth_z=2.049 drop=0.863 pitch=1.0deg seg=26
[INFO] [1788625411.637564, 613.484000]: DSTPUB phase=STAIR_DESCENT_FLIGHT_B world=(0.008,0.600,0.014) body=(0.600,0.000,0.014) truth_z=1.851 drop=1.061 pitch=1.0deg seg=24
[INFO] [1788625413.279394, 614.502000]: DSTPUB phase=STAIR_DESCENT_FLIGHT_B world=(0.007,0.600,0.017) body=(0.600,0.000,0.017) truth_z=1.605 drop=1.307 pitch=1.0deg seg=21
[INFO] [1788625413.959024, 614.922000]: Flight-B descent complete: drop=1.31 m y=5.05; starting landing turn.
[INFO] [1788625416.433713, 616.442000]: DSTPUB phase=STAIR_DESCENT_TURN world=(-0.400,0.000,0.707) body=(0.012,0.400,0.707) truth_z=1.615 drop=1.297 pitch=1.0deg seg=-1
[INFO] [1788625418.049471, 617.462000]: DSTPUB phase=STAIR_DESCENT_TURN world=(-0.400,0.000,1.200) body=(0.325,0.233,1.200) truth_z=1.612 drop=1.300 pitch=1.0deg seg=-1
[INFO] [1788624447.225225, 0.000000]: building_generator_classic_control ready
[0m[INFO] [1788624447.684370397]: Livox plugin Load complete with 800 rays[0m
[0m[INFO] [1788624447.685530985]: <initialOrientationAsReference> is unset, using default value of false to comply with REP 145 (world as orientation reference)[0m
[0m[INFO] [1788624447.685544422]: <robotNamespace> set to: //[0m
[0m[INFO] [1788624447.685549594]: <topicName> set to: /livox/imu[0m
[0m[INFO] [1788624447.685554308]: <frameName> set to: livox_imu_link[0m
[0m[INFO] [1788624447.685565190]: <updateRateHZ> set to: 1000[0m
[0m[INFO] [1788624447.685570309]: <gaussianNoise> set to: 0[0m
[0m[INFO] [1788624447.685579696]: <xyzOffset> set to: 0 0 0[0m
[0m[INFO] [1788624447.685586815]: <rpyOffset> set to: 0 -0 0[0m
[0m[INFO] [1788624448.965538980]: Camera Plugin: Using the 'robotNamespace' param: '/'[0m
[0m[INFO] [1788624448.967772045]: Camera Plugin (ns = /)  <tf_prefix_>, set to ""[0m
[0m[INFO] [1788624448.972560607]: Updating LinkState: reference_frame is empty/world/map, using inertial frame[0m
[0m[INFO] [1788624448.975340736]: Updating LinkState: reference_frame is empty/world/map, using inertial frame[0m
[0m[INFO] [1788624448.975778093]: Camera Plugin: Using the 'robotNamespace' param: '/'[0m
[0m[INFO] [1788624448.977493389]: Camera Plugin (ns = /)  <tf_prefix_>, set to ""[0m
[0m[INFO] [1788624449.807151557]: Loading gazebo_ros_control plugin[0m
[0m[INFO] [1788624449.807208879]: Starting gazebo_ros_control plugin in namespace: /a1_gazebo[0m
[0m[INFO] [1788624449.807695317]: gazebo_ros_control plugin is waiting for model URDF in parameter [/robot_description] on the ROS param server.[0m
[0m[INFO] [1788624449.921666862]: Loaded gazebo_ros_control.[0m

auto-starting new master
[1mprocess[master]: started with pid [290518][0m
[1mROS_MASTER_URI=http://localhost:11311[0m
]2;/home/quinn/0904/threefloor_stress5_repro_20260827/work/mounts/SimEnv/src/simenv_bridge/launch/scanplanner_three_floor_rl.launch http://localhost:11311
[1msetting /run_id to e26b10b2-a943-11f1-9447-05c1f50d701d[0m
[1mprocess[rosout-1]: started with pid [290528][0m
started core service [/rosout]
[1mprocess[gazebo-2]: started with pid [290536][0m
[1mprocess[urdf_spawner-3]: started with pid [290539][0m
[1mprocess[state_from_gazebo-4]: started with pid [290542][0m
[1mprocess[a1_gazebo/controller_spawner-5]: started with pid [290543][0m
[1mprocess[robot_state_publisher-6]: started with pid [290544][0m
[1mprocess[unpause_after_controllers-7]: started with pid [290549][0m
[1mprocess[building_control-8]: started with pid [290551][0m
[1mprocess[open_mapping_entrance-9]: started with pid [290552][0m
[1mprocess[junior_ctrl-10]: started with pid [290557][0m
[1mprocess[scanplanner_pointcloud_bridge-11]: started with pid [290559][0m
[1mprocess[scan_planner_node-12]: started with pid [290560][0m
[1mprocess[closed_loop_controller-13]: started with pid [290562][0m
[1mprocess[scanplanner_plane_rl_bootstrap-14]: started with pid [290563][0m
[1mprocess[rl_floor_command_mux-15]: started with pid [290567][0m
[1mprocess[stair_transition_manager-16]: started with pid [290570][0m
[1mprocess[second_to_third_floor_stair_manager-17]: started with pid [290572][0m
[1mprocess[stair_descent_manager-18]: started with pid [290573][0m
[1mprocess[scanplanner_three_floor_goal_sequencer-19]: started with pid [290574][0m
[1mprocess[scanplanner_red_ball_detector-20]: started with pid [290575][0m
[1mprocess[three_floor_rl_mission_supervisor-21]: started with pid [290577][0m
[1m[open_mapping_entrance-9] process has finished cleanly
log file: /home/quinn/.ros/log/e26b10b2-a943-11f1-9447-05c1f50d701d/open_mapping_entrance-9*.log[0m
[1m[urdf_spawner-3] process has finished cleanly
log file: /home/quinn/.ros/log/e26b10b2-a943-11f1-9447-05c1f50d701d/urdf_spawner-3*.log[0m
[1m[unpause_after_controllers-7] process has finished cleanly
log file: /home/quinn/.ros/log/e26b10b2-a943-11f1-9447-05c1f50d701d/unpause_after_controllers-7*.log[0m
[1m[stair_transition_manager-16] process has finished cleanly
log file: /home/quinn/.ros/log/e26b10b2-a943-11f1-9447-05c1f50d701d/stair_transition_manager-16*.log[0m
[1m[second_to_third_floor_stair_manager-17] process has finished cleanly
log file: /home/quinn/.ros/log/e26b10b2-a943-11f1-9447-05c1f50d701d/second_to_third_floor_stair_manager-17*.log[0m
[three_floor_rl_mission_supervisor-21] killing on exit
[scanplanner_red_ball_detector-20] killing on exit
[scanplanner_three_floor_goal_sequencer-19] killing on exit
[stair_descent_manager-18] killing on exit
[rl_floor_command_mux-15] killing on exit
[scanplanner_plane_rl_bootstrap-14] killing on exit
[closed_loop_controller-13] killing on exit
[scan_planner_node-12] killing on exit
[scanplanner_pointcloud_bridge-11] killing on exit
[junior_ctrl-10] killing on exit
[building_control-8] killing on exit
[robot_state_publisher-6] killing on exit
[a1_gazebo/controller_spawner-5] killing on exit
[state_from_gazebo-4] killing on exit
[gazebo-2] killing on exit
[rosout-1] killing on exit
[master] killing on exit
shutting down processing monitor...
... shutting down processing monitor complete
[1mdone[0m
