xacro: in-order processing became default in ROS Melodic. You can drop the option.
... logging to /root/.ros/log/a884e3d0-a698-11f1-b1be-0242ac110007/roslaunch-autodl-container-0b0b4098ff-c5d5b90e-973962.log
Checking log directory for disk usage. This may take a while.
Press Ctrl-C to interrupt
]2;/root/autodl-tmp/code/restore/0803b/0902overall/threefloor_stress5_repro_20260827/work/mounts/SimEnv/src/simenv_bridge/launch/scanplanner_three_floor_rl.launch
[1mstarted roslaunch server http://autodl-container-0b0b4098ff-c5d5b90e:35107/[0m

SUMMARY
========

CLEAR PARAMETERS
 * /scan_planner_node/

PARAMETERS
 * /a1_gazebo/FL_calf_controller/joint: FL_calf_joint
 * /a1_gazebo/FL_calf_controller/pid/d: 8.0
 * /a1_gazebo/FL_calf_controller/pid/i: 0.0
 * /a1_gazebo/FL_calf_controller/pid/p: 300.0
 * /a1_gazebo/FL_calf_controller/type: unitree_legged_co...
 * /a1_gazebo/FL_hip_controller/joint: FL_hip_joint
 * /a1_gazebo/FL_hip_controller/pid/d: 5.0
 * /a1_gazebo/FL_hip_controller/pid/i: 0.0
 * /a1_gazebo/FL_hip_controller/pid/p: 100.0
 * /a1_gazebo/FL_hip_controller/type: unitree_legged_co...
 * /a1_gazebo/FL_thigh_controller/joint: FL_thigh_joint
 * /a1_gazebo/FL_thigh_controller/pid/d: 8.0
 * /a1_gazebo/FL_thigh_controller/pid/i: 0.0
 * /a1_gazebo/FL_thigh_controller/pid/p: 300.0
 * /a1_gazebo/FL_thigh_controller/type: unitree_legged_co...
 * /a1_gazebo/FR_calf_controller/joint: FR_calf_joint
 * /a1_gazebo/FR_calf_controller/pid/d: 8.0
 * /a1_gazebo/FR_calf_controller/pid/i: 0.0
 * /a1_gazebo/FR_calf_controller/pid/p: 300.0
 * /a1_gazebo/FR_calf_controller/type: unitree_legged_co...
 * /a1_gazebo/FR_hip_controller/joint: FR_hip_joint
 * /a1_gazebo/FR_hip_controller/pid/d: 5.0
 * /a1_gazebo/FR_hip_controller/pid/i: 0.0
 * /a1_gazebo/FR_hip_controller/pid/p: 100.0
 * /a1_gazebo/FR_hip_controller/type: unitree_legged_co...
 * /a1_gazebo/FR_thigh_controller/joint: FR_thigh_joint
 * /a1_gazebo/FR_thigh_controller/pid/d: 8.0
 * /a1_gazebo/FR_thigh_controller/pid/i: 0.0
 * /a1_gazebo/FR_thigh_controller/pid/p: 300.0
 * /a1_gazebo/FR_thigh_controller/type: unitree_legged_co...
 * /a1_gazebo/RL_calf_controller/joint: RL_calf_joint
 * /a1_gazebo/RL_calf_controller/pid/d: 8.0
 * /a1_gazebo/RL_calf_controller/pid/i: 0.0
 * /a1_gazebo/RL_calf_controller/pid/p: 300.0
 * /a1_gazebo/RL_calf_controller/type: unitree_legged_co...
 * /a1_gazebo/RL_hip_controller/joint: RL_hip_joint
 * /a1_gazebo/RL_hip_controller/pid/d: 5.0
 * /a1_gazebo/RL_hip_controller/pid/i: 0.0
 * /a1_gazebo/RL_hip_controller/pid/p: 100.0
 * /a1_gazebo/RL_hip_controller/type: unitree_legged_co...
 * /a1_gazebo/RL_thigh_controller/joint: RL_thigh_joint
 * /a1_gazebo/RL_thigh_controller/pid/d: 8.0
 * /a1_gazebo/RL_thigh_controller/pid/i: 0.0
 * /a1_gazebo/RL_thigh_controller/pid/p: 300.0
 * /a1_gazebo/RL_thigh_controller/type: unitree_legged_co...
 * /a1_gazebo/RR_calf_controller/joint: RR_calf_joint
 * /a1_gazebo/RR_calf_controller/pid/d: 8.0
 * /a1_gazebo/RR_calf_controller/pid/i: 0.0
 * /a1_gazebo/RR_calf_controller/pid/p: 300.0
 * /a1_gazebo/RR_calf_controller/type: unitree_legged_co...
 * /a1_gazebo/RR_hip_controller/joint: RR_hip_joint
 * /a1_gazebo/RR_hip_controller/pid/d: 5.0
 * /a1_gazebo/RR_hip_controller/pid/i: 0.0
 * /a1_gazebo/RR_hip_controller/pid/p: 100.0
 * /a1_gazebo/RR_hip_controller/type: unitree_legged_co...
 * /a1_gazebo/RR_thigh_controller/joint: RR_thigh_joint
 * /a1_gazebo/RR_thigh_controller/pid/d: 8.0
 * /a1_gazebo/RR_thigh_controller/pid/i: 0.0
 * /a1_gazebo/RR_thigh_controller/pid/p: 300.0
 * /a1_gazebo/RR_thigh_controller/type: unitree_legged_co...
 * /a1_gazebo/joint_state_controller/publish_rate: 1000
 * /a1_gazebo/joint_state_controller/type: joint_state_contr...
 * /body_pose_topic: /Odometry_gazebo
 * /closed_loop_controller/finish_dist: 0.15
 * /closed_loop_controller/heading_error_threshold: 0.8
 * /closed_loop_controller/kp_pos: 0.8
 * /closed_loop_controller/kp_yaw: 1.5
 * /closed_loop_controller/max_vx: 2.05
 * /closed_loop_controller/max_vy: 0.35
 * /closed_loop_controller/max_vyaw: 1.0
 * /closed_loop_controller/time_forward: 0.8
 * /gazebo/enable_ros_network: True
 * /rl_floor_command_mux/command_timeout_sec: 0.4
 * /rl_floor_command_mux/linear_acceleration: 2.2
 * /rl_floor_command_mux/linear_deceleration: 2.0
 * /rl_floor_command_mux/max_forward: 2.25
 * /rl_floor_command_mux/max_lateral: 0.75
 * /rl_floor_command_mux/max_reverse: 0.2
 * /rl_floor_command_mux/max_yaw: 2.8
 * /rl_floor_command_mux/output_topic: /cmd_vel
 * /rl_floor_command_mux/planner_topic: /scanplanner/plan...
 * /rl_floor_command_mux/rate: 30.0
 * /rl_floor_command_mux/yaw_acceleration: 2.4
 * /rl_floor_command_mux/yaw_slowdown: 1.05
 * /rl_floor_command_mux/yaw_translation_stop: 1.3
 * /robot_description: <?xml version="1....
 * /robot_name: a1
 * /rosdistro: noetic
 * /rosversion: 1.17.4
 * /scan_planner_node/fsm/emergency_time_: 1.0
 * /scan_planner_node/fsm/fail_safe: True
 * /scan_planner_node/fsm/is_real_world: True
 * /scan_planner_node/fsm/manual_goal_use_current_height: True
 * /scan_planner_node/fsm/max_replan_fail_count: 1000
 * /scan_planner_node/fsm/navi_mode: 1
 * /scan_planner_node/fsm/planning_horizon: 7.5
 * /scan_planner_node/fsm/thresh_no_replan: 0.1
 * /scan_planner_node/fsm/thresh_replan: 1.0
 * /scan_planner_node/grid_map/cloud_is_world: True
 * /scan_planner_node/grid_map/cx: 317.19
 * /scan_planner_node/grid_map/cy: 256.48
 * /scan_planner_node/grid_map/depth_filter_margin: 1
 * /scan_planner_node/grid_map/depth_filter_maxdist: 3.0
 * /scan_planner_node/grid_map/depth_filter_mindist: 0.3
 * /scan_planner_node/grid_map/double_cylinder_offset: 0.18
 * /scan_planner_node/grid_map/double_cylinder_radius: 0.25
 * /scan_planner_node/grid_map/fx: 609.59
 * /scan_planner_node/grid_map/fy: 609.22
 * /scan_planner_node/grid_map/k_depth_scaling_factor: 1000.0
 * /scan_planner_node/grid_map/map_sliding_thresh: 0.2
 * /scan_planner_node/grid_map/max_ray_length: 5.0
 * /scan_planner_node/grid_map/need_extrinsic: True
 * /scan_planner_node/grid_map/obstacles_inflation_z_down: 0.4
 * /scan_planner_node/grid_map/obstacles_inflation_z_up: 0.1
 * /scan_planner_node/grid_map/p_hit: 0.85
 * /scan_planner_node/grid_map/p_max: 0.98
 * /scan_planner_node/grid_map/p_min: 0.12
 * /scan_planner_node/grid_map/p_miss: 0.3
 * /scan_planner_node/grid_map/p_occ: 0.8
 * /scan_planner_node/grid_map/resolution: 0.05
 * /scan_planner_node/grid_map/sensor_type: lidar
 * /scan_planner_node/grid_map/skip_pixel: 2
 * /scan_planner_node/grid_map/sliding_map_size_x: 10.0
 * /scan_planner_node/grid_map/sliding_map_size_y: 10.0
 * /scan_planner_node/grid_map/sliding_map_size_z: 5.0
 * /scan_planner_node/grid_map/vis_height: 0.3
 * /scan_planner_node/manager/control_points_distance: 0.2
 * /scan_planner_node/manager/feasibility_tolerance: 0.5
 * /scan_planner_node/manager/max_acc: 1.1
 * /scan_planner_node/manager/max_jerk: 4.0
 * /scan_planner_node/manager/max_vel: 2.05
 * /scan_planner_node/manager/planning_horizon: 7.5
 * /scan_planner_node/optimization/acc_tolerance: 1.0
 * /scan_planner_node/optimization/dist0: 0.2
 * /scan_planner_node/optimization/lambda_collision: 1.0
 * /scan_planner_node/optimization/lambda_feasibility: 0.1
 * /scan_planner_node/optimization/lambda_fitness: 1.0
 * /scan_planner_node/optimization/lambda_smooth: 1.0
 * /scan_planner_node/optimization/max_acc: 1.1
 * /scan_planner_node/optimization/max_vel: 2.05
 * /scan_planner_node/optimization/vel_tolerance: 1.0
 * /scanplanner_plane_rl_bootstrap/fixed_stand_max_duration_sec: 25.0
 * /scanplanner_plane_rl_bootstrap/release_after_rl_request: True
 * /scanplanner_plane_rl_bootstrap/rl_repeat_seconds: 120.0
 * /scanplanner_plane_rl_bootstrap/stand_after_seconds: 1.0
 * /scanplanner_pointcloud_bridge/input: /scan
 * /scanplanner_pointcloud_bridge/laser_blind: 0.5
 * /scanplanner_pointcloud_bridge/maximum_rate_hz: 5.0
 * /scanplanner_pointcloud_bridge/maximum_vertical_angle_deg: 55
 * /scanplanner_pointcloud_bridge/minimum_vertical_angle_deg: -7
 * /scanplanner_pointcloud_bridge/odom_topic: /Odometry_gazebo
 * /scanplanner_pointcloud_bridge/output: /registered_scan
 * /scanplanner_pointcloud_bridge/world_frame: map
 * /scanplanner_red_ball_detector/camera_info_topic: /recording_camera...
 * /scanplanner_red_ball_detector/camera_ready_topic: /simenv/recording...
 * /scanplanner_red_ball_detector/confirm_count: 3
 * /scanplanner_red_ball_detector/depth_topic: /real_sense/depth...
 * /scanplanner_red_ball_detector/floor_height_m: 2.6
 * /scanplanner_red_ball_detector/ground_range_scale: 0.95
 * /scanplanner_red_ball_detector/image_topic: /recording_camera...
 * /scanplanner_red_ball_detector/maximum_processing_rate_hz: 0.0
 * /scanplanner_red_ball_detector/merge_radius: 1.1
 * /scanplanner_red_ball_detector/out_json: /root/autodl-tmp/...
 * /scanplanner_red_ball_detector/scan_active_topic: /scanplanner/room...
 * /scanplanner_red_ball_detector/use_depth: True
 * /scanplanner_three_floor_goal_sequencer/direct_plane_distance_gain: 1.1
 * /scanplanner_three_floor_goal_sequencer/direct_plane_max_lateral_speed_mps: 0.75
 * /scanplanner_three_floor_goal_sequencer/direct_plane_min_forward_speed: 0.3
 * /scanplanner_three_floor_goal_sequencer/direct_plane_translation_heading_limit_rad: 1.45
 * /scanplanner_three_floor_goal_sequencer/direct_plane_yaw_rate: 1.15
 * /scanplanner_three_floor_goal_sequencer/direct_stair_yaw_rate: 0.35
 * /scanplanner_three_floor_goal_sequencer/entrance_fixed_heading_release_rad: 0.2
 * /scanplanner_three_floor_goal_sequencer/entrance_lateral_gain: 0.6
 * /scanplanner_three_floor_goal_sequencer/entrance_max_lateral_speed_mps: 0.12
 * /scanplanner_three_floor_goal_sequencer/entrance_progress_timeout_sec: 5.0
 * /scanplanner_three_floor_goal_sequencer/entrance_recovery_hold_sec: 1.0
 * /scanplanner_three_floor_goal_sequencer/entrance_recovery_max_attempts: 2
 * /scanplanner_three_floor_goal_sequencer/entrance_speed_scale: 1.45
 * /scanplanner_three_floor_goal_sequencer/floor_control_settle_sec: 0.15
 * /scanplanner_three_floor_goal_sequencer/handoff_timeout_sec: 300.0
 * /scanplanner_three_floor_goal_sequencer/manager_release_settle_sec: 0.1
 * /scanplanner_three_floor_goal_sequencer/maximum_floor_speed: 2.25
 * /scanplanner_three_floor_goal_sequencer/maximum_replans: 2
 * /scanplanner_three_floor_goal_sequencer/minimum_upright_duration_sec: 0.6
 * /scanplanner_three_floor_goal_sequencer/minimum_upright_z: 0.55
 * /scanplanner_three_floor_goal_sequencer/mission_config: /tmp/simenv_bridg...
 * /scanplanner_three_floor_goal_sequencer/output_dir: /root/autodl-tmp/...
 * /scanplanner_three_floor_goal_sequencer/plane_fast_takeover: True
 * /scanplanner_three_floor_goal_sequencer/plane_fast_takeover_blend_seconds: 0.5
 * /scanplanner_three_floor_goal_sequencer/plane_fast_takeover_zero_hold_seconds: 0.15
 * /scanplanner_three_floor_goal_sequencer/plane_motion_start_ramp_initial_speed_mps: 0.3
 * /scanplanner_three_floor_goal_sequencer/plane_motion_start_ramp_minimum_upright_z: 0.985
 * /scanplanner_three_floor_goal_sequencer/plane_motion_start_ramp_seconds: 3.0
 * /scanplanner_three_floor_goal_sequencer/policy_timeout_sec: 35.0
 * /scanplanner_three_floor_goal_sequencer/progress_timeout_sec: 45.0
 * /scanplanner_three_floor_goal_sequencer/room_scan_settle_sec: 0.1
 * /scanplanner_three_floor_goal_sequencer/room_scan_timeout_sec: 30.0
 * /scanplanner_three_floor_goal_sequencer/room_scan_turn_rad: 1.9
 * /scanplanner_three_floor_goal_sequencer/room_scan_yaw_rate: 2.8
 * /scanplanner_three_floor_goal_sequencer/room_tolerance: 0.4
 * /scanplanner_three_floor_goal_sequencer/speed_scale: 2.6
 * /scanplanner_three_floor_goal_sequencer/stage_announcement_hold_sec: 0.15
 * /scanplanner_three_floor_goal_sequencer/startup_timeout_sec: 240.0
 * /scanplanner_three_floor_goal_sequencer/waypoint_timeout_sec: 150.0
 * /second_to_third_floor_stair_manager/ascent_maximum_speed_mps: 0.8
 * /second_to_third_floor_stair_manager/ascent_speed_mps: 0.8
 * /second_to_third_floor_stair_manager/ascent_timeout_sec: 45.0
 * /second_to_third_floor_stair_manager/auto_start: False
 * /second_to_third_floor_stair_manager/command_topic: /cmd_vel
 * /second_to_third_floor_stair_manager/enable_truth_return_gate: False
 * /second_to_third_floor_stair_manager/enable_visual_stair_alignment: False
 * /second_to_third_floor_stair_manager/entry_alignment_yaw_rate_rps: 0.4
 * /second_to_third_floor_stair_manager/flight_a_height_gain_m: 1.05
 * /second_to_third_floor_stair_manager/flight_b_timeout_sec: 22.0
 * /second_to_third_floor_stair_manager/height_plot_basename: 21_truth_stair_he...
 * /second_to_third_floor_stair_manager/hold_rl_during_ascent: True
 * /second_to_third_floor_stair_manager/landing_cross_distance_m: 0.95
 * /second_to_third_floor_stair_manager/landing_cross_speed_mps: 0.75
 * /second_to_third_floor_stair_manager/landing_heading_tolerance_rad: 0.15
 * /second_to_third_floor_stair_manager/landing_timeout_sec: 30.0
 * /second_to_third_floor_stair_manager/landing_turn_angle_rad: -2.4
 * /second_to_third_floor_stair_manager/landing_turn_speed_rps: 1.2
 * /second_to_third_floor_stair_manager/mission_failure_token: SECOND_FLOOR_EXPL...
 * /second_to_third_floor_stair_manager/mission_trigger_token: SECOND_FLOOR_EXPL...
 * /second_to_third_floor_stair_manager/mission_trigger_topic: /simenv/second_fl...
 * /second_to_third_floor_stair_manager/odom_topic: /Odometry_gazebo
 * /second_to_third_floor_stair_manager/offline_stair_model_sdf: /tmp/simenv_bridg...
 * /second_to_third_floor_stair_manager/offline_truth_layout_metadata: /tmp/simenv_bridg...
 * /second_to_third_floor_stair_manager/output_dir: /root/autodl-tmp/...
 * /second_to_third_floor_stair_manager/plane_policy: /root/autodl-tmp/...
 * /second_to_third_floor_stair_manager/policy_warmup_seconds: 0.2
 * /second_to_third_floor_stair_manager/pre_ascent_rl_fast_blend_seconds: 0.5
 * /second_to_third_floor_stair_manager/pre_ascent_rl_fast_takeover: True
 * /second_to_third_floor_stair_manager/pre_ascent_rl_fast_zero_hold_seconds: 0.15
 * /second_to_third_floor_stair_manager/pre_ascent_rl_settle_seconds: 0.6
 * /second_to_third_floor_stair_manager/pre_ascent_stand_seconds: 0.0
 * /second_to_third_floor_stair_manager/second_floor_handoff_timeout_sec: 90.0
 * /second_to_third_floor_stair_manager/second_floor_stable_seconds: 0.5
 * /second_to_third_floor_stair_manager/source_floor_index: 1
 * /second_to_third_floor_stair_manager/stair_policy: /root/autodl-tmp/...
 * /second_to_third_floor_stair_manager/state_topic: /simenv/second_to...
 * /second_to_third_floor_stair_manager/target_floor_number: 3
 * /second_to_third_floor_stair_manager/total_height_gain_m: 2.2
 * /second_to_third_floor_stair_manager/trajectory_plot_basename: 21_f2_to_third_fl...
 * /second_to_third_floor_stair_manager/transition_log_basename: second_to_third_f...
 * /second_to_third_floor_stair_manager/transition_plot_basename: 21_second_to_thir...
 * /second_to_third_floor_stair_manager/truth_entry_final_speed_mps: 0.55
 * /second_to_third_floor_stair_manager/truth_entry_guide: True
 * /second_to_third_floor_stair_manager/truth_entry_guide_min_speed_mps: 0.25
 * /second_to_third_floor_stair_manager/truth_entry_guide_speed_mps: 0.45
 * /second_to_third_floor_stair_manager/truth_entry_timeout_sec: 120.0
 * /second_to_third_floor_stair_manager/truth_fixed_two_flight_profile: True
 * /second_to_third_floor_stair_manager/truth_flight_a_backslide_recovery_hold_seconds: 1.5
 * /second_to_third_floor_stair_manager/truth_flight_a_backslide_recovery_max_attempts: 2
 * /second_to_third_floor_stair_manager/truth_flight_a_backslide_recovery_ramp_seconds: 1.0
 * /second_to_third_floor_stair_manager/truth_flight_a_backslide_recovery_ramp_speed_mps: 0.4
 * /second_to_third_floor_stair_manager/truth_flight_a_climb_ramp_seconds: 1.2
 * /second_to_third_floor_stair_manager/truth_flight_a_near_edge_strong_center_error_m: 0.24
 * /second_to_third_floor_stair_manager/truth_flight_a_policy_capture_max_joint_velocity_rms: 0.18
 * /second_to_third_floor_stair_manager/truth_flight_a_policy_fast_fixed_stand: True
 * /second_to_third_floor_stair_manager/truth_flight_a_policy_fast_fixed_stand_duration_seconds: 0.5
 * /second_to_third_floor_stair_manager/truth_flight_a_policy_fast_fixed_stand_minimum_elapsed_seconds: 0.5
 * /second_to_third_floor_stair_manager/truth_flight_a_policy_fast_fixed_stand_minimum_gain_ratio: 0.75
 * /second_to_third_floor_stair_manager/truth_flight_a_policy_fast_fixed_stand_settle_seconds: 0.0
 * /second_to_third_floor_stair_manager/truth_flight_a_policy_fast_fixed_stand_stable_seconds: 0.5
 * /second_to_third_floor_stair_manager/truth_flight_a_policy_fixed_stand_ready_timeout_sec: 12.0
 * /second_to_third_floor_stair_manager/truth_flight_a_policy_require_fixed_stand_ready: True
 * /second_to_third_floor_stair_manager/truth_flight_a_policy_settle_seconds: 0.35
 * /second_to_third_floor_stair_manager/truth_flight_a_policy_settle_timeout_sec: 8.0
 * /second_to_third_floor_stair_manager/truth_flight_a_policy_stand_seconds: 0.1
 * /second_to_third_floor_stair_manager/truth_flight_a_policy_use_default_stand_target: False
 * /second_to_third_floor_stair_manager/truth_flight_a_rearward_slip_max_climb_speed_mps: 0.12
 * /second_to_third_floor_stair_manager/truth_flight_a_rearward_slip_speed_mps: 0.3
 * /second_to_third_floor_stair_manager/truth_flight_a_recovery_center_speed_mps: 0.22
 * /second_to_third_floor_stair_manager/truth_flight_a_recovery_forward_speed_mps: 0.6
 * /second_to_third_floor_stair_manager/truth_flight_a_require_fresh_ready: True
 * /second_to_third_floor_stair_manager/truth_flight_a_stall_release_seconds: 1.5
 * /second_to_third_floor_stair_manager/truth_flight_a_strong_recovery_forward_speed_mps: 0.4
 * /second_to_third_floor_stair_manager/truth_flight_b_max_yaw_rate_rps: 0.1
 * /second_to_third_floor_stair_manager/truth_flight_b_near_edge_strong_center_error_m: 0.24
 * /second_to_third_floor_stair_manager/truth_flight_b_pitch_min_height_gain_m: 0.08
 * /second_to_third_floor_stair_manager/truth_flight_b_pitch_rate_min_abs_rad: 0.6
 * /second_to_third_floor_stair_manager/truth_flight_b_pitch_rate_trigger_rps: 1.6
 * /second_to_third_floor_stair_manager/truth_flight_b_pitch_rate_window_sec: 0.18
 * /second_to_third_floor_stair_manager/truth_flight_b_pitch_recovery_max_attempts: 2
 * /second_to_third_floor_stair_manager/truth_flight_b_rearward_slip_speed_mps: 0.3
 * /second_to_third_floor_stair_manager/truth_flight_b_recovery_forward_speed_mps: 0.6
 * /second_to_third_floor_stair_manager/truth_flight_b_recovery_hold_seconds: 4.0
 * /second_to_third_floor_stair_manager/truth_flight_b_severe_pitch_detect_seconds: 0.1
 * /second_to_third_floor_stair_manager/truth_flight_b_severe_pitch_rad: 0.8
 * /second_to_third_floor_stair_manager/truth_flight_b_strong_recovery_forward_speed_mps: 0.4
 * /second_to_third_floor_stair_manager/truth_landing_recenter_speed_mps: 0.75
 * /second_to_third_floor_stair_manager/truth_two_stage_guide: True
 * /second_to_third_floor_stair_manager/truth_upper_floor_exit_clearance_m: 0.8
 * /second_to_third_floor_stair_manager/two_flight_stair: True
 * /second_to_third_floor_stair_manager/upper_floor_handoff_complete_phase: THIRD_FLOOR_HANDO...
 * /second_to_third_floor_stair_manager/upper_floor_handoff_timeout_phase: THIRD_FLOOR_HANDO...
 * /second_to_third_floor_stair_manager/upper_floor_reached_phase: THIRD_FLOOR_REACHED
 * /second_to_third_floor_stair_manager/upper_floor_ready_token: THIRD_FLOOR_EXPLO...
 * /second_to_third_floor_stair_manager/upper_floor_settle_phase: THIRD_FLOOR_SETTLE
 * /second_to_third_floor_stair_manager/upper_floor_state_topic: /simenv/third_flo...
 * /second_to_third_floor_stair_manager/upper_landing_clearance_grace_sec: 15.0
 * /second_to_third_floor_stair_manager/wait_for_second_floor_handoff: True
 * /second_to_third_floor_stair_manager/world_frame_ascent: True
 * /stair_descent_manager/command_topic: /cmd_vel
 * /stair_descent_manager/descent_maximum_speed_mps: 0.8
 * /stair_descent_manager/descent_segment_timeout_sec: 600.0
 * /stair_descent_manager/descent_speed_mps: 0.8
 * /stair_descent_manager/end_floor_number: 1
 * /stair_descent_manager/mission_trigger_token: THIRD_FLOOR_EXPLO...
 * /stair_descent_manager/mission_trigger_topic: /simenv/third_flo...
 * /stair_descent_manager/odom_topic: /Odometry_gazebo
 * /stair_descent_manager/offline_stair_model_sdf: /tmp/simenv_bridg...
 * /stair_descent_manager/offline_truth_layout_metadata: /tmp/simenv_bridg...
 * /stair_descent_manager/output_dir: /root/autodl-tmp/...
 * /stair_descent_manager/policy_switch_fast_fixed_stand: True
 * /stair_descent_manager/policy_switch_fast_fixed_stand_duration_seconds: 0.5
 * /stair_descent_manager/policy_switch_fast_fixed_stand_minimum_elapsed_seconds: 0.5
 * /stair_descent_manager/policy_switch_fast_fixed_stand_minimum_gain_ratio: 0.75
 * /stair_descent_manager/policy_switch_fast_fixed_stand_settle_seconds: 0.0
 * /stair_descent_manager/policy_switch_fast_fixed_stand_stable_seconds: 0.5
 * /stair_descent_manager/policy_switch_fixed_stand_timeout_sec: 12.0
 * /stair_descent_manager/policy_switch_max_joint_velocity_rms: 0.35
 * /stair_descent_manager/policy_switch_queue_hold_seconds: 0.25
 * /stair_descent_manager/policy_switch_reentry_timeout_sec: 20.0
 * /stair_descent_manager/policy_switch_settle_seconds: 0.45
 * /stair_descent_manager/policy_switch_settle_timeout_sec: 6.0
 * /stair_descent_manager/policy_warmup_seconds: 0.75
 * /stair_descent_manager/pre_descent_stand_seconds: 0.25
 * /stair_descent_manager/segment_one_log_basename: third_to_second_f...
 * /stair_descent_manager/segment_two_log_basename: second_to_first_f...
 * /stair_descent_manager/skip_entry_guide: True
 * /stair_descent_manager/stair_policy: /root/autodl-tmp/...
 * /stair_descent_manager/start_floor_number: 3
 * /stair_descent_manager/state_topic: /simenv/third_to_...
 * /stair_descent_manager/transition_log_basename: stair_descent.json
 * /stair_descent_manager/truth_descent_backoff_escalation_m: 0.15
 * /stair_descent_manager/truth_descent_east_align_minimum_x_speed_mps: 0.3
 * /stair_descent_manager/truth_descent_east_align_tread_drop_m: 0.05
 * /stair_descent_manager/truth_descent_entry_guide_speed_mps: 1.15
 * /stair_descent_manager/truth_descent_final_landing_max_body_height_m: 1.0
 * /stair_descent_manager/truth_descent_final_landing_max_tilt_rad: 0.45
 * /stair_descent_manager/truth_descent_final_landing_min_body_height_m: 0.2
 * /stair_descent_manager/truth_descent_final_landing_minimum_upright_z: 0.75
 * /stair_descent_manager/truth_descent_final_landing_settle_seconds: 1.0
 * /stair_descent_manager/truth_descent_final_landing_timeout_sec: 20.0
 * /stair_descent_manager/truth_descent_flight_a_end_y: 1.75
 * /stair_descent_manager/truth_descent_flight_center_correction_error_m: 0.22
 * /stair_descent_manager/truth_descent_flight_center_correction_speed_mps: 0.5
 * /stair_descent_manager/truth_descent_flight_center_correction_yaw_rate_rps: 0.2
 * /stair_descent_manager/truth_descent_flight_center_steer_gain: 1.0
 * /stair_descent_manager/truth_descent_flight_center_steer_max_rad: 0.24
 * /stair_descent_manager/truth_descent_flight_end_slowdown_drop_m: 0.95
 * /stair_descent_manager/truth_descent_flight_end_speed_mps: 0.6
 * /stair_descent_manager/truth_descent_flight_heading_correction_error_rad: 0.22
 * /stair_descent_manager/truth_descent_flight_heading_correction_speed_mps: 0.4
 * /stair_descent_manager/truth_descent_flight_heading_correction_yaw_rate_rps: 0.3
 * /stair_descent_manager/truth_descent_flight_heading_gain: 0.55
 * /stair_descent_manager/truth_descent_flight_initial_hold_drop_m: 0.18
 * /stair_descent_manager/truth_descent_flight_initial_ramp_end_drop_m: 0.45
 * /stair_descent_manager/truth_descent_flight_initial_speed_mps: 0.55
 * /stair_descent_manager/truth_descent_flight_max_yaw_rate_rps: 0.14
 * /stair_descent_manager/truth_descent_flight_severe_tilt_hold_sec: 0.8
 * /stair_descent_manager/truth_descent_flight_severe_tilt_rad: 0.6
 * /stair_descent_manager/truth_descent_flight_severe_tilt_speed_mps: 0.3
 * /stair_descent_manager/truth_descent_flight_tilt_hold_sec: 0.6
 * /stair_descent_manager/truth_descent_flight_tilt_slowdown_rad: 0.48
 * /stair_descent_manager/truth_descent_flight_tilt_speed_mps: 0.55
 * /stair_descent_manager/truth_descent_gain_up_drop_m: 0.35
 * /stair_descent_manager/truth_descent_landing_heading_tolerance_rad: 0.18
 * /stair_descent_manager/truth_descent_landing_minimum_x_speed_mps: 0.3
 * /stair_descent_manager/truth_descent_landing_minimum_yaw_rate_rps: 0.34
 * /stair_descent_manager/truth_descent_landing_position_tolerance_m: 0.12
 * /stair_descent_manager/truth_descent_landing_recenter_speed_mps: 0.4
 * /stair_descent_manager/truth_descent_landing_settle_seconds: 1.5
 * /stair_descent_manager/truth_descent_landing_slip_max_attempts: 4
 * /stair_descent_manager/truth_descent_landing_turn_speed_rps: 1.2
 * /stair_descent_manager/truth_descent_max_center_error_m: 0.4
 * /stair_descent_manager/truth_descent_minimum_upright_z: 0.55
 * /stair_descent_manager/truth_descent_segment_turn_alignment_minimum_speed_mps: 0.3
 * /stair_descent_manager/truth_descent_segment_turn_alignment_progress_min_m: 0.025
 * /stair_descent_manager/truth_descent_segment_turn_alignment_progress_timeout_sec: 3.0
 * /stair_descent_manager/truth_descent_segment_turn_drift_limit_m: 0.4
 * /stair_descent_manager/truth_descent_segment_turn_lateral_speed_mps: 0.4
 * /stair_descent_manager/truth_descent_segment_turn_position_tolerance_m: 0.16
 * /stair_descent_manager/truth_descent_segment_turn_progress_min_improvement_rad: 0.11
 * /stair_descent_manager/truth_descent_segment_turn_progress_timeout_sec: 2.8
 * /stair_descent_manager/truth_descent_segment_turn_side_speed_mps: 0.4
 * /stair_descent_manager/truth_descent_segment_turn_x_safe_tolerance_m: 0.25
 * /stair_descent_manager/truth_descent_segment_turn_y_safe_high_m: 1.95
 * /stair_descent_manager/truth_descent_segment_turn_yaw_rate_rps: 1.0
 * /stair_descent_manager/truth_descent_side_slip_pause_sec: 0.5
 * /stair_descent_manager/truth_descent_stall_seconds: 3.0
 * /stair_descent_manager/truth_descent_step_pause_interval_m: 0.18
 * /stair_descent_manager/truth_descent_step_pause_seconds: 0.0
 * /stair_descent_manager/truth_descent_trigger_timeout_sec: 2400.0
 * /stair_descent_manager/truth_descent_turn_forward_speed_mps: 0.08
 * /stair_descent_manager/truth_descent_turn_forward_y_limit_m: 4.82
 * /stair_descent_manager/truth_descent_turn_start_y: 5.05
 * /stair_descent_manager/truth_entry_guide: True
 * /stair_descent_manager/truth_two_stage_guide: True
 * /stair_transition_manager/ascent_maximum_speed_mps: 0.8
 * /stair_transition_manager/ascent_speed_mps: 0.8
 * /stair_transition_manager/ascent_timeout_sec: 70.0
 * /stair_transition_manager/auto_start: False
 * /stair_transition_manager/command_topic: /cmd_vel
 * /stair_transition_manager/enable_truth_return_gate: False
 * /stair_transition_manager/enable_visual_stair_alignment: False
 * /stair_transition_manager/entry_alignment_yaw_rate_rps: 0.4
 * /stair_transition_manager/flight_a_height_gain_m: 1.05
 * /stair_transition_manager/flight_b_timeout_sec: 70.0
 * /stair_transition_manager/hold_rl_during_ascent: True
 * /stair_transition_manager/landing_cross_distance_m: 0.95
 * /stair_transition_manager/landing_cross_speed_mps: 0.75
 * /stair_transition_manager/landing_heading_tolerance_rad: 0.15
 * /stair_transition_manager/landing_timeout_sec: 30.0
 * /stair_transition_manager/landing_turn_angle_rad: -2.4
 * /stair_transition_manager/landing_turn_speed_rps: 1.2
 * /stair_transition_manager/odom_topic: /Odometry_gazebo
 * /stair_transition_manager/offline_stair_model_sdf: /tmp/simenv_bridg...
 * /stair_transition_manager/offline_truth_layout_metadata: /tmp/simenv_bridg...
 * /stair_transition_manager/output_dir: /root/autodl-tmp/...
 * /stair_transition_manager/plane_policy: /root/autodl-tmp/...
 * /stair_transition_manager/policy_warmup_seconds: 0.2
 * /stair_transition_manager/pre_ascent_rl_fast_blend_seconds: 0.5
 * /stair_transition_manager/pre_ascent_rl_fast_takeover: True
 * /stair_transition_manager/pre_ascent_rl_fast_zero_hold_seconds: 0.15
 * /stair_transition_manager/pre_ascent_rl_settle_seconds: 0.6
 * /stair_transition_manager/pre_ascent_stand_seconds: 0.0
 * /stair_transition_manager/second_floor_handoff_timeout_sec: 90.0
 * /stair_transition_manager/second_floor_stable_seconds: 0.5
 * /stair_transition_manager/stair_policy: /root/autodl-tmp/...
 * /stair_transition_manager/total_height_gain_m: 2.2
 * /stair_transition_manager/truth_entry_final_speed_mps: 0.55
 * /stair_transition_manager/truth_entry_guide: True
 * /stair_transition_manager/truth_entry_guide_min_speed_mps: 0.25
 * /stair_transition_manager/truth_entry_guide_speed_mps: 0.45
 * /stair_transition_manager/truth_entry_timeout_sec: 120.0
 * /stair_transition_manager/truth_fixed_two_flight_profile: True
 * /stair_transition_manager/truth_flight_a_backslide_recovery_hold_seconds: 1.5
 * /stair_transition_manager/truth_flight_a_backslide_recovery_max_attempts: 2
 * /stair_transition_manager/truth_flight_a_backslide_recovery_ramp_seconds: 1.0
 * /stair_transition_manager/truth_flight_a_backslide_recovery_ramp_speed_mps: 0.4
 * /stair_transition_manager/truth_flight_a_climb_ramp_seconds: 1.2
 * /stair_transition_manager/truth_flight_a_near_edge_strong_center_error_m: 0.24
 * /stair_transition_manager/truth_flight_a_policy_capture_max_joint_velocity_rms: 0.18
 * /stair_transition_manager/truth_flight_a_policy_fast_fixed_stand: True
 * /stair_transition_manager/truth_flight_a_policy_fast_fixed_stand_duration_seconds: 0.5
 * /stair_transition_manager/truth_flight_a_policy_fast_fixed_stand_minimum_elapsed_seconds: 0.5
 * /stair_transition_manager/truth_flight_a_policy_fast_fixed_stand_minimum_gain_ratio: 0.75
 * /stair_transition_manager/truth_flight_a_policy_fast_fixed_stand_settle_seconds: 0.0
 * /stair_transition_manager/truth_flight_a_policy_fast_fixed_stand_stable_seconds: 0.5
 * /stair_transition_manager/truth_flight_a_policy_fixed_stand_ready_timeout_sec: 12.0
 * /stair_transition_manager/truth_flight_a_policy_require_fixed_stand_ready: True
 * /stair_transition_manager/truth_flight_a_policy_settle_seconds: 0.35
 * /stair_transition_manager/truth_flight_a_policy_settle_timeout_sec: 8.0
 * /stair_transition_manager/truth_flight_a_policy_stand_seconds: 0.1
 * /stair_transition_manager/truth_flight_a_policy_use_default_stand_target: False
 * /stair_transition_manager/truth_flight_a_prediction_horizon_sec: 1.1
 * /stair_transition_manager/truth_flight_a_rearward_slip_max_climb_speed_mps: 0.12
 * /stair_transition_manager/truth_flight_a_rearward_slip_speed_mps: 0.3
 * /stair_transition_manager/truth_flight_a_recovery_center_speed_mps: 0.22
 * /stair_transition_manager/truth_flight_a_recovery_forward_speed_mps: 0.6
 * /stair_transition_manager/truth_flight_a_require_fresh_ready: True
 * /stair_transition_manager/truth_flight_a_stall_release_seconds: 1.5
 * /stair_transition_manager/truth_flight_a_strong_recovery_forward_speed_mps: 0.4
 * /stair_transition_manager/truth_flight_b_max_yaw_rate_rps: 0.1
 * /stair_transition_manager/truth_flight_b_near_edge_strong_center_error_m: 0.24
 * /stair_transition_manager/truth_flight_b_pitch_min_height_gain_m: 0.08
 * /stair_transition_manager/truth_flight_b_pitch_rate_min_abs_rad: 0.6
 * /stair_transition_manager/truth_flight_b_pitch_rate_trigger_rps: 1.6
 * /stair_transition_manager/truth_flight_b_pitch_rate_window_sec: 0.18
 * /stair_transition_manager/truth_flight_b_pitch_recovery_max_attempts: 2
 * /stair_transition_manager/truth_flight_b_rearward_slip_speed_mps: 0.3
 * /stair_transition_manager/truth_flight_b_recovery_forward_speed_mps: 0.6
 * /stair_transition_manager/truth_flight_b_recovery_hold_seconds: 4.0
 * /stair_transition_manager/truth_flight_b_severe_pitch_detect_seconds: 0.1
 * /stair_transition_manager/truth_flight_b_severe_pitch_rad: 0.8
 * /stair_transition_manager/truth_flight_b_strong_recovery_forward_speed_mps: 0.4
 * /stair_transition_manager/truth_landing_recenter_speed_mps: 0.75
 * /stair_transition_manager/truth_two_stage_guide: True
 * /stair_transition_manager/two_flight_stair: True
 * /stair_transition_manager/upper_landing_clearance_grace_sec: 15.0
 * /stair_transition_manager/wait_for_second_floor_handoff: True
 * /stair_transition_manager/world_frame_ascent: True
 * /state_from_gazebo/robot_name: a1
 * /three_floor_rl_mission_supervisor/lobby_heading_stable_sec: 0.3
 * /three_floor_rl_mission_supervisor/lobby_initial_forward_speed_mps: 0.18
 * /three_floor_rl_mission_supervisor/lobby_linear_acceleration_mps2: 0.55
 * /three_floor_rl_mission_supervisor/minimum_upright_duration_sec: 0.6
 * /three_floor_rl_mission_supervisor/minimum_upright_z: 0.55
 * /three_floor_rl_mission_supervisor/mission_config: /tmp/simenv_bridg...
 * /three_floor_rl_mission_supervisor/mission_timeout_sec: 1800.0
 * /three_floor_rl_mission_supervisor/output_dir: /root/autodl-tmp/...
 * /three_floor_rl_mission_supervisor/plane_fast_takeover: True
 * /three_floor_rl_mission_supervisor/plane_fast_takeover_blend_seconds: 0.5
 * /three_floor_rl_mission_supervisor/plane_fast_takeover_zero_hold_seconds: 0.15
 * /three_floor_rl_mission_supervisor/plane_motion_start_ramp_initial_speed_mps: 0.3
 * /three_floor_rl_mission_supervisor/plane_motion_start_ramp_minimum_upright_z: 0.985
 * /three_floor_rl_mission_supervisor/plane_motion_start_ramp_seconds: 3.0
 * /three_floor_rl_mission_supervisor/progress_timeout_sec: 20.0
 * /unpause_after_controllers/controller_namespace: /a1_gazebo
 * /unpause_after_controllers/load_window_seconds: 2.0
 * /unpause_after_controllers/timeout: 120
 * /use_sim_time: True
 * /world_file: /tmp/simenv_bridg...

NODES
  /
    building_control (building_generator_classic/building_generator_classic_control)
    closed_loop_controller (scan_planner/closed_loop_controller)
    gazebo (gazebo_ros/gzserver)
    junior_ctrl (simenv_bridge/classic_trotting_controller.py)
    open_mapping_entrance (simenv_competitor/open_mapping_entrance.py)
    rl_floor_command_mux (simenv_bridge/rl_floor_command_mux.py)
    robot_state_publisher (robot_state_publisher/robot_state_publisher)
    scan_planner_node (scan_planner/scan_planner_node)
    scanplanner_plane_rl_bootstrap (simenv_competitor/controller_mode_bootstrap.py)
    scanplanner_pointcloud_bridge (simenv_bridge/scanplanner_pointcloud_bridge.py)
    scanplanner_red_ball_detector (simenv_bridge/danger_detector.py)
    scanplanner_three_floor_goal_sequencer (simenv_bridge/scanplanner_three_floor_goal_sequencer.py)
    second_to_third_floor_stair_manager (simenv_bridge/stair_transition_manager.py)
    stair_descent_manager (simenv_bridge/stair_descent_manager.py)
    stair_transition_manager (simenv_bridge/stair_transition_manager.py)
    state_from_gazebo (unitree_guide/state_from_gazebo)
    three_floor_rl_mission_supervisor (simenv_bridge/three_floor_rl_mission_supervisor.py)
    unpause_after_controllers (simenv_competitor/unpause_after_controllers.py)
    urdf_spawner (gazebo_ros/spawn_model)
  /a1_gazebo/
    controller_spawner (controller_manager/spawner)
[WARN] [1788331003.579844706]: [closed_loop_controller] ready.
hit: 1.7346
miss: -0.847298
min log: -1.99243
max: 3.89182
thresh log: 1.38629
Using junior_ctrl: /root/autodl-tmp/code/restore/0803b/0902overall/SimEnv-master/.portable/devel/lib/unitree_guide/junior_ctrl
Waiting for Gazebo A1 joint state and trunk IMU before junior_ctrl
[ERROR] [1788331007.844414320]: GetModelState: model [a1_gazebo] does not exist
[INFO] [1788331004.854646083]: Finished loading Gazebo ROS API Plugin.
[INFO] [1788331004.862402708]: waitForService: Service [/gazebo/set_physics_properties] has not been advertised, waiting...
[INFO] [1788331007.749675862]: waitForService: Service [/gazebo/set_physics_properties] is now available.
[INFO] [1788331007.832269901]: Physics dynamic reconfigure ready.
[INFO] [1788331008.311598615]: <initialOrientationAsReference> is unset, using default value of false to comply with REP 145 (world as orientation reference)
[INFO] [1788331008.311688863]: <robotNamespace> set to: //
[INFO] [1788331008.311710906]: <topicName> set to: trunk_imu
[INFO] [1788331008.311728164]: <frameName> set to: imu_link
[INFO] [1788331008.311779060]: <updateRateHZ> set to: 1000
[INFO] [1788331008.311802610]: <gaussianNoise> set to: 0
[INFO] [1788331008.311847053]: <xyzOffset> set to: 0 0 0
[INFO] [1788331008.311896273]: <rpyOffset> set to: 0 -0 0
[INFO] [1788331008.364421339]: load csv file name:/root/autodl-tmp/code/restore/0803b/0902overall/runtime_assets/SimEnv/src/unitree_guide/unitree_ros/robots/a1_description/scan_mode/mid360_stable.csv
cannot convert str:
data size:2500
[INFO] [1788331004.569845, 0.000000]: Waiting to open mapping entrance main_entrance
[INFO] [1788331009.587010, 0.000000]: Mapping entrance ready: door 'main_entrance' set to open
[INFO] [1788331004.435280, 0.000000]: Loading model XML from ros parameter robot_description
[INFO] [1788331004.448701, 0.000000]: Waiting for service /gazebo/spawn_urdf_model
[INFO] [1788331007.837231, 0.000000]: Calling service /gazebo/spawn_urdf_model
[INFO] [1788331009.575521, 0.000000]: Spawn status: SpawnModel: Successfully spawned entity
[INFO] [1788331009.579231, 0.000000]: Waiting for service /gazebo/set_model_configuration
[INFO] [1788331009.588076, 0.000000]: temporary hack to **fix** the -J joint position option (issue #93), sleeping for 1 second to avoid race condition.
[INFO] [1788331010.591460, 0.000000]: Calling service /gazebo/set_model_configuration
[INFO] [1788331010.600089, 0.000000]: Set model configuration status: SetModelConfiguration: success
[INFO] [1788331013.679395, 0.000000]: Gazebo unpaused after 2.0 s paused controller-load window
[INFO] [1788331013.687819, 0.003000]: All 13 A1 controllers reached running state
A1 sensors and 12 joint controllers are ready; starting classic junior_ctrl
[WARNING] Could not enable SCHED_FIFO scheduler: Operation not permitted. Controller will continue with the normal scheduler.
The control interface for ROS Gazebo simulation
robot_name: a1
controller dt: 0.004 s, frequency: 250.000 Hz
classic gait profile=trot period=0.550s stance_ratio=0.650
/root/autodl-tmp/code/restore/0803b/0902overall/runtime_assets/SimEnv/src/unitree_guide/logs/policy_act_inference_plane.pt
cuda::is_available():1
RL inference device: cpu (requested=hybrid, policy=plane)
[INFO] RL policy resident in preload cache: /root/autodl-tmp/code/restore/0803b/0902overall/runtime_assets/SimEnv/src/unitree_guide/logs/policy_act_inference_plane.pt
cuda::is_available():1
RL inference device: cpu (requested=hybrid, policy=plane)
load model is successed!
load model to device!
[INFO] UNITREE_RL_PRELOAD_PLANE_POLICY already cached: /root/autodl-tmp/code/restore/0803b/0902overall/runtime_assets/SimEnv/src/unitree_guide/logs/policy_act_inference_plane.pt
cuda::is_available():1
RL inference device: cuda (requested=hybrid, policy=stair)
[INFO] RL policy resident in preload cache: /root/autodl-tmp/code/restore/0803b/0902overall/runtime_assets/SimEnv/src/unitree_guide/logs/policy_act_inference_stair.pt
[INFO] UNITREE_RL_PRELOAD_STAIR_POLICY preloaded: /root/autodl-tmp/code/restore/0803b/0902overall/runtime_assets/SimEnv/src/unitree_guide/logs/policy_act_inference_stair.pt
[INFO] RL observation source: trunk IMU and joint states (no ground truth).
[INFO] Autonomous startup: entering fixed stand (hold until /joy RL).
Switched from passive to fixed stand
[INFO] [1788331015.504420811, 1.196000000]: [SCANReplanFSM] Set RViz goal height from initial body_pose z: 0.189
[FSM]: state: INIT
wait for goal.
[FSM]: state: INIT
wait for goal.
Warning: TF_REPEATED_DATA ignoring data with redundant timestamp for frame sliding_map (parent world) at time 3.409000 according to authority /scan_planner_node
         at line 277 in /tmp/binarydeb/ros-noetic-tf2-0.7.10/src/buffer_core.cpp
[FSM]: state: INIT
wait for goal.
[FSM]: state: INIT
wait for goal.
[INFO] Hold-stand released; RL requested.
Switched from fixed stand to RL
[INFO] Entered RL /cmd_vel mode.
[FSM]: state: INIT
wait for goal.
[FSM]: state: INIT
wait for goal.
[FSM]: state: INIT
wait for goal.
[FSM]: state: INIT
wait for goal.
[FSM]: state: INIT
wait for goal.
[FSM]: state: INIT
wait for goal.
[INFO] [1788331023.988600144, 5.926000000]: RL policy input vx=0.000 vy=0.000 wz=0.000 action_rms=0.321 ready=0 userCmd=0 kbd=0 raw=0.000,0.000,0.000 grav=-0.02,-0.00,-0.98
[INFO] [1788331027.825308909, 7.936000000]: RL policy input vx=0.000 vy=0.000 wz=0.000 action_rms=0.194 ready=0 userCmd=0 kbd=0 raw=0.000,0.000,0.000 grav=-0.02,0.06,-0.98
[INFO] [1788331031.850379378, 9.959000000]: RL policy input vx=0.000 vy=0.000 wz=0.000 action_rms=0.149 ready=0 userCmd=0 kbd=0 raw=0.000,0.000,0.000 grav=0.00,0.00,-0.98
[INFO] [1788331034.366533095, 11.309000000]: RL locomotion_ready latched after 5.50 s takeover and 5.38 s stable hold
cuda::is_available():1
RL inference device: cuda (requested=hybrid, policy=stair)
[INFO] RL policy hot-switched from preload cache: /root/autodl-tmp/code/restore/0803b/0902overall/runtime_assets/SimEnv/src/unitree_guide/logs/policy_act_inference_stair.pt
[FSM]: state: INIT
wait for goal.
[FSM]: state: INIT
wait for goal.
[FSM]: state: INIT
wait for goal.
[FSM]: state: INIT
wait for goal.
[FSM]: state: INIT
wait for goal.
[FSM]: state: INIT
wait for goal.
[FSM]: state: INIT
wait for goal.
[FSM]: state: INIT
wait for goal.
[FSM]: state: INIT
wait for goal.
[FSM]: state: INIT
wait for goal.
[FSM]: state: INIT
wait for goal.
[FSM]: state: INIT
wait for goal.
[FSM]: state: INIT
wait for goal.
[FSM]: state: INIT
wait for goal.
[FSM]: state: INIT
wait for goal.
[WARN] [1788331064.463056043, 26.973000000]: Using one-shot plane RL takeover profile: blend 0.50 s, zero hold 0.15 s
[INFO] [1788331035.572065882, 11.967000000]: RL policy input vx=0.000 vy=0.000 wz=0.000 action_rms=0.149 ready=0 userCmd=0 kbd=0 raw=0.000,0.000,0.000 grav=0.01,0.01,-0.98
[INFO] [1788331039.354947544, 13.985000000]: RL policy input vx=0.000 vy=0.000 wz=0.000 action_rms=0.145 ready=0 userCmd=0 kbd=0 raw=0.000,0.000,0.000 grav=-0.01,0.02,-0.98
[INFO] [1788331043.065279629, 15.999000000]: RL policy input vx=0.000 vy=0.000 wz=0.000 action_rms=0.145 ready=0 userCmd=0 kbd=0 raw=0.000,0.000,0.000 grav=-0.01,0.02,-0.98
[INFO] [1788331044.575470081, 16.827000000]: RL locomotion_ready latched after 5.51 s takeover and 5.17 s stable hold
[INFO] [1788331046.959105038, 18.014000000]: RL policy input vx=0.348 vy=-0.012 wz=-0.004 action_rms=0.165 ready=1 userCmd=0 kbd=0 raw=0.348,-0.012,-0.004 grav=0.01,0.02,-0.98
[INFO] [1788331050.816617177, 20.015000000]: RL policy input vx=0.521 vy=-0.030 wz=-0.041 action_rms=0.321 ready=1 userCmd=0 kbd=0 raw=0.521,-0.030,-0.041 grav=0.05,-0.03,-0.98
[INFO] [1788331054.808540052, 22.026000000]: RL policy input vx=0.414 vy=-0.072 wz=-0.040 action_rms=0.146 ready=1 userCmd=0 kbd=0 raw=0.414,-0.072,-0.040 grav=-0.01,0.01,-0.98
[INFO] [1788331058.726941813, 24.031000000]: RL policy input vx=0.420 vy=-0.013 wz=-0.035 action_rms=0.169 ready=1 userCmd=0 kbd=0 raw=0.420,-0.013,-0.035 grav=-0.01,0.01,-0.98
[INFO] [1788331062.587374250, 26.044000000]: RL policy input vx=0.420 vy=0.006 wz=-0.051 action_rms=0.162 ready=1 userCmd=0 kbd=0 raw=0.420,0.006,-0.051 grav=0.19,0.01,-0.96
cuda::is_available():1
RL inference device: cpu (requested=hybrid, policy=plane)
[INFO] RL policy hot-switched from preload cache: /root/autodl-tmp/code/restore/0803b/0902overall/runtime_assets/SimEnv/src/unitree_guide/logs/policy_act_inference_plane.pt
[FSM]: state: INIT
wait for goal.
[FSM]: state: INIT
wait for goal.
[FSM]: state: INIT
wait for goal.
Warning: TF_REPEATED_DATA ignoring data with redundant timestamp for frame sliding_map (parent world) at time 30.299000 according to authority /scan_planner_node
         at line 277 in /tmp/binarydeb/ros-noetic-tf2-0.7.10/src/buffer_core.cpp
[FSM]: state: INIT
wait for goal.
Warning: TF_REPEATED_DATA ignoring data with redundant timestamp for frame sliding_map (parent world) at time 31.208000 according to authority /scan_planner_node
         at line 277 in /tmp/binarydeb/ros-noetic-tf2-0.7.10/src/buffer_core.cpp
Warning: TF_REPEATED_DATA ignoring data with redundant timestamp for frame sliding_map (parent world) at time 32.007000 according to authority /scan_planner_node
         at line 277 in /tmp/binarydeb/ros-noetic-tf2-0.7.10/src/buffer_core.cpp
[FSM]: state: INIT
wait for goal.
[FSM]: state: INIT
wait for goal.
[FSM]: state: INIT
wait for goal.
[FSM]: state: INIT
wait for goal.
[FSM]: state: INIT
wait for goal.
[FSM]: state: INIT
wait for goal.
[FSM]: state: INIT
wait for goal.
Warning: TF_REPEATED_DATA ignoring data with redundant timestamp for frame sliding_map (parent world) at time 39.304000 according to authority /scan_planner_node
         at line 277 in /tmp/binarydeb/ros-noetic-tf2-0.7.10/src/buffer_core.cpp
[FSM]: state: INIT
wait for goal.
[FSM]: state: INIT
wait for goal.
[FSM]: state: INIT
wait for goal.
Warning: TF_REPEATED_DATA ignoring data with redundant timestamp for frame sliding_map (parent world) at time 43.706000 according to authority /scan_planner_node
         at line 277 in /tmp/binarydeb/ros-noetic-tf2-0.7.10/src/buffer_core.cpp
[FSM]: state: INIT
wait for goal.
[FSM]: state: INIT
wait for goal.
[FSM]: state: INIT
wait for goal.
Warning: TF_REPEATED_DATA ignoring data with redundant timestamp for frame sliding_map (parent world) at time 46.808000 according to authority /scan_planner_node
         at line 277 in /tmp/binarydeb/ros-noetic-tf2-0.7.10/src/buffer_core.cpp
Warning: TF_REPEATED_DATA ignoring data with redundant timestamp for frame sliding_map (parent world) at time 47.007000 according to authority /scan_planner_node
         at line 277 in /tmp/binarydeb/ros-noetic-tf2-0.7.10/src/buffer_core.cpp
[FSM]: state: INIT
wait for goal.
Warning: TF_REPEATED_DATA ignoring data with redundant timestamp for frame sliding_map (parent world) at time 48.203000 according to authority /scan_planner_node
         at line 277 in /tmp/binarydeb/ros-noetic-tf2-0.7.10/src/buffer_core.cpp
Warning: TF_REPEATED_DATA ignoring data with redundant timestamp for frame sliding_map (parent world) at time 48.402000 according to authority /scan_planner_node
         at line 277 in /tmp/binarydeb/ros-noetic-tf2-0.7.10/src/buffer_core.cpp
[FSM]: state: INIT
wait for goal.
Warning: TF_REPEATED_DATA ignoring data with redundant timestamp for frame sliding_map (parent world) at time 48.804000 according to authority /scan_planner_node
         at line 277 in /tmp/binarydeb/ros-noetic-tf2-0.7.10/src/buffer_core.cpp
Warning: TF_REPEATED_DATA ignoring data with redundant timestamp for frame sliding_map (parent world) at time 49.006000 according to authority /scan_planner_node
         at line 277 in /tmp/binarydeb/ros-noetic-tf2-0.7.10/src/buffer_core.cpp
[FSM]: state: INIT
wait for goal.
Warning: TF_REPEATED_DATA ignoring data with redundant timestamp for frame sliding_map (parent world) at time 49.803000 according to authority /scan_planner_node
         at line 277 in /tmp/binarydeb/ros-noetic-tf2-0.7.10/src/buffer_core.cpp
Warning: TF_REPEATED_DATA ignoring data with redundant timestamp for frame sliding_map (parent world) at time 50.011000 according to authority /scan_planner_node
         at line 277 in /tmp/binarydeb/ros-noetic-tf2-0.7.10/src/buffer_core.cpp
[FSM]: state: INIT
wait for goal.
Warning: TF_REPEATED_DATA ignoring data with redundant timestamp for frame sliding_map (parent world) at time 50.899000 according to authority /scan_planner_node
         at line 277 in /tmp/binarydeb/ros-noetic-tf2-0.7.10/src/buffer_core.cpp
Warning: TF_REPEATED_DATA ignoring data with redundant timestamp for frame sliding_map (parent world) at time 51.007000 according to authority /scan_planner_node
         at line 277 in /tmp/binarydeb/ros-noetic-tf2-0.7.10/src/buffer_core.cpp
Warning: TF_REPEATED_DATA ignoring data with redundant timestamp for frame sliding_map (parent world) at time 51.906000 according to authority /scan_planner_node
         at line 277 in /tmp/binarydeb/ros-noetic-tf2-0.7.10/src/buffer_core.cpp
[FSM]: state: INIT
wait for goal.
Warning: TF_REPEATED_DATA ignoring data with redundant timestamp for frame sliding_map (parent world) at time 52.204000 according to authority /scan_planner_node
         at line 277 in /tmp/binarydeb/ros-noetic-tf2-0.7.10/src/buffer_core.cpp
Warning: TF_REPEATED_DATA ignoring data with redundant timestamp for frame sliding_map (parent world) at time 52.804000 according to authority /scan_planner_node
         at line 277 in /tmp/binarydeb/ros-noetic-tf2-0.7.10/src/buffer_core.cpp
Warning: TF_REPEATED_DATA ignoring data with redundant timestamp for frame sliding_map (parent world) at time 53.002000 according to authority /scan_planner_node
         at line 277 in /tmp/binarydeb/ros-noetic-tf2-0.7.10/src/buffer_core.cpp
[FSM]: state: INIT
wait for goal.
[FSM]: state: INIT
wait for goal.
Warning: TF_REPEATED_DATA ignoring data with redundant timestamp for frame sliding_map (parent world) at time 54.502000 according to authority /scan_planner_node
         at line 277 in /tmp/binarydeb/ros-noetic-tf2-0.7.10/src/buffer_core.cpp
Warning: TF_REPEATED_DATA ignoring data with redundant timestamp for frame sliding_map (parent world) at time 55.603000 according to authority /scan_planner_node
         at line 277 in /tmp/binarydeb/ros-noetic-tf2-0.7.10/src/buffer_core.cpp
[FSM]: state: INIT
wait for goal.
Warning: TF_REPEATED_DATA ignoring data with redundant timestamp for frame sliding_map (parent world) at time 55.808000 according to authority /scan_planner_node
         at line 277 in /tmp/binarydeb/ros-noetic-tf2-0.7.10/src/buffer_core.cpp
Warning: TF_REPEATED_DATA ignoring data with redundant timestamp for frame sliding_map (parent world) at time 56.002000 according to authority /scan_planner_node
         at line 277 in /tmp/binarydeb/ros-noetic-tf2-0.7.10/src/buffer_core.cpp
Warning: TF_REPEATED_DATA ignoring data with redundant timestamp for frame sliding_map (parent world) at time 56.207000 according to authority /scan_planner_node
         at line 277 in /tmp/binarydeb/ros-noetic-tf2-0.7.10/src/buffer_core.cpp
Warning: TF_REPEATED_DATA ignoring data with redundant timestamp for frame sliding_map (parent world) at time 56.599000 according to authority /scan_planner_node
         at line 277 in /tmp/binarydeb/ros-noetic-tf2-0.7.10/src/buffer_core.cpp
[FSM]: state: INIT
wait for goal.
Warning: TF_REPEATED_DATA ignoring data with redundant timestamp for frame sliding_map (parent world) at time 57.808000 according to authority /scan_planner_node
         at line 277 in /tmp/binarydeb/ros-noetic-tf2-0.7.10/src/buffer_core.cpp
[FSM]: state: INIT
wait for goal.
Warning: TF_REPEATED_DATA ignoring data with redundant timestamp for frame sliding_map (parent world) at time 58.800000 according to authority /scan_planner_node
         at line 277 in /tmp/binarydeb/ros-noetic-tf2-0.7.10/src/buffer_core.cpp
Warning: TF_REPEATED_DATA ignoring data with redundant timestamp for frame sliding_map (parent world) at time 59.002000 according to authority /scan_planner_node
         at line 277 in /tmp/binarydeb/ros-noetic-tf2-0.7.10/src/buffer_core.cpp
[FSM]: state: INIT
wait for goal.
[FSM]: state: INIT
wait for goal.
[FSM]: state: INIT
wait for goal.
Warning: TF_REPEATED_DATA ignoring data with redundant timestamp for frame sliding_map (parent world) at time 62.302000 according to authority /scan_planner_node
         at line 277 in /tmp/binarydeb/ros-noetic-tf2-0.7.10/src/buffer_core.cpp
[FSM]: state: INIT
wait for goal.
[FSM]: state: INIT
wait for goal.
Warning: TF_REPEATED_DATA ignoring data with redundant timestamp for frame sliding_map (parent world) at time 64.302000 according to authority /scan_planner_node
         at line 277 in /tmp/binarydeb/ros-noetic-tf2-0.7.10/src/buffer_core.cpp
[FSM]: state: INIT
wait for goal.
[FSM]: state: INIT
wait for goal.
[FSM]: state: INIT
wait for goal.
[FSM]: state: INIT
wait for goal.
[FSM]: state: INIT
wait for goal.
[FSM]: state: INIT
wait for goal.
[FSM]: state: INIT
wait for goal.
[INFO] [1788331065.738125552, 27.639000000]: RL locomotion_ready latched after 0.67 s takeover and 0.44 s stable hold
[INFO] [1788331066.550777741, 28.060000000]: RL policy input vx=0.756 vy=-0.044 wz=-0.064 action_rms=0.226 ready=1 userCmd=0 kbd=0 raw=0.756,-0.044,-0.064 grav=-0.03,0.01,-0.98
[INFO] [1788331070.772065299, 30.066000000]: RL policy input vx=2.242 vy=-0.185 wz=-0.091 action_rms=0.260 ready=1 userCmd=0 kbd=0 raw=2.242,-0.185,-0.091 grav=0.01,0.01,-0.98
[INFO] [1788331074.578536901, 32.071000000]: RL policy input vx=2.248 vy=-0.105 wz=-0.052 action_rms=0.452 ready=1 userCmd=0 kbd=0 raw=2.248,-0.105,-0.052 grav=-0.02,-0.05,-0.98
[INFO] [1788331078.664076647, 34.091000000]: RL policy input vx=2.249 vy=0.048 wz=0.023 action_rms=0.396 ready=1 userCmd=0 kbd=0 raw=2.249,0.048,0.023 grav=0.01,-0.01,-0.98
[INFO] [1788331082.546321407, 36.100000000]: RL policy input vx=1.548 vy=0.108 wz=0.077 action_rms=0.278 ready=1 userCmd=0 kbd=0 raw=1.548,0.108,0.077 grav=0.01,-0.05,-0.98
[INFO] [1788331086.095749161, 38.106000000]: RL policy input vx=0.000 vy=0.000 wz=0.814 action_rms=0.166 ready=1 userCmd=0 kbd=0 raw=0.000,0.000,0.814 grav=0.02,0.03,-0.98
[INFO] [1788331089.854506220, 40.114000000]: RL policy input vx=0.448 vy=0.000 wz=0.098 action_rms=0.264 ready=1 userCmd=0 kbd=0 raw=0.448,0.000,0.098 grav=0.00,-0.02,-0.98
[INFO] [1788331093.799351773, 42.132000000]: RL policy input vx=0.450 vy=0.000 wz=0.005 action_rms=0.155 ready=1 userCmd=0 kbd=0 raw=0.450,0.000,0.005 grav=0.01,-0.02,-0.98
[INFO] [1788331097.666307377, 44.148000000]: RL policy input vx=2.144 vy=0.048 wz=0.025 action_rms=0.248 ready=1 userCmd=0 kbd=0 raw=2.144,0.048,0.025 grav=-0.06,-0.06,-0.98
[INFO] [1788331101.675678479, 46.151000000]: RL policy input vx=0.490 vy=0.021 wz=0.046 action_rms=0.268 ready=1 userCmd=0 kbd=0 raw=0.490,0.021,0.046 grav=0.03,-0.02,-0.98
[INFO] [1788331105.302936786, 48.166000000]: RL policy input vx=0.000 vy=0.000 wz=2.550 action_rms=0.334 ready=1 userCmd=0 kbd=0 raw=0.000,0.000,2.550 grav=0.00,0.03,-0.98
[INFO] [1788331109.037445317, 50.185000000]: RL policy input vx=0.000 vy=0.000 wz=-1.150 action_rms=0.289 ready=1 userCmd=0 kbd=0 raw=0.000,0.000,-1.150 grav=0.01,-0.00,-0.98
[INFO] [1788331112.878083305, 52.198000000]: RL policy input vx=1.005 vy=-0.313 wz=-0.332 action_rms=0.170 ready=1 userCmd=0 kbd=0 raw=1.005,-0.313,-0.332 grav=0.01,-0.09,-0.98
[INFO] [1788331116.462001137, 54.202000000]: RL policy input vx=0.000 vy=0.000 wz=-2.238 action_rms=0.187 ready=1 userCmd=0 kbd=0 raw=0.000,0.000,-2.238 grav=0.02,-0.00,-0.98
[INFO] [1788331120.095219387, 56.202000000]: RL policy input vx=1.789 vy=-0.732 wz=-0.383 action_rms=0.278 ready=1 userCmd=0 kbd=0 raw=1.789,-0.732,-0.383 grav=-0.05,-0.09,-0.97
[INFO] [1788331123.494359159, 58.219000000]: RL policy input vx=0.299 vy=-0.028 wz=-0.101 action_rms=0.270 ready=1 userCmd=0 kbd=0 raw=0.299,-0.028,-0.101 grav=0.03,-0.03,-0.98
[INFO] [1788331126.745599008, 60.220000000]: RL policy input vx=0.088 vy=0.000 wz=-0.169 action_rms=0.147 ready=1 userCmd=0 kbd=0 raw=0.088,0.000,-0.169 grav=-0.00,-0.00,-0.98
[INFO] [1788331130.407065820, 62.234000000]: RL policy input vx=0.449 vy=0.000 wz=-0.055 action_rms=0.242 ready=1 userCmd=0 kbd=0 raw=0.449,0.000,-0.055 grav=0.01,-0.01,-0.98
[INFO] [1788331134.077621686, 64.247000000]: RL policy input vx=1.115 vy=0.075 wz=0.074 action_rms=0.196 ready=1 userCmd=0 kbd=0 raw=1.115,0.075,0.074 grav=-0.00,0.00,-0.98
[INFO] [1788331137.827310615, 66.264000000]: RL policy input vx=0.450 vy=0.000 wz=0.007 action_rms=0.175 ready=1 userCmd=0 kbd=0 raw=0.450,0.000,0.007 grav=0.01,-0.03,-0.98
[INFO] [1788331141.229553140, 68.280000000]: RL policy input vx=0.450 vy=0.000 wz=-0.025 action_rms=0.251 ready=1 userCmd=0 kbd=0 raw=0.450,0.000,-0.025 grav=0.01,-0.02,-0.98
[INFO] [1788331144.871183010, 70.298000000]: RL policy input vx=1.698 vy=-0.336 wz=-0.215 action_rms=0.224 ready=1 userCmd=0 kbd=0 raw=1.698,-0.336,-0.215 grav=-0.05,-0.12,-0.97
[INFO] [1788331148.425210066, 72.316000000]: RL policy input vx=0.828 vy=0.494 wz=0.446 action_rms=0.174 ready=1 userCmd=0 kbd=0 raw[FSM]: state: INIT
wait for goal.
[FSM]: state: INIT
wait for goal.
[FSM]: state: INIT
wait for goal.
[FSM]: state: INIT
wait for goal.
Warning: TF_REPEATED_DATA ignoring data with redundant timestamp for frame sliding_map (parent world) at time 77.199000 according to authority /scan_planner_node
         at line 277 in /tmp/binarydeb/ros-noetic-tf2-0.7.10/src/buffer_core.cpp
Warning: TF_REPEATED_DATA ignoring data with redundant timestamp for frame sliding_map (parent world) at time 77.402000 according to authority /scan_planner_node
         at line 277 in /tmp/binarydeb/ros-noetic-tf2-0.7.10/src/buffer_core.cpp
Warning: TF_REPEATED_DATA ignoring data with redundant timestamp for frame sliding_map (parent world) at time 77.600000 according to authority /scan_planner_node
         at line 277 in /tmp/binarydeb/ros-noetic-tf2-0.7.10/src/buffer_core.cpp
[FSM]: state: INIT
wait for goal.
[FSM]: state: INIT
wait for goal.
Warning: TF_REPEATED_DATA ignoring data with redundant timestamp for frame sliding_map (parent world) at time 79.202000 according to authority /scan_planner_node
         at line 277 in /tmp/binarydeb/ros-noetic-tf2-0.7.10/src/buffer_core.cpp
[FSM]: state: INIT
wait for goal.
Warning: TF_REPEATED_DATA ignoring data with redundant timestamp for frame sliding_map (parent world) at time 80.802000 according to authority /scan_planner_node
         at line 277 in /tmp/binarydeb/ros-noetic-tf2-0.7.10/src/buffer_core.cpp
Warning: TF_REPEATED_DATA ignoring data with redundant timestamp for frame sliding_map (parent world) at time 81.002000 according to authority /scan_planner_node
         at line 277 in /tmp/binarydeb/ros-noetic-tf2-0.7.10/src/buffer_core.cpp
[FSM]: state: INIT
wait for goal.
[FSM]: state: INIT
wait for goal.
Warning: TF_REPEATED_DATA ignoring data with redundant timestamp for frame sliding_map (parent world) at time 83.008000 according to authority /scan_planner_node
         at line 277 in /tmp/binarydeb/ros-noetic-tf2-0.7.10/src/buffer_core.cpp
[FSM]: state: INIT
wait for goal.
Warning: TF_REPEATED_DATA ignoring data with redundant timestamp for frame sliding_map (parent world) at time 84.099000 according to authority /scan_planner_node
         at line 277 in /tmp/binarydeb/ros-noetic-tf2-0.7.10/src/buffer_core.cpp
[FSM]: state: INIT
wait for goal.
Warning: TF_REPEATED_DATA ignoring data with redundant timestamp for frame sliding_map (parent world) at time 85.007000 according to authority /scan_planner_node
         at line 277 in /tmp/binarydeb/ros-noetic-tf2-0.7.10/src/buffer_core.cpp
Warning: TF_REPEATED_DATA ignoring data with redundant timestamp for frame sliding_map (parent world) at time 85.108000 according to authority /scan_planner_node
         at line 277 in /tmp/binarydeb/ros-noetic-tf2-0.7.10/src/buffer_core.cpp
Warning: TF_REPEATED_DATA ignoring data with redundant timestamp for frame sliding_map (parent world) at time 85.306000 according to authority /scan_planner_node
         at line 277 in /tmp/binarydeb/ros-noetic-tf2-0.7.10/src/buffer_core.cpp
[FSM]: state: INIT
wait for goal.
Warning: TF_REPEATED_DATA ignoring data with redundant timestamp for frame sliding_map (parent world) at time 87.202000 according to authority /scan_planner_node
         at line 277 in /tmp/binarydeb/ros-noetic-tf2-0.7.10/src/buffer_core.cpp
[FSM]: state: INIT
wait for goal.
[FSM]: state: INIT
wait for goal.
[FSM]: state: INIT
wait for goal.
[FSM]: state: INIT
wait for goal.
[FSM]: state: INIT
wait for goal.
Warning: TF_REPEATED_DATA ignoring data with redundant timestamp for frame sliding_map (parent world) at time 92.507000 according to authority /scan_planner_node
         at line 277 in /tmp/binarydeb/ros-noetic-tf2-0.7.10/src/buffer_core.cpp
[FSM]: state: INIT
wait for goal.
Warning: TF_REPEATED_DATA ignoring data with redundant timestamp for frame sliding_map (parent world) at time 93.399000 according to authority /scan_planner_node
         at line 277 in /tmp/binarydeb/ros-noetic-tf2-0.7.10/src/buffer_core.cpp
[FSM]: state: INIT
wait for goal.
Warning: TF_REPEATED_DATA ignoring data with redundant timestamp for frame sliding_map (parent world) at time 95.109000 according to authority /scan_planner_node
         at line 277 in /tmp/binarydeb/ros-noetic-tf2-0.7.10/src/buffer_core.cpp
Warning: TF_REPEATED_DATA ignoring data with redundant timestamp for frame sliding_map (parent world) at time 95.505000 according to authority /scan_planner_node
         at line 277 in /tmp/binarydeb/ros-noetic-tf2-0.7.10/src/buffer_core.cpp
[FSM]: state: INIT
wait for goal.
[FSM]: state: INIT
wait for goal.
Warning: TF_REPEATED_DATA ignoring data with redundant timestamp for frame sliding_map (parent world) at time 97.104000 according to authority /scan_planner_node
         at line 277 in /tmp/binarydeb/ros-noetic-tf2-0.7.10/src/buffer_core.cpp
[FSM]: state: INIT
wait for goal.
Warning: TF_REPEATED_DATA ignoring data with redundant timestamp for frame sliding_map (parent world) at time 98.800000 according to authority /scan_planner_node
         at line 277 in /tmp/binarydeb/ros-noetic-tf2-0.7.10/src/buffer_core.cpp
[FSM]: state: INIT
wait for goal.
[FSM]: state: INIT
wait for goal.
[FSM]: state: INIT
wait for goal.
[FSM]: state: INIT
wait for goal.
[FSM]: state: INIT
wait for goal.
[FSM]: state: INIT
wait for goal.
[FSM]: state: INIT
wait for goal.
Warning: TF_REPEATED_DATA ignoring data with redundant timestamp for frame sliding_map (parent world) at time 106.407000 according to authority /scan_planner_node
         at line 277 in /tmp/binarydeb/ros-noetic-tf2-0.7.10/src/buffer_core.cpp
[FSM]: state: INIT
wait for goal.
[FSM]: state: INIT
wait for goal.
[FSM]: state: INIT
wait for goal.
[FSM]: state: INIT
wait for goal.
[FSM]: state: INIT
wait for goal.
[FSM]: state: INIT
wait for goal.
[FSM]: state: INIT
wait for goal.
[FSM]: state: INIT
wait for goal.
Warning: TF_REPEATED_DATA ignoring data with redundant timestamp for frame sliding_map (parent world) at time 116.202000 according to authority /scan_planner_node
         at line 277 in /tmp/binarydeb/ros-noetic-tf2-0.7.10/src/buffer_core.cpp
[FSM]: state: INIT
wait for goal.
Warning: TF_REPEATED_DATA ignoring data with redundant timestamp for frame sliding_map (parent world) at time 117.009000 according to authority /scan_planner_node
         at line 277 in /tmp/binarydeb/ros-noetic-tf2-0.7.10/src/buffer_core.cpp
[FSM]: state: INIT
wait for goal.
Warning: TF_REPEATED_DATA ignoring data with redundant timestamp for frame sliding_map (parent world) at time 118.100000 according to authority /scan_planner_node
         at line 277 in /tmp/binarydeb/ros-noetic-tf2-0.7.10/src/buffer_core.cpp
Warning: TF_REPEATED_DATA ignoring data with redundant timestamp for frame sliding_map (parent world) at time 118.702000 according to authority /scan_planner_node
         at line 277 in /tmp/binarydeb/ros-noetic-tf2-0.7.10/src/buffer_core.cpp
[FSM]: state: INIT
wait for goal.
[FSM]: state: INIT
wait for goal.
Warning: TF_REPEATED_DATA ignoring data with redundant timestamp for frame sliding_map (parent world) at time 120.005000 according to authority /scan_planner_node
         at line 277 in /tmp/binarydeb/ros-noetic-tf2-0.7.10/src/buffer_core.cpp
=0.828,0.494,0.446 grav=0.01,-0.02,-0.98
[INFO] [1788331151.935036131, 74.326000000]: RL policy input vx=0.825 vy=0.132 wz=0.174 action_rms=0.195 ready=1 userCmd=0 kbd=0 raw=0.825,0.132,0.174 grav=0.02,-0.03,-0.98
[INFO] [1788331155.376846590, 76.334000000]: RL policy input vx=0.000 vy=0.000 wz=2.550 action_rms=0.281 ready=1 userCmd=0 kbd=0 raw=0.000,0.000,2.550 grav=0.02,-0.01,-0.98
[INFO] [1788331159.233934471, 78.341000000]: RL policy input vx=0.000 vy=0.000 wz=-0.994 action_rms=0.191 ready=1 userCmd=0 kbd=0 raw=0.000,0.000,-0.994 grav=0.01,-0.01,-0.98
[INFO] [1788331162.731621703, 80.354000000]: RL policy input vx=0.455 vy=-0.114 wz=-0.269 action_rms=0.160 ready=1 userCmd=0 kbd=0 raw=0.455,-0.114,-0.269 grav=0.03,-0.06,-0.98
[INFO] [1788331166.358438889, 82.365000000]: RL policy input vx=1.935 vy=-0.063 wz=-0.036 action_rms=0.298 ready=1 userCmd=0 kbd=0 raw=1.935,-0.063,-0.036 grav=-0.01,0.01,-0.98
[INFO] [1788331170.170627713, 84.373000000]: RL policy input vx=0.664 vy=-0.364 wz=-0.395 action_rms=0.204 ready=1 userCmd=0 kbd=0 raw=0.664,-0.364,-0.395 grav=0.01,-0.01,-0.98
[INFO] [1788331173.904228584, 86.391000000]: RL policy input vx=0.896 vy=-0.750 wz=-0.767 action_rms=0.250 ready=1 userCmd=0 kbd=0 raw=0.896,-0.750,-0.767 grav=-0.05,0.05,-0.98
[INFO] [1788331177.480123541, 88.405000000]: RL policy input vx=0.744 vy=-0.525 wz=-0.533 action_rms=0.289 ready=1 userCmd=0 kbd=0 raw=0.744,-0.525,-0.533 grav=0.01,0.00,-0.98
[INFO] [1788331181.180116316, 90.406000000]: RL policy input vx=0.984 vy=-0.053 wz=-0.060 action_rms=0.133 ready=1 userCmd=0 kbd=0 raw=0.984,-0.053,-0.060 grav=0.02,-0.11,-0.97
[INFO] [1788331184.678361995, 92.422000000]: RL policy input vx=0.000 vy=0.000 wz=-2.304 action_rms=0.173 ready=1 userCmd=0 kbd=0 raw=0.000,0.000,-2.304 grav=0.03,0.01,-0.98
[INFO] [1788331188.507310257, 94.428000000]: RL policy input vx=0.057 vy=0.450 wz=0.306 action_rms=0.180 ready=1 userCmd=0 kbd=0 raw=0.057,0.450,0.306 grav=0.01,-0.01,-0.98
[INFO] [1788331192.118551511, 96.445000000]: RL policy input vx=2.092 vy=0.472 wz=0.244 action_rms=0.336 ready=1 userCmd=0 kbd=0 raw=2.092,0.472,0.244 grav=-0.05,-0.03,-0.98
[INFO] [1788331195.450903534, 98.446000000]: RL policy input vx=0.355 vy=0.034 wz=0.105 action_rms=0.228 ready=1 userCmd=0 kbd=0 raw=0.355,0.034,0.105 grav=0.03,-0.02,-0.98
[INFO] [1788331198.906356480, 100.454000000]: RL policy input vx=0.000 vy=0.000 wz=-0.450 action_rms=0.212 ready=1 userCmd=0 kbd=0 raw=0.000,0.000,-0.450 grav=-0.00,-0.00,-0.98
[INFO] [1788331202.463067953, 102.467000000]: RL policy input vx=0.000 vy=0.000 wz=-0.177 action_rms=0.144 ready=1 userCmd=0 kbd=0 raw=0.000,0.000,-0.177 grav=-0.00,0.00,-0.98
[INFO] [1788331206.046280378, 104.484000000]: RL policy input vx=0.449 vy=0.000 wz=-0.058 action_rms=0.187 ready=1 userCmd=0 kbd=0 raw=0.449,0.000,-0.058 grav=0.01,-0.02,-0.98
[INFO] [1788331209.845877179, 106.494000000]: RL policy input vx=0.598 vy=0.027 wz=0.050 action_rms=0.237 ready=1 userCmd=0 kbd=0 raw=0.598,0.027,0.050 grav=0.00,0.00,-0.98
[INFO] [1788331213.446308264, 108.497000000]: RL policy input vx=2.143 vy=-0.684 wz=-0.340 action_rms=0.349 ready=1 userCmd=0 kbd=0 raw=2.143,-0.684,-0.340 grav=0.02,-0.09,-0.98
[INFO] [1788331217.024917401, 110.512000000]: RL policy input vx=2.250 vy=-0.003 wz=-0.001 action_rms=0.312 ready=1 userCmd=0 kbd=0 raw=2.250,-0.003,-0.001 grav=0.05,-0.05,-0.98
[INFO] [1788331220.584408061, 112.525000000]: RL policy input vx=2.249 vy=0.054 wz=0.026 action_rms=0.322 ready=1 userCmd=0 kbd=0 raw=2.249,0.054,0.026 grav=0.01,0.01,-0.98
[INFO] [1788331223.866126224, 114.541000000]: RL policy input vx=1.985 vy=-0.008 wz=-0.004 action_rms=0.346 ready=1 userCmd=0 kbd=0 raw=1.985,-0.008,-0.004 grav=0.02,0.03,-0.98
[INFO] [1788331227.089537832, 116.555000000]: RL policy input vx=0.329 vy=0.134 wz=0.425 action_rms=0.159 ready=1 userCmd=0 kbd=0 raw=0.329,0.134,0.425 grav=0.01,0.03,-0.98
[INFO] [1788331230.643665986, 118.565000000]: RL policy input vx=0.446 vy=0.000 wz=0.138 action_rms=0.213 ready=1 userCmd=0 kbd=0 raw=0.446,0.000,0.138 grav=-0.01,-0.04,-0.98
[INFO] [1788331234.3431[FSM]: state: INIT
wait for goal.
Warning: TF_REPEATED_DATA ignoring data with redundant timestamp for frame sliding_map (parent world) at time 121.703000 according to authority /scan_planner_node
         at line 277 in /tmp/binarydeb/ros-noetic-tf2-0.7.10/src/buffer_core.cpp
Warning: TF_REPEATED_DATA ignoring data with redundant timestamp for frame sliding_map (parent world) at time 121.901000 according to authority /scan_planner_node
         at line 277 in /tmp/binarydeb/ros-noetic-tf2-0.7.10/src/buffer_core.cpp
[FSM]: state: INIT
wait for goal.
Warning: TF_REPEATED_DATA ignoring data with redundant timestamp for frame sliding_map (parent world) at time 122.901000 according to authority /scan_planner_node
         at line 277 in /tmp/binarydeb/ros-noetic-tf2-0.7.10/src/buffer_core.cpp
[FSM]: state: INIT
wait for goal.
[FSM]: state: INIT
wait for goal.
Warning: TF_REPEATED_DATA ignoring data with redundant timestamp for frame sliding_map (parent world) at time 125.309000 according to authority /scan_planner_node
         at line 277 in /tmp/binarydeb/ros-noetic-tf2-0.7.10/src/buffer_core.cpp
Warning: TF_REPEATED_DATA ignoring data with redundant timestamp for frame sliding_map (parent world) at time 125.911000 according to authority /scan_planner_node
         at line 277 in /tmp/binarydeb/ros-noetic-tf2-0.7.10/src/buffer_core.cpp
[FSM]: state: INIT
wait for goal.
Warning: TF_REPEATED_DATA ignoring data with redundant timestamp for frame sliding_map (parent world) at time 126.100000 according to authority /scan_planner_node
         at line 277 in /tmp/binarydeb/ros-noetic-tf2-0.7.10/src/buffer_core.cpp
Warning: TF_REPEATED_DATA ignoring data with redundant timestamp for frame sliding_map (parent world) at time 126.300000 according to authority /scan_planner_node
         at line 277 in /tmp/binarydeb/ros-noetic-tf2-0.7.10/src/buffer_core.cpp
[FSM]: state: INIT
wait for goal.
Warning: TF_REPEATED_DATA ignoring data with redundant timestamp for frame sliding_map (parent world) at time 127.503000 according to authority /scan_planner_node
         at line 277 in /tmp/binarydeb/ros-noetic-tf2-0.7.10/src/buffer_core.cpp
Warning: TF_REPEATED_DATA ignoring data with redundant timestamp for frame sliding_map (parent world) at time 128.310000 according to authority /scan_planner_node
         at line 277 in /tmp/binarydeb/ros-noetic-tf2-0.7.10/src/buffer_core.cpp
[FSM]: state: INIT
wait for goal.
Warning: TF_REPEATED_DATA ignoring data with redundant timestamp for frame sliding_map (parent world) at time 128.711000 according to authority /scan_planner_node
         at line 277 in /tmp/binarydeb/ros-noetic-tf2-0.7.10/src/buffer_core.cpp
Warning: TF_REPEATED_DATA ignoring data with redundant timestamp for frame sliding_map (parent world) at time 129.500000 according to authority /scan_planner_node
         at line 277 in /tmp/binarydeb/ros-noetic-tf2-0.7.10/src/buffer_core.cpp
[FSM]: state: INIT
wait for goal.
Warning: TF_REPEATED_DATA ignoring data with redundant timestamp for frame sliding_map (parent world) at time 130.309000 according to authority /scan_planner_node
         at line 277 in /tmp/binarydeb/ros-noetic-tf2-0.7.10/src/buffer_core.cpp
[FSM]: state: INIT
wait for goal.
Warning: TF_REPEATED_DATA ignoring data with redundant timestamp for frame sliding_map (parent world) at time 130.906000 according to authority /scan_planner_node
         at line 277 in /tmp/binarydeb/ros-noetic-tf2-0.7.10/src/buffer_core.cpp
Warning: TF_REPEATED_DATA ignoring data with redundant timestamp for frame sliding_map (parent world) at time 131.710000 according to authority /scan_planner_node
         at line 277 in /tmp/binarydeb/ros-noetic-tf2-0.7.10/src/buffer_core.cpp
Warning: TF_REPEATED_DATA ignoring data with redundant timestamp for frame sliding_map (parent world) at time 131.903000 according to authority /scan_planner_node
         at line 277 in /tmp/binarydeb/ros-noetic-tf2-0.7.10/src/buffer_core.cpp
Warning: TF_REPEATED_DATA ignoring data with redundant timestamp for frame sliding_map (parent world) at time 132.104000 according to authority /scan_planner_node
         at line 277 in /tmp/binarydeb/ros-noetic-tf2-0.7.10/src/buffer_core.cpp
[FSM]: state: INIT
wait for goal.
Warning: TF_REPEATED_DATA ignoring data with redundant timestamp for frame sliding_map (parent world) at time 132.606000 according to authority /scan_planner_node
         at line 277 in /tmp/binarydeb/ros-noetic-tf2-0.7.10/src/buffer_core.cpp
[FSM]: state: INIT
wait for goal.
Warning: TF_REPEATED_DATA ignoring data with redundant timestamp for frame sliding_map (parent world) at time 133.811000 according to authority /scan_planner_node
         at line 277 in /tmp/binarydeb/ros-noetic-tf2-0.7.10/src/buffer_core.cpp
Warning: TF_REPEATED_DATA ignoring data with redundant timestamp for frame sliding_map (parent world) at time 134.004000 according to authority /scan_planner_node
         at line 277 in /tmp/binarydeb/ros-noetic-tf2-0.7.10/src/buffer_core.cpp
Warning: TF_REPEATED_DATA ignoring data with redundant timestamp for frame sliding_map (parent world) at time 134.209000 according to authority /scan_planner_node
         at line 277 in /tmp/binarydeb/ros-noetic-tf2-0.7.10/src/buffer_core.cpp
Warning: TF_REPEATED_DATA ignoring data with redundant timestamp for frame sliding_map (parent world) at time 134.408000 according to authority /scan_planner_node
         at line 277 in /tmp/binarydeb/ros-noetic-tf2-0.7.10/src/buffer_core.cpp
[FSM]: state: INIT
wait for goal.
Warning: TF_REPEATED_DATA ignoring data with redundant timestamp for frame sliding_map (parent world) at time 135.409000 according to authority /scan_planner_node
         at line 277 in /tmp/binarydeb/ros-noetic-tf2-0.7.10/src/buffer_core.cpp
[FSM]: state: INIT
wait for goal.
Warning: TF_REPEATED_DATA ignoring data with redundant timestamp for frame sliding_map (parent world) at time 136.210000 according to authority /scan_planner_node
         at line 277 in /tmp/binarydeb/ros-noetic-tf2-0.7.10/src/buffer_core.cpp
Warning: TF_REPEATED_DATA ignoring data with redundant timestamp for frame sliding_map (parent world) at time 136.599000 according to authority /scan_planner_node
         at line 277 in /tmp/binarydeb/ros-noetic-tf2-0.7.10/src/buffer_core.cpp
[FSM]: state: INIT
wait for goal.
Warning: TF_REPEATED_DATA ignoring data with redundant timestamp for frame sliding_map (parent world) at time 137.008000 according to authority /scan_planner_node
         at line 277 in /tmp/binarydeb/ros-noetic-tf2-0.7.10/src/buffer_core.cpp
[FSM]: state: INIT
wait for goal.
[FSM]: state: INIT
wait for goal.
[FSM]: state: INIT
wait for goal.
[FSM]: state: INIT
wait for goal.
[FSM]: state: INIT
wait for goal.
Warning: TF_REPEATED_DATA ignoring data with redundant timestamp for frame sliding_map (parent world) at time 143.502000 according to authority /scan_planner_node
         at line 277 in /tmp/binarydeb/ros-noetic-tf2-0.7.10/src/buffer_core.cpp
[FSM]: state: INIT
wait for goal.
[FSM]: state: INIT
wait for goal.
Warning: TF_REPEATED_DATA ignoring data with redundant timestamp for frame sliding_map (parent world) at time 145.300000 according to authority /scan_planner_node
         at line 277 in /tmp/binarydeb/ros-noetic-tf2-0.7.10/src/buffer_core.cpp
[FSM]: state: INIT
wait for goal.
[FSM]: state: INIT
wait for goal.
[FSM]: state: INIT
wait for goal.
Warning: TF_REPEATED_DATA ignoring data with redundant timestamp for frame sliding_map (parent world) at time 148.909000 according to authority /scan_planner_node
         at line 277 in /tmp/binarydeb/ros-noetic-tf2-0.7.10/src/buffer_core.cpp
Warning: TF_REPEATED_DATA ignoring data with redundant timestamp for frame sliding_map (parent world) at time 149.100000 according to authority /scan_planner_node
         at line 277 in /tmp/binarydeb/ros-noetic-tf2-0.7.10/src/buffer_core.cpp
[FSM]: state: INIT
wait for goal.
Warning: TF_REPEATED_DATA ignoring data with redundant timestamp for frame sliding_map (parent world) at time 150.909000 according to authority /scan_planner_node
         at line 277 in /tmp/binarydeb/ros-noetic-tf2-0.7.10/src/buffer_core.cpp
[FSM]: state: INIT
wait for goal.
Warning: TF_REPEATED_DATA ignoring data with redundant timestamp for frame sliding_map (parent world) at time 151.099000 according to authority /scan_planner_node
         at line 277 in /tmp/binarydeb/ros-noetic-tf2-0.7.10/src/buffer_core.cpp
Warning: TF_REPEATED_DATA ignoring data with redundant timestamp for frame sliding_map (parent world) at time 152.110000 according to authority /scan_planner_node
         at line 277 in /tmp/binarydeb/ros-noetic-tf2-0.7.10/src/buffer_core.cpp
[FSM]: state: INIT
wait for goal.
Warning: TF_REPEATED_DATA ignoring data with redundant timestamp for frame sliding_map (parent world) at time 152.510000 according to authority /scan_planner_node
         at line 277 in /tmp/binarydeb/ros-noetic-tf2-0.7.10/src/buffer_core.cpp
Warning: TF_REPEATED_DATA ignoring data with redundant timestamp for frame sliding_map (parent world) at time 152.900000 according to authority /scan_planner_node
         at line 277 in /tmp/binarydeb/ros-noetic-tf2-0.7.10/src/buffer_core.cpp
Warning: TF_REPEATED_DATA ignoring data with redundant timestamp for frame sliding_map (parent world) at time 153.302000 according to authority /scan_planner_node
         at line 277 in /tmp/binarydeb/ros-noetic-tf2-0.7.10/src/buffer_core.cpp
[FSM]: state: INIT
wait for goal.
Warning: TF_REPEATED_DATA ignoring data with redundant timestamp for frame sliding_map (parent world) at time 153.702000 according to authority /scan_planner_node
         at line 277 in /tmp/binarydeb/ros-noetic-tf2-0.7.10/src/buffer_core.cpp
Warning: TF_REPEATED_DATA ignoring data with redundant timestamp for frame sliding_map (parent world) at time 153.907000 according to authority /scan_planner_node
         at line 277 in /tmp/binarydeb/ros-noetic-tf2-0.7.10/src/buffer_core.cpp
Warning: TF_REPEATED_DATA ignoring data with redundant timestamp for frame sliding_map (parent world) at time 154.109000 according to authority /scan_planner_node
         at line 277 in /tmp/binarydeb/ros-noetic-tf2-0.7.10/src/buffer_core.cpp
Warning: TF_REPEATED_DATA ignoring data with redundant timestamp for frame sliding_map (parent world) at time 154.708000 according to authority /scan_planner_node
         at line 277 in /tmp/binarydeb/ros-noetic-tf2-0.7.10/src/buffer_core.cpp
[FSM]: state: INIT
wait for goal.
Warning: TF_REPEATED_DATA ignoring data with redundant timestamp for frame sliding_map (parent world) at time 154.799000 according to authority /scan_planner_node
         at line 277 in /tmp/binarydeb/ros-noetic-tf2-0.7.10/src/buffer_core.cpp
Warning: TF_REPEATED_DATA ignoring data with redundant timestamp for frame sliding_map (parent world) at time 155.299000 according to authority /scan_planner_node
         at line 277 in /tmp/binarydeb/ros-noetic-tf2-0.7.10/src/buffer_core.cpp
[FSM]: state: INIT
wait for goal.
Warning: TF_REPEATED_DATA ignoring data with redundant timestamp for frame sliding_map (parent world) at time 156.506000 according to authority /scan_planner_node
         at line 277 in /tmp/binarydeb/ros-noetic-tf2-0.7.10/src/buffer_core.cpp
Warning: TF_REPEATED_DATA ignoring data with redundant timestamp for frame sliding_map (parent world) at time 156.903000 according to authority /scan_planner_node
         at line 277 in /tmp/binarydeb/ros-noetic-tf2-0.7.10/src/buffer_core.cpp
[FSM]: state: INIT
wait for goal.
Warning: TF_REPEATED_DATA ignoring data with redundant timestamp for frame sliding_map (parent world) at time 157.307000 according to authority /scan_planner_node
         at line 277 in /tmp/binarydeb/ros-noetic-tf2-0.7.10/src/buffer_core.cpp
Warning: TF_REPEATED_DATA ignoring data with redundant timestamp for frame sliding_map (parent world) at time 157.502000 according to authority /scan_planner_node
         at line 277 in /tmp/binarydeb/ros-noetic-tf2-0.7.10/src/buffer_core.cpp
Warning: TF_REPEATED_DATA ignoring data with redundant timestamp for frame sliding_map (parent world) at time 157.902000 according to authority /scan_planner_node
         at line 277 in /tmp/binarydeb/ros-noetic-tf2-0.7.10/src/buffer_core.cpp
Warning: TF_REPEATED_DATA ignoring data with redundant timestamp for frame sliding_map (parent world) at time 158.000000 according to authority /scan_planner_node
         at line 277 in /tmp/binarydeb/ros-noetic-tf2-0.7.10/src/buffer_core.cpp
Warning: TF_REPEATED_DATA ignoring data with redundant timestamp for frame sliding_map (parent world) at time 158.099000 according to authority /scan_planner_node
         at line 277 in /tmp/binarydeb/ros-noetic-tf2-0.7.10/src/buffer_core.cpp
Warning: TF_REPEATED_DATA ignoring data with redundant timestamp for frame sliding_map (parent world) at time 158.308000 according to authority /scan_planner_node
         at line 277 in /tmp/binarydeb/ros-noetic-tf2-0.7.10/src/buffer_core.cpp
[FSM]: state: INIT
wait for goal.
Warning: TF_REPEATED_DATA ignoring data with redundant timestamp for frame sliding_map (parent world) at time 158.503000 according to authority /scan_planner_node
         at line 277 in /tmp/binarydeb/ros-noetic-tf2-0.7.10/src/buffer_core.cpp
Warning: TF_REPEATED_DATA ignoring data with redundant timestamp for frame sliding_map (parent world) at time 158.703000 according to authority /scan_planner_node
         at line 277 in /tmp/binarydeb/ros-noetic-tf2-0.7.10/src/buffer_core.cpp
Warning: TF_REPEATED_DATA ignoring data with redundant timestamp for frame sliding_map (parent world) at time 158.904000 according to authority /scan_planner_node
         at line 277 in /tmp/binarydeb/ros-noetic-tf2-0.7.10/src/buffer_core.cpp
Warning: TF_REPEATED_DATA ignoring data with redundant timestamp for frame sliding_map (parent world) at time 159.611000 according to authority /scan_planner_node
         at line 277 in /tmp/binarydeb/ros-noetic-tf2-0.7.10/src/buffer_core.cpp
[FSM]: state: INIT
wait for goal.
[FSM]: state: INIT
wait for goal.
Warning: TF_REPEATED_DATA ignoring data with redundant timestamp for frame sliding_map (parent world) at time 161.403000 according to authority /scan_planner_node
         at line 277 in /tmp/binarydeb/ros-noetic-tf2-0.7.10/src/buffer_core.cpp
[FSM]: state: INIT
wait for goal.
[FSM]: state: INIT
wait for goal.
Warning: TF_REPEATED_DATA ignoring data with redundant timestamp for frame sliding_map (parent world) at time 164.009000 according to authority /scan_planner_node
         at line 277 in /tmp/binarydeb/ros-noetic-tf2-0.7.10/src/buffer_core.cpp
Warning: TF_REPEATED_DATA ignoring data with redundant timestamp for frame sliding_map (parent world) at time 164.199000 according to authority /scan_planner_node
         at line 277 in /tmp/binarydeb/ros-noetic-tf2-0.7.10/src/buffer_core.cpp
[FSM]: state: INIT
wait for goal.
Warning: TF_REPEATED_DATA ignoring data with redundant timestamp for frame sliding_map (parent world) at time 164.805000 according to authority /scan_planner_node
         at line 277 in /tmp/binarydeb/ros-noetic-tf2-0.7.10/src/buffer_core.cpp
[FSM]: state: INIT
wait for goal.
[FSM]: state: INIT
wait for goal.
41086, 120.567000000]: RL policy input vx=0.450 vy=0.000 wz=0.017 action_rms=0.164 ready=1 userCmd=0 kbd=0 raw=0.450,0.000,0.017 grav=0.01,-0.02,-0.98
[INFO] [1788331238.255032344, 122.573000000]: RL policy input vx=2.099 vy=0.442 wz=0.229 action_rms=0.355 ready=1 userCmd=0 kbd=0 raw=2.099,0.442,0.229 grav=-0.03,0.07,-0.98
[INFO] [1788331242.454404560, 124.584000000]: RL policy input vx=0.640 vy=0.030 wz=0.052 action_rms=0.206 ready=1 userCmd=0 kbd=0 raw=0.640,0.030,0.052 grav=0.03,-0.04,-0.98
[INFO] [1788331245.994887810, 126.596000000]: RL policy input vx=0.000 vy=0.000 wz=-2.550 action_rms=0.189 ready=1 userCmd=0 kbd=0 raw=0.000,0.000,-2.550 grav=0.00,0.01,-0.98
[INFO] [1788331249.480551740, 128.603000000]: RL policy input vx=0.000 vy=0.000 wz=1.150 action_rms=0.178 ready=1 userCmd=0 kbd=0 raw=0.000,0.000,1.150 grav=0.02,0.00,-0.98
[INFO] [1788331253.056315624, 130.624000000]: RL policy input vx=1.616 vy=0.480 wz=0.317 action_rms=0.312 ready=1 userCmd=0 kbd=0 raw=1.616,0.480,0.317 grav=-0.01,0.05,-0.98
[INFO] [1788331256.406161284, 132.625000000]: RL policy input vx=0.000 vy=0.000 wz=0.393 action_rms=0.242 ready=1 userCmd=0 kbd=0 raw=0.000,0.000,0.393 grav=0.02,-0.03,-0.98
[INFO] [1788331259.850325538, 134.632000000]: RL policy input vx=0.000 vy=0.000 wz=1.848 action_rms=0.329 ready=1 userCmd=0 kbd=0 raw=0.000,0.000,1.848 grav=0.01,0.03,-0.98
[INFO] [1788331263.394487414, 136.636000000]: RL policy input vx=0.346 vy=0.044 wz=0.139 action_rms=0.141 ready=1 userCmd=0 kbd=0 raw=0.346,0.044,0.139 grav=0.03,0.00,-0.98
[INFO] [1788331267.070809646, 138.641000000]: RL policy input vx=0.449 vy=0.000 wz=0.075 action_rms=0.310 ready=1 userCmd=0 kbd=0 raw=0.449,0.000,0.075 grav=0.00,-0.02,-0.98
[INFO] [1788331270.854808877, 140.651000000]: RL policy input vx=0.450 vy=0.000 wz=0.002 action_rms=0.158 ready=1 userCmd=0 kbd=0 raw=0.450,0.000,0.002 grav=0.01,-0.01,-0.98
[INFO] [1788331274.415398708, 142.666000000]: RL policy input vx=0.532 vy=-0.011 wz=-0.023 action_rms=0.180 ready=1 userCmd=0 kbd=0 raw=0.532,-0.011,-0.023 grav=0.02,-0.02,-0.98
[INFO] [1788331278.338097873, 144.668000000]: RL policy input vx=0.450 vy=0.000 wz=-0.012 action_rms=0.260 ready=1 userCmd=0 kbd=0 raw=0.450,0.000,-0.012 grav=0.00,-0.01,-0.98
[INFO] [1788331281.758119966, 146.680000000]: RL policy input vx=0.415 vy=0.000 wz=-0.024 action_rms=0.156 ready=1 userCmd=0 kbd=0 raw=0.415,0.000,-0.024 grav=0.01,-0.02,-0.98
[INFO] [1788331285.433726074, 148.685000000]: RL policy input vx=1.924 vy=-0.041 wz=-0.024 action_rms=0.227 ready=1 userCmd=0 kbd=0 raw=1.924,-0.041,-0.024 grav=0.01,0.01,-0.98
[INFO] [1788331288.795620714, 150.689000000]: RL policy input vx=0.300 vy=0.008 wz=0.029 action_rms=0.237 ready=1 userCmd=0 kbd=0 raw=0.300,0.008,0.029 grav=0.02,-0.01,-0.98
[INFO] [1788331292.287902118, 152.709000000]: RL policy input vx=0.000 vy=0.000 wz=-2.124 action_rms=0.402 ready=1 userCmd=0 kbd=0 raw=0.000,0.000,-2.124 grav=0.00,-0.01,-0.98
[INFO] [1788331295.746344634, 154.713000000]: RL policy input vx=0.769 vy=0.750 wz=0.850 action_rms=0.171 ready=1 userCmd=0 kbd=0 raw=0.769,0.750,0.850 grav=0.00,0.01,-0.98
[INFO] [1788331299.371235447, 156.717000000]: RL policy input vx=0.297 vy=0.044 wz=0.161 action_rms=0.265 ready=1 userCmd=0 kbd=0 raw=0.297,0.044,0.161 grav=0.02,-0.00,-0.98
[INFO] [1788331302.931257195, 158.718000000]: RL policy input vx=0.000 vy=0.000 wz=2.550 action_rms=0.300 ready=1 userCmd=0 kbd=0 raw=0.000,0.000,2.550 grav=0.01,0.01,-0.98
[INFO] [1788331306.506209285, 160.720000000]: RL policy input vx=0.815 vy=0.181 wz=0.240 action_rms=0.240 ready=1 userCmd=0 kbd=0 raw=0.815,0.181,0.240 grav=0.03,-0.00,-0.98
[INFO] [1788331310.644018563, 162.724000000]: RL policy input vx=0.448 vy=0.000 wz=0.108 action_rms=0.168 ready=1 userCmd=0 kbd=0 raw=0.448,0.000,0.108 grav=0.00,0.02,-0.98
[INFO] [1788331314.410717419, 164.731000000]: RL policy input vx=0.450 vy=0.000 wz=0.004 action_rms=0.185 ready=1 userCmd=0 kbd=0 raw=0.450,0.000,0.004 grav=0.01,-0.03,-0.98
[INFO] [1788331318.343918664, 166.737000000]: RL policy input vx=0.000 vy=0.000 wz=1.150 action_rms=0.231 rea[FSM]: state: INIT
wait for goal.
[FSM]: state: INIT
wait for goal.
[FSM]: state: INIT
wait for goal.
[FSM]: state: INIT
wait for goal.
[FSM]: state: INIT
wait for goal.
[FSM]: state: INIT
wait for goal.
[FSM]: state: INIT
wait for goal.
[FSM]: state: INIT
wait for goal.
[FSM]: state: INIT
wait for goal.
[FSM]: state: INIT
wait for goal.
[FSM]: state: INIT
wait for goal.
[FSM]: state: INIT
wait for goal.
[FSM]: state: INIT
wait for goal.
[FSM]: state: INIT
wait for goal.
[FSM]: state: INIT
wait for goal.
[FSM]: state: INIT
wait for goal.
[FSM]: state: INIT
wait for goal.
[FSM]: state: INIT
wait for goal.
[FSM]: state: INIT
wait for goal.
[FSM]: state: INIT
wait for goal.
[FSM]: state: INIT
wait for goal.
[FSM]: state: INIT
wait for goal.
dy=1 userCmd=0 kbd=0 raw=0.000,0.000,1.150 grav=0.01,-0.01,-0.98
[INFO] [1788331322.107433675, 168.759000000]: RL policy input vx=2.218 vy=0.377 wz=0.185 action_rms=0.365 ready=1 userCmd=0 kbd=0 raw=2.218,0.377,0.185 grav=-0.02,-0.00,-0.98
[INFO] [1788331325.950502726, 170.774000000]: RL policy input vx=2.247 vy=0.107 wz=0.052 action_rms=0.260 ready=1 userCmd=0 kbd=0 raw=2.247,0.107,0.052 grav=0.00,-0.04,-0.98
[INFO] [1788331330.281538330, 172.786000000]: RL policy input vx=2.250 vy=-0.041 wz=-0.020 action_rms=0.285 ready=1 userCmd=0 kbd=0 raw=2.250,-0.041,-0.020 grav=-0.00,-0.01,-0.98
[INFO] [1788331334.258139237, 174.802000000]: RL policy input vx=2.248 vy=0.089 wz=0.043 action_rms=0.261 ready=1 userCmd=0 kbd=0 raw=2.248,0.089,0.043 grav=0.02,-0.04,-0.98
[INFO] [1788331337.954920379, 176.814000000]: RL policy input vx=2.250 vy=0.021 wz=0.010 action_rms=0.386 ready=1 userCmd=0 kbd=0 raw=2.250,0.021,0.010 grav=0.01,0.02,-0.98
[INFO] [1788331341.422694976, 178.826000000]: RL policy input vx=1.150 vy=0.080 wz=0.076 action_rms=0.292 ready=1 userCmd=0 kbd=0 raw=1.150,0.080,0.076 grav=0.07,-0.06,-0.98
[INFO] [1788331344.999141767, 180.834000000]: RL policy input vx=2.184 vy=-0.541 wz=-0.267 action_rms=0.319 ready=1 userCmd=0 kbd=0 raw=2.184,-0.541,-0.267 grav=0.07,-0.08,-0.97
[INFO] [1788331348.772047108, 182.853000000]: RL policy input vx=2.241 vy=-0.202 wz=-0.099 action_rms=0.367 ready=1 userCmd=0 kbd=0 raw=2.241,-0.202,-0.099 grav=0.01,0.01,-0.98
[INFO] [1788331352.379777582, 184.867000000]: RL policy input vx=0.581 vy=-0.750 wz=-1.003 action_rms=0.159 ready=1 userCmd=0 kbd=0 raw=0.581,-0.750,-1.003 grav=0.01,0.01,-0.98
[INFO] [1788331355.832134798, 186.885000000]: RL policy input vx=0.295 vy=-0.054 wz=-0.198 action_rms=0.235 ready=1 userCmd=0 kbd=0 raw=0.295,-0.054,-0.198 grav=0.02,-0.03,-0.98
[INFO] [1788331359.607346432, 188.890000000]: RL policy input vx=0.000 vy=0.000 wz=-0.496 action_rms=0.183 ready=1 userCmd=0 kbd=0 raw=0.000,0.000,-0.496 grav=0.01,0.01,-0.98
[INFO] [1788331363.551223064, 190.897000000]: RL policy input vx=0.000 vy=0.000 wz=0.000 action_rms=0.144 ready=1 userCmd=0 kbd=0 raw=0.000,0.000,0.000 grav=-0.01,-0.00,-0.98
Switched from RL to fixed stand
[INFO] [1788331364.280209071, 191.206000000]: RL locomotion_ready latched after 164.24 s takeover and 2.68 s stable hold
infer_thread退出!
[WARN] [1788331364.774172351, 191.441000000]: Using one-shot captured-pose FixedStand profile: ramp 0.50 s, settle 0.00 s, ready after 0.50 s + 0.50 s stable, minimum gain 0.75
[INFO] Using /stand_target_joints param stance.
[FSM]: state: INIT
wait for goal.
Switched from fixed stand to RL
[INFO] Entered RL /cmd_vel mode.
[WARN] [1788331366.274199456, 192.199000000]: Using one-shot stair RL takeover profile: blend 0.50 s, zero hold 0.15 s
cuda::is_available():1
RL inference device: cuda (requested=hybrid, policy=stair)
[INFO] RL policy activated from preload cache at FixedStand entry boundary: /root/autodl-tmp/code/restore/0803b/0902overall/runtime_assets/SimEnv/src/unitree_guide/logs/policy_act_inference_stair.pt
[FSM]: state: INIT
wait for goal.
[FSM]: state: INIT
wait for goal.
[FSM]: state: INIT
wait for goal.
[FSM]: state: INIT
wait for goal.
[FSM]: state: INIT
wait for goal.
[FSM]: state: INIT
wait for goal.
[FSM]: state: INIT
wait for goal.
[FSM]: state: INIT
wait for goal.
[FSM]: state: INIT
wait for goal.
[FSM]: state: INIT
wait for goal.
[FSM]: state: INIT
wait for goal.
[FSM]: state: INIT
wait for goal.
[FSM]: state: INIT
wait for goal.
[FSM]: state: INIT
wait for goal.
[FSM]: state: INIT
wait for goal.
[FSM]: state: INIT
wait for goal.
[FSM]: state: INIT
wait for goal.
[FSM]: state: INIT
wait for goal.
[FSM]: state: INIT
wait for goal.
[FSM]: state: INIT
wait for goal.
[FSM]: state: INIT
wait for goal.
[FSM]: state: INIT
wait for goal.
[FSM]: state: INIT
wait for goal.
[FSM]: state: INIT
wait for goal.
[FSM]: state: INIT
wait for goal.
Warning: TF_REPEATED_DATA ignoring data with redundant timestamp for frame sliding_map (parent world) at time 219.099000 according to authority /scan_planner_node
         at line 277 in /tmp/binarydeb/ros-noetic-tf2-0.7.10/src/buffer_core.cpp
[FSM]: state: INIT
wait for goal.
Warning: TF_REPEATED_DATA ignoring data with redundant timestamp for frame sliding_map (parent world) at time 220.102000 according to authority /scan_planner_node
         at line 277 in /tmp/binarydeb/ros-noetic-tf2-0.7.10/src/buffer_core.cpp
[WARN] [1788331419.155910786, 220.889000000]: Using one-shot plane RL takeover profile: blend 0.50 s, zero hold 0.15 s
[FSM]: state: INIT
wait for goal.
[INFO] [1788331367.664059103, 192.858000000]: RL locomotion_ready latched after 0.67 s takeover and 0.64 s stable hold
[INFO] [1788331367.707141072, 192.899000000]: RL policy input vx=-0.000 vy=-0.022 wz=-0.032 action_rms=0.148 ready=1 userCmd=0 kbd=0 raw=-0.000,-0.022,-0.032 grav=-0.01,0.02,-0.98
[INFO] [1788331371.674969664, 194.899000000]: RL policy input vx=0.787 vy=-0.159 wz=-0.039 action_rms=0.594 ready=1 userCmd=0 kbd=0 raw=0.787,-0.159,-0.039 grav=-0.31,0.08,-0.93
[INFO] [1788331375.577226758, 196.899000000]: RL policy input vx=-0.015 vy=0.219 wz=0.024 action_rms=0.395 ready=1 userCmd=0 kbd=0 raw=-0.015,0.219,0.024 grav=-0.35,0.05,-0.91
[INFO] [1788331379.662899549, 198.905000000]: RL policy input vx=0.598 vy=0.052 wz=0.030 action_rms=0.372 ready=1 userCmd=8 kbd=0 raw=0.598,0.052,0.030 grav=-0.42,0.03,-0.89
[INFO] [1788331383.576793706, 200.912000000]: RL policy input vx=0.589 vy=0.248 wz=0.016 action_rms=0.363 ready=1 userCmd=0 kbd=0 raw=0.589,0.248,0.016 grav=-0.34,-0.02,-0.92
[INFO] [1788331387.432708527, 202.923000000]: RL policy input vx=0.639 vy=-0.218 wz=-0.361 action_rms=0.142 ready=1 userCmd=0 kbd=0 raw=0.639,-0.218,-0.361 grav=0.00,-0.05,-0.98
[INFO] [1788331390.870869327, 204.933000000]: RL policy input vx=0.000 vy=0.000 wz=-1.200 action_rms=0.167 ready=1 userCmd=0 kbd=0 raw=0.000,0.000,-1.200 grav=0.01,0.02,-0.98
[INFO] [1788331394.352290030, 206.950000000]: RL policy input vx=0.000 vy=0.000 wz=-0.273 action_rms=0.158 ready=1 userCmd=0 kbd=0 raw=0.000,0.000,-0.273 grav=-0.03,0.03,-0.98
[INFO] [1788331398.088108334, 208.967000000]: RL policy input vx=0.000 vy=0.000 wz=-0.240 action_rms=0.201 ready=1 userCmd=0 kbd=0 raw=0.000,0.000,-0.240 grav=-0.03,0.02,-0.98
[INFO] [1788331401.846887268, 210.982000000]: RL policy input vx=0.000 vy=0.000 wz=-0.240 action_rms=0.204 ready=1 userCmd=0 kbd=0 raw=0.000,0.000,-0.240 grav=-0.03,0.02,-0.98
[INFO] [1788331405.530862714, 212.985000000]: RL policy input vx=0.000 vy=0.000 wz=-0.240 action_rms=0.200 ready=1 userCmd=0 kbd=0 raw=0.000,0.000,-0.240 grav=-0.03,0.02,-0.98
[INFO] [1788331409.159616875, 214.996000000]: RL policy input vx=0.567 vy=-0.280 wz=-0.048 action_rms=0.573 ready=1 userCmd=0 kbd=0 raw=0.567,-0.280,-0.048 grav=-0.44,0.05,-0.87
[INFO] [1788331412.685387783, 217.010000000]: RL policy input vx=0.534 vy=-0.340 wz=-0.086 action_rms=0.489 ready=1 userCmd=0 kbd=0 raw=0.534,-0.340,-0.086 grav=-0.37,-0.06,-0.90
[INFO] [1788331416.051103838, 219.018000000]: RL policy input vx=0.597 vy=-0.209 wz=-0.005 action_rms=0.532 ready=1 userCmd=0 kbd=0 raw=0.597,-0.209,-0.005 grav=-0.44,0.05,-0.87
cuda::is_available():1
RL inference device: cpu (requested=hybrid, policy=plane)
[INFO] RL policy hot-switched from preload cache: /root/autodl-tmp/code/restore/0803b/0902overall/runtime_assets/SimEnv/src/unitree_guide/logs/policy_act_inference_plane.pt
[FSM]: state: INIT
wait for goal.
[FSM]: state: INIT
wait for goal.
[FSM]: state: INIT
wait for goal.
[WARN] [1788331374.306575, 196.260000]: Flight-A dynamic backslide caught before posture collapse: filtered rearward speed=0.466 m/s, filtered climb speed=0.072 m/s for 0.06 s at height gain 0.56 m (threshold 0.300 m/s).
[WARN] [1788331374.326296, 196.262000]: Flight-A backslide attempt 1/2: holding longitudinal climb at zero for 1.50 s while braking lateral drift to re-land before resuming.
[WARN] [1788331374.336128, 196.266000]: Flight-A backslide re-landing brake: lateral velocity=-0.200 m/s, center command=0.300 m/s, yaw=-0.020 rad/s.
[WARN] [1788331375.372837, 196.782000]: Flight-A backslide re-landing brake: lateral velocity=0.037 m/s, center command=0.220 m/s, yaw=0.016 rad/s.
[WARN] [1788331375.870099, 197.020000]: Flight-A backslide hold complete; resuming at most 0.40 m/s for 1.00 s before restoring the 0.80 m/s nominal command.
[INFO] [1788331362.561930, 190.420000]: Robot is already 0.04 m from the pre-riser pose; skipping the corridor/side legs.
[INFO] [1788331362.566347, 190.423000]: Pre-ascent residual heading error -0.118 rad (visual_depth=False, bearing=none).
[INFO] [1788331363.693248, 190.960000]: Flight-A body settled for 0.36 s; waiting for joint RMS capture window <= 0.180 (current=1.076).
[INFO] [1788331364.246964, 191.182000]: Pre-ascent stand target set from flight-A pre-reload capture entry sample
[INFO] [1788331364.269894, 191.198000]: Flight-A plane gait settled at joint RMS 0.100; holding FixedStand for at least 0.1 s at snapshot pose before queued stair-policy entry.
[INFO] [1788331365.965093, 192.028000]: Flight-A FixedStand readiness gate complete; queued the stair policy for State_RL entry and retaining stand ownership for 0.25 s.
[INFO] [1788331366.255697, 192.181000]: Flight-A policy request has been queued under FixedStand; requesting RL so State_RL loads it before inference starts.
[INFO] [1788331367.683543, 192.873000]: Fresh RL readiness confirmed after the flight-A FixedStand boundary; starting the climb ramp.
[INFO] [1788331367.691757, 192.880000]: Flight-A fresh RL readiness observed; ascent clocks reset and 1.2 s climb ramp started.
[INFO] [1788331367.694481, 192.886000]: STPUB phase=STAIR_ASCENT world=(0.022,0.002,-0.032) body=(-0.000,-0.022,-0.032) truth_z=0.312 pose=0.3121398715873982
[INFO] [1788331369.732567, 193.907000]: STPUB phase=STAIR_ASCENT world=(0.029,0.800,-0.025) body=(0.796,-0.085,-0.025) truth_z=0.359 pose=0.35374078613835097
[INFO] [1788331371.739634, 194.920000]: STPUB phase=STAIR_ASCENT world=(0.071,0.800,-0.037) body=(0.788,-0.155,-0.037) truth_z=0.560 pose=0.5598697896349293
[INFO] [1788331373.663999, 195.940000]: STPUB phase=STAIR_ASCENT world=(0.072,0.800,-0.051) body=(0.781,-0.187,-0.051) truth_z=0.830 pose=0.8255834925366325
[INFO] [1788331375.690672, 196.943000]: STPUB phase=STAIR_ASCENT world=(0.072,-0.000,0.021) body=(0.004,-0.072,0.021) truth_z=0.839 pose=0.8386691056247929
[INFO] [1788331377.782115, 197.960000]: STPUB phase=STAIR_ASCENT world=(0.033,0.800,0.022) body=(0.800,0.018,0.022) truth_z=0.964 pose=0.9636035340955581
[INFO] [1788331379.770639, 198.961000]: STPUB phase=STAIR_ASCENT world=(-0.220,0.600,0.035) body=(0.575,0.278,0.035) truth_z=1.183 pose=1.183639295158414
[INFO] [1788331381.735218, 199.963000]: STPUB phase=STAIR_ASCENT world=(0.300,0.400,0.017) body=(0.414,-0.280,0.017) truth_z=1.399 pose=1.3991766269468642
[INFO] [1788331383.728996, 200.981000]: STPUB phase=STAIR_ASCENT world=(0.040,0.800,0.021) body=(0.801,0.009,0.021) truth_z=1.589 pose=1.587331892792685
[INFO] [1788331384.270498, 201.282000]: Intermediate landing entered at y=4.76 m; starting moving turn.
[INFO] [1788331385.714945, 202.001000]: STPUB phase=STAIR_LANDING_TURN world=(0.750,0.000,-0.945) body=(0.490,-0.568,-0.945) truth_z=1.611 pose=1.6115396854292696
[INFO] [1788331387.591794, 203.020000]: STPUB phase=STAIR_LANDING_TURN world=(0.611,0.000,-0.310) body=(0.587,-0.170,-0.310) truth_z=1.615 pose=1.6150705523409155
[INFO] [1788331389.312612, 204.040000]: STPUB phase=STAIR_LANDING_TURN world=(0.300,0.000,-0.120) body=(0.298,-0.033,-0.120) truth_z=1.613 pose=1.6132506117672856
[INFO] [1788331391.139597, 205.060000]: STPUB phase=STAIR_LANDING_TURN world=(0.000,0.000,-1.155) body=(0.000,0.000,-1.155) truth_z=1.612 pose=1.612509569040783
[INFO] [1788331392.930739, 206.080000]: STPUB phase=STAIR_LANDING_TURN world=(0.000,0.000,-0.441) body=(0.000,0.000,-0.441) truth_z=1.619 pose=1.6189747504605274
[INFO] [1788331394.576570, 207.100000]: STPUB phase=STAIR_LANDING_TURN world=(0.000,0.000,-0.259) body=(0.000,0.000,-0.259) truth_z=1.630 pose=1.6301958510169976
[INFO] [1788331396.458544, 208.105000]: STPUB phase=STAIR_LANDING_TURN world=(0.000,0.000,-0.240) body=(0.000,0.000,-0.240) truth_z=1.638 pose=1.6375572054285974
[INFO] [1788331398.383080, 209.120000]: STPUB phase=STAIR_LANDING_TURN world=(0.000,0.000,-0.240) body=(0.000,0.000,-0.240) truth_z=1.638 pose=1.6384302575164573
[INFO] [1788331400.350987, 210.140000]: STPUB phase=STAIR_LANDING_TURN world=(0.000,0.000,-0.240) body=(0.000,0.000,-0.240) truth_z=1.639 pose=1.6385385544326034
[INFO] [1788331402.159410, 211.160000]: STPUB phase=STAIR_LANDING_TURN world=(0.000,0.000,-0.240) body=(0.000,0.000,-0.240) truth_z=1.639 pose=1.6385256094287552
[INFO] [1788331404.073745, 212.180000]: STPUB phase=STAIR_LANDING_TURN world=(0.000,0.000,-0.240) body=(0.000,0.000,-0.240) truth_z=1.639 pose=1.6386327609541673
[INFO] [1788331405.525559, 212.980000]: Flight-B entry aligned: x error=-0.042 m, heading error=-0.146 rad.
[INFO] [1788331405.532287, 212.987000]: Flight-B entry joints saved (12 dofs) -> /root/autodl-tmp/code/restore/0803b/0902overall/results/portable_accept_seed35/flight_b_entry_joints_0.json
[INFO] [1788331405.558982, 213.008000]: ASCENT_B gate: entry_guide=True truth_pose=True start_z=0.312 profile=True heading=-1.571 pose_z=1.637351896199737 truth_z=1.6372808667273737
[INFO] [1788331405.563496, 213.009000]: Pre-ascent RL settle: holding zero command until motion is stable for 0.6 s before FixedStand.
[INFO] [1788331405.566979, 213.009000]: Pre-ascent RL settle active: stable 0.00/0.60 s.
[INFO] [1788331406.691452, 213.620000]: Pre-ascent RL motion settled for 0.64 s; settle-only gate complete (FixedStand disabled).
[INFO] [1788331406.723160, 213.640000]: STPUB phase=STAIR_ASCENT_B world=(-0.027,-0.800,-0.067) body=(0.780,-0.179,-0.067) truth_z=1.625 pose=1.6250105559057544
[INFO] [1788331407.400769, 214.020000]: ASCENT_B gate: entry_guide=True truth_pose=True start_z=0.312 profile=True heading=-1.571 pose_z=1.6544882507833603 truth_z=1.6539237655017167
[INFO] [1788331408.536664, 214.641000]: STPUB phase=STAIR_ASCENT_B world=(-0.049,-0.800,-0.049) body=(0.785,-0.161,-0.049) truth_z=1.720 pose=1.7202326412551878
[INFO] [1788331409.262507, 215.041000]: ASCENT_B gate: entry_guide=True truth_pose=True start_z=0.312 profile=True heading=-1.571 pose_z=1.8448844951341867 truth_z=1.8418960948730012
[INFO] [1788331410.384049, 215.662000]: STPUB phase=STAIR_ASCENT_B world=(-0.200,-0.600,-0.085) body=(0.534,-0.339,-0.085) truth_z=1.997 pose=2.0043906695798217
[INFO] [1788331411.081345, 216.060000]: ASCENT_B gate: entry_guide=True truth_pose=True start_z=0.312 profile=True heading=-1.571 pose_z=2.0917639322346595 truth_z=2.090625307677964
[INFO] [1788331412.143448, 216.680000]: STPUB phase=STAIR_ASCENT_B world=(-0.200,-0.600,-0.090) body=(0.530,-0.346,-0.090) truth_z=2.250 pose=2.2486012253644225
[INFO] [1788331412.806560, 217.080000]: ASCENT_B gate: entry_guide=True truth_pose=True start_z=0.312 profile=True heading=-1.571 pose_z=2.3087597945099363 truth_z=2.311265300799391
[INFO] [1788331413.914222, 217.681000]: STPUB phase=STAIR_ASCENT_B world=(-0.200,-0.600,-0.039) body=(0.574,-0.265,-0.039) truth_z=2.434 pose=2.4353857107701056
[INFO] [1788331414.596462, 218.082000]: ASCENT_B gate: entry_guide=True truth_pose=True start_z=0.312 profile=True heading=-1.571 pose_z=2.508734829290031 truth_z=2.5093296087700967
[INFO] [1788331415.536410, 218.701000]: STPUB phase=STAIR_ASCENT_B world=(0.000,-0.600,-0.009) body=(0.600,-0.016,-0.009) truth_z=2.638 pose=2.637429655034694
[INFO] [1788331416.166581, 219.102000]: ASCENT_B gate: entry_guide=True truth_pose=True start_z=0.312 profile=True heading=-1.571 pose_z=2.702036869184717 truth_z=2.7030681250509487
[INFO] [1788331417.159593, 219.721000]: STPUB phase=STAIR_ASCENT_B world=(-0.044,-0.800,0.023) body=(0.801,0.009,0.023) truth_z=2.819 pose=2.8193274715082297
[INFO] [1788331417.823569, 220.120000]: ASCENT_B gate: entry_guide=True truth_pose=True start_z=0.312 profile=True heading=-1.571 pose_z=2.8789553321637475 truth_z=2.8785622126030703
[INFO] [1788331418.586226, 220.600000]: Upper landing entered: gain=2.59 m, clearance=0.00 m; stabilizing for 0.5 s.
[INFO] [1788331419.087601, 220.840000]: Floor-2 landing confirmed after two flights: gain=2.60 m clearance=0.11 m.
[INFO] [1788331420.256079, 221.559000]: Plane policy acknowledged on the upper landing; releasing stair controller ownership.
[FSM]: state: INIT
wait for goal.
[FSM]: state: INIT
wait for goal.
Warning: TF_REPEATED_DATA ignoring data with redundant timestamp for frame sliding_map (parent world) at time 226.307000 according to authority /scan_planner_node
         at line 277 in /tmp/binarydeb/ros-noetic-tf2-0.7.10/src/buffer_core.cpp
[FSM]: state: INIT
wait for goal.
[FSM]: state: INIT
wait for goal.
Warning: TF_REPEATED_DATA ignoring data with redundant timestamp for frame sliding_map (parent world) at time 229.210000 according to authority /scan_planner_node
         at line 277 in /tmp/binarydeb/ros-noetic-tf2-0.7.10/src/buffer_core.cpp
[FSM]: state: INIT
wait for goal.
Warning: TF_REPEATED_DATA ignoring data with redundant timestamp for frame sliding_map (parent world) at time 229.912000 according to authority /scan_planner_node
         at line 277 in /tmp/binarydeb/ros-noetic-tf2-0.7.10/src/buffer_core.cpp
[FSM]: state: INIT
wait for goal.
[FSM]: state: INIT
wait for goal.
[FSM]: state: INIT
wait for goal.
[FSM]: state: INIT
wait for goal.
[FSM]: state: INIT
wait for goal.
[FSM]: state: INIT
wait for goal.
Warning: TF_REPEATED_DATA ignoring data with redundant timestamp for frame sliding_map (parent world) at time 236.709000 according to authority /scan_planner_node
         at line 277 in /tmp/binarydeb/ros-noetic-tf2-0.7.10/src/buffer_core.cpp
Warning: TF_REPEATED_DATA ignoring data with redundant timestamp for frame sliding_map (parent world) at time 237.099000 according to authority /scan_planner_node
         at line 277 in /tmp/binarydeb/ros-noetic-tf2-0.7.10/src/buffer_core.cpp
[FSM]: state: INIT
wait for goal.
Warning: TF_REPEATED_DATA ignoring data with redundant timestamp for frame sliding_map (parent world) at time 237.900000 according to authority /scan_planner_node
         at line 277 in /tmp/binarydeb/ros-noetic-tf2-0.7.10/src/buffer_core.cpp
[FSM]: state: INIT
wait for goal.
Warning: TF_REPEATED_DATA ignoring data with redundant timestamp for frame sliding_map (parent world) at time 239.415000 according to authority /scan_planner_node
         at line 277 in /tmp/binarydeb/ros-noetic-tf2-0.7.10/src/buffer_core.cpp
Warning: TF_REPEATED_DATA ignoring data with redundant timestamp for frame sliding_map (parent world) at time 240.000000 according to authority /scan_planner_node
         at line 277 in /tmp/binarydeb/ros-noetic-tf2-0.7.10/src/buffer_core.cpp
[FSM]: state: INIT
wait for goal.
[FSM]: state: INIT
wait for goal.
[FSM]: state: INIT
wait for goal.
[FSM]: state: INIT
wait for goal.
Warning: TF_REPEATED_DATA ignoring data with redundant timestamp for frame sliding_map (parent world) at time 244.012000 according to authority /scan_planner_node
         at line 277 in /tmp/binarydeb/ros-noetic-tf2-0.7.10/src/buffer_core.cpp
Warning: TF_REPEATED_DATA ignoring data with redundant timestamp for frame sliding_map (parent world) at time 244.399000 according to authority /scan_planner_node
         at line 277 in /tmp/binarydeb/ros-noetic-tf2-0.7.10/src/buffer_core.cpp
[FSM]: state: INIT
wait for goal.
Warning: TF_REPEATED_DATA ignoring data with redundant timestamp for frame sliding_map (parent world) at time 245.009000 according to authority /scan_planner_node
         at line 277 in /tmp/binarydeb/ros-noetic-tf2-0.7.10/src/buffer_core.cpp
[FSM]: state: INIT
wait for goal.
Warning: TF_REPEATED_DATA ignoring data with redundant timestamp for frame sliding_map (parent world) at time 246.210000 according to authority /scan_planner_node
         at line 277 in /tmp/binarydeb/ros-noetic-tf2-0.7.10/src/buffer_core.cpp
Warning: TF_REPEATED_DATA ignoring data with redundant timestamp for frame sliding_map (parent world) at time 247.002000 according to authority /scan_planner_node
         at line 277 in /tmp/binarydeb/ros-noetic-tf2-0.7.10/src/buffer_core.cpp
[FSM]: state: INIT
wait for goal.
Warning: TF_REPEATED_DATA ignoring data with redundant timestamp for frame sliding_map (parent world) at time 247.408000 according to authority /scan_planner_node
         at line 277 in /tmp/binarydeb/ros-noetic-tf2-0.7.10/src/buffer_core.cpp
Warning: TF_REPEATED_DATA ignoring data with redundant timestamp for frame sliding_map (parent world) at time 248.001000 according to authority /scan_planner_node
         at line 277 in /tmp/binarydeb/ros-noetic-tf2-0.7.10/src/buffer_core.cpp
Warning: TF_REPEATED_DATA ignoring data with redundant timestamp for frame sliding_map (parent world) at time 248.300000 according to authority /scan_planner_node
         at line 277 in /tmp/binarydeb/ros-noetic-tf2-0.7.10/src/buffer_core.cpp
[FSM]: state: INIT
wait for goal.
Warning: TF_REPEATED_DATA ignoring data with redundant timestamp for frame sliding_map (parent world) at time 248.616000 according to authority /scan_planner_node
         at line 277 in /tmp/binarydeb/ros-noetic-tf2-0.7.10/src/buffer_core.cpp
[FSM]: state: INIT
wait for goal.
Warning: TF_REPEATED_DATA ignoring data with redundant timestamp for frame sliding_map (parent world) at time 250.418000 according to authority /scan_planner_node
         at line 277 in /tmp/binarydeb/ros-noetic-tf2-0.7.10/src/buffer_core.cpp
[FSM]: state: INIT
wait for goal.
Warning: TF_REPEATED_DATA ignoring data with redundant timestamp for frame sliding_map (parent world) at time 251.003000 according to authority /scan_planner_node
         at line 277 in /tmp/binarydeb/ros-noetic-tf2-0.7.10/src/buffer_core.cpp
[FSM]: state: INIT
wait for goal.
Warning: TF_REPEATED_DATA ignoring data with redundant timestamp for frame sliding_map (parent world) at time 252.262000 according to authority /scan_planner_node
         at line 277 in /tmp/binarydeb/ros-noetic-tf2-0.7.10/src/buffer_core.cpp
Warning: TF_REPEATED_DATA ignoring data with redundant timestamp for frame sliding_map (parent world) at time 252.813000 according to authority /scan_planner_node
         at line 277 in /tmp/binarydeb/ros-noetic-tf2-0.7.10/src/buffer_core.cpp
Warning: TF_REPEATED_DATA ignoring data with redundant timestamp for frame sliding_map (parent world) at time 253.202000 according to authority /scan_planner_node
         at line 277 in /tmp/binarydeb/ros-noetic-tf2-0.7.10/src/buffer_core.cpp
Warning: TF_REPEATED_DATA ignoring data with redundant timestamp for frame sliding_map (parent world) at time 253.305000 according to authority /scan_planner_node
         at line 277 in /tmp/binarydeb/ros-noetic-tf2-0.7.10/src/buffer_core.cpp
[FSM]: state: INIT
wait for goal.
Warning: TF_REPEATED_DATA ignoring data with redundant timestamp for frame sliding_map (parent world) at time 254.104000 according to authority /scan_planner_node
         at line 277 in /tmp/binarydeb/ros-noetic-tf2-0.7.10/src/buffer_core.cpp
[FSM]: state: INIT
wait for goal.
Warning: TF_REPEATED_DATA ignoring data with redundant timestamp for frame sliding_map (parent world) at time 255.111000 according to authority /scan_planner_node
         at line 277 in /tmp/binarydeb/ros-noetic-tf2-0.7.10/src/buffer_core.cpp
Warning: TF_REPEATED_DATA ignoring data with redundant timestamp for frame sliding_map (parent world) at time 255.704000 according to authority /scan_planner_node
         at line 277 in /tmp/binarydeb/ros-noetic-tf2-0.7.10/src/buffer_core.cpp
[FSM]: state: INIT
wait for goal.
Warning: TF_REPEATED_DATA ignoring data with redundant timestamp for frame sliding_map (parent world) at time 256.101000 according to authority /scan_planner_node
         at line 277 in /tmp/binarydeb/ros-noetic-tf2-0.7.10/src/buffer_core.cpp
Warning: TF_REPEATED_DATA ignoring data with redundant timestamp for frame sliding_map (parent world) at time 256.701000 according to authority /scan_planner_node
         at line 277 in /tmp/binarydeb/ros-noetic-tf2-0.7.10/src/buffer_core.cpp
[FSM]: state: INIT
wait for goal.
[FSM]: state: INIT
wait for goal.
Warning: TF_REPEATED_DATA ignoring data with redundant timestamp for frame sliding_map (parent world) at time 258.903000 according to authority /scan_planner_node
         at line 277 in /tmp/binarydeb/ros-noetic-tf2-0.7.10/src/buffer_core.cpp
[FSM]: state: INIT
wait for goal.
[FSM]: state: INIT
wait for goal.
[FSM]: state: INIT
wait for goal.
[FSM]: state: INIT
wait for goal.
[FSM]: state: INIT
wait for goal.
[FSM]: state: INIT
wait for goal.
[INFO] [1788331419.566957578, 221.188000000]: RL policy input vx=0.000 vy=0.000 wz=0.000 action_rms=0.166 ready=0 userCmd=8 kbd=0 raw=0.000,0.000,0.000 grav=0.02,-0.03,-0.98
[INFO] [1788331420.250268535, 221.554000000]: RL locomotion_ready latched after 0.67 s takeover and 0.37 s stable hold
[INFO] [1788331423.191332165, 223.208000000]: RL policy input vx=0.000 vy=0.000 wz=0.604 action_rms=0.210 ready=1 userCmd=0 kbd=0 raw=0.000,0.000,0.604 grav=0.01,-0.00,-0.98
[INFO] [1788331426.735761658, 225.226000000]: RL policy input vx=1.036 vy=0.000 wz=0.095 action_rms=0.240 ready=1 userCmd=0 kbd=0 raw=1.036,0.000,0.095 grav=-0.02,-0.01,-0.98
[INFO] [1788331430.106333707, 227.243000000]: RL policy input vx=1.831 vy=0.750 wz=0.413 action_rms=0.411 ready=1 userCmd=0 kbd=0 raw=1.831,0.750,0.413 grav=-0.02,0.11,-0.97
[INFO] [1788331433.682007077, 229.247000000]: RL policy input vx=2.249 vy=0.064 wz=0.031 action_rms=0.451 ready=1 userCmd=0 kbd=0 raw=2.249,0.064,0.031 grav=0.02,0.03,-0.98
[INFO] [1788331437.515586264, 231.257000000]: RL policy input vx=2.250 vy=0.032 wz=0.015 action_rms=0.384 ready=1 userCmd=0 kbd=0 raw=2.250,0.032,0.015 grav=0.03,-0.04,-0.98
[INFO] [1788331441.654547911, 233.262000000]: RL policy input vx=2.248 vy=0.083 wz=0.041 action_rms=0.308 ready=1 userCmd=0 kbd=0 raw=2.248,0.083,0.041 grav=0.01,-0.00,-0.98
[INFO] [1788331445.701219928, 235.265000000]: RL policy input vx=0.444 vy=0.284 wz=0.627 action_rms=0.275 ready=1 userCmd=0 kbd=0 raw=0.444,0.284,0.627 grav=-0.01,-0.00,-0.98
[INFO] [1788331449.491022107, 237.275000000]: RL policy input vx=0.000 vy=0.000 wz=0.209 action_rms=0.142 ready=1 userCmd=0 kbd=0 raw=0.000,0.000,0.209 grav=0.02,-0.03,-0.98
[INFO] [1788331453.277668954, 239.294000000]: RL policy input vx=0.450 vy=0.000 wz=0.025 action_rms=0.284 ready=1 userCmd=0 kbd=0 raw=0.450,0.000,0.025 grav=0.00,-0.02,-0.98
[INFO] [1788331456.986744735, 241.303000000]: RL policy input vx=0.404 vy=0.000 wz=-0.032 action_rms=0.231 ready=1 userCmd=0 kbd=0 raw=0.404,0.000,-0.032 grav=0.01,-0.02,-0.98
[INFO] [1788331460.924595094, 243.321000000]: RL policy input vx=2.115 vy=-0.071 wz=-0.037 action_rms=0.232 ready=1 userCmd=0 kbd=0 raw=2.115,-0.071,-0.037 grav=-0.04,-0.13,-0.97
[INFO] [1788331464.899773010, 245.343000000]: RL policy input vx=0.300 vy=0.007 wz=0.024 action_rms=0.238 ready=1 userCmd=0 kbd=0 raw=0.300,0.007,0.024 grav=0.01,-0.01,-0.98
[INFO] [1788331468.587173472, 247.345000000]: RL policy input vx=0.000 vy=0.000 wz=2.328 action_rms=0.344 ready=1 userCmd=0 kbd=0 raw=0.000,0.000,2.328 grav=0.01,0.02,-0.98
[INFO] [1788331472.407359286, 249.345000000]: RL policy input vx=0.545 vy=-0.750 wz=-1.037 action_rms=0.180 ready=1 userCmd=0 kbd=0 raw=0.545,-0.750,-1.037 grav=-0.00,0.04,-0.98
[INFO] [1788331476.177254107, 251.362000000]: RL policy input vx=0.293 vy=-0.065 wz=-0.240 action_rms=0.166 ready=1 userCmd=0 kbd=0 raw=0.293,-0.065,-0.240 grav=0.03,-0.03,-0.98
[INFO] [1788331479.478603414, 253.368000000]: RL policy input vx=0.000 vy=0.000 wz=-2.550 action_rms=0.344 ready=1 userCmd=0 kbd=0 raw=0.000,0.000,-2.550 grav=-0.01,0.01,-0.98
[INFO] [1788331482.984067025, 255.388000000]: RL policy input vx=1.193 vy=-0.357 wz=-0.320 action_rms=0.398 ready=1 userCmd=0 kbd=0 raw=1.193,-0.357,-0.320 grav=0.01,-0.07,-0.98
[INFO] [1788331486.342376391, 257.410000000]: RL policy input vx=0.385 vy=0.000 wz=-0.162 action_rms=0.167 ready=1 userCmd=0 kbd=0 raw=0.385,0.000,-0.162 grav=0.03,-0.01,-0.98
[INFO] [1788331489.898080522, 259.421000000]: RL policy input vx=0.449 vy=0.000 wz=-0.055 action_rms=0.154 ready=1 userCmd=0 kbd=0 raw=0.449,0.000,-0.055 grav=0.01,-0.02,-0.98
[INFO] [1788331493.554269902, 261.430000000]: RL policy input vx=1.099 vy=0.083 wz=0.083 action_rms=0.314 ready=1 userCmd=0 kbd=0 raw=1.099,0.083,0.083 grav=0.00,0.01,-0.98
[INFO] [1788331497.179901388, 263.450000000]: RL policy input vx=0.450 vy=0.000 wz=0.009 action_rms=0.170 ready=1 userCmd=0 kbd=0 raw=0.450,0.000,0.009 grav=0.00,-0.02,-0.98
[INFO] [1788331501.176027103, 265.460000000]: RL policy input vx=0.450 vy=0.000 wz=-0.021 action_rms=0.250 ready=1 userCmd=0 [FSM]: state: INIT
wait for goal.
[FSM]: state: INIT
wait for goal.
[FSM]: state: INIT
wait for goal.
[FSM]: state: INIT
wait for goal.
Warning: TF_REPEATED_DATA ignoring data with redundant timestamp for frame sliding_map (parent world) at time 270.103000 according to authority /scan_planner_node
         at line 277 in /tmp/binarydeb/ros-noetic-tf2-0.7.10/src/buffer_core.cpp
Warning: TF_REPEATED_DATA ignoring data with redundant timestamp for frame sliding_map (parent world) at time 270.302000 according to authority /scan_planner_node
         at line 277 in /tmp/binarydeb/ros-noetic-tf2-0.7.10/src/buffer_core.cpp
Warning: TF_REPEATED_DATA ignoring data with redundant timestamp for frame sliding_map (parent world) at time 270.703000 according to authority /scan_planner_node
         at line 277 in /tmp/binarydeb/ros-noetic-tf2-0.7.10/src/buffer_core.cpp
[FSM]: state: INIT
wait for goal.
Warning: TF_REPEATED_DATA ignoring data with redundant timestamp for frame sliding_map (parent world) at time 271.014000 according to authority /scan_planner_node
         at line 277 in /tmp/binarydeb/ros-noetic-tf2-0.7.10/src/buffer_core.cpp
Warning: TF_REPEATED_DATA ignoring data with redundant timestamp for frame sliding_map (parent world) at time 271.205000 according to authority /scan_planner_node
         at line 277 in /tmp/binarydeb/ros-noetic-tf2-0.7.10/src/buffer_core.cpp
Warning: TF_REPEATED_DATA ignoring data with redundant timestamp for frame sliding_map (parent world) at time 271.604000 according to authority /scan_planner_node
         at line 277 in /tmp/binarydeb/ros-noetic-tf2-0.7.10/src/buffer_core.cpp
Warning: TF_REPEATED_DATA ignoring data with redundant timestamp for frame sliding_map (parent world) at time 271.799000 according to authority /scan_planner_node
         at line 277 in /tmp/binarydeb/ros-noetic-tf2-0.7.10/src/buffer_core.cpp
[FSM]: state: INIT
wait for goal.
Warning: TF_REPEATED_DATA ignoring data with redundant timestamp for frame sliding_map (parent world) at time 271.999000 according to authority /scan_planner_node
         at line 277 in /tmp/binarydeb/ros-noetic-tf2-0.7.10/src/buffer_core.cpp
Warning: TF_REPEATED_DATA ignoring data with redundant timestamp for frame sliding_map (parent world) at time 272.204000 according to authority /scan_planner_node
         at line 277 in /tmp/binarydeb/ros-noetic-tf2-0.7.10/src/buffer_core.cpp
Warning: TF_REPEATED_DATA ignoring data with redundant timestamp for frame sliding_map (parent world) at time 272.800000 according to authority /scan_planner_node
         at line 277 in /tmp/binarydeb/ros-noetic-tf2-0.7.10/src/buffer_core.cpp
[FSM]: state: INIT
wait for goal.
Warning: TF_REPEATED_DATA ignoring data with redundant timestamp for frame sliding_map (parent world) at time 273.203000 according to authority /scan_planner_node
         at line 277 in /tmp/binarydeb/ros-noetic-tf2-0.7.10/src/buffer_core.cpp
Warning: TF_REPEATED_DATA ignoring data with redundant timestamp for frame sliding_map (parent world) at time 273.406000 according to authority /scan_planner_node
         at line 277 in /tmp/binarydeb/ros-noetic-tf2-0.7.10/src/buffer_core.cpp
Warning: TF_REPEATED_DATA ignoring data with redundant timestamp for frame sliding_map (parent world) at time 273.606000 according to authority /scan_planner_node
         at line 277 in /tmp/binarydeb/ros-noetic-tf2-0.7.10/src/buffer_core.cpp
Warning: TF_REPEATED_DATA ignoring data with redundant timestamp for frame sliding_map (parent world) at time 273.799000 according to authority /scan_planner_node
         at line 277 in /tmp/binarydeb/ros-noetic-tf2-0.7.10/src/buffer_core.cpp
[FSM]: state: INIT
wait for goal.
[FSM]: state: INIT
wait for goal.
Warning: TF_REPEATED_DATA ignoring data with redundant timestamp for frame sliding_map (parent world) at time 275.602000 according to authority /scan_planner_node
         at line 277 in /tmp/binarydeb/ros-noetic-tf2-0.7.10/src/buffer_core.cpp
Warning: TF_REPEATED_DATA ignoring data with redundant timestamp for frame sliding_map (parent world) at time 276.203000 according to authority /scan_planner_node
         at line 277 in /tmp/binarydeb/ros-noetic-tf2-0.7.10/src/buffer_core.cpp
Warning: TF_REPEATED_DATA ignoring data with redundant timestamp for frame sliding_map (parent world) at time 276.408000 according to authority /scan_planner_node
         at line 277 in /tmp/binarydeb/ros-noetic-tf2-0.7.10/src/buffer_core.cpp
Warning: TF_REPEATED_DATA ignoring data with redundant timestamp for frame sliding_map (parent world) at time 276.602000 according to authority /scan_planner_node
         at line 277 in /tmp/binarydeb/ros-noetic-tf2-0.7.10/src/buffer_core.cpp
[FSM]: state: INIT
wait for goal.
Warning: TF_REPEATED_DATA ignoring data with redundant timestamp for frame sliding_map (parent world) at time 276.807000 according to authority /scan_planner_node
         at line 277 in /tmp/binarydeb/ros-noetic-tf2-0.7.10/src/buffer_core.cpp
Warning: TF_REPEATED_DATA ignoring data with redundant timestamp for frame sliding_map (parent world) at time 277.210000 according to authority /scan_planner_node
         at line 277 in /tmp/binarydeb/ros-noetic-tf2-0.7.10/src/buffer_core.cpp
Warning: TF_REPEATED_DATA ignoring data with redundant timestamp for frame sliding_map (parent world) at time 277.410000 according to authority /scan_planner_node
         at line 277 in /tmp/binarydeb/ros-noetic-tf2-0.7.10/src/buffer_core.cpp
Warning: TF_REPEATED_DATA ignoring data with redundant timestamp for frame sliding_map (parent world) at time 277.606000 according to authority /scan_planner_node
         at line 277 in /tmp/binarydeb/ros-noetic-tf2-0.7.10/src/buffer_core.cpp
[FSM]: state: INIT
wait for goal.
Warning: TF_REPEATED_DATA ignoring data with redundant timestamp for frame sliding_map (parent world) at time 278.018000 according to authority /scan_planner_node
         at line 277 in /tmp/binarydeb/ros-noetic-tf2-0.7.10/src/buffer_core.cpp
Warning: TF_REPEATED_DATA ignoring data with redundant timestamp for frame sliding_map (parent world) at time 278.216000 according to authority /scan_planner_node
         at line 277 in /tmp/binarydeb/ros-noetic-tf2-0.7.10/src/buffer_core.cpp
Warning: TF_REPEATED_DATA ignoring data with redundant timestamp for frame sliding_map (parent world) at time 278.409000 according to authority /scan_planner_node
         at line 277 in /tmp/binarydeb/ros-noetic-tf2-0.7.10/src/buffer_core.cpp
Warning: TF_REPEATED_DATA ignoring data with redundant timestamp for frame sliding_map (parent world) at time 278.608000 according to authority /scan_planner_node
         at line 277 in /tmp/binarydeb/ros-noetic-tf2-0.7.10/src/buffer_core.cpp
Warning: TF_REPEATED_DATA ignoring data with redundant timestamp for frame sliding_map (parent world) at time 278.811000 according to authority /scan_planner_node
         at line 277 in /tmp/binarydeb/ros-noetic-tf2-0.7.10/src/buffer_core.cpp
[FSM]: state: INIT
wait for goal.
Warning: TF_REPEATED_DATA ignoring data with redundant timestamp for frame sliding_map (parent world) at time 279.206000 according to authority /scan_planner_node
         at line 277 in /tmp/binarydeb/ros-noetic-tf2-0.7.10/src/buffer_core.cpp
Warning: TF_REPEATED_DATA ignoring data with redundant timestamp for frame sliding_map (parent world) at time 280.199000 according to authority /scan_planner_node
         at line 277 in /tmp/binarydeb/ros-noetic-tf2-0.7.10/src/buffer_core.cpp
[FSM]: state: INIT
wait for goal.
Warning: TF_REPEATED_DATA ignoring data with redundant timestamp for frame sliding_map (parent world) at time 281.011000 according to authority /scan_planner_node
         at line 277 in /tmp/binarydeb/ros-noetic-tf2-0.7.10/src/buffer_core.cpp
Warning: TF_REPEATED_DATA ignoring data with redundant timestamp for frame sliding_map (parent world) at time 281.201000 according to authority /scan_planner_node
         at line 277 in /tmp/binarydeb/ros-noetic-tf2-0.7.10/src/buffer_core.cpp
Warning: TF_REPEATED_DATA ignoring data with redundant timestamp for frame sliding_map (parent world) at time 281.399000 according to authority /scan_planner_node
         at line 277 in /tmp/binarydeb/ros-noetic-tf2-0.7.10/src/buffer_core.cpp
[FSM]: state: INIT
wait for goal.
Warning: TF_REPEATED_DATA ignoring data with redundant timestamp for frame sliding_map (parent world) at time 282.409000 according to authority /scan_planner_node
         at line 277 in /tmp/binarydeb/ros-noetic-tf2-0.7.10/src/buffer_core.cpp
[FSM]: state: INIT
wait for goal.
[FSM]: state: INIT
wait for goal.
[FSM]: state: INIT
wait for goal.
[FSM]: state: INIT
wait for goal.
[FSM]: state: INIT
wait for goal.
[FSM]: state: INIT
wait for goal.
[FSM]: state: INIT
wait for goal.
Warning: TF_REPEATED_DATA ignoring data with redundant timestamp for frame sliding_map (parent world) at time 289.910000 according to authority /scan_planner_node
         at line 277 in /tmp/binarydeb/ros-noetic-tf2-0.7.10/src/buffer_core.cpp
[FSM]: state: INIT
wait for goal.
[FSM]: state: INIT
wait for goal.
[FSM]: state: INIT
wait for goal.
[FSM]: state: INIT
wait for goal.
[FSM]: state: INIT
wait for goal.
[FSM]: state: INIT
wait for goal.
[FSM]: state: INIT
wait for goal.
[FSM]: state: INIT
wait for goal.
[FSM]: state: INIT
wait for goal.
[FSM]: state: INIT
wait for goal.
[FSM]: state: INIT
wait for goal.
[FSM]: state: INIT
wait for goal.
[FSM]: state: INIT
wait for goal.
Warning: TF_REPEATED_DATA ignoring data with redundant timestamp for frame sliding_map (parent world) at time 305.300000 according to authority /scan_planner_node
         at line 277 in /tmp/binarydeb/ros-noetic-tf2-0.7.10/src/buffer_core.cpp
Warning: TF_REPEATED_DATA ignoring data with redundant timestamp for frame sliding_map (parent world) at time 305.506000 according to authority /scan_planner_node
         at line 277 in /tmp/binarydeb/ros-noetic-tf2-0.7.10/src/buffer_core.cpp
[FSM]: state: INIT
wait for goal.
Warning: TF_REPEATED_DATA ignoring data with redundant timestamp for frame sliding_map (parent world) at time 305.702000 according to authority /scan_planner_node
         at line 277 in /tmp/binarydeb/ros-noetic-tf2-0.7.10/src/buffer_core.cpp
Warning: TF_REPEATED_DATA ignoring data with redundant timestamp for frame sliding_map (parent world) at time 306.102000 according to authority /scan_planner_node
         at line 277 in /tmp/binarydeb/ros-noetic-tf2-0.7.10/src/buffer_core.cpp
Warning: TF_REPEATED_DATA ignoring data with redundant timestamp for frame sliding_map (parent world) at time 306.399000 according to authority /scan_planner_node
         at line 277 in /tmp/binarydeb/ros-noetic-tf2-0.7.10/src/buffer_core.cpp
[FSM]: state: INIT
wait for goal.
Warning: TF_REPEATED_DATA ignoring data with redundant timestamp for frame sliding_map (parent world) at time 307.202000 according to authority /scan_planner_node
         at line 277 in /tmp/binarydeb/ros-noetic-tf2-0.7.10/src/buffer_core.cpp
Warning: TF_REPEATED_DATA ignoring data with redundant timestamp for frame sliding_map (parent world) at time 307.400000 according to authority /scan_planner_node
         at line 277 in /tmp/binarydeb/ros-noetic-tf2-0.7.10/src/buffer_core.cpp
Warning: TF_REPEATED_DATA ignoring data with redundant timestamp for frame sliding_map (parent world) at time 307.599000 according to authority /scan_planner_node
         at line 277 in /tmp/binarydeb/ros-noetic-tf2-0.7.10/src/buffer_core.cpp
Warning: TF_REPEATED_DATA ignoring data with redundant timestamp for frame sliding_map (parent world) at time 307.800000 according to authority /scan_planner_node
         at line 277 in /tmp/binarydeb/ros-noetic-tf2-0.7.10/src/buffer_core.cpp
[FSM]: state: INIT
wait for goal.
Warning: TF_REPEATED_DATA ignoring data with redundant timestamp for frame sliding_map (parent world) at time 308.604000 according to authority /scan_planner_node
         at line 277 in /tmp/binarydeb/ros-noetic-tf2-0.7.10/src/buffer_core.cpp
Warning: TF_REPEATED_DATA ignoring data with redundant timestamp for frame sliding_map (parent world) at time 308.799000 according to authority /scan_planner_node
         at line 277 in /tmp/binarydeb/ros-noetic-tf2-0.7.10/src/buffer_core.cpp
Warning: TF_REPEATED_DATA ignoring data with redundant timestamp for frame sliding_map (parent world) at time 309.199000 according to authority /scan_planner_node
         at line 277 in /tmp/binarydeb/ros-noetic-tf2-0.7.10/src/buffer_core.cpp
[FSM]: state: INIT
wait for goal.
Warning: TF_REPEATED_DATA ignoring data with redundant timestamp for frame sliding_map (parent world) at time 309.404000 according to authority /scan_planner_node
         at line 277 in /tmp/binarydeb/ros-noetic-tf2-0.7.10/src/buffer_core.cpp
Warning: TF_REPEATED_DATA ignoring data with redundant timestamp for frame sliding_map (parent world) at time 309.603000 according to authority /scan_planner_node
         at line 277 in /tmp/binarydeb/ros-noetic-tf2-0.7.10/src/buffer_core.cpp
Warning: TF_REPEATED_DATA ignoring data with redundant timestamp for frame sliding_map (parent world) at time 310.199000 according to authority /scan_planner_node
         at line 277 in /tmp/binarydeb/ros-noetic-tf2-0.7.10/src/buffer_core.cpp
[FSM]: state: INIT
wait for goal.
Warning: TF_REPEATED_DATA ignoring data with redundant timestamp for frame sliding_map (parent world) at time 310.706000 according to authority /scan_planner_node
         at line 277 in /tmp/binarydeb/ros-noetic-tf2-0.7.10/src/buffer_core.cpp
Warning: TF_REPEATED_DATA ignoring data with redundant timestamp for frame sliding_map (parent world) at time 311.008000 according to authority /scan_planner_node
         at line 277 in /tmp/binarydeb/ros-noetic-tf2-0.7.10/src/buffer_core.cpp
Warning: TF_REPEATED_DATA ignoring data with redundant timestamp for frame sliding_map (parent world) at time 311.200000 according to authority /scan_planner_node
         at line 277 in /tmp/binarydeb/ros-noetic-tf2-0.7.10/src/buffer_core.cpp
Warning: TF_REPEATED_DATA ignoring data with redundant timestamp for frame sliding_map (parent world) at time 311.419000 according to authority /scan_planner_node
         at line 277 in /tmp/binarydeb/ros-noetic-tf2-0.7.10/src/buffer_core.cpp
kbd=0 raw=0.450,0.000,-0.021 grav=0.01,-0.01,-0.98
[INFO] [1788331505.018958262, 267.478000000]: RL policy input vx=2.132 vy=-0.233 wz=-0.120 action_rms=0.254 ready=1 userCmd=0 kbd=0 raw=2.132,-0.233,-0.120 grav=-0.01,-0.09,-0.98
[INFO] [1788331508.446118969, 269.500000000]: RL policy input vx=0.300 vy=-0.013 wz=-0.047 action_rms=0.142 ready=1 userCmd=0 kbd=0 raw=0.300,-0.013,-0.047 grav=0.03,-0.02,-0.98
[INFO] [1788331511.542319962, 271.519000000]: RL policy input vx=0.000 vy=0.000 wz=2.550 action_rms=0.153 ready=1 userCmd=0 kbd=0 raw=0.000,0.000,2.550 grav=0.02,-0.00,-0.98
[INFO] [1788331514.644995894, 273.541000000]: RL policy input vx=0.000 vy=0.000 wz=-1.150 action_rms=0.151 ready=1 userCmd=0 kbd=0 raw=0.000,0.000,-1.150 grav=0.00,0.01,-0.98
[INFO] [1788331517.631021520, 275.561000000]: RL policy input vx=0.556 vy=-0.112 wz=-0.218 action_rms=0.307 ready=1 userCmd=0 kbd=0 raw=0.556,-0.112,-0.218 grav=0.03,-0.07,-0.98
[INFO] [1788331520.780631159, 277.570000000]: RL policy input vx=0.000 vy=0.000 wz=-2.550 action_rms=0.119 ready=1 userCmd=0 kbd=0 raw=0.000,0.000,-2.550 grav=0.01,0.02,-0.98
[INFO] [1788331523.884727254, 279.571000000]: RL policy input vx=1.567 vy=-0.750 wz=-0.487 action_rms=0.202 ready=1 userCmd=0 kbd=0 raw=1.567,-0.750,-0.487 grav=-0.04,-0.06,-0.98
[INFO] [1788331527.192858832, 281.578000000]: RL policy input vx=0.296 vy=-0.047 wz=-0.174 action_rms=0.168 ready=1 userCmd=0 kbd=0 raw=0.296,-0.047,-0.174 grav=0.02,-0.02,-0.98
[INFO] [1788331530.677093270, 283.586000000]: RL policy input vx=0.450 vy=0.000 wz=0.001 action_rms=0.176 ready=1 userCmd=0 kbd=0 raw=0.450,0.000,0.001 grav=0.01,-0.03,-0.98
[INFO] [1788331533.980007937, 285.594000000]: RL policy input vx=0.299 vy=0.000 wz=-0.071 action_rms=0.232 ready=1 userCmd=0 kbd=0 raw=0.299,0.000,-0.071 grav=0.01,-0.01,-0.98
[INFO] [1788331537.252316450, 287.605000000]: RL policy input vx=1.710 vy=-0.750 wz=-0.437 action_rms=0.239 ready=1 userCmd=0 kbd=0 raw=1.710,-0.750,-0.437 grav=-0.05,-0.05,-0.98
[INFO] [1788331540.558019275, 289.616000000]: RL policy input vx=2.233 vy=-0.275 wz=-0.135 action_rms=0.351 ready=1 userCmd=0 kbd=0 raw=2.233,-0.275,-0.135 grav=-0.04,-0.10,-0.97
[INFO] [1788331543.765229581, 291.632000000]: RL policy input vx=2.250 vy=-0.004 wz=-0.002 action_rms=0.368 ready=1 userCmd=0 kbd=0 raw=2.250,-0.004,-0.002 grav=0.01,0.01,-0.98
[INFO] [1788331546.885679863, 293.638000000]: RL policy input vx=2.244 vy=0.163 wz=0.080 action_rms=0.409 ready=1 userCmd=0 kbd=0 raw=2.244,0.163,0.080 grav=-0.02,-0.06,-0.98
[INFO] [1788331550.051636586, 295.650000000]: RL policy input vx=0.499 vy=0.396 wz=0.738 action_rms=0.139 ready=1 userCmd=0 kbd=0 raw=0.499,0.396,0.738 grav=0.03,-0.01,-0.98
[INFO] [1788331553.294558121, 297.657000000]: RL policy input vx=0.000 vy=0.000 wz=0.217 action_rms=0.157 ready=1 userCmd=0 kbd=0 raw=0.000,0.000,0.217 grav=0.02,-0.01,-0.98
[INFO] [1788331556.672998694, 299.668000000]: RL policy input vx=0.450 vy=0.000 wz=0.025 action_rms=0.235 ready=1 userCmd=0 kbd=0 raw=0.450,0.000,0.025 grav=0.01,-0.02,-0.98
[INFO] [1788331560.030819711, 301.687000000]: RL policy input vx=0.317 vy=0.000 wz=-0.040 action_rms=0.148 ready=1 userCmd=0 kbd=0 raw=0.317,0.000,-0.040 grav=0.01,-0.03,-0.98
[INFO] [1788331563.587531873, 303.700000000]: RL policy input vx=1.360 vy=0.142 wz=0.115 action_rms=0.268 ready=1 userCmd=0 kbd=0 raw=1.360,0.142,0.115 grav=0.04,-0.05,-0.98
[INFO] [1788331567.066202102, 305.710000000]: RL policy input vx=0.000 vy=0.000 wz=-1.106 action_rms=0.156 ready=1 userCmd=0 kbd=0 raw=0.000,0.000,-1.106 grav=0.03,-0.00,-0.98
[INFO] [1788331570.495215775, 307.726000000]: RL policy input vx=0.000 vy=0.000 wz=-1.315 action_rms=0.220 ready=1 userCmd=0 kbd=0 raw=0.000,0.000,-1.315 grav=0.00,0.01,-0.98
[INFO] [1788331573.806769372, 309.743000000]: RL policy input vx=0.952 vy=0.750 wz=0.734 action_rms=0.257 ready=1 userCmd=0 kbd=0 raw=0.952,0.750,0.734 grav=-0.02,-0.04,-0.98
[INFO] [1788331576.997579302, 311.747000000]: RL policy input vx=0.326 vy=0.043 wz=0.145 action_rms=0.219 ready=1 userCmd=0 kbd=0 raw=0.326,0.043,0.145 grav=0.02,-0.00,-0.[FSM]: state: INIT
wait for goal.
Warning: TF_REPEATED_DATA ignoring data with redundant timestamp for frame sliding_map (parent world) at time 312.203000 according to authority /scan_planner_node
         at line 277 in /tmp/binarydeb/ros-noetic-tf2-0.7.10/src/buffer_core.cpp
Warning: TF_REPEATED_DATA ignoring data with redundant timestamp for frame sliding_map (parent world) at time 312.406000 according to authority /scan_planner_node
         at line 277 in /tmp/binarydeb/ros-noetic-tf2-0.7.10/src/buffer_core.cpp
Warning: TF_REPEATED_DATA ignoring data with redundant timestamp for frame sliding_map (parent world) at time 312.799000 according to authority /scan_planner_node
         at line 277 in /tmp/binarydeb/ros-noetic-tf2-0.7.10/src/buffer_core.cpp
[FSM]: state: INIT
wait for goal.
Warning: TF_REPEATED_DATA ignoring data with redundant timestamp for frame sliding_map (parent world) at time 313.209000 according to authority /scan_planner_node
         at line 277 in /tmp/binarydeb/ros-noetic-tf2-0.7.10/src/buffer_core.cpp
Warning: TF_REPEATED_DATA ignoring data with redundant timestamp for frame sliding_map (parent world) at time 313.405000 according to authority /scan_planner_node
         at line 277 in /tmp/binarydeb/ros-noetic-tf2-0.7.10/src/buffer_core.cpp
Warning: TF_REPEATED_DATA ignoring data with redundant timestamp for frame sliding_map (parent world) at time 313.607000 according to authority /scan_planner_node
         at line 277 in /tmp/binarydeb/ros-noetic-tf2-0.7.10/src/buffer_core.cpp
[FSM]: state: INIT
wait for goal.
Warning: TF_REPEATED_DATA ignoring data with redundant timestamp for frame sliding_map (parent world) at time 314.303000 according to authority /scan_planner_node
         at line 277 in /tmp/binarydeb/ros-noetic-tf2-0.7.10/src/buffer_core.cpp
Warning: TF_REPEATED_DATA ignoring data with redundant timestamp for frame sliding_map (parent world) at time 314.404000 according to authority /scan_planner_node
         at line 277 in /tmp/binarydeb/ros-noetic-tf2-0.7.10/src/buffer_core.cpp
Warning: TF_REPEATED_DATA ignoring data with redundant timestamp for frame sliding_map (parent world) at time 314.605000 according to authority /scan_planner_node
         at line 277 in /tmp/binarydeb/ros-noetic-tf2-0.7.10/src/buffer_core.cpp
Warning: TF_REPEATED_DATA ignoring data with redundant timestamp for frame sliding_map (parent world) at time 314.806000 according to authority /scan_planner_node
         at line 277 in /tmp/binarydeb/ros-noetic-tf2-0.7.10/src/buffer_core.cpp
[FSM]: state: INIT
wait for goal.
Warning: TF_REPEATED_DATA ignoring data with redundant timestamp for frame sliding_map (parent world) at time 315.600000 according to authority /scan_planner_node
         at line 277 in /tmp/binarydeb/ros-noetic-tf2-0.7.10/src/buffer_core.cpp
Warning: TF_REPEATED_DATA ignoring data with redundant timestamp for frame sliding_map (parent world) at time 315.999000 according to authority /scan_planner_node
         at line 277 in /tmp/binarydeb/ros-noetic-tf2-0.7.10/src/buffer_core.cpp
[FSM]: state: INIT
wait for goal.
[FSM]: state: INIT
wait for goal.
Warning: TF_REPEATED_DATA ignoring data with redundant timestamp for frame sliding_map (parent world) at time 318.602000 according to authority /scan_planner_node
         at line 277 in /tmp/binarydeb/ros-noetic-tf2-0.7.10/src/buffer_core.cpp
[FSM]: state: INIT
wait for goal.
[FSM]: state: INIT
wait for goal.
[FSM]: state: INIT
wait for goal.
[FSM]: state: INIT
wait for goal.
[FSM]: state: INIT
wait for goal.
Warning: TF_REPEATED_DATA ignoring data with redundant timestamp for frame sliding_map (parent world) at time 324.099000 according to authority /scan_planner_node
         at line 277 in /tmp/binarydeb/ros-noetic-tf2-0.7.10/src/buffer_core.cpp
[FSM]: state: INIT
wait for goal.
Warning: TF_REPEATED_DATA ignoring data with redundant timestamp for frame sliding_map (parent world) at time 324.911000 according to authority /scan_planner_node
         at line 277 in /tmp/binarydeb/ros-noetic-tf2-0.7.10/src/buffer_core.cpp
Warning: TF_REPEATED_DATA ignoring data with redundant timestamp for frame sliding_map (parent world) at time 325.300000 according to authority /scan_planner_node
         at line 277 in /tmp/binarydeb/ros-noetic-tf2-0.7.10/src/buffer_core.cpp
Warning: TF_REPEATED_DATA ignoring data with redundant timestamp for frame sliding_map (parent world) at time 325.503000 according to authority /scan_planner_node
         at line 277 in /tmp/binarydeb/ros-noetic-tf2-0.7.10/src/buffer_core.cpp
[FSM]: state: INIT
wait for goal.
[FSM]: state: INIT
wait for goal.
[FSM]: state: INIT
wait for goal.
[FSM]: state: INIT
wait for goal.
Warning: TF_REPEATED_DATA ignoring data with redundant timestamp for frame sliding_map (parent world) at time 329.912000 according to authority /scan_planner_node
         at line 277 in /tmp/binarydeb/ros-noetic-tf2-0.7.10/src/buffer_core.cpp
[FSM]: state: INIT
wait for goal.
Warning: TF_REPEATED_DATA ignoring data with redundant timestamp for frame sliding_map (parent world) at time 330.901000 according to authority /scan_planner_node
         at line 277 in /tmp/binarydeb/ros-noetic-tf2-0.7.10/src/buffer_core.cpp
Warning: TF_REPEATED_DATA ignoring data with redundant timestamp for frame sliding_map (parent world) at time 331.099000 according to authority /scan_planner_node
         at line 277 in /tmp/binarydeb/ros-noetic-tf2-0.7.10/src/buffer_core.cpp
Warning: TF_REPEATED_DATA ignoring data with redundant timestamp for frame sliding_map (parent world) at time 331.499000 according to authority /scan_planner_node
         at line 277 in /tmp/binarydeb/ros-noetic-tf2-0.7.10/src/buffer_core.cpp
Warning: TF_REPEATED_DATA ignoring data with redundant timestamp for frame sliding_map (parent world) at time 331.700000 according to authority /scan_planner_node
         at line 277 in /tmp/binarydeb/ros-noetic-tf2-0.7.10/src/buffer_core.cpp
Warning: TF_REPEATED_DATA ignoring data with redundant timestamp for frame sliding_map (parent world) at time 331.900000 according to authority /scan_planner_node
         at line 277 in /tmp/binarydeb/ros-noetic-tf2-0.7.10/src/buffer_core.cpp
Warning: TF_REPEATED_DATA ignoring data with redundant timestamp for frame sliding_map (parent world) at time 332.103000 according to authority /scan_planner_node
         at line 277 in /tmp/binarydeb/ros-noetic-tf2-0.7.10/src/buffer_core.cpp
[FSM]: state: INIT
wait for goal.
Warning: TF_REPEATED_DATA ignoring data with redundant timestamp for frame sliding_map (parent world) at time 332.315000 according to authority /scan_planner_node
         at line 277 in /tmp/binarydeb/ros-noetic-tf2-0.7.10/src/buffer_core.cpp
Warning: TF_REPEATED_DATA ignoring data with redundant timestamp for frame sliding_map (parent world) at time 332.506000 according to authority /scan_planner_node
         at line 277 in /tmp/binarydeb/ros-noetic-tf2-0.7.10/src/buffer_core.cpp
Warning: TF_REPEATED_DATA ignoring data with redundant timestamp for frame sliding_map (parent world) at time 332.903000 according to authority /scan_planner_node
         at line 277 in /tmp/binarydeb/ros-noetic-tf2-0.7.10/src/buffer_core.cpp
Warning: TF_REPEATED_DATA ignoring data with redundant timestamp for frame sliding_map (parent world) at time 333.100000 according to authority /scan_planner_node
         at line 277 in /tmp/binarydeb/ros-noetic-tf2-0.7.10/src/buffer_core.cpp
Warning: TF_REPEATED_DATA ignoring data with redundant timestamp for frame sliding_map (parent world) at time 333.300000 according to authority /scan_planner_node
         at line 277 in /tmp/binarydeb/ros-noetic-tf2-0.7.10/src/buffer_core.cpp
[FSM]: state: INIT
wait for goal.
Warning: TF_REPEATED_DATA ignoring data with redundant timestamp for frame sliding_map (parent world) at time 333.899000 according to authority /scan_planner_node
         at line 277 in /tmp/binarydeb/ros-noetic-tf2-0.7.10/src/buffer_core.cpp
Warning: TF_REPEATED_DATA ignoring data with redundant timestamp for frame sliding_map (parent world) at time 334.300000 according to authority /scan_planner_node
         at line 277 in /tmp/binarydeb/ros-noetic-tf2-0.7.10/src/buffer_core.cpp
Warning: TF_REPEATED_DATA ignoring data with redundant timestamp for frame sliding_map (parent world) at time 334.504000 according to authority /scan_planner_node
         at line 277 in /tmp/binarydeb/ros-noetic-tf2-0.7.10/src/buffer_core.cpp
[FSM]: state: INIT
wait for goal.
Warning: TF_REPEATED_DATA ignoring data with redundant timestamp for frame sliding_map (parent world) at time 334.704000 according to authority /scan_planner_node
         at line 277 in /tmp/binarydeb/ros-noetic-tf2-0.7.10/src/buffer_core.cpp
Warning: TF_REPEATED_DATA ignoring data with redundant timestamp for frame sliding_map (parent world) at time 334.915000 according to authority /scan_planner_node
         at line 277 in /tmp/binarydeb/ros-noetic-tf2-0.7.10/src/buffer_core.cpp
Warning: TF_REPEATED_DATA ignoring data with redundant timestamp for frame sliding_map (parent world) at time 335.302000 according to authority /scan_planner_node
         at line 277 in /tmp/binarydeb/ros-noetic-tf2-0.7.10/src/buffer_core.cpp
[FSM]: state: INIT
wait for goal.
Warning: TF_REPEATED_DATA ignoring data with redundant timestamp for frame sliding_map (parent world) at time 335.899000 according to authority /scan_planner_node
         at line 277 in /tmp/binarydeb/ros-noetic-tf2-0.7.10/src/buffer_core.cpp
Warning: TF_REPEATED_DATA ignoring data with redundant timestamp for frame sliding_map (parent world) at time 336.500000 according to authority /scan_planner_node
         at line 277 in /tmp/binarydeb/ros-noetic-tf2-0.7.10/src/buffer_core.cpp
Warning: TF_REPEATED_DATA ignoring data with redundant timestamp for frame sliding_map (parent world) at time 336.714000 according to authority /scan_planner_node
         at line 277 in /tmp/binarydeb/ros-noetic-tf2-0.7.10/src/buffer_core.cpp
Warning: TF_REPEATED_DATA ignoring data with redundant timestamp for frame sliding_map (parent world) at time 336.901000 according to authority /scan_planner_node
         at line 277 in /tmp/binarydeb/ros-noetic-tf2-0.7.10/src/buffer_core.cpp
[FSM]: state: INIT
wait for goal.
Warning: TF_REPEATED_DATA ignoring data with redundant timestamp for frame sliding_map (parent world) at time 337.503000 according to authority /scan_planner_node
         at line 277 in /tmp/binarydeb/ros-noetic-tf2-0.7.10/src/buffer_core.cpp
Warning: TF_REPEATED_DATA ignoring data with redundant timestamp for frame sliding_map (parent world) at time 337.702000 according to authority /scan_planner_node
         at line 277 in /tmp/binarydeb/ros-noetic-tf2-0.7.10/src/buffer_core.cpp
[FSM]: state: INIT
wait for goal.
Warning: TF_REPEATED_DATA ignoring data with redundant timestamp for frame sliding_map (parent world) at time 338.302000 according to authority /scan_planner_node
         at line 277 in /tmp/binarydeb/ros-noetic-tf2-0.7.10/src/buffer_core.cpp
Warning: TF_REPEATED_DATA ignoring data with redundant timestamp for frame sliding_map (parent world) at time 338.701000 according to authority /scan_planner_node
         at line 277 in /tmp/binarydeb/ros-noetic-tf2-0.7.10/src/buffer_core.cpp
Warning: TF_REPEATED_DATA ignoring data with redundant timestamp for frame sliding_map (parent world) at time 339.106000 according to authority /scan_planner_node
         at line 277 in /tmp/binarydeb/ros-noetic-tf2-0.7.10/src/buffer_core.cpp
Warning: TF_REPEATED_DATA ignoring data with redundant timestamp for frame sliding_map (parent world) at time 339.312000 according to authority /scan_planner_node
         at line 277 in /tmp/binarydeb/ros-noetic-tf2-0.7.10/src/buffer_core.cpp
[FSM]: state: INIT
wait for goal.
Warning: TF_REPEATED_DATA ignoring data with redundant timestamp for frame sliding_map (parent world) at time 339.602000 according to authority /scan_planner_node
         at line 277 in /tmp/binarydeb/ros-noetic-tf2-0.7.10/src/buffer_core.cpp
Warning: TF_REPEATED_DATA ignoring data with redundant timestamp for frame sliding_map (parent world) at time 339.807000 according to authority /scan_planner_node
         at line 277 in /tmp/binarydeb/ros-noetic-tf2-0.7.10/src/buffer_core.cpp
Warning: TF_REPEATED_DATA ignoring data with redundant timestamp for frame sliding_map (parent world) at time 340.201000 according to authority /scan_planner_node
         at line 277 in /tmp/binarydeb/ros-noetic-tf2-0.7.10/src/buffer_core.cpp
[FSM]: state: INIT
wait for goal.
[FSM]: state: INIT
wait for goal.
Warning: TF_REPEATED_DATA ignoring data with redundant timestamp for frame sliding_map (parent world) at time 342.209000 according to authority /scan_planner_node
         at line 277 in /tmp/binarydeb/ros-noetic-tf2-0.7.10/src/buffer_core.cpp
Warning: TF_REPEATED_DATA ignoring data with redundant timestamp for frame sliding_map (parent world) at time 342.599000 according to authority /scan_planner_node
         at line 277 in /tmp/binarydeb/ros-noetic-tf2-0.7.10/src/buffer_core.cpp
[FSM]: state: INIT
wait for goal.
[FSM]: state: INIT
wait for goal.
[FSM]: state: INIT
wait for goal.
[FSM]: state: INIT
wait for goal.
[FSM]: state: INIT
wait for goal.
[FSM]: state: INIT
wait for goal.
[FSM]: state: INIT
wait for goal.
[FSM]: state: INIT
wait for goal.
[FSM]: state: INIT
wait for goal.
[FSM]: state: INIT
wait for goal.
[FSM]: state: INIT
wait for goal.
[FSM]: state: INIT
wait for goal.
Warning: TF_REPEATED_DATA ignoring data with redundant timestamp for frame sliding_map (parent world) at time 356.004000 according to authority /scan_planner_node
         at line 277 in /tmp/binarydeb/ros-noetic-tf2-0.7.10/src/buffer_core.cpp
[FSM]: state: INIT
wait for goal.
[FSM]: state: INIT
wait for goal.
[FSM]: state: INIT
wait for goal.
[FSM]: state: INIT
wait for goal.
98
[INFO] [1788331580.199037733, 313.766000000]: RL policy input vx=0.000 vy=0.000 wz=2.550 action_rms=0.383 ready=1 userCmd=0 kbd=0 raw=0.000,0.000,2.550 grav=-0.01,0.01,-0.98
[INFO] [1788331583.602321619, 315.768000000]: RL policy input vx=1.140 vy=0.163 wz=0.156 action_rms=0.219 ready=1 userCmd=0 kbd=0 raw=1.140,0.163,0.156 grav=0.02,0.01,-0.98
[INFO] [1788331587.074565988, 317.781000000]: RL policy input vx=0.000 vy=0.000 wz=0.213 action_rms=0.171 ready=1 userCmd=0 kbd=0 raw=0.000,0.000,0.213 grav=0.02,-0.02,-0.98
[INFO] [1788331590.391621107, 319.786000000]: RL policy input vx=0.450 vy=0.000 wz=0.028 action_rms=0.158 ready=1 userCmd=0 kbd=0 raw=0.450,0.000,0.028 grav=0.01,-0.01,-0.98
[INFO] [1788331593.553715262, 321.805000000]: RL policy input vx=0.470 vy=0.001 wz=0.001 action_rms=0.263 ready=1 userCmd=0 kbd=0 raw=0.470,0.001,0.001 grav=0.01,-0.01,-0.98
[INFO] [1788331596.599736362, 323.824000000]: RL policy input vx=0.450 vy=0.000 wz=0.006 action_rms=0.212 ready=1 userCmd=0 kbd=0 raw=0.450,0.000,0.006 grav=0.01,-0.02,-0.98
[INFO] [1788331599.673190433, 325.838000000]: RL policy input vx=0.450 vy=0.000 wz=-0.010 action_rms=0.159 ready=1 userCmd=0 kbd=0 raw=0.450,0.000,-0.010 grav=0.01,-0.01,-0.98
[INFO] [1788331602.868999137, 327.856000000]: RL policy input vx=2.111 vy=-0.379 wz=-0.195 action_rms=0.232 ready=1 userCmd=0 kbd=0 raw=2.111,-0.379,-0.195 grav=-0.02,-0.04,-0.98
[INFO] [1788331605.928424836, 329.872000000]: RL policy input vx=0.590 vy=0.019 wz=0.036 action_rms=0.181 ready=1 userCmd=0 kbd=0 raw=0.590,0.019,0.036 grav=0.05,-0.05,-0.98
[INFO] [1788331609.101529122, 331.889000000]: RL policy input vx=0.000 vy=0.000 wz=2.550 action_rms=0.190 ready=1 userCmd=0 kbd=0 raw=0.000,0.000,2.550 grav=0.02,0.01,-0.98
[INFO] [1788331612.371920516, 333.895000000]: RL policy input vx=0.000 vy=0.000 wz=-1.150 action_rms=0.150 ready=1 userCmd=0 kbd=0 raw=0.000,0.000,-1.150 grav=0.01,-0.01,-0.98
[INFO] [1788331615.718780707, 335.899000000]: RL policy input vx=1.104 vy=-0.348 wz=-0.336 action_rms=0.222 ready=1 userCmd=0 kbd=0 raw=1.104,-0.348,-0.336 grav=0.01,-0.11,-0.97
[INFO] [1788331618.950169714, 337.917000000]: RL policy input vx=0.000 vy=0.000 wz=-1.764 action_rms=0.171 ready=1 userCmd=0 kbd=0 raw=0.000,0.000,-1.764 grav=0.02,0.02,-0.98
[INFO] [1788331622.198510018, 339.921000000]: RL policy input vx=0.353 vy=-0.563 wz=-1.112 action_rms=0.342 ready=1 userCmd=0 kbd=0 raw=0.353,-0.563,-1.112 grav=0.01,0.02,-0.98
[INFO] [1788331625.777178296, 341.922000000]: RL policy input vx=0.478 vy=-0.092 wz=-0.210 action_rms=0.146 ready=1 userCmd=0 kbd=0 raw=0.478,-0.092,-0.210 grav=0.04,-0.04,-0.98
[INFO] [1788331629.262558316, 343.938000000]: RL policy input vx=0.450 vy=0.000 wz=0.033 action_rms=0.295 ready=1 userCmd=0 kbd=0 raw=0.450,0.000,0.033 grav=0.00,-0.02,-0.98
[INFO] [1788331632.877003033, 345.957000000]: RL policy input vx=0.450 vy=0.000 wz=-0.015 action_rms=0.171 ready=1 userCmd=0 kbd=0 raw=0.450,0.000,-0.015 grav=0.01,-0.02,-0.98
[INFO] [1788331636.335374689, 347.966000000]: RL policy input vx=0.595 vy=0.750 wz=0.990 action_rms=0.269 ready=1 userCmd=0 kbd=0 raw=0.595,0.750,0.990 grav=0.01,-0.00,-0.98
[INFO] [1788331639.743397396, 349.974000000]: RL policy input vx=2.243 vy=0.176 wz=0.086 action_rms=0.398 ready=1 userCmd=0 kbd=0 raw=2.243,0.176,0.086 grav=-0.01,-0.00,-0.98
[INFO] [1788331643.467945121, 351.987000000]: RL policy input vx=2.250 vy=0.011 wz=0.005 action_rms=0.411 ready=1 userCmd=0 kbd=0 raw=2.250,0.011,0.005 grav=0.03,0.03,-0.98
[INFO] [1788331647.095548426, 353.998000000]: RL policy input vx=2.250 vy=-0.001 wz=-0.000 action_rms=0.319 ready=1 userCmd=0 kbd=0 raw=2.250,-0.001,-0.000 grav=0.02,0.01,-0.98
[INFO] [1788331650.437861178, 356.012000000]: RL policy input vx=2.243 vy=0.174 wz=0.085 action_rms=0.308 ready=1 userCmd=0 kbd=0 raw=2.243,0.174,0.085 grav=0.03,-0.01,-0.98
[INFO] [1788331653.686411143, 358.014000000]: RL policy input vx=2.250 vy=0.034 wz=0.017 action_rms=0.429 ready=1 userCmd=0 kbd=0 raw=2.250,0.034,0.017 grav=0.02,0.06,-0.98
[INFO] [1788331656.862484095, 360.014000000]: RL policy input vx=0.5[FSM]: state: INIT
wait for goal.
[FSM]: state: INIT
wait for goal.
[FSM]: state: INIT
wait for goal.
[FSM]: state: INIT
wait for goal.
[FSM]: state: INIT
wait for goal.
[FSM]: state: INIT
wait for goal.
Warning: TF_REPEATED_DATA ignoring data with redundant timestamp for frame sliding_map (parent world) at time 366.601000 according to authority /scan_planner_node
         at line 277 in /tmp/binarydeb/ros-noetic-tf2-0.7.10/src/buffer_core.cpp
[FSM]: state: INIT
wait for goal.
[FSM]: state: INIT
wait for goal.
[FSM]: state: INIT
wait for goal.
[FSM]: state: INIT
wait for goal.
[FSM]: state: INIT
wait for goal.
[FSM]: state: INIT
wait for goal.
51 vy=0.046 wz=0.092 action_rms=0.276 ready=1 userCmd=0 kbd=0 raw=0.551,0.046,0.092 grav=0.06,-0.03,-0.98
[INFO] [1788331660.134212857, 362.031000000]: RL policy input vx=2.246 vy=-0.142 wz=-0.069 action_rms=0.320 ready=1 userCmd=0 kbd=0 raw=2.246,-0.142,-0.069 grav=-0.00,-0.01,-0.98
[INFO] [1788331663.453288255, 364.039000000]: RL policy input vx=1.019 vy=0.216 wz=0.229 action_rms=0.213 ready=1 userCmd=0 kbd=0 raw=1.019,0.216,0.229 grav=0.10,-0.05,-0.97
[INFO] [1788331666.706755791, 366.052000000]: RL policy input vx=1.094 vy=-0.750 wz=-0.661 action_rms=0.230 ready=1 userCmd=0 kbd=0 raw=1.094,-0.750,-0.661 grav=-0.03,-0.06,-0.98
[INFO] [1788331669.817439534, 368.059000000]: RL policy input vx=0.504 vy=-0.046 wz=-0.101 action_rms=0.163 ready=1 userCmd=0 kbd=0 raw=0.504,-0.046,-0.101 grav=0.04,-0.04,-0.98
[INFO] [1788331673.106967766, 370.064000000]: RL policy input vx=0.000 vy=0.000 wz=-0.793 action_rms=0.176 ready=1 userCmd=0 kbd=0 raw=0.000,0.000,-0.793 grav=0.01,0.01,-0.98
[INFO] [1788331676.572863571, 372.081000000]: RL policy input vx=0.000 vy=0.000 wz=-0.220 action_rms=0.190 ready=1 userCmd=0 kbd=0 raw=0.000,0.000,-0.220 grav=-0.00,-0.00,-0.98
Switched from RL to fixed stand
infer_thread退出!
[WARN] [1788331678.267704462, 372.921000000]: Using one-shot captured-pose FixedStand profile: ramp 0.50 s, settle 0.00 s, ready after 0.50 s + 0.50 s stable, minimum gain 0.75
[INFO] Using /stand_target_joints param stance.
[FSM]: state: INIT
wait for goal.
Switched from fixed stand to RL
[INFO] Entered RL /cmd_vel mode.
[WARN] [1788331679.672531684, 373.618000000]: Using one-shot stair RL takeover profile: blend 0.50 s, zero hold 0.15 s
cuda::is_available():1
RL inference device: cuda (requested=hybrid, policy=stair)
[INFO] RL policy activated from preload cache at FixedStand entry boundary: /root/autodl-tmp/code/restore/0803b/0902overall/runtime_assets/SimEnv/src/unitree_guide/logs/policy_act_inference_stair.pt
[FSM]: state: INIT
wait for goal.
[FSM]: state: INIT
wait for goal.
[FSM]: state: INIT
wait for goal.
[FSM]: state: INIT
wait for goal.
[FSM]: state: INIT
wait for goal.
[FSM]: state: INIT
wait for goal.
[FSM]: state: INIT
wait for goal.
[FSM]: state: INIT
wait for goal.
[FSM]: state: INIT
wait for goal.
[FSM]: state: INIT
wait for goal.
[FSM]: state: INIT
wait for goal.
[FSM]: state: INIT
wait for goal.
[FSM]: state: INIT
wait for goal.
[FSM]: state: INIT
wait for goal.
[FSM]: state: INIT
wait for goal.
[FSM]: state: INIT
wait for goal.
[FSM]: state: INIT
wait for goal.
Warning: TF_REPEATED_DATA ignoring data with redundant timestamp for frame sliding_map (parent world) at time 391.801000 according to authority /scan_planner_node
         at line 277 in /tmp/binarydeb/ros-noetic-tf2-0.7.10/src/buffer_core.cpp
[FSM]: state: INIT
wait for goal.
[FSM]: state: INIT
wait for goal.
[FSM]: state: INIT
wait for goal.
[FSM]: state: INIT
wait for goal.
[WARN] [1788331722.241738546, 395.911000000]: Using one-shot plane RL takeover profile: blend 0.50 s, zero hold 0.15 s
[INFO] [1788331680.790979015, 374.099000000]: RL policy input vx=0.000 vy=0.000 wz=0.000 action_rms=0.150 ready=0 userCmd=0 kbd=0 raw=0.000,0.000,0.000 grav=-0.01,0.02,-0.98
[INFO] [1788331681.195471586, 374.286000000]: RL locomotion_ready latched after 0.67 s takeover and 0.67 s stable hold
[INFO] [1788331685.264625444, 376.107000000]: RL policy input vx=0.607 vy=-0.198 wz=0.012 action_rms=0.526 ready=1 userCmd=0 kbd=0 raw=0.607,-0.198,0.012 grav=-0.39,0.06,-0.90
[INFO] [1788331689.767207772, 378.116000000]: RL policy input vx=0.599 vy=0.033 wz=0.019 action_rms=0.484 ready=1 userCmd=0 kbd=0 raw=0.599,0.033,0.019 grav=-0.39,-0.00,-0.90
[INFO] [1788331694.103654056, 380.129000000]: RL policy input vx=0.794 vy=0.100 wz=0.044 action_rms=0.412 ready=1 userCmd=0 kbd=0 raw=0.794,0.100,0.044 grav=-0.34,-0.08,-0.92
[INFO] [1788331698.360420146, 382.133000000]: RL policy input vx=0.541 vy=-0.519 wz=-0.842 action_rms=0.213 ready=1 userCmd=0 kbd=0 raw=0.541,-0.519,-0.842 grav=-0.05,-0.03,-0.98
[INFO] [1788331702.255031148, 384.134000000]: RL policy input vx=0.298 vy=-0.030 wz=-0.111 action_rms=0.179 ready=1 userCmd=0 kbd=0 raw=0.298,-0.030,-0.111 grav=-0.01,0.02,-0.98
[INFO] [1788331706.297721800, 386.152000000]: RL policy input vx=0.000 vy=0.000 wz=-0.445 action_rms=0.169 ready=1 userCmd=0 kbd=0 raw=0.000,0.000,-0.445 grav=-0.03,0.03,-0.98
[INFO] [1788331709.980411713, 388.167000000]: RL policy input vx=0.000 vy=0.000 wz=-0.240 action_rms=0.158 ready=1 userCmd=0 kbd=0 raw=0.000,0.000,-0.240 grav=-0.03,0.03,-0.98
[INFO] [1788331713.285042423, 390.181000000]: RL policy input vx=0.569 vy=-0.277 wz=-0.046 action_rms=0.566 ready=1 userCmd=0 kbd=0 raw=0.569,-0.277,-0.046 grav=-0.38,0.09,-0.90
[INFO] [1788331716.448714351, 392.191000000]: RL policy input vx=0.552 vy=-0.308 wz=-0.066 action_rms=0.629 ready=1 userCmd=0 kbd=0 raw=0.552,-0.308,-0.066 grav=-0.45,-0.06,-0.87
[INFO] [1788331719.529082929, 394.208000000]: RL policy input vx=0.799 vy=-0.048 wz=-0.009 action_rms=0.505 ready=1 userCmd=0 kbd=0 raw=0.799,-0.048,-0.009 grav=-0.33,-0.09,-0.92
cuda::is_available():1
RL inference device: cpu (requested=hybrid, policy=plane)
[INFO] RL policy hot-switched from preload cache: /root/autodl-tmp/code/restore/0803b/0902overall/runtime_assets/SimEnv/src/unitree_guide/logs/policy_act_inference_plane.pt
[FSM]: state: INIT
wait for goal.
[FSM]: state: INIT
wait for goal.
[FSM]: state: INIT
wait for goal.
[FSM]: state: INIT
wait for goal.
[FSM]: state: INIT
wait for goal.
[INFO] [1788331676.453561, 372.017000]: Floor-2 stair controller armed by SECOND_FLOOR_EXPLORATION_COMPLETE.
[INFO] [1788331676.488918, 372.020000]: Robot is already 0.02 m from the pre-riser pose; skipping the corridor/side legs.
[INFO] [1788331676.493240, 372.022000]: Pre-ascent residual heading error -0.115 rad (visual_depth=False, bearing=none).
[INFO] [1788331677.536048, 372.580000]: Flight-A body settled for 0.40 s; waiting for joint RMS capture window <= 0.180 (current=1.095).
[INFO] [1788331677.777352, 372.703000]: Pre-ascent stand target set from flight-A pre-reload capture entry sample
[INFO] [1788331677.803836, 372.720000]: Flight-A plane gait settled at joint RMS 0.176; holding FixedStand for at least 0.1 s at snapshot pose before queued stair-policy entry.
[INFO] [1788331679.411940, 373.494000]: Flight-A FixedStand readiness gate complete; queued the stair policy for State_RL entry and retaining stand ownership for 0.25 s.
[INFO] [1788331679.659516, 373.610000]: Flight-A policy request has been queued under FixedStand; requesting RL so State_RL loads it before inference starts.
[INFO] [1788331681.234214, 374.310000]: Fresh RL readiness confirmed after the flight-A FixedStand boundary; starting the climb ramp.
[INFO] [1788331681.247141, 374.320000]: Flight-A fresh RL readiness observed; ascent clocks reset and 1.2 s climb ramp started.
[INFO] [1788331681.251513, 374.320000]: STPUB phase=STAIR_ASCENT world=(0.000,0.003,-0.031) body=(0.003,-0.000,-0.031) truth_z=2.912 pose=2.9122647661473673
[INFO] [1788331683.558572, 375.340000]: STPUB phase=STAIR_ASCENT world=(0.000,0.800,0.032) body=(0.797,0.073,0.032) truth_z=2.927 pose=2.9340900000226324
[INFO] [1788331685.811498, 376.341000]: STPUB phase=STAIR_ASCENT world=(-0.220,0.600,0.018) body=(0.588,0.250,0.018) truth_z=3.156 pose=3.1489148825040223
[INFO] [1788331688.185382, 377.361000]: STPUB phase=STAIR_ASCENT world=(0.000,0.800,0.017) body=(0.799,0.039,0.017) truth_z=3.398 pose=3.398939966461039
[INFO] [1788331690.370794, 378.380000]: STPUB phase=STAIR_ASCENT world=(0.031,0.800,0.020) body=(0.800,0.014,0.020) truth_z=3.592 pose=3.592652039370616
[INFO] [1788331692.549471, 379.400000]: STPUB phase=STAIR_ASCENT world=(0.000,0.800,0.017) body=(0.799,0.038,0.017) truth_z=3.820 pose=3.8155614134443248
[INFO] [1788331694.710927, 380.420000]: STPUB phase=STAIR_ASCENT world=(0.000,0.800,0.036) body=(0.796,0.081,0.036) truth_z=4.063 pose=4.062560482807814
[INFO] [1788331696.683534, 381.320000]: Intermediate landing entered at y=4.76 m; starting moving turn.
[INFO] [1788331696.942897, 381.440000]: STPUB phase=STAIR_LANDING_TURN world=(0.750,0.000,-1.200) body=(0.061,-0.748,-1.200) truth_z=4.190 pose=4.190661612794695
[INFO] [1788331698.982093, 382.460000]: STPUB phase=STAIR_LANDING_TURN world=(0.750,0.000,-0.591) body=(0.644,-0.384,-0.591) truth_z=4.207 pose=4.207947241143673
[INFO] [1788331700.915725, 383.461000]: STPUB phase=STAIR_LANDING_TURN world=(0.414,0.000,-0.240) body=(0.407,-0.076,-0.240) truth_z=4.215 pose=4.214555451829867
[INFO] [1788331702.954541, 384.480000]: STPUB phase=STAIR_LANDING_TURN world=(0.300,0.000,-1.200) body=(0.299,-0.023,-1.200) truth_z=4.214 pose=4.213550804692769
[INFO] [1788331704.955436, 385.481000]: STPUB phase=STAIR_LANDING_TURN world=(0.000,0.000,-0.755) body=(0.000,0.000,-0.755) truth_z=4.213 pose=4.21327567050483
[INFO] [1788331706.976418, 386.500000]: STPUB phase=STAIR_LANDING_TURN world=(0.000,0.000,-0.319) body=(0.000,0.000,-0.319) truth_z=4.221 pose=4.22084631386634
[INFO] [1788331708.879976, 387.504000]: STPUB phase=STAIR_LANDING_TURN world=(0.000,0.000,-0.240) body=(0.000,0.000,-0.240) truth_z=4.226 pose=4.225663701471948
[INFO] [1788331710.247642, 388.320000]: Flight-B entry aligned: x error=-0.013 m, heading error=-0.150 rad.
[INFO] [1788331710.252798, 388.324000]: Flight-B entry joints saved (12 dofs) -> /root/autodl-tmp/code/restore/0803b/0902overall/results/portable_accept_seed35/flight_b_entry_joints_1.json
[INFO] [1788331710.273468, 388.340000]: ASCENT_B gate: entry_guide=True truth_pose=True start_z=2.912 profile=True heading=-1.571 pose_z=4.231159946128102 truth_z=4.231135654492474
[INFO] [1788331710.276340, 388.342000]: Pre-ascent RL settle: holding zero command until motion is stable for 0.6 s before FixedStand.
[INFO] [1788331710.279489, 388.345000]: Pre-ascent RL settle active: stable 0.00/0.60 s.
[INFO] [1788331710.879874, 388.722000]: Pre-ascent RL motion settled for 0.60 s; settle-only gate complete (FixedStand disabled).
[INFO] [1788331710.907656, 388.744000]: STPUB phase=STAIR_ASCENT_B world=(0.000,-0.800,-0.071) body=(0.784,-0.162,-0.071) truth_z=4.229 pose=4.229100267214019
[INFO] [1788331711.928759, 389.360000]: ASCENT_B gate: entry_guide=True truth_pose=True start_z=2.912 profile=True heading=-1.571 pose_z=4.276049345586657 truth_z=4.275810779827333
[INFO] [1788331712.606130, 389.760000]: STPUB phase=STAIR_ASCENT_B world=(0.000,-0.600,-0.052) body=(0.594,-0.088,-0.052) truth_z=4.312 pose=4.31240977634432
[INFO] [1788331713.595016, 390.380000]: ASCENT_B gate: entry_guide=True truth_pose=True start_z=2.912 profile=True heading=-1.571 pose_z=4.476262148690732 truth_z=4.476002213636248
[INFO] [1788331714.235545, 390.780000]: STPUB phase=STAIR_ASCENT_B world=(-0.200,-0.600,-0.045) body=(0.570,-0.275,-0.045) truth_z=4.570 pose=4.571456574537097
[INFO] [1788331715.193026, 391.400000]: ASCENT_B gate: entry_guide=True truth_pose=True start_z=2.912 profile=True heading=-1.571 pose_z=4.665220618376986 truth_z=4.665546398999163
[INFO] [1788331715.798724, 391.781000]: STPUB phase=STAIR_ASCENT_B world=(0.000,-0.600,-0.009) body=(0.600,-0.015,-0.009) truth_z=4.755 pose=4.75733647270629
[INFO] [1788331716.831875, 392.421000]: ASCENT_B gate: entry_guide=True truth_pose=True start_z=2.912 profile=True heading=-1.571 pose_z=4.878271824055329 truth_z=4.879927954570832
[INFO] [1788331717.383213, 392.804000]: STPUB phase=STAIR_ASCENT_B world=(-0.050,-0.800,-0.047) body=(0.786,-0.157,-0.047) truth_z=4.982 pose=4.982050585414483
[INFO] [1788331718.376626, 393.440000]: ASCENT_B gate: entry_guide=True truth_pose=True start_z=2.912 profile=True heading=-1.571 pose_z=5.124843484625466 truth_z=5.126857778317452
[INFO] [1788331718.960126, 393.821000]: STPUB phase=STAIR_ASCENT_B world=(-0.041,-0.800,-0.016) body=(0.797,-0.077,-0.016) truth_z=5.217 pose=5.216991421527691
[INFO] [1788331719.903338, 394.441000]: ASCENT_B gate: entry_guide=True truth_pose=True start_z=2.912 profile=True heading=-1.571 pose_z=5.3491807662692885 truth_z=5.3491807662692885
[INFO] [1788331720.511382, 394.847000]: STPUB phase=STAIR_ASCENT_B world=(-0.024,-0.800,-0.007) body=(0.799,-0.039,-0.007) truth_z=5.426 pose=5.424432833494187
[INFO] [1788331721.485844, 395.460000]: ASCENT_B gate: entry_guide=True truth_pose=True start_z=2.912 profile=True heading=-1.571 pose_z=5.498383611108551 truth_z=5.499418804851199
[INFO] [1788331721.667965, 395.585000]: Upper landing entered: gain=2.59 m, clearance=0.00 m; stabilizing for 0.5 s.
[INFO] [1788331722.188036, 395.881000]: Floor-3 landing confirmed after two flights: gain=2.60 m clearance=0.12 m.
[INFO] [1788331723.337129, 396.572000]: Plane policy acknowledged on the upper landing; releasing stair controller ownership.
Warning: TF_REPEATED_DATA ignoring data with redundant timestamp for frame sliding_map (parent world) at time 402.208000 according to authority /scan_planner_node
         at line 277 in /tmp/binarydeb/ros-noetic-tf2-0.7.10/src/buffer_core.cpp
[FSM]: state: INIT
wait for goal.
[FSM]: state: INIT
wait for goal.
[FSM]: state: INIT
wait for goal.
[FSM]: state: INIT
wait for goal.
[FSM]: state: INIT
wait for goal.
[FSM]: state: INIT
wait for goal.
[FSM]: state: INIT
wait for goal.
[FSM]: state: INIT
wait for goal.
Warning: TF_REPEATED_DATA ignoring data with redundant timestamp for frame sliding_map (parent world) at time 411.003000 according to authority /scan_planner_node
         at line 277 in /tmp/binarydeb/ros-noetic-tf2-0.7.10/src/buffer_core.cpp
[FSM]: state: INIT
wait for goal.
[FSM]: state: INIT
wait for goal.
Warning: TF_REPEATED_DATA ignoring data with redundant timestamp for frame sliding_map (parent world) at time 413.906000 according to authority /scan_planner_node
         at line 277 in /tmp/binarydeb/ros-noetic-tf2-0.7.10/src/buffer_core.cpp
[FSM]: state: INIT
wait for goal.
[FSM]: state: INIT
wait for goal.
[FSM]: state: INIT
wait for goal.
Warning: TF_REPEATED_DATA ignoring data with redundant timestamp for frame sliding_map (parent world) at time 417.104000 according to authority /scan_planner_node
         at line 277 in /tmp/binarydeb/ros-noetic-tf2-0.7.10/src/buffer_core.cpp
[FSM]: state: INIT
wait for goal.
Warning: TF_REPEATED_DATA ignoring data with redundant timestamp for frame sliding_map (parent world) at time 417.906000 according to authority /scan_planner_node
         at line 277 in /tmp/binarydeb/ros-noetic-tf2-0.7.10/src/buffer_core.cpp
[FSM]: state: INIT
wait for goal.
Warning: TF_REPEATED_DATA ignoring data with redundant timestamp for frame sliding_map (parent world) at time 419.504000 according to authority /scan_planner_node
         at line 277 in /tmp/binarydeb/ros-noetic-tf2-0.7.10/src/buffer_core.cpp
Warning: TF_REPEATED_DATA ignoring data with redundant timestamp for frame sliding_map (parent world) at time 419.700000 according to authority /scan_planner_node
         at line 277 in /tmp/binarydeb/ros-noetic-tf2-0.7.10/src/buffer_core.cpp
Warning: TF_REPEATED_DATA ignoring data with redundant timestamp for frame sliding_map (parent world) at time 419.901000 according to authority /scan_planner_node
         at line 277 in /tmp/binarydeb/ros-noetic-tf2-0.7.10/src/buffer_core.cpp
[FSM]: state: INIT
wait for goal.
Warning: TF_REPEATED_DATA ignoring data with redundant timestamp for frame sliding_map (parent world) at time 420.310000 according to authority /scan_planner_node
         at line 277 in /tmp/binarydeb/ros-noetic-tf2-0.7.10/src/buffer_core.cpp
Warning: TF_REPEATED_DATA ignoring data with redundant timestamp for frame sliding_map (parent world) at time 420.702000 according to authority /scan_planner_node
         at line 277 in /tmp/binarydeb/ros-noetic-tf2-0.7.10/src/buffer_core.cpp
Warning: TF_REPEATED_DATA ignoring data with redundant timestamp for frame sliding_map (parent world) at time 420.901000 according to authority /scan_planner_node
         at line 277 in /tmp/binarydeb/ros-noetic-tf2-0.7.10/src/buffer_core.cpp
[FSM]: state: INIT
wait for goal.
Warning: TF_REPEATED_DATA ignoring data with redundant timestamp for frame sliding_map (parent world) at time 421.500000 according to authority /scan_planner_node
         at line 277 in /tmp/binarydeb/ros-noetic-tf2-0.7.10/src/buffer_core.cpp
[FSM]: state: INIT
wait for goal.
Warning: TF_REPEATED_DATA ignoring data with redundant timestamp for frame sliding_map (parent world) at time 422.701000 according to authority /scan_planner_node
         at line 277 in /tmp/binarydeb/ros-noetic-tf2-0.7.10/src/buffer_core.cpp
Warning: TF_REPEATED_DATA ignoring data with redundant timestamp for frame sliding_map (parent world) at time 423.499000 according to authority /scan_planner_node
         at line 277 in /tmp/binarydeb/ros-noetic-tf2-0.7.10/src/buffer_core.cpp
[FSM]: state: INIT
wait for goal.
Warning: TF_REPEATED_DATA ignoring data with redundant timestamp for frame sliding_map (parent world) at time 424.102000 according to authority /scan_planner_node
         at line 277 in /tmp/binarydeb/ros-noetic-tf2-0.7.10/src/buffer_core.cpp
[FSM]: state: INIT
wait for goal.
Warning: TF_REPEATED_DATA ignoring data with redundant timestamp for frame sliding_map (parent world) at time 425.900000 according to authority /scan_planner_node
         at line 277 in /tmp/binarydeb/ros-noetic-tf2-0.7.10/src/buffer_core.cpp
[FSM]: state: INIT
wait for goal.
Warning: TF_REPEATED_DATA ignoring data with redundant timestamp for frame sliding_map (parent world) at time 426.102000 according to authority /scan_planner_node
         at line 277 in /tmp/binarydeb/ros-noetic-tf2-0.7.10/src/buffer_core.cpp
Warning: TF_REPEATED_DATA ignoring data with redundant timestamp for frame sliding_map (parent world) at time 426.699000 according to authority /scan_planner_node
         at line 277 in /tmp/binarydeb/ros-noetic-tf2-0.7.10/src/buffer_core.cpp
[FSM]: state: INIT
wait for goal.
Warning: TF_REPEATED_DATA ignoring data with redundant timestamp for frame sliding_map (parent world) at time 428.099000 according to authority /scan_planner_node
         at line 277 in /tmp/binarydeb/ros-noetic-tf2-0.7.10/src/buffer_core.cpp
Warning: TF_REPEATED_DATA ignoring data with redundant timestamp for frame sliding_map (parent world) at time 428.303000 according to authority /scan_planner_node
         at line 277 in /tmp/binarydeb/ros-noetic-tf2-0.7.10/src/buffer_core.cpp
[FSM]: state: INIT
wait for goal.
Warning: TF_REPEATED_DATA ignoring data with redundant timestamp for frame sliding_map (parent world) at time 428.500000 according to authority /scan_planner_node
         at line 277 in /tmp/binarydeb/ros-noetic-tf2-0.7.10/src/buffer_core.cpp
[FSM]: state: INIT
wait for goal.
Warning: TF_REPEATED_DATA ignoring data with redundant timestamp for frame sliding_map (parent world) at time 429.713000 according to authority /scan_planner_node
         at line 277 in /tmp/binarydeb/ros-noetic-tf2-0.7.10/src/buffer_core.cpp
Warning: TF_REPEATED_DATA ignoring data with redundant timestamp for frame sliding_map (parent world) at time 430.499000 according to authority /scan_planner_node
         at line 277 in /tmp/binarydeb/ros-noetic-tf2-0.7.10/src/buffer_core.cpp
[FSM]: state: INIT
wait for goal.
[FSM]: state: INIT
wait for goal.
[FSM]: state: INIT
wait for goal.
Warning: TF_REPEATED_DATA ignoring data with redundant timestamp for frame sliding_map (parent world) at time 433.300000 according to authority /scan_planner_node
         at line 277 in /tmp/binarydeb/ros-noetic-tf2-0.7.10/src/buffer_core.cpp
[FSM]: state: INIT
wait for goal.
[FSM]: state: INIT
wait for goal.
Warning: TF_REPEATED_DATA ignoring data with redundant timestamp for frame sliding_map (parent world) at time 436.299000 according to authority /scan_planner_node
         at line 277 in /tmp/binarydeb/ros-noetic-tf2-0.7.10/src/buffer_core.cpp
[FSM]: state: INIT
wait for goal.
[FSM]: state: INIT
wait for goal.
[FSM]: state: INIT
wait for goal.
[FSM]: state: INIT
wait for goal.
[INFO] [1788331722.761915748, 396.218000000]: RL policy input vx=0.000 vy=0.000 wz=0.000 action_rms=0.145 ready=0 userCmd=0 kbd=0 raw=0.000,0.000,0.000 grav=0.01,-0.00,-0.98
[INFO] [1788331723.318622418, 396.558000000]: RL locomotion_ready latched after 0.65 s takeover and 0.38 s stable hold
[INFO] [1788331726.490719880, 398.232000000]: RL policy input vx=0.000 vy=0.000 wz=0.541 action_rms=0.175 ready=1 userCmd=0 kbd=0 raw=0.000,0.000,0.541 grav=0.01,-0.01,-0.98
[INFO] [1788331730.538244996, 400.234000000]: RL policy input vx=0.911 vy=0.000 wz=0.105 action_rms=0.226 ready=1 userCmd=0 kbd=0 raw=0.911,0.000,0.105 grav=0.00,-0.02,-0.98
[INFO] [1788331734.237881118, 402.234000000]: RL policy input vx=2.250 vy=0.202 wz=0.011 action_rms=0.301 ready=1 userCmd=0 kbd=0 raw=2.250,0.202,0.011 grav=-0.01,0.05,-0.98
[INFO] [1788331737.809651667, 404.247000000]: RL policy input vx=2.250 vy=0.035 wz=0.017 action_rms=0.334 ready=1 userCmd=0 kbd=0 raw=2.250,0.035,0.017 grav=0.04,0.01,-0.98
[INFO] [1788331741.274684835, 406.263000000]: RL policy input vx=2.246 vy=-0.135 wz=-0.066 action_rms=0.307 ready=1 userCmd=0 kbd=0 raw=2.246,-0.135,-0.066 grav=0.01,0.03,-0.98
[INFO] [1788331744.550750565, 408.286000000]: RL policy input vx=2.246 vy=0.131 wz=0.064 action_rms=0.387 ready=1 userCmd=0 kbd=0 raw=2.246,0.131,0.064 grav=-0.00,-0.09,-0.98
[INFO] [1788331748.038006534, 410.306000000]: RL policy input vx=0.411 vy=0.303 wz=0.699 action_rms=0.160 ready=1 userCmd=0 kbd=0 raw=0.411,0.303,0.699 grav=0.01,0.02,-0.98
[INFO] [1788331751.313366137, 412.316000000]: RL policy input vx=0.000 vy=0.000 wz=0.217 action_rms=0.157 ready=1 userCmd=0 kbd=0 raw=0.000,0.000,0.217 grav=0.01,-0.01,-0.98
[INFO] [1788331754.438089529, 414.319000000]: RL policy input vx=0.450 vy=0.000 wz=0.024 action_rms=0.286 ready=1 userCmd=0 kbd=0 raw=0.450,0.000,0.024 grav=0.00,-0.02,-0.98
[INFO] [1788331757.474626722, 416.324000000]: RL policy input vx=0.667 vy=-0.333 wz=-0.172 action_rms=0.178 ready=1 userCmd=0 kbd=0 raw=0.667,-0.333,-0.172 grav=0.01,-0.01,-0.98
[INFO] [1788331760.528727669, 418.324000000]: RL policy input vx=1.228 vy=-0.005 wz=-0.004 action_rms=0.195 ready=1 userCmd=0 kbd=0 raw=1.228,-0.005,-0.004 grav=0.03,-0.07,-0.98
[INFO] [1788331763.520329771, 420.329000000]: RL policy input vx=0.000 vy=0.000 wz=1.470 action_rms=0.304 ready=1 userCmd=0 kbd=0 raw=0.000,0.000,1.470 grav=0.02,-0.01,-0.98
[INFO] [1788331766.503239424, 422.346000000]: RL policy input vx=0.000 vy=0.000 wz=0.831 action_rms=0.309 ready=1 userCmd=0 kbd=0 raw=0.000,0.000,0.831 grav=0.01,0.01,-0.98
[INFO] [1788331769.780874473, 424.346000000]: RL policy input vx=1.008 vy=-0.750 wz=-0.704 action_rms=0.261 ready=1 userCmd=0 kbd=0 raw=1.008,-0.750,-0.704 grav=-0.06,-0.02,-0.98
[INFO] [1788331772.930943470, 426.354000000]: RL policy input vx=0.294 vy=-0.057 wz=-0.212 action_rms=0.227 ready=1 userCmd=0 kbd=0 raw=0.294,-0.057,-0.212 grav=0.02,-0.02,-0.98
[INFO] [1788331776.190875770, 428.372000000]: RL policy input vx=0.000 vy=0.000 wz=-2.550 action_rms=0.192 ready=1 userCmd=0 kbd=0 raw=0.000,0.000,-2.550 grav=0.01,0.01,-0.98
[INFO] [1788331779.397709832, 430.385000000]: RL policy input vx=0.661 vy=-0.161 wz=-0.263 action_rms=0.127 ready=1 userCmd=0 kbd=0 raw=0.661,-0.161,-0.263 grav=0.04,-0.07,-0.98
[INFO] [1788331782.584590849, 432.397000000]: RL policy input vx=0.446 vy=0.000 wz=-0.139 action_rms=0.211 ready=1 userCmd=0 kbd=0 raw=0.446,0.000,-0.139 grav=-0.00,0.00,-0.98
[INFO] [1788331785.657943168, 434.411000000]: RL policy input vx=0.449 vy=0.000 wz=-0.055 action_rms=0.157 ready=1 userCmd=0 kbd=0 raw=0.449,0.000,-0.055 grav=0.01,-0.02,-0.98
[INFO] [1788331788.887223106, 436.413000000]: RL policy input vx=0.996 vy=0.048 wz=0.053 action_rms=0.366 ready=1 userCmd=0 kbd=0 raw=0.996,0.048,0.053 grav=-0.03,0.02,-0.98
[INFO] [1788331791.899271146, 438.413000000]: RL policy input vx=0.450 vy=0.000 wz=0.023 action_rms=0.293 ready=1 userCmd=0 kbd=0 raw=0.450,0.000,0.023 grav=0.01,-0.02,-0.98
[INFO] [1788331794.902981048, 440.432000000]: RL policy input vx=0.450 vy=0.000 wz=-0.015 action_rms=0.158 ready=1 userCmdWarning: TF_REPEATED_DATA ignoring data with redundant timestamp for frame sliding_map (parent world) at time 440.506000 according to authority /scan_planner_node
         at line 277 in /tmp/binarydeb/ros-noetic-tf2-0.7.10/src/buffer_core.cpp
[FSM]: state: INIT
wait for goal.
[FSM]: state: INIT
wait for goal.
Warning: TF_REPEATED_DATA ignoring data with redundant timestamp for frame sliding_map (parent world) at time 443.103000 according to authority /scan_planner_node
         at line 277 in /tmp/binarydeb/ros-noetic-tf2-0.7.10/src/buffer_core.cpp
[FSM]: state: INIT
wait for goal.
Warning: TF_REPEATED_DATA ignoring data with redundant timestamp for frame sliding_map (parent world) at time 443.900000 according to authority /scan_planner_node
         at line 277 in /tmp/binarydeb/ros-noetic-tf2-0.7.10/src/buffer_core.cpp
Warning: TF_REPEATED_DATA ignoring data with redundant timestamp for frame sliding_map (parent world) at time 444.100000 according to authority /scan_planner_node
         at line 277 in /tmp/binarydeb/ros-noetic-tf2-0.7.10/src/buffer_core.cpp
Warning: TF_REPEATED_DATA ignoring data with redundant timestamp for frame sliding_map (parent world) at time 444.700000 according to authority /scan_planner_node
         at line 277 in /tmp/binarydeb/ros-noetic-tf2-0.7.10/src/buffer_core.cpp
[FSM]: state: INIT
wait for goal.
Warning: TF_REPEATED_DATA ignoring data with redundant timestamp for frame sliding_map (parent world) at time 444.902000 according to authority /scan_planner_node
         at line 277 in /tmp/binarydeb/ros-noetic-tf2-0.7.10/src/buffer_core.cpp
Warning: TF_REPEATED_DATA ignoring data with redundant timestamp for frame sliding_map (parent world) at time 445.299000 according to authority /scan_planner_node
         at line 277 in /tmp/binarydeb/ros-noetic-tf2-0.7.10/src/buffer_core.cpp
[FSM]: state: INIT
wait for goal.
Warning: TF_REPEATED_DATA ignoring data with redundant timestamp for frame sliding_map (parent world) at time 446.506000 according to authority /scan_planner_node
         at line 277 in /tmp/binarydeb/ros-noetic-tf2-0.7.10/src/buffer_core.cpp
Warning: TF_REPEATED_DATA ignoring data with redundant timestamp for frame sliding_map (parent world) at time 446.702000 according to authority /scan_planner_node
         at line 277 in /tmp/binarydeb/ros-noetic-tf2-0.7.10/src/buffer_core.cpp
Warning: TF_REPEATED_DATA ignoring data with redundant timestamp for frame sliding_map (parent world) at time 447.101000 according to authority /scan_planner_node
         at line 277 in /tmp/binarydeb/ros-noetic-tf2-0.7.10/src/buffer_core.cpp
[FSM]: state: INIT
wait for goal.
[FSM]: state: INIT
wait for goal.
Warning: TF_REPEATED_DATA ignoring data with redundant timestamp for frame sliding_map (parent world) at time 448.818000 according to authority /scan_planner_node
         at line 277 in /tmp/binarydeb/ros-noetic-tf2-0.7.10/src/buffer_core.cpp
[FSM]: state: INIT
wait for goal.
Warning: TF_REPEATED_DATA ignoring data with redundant timestamp for frame sliding_map (parent world) at time 450.603000 according to authority /scan_planner_node
         at line 277 in /tmp/binarydeb/ros-noetic-tf2-0.7.10/src/buffer_core.cpp
[FSM]: state: INIT
wait for goal.
Warning: TF_REPEATED_DATA ignoring data with redundant timestamp for frame sliding_map (parent world) at time 451.808000 according to authority /scan_planner_node
         at line 277 in /tmp/binarydeb/ros-noetic-tf2-0.7.10/src/buffer_core.cpp
[FSM]: state: INIT
wait for goal.
Warning: TF_REPEATED_DATA ignoring data with redundant timestamp for frame sliding_map (parent world) at time 452.999000 according to authority /scan_planner_node
         at line 277 in /tmp/binarydeb/ros-noetic-tf2-0.7.10/src/buffer_core.cpp
[FSM]: state: INIT
wait for goal.
Warning: TF_REPEATED_DATA ignoring data with redundant timestamp for frame sliding_map (parent world) at time 453.402000 according to authority /scan_planner_node
         at line 277 in /tmp/binarydeb/ros-noetic-tf2-0.7.10/src/buffer_core.cpp
Warning: TF_REPEATED_DATA ignoring data with redundant timestamp for frame sliding_map (parent world) at time 454.200000 according to authority /scan_planner_node
         at line 277 in /tmp/binarydeb/ros-noetic-tf2-0.7.10/src/buffer_core.cpp
[FSM]: state: INIT
wait for goal.
Warning: TF_REPEATED_DATA ignoring data with redundant timestamp for frame sliding_map (parent world) at time 454.299000 according to authority /scan_planner_node
         at line 277 in /tmp/binarydeb/ros-noetic-tf2-0.7.10/src/buffer_core.cpp
Warning: TF_REPEATED_DATA ignoring data with redundant timestamp for frame sliding_map (parent world) at time 454.813000 according to authority /scan_planner_node
         at line 277 in /tmp/binarydeb/ros-noetic-tf2-0.7.10/src/buffer_core.cpp
[FSM]: state: INIT
wait for goal.
[FSM]: state: INIT
wait for goal.
Warning: TF_REPEATED_DATA ignoring data with redundant timestamp for frame sliding_map (parent world) at time 457.201000 according to authority /scan_planner_node
         at line 277 in /tmp/binarydeb/ros-noetic-tf2-0.7.10/src/buffer_core.cpp
[FSM]: state: INIT
wait for goal.
Warning: TF_REPEATED_DATA ignoring data with redundant timestamp for frame sliding_map (parent world) at time 458.407000 according to authority /scan_planner_node
         at line 277 in /tmp/binarydeb/ros-noetic-tf2-0.7.10/src/buffer_core.cpp
[FSM]: state: INIT
wait for goal.
[FSM]: state: INIT
wait for goal.
Warning: TF_REPEATED_DATA ignoring data with redundant timestamp for frame sliding_map (parent world) at time 459.999000 according to authority /scan_planner_node
         at line 277 in /tmp/binarydeb/ros-noetic-tf2-0.7.10/src/buffer_core.cpp
[FSM]: state: INIT
wait for goal.
Warning: TF_REPEATED_DATA ignoring data with redundant timestamp for frame sliding_map (parent world) at time 461.209000 according to authority /scan_planner_node
         at line 277 in /tmp/binarydeb/ros-noetic-tf2-0.7.10/src/buffer_core.cpp
[FSM]: state: INIT
wait for goal.
[FSM]: state: INIT
wait for goal.
[FSM]: state: INIT
wait for goal.
[FSM]: state: INIT
wait for goal.
[FSM]: state: INIT
wait for goal.
[FSM]: state: INIT
wait for goal.
[FSM]: state: INIT
wait for goal.
[FSM]: state: INIT
wait for goal.
[FSM]: state: INIT
wait for goal.
[FSM]: state: INIT
wait for goal.
[FSM]: state: INIT
wait for goal.
[FSM]: state: INIT
wait for goal.
Warning: TF_REPEATED_DATA ignoring data with redundant timestamp for frame sliding_map (parent world) at time 475.001000 according to authority /scan_planner_node
         at line 277 in /tmp/binarydeb/ros-noetic-tf2-0.7.10/src/buffer_core.cpp
[FSM]: state: INIT
wait for goal.
[FSM]: state: INIT
wait for goal.
[FSM]: state: INIT
wait for goal.
[FSM]: state: INIT
wait for goal.
[FSM]: state: INIT
wait for goal.
Warning: TF_REPEATED_DATA ignoring data with redundant timestamp for frame sliding_map (parent world) at time 480.399000 according to authority /scan_planner_node
         at line 277 in /tmp/binarydeb/ros-noetic-tf2-0.7.10/src/buffer_core.cpp
[FSM]: state: INIT
wait for goal.
Warning: TF_REPEATED_DATA ignoring data with redundant timestamp for frame sliding_map (parent world) at time 482.204000 according to authority /scan_planner_node
         at line 277 in /tmp/binarydeb/ros-noetic-tf2-0.7.10/src/buffer_core.cpp
Warning: TF_REPEATED_DATA ignoring data with redundant timestamp for frame sliding_map (parent world) at time 482.601000 according to authority /scan_planner_node
         at line 277 in /tmp/binarydeb/ros-noetic-tf2-0.7.10/src/buffer_core.cpp
[FSM]: state: INIT
wait for goal.
Warning: TF_REPEATED_DATA ignoring data with redundant timestamp for frame sliding_map (parent world) at time 483.809000 according to authority /scan_planner_node
         at line 277 in /tmp/binarydeb/ros-noetic-tf2-0.7.10/src/buffer_core.cpp
[FSM]: state: INIT
wait for goal.
Warning: TF_REPEATED_DATA ignoring data with redundant timestamp for frame sliding_map (parent world) at time 485.001000 according to authority /scan_planner_node
         at line 277 in /tmp/binarydeb/ros-noetic-tf2-0.7.10/src/buffer_core.cpp
[FSM]: state: INIT
wait for goal.
Warning: TF_REPEATED_DATA ignoring data with redundant timestamp for frame sliding_map (parent world) at time 485.210000 according to authority /scan_planner_node
         at line 277 in /tmp/binarydeb/ros-noetic-tf2-0.7.10/src/buffer_core.cpp
Warning: TF_REPEATED_DATA ignoring data with redundant timestamp for frame sliding_map (parent world) at time 485.599000 according to authority /scan_planner_node
         at line 277 in /tmp/binarydeb/ros-noetic-tf2-0.7.10/src/buffer_core.cpp
Warning: TF_REPEATED_DATA ignoring data with redundant timestamp for frame sliding_map (parent world) at time 486.005000 according to authority /scan_planner_node
         at line 277 in /tmp/binarydeb/ros-noetic-tf2-0.7.10/src/buffer_core.cpp
Warning: TF_REPEATED_DATA ignoring data with redundant timestamp for frame sliding_map (parent world) at time 486.199000 according to authority /scan_planner_node
         at line 277 in /tmp/binarydeb/ros-noetic-tf2-0.7.10/src/buffer_core.cpp
[FSM]: state: INIT
wait for goal.
Warning: TF_REPEATED_DATA ignoring data with redundant timestamp for frame sliding_map (parent world) at time 486.800000 according to authority /scan_planner_node
         at line 277 in /tmp/binarydeb/ros-noetic-tf2-0.7.10/src/buffer_core.cpp
[FSM]: state: INIT
wait for goal.
Warning: TF_REPEATED_DATA ignoring data with redundant timestamp for frame sliding_map (parent world) at time 487.699000 according to authority /scan_planner_node
         at line 277 in /tmp/binarydeb/ros-noetic-tf2-0.7.10/src/buffer_core.cpp
Warning: TF_REPEATED_DATA ignoring data with redundant timestamp for frame sliding_map (parent world) at time 488.111000 according to authority /scan_planner_node
         at line 277 in /tmp/binarydeb/ros-noetic-tf2-0.7.10/src/buffer_core.cpp
Warning: TF_REPEATED_DATA ignoring data with redundant timestamp for frame sliding_map (parent world) at time 488.304000 according to authority /scan_planner_node
         at line 277 in /tmp/binarydeb/ros-noetic-tf2-0.7.10/src/buffer_core.cpp
=0 kbd=0 raw=0.450,0.000,-0.015 grav=0.01,-0.01,-0.98
[INFO] [1788331797.984675509, 442.444000000]: RL policy input vx=2.136 vy=-0.200 wz=-0.103 action_rms=0.290 ready=1 userCmd=0 kbd=0 raw=2.136,-0.200,-0.103 grav=-0.01,-0.01,-0.98
[INFO] [1788331800.995355757, 444.462000000]: RL policy input vx=0.299 vy=0.018 wz=0.065 action_rms=0.158 ready=1 userCmd=0 kbd=0 raw=0.299,0.018,0.065 grav=0.03,-0.02,-0.98
[INFO] [1788331804.000796322, 446.470000000]: RL policy input vx=0.000 vy=0.000 wz=-2.550 action_rms=0.383 ready=1 userCmd=0 kbd=0 raw=0.000,0.000,-2.550 grav=0.01,-0.00,-0.98
[INFO] [1788331807.539218764, 448.484000000]: RL policy input vx=0.000 vy=0.000 wz=1.150 action_rms=0.248 ready=1 userCmd=0 kbd=0 raw=0.000,0.000,1.150 grav=0.01,-0.00,-0.98
[INFO] [1788331811.135016093, 450.489000000]: RL policy input vx=0.796 vy=0.182 wz=0.247 action_rms=0.156 ready=1 userCmd=0 kbd=0 raw=0.796,0.182,0.247 grav=0.03,0.06,-0.98
[INFO] [1788331814.300378736, 452.500000000]: RL policy input vx=0.000 vy=0.000 wz=2.550 action_rms=0.418 ready=1 userCmd=0 kbd=0 raw=0.000,0.000,2.550 grav=0.01,0.01,-0.98
[INFO] [1788331817.575833394, 454.509000000]: RL policy input vx=2.131 vy=-0.242 wz=-0.125 action_rms=0.348 ready=1 userCmd=0 kbd=0 raw=2.131,-0.242,-0.125 grav=-0.02,0.04,-0.98
[INFO] [1788331821.166170860, 456.510000000]: RL policy input vx=0.299 vy=-0.024 wz=-0.087 action_rms=0.141 ready=1 userCmd=0 kbd=0 raw=0.299,-0.024,-0.087 grav=0.04,-0.03,-0.98
[INFO] [1788331824.428339130, 458.521000000]: RL policy input vx=0.000 vy=0.000 wz=0.429 action_rms=0.159 ready=1 userCmd=0 kbd=0 raw=0.000,0.000,0.429 grav=0.01,-0.02,-0.98
[INFO] [1788331827.553021283, 460.527000000]: RL policy input vx=0.450 vy=0.000 wz=0.051 action_rms=0.155 ready=1 userCmd=0 kbd=0 raw=0.450,0.000,0.051 grav=0.01,-0.02,-0.98
[INFO] [1788331830.628685384, 462.541000000]: RL policy input vx=0.408 vy=0.000 wz=-0.012 action_rms=0.249 ready=1 userCmd=0 kbd=0 raw=0.408,0.000,-0.012 grav=0.01,-0.02,-0.98
[INFO] [1788331833.938784142, 464.543000000]: RL policy input vx=0.864 vy=-0.750 wz=-0.786 action_rms=0.407 ready=1 userCmd=0 kbd=0 raw=0.864,-0.750,-0.786 grav=-0.06,0.02,-0.98
[INFO] [1788331837.522487845, 466.554000000]: RL policy input vx=2.229 vy=-0.307 wz=-0.151 action_rms=0.290 ready=1 userCmd=0 kbd=0 raw=2.229,-0.307,-0.151 grav=-0.00,0.02,-0.98
[INFO] [1788331840.881635792, 468.555000000]: RL policy input vx=2.250 vy=-0.033 wz=-0.016 action_rms=0.409 ready=1 userCmd=0 kbd=0 raw=2.250,-0.033,-0.016 grav=-0.02,-0.05,-0.98
[INFO] [1788331843.896160176, 470.572000000]: RL policy input vx=2.249 vy=0.076 wz=0.037 action_rms=0.298 ready=1 userCmd=0 kbd=0 raw=2.249,0.076,0.037 grav=0.05,-0.01,-0.98
[INFO] [1788331846.965555152, 472.580000000]: RL policy input vx=0.856 vy=0.084 wz=0.108 action_rms=0.335 ready=1 userCmd=0 kbd=0 raw=0.856,0.084,0.108 grav=0.03,-0.07,-0.98
[INFO] [1788331850.063297182, 474.591000000]: RL policy input vx=0.000 vy=0.000 wz=0.527 action_rms=0.219 ready=1 userCmd=0 kbd=0 raw=0.000,0.000,0.527 grav=0.02,-0.02,-0.98
[INFO] [1788331853.088040310, 476.598000000]: RL policy input vx=0.449 vy=0.000 wz=0.055 action_rms=0.158 ready=1 userCmd=0 kbd=0 raw=0.449,0.000,0.055 grav=0.00,-0.01,-0.98
[INFO] [1788331856.109567629, 478.609000000]: RL policy input vx=0.450 vy=0.000 wz=-0.014 action_rms=0.261 ready=1 userCmd=0 kbd=0 raw=0.450,0.000,-0.014 grav=0.01,-0.02,-0.98
[INFO] [1788331859.364530690, 480.616000000]: RL policy input vx=2.097 vy=0.451 wz=0.233 action_rms=0.228 ready=1 userCmd=0 kbd=0 raw=2.097,0.451,0.233 grav=-0.02,-0.00,-0.98
[INFO] [1788331862.882498023, 482.631000000]: RL policy input vx=0.584 vy=0.034 wz=0.065 action_rms=0.251 ready=1 userCmd=0 kbd=0 raw=0.584,0.034,0.065 grav=0.04,-0.03,-0.98
[INFO] [1788331866.167116403, 484.646000000]: RL policy input vx=0.000 vy=0.000 wz=-2.550 action_rms=0.131 ready=1 userCmd=0 kbd=0 raw=0.000,0.000,-2.550 grav=0.01,0.02,-0.98
[INFO] [1788331869.398382506, 486.652000000]: RL policy input vx=0.000 vy=0.000 wz=1.150 action_rms=0.176 ready=1 userCmd=0 kbd=0 raw=0.000,0.000,1.150 grav=0.02,0.02,-0.98
[INFO] [1[FSM]: state: INIT
wait for goal.
Warning: TF_REPEATED_DATA ignoring data with redundant timestamp for frame sliding_map (parent world) at time 489.702000 according to authority /scan_planner_node
         at line 277 in /tmp/binarydeb/ros-noetic-tf2-0.7.10/src/buffer_core.cpp
Warning: TF_REPEATED_DATA ignoring data with redundant timestamp for frame sliding_map (parent world) at time 489.904000 according to authority /scan_planner_node
         at line 277 in /tmp/binarydeb/ros-noetic-tf2-0.7.10/src/buffer_core.cpp
[FSM]: state: INIT
wait for goal.
Warning: TF_REPEATED_DATA ignoring data with redundant timestamp for frame sliding_map (parent world) at time 490.909000 according to authority /scan_planner_node
         at line 277 in /tmp/binarydeb/ros-noetic-tf2-0.7.10/src/buffer_core.cpp
Warning: TF_REPEATED_DATA ignoring data with redundant timestamp for frame sliding_map (parent world) at time 491.099000 according to authority /scan_planner_node
         at line 277 in /tmp/binarydeb/ros-noetic-tf2-0.7.10/src/buffer_core.cpp
[FSM]: state: INIT
wait for goal.
Warning: TF_REPEATED_DATA ignoring data with redundant timestamp for frame sliding_map (parent world) at time 491.299000 according to authority /scan_planner_node
         at line 277 in /tmp/binarydeb/ros-noetic-tf2-0.7.10/src/buffer_core.cpp
[FSM]: state: INIT
wait for goal.
Warning: TF_REPEATED_DATA ignoring data with redundant timestamp for frame sliding_map (parent world) at time 492.399000 according to authority /scan_planner_node
         at line 277 in /tmp/binarydeb/ros-noetic-tf2-0.7.10/src/buffer_core.cpp
Warning: TF_REPEATED_DATA ignoring data with redundant timestamp for frame sliding_map (parent world) at time 493.400000 according to authority /scan_planner_node
         at line 277 in /tmp/binarydeb/ros-noetic-tf2-0.7.10/src/buffer_core.cpp
[FSM]: state: INIT
wait for goal.
Warning: TF_REPEATED_DATA ignoring data with redundant timestamp for frame sliding_map (parent world) at time 493.612000 according to authority /scan_planner_node
         at line 277 in /tmp/binarydeb/ros-noetic-tf2-0.7.10/src/buffer_core.cpp
Warning: TF_REPEATED_DATA ignoring data with redundant timestamp for frame sliding_map (parent world) at time 494.400000 according to authority /scan_planner_node
         at line 277 in /tmp/binarydeb/ros-noetic-tf2-0.7.10/src/buffer_core.cpp
[FSM]: state: INIT
wait for goal.
[FSM]: state: INIT
wait for goal.
Warning: TF_REPEATED_DATA ignoring data with redundant timestamp for frame sliding_map (parent world) at time 496.199000 according to authority /scan_planner_node
         at line 277 in /tmp/binarydeb/ros-noetic-tf2-0.7.10/src/buffer_core.cpp
[FSM]: state: INIT
wait for goal.
[FSM]: state: INIT
wait for goal.
[FSM]: state: INIT
wait for goal.
[FSM]: state: INIT
wait for goal.
[FSM]: state: INIT
wait for goal.
Warning: TF_REPEATED_DATA ignoring data with redundant timestamp for frame sliding_map (parent world) at time 502.802000 according to authority /scan_planner_node
         at line 277 in /tmp/binarydeb/ros-noetic-tf2-0.7.10/src/buffer_core.cpp
[FSM]: state: INIT
wait for goal.
Warning: TF_REPEATED_DATA ignoring data with redundant timestamp for frame sliding_map (parent world) at time 503.001000 according to authority /scan_planner_node
         at line 277 in /tmp/binarydeb/ros-noetic-tf2-0.7.10/src/buffer_core.cpp
[FSM]: state: INIT
wait for goal.
[FSM]: state: INIT
wait for goal.
Warning: TF_REPEATED_DATA ignoring data with redundant timestamp for frame sliding_map (parent world) at time 506.008000 according to authority /scan_planner_node
         at line 277 in /tmp/binarydeb/ros-noetic-tf2-0.7.10/src/buffer_core.cpp
[FSM]: state: INIT
wait for goal.
[FSM]: state: INIT
wait for goal.
[FSM]: state: INIT
wait for goal.
Warning: TF_REPEATED_DATA ignoring data with redundant timestamp for frame sliding_map (parent world) at time 509.207000 according to authority /scan_planner_node
         at line 277 in /tmp/binarydeb/ros-noetic-tf2-0.7.10/src/buffer_core.cpp
Warning: TF_REPEATED_DATA ignoring data with redundant timestamp for frame sliding_map (parent world) at time 509.599000 according to authority /scan_planner_node
         at line 277 in /tmp/binarydeb/ros-noetic-tf2-0.7.10/src/buffer_core.cpp
[FSM]: state: INIT
wait for goal.
Warning: TF_REPEATED_DATA ignoring data with redundant timestamp for frame sliding_map (parent world) at time 510.400000 according to authority /scan_planner_node
         at line 277 in /tmp/binarydeb/ros-noetic-tf2-0.7.10/src/buffer_core.cpp
Warning: TF_REPEATED_DATA ignoring data with redundant timestamp for frame sliding_map (parent world) at time 510.807000 according to authority /scan_planner_node
         at line 277 in /tmp/binarydeb/ros-noetic-tf2-0.7.10/src/buffer_core.cpp
Warning: TF_REPEATED_DATA ignoring data with redundant timestamp for frame sliding_map (parent world) at time 511.204000 according to authority /scan_planner_node
         at line 277 in /tmp/binarydeb/ros-noetic-tf2-0.7.10/src/buffer_core.cpp
[FSM]: state: INIT
wait for goal.
Warning: TF_REPEATED_DATA ignoring data with redundant timestamp for frame sliding_map (parent world) at time 511.601000 according to authority /scan_planner_node
         at line 277 in /tmp/binarydeb/ros-noetic-tf2-0.7.10/src/buffer_core.cpp
Warning: TF_REPEATED_DATA ignoring data with redundant timestamp for frame sliding_map (parent world) at time 512.208000 according to authority /scan_planner_node
         at line 277 in /tmp/binarydeb/ros-noetic-tf2-0.7.10/src/buffer_core.cpp
Warning: TF_REPEATED_DATA ignoring data with redundant timestamp for frame sliding_map (parent world) at time 512.404000 according to authority /scan_planner_node
         at line 277 in /tmp/binarydeb/ros-noetic-tf2-0.7.10/src/buffer_core.cpp
[FSM]: state: INIT
wait for goal.
Warning: TF_REPEATED_DATA ignoring data with redundant timestamp for frame sliding_map (parent world) at time 512.599000 according to authority /scan_planner_node
         at line 277 in /tmp/binarydeb/ros-noetic-tf2-0.7.10/src/buffer_core.cpp
Warning: TF_REPEATED_DATA ignoring data with redundant timestamp for frame sliding_map (parent world) at time 512.800000 according to authority /scan_planner_node
         at line 277 in /tmp/binarydeb/ros-noetic-tf2-0.7.10/src/buffer_core.cpp
Warning: TF_REPEATED_DATA ignoring data with redundant timestamp for frame sliding_map (parent world) at time 512.999000 according to authority /scan_planner_node
         at line 277 in /tmp/binarydeb/ros-noetic-tf2-0.7.10/src/buffer_core.cpp
[FSM]: state: INIT
wait for goal.
Warning: TF_REPEATED_DATA ignoring data with redundant timestamp for frame sliding_map (parent world) at time 514.601000 according to authority /scan_planner_node
         at line 277 in /tmp/binarydeb/ros-noetic-tf2-0.7.10/src/buffer_core.cpp
[FSM]: state: INIT
wait for goal.
Warning: TF_REPEATED_DATA ignoring data with redundant timestamp for frame sliding_map (parent world) at time 515.204000 according to authority /scan_planner_node
         at line 277 in /tmp/binarydeb/ros-noetic-tf2-0.7.10/src/buffer_core.cpp
[FSM]: state: INIT
wait for goal.
Warning: TF_REPEATED_DATA ignoring data with redundant timestamp for frame sliding_map (parent world) at time 517.002000 according to authority /scan_planner_node
         at line 277 in /tmp/binarydeb/ros-noetic-tf2-0.7.10/src/buffer_core.cpp
Warning: TF_REPEATED_DATA ignoring data with redundant timestamp for frame sliding_map (parent world) at time 517.200000 according to authority /scan_planner_node
         at line 277 in /tmp/binarydeb/ros-noetic-tf2-0.7.10/src/buffer_core.cpp
[FSM]: state: INIT
wait for goal.
Warning: TF_REPEATED_DATA ignoring data with redundant timestamp for frame sliding_map (parent world) at time 517.402000 according to authority /scan_planner_node
         at line 277 in /tmp/binarydeb/ros-noetic-tf2-0.7.10/src/buffer_core.cpp
Warning: TF_REPEATED_DATA ignoring data with redundant timestamp for frame sliding_map (parent world) at time 517.803000 according to authority /scan_planner_node
         at line 277 in /tmp/binarydeb/ros-noetic-tf2-0.7.10/src/buffer_core.cpp
[FSM]: state: INIT
wait for goal.
[FSM]: state: INIT
wait for goal.
[FSM]: state: INIT
wait for goal.
Warning: TF_REPEATED_DATA ignoring data with redundant timestamp for frame sliding_map (parent world) at time 520.799000 according to authority /scan_planner_node
         at line 277 in /tmp/binarydeb/ros-noetic-tf2-0.7.10/src/buffer_core.cpp
Warning: TF_REPEATED_DATA ignoring data with redundant timestamp for frame sliding_map (parent world) at time 521.612000 according to authority /scan_planner_node
         at line 277 in /tmp/binarydeb/ros-noetic-tf2-0.7.10/src/buffer_core.cpp
[FSM]: state: INIT
wait for goal.
[FSM]: state: INIT
wait for goal.
Warning: TF_REPEATED_DATA ignoring data with redundant timestamp for frame sliding_map (parent world) at time 523.203000 according to authority /scan_planner_node
         at line 277 in /tmp/binarydeb/ros-noetic-tf2-0.7.10/src/buffer_core.cpp
[FSM]: state: INIT
wait for goal.
Warning: TF_REPEATED_DATA ignoring data with redundant timestamp for frame sliding_map (parent world) at time 525.000000 according to authority /scan_planner_node
         at line 277 in /tmp/binarydeb/ros-noetic-tf2-0.7.10/src/buffer_core.cpp
[FSM]: state: INIT
wait for goal.
[FSM]: state: INIT
wait for goal.
[FSM]: state: INIT
wait for goal.
[FSM]: state: INIT
wait for goal.
[FSM]: state: INIT
wait for goal.
[FSM]: state: INIT
wait for goal.
[FSM]: state: INIT
wait for goal.
[FSM]: state: INIT
wait for goal.
[FSM]: state: INIT
wait for goal.
788331872.649544781, 488.672000000]: RL policy input vx=0.607 vy=0.144 wz=0.255 action_rms=0.269 ready=1 userCmd=0 kbd=0 raw=0.607,0.144,0.255 grav=0.03,0.01,-0.98
[INFO] [1788331875.851180127, 490.691000000]: RL policy input vx=0.435 vy=0.106 wz=0.264 action_rms=0.243 ready=1 userCmd=0 kbd=0 raw=0.435,0.106,0.264 grav=0.01,0.01,-0.98
[INFO] [1788331878.871757952, 492.694000000]: RL policy input vx=0.000 vy=0.000 wz=2.550 action_rms=0.420 ready=1 userCmd=0 kbd=0 raw=0.000,0.000,2.550 grav=0.01,0.01,-0.98
[INFO] [1788331882.025503008, 494.712000000]: RL policy input vx=1.273 vy=0.316 wz=0.268 action_rms=0.419 ready=1 userCmd=0 kbd=0 raw=1.273,0.316,0.268 grav=0.00,0.03,-0.98
[INFO] [1788331885.270561180, 496.728000000]: RL policy input vx=0.449 vy=0.000 wz=-0.080 action_rms=0.263 ready=1 userCmd=0 kbd=0 raw=0.449,0.000,-0.080 grav=-0.00,-0.01,-0.98
[INFO] [1788331888.448864189, 498.729000000]: RL policy input vx=0.450 vy=0.000 wz=-0.041 action_rms=0.161 ready=1 userCmd=0 kbd=0 raw=0.450,0.000,-0.041 grav=0.01,-0.02,-0.98
[INFO] [1788331891.637021299, 500.746000000]: RL policy input vx=0.975 vy=0.029 wz=0.032 action_rms=0.340 ready=1 userCmd=0 kbd=0 raw=0.975,0.029,0.032 grav=-0.02,-0.02,-0.98
[INFO] [1788331894.682680837, 502.749000000]: RL policy input vx=0.450 vy=0.000 wz=0.003 action_rms=0.286 ready=1 userCmd=0 kbd=0 raw=0.450,0.000,0.003 grav=0.00,-0.02,-0.98
[INFO] [1788331897.777902717, 504.763000000]: RL policy input vx=0.450 vy=0.000 wz=-0.024 action_rms=0.160 ready=1 userCmd=0 kbd=0 raw=0.450,0.000,-0.024 grav=0.01,-0.02,-0.98
[INFO] [1788331900.889312738, 506.774000000]: RL policy input vx=2.137 vy=0.187 wz=0.096 action_rms=0.365 ready=1 userCmd=0 kbd=0 raw=2.137,0.187,0.096 grav=-0.07,-0.07,-0.97
[INFO] [1788331903.949523981, 508.796000000]: RL policy input vx=0.359 vy=0.030 wz=0.090 action_rms=0.281 ready=1 userCmd=0 kbd=0 raw=0.359,0.030,0.090 grav=0.03,-0.02,-0.98
[INFO] [1788331907.069854687, 510.808000000]: RL policy input vx=0.000 vy=0.000 wz=-2.550 action_rms=0.120 ready=1 userCmd=0 kbd=0 raw=0.000,0.000,-2.550 grav=0.00,0.02,-0.98
[INFO] [1788331910.167887518, 512.818000000]: RL policy input vx=0.000 vy=0.000 wz=1.150 action_rms=0.172 ready=1 userCmd=0 kbd=0 raw=0.000,0.000,1.150 grav=0.01,-0.00,-0.98
[INFO] [1788331913.561140280, 514.824000000]: RL policy input vx=0.865 vy=0.202 wz=0.252 action_rms=0.182 ready=1 userCmd=0 kbd=0 raw=0.865,0.202,0.252 grav=0.03,0.03,-0.98
[INFO] [1788331916.910783801, 516.840000000]: RL policy input vx=0.000 vy=0.000 wz=2.550 action_rms=0.171 ready=1 userCmd=0 kbd=0 raw=0.000,0.000,2.550 grav=0.01,-0.01,-0.98
[INFO] [1788331920.072578532, 518.856000000]: RL policy input vx=1.445 vy=0.750 wz=0.527 action_rms=0.208 ready=1 userCmd=0 kbd=0 raw=1.445,0.750,0.527 grav=-0.02,0.07,-0.98
[INFO] [1788331923.168400733, 520.871000000]: RL policy input vx=0.298 vy=0.035 wz=0.129 action_rms=0.192 ready=1 userCmd=0 kbd=0 raw=0.298,0.035,0.129 grav=0.02,-0.01,-0.98
[INFO] [1788331926.281194183, 522.886000000]: RL policy input vx=0.450 vy=0.000 wz=0.049 action_rms=0.161 ready=1 userCmd=0 kbd=0 raw=0.450,0.000,0.049 grav=0.01,-0.02,-0.98
[INFO] [1788331929.475603220, 524.901000000]: RL policy input vx=0.450 vy=0.000 wz=-0.014 action_rms=0.216 ready=1 userCmd=0 kbd=0 raw=0.450,0.000,-0.014 grav=0.01,-0.02,-0.98
[INFO] [1788331932.737765246, 526.908000000]: RL policy input vx=0.704 vy=0.750 wz=0.899 action_rms=0.176 ready=1 userCmd=0 kbd=0 raw=0.704,0.750,0.899 grav=0.01,0.00,-0.98
[INFO] [1788331936.296531296, 528.917000000]: RL policy input vx=2.244 vy=0.160 wz=0.078 action_rms=0.332 ready=1 userCmd=0 kbd=0 raw=2.244,0.160,0.078 grav=0.04,0.08,-0.98
[INFO] [1788331940.454103980, 530.929000000]: RL policy input vx=2.250 vy=-0.015 wz=-0.007 action_rms=0.394 ready=1 userCmd=0 kbd=0 raw=2.250,-0.015,-0.007 grav=0.01,-0.05,-0.98
[INFO] [1788331944.230989992, 532.948000000]: RL policy input vx=2.249 vy=-0.071 wz=-0.035 action_rms=0.324 ready=1 userCmd=0 kbd=0 raw=2.249,-0.071,-0.035 grav=0.04,0.01,-0.98
[INFO] [1788331947.646758445, 534.966000000]: RL policy input vx=2.243 vy=-0.172 wz=-0.084 [FSM]: state: INIT
wait for goal.
[FSM]: state: INIT
wait for goal.
[FSM]: state: INIT
wait for goal.
[FSM]: state: INIT
wait for goal.
[FSM]: state: INIT
wait for goal.
[FSM]: state: INIT
wait for goal.
Warning: TF_REPEATED_DATA ignoring data with redundant timestamp for frame sliding_map (parent world) at time 540.901000 according to authority /scan_planner_node
         at line 277 in /tmp/binarydeb/ros-noetic-tf2-0.7.10/src/buffer_core.cpp
[FSM]: state: INIT
wait for goal.
[FSM]: state: INIT
wait for goal.
[FSM]: state: INIT
wait for goal.
[FSM]: state: INIT
wait for goal.
[FSM]: state: INIT
wait for goal.
[FSM]: state: INIT
wait for goal.
Warning: TF_REPEATED_DATA ignoring data with redundant timestamp for frame sliding_map (parent world) at time 548.100000 according to authority /scan_planner_node
         at line 277 in /tmp/binarydeb/ros-noetic-tf2-0.7.10/src/buffer_core.cpp
[FSM]: state: INIT
wait for goal.
[FSM]: state: INIT
wait for goal.
action_rms=0.327 ready=1 userCmd=0 kbd=0 raw=2.243,-0.172,-0.084 grav=0.01,0.00,-0.98
[INFO] [1788331951.563220951, 536.982000000]: RL policy input vx=2.247 vy=0.118 wz=0.058 action_rms=0.230 ready=1 userCmd=0 kbd=0 raw=2.247,0.118,0.058 grav=-0.00,-0.06,-0.98
[INFO] [1788331954.770288277, 538.994000000]: RL policy input vx=1.904 vy=-0.590 wz=-0.292 action_rms=0.261 ready=1 userCmd=0 kbd=0 raw=1.904,-0.590,-0.292 grav=0.01,-0.03,-0.98
[INFO] [1788331957.864515413, 540.998000000]: RL policy input vx=2.248 vy=-0.089 wz=-0.043 action_rms=0.256 ready=1 userCmd=0 kbd=0 raw=2.248,-0.089,-0.043 grav=0.03,0.01,-0.98
[INFO] [1788331960.790908846, 543.006000000]: RL policy input vx=0.818 vy=0.119 wz=0.159 action_rms=0.149 ready=1 userCmd=0 kbd=0 raw=0.818,0.119,0.159 grav=0.07,-0.01,-0.98
[INFO] [1788331963.644283137, 545.007000000]: RL policy input vx=1.210 vy=-0.310 wz=-0.276 action_rms=0.172 ready=1 userCmd=0 kbd=0 raw=1.210,-0.310,-0.276 grav=-0.06,0.01,-0.98
[INFO] [1788331966.737672750, 547.023000000]: RL policy input vx=0.000 vy=0.000 wz=-1.150 action_rms=0.286 ready=1 userCmd=0 kbd=0 raw=0.000,0.000,-1.150 grav=0.02,0.01,-0.98
[INFO] [1788331969.992567584, 549.043000000]: RL policy input vx=0.000 vy=0.000 wz=0.000 action_rms=0.143 ready=1 userCmd=0 kbd=0 raw=0.000,0.000,0.000 grav=-0.00,0.00,-0.98
Switched from RL to fixed stand
infer_thread退出!
[WARN] [1788331971.809145526, 550.119000000]: Using one-shot captured-pose FixedStand profile: ramp 0.50 s, settle 0.00 s, ready after 0.50 s + 0.50 s stable, minimum gain 0.75
[INFO] Using /stand_target_joints param stance.
[FSM]: state: INIT
wait for goal.
Switched from fixed stand to RL
[INFO] Entered RL /cmd_vel mode.
[WARN] [1788331973.198473049, 550.921000000]: Using one-shot stair RL takeover profile: blend 0.75 s, zero hold 0.25 s
cuda::is_available():1
RL inference device: cuda (requested=hybrid, policy=stair)
[INFO] RL policy activated from preload cache at FixedStand entry boundary: /root/autodl-tmp/code/restore/0803b/0902overall/runtime_assets/SimEnv/src/unitree_guide/logs/policy_act_inference_stair.pt
[FSM]: state: INIT
wait for goal.
[FSM]: state: INIT
wait for goal.
[FSM]: state: INIT
wait for goal.
[FSM]: state: INIT
wait for goal.
Warning: TF_REPEATED_DATA ignoring data with redundant timestamp for frame sliding_map (parent world) at time 556.014000 according to authority /scan_planner_node
         at line 277 in /tmp/binarydeb/ros-noetic-tf2-0.7.10/src/buffer_core.cpp
[FSM]: state: INIT
wait for goal.
Warning: TF_REPEATED_DATA ignoring data with redundant timestamp for frame sliding_map (parent world) at time 556.812000 according to authority /scan_planner_node
         at line 277 in /tmp/binarydeb/ros-noetic-tf2-0.7.10/src/buffer_core.cpp
[FSM]: state: INIT
wait for goal.
[FSM]: state: INIT
wait for goal.
[FSM]: state: INIT
wait for goal.
[FSM]: state: INIT
wait for goal.
[FSM]: state: INIT
wait for goal.
[FSM]: state: INIT
wait for goal.
[FSM]: state: INIT
wait for goal.
[FSM]: state: INIT
wait for goal.
[FSM]: state: INIT
wait for goal.
[FSM]: state: INIT
wait for goal.
[FSM]: state: INIT
wait for goal.
[FSM]: state: INIT
wait for goal.
[FSM]: state: INIT
wait for goal.
[FSM]: state: INIT
wait for goal.
[FSM]: state: INIT
wait for goal.
[FSM]: state: INIT
wait for goal.
[FSM]: state: INIT
wait for goal.
[FSM]: state: INIT
wait for goal.
[FSM]: state: INIT
wait for goal.
[FSM]: state: INIT
wait for goal.
[FSM]: state: INIT
wait for goal.
[FSM]: state: INIT
wait for goal.
Warning: TF_REPEATED_DATA ignoring data with redundant timestamp for frame sliding_map (parent world) at time 580.801000 according to authority /scan_planner_node
         at line 277 in /tmp/binarydeb/ros-noetic-tf2-0.7.10/src/buffer_core.cpp
[FSM]: state: INIT
wait for goal.
Warning: TF_REPEATED_DATA ignoring data with redundant timestamp for frame sliding_map (parent world) at time 582.004000 according to authority /scan_planner_node
         at line 277 in /tmp/binarydeb/ros-noetic-tf2-0.7.10/src/buffer_core.cpp
[FSM]: state: INIT
wait for goal.
[FSM]: state: INIT
wait for goal.
Warning: TF_REPEATED_DATA ignoring data with redundant timestamp for frame sliding_map (parent world) at time 583.704000 according to authority /scan_planner_node
         at line 277 in /tmp/binarydeb/ros-noetic-tf2-0.7.10/src/buffer_core.cpp
Warning: TF_REPEATED_DATA ignoring data with redundant timestamp for frame sliding_map (parent world) at time 584.301000 according to authority /scan_planner_node
         at line 277 in /tmp/binarydeb/ros-noetic-tf2-0.7.10/src/buffer_core.cpp
[FSM]: state: INIT
wait for goal.
[FSM]: state: INIT
wait for goal.
[FSM]: state: INIT
wait for goal.
[FSM]: state: INIT
wait for goal.
[INFO] [1788331970.327715, 549.251000]: DSTPUB phase=STAIR_DESCENT_PRE_ALIGN world=(0.300,0.000,-0.174) body=(-0.058,-0.294,-0.174) truth_z=5.514 drop=0.000 pitch=0.0deg seg=0
[INFO] [1788331971.247818, 549.761000]: Descent policy boundary captured joint RMS 0.168.
[INFO] [1788331971.355302, 549.831000]: Descent plane gait settled; entering FixedStand before the stair-policy load.
[INFO] [1788331972.868023, 550.719000]: Descent FixedStand is ready; stair policy queued.
[INFO] [1788331973.191531, 550.902000]: Descent stair policy queued under FixedStand; requesting fresh stair-RL entry.
[INFO] [1788331974.938659, 551.949000]: Descent stair RL fresh readiness confirmed; warming up 0.8 s.
[INFO] [1788331975.922227, 552.522000]: Descent FLIGHT_B start: z=5.513 drop gate 1.05 m.
[INFO] [1788331975.968285, 552.562000]: DSTPUB phase=STAIR_DESCENT_FLIGHT_B world=(-0.103,0.540,-0.082) body=(0.550,-0.000,-0.082) truth_z=5.513 drop=-0.000 pitch=0.0deg seg=0
[INFO] [1788331977.691261, 553.571000]: DSTPUB phase=STAIR_DESCENT_FLIGHT_B world=(-0.074,0.545,-0.082) body=(0.550,0.000,-0.082) truth_z=5.516 drop=-0.003 pitch=0.0deg seg=0
[INFO] [1788331979.539701, 554.584000]: DSTPUB phase=STAIR_DESCENT_FLIGHT_B world=(-0.048,0.548,-0.083) body=(0.550,0.000,-0.083) truth_z=5.391 drop=0.122 pitch=0.0deg seg=20
[INFO] [1788331981.496904, 555.585000]: DSTPUB phase=STAIR_DESCENT_FLIGHT_B world=(-0.054,0.743,-0.072) body=(0.745,0.000,-0.072) truth_z=5.122 drop=0.391 pitch=0.0deg seg=21
[INFO] [1788331983.584151, 556.614000]: DSTPUB phase=STAIR_DESCENT_FLIGHT_B world=(-0.028,0.800,-0.055) body=(0.800,0.000,-0.055) truth_z=4.754 drop=0.759 pitch=0.0deg seg=23
[INFO] [1788331985.705502, 557.641000]: DSTPUB phase=STAIR_DESCENT_FLIGHT_B world=(0.044,0.498,0.006) body=(0.500,0.000,0.006) truth_z=4.434 drop=1.079 pitch=0.0deg seg=26
[INFO] [1788331987.808891, 558.649000]: DSTPUB phase=STAIR_DESCENT_FLIGHT_B world=(0.028,0.599,0.012) body=(0.600,-0.000,0.012) truth_z=4.232 drop=1.281 pitch=0.0deg seg=21
[INFO] [1788331988.981760, 559.277000]: Flight-B descent complete: drop=1.31 m y=5.07; starting landing turn.
[INFO] [1788331992.268786, 560.783000]: DSTPUB phase=STAIR_DESCENT_TURN world=(-0.400,0.000,1.098) body=(-0.004,0.400,1.098) truth_z=4.216 drop=1.297 pitch=0.0deg seg=-1
[INFO] [1788331994.186636, 561.804000]: DSTPUB phase=STAIR_DESCENT_TURN world=(-0.400,0.000,1.200) body=(0.350,0.193,1.200) truth_z=4.215 drop=1.298 pitch=0.0deg seg=-1
[INFO] [1788331995.832275, 562.820000]: DSTPUB phase=STAIR_DESCENT_TURN world=(-0.400,0.000,0.902) body=(0.292,-0.273,0.902) truth_z=4.217 drop=1.296 pitch=0.0deg seg=1
[INFO] [1788331997.437787, 563.861000]: DSTPUB phase=STAIR_DESCENT_TURN world=(-0.400,0.000,0.340) body=(0.086,-0.391,0.340) truth_z=4.217 drop=1.296 pitch=0.0deg seg=0
[INFO] [1788331997.596263, 563.960000]: Descent landing heading captured at error 0.172 rad; using shortest-path hold while x aligns.
[INFO] [1788331999.080868, 564.878000]: DSTPUB phase=STAIR_DESCENT_TURN world=(-0.300,0.034,0.042) body=(-0.022,-0.301,0.042) truth_z=4.213 drop=1.300 pitch=0.0deg seg=0
[INFO] [1788332000.681476, 565.882000]: DSTPUB phase=STAIR_DESCENT_TURN world=(-0.300,0.033,-0.011) body=(-0.035,-0.300,-0.011) truth_z=4.213 drop=1.300 pitch=0.0deg seg=0
[INFO] [1788332000.824312, 565.960000]: Descent FLIGHT_A start: z=5.513 drop gate 2.45 m.
[INFO] [1788332000.832993, 565.966000]: Descent landing aligned: x err=-0.113 m, heading err=-0.009 rad; starting flight A.
[INFO] [1788332002.316009, 566.892000]: DSTPUB phase=STAIR_DESCENT_FLIGHT_A world=(0.017,-0.550,0.003) body=(0.550,0.000,0.003) truth_z=4.129 drop=1.383 pitch=0.0deg seg=10
[INFO] [1788332003.998473, 567.917000]: DSTPUB phase=STAIR_DESCENT_FLIGHT_A world=(0.022,-0.550,-0.006) body=(0.550,-0.000,-0.006) truth_z=3.947 drop=1.566 pitch=0.0deg seg=23
[INFO] [1788332005.751036, 568.945000]: DSTPUB phase=STAIR_DESCENT_FLIGHT_A world=(0.007,-0.800,0.004) body=(0.800,0.000,0.004) truth_z=3.703 drop=1.810 pitch=0.0deg seg=22
[INFO] [1788332007.374128, 570.020000]: DSTPUB phase=STAIR_DESCENT_FLIGHT_A world=(0.014,-0.800,-0.005) body=(0.800,0.000,-0.005) truth_z=3.366 drop=2.147 pitch=0.0deg seg=22
[INFO] [1788332009.023298, 571.054000]: DSTPUB phase=STAIR_DESCENT_FLIGHT_A world=(-0.034,-0.549,0.038) body=(0.550,0.000,0.038) truth_z=3.047 drop=2.465 pitch=0.0deg seg=22
[INFO] [1788332010.596896, 572.078000]: DSTPUB phase=STAIR_DESCENT_FLIGHT_A world=(0.008,-0.600,0.022) body=(0.600,0.000,0.022) truth_z=2.898 drop=2.615 pitch=0.0deg seg=17
[INFO] [1788332010.854694, 572.223000]: Segment 1 (F3->F2) complete: drop=2.62 m, elapsed 40.9 s; turning on F2 landing for segment 2.
[INFO] [1788332013.222871, 573.787000]: DSTPUB phase=STAIR_DESCENT_SEGMENT_TURN world=(0.283,0.283,0.000) body=(-0.281,0.285,0.000) truth_z=2.917 drop=0.000 pitch=1.0deg seg=-1
[INFO] [1788332014.459179, 574.605000]: Segment turn aligned (x err=0.132 m, y=1.702 in band [1.70, 1.95]); starting 180 deg turn.
[INFO] [1788332014.780908, 574.795000]: DSTPUB phase=STAIR_DESCENT_SEGMENT_TURN world=(-0.273,0.012,-0.362) body=(-0.004,-0.273,-0.362) truth_z=2.913 drop=0.000 pitch=1.0deg seg=-1
[INFO] [1788332016.447444, 575.807000]: DSTPUB phase=STAIR_DESCENT_SEGMENT_TURN world=(-0.130,0.214,-0.996) body=(-0.111,-0.225,-0.996) truth_z=2.922 drop=0.000 pitch=1.0deg seg=0
[INFO] [1788332018.078118, 576.815000]: DSTPUB phase=STAIR_DESCENT_SEGMENT_TURN world=(0.125,0.380,-1.000) body=(-0.147,-0.372,-1.000) truth_z=2.912 drop=0.000 pitch=1.0deg seg=0
[INFO] [1788332019.062970, 577.419000]: Segment turn aligned (x err=0.112 m, y=1.946 in band [1.70, 1.95]); starting 180 deg turn.
[INFO] [1788332019.672954, 577.817000]: DSTPUB phase=STAIR_DESCENT_SEGMENT_TURN world=(0.280,0.286,-1.000) body=(-0.057,-0.396,-1.000) truth_z=2.923 drop=0.000 pitch=1.0deg seg=0
[INFO] [1788332021.222707, 578.747000]: Segment turn complete; standing before descent segment 2.
[INFO] [1788332021.534228, 578.927000]: East-align to flight-b center x=-2.48 before segment 2 flight-b (x=-3.61).
[INFO] [1788332021.573214, 578.959000]: DSTPUB phase=STAIR_DESCENT_EAST_ALIGN world=(0.000,-0.400,-0.383) body=(-0.393,0.076,-0.383) truth_z=2.926 drop=0.000 pitch=1.0deg seg=-1
[INFO] [1788332021.652423, 579.009000]: East-align south done (y=1.900); moving east to x=-2.48.
[INFO] [1788332023.396034, 579.975000]: DSTPUB phase=STAIR_DESCENT_EAST_ALIGN world=(0.400,0.005,0.000) body=(-0.026,-0.399,0.000) truth_z=2.912 drop=0.000 pitch=1.0deg seg=0
[INFO] [1788332025.288803, 580.987000]: DSTPUB phase=STAIR_DESCENT_EAST_ALIGN world=(0.400,-0.006,0.000) body=(-0.037,-0.398,0.000) truth_z=2.912 drop=0.000 pitch=1.0deg seg=0
[INFO] [1788332027.243799, 581.993000]: DSTPUB phase=STAIR_DESCENT_EAST_ALIGN world=(0.385,-0.013,0.000) body=(-0.042,-0.383,0.000) truth_z=2.914 drop=0.000 pitch=1.0deg seg=0
[INFO] [1788332029.199193, 583.018000]: DSTPUB phase=STAIR_DESCENT_EAST_ALIGN world=(0.300,-0.014,0.000) body=(-0.036,-0.298,0.000) truth_z=2.910 drop=0.000 pitch=1.0deg seg=0
[INFO] [1788332029.696024, 583.268000]: East-align complete (x=-2.643, y=1.868); starting segment-2 flight-b.
[INFO] [1788332029.726917, 583.270000]: Descent FLIGHT_B start: z=2.913 drop gate 1.05 m.
[INFO] [1788332031.221126, 584.047000]: DSTPUB phase=STAIR_DESCENT_FLIGHT_B world=(-0.030,0.549,-0.033) body=(0.550,0.000,-0.033) truth_z=2.917 drop=-0.004 pitch=1.0deg seg=0
[INFO] [1788332033.328374, 585.080000]: DSTPUB phase=STAIR_DESCENT_FLIGHT_B world=(-0.014,0.605,-0.047) body=(0.605,0.000,-0.047) truth_z=2.673 drop=0.239 pitch=1.0deg seg=24
[INFO] [1788332035.390830, 586.092000]: DSTPUB phase=STAIR_DESCENT_FLIGHT_B world=(0.026,0.499,-0.014) body=(0.500,0.000,-0.014) truth_z=2.454 drop=0.459 pitch=1.0deg seg=27
[INFO] [1788332037.601784, 587.096000]: DSTPUB phase=STAIR_DESCENT_FLIGHT_B world=(0.021,0.800,0.000) body=(0.800,0.000,0.000) truth_z=2.266 drop=0.647 pitch=1.0deg seg=20
[INFO] [1788332039.577225, 588.099000]: DSTPUB phase=STAIR_DESCENT_FLIGHT_B world=(-0.010,0.550,-0.046) body=(0.550,0.000,-0.046) truth_z=1.986 drop=0.926 pitch=1.0deg seg=22
Warning: TF_REPEATED_DATA ignoring data with redundant timestamp for frame sliding_map (parent world) at time 589.213000 according to authority /scan_planner_node
         at line 277 in /tmp/binarydeb/ros-noetic-tf2-0.7.10/src/buffer_core.cpp
[FSM]: state: INIT
wait for goal.
[FSM]: state: INIT
wait for goal.
[FSM]: state: INIT
wait for goal.
[FSM]: state: INIT
wait for goal.
[FSM]: state: INIT
wait for goal.
[FSM]: state: INIT
wait for goal.
[INFO] [1788331973.419776620, 551.049000000]: RL policy input vx=0.000 vy=0.000 wz=0.000 action_rms=0.154 ready=0 userCmd=0 kbd=0 raw=0.000,0.000,0.000 grav=0.00,0.00,-0.98
[INFO] [1788331974.881982211, 551.923000000]: RL locomotion_ready latched after 1.00 s takeover and 1.00 s stable hold
[INFO] [1788331976.836064928, 553.059000000]: RL policy input vx=0.550 vy=0.000 wz=-0.079 action_rms=0.224 ready=1 userCmd=0 kbd=0 raw=0.550,0.000,-0.079 grav=-0.02,0.03,-0.98
[INFO] [1788331980.507628237, 555.067000000]: RL policy input vx=0.500 vy=0.000 wz=-0.080 action_rms=0.320 ready=1 userCmd=0 kbd=0 raw=0.500,0.000,-0.080 grav=0.37,0.05,-0.91
[INFO] [1788331984.566926748, 557.076000000]: RL policy input vx=0.800 vy=0.000 wz=-0.039 action_rms=0.292 ready=1 userCmd=0 kbd=0 raw=0.800,0.000,-0.039 grav=0.35,-0.03,-0.91
[INFO] [1788331988.634435662, 559.092000000]: RL policy input vx=0.600 vy=0.000 wz=0.003 action_rms=0.257 ready=1 userCmd=0 kbd=0 raw=0.600,0.000,0.003 grav=0.23,0.11,-0.95
[INFO] [1788331993.003472139, 561.108000000]: RL policy input vx=0.095 vy=0.389 wz=1.200 action_rms=0.182 ready=1 userCmd=0 kbd=0 raw=0.095,0.389,1.200 grav=-0.01,0.07,-0.98
[INFO] [1788331996.236358011, 563.114000000]: RL policy input vx=0.223 vy=-0.332 wz=0.649 action_rms=0.132 ready=1 userCmd=0 kbd=0 raw=0.223,-0.332,0.649 grav=0.03,0.02,-0.98
[INFO] [1788331999.443823204, 565.118000000]: RL policy input vx=-0.028 vy=-0.301 wz=0.022 action_rms=0.168 ready=1 userCmd=8 kbd=0 raw=-0.028,-0.301,0.022 grav=-0.00,-0.00,-0.98
[INFO] [1788332002.757174501, 567.137000000]: RL policy input vx=0.550 vy=0.000 wz=0.010 action_rms=0.247 ready=1 userCmd=0 kbd=0 raw=0.550,0.000,0.010 grav=0.29,0.10,-0.93
[INFO] [1788332006.053459872, 569.143000000]: RL policy input vx=0.800 vy=0.000 wz=0.009 action_rms=0.235 ready=1 userCmd=0 kbd=0 raw=0.800,0.000,0.009 grav=0.41,0.05,-0.89
[INFO] [1788332009.137609723, 571.148000000]: RL policy input vx=0.550 vy=0.000 wz=0.031 action_rms=0.287 ready=1 userCmd=0 kbd=0 raw=0.550,0.000,0.031 grav=0.35,0.10,-0.91
[INFO] [1788332012.232036528, 573.148000000]: RL policy input vx=0.000 vy=0.000 wz=0.000 action_rms=0.155 ready=1 userCmd=0 kbd=0 raw=0.000,0.000,0.000 grav=-0.02,0.02,-0.98
[INFO] [1788332015.390255177, 575.151000000]: RL policy input vx=-0.024 vy=-0.241 wz=-0.572 action_rms=0.146 ready=1 userCmd=0 kbd=0 raw=-0.024,-0.241,-0.572 grav=-0.01,-0.00,-0.98
[INFO] [1788332018.624429134, 577.157000000]: RL policy input vx=-0.100 vy=-0.387 wz=-1.000 action_rms=0.203 ready=1 userCmd=0 kbd=0 raw=-0.100,-0.387,-1.000 grav=-0.03,0.00,-0.98
[INFO] [1788332021.928469655, 579.176000000]: RL policy input vx=-0.075 vy=-0.393 wz=-0.291 action_rms=0.126 ready=1 userCmd=0 kbd=0 raw=-0.075,-0.393,-0.291 grav=0.01,0.01,-0.98
[INFO] [1788332025.683784264, 581.184000000]: RL policy input vx=-0.036 vy=-0.398 wz=0.000 action_rms=0.177 ready=1 userCmd=0 kbd=0 raw=-0.036,-0.398,0.000 grav=-0.00,0.02,-0.98
[INFO] [1788332029.558367374, 583.201000000]: RL policy input vx=-0.039 vy=-0.298 wz=0.000 action_rms=0.167 ready=1 userCmd=8 kbd=0 raw=-0.039,-0.298,0.000 grav=-0.01,0.00,-0.98
[INFO] [1788332033.570932637, 585.210000000]: RL policy input vx=0.615 vy=-0.000 wz=-0.047 action_rms=0.287 ready=1 userCmd=0 kbd=0 raw=0.615,-0.000,-0.047 grav=0.39,0.01,-0.90
[INFO] [1788332037.899519901, 587.227000000]: RL policy input vx=0.800 vy=0.000 wz=-0.005 action_rms=0.245 ready=1 userCmd=0 kbd=0 raw=0.800,0.000,-0.005 grav=0.40,0.02,-0.90
[INFO] [1788332042.011931990, 589.236000000]: RL policy input vx=0.600 vy=0.000 wz=-0.012 action_rms=0.170 ready=1 userCmd=0 kbd=0 raw=0.600,0.000,-0.012 grav=0.44,0.02,-0.88
[INFO] [1788332046.351694584, 591.254000000]: RL policy input vx=0.000 vy=0.000 wz=0.000 action_rms=0.142 ready=1 userCmd=0 kbd=0 raw=0.000,0.000,0.000 grav=-0.02,0.02,-0.98
[INFO] [1788332050.467428020, 593.259000000]: RL policy input vx=0.356 vy=-0.182 wz=1.200 action_rms=0.185 ready=1 userCmd=0 kbd=0 raw=0.356,-0.182,1.200 grav=0.02,0.06,-0.98
[INFO] [1788332053.747920861, 595.277000000]: RL policy input vx=0.018 vy=-0.299 wz=0.067 action_rms=0.174 read[FSM]: state: INIT
wait for goal.
[FSM]: state: INIT
wait for goal.
[FSM]: state: INIT
wait for goal.
[FSM]: state: INIT
wait for goal.
[FSM]: state: INIT
wait for goal.
[FSM]: state: INIT
wait for goal.
[FSM]: state: INIT
wait for goal.
[FSM]: state: INIT
wait for goal.
[WARN] [1788332066.824681448, 604.018000000]: Using one-shot plane RL takeover profile: blend 0.50 s, zero hold 0.15 s
y=1 userCmd=0 kbd=0 raw=0.018,-0.299,0.067 grav=0.00,-0.00,-0.98
[INFO] [1788332056.675454741, 597.280000000]: RL policy input vx=0.550 vy=0.000 wz=0.011 action_rms=0.235 ready=1 userCmd=0 kbd=0 raw=0.550,0.000,0.011 grav=0.26,0.09,-0.94
[INFO] [1788332059.722141117, 599.289000000]: RL policy input vx=0.800 vy=0.000 wz=-0.013 action_rms=0.354 ready=1 userCmd=0 kbd=0 raw=0.800,0.000,-0.013 grav=0.39,0.03,-0.90
[INFO] [1788332062.657195527, 601.309000000]: RL policy input vx=0.550 vy=0.000 wz=0.024 action_rms=0.272 ready=1 userCmd=8 kbd=0 raw=0.550,0.000,0.024 grav=0.44,0.13,-0.87
[INFO] [1788332065.667369526, 603.310000000]: RL policy input vx=0.000 vy=0.000 wz=0.000 action_rms=0.146 ready=1 userCmd=0 kbd=0 raw=0.000,0.000,0.000 grav=-0.04,-0.01,-0.98
cuda::is_available():1
RL inference device: cpu (requested=hybrid, policy=plane)
[INFO] RL policy hot-switched from preload cache: /root/autodl-tmp/code/restore/0803b/0902overall/runtime_assets/SimEnv/src/unitree_guide/logs/policy_act_inference_plane.pt
[WARN] [1788331985.940851, 557.743000]: Descent tilt 0.485 rad: capping flight speed at 0.55 m/s.
[WARN] [1788332003.157552, 567.398000]: Descent tilt 0.486 rad: capping flight speed at 0.55 m/s.
[WARN] [1788332008.758672, 570.910000]: Descent tilt 0.482 rad: capping flight speed at 0.55 m/s.
[WARN] [1788332018.796362, 577.247000]: Segment turn left safe position (x=-3.809, y=1.951); zero command and re-centering before continuing turn.
[WARN] [1788332035.455689, 586.113000]: Descent tilt 0.483 rad: capping flight speed at 0.55 m/s.
[WARN] [1788332038.903752, 587.719000]: Descent tilt 0.480 rad: capping flight speed at 0.55 m/s.
[WARN] [1788332057.191208, 597.619000]: Descent tilt 0.507 rad: capping flight speed at 0.55 m/s.
[WARN] [1788332062.613010, 601.259000]: Descent tilt 0.491 rad: capping flight speed at 0.55 m/s.
[INFO] [1788332041.659223, 589.105000]: DSTPUB phase=STAIR_DESCENT_FLIGHT_B world=(-0.013,0.600,-0.029) body=(0.600,0.000,-0.029) truth_z=1.717 drop=1.195 pitch=1.0deg seg=25
[INFO] [1788332043.562590, 589.894000]: Flight-B descent complete: drop=1.30 m y=5.06; starting landing turn.
[INFO] [1788332046.647438, 591.394000]: DSTPUB phase=STAIR_DESCENT_TURN world=(-0.400,0.000,1.001) body=(-0.023,0.399,1.001) truth_z=1.616 drop=1.297 pitch=1.0deg seg=-1
[INFO] [1788332048.760056, 592.405000]: DSTPUB phase=STAIR_DESCENT_TURN world=(-0.400,0.000,1.200) body=(0.343,0.205,1.200) truth_z=1.610 drop=1.303 pitch=1.0deg seg=0
[INFO] [1788332050.761514, 593.421000]: DSTPUB phase=STAIR_DESCENT_TURN world=(-0.400,0.000,0.960) body=(0.306,-0.257,0.960) truth_z=1.618 drop=1.295 pitch=1.0deg seg=0
[INFO] [1788332052.459981, 594.479000]: DSTPUB phase=STAIR_DESCENT_TURN world=(-0.400,0.000,0.340) body=(0.088,-0.390,0.340) truth_z=1.619 drop=1.294 pitch=1.0deg seg=0
[INFO] [1788332052.579801, 594.553000]: Descent landing heading captured at error 0.178 rad; using shortest-path hold while x aligns.
[INFO] [1788332054.067370, 595.482000]: DSTPUB phase=STAIR_DESCENT_TURN world=(-0.300,0.000,0.043) body=(0.012,-0.300,0.043) truth_z=1.614 drop=1.298 pitch=1.0deg seg=0
[INFO] [1788332054.930665, 596.078000]: Descent FLIGHT_A start: z=2.913 drop gate 2.45 m.
[INFO] [1788332054.950221, 596.081000]: Descent landing aligned: x err=-0.117 m, heading err=0.003 rad; starting flight A.
[INFO] [1788332055.524837, 596.488000]: DSTPUB phase=STAIR_DESCENT_FLIGHT_A world=(0.011,-0.550,0.021) body=(0.550,0.000,0.021) truth_z=1.612 drop=1.300 pitch=1.0deg seg=0
[INFO] [1788332057.009602, 597.519000]: DSTPUB phase=STAIR_DESCENT_FLIGHT_A world=(0.037,-0.549,-0.004) body=(0.550,0.000,-0.004) truth_z=1.459 drop=1.454 pitch=1.0deg seg=24
[INFO] [1788332058.561989, 598.537000]: DSTPUB phase=STAIR_DESCENT_FLIGHT_A world=(0.027,-0.685,-0.010) body=(0.686,0.000,-0.010) truth_z=1.287 drop=1.626 pitch=1.0deg seg=23
[INFO] [1788332060.169552, 599.555000]: DSTPUB phase=STAIR_DESCENT_FLIGHT_A world=(-0.012,-0.800,0.000) body=(0.800,0.000,0.000) truth_z=0.976 drop=1.936 pitch=1.0deg seg=23
[INFO] [1788332061.651091, 600.579000]: DSTPUB phase=STAIR_DESCENT_FLIGHT_A world=(-0.003,-0.600,0.002) body=(0.600,0.000,0.002) truth_z=0.646 drop=2.267 pitch=1.0deg seg=23
[INFO] [1788332063.093764, 601.602000]: DSTPUB phase=STAIR_DESCENT_FLIGHT_A world=(0.003,-0.550,0.022) body=(0.550,0.000,0.022) truth_z=0.434 drop=2.479 pitch=1.0deg seg=22
[INFO] [1788332064.128172, 602.303000]: Final flight complete: drop=2.62 m y=1.75; holding on F1 landing for a stable terminal pose.
[INFO] [1788332065.182490, 602.959000]: F1 landing stable for 1.0 s: body height 0.326 m, upright-z 1.000.
[INFO] [1788332065.557930, 603.220000]: Returned to first floor after 95.6 s (drop=2.59 m).
[INFO] [1788332066.084981, 603.565000]: Stair descent terminal phase: FIRST_FLOOR_RETURNED
[FSM]: state: INIT
wait for goal.
[FSM]: state: INIT
wait for goal.
[FSM]: state: INIT
wait for goal.
[FSM]: state: INIT
wait for goal.
[FSM]: state: INIT
wait for goal.
[FSM]: state: INIT
wait for goal.
[FSM]: state: INIT
wait for goal.
Warning: TF_REPEATED_DATA ignoring data with redundant timestamp for frame sliding_map (parent world) at time 611.699000 according to authority /scan_planner_node
         at line 277 in /tmp/binarydeb/ros-noetic-tf2-0.7.10/src/buffer_core.cpp
[FSM]: state: INIT
wait for goal.
Warning: TF_REPEATED_DATA ignoring data with redundant timestamp for frame sliding_map (parent world) at time 613.317000 according to authority /scan_planner_node
         at line 277 in /tmp/binarydeb/ros-noetic-tf2-0.7.10/src/buffer_core.cpp
[FSM]: state: INIT
wait for goal.
Warning: TF_REPEATED_DATA ignoring data with redundant timestamp for frame sliding_map (parent world) at time 614.500000 according to authority /scan_planner_node
         at line 277 in /tmp/binarydeb/ros-noetic-tf2-0.7.10/src/buffer_core.cpp
[FSM]: state: INIT
wait for goal.
Warning: TF_REPEATED_DATA ignoring data with redundant timestamp for frame sliding_map (parent world) at time 614.700000 according to authority /scan_planner_node
         at line 277 in /tmp/binarydeb/ros-noetic-tf2-0.7.10/src/buffer_core.cpp
Warning: TF_REPEATED_DATA ignoring data with redundant timestamp for frame sliding_map (parent world) at time 614.900000 according to authority /scan_planner_node
         at line 277 in /tmp/binarydeb/ros-noetic-tf2-0.7.10/src/buffer_core.cpp
[INFO] [1788332067.807067148, 604.672000000]: RL locomotion_ready latched after 0.65 s takeover and 0.38 s stable hold
[INFO] [1788332068.864648849, 605.327000000]: RL policy input vx=0.000 vy=0.000 wz=0.800 action_rms=0.230 ready=1 userCmd=0 kbd=0 raw=0.000,0.000,0.800 grav=-0.00,-0.01,-0.98
[INFO] [1788332071.870384423, 607.327000000]: RL policy input vx=0.000 vy=0.000 wz=0.000 action_rms=0.147 ready=1 userCmd=0 kbd=0 raw=0.000,0.000,0.000 grav=0.02,-0.03,-0.98
[INFO] [1788332075.002082177, 609.341000000]: RL policy input vx=0.877 vy=0.000 wz=0.086 action_rms=0.263 ready=1 userCmd=0 kbd=0 raw=0.877,0.000,0.086 grav=-0.01,-0.01,-0.98
[INFO] [1788332077.996329002, 611.353000000]: RL policy input vx=1.249 vy=0.000 wz=0.039 action_rms=0.178 ready=1 userCmd=0 kbd=0 raw=1.249,0.000,0.039 grav=-0.01,-0.01,-0.98
[INFO] [1788332080.858426769, 613.359000000]: RL policy input vx=0.447 vy=0.000 wz=0.015 action_rms=0.182 ready=1 userCmd=0 kbd=0 raw=0.447,0.000,0.015 grav=0.02,-0.02,-0.98
stop the controller
terminate called after throwing an instance of 'boost::wrapexcept<boost::lock_error>'
  what():  boost: mutex lock failed in pthread_mutex_lock: Invalid argument
des manager
[INFO] [1788331013.979068, 0.207000]: danger_detector: first rendered RGB frame ready (320x240)
[INFO] [1788331044.649774, 16.865000]: danger_detector: exploration clock started after preparation
[INFO] [1788331106.695880, 48.977000]: danger_detector: scan batch label=floor_0_room_0_g3 raw=0 min_points=3 clusters=[]
[INFO] [1788331119.099672, 55.627000]: danger_detector: scan batch label=floor_0_room_0_g4 raw=0 min_points=3 clusters=[]
[INFO] [1788331157.827883, 77.611000]: danger_detector: scan batch label=floor_0_room_1_g3 raw=0 min_points=3 clusters=[]
[INFO] [1788331187.294683, 93.798000]: danger_detector: scan batch label=floor_0_room_1_g4 raw=0 min_points=3 clusters=[]
[INFO] [1788331247.845022, 127.609000]: danger_detector: scan batch label=floor_0_room_2_g3 raw=0 min_points=3 clusters=[]
[INFO] [1788331259.576827, 134.508000]: danger_detector: scan batch label=floor_0_room_2_g4 raw=0 min_points=3 clusters=[]
[INFO] [1788331292.225248, 152.645000]: danger_detector: scan batch label=floor_0_room_3_g3 raw=0 min_points=3 clusters=[]
[INFO] [1788331303.217674, 158.909000]: danger_detector: scan batch label=floor_0_room_3_g4 raw=0 min_points=3 clusters=[]
[INFO] [1788331467.401608, 246.717000]: danger_detector: confirmed red sphere #1 at [-5.545, 13.439, 2.75], t=229.86s, stage=floor_2_exploration
[INFO] [1788331468.610281, 247.364000]: danger_detector: scan batch label=floor_1_room_0_g3 raw=3 min_points=3 clusters=[(-5.548597943994201, 13.4014491569034)]
[INFO] [1788331480.227974, 253.820000]: danger_detector: scan batch label=floor_1_room_0_g4 raw=0 min_points=3 clusters=[]
[INFO] [1788331512.190416, 271.913000]: danger_detector: scan batch label=floor_1_room_1_g3 raw=0 min_points=3 clusters=[]
[INFO] [1788331522.299232, 278.531000]: danger_detector: scan batch label=floor_1_room_1_g4 raw=0 min_points=3 clusters=[]
[INFO] [1788331569.983278, 307.420000]: danger_detector: scan batch label=floor_1_room_2_g3 raw=0 min_points=3 clusters=[]
[INFO] [1788331581.212409, 314.336000]: danger_detector: scan batch label=floor_1_room_2_g4 raw=0 min_points=3 clusters=[]
[INFO] [1788331610.701400, 332.919000]: danger_detector: scan batch label=floor_1_room_3_g3 raw=2 min_points=3 clusters=[]
[INFO] [1788331620.248200, 338.719000]: danger_detector: confirmed red sphere #2 at [5.8832, 29.7198, 2.75], t=321.86s, stage=floor_2_exploration
[INFO] [1788331621.293478, 339.418000]: danger_detector: scan batch label=floor_1_room_3_g4 raw=2 min_points=3 clusters=[]
[INFO] [1788331765.833813, 421.921000]: danger_detector: scan batch label=floor_2_room_0_g3 raw=0 min_points=3 clusters=[]
[INFO] [1788331776.572688, 428.618000]: danger_detector: scan batch label=floor_2_room_0_g4 raw=0 min_points=3 clusters=[]
[INFO] [1788331804.792862, 446.992000]: danger_detector: scan batch label=floor_2_room_1_g3 raw=0 min_points=3 clusters=[]
[INFO] [1788331816.339093, 453.787000]: danger_detector: scan batch label=floor_2_room_1_g4 raw=0 min_points=3 clusters=[]
[INFO] [1788331866.371060, 484.807000]: danger_detector: confirmed red sphere #3 at [-6.7009, 29.3145, 5.35], t=467.95s, stage=floor_3_exploration
[INFO] [1788331867.693759, 485.620000]: danger_detector: scan batch label=floor_2_room_2_g3 raw=4 min_points=3 clusters=[(-6.707263768369425, 29.326603749248708)]
[INFO] [1788331880.088135, 493.472000]: danger_detector: scan batch label=floor_2_room_2_g4 raw=7 min_points=3 clusters=[(-6.749803790026621, 29.409619829300453)]
[INFO] [1788331906.957625, 510.723000]: danger_detector: confirmed red sphere #4 at [5.5908, 27.3351, 5.35], t=493.86s, stage=floor_3_exploration
[INFO] [1788331908.227572, 511.519000]: danger_detector: scan batch label=floor_2_room_3_g3 raw=7 min_points=3 clusters=[(5.578694797748202, 27.242008665666813)]
[INFO] [1788331918.760089, 518.022000]: danger_detector: scan batch label=floor_2_room_3_g4 raw=5 min_points=3 clusters=[(5.510232209742019, 27.29251922206971)]
[INFO] [1788332082.728657, 614.611000]: danger_detector: wrote 4 confirmed red-ball detections -> /root/autodl-tmp/code/restore/0803b/0902overall/results/portable_accept_seed35/red_ball_detections.json
[INFO] [1788331015.202122, 1.006000]: Bootstrap armed: stand@1.0s state-gated RL max_wait=25.0s repeat=120.0s start_t=1.0
[INFO] [1788331023.700559, 5.806000]: Requesting RL /cmd_vel through /joy (repeating).
[INFO] [1788331044.726362, 16.906000]: Bootstrap observed locomotion_ready; releasing /joy.
[INFO] [1788331970.490773, 549.339000]: SCAN explored all three floors; stair descent owns the return.
[INFO] [1788331004.555358, 0.000000]: scanplanner_pointcloud_bridge: /scan -> /registered_scan at <= 5.0 Hz
[INFO] [1788331028.693638, 8.316000]: scanplanner_pointcloud_bridge: published 50 clouds (1202 points)
[INFO] [1788331045.152832, 17.121000]: scanplanner_pointcloud_bridge: published 100 clouds (1209 points)
[INFO] [1788331059.863673, 24.631000]: scanplanner_pointcloud_bridge: published 150 clouds (1524 points)
[INFO] [1788331074.930344, 32.220000]: scanplanner_pointcloud_bridge: published 200 clouds (2369 points)
[INFO] [1788331090.058927, 40.215000]: scanplanner_pointcloud_bridge: published 250 clouds (2386 points)
[INFO] [1788331105.579184, 48.325000]: scanplanner_pointcloud_bridge: published 300 clouds (2387 points)
[INFO] [1788331122.081015, 57.328000]: scanplanner_pointcloud_bridge: published 350 clouds (2367 points)
[INFO] [1788331138.287232, 66.524000]: scanplanner_pointcloud_bridge: published 400 clouds (2382 points)
[INFO] [1788331154.475823, 75.825000]: scanplanner_pointcloud_bridge: published 450 clouds (2371 points)
[INFO] [1788331170.294118, 84.420000]: scanplanner_pointcloud_bridge: published 500 clouds (2384 points)
[INFO] [1788331186.461395, 93.332000]: scanplanner_pointcloud_bridge: published 550 clouds (2409 points)
[INFO] [1788331202.937953, 102.722000]: scanplanner_pointcloud_bridge: published 600 clouds (2406 points)
[INFO] [1788331219.142328, 111.730000]: scanplanner_pointcloud_bridge: published 650 clouds (2401 points)
[INFO] [1788331234.872669, 120.827000]: scanplanner_pointcloud_bridge: published 700 clouds (2390 points)
[INFO] [1788331250.315166, 129.064000]: scanplanner_pointcloud_bridge: published 750 clouds (2389 points)
[INFO] [1788331266.857384, 138.528000]: scanplanner_pointcloud_bridge: published 800 clouds (2395 points)
[INFO] [1788331283.131286, 147.420000]: scanplanner_pointcloud_bridge: published 850 clouds (2430 points)
[INFO] [1788331299.195808, 156.619000]: scanplanner_pointcloud_bridge: published 900 clouds (2369 points)
[INFO] [1788331314.050413, 164.547000]: scanplanner_pointcloud_bridge: published 950 clouds (2375 points)
[INFO] [1788331329.496090, 172.338000]: scanplanner_pointcloud_bridge: published 1000 clouds (2373 points)
[INFO] [1788331346.103978, 181.431000]: scanplanner_pointcloud_bridge: published 1050 clouds (2378 points)
[INFO] [1788331362.121327, 190.228000]: scanplanner_pointcloud_bridge: published 1100 clouds (2047 points)
[INFO] [1788331376.808381, 197.528000]: scanplanner_pointcloud_bridge: published 1150 clouds (2136 points)
[INFO] [1788331391.774951, 205.420000]: scanplanner_pointcloud_bridge: published 1200 clouds (2063 points)
[INFO] [1788331408.502768, 214.622000]: scanplanner_pointcloud_bridge: published 1250 clouds (2186 points)
[INFO] [1788331424.626662, 224.034000]: scanplanner_pointcloud_bridge: published 1300 clouds (2086 points)
[INFO] [1788331439.401773, 232.141000]: scanplanner_pointcloud_bridge: published 1350 clouds (2438 points)
[INFO] [1788331454.213014, 239.760000]: scanplanner_pointcloud_bridge: published 1400 clouds (2352 points)
[INFO] [1788331469.712062, 247.931000]: scanplanner_pointcloud_bridge: published 1450 clouds (2389 points)
[INFO] [1788331485.395538, 256.833000]: scanplanner_pointcloud_bridge: published 1500 clouds (2379 points)
[INFO] [1788331501.708703, 265.736000]: scanplanner_pointcloud_bridge: published 1550 clouds (2392 points)
[INFO] [1788331516.680406, 274.933000]: scanplanner_pointcloud_bridge: published 1600 clouds (2435 points)
[INFO] [1788331532.762191, 284.837000]: scanplanner_pointcloud_bridge: published 1650 clouds (2390 points)
[INFO] [1788331548.815684, 294.835000]: scanplanner_pointcloud_bridge: published 1700 clouds (2334 points)
[INFO] [1788331565.345556, 304.637000]: scanplanner_pointcloud_bridge: published 1750 clouds (2378 points)
[INFO] [1788331581.216759, 314.341000]: scanplanner_pointcloud_bridge: published 1800 clouds (2376 points)
[INFO] [1788331596.903231, 324.038000]: scanplanner_pointcloud_bridge: published 1850 clouds (2398 points)
[INFO] [1788331612.646836, 334.038000]: scanplanner_pointcloud_bridge: published 1900 clouds (2393 points)
[INFO] [1788331628.913014, 343.734000]: scanplanner_pointcloud_bridge: published 1950 clouds (2389 points)
[INFO] [1788331645.727818, 353.238000]: scanplanner_pointcloud_bridge: published 2000 clouds (2430 points)
[INFO] [1788331661.610606, 362.934000]: scanplanner_pointcloud_bridge: published 2050 clouds (2427 points)
[INFO] [1788331677.877560, 372.735000]: scanplanner_pointcloud_bridge: published 2100 clouds (2051 points)
[INFO] [1788331690.969472, 378.634000]: scanplanner_pointcloud_bridge: published 2150 clouds (2218 points)
[INFO] [1788331705.497510, 385.762000]: scanplanner_pointcloud_bridge: published 2200 clouds (2077 points)
[INFO] [1788331721.614596, 395.547000]: scanplanner_pointcloud_bridge: published 2250 clouds (2290 points)
[INFO] [1788331737.112207, 403.838000]: scanplanner_pointcloud_bridge: published 2300 clouds (2429 points)
[INFO] [1788331753.453392, 413.637000]: scanplanner_pointcloud_bridge: published 2350 clouds (2386 points)
[INFO] [1788331768.649281, 423.638000]: scanplanner_pointcloud_bridge: published 2400 clouds (2398 points)
[INFO] [1788331784.457394, 433.634000]: scanplanner_pointcloud_bridge: published 2450 clouds (2284 points)
[INFO] [1788331799.813513, 443.640000]: scanplanner_pointcloud_bridge: published 2500 clouds (2377 points)
[INFO] [1788331815.632934, 453.334000]: scanplanner_pointcloud_bridge: published 2550 clouds (2388 points)
[INFO] [1788331831.510869, 463.136000]: scanplanner_pointcloud_bridge: published 2600 clouds (2374 points)
[INFO] [1788331847.519363, 472.934000]: scanplanner_pointcloud_bridge: published 2650 clouds (2369 points)
[INFO] [1788331863.403980, 482.932000]: scanplanner_pointcloud_bridge: published 2700 clouds (2376 points)
[INFO] [1788331878.961647, 492.737000]: scanplanner_pointcloud_bridge: published 2750 clouds (2410 points)
[INFO] [1788331894.675503, 502.741000]: scanplanner_pointcloud_bridge: published 2800 clouds (2392 points)
[INFO] [1788331910.063468, 512.729000]: scanplanner_pointcloud_bridge: published 2850 clouds (2383 points)
[INFO] [1788331926.086287, 522.734000]: scanplanner_pointcloud_bridge: published 2900 clouds (2392 points)
[INFO] [1788331941.703638, 531.637000]: scanplanner_pointcloud_bridge: published 2950 clouds (2410 points)
[INFO] [1788331957.944884, 541.043000]: scanplanner_pointcloud_bridge: published 3000 clouds (2401 points)
[INFO] [1788331973.242520, 550.941000]: scanplanner_pointcloud_bridge: published 3050 clouds (2386 points)
[INFO] [1788331989.111462, 559.335000]: scanplanner_pointcloud_bridge: published 3100 clouds (2315 points)
[INFO] [1788332003.906549, 567.842000]: scanplanner_pointcloud_bridge: published 3150 clouds (2329 points)
[INFO] [1788332019.721126, 577.835000]: scanplanner_pointcloud_bridge: published 3200 clouds (2006 points)
[INFO] [1788332035.318751, 586.049000]: scanplanner_pointcloud_bridge: published 3250 clouds (2350 points)
[INFO] [1788332048.445354, 592.238000]: scanplanner_pointcloud_bridge: published 3300 clouds (2397 points)
[INFO] [1788332063.449918, 601.845000]: scanplanner_pointcloud_bridge: published 3350 clouds (2050 points)
[INFO] [1788332078.708778, 611.840000]: scanplanner_pointcloud_bridge: published 3400 clouds (2338 points)
[INFO] [1788331007.847964, 0.000000]: building_generator_classic_control ready
[INFO] [1788332082.752678, 614.620000]: Three-floor RL mission complete in first-floor lobby at (-0.25, 3.84, 0.31)
[WARN] [1788332099.557474, 615.745000]: Controller Spawner error while taking down controllers: transport error completing service call: unable to receive data from sender, check sender's logs for details
[31mWARNING: disk usage in log directory [/root/.ros/log] is over 1GB.
It's recommended that you use the 'rosclean' command.[0m
[31m[a1_gazebo/controller_spawner-5] escalating to SIGTERM[0m
[31m[gazebo-2] escalating to SIGTERM[0m

auto-starting new master
[1mprocess[master]: started with pid [973987][0m
[1mROS_MASTER_URI=http://localhost:11311[0m
]2;/root/autodl-tmp/code/restore/0803b/0902overall/threefloor_stress5_repro_20260827/work/mounts/SimEnv/src/simenv_bridge/launch/scanplanner_three_floor_rl.launch http://localhost:11311
[1msetting /run_id to a884e3d0-a698-11f1-b1be-0242ac110007[0m
[1mprocess[rosout-1]: started with pid [973997][0m
started core service [/rosout]
[1mprocess[gazebo-2]: started with pid [974005][0m
[1mprocess[urdf_spawner-3]: started with pid [974008][0m
[1mprocess[state_from_gazebo-4]: started with pid [974011][0m
[1mprocess[a1_gazebo/controller_spawner-5]: started with pid [974012][0m
[1mprocess[robot_state_publisher-6]: started with pid [974020][0m
[1mprocess[unpause_after_controllers-7]: started with pid [974022][0m
[1mprocess[building_control-8]: started with pid [974024][0m
[1mprocess[open_mapping_entrance-9]: started with pid [974029][0m
[1mprocess[junior_ctrl-10]: started with pid [974031][0m
[1mprocess[scanplanner_pointcloud_bridge-11]: started with pid [974032][0m
[1mprocess[scan_planner_node-12]: started with pid [974033][0m
[1mprocess[closed_loop_controller-13]: started with pid [974034][0m
[1mprocess[scanplanner_plane_rl_bootstrap-14]: started with pid [974046][0m
[1mprocess[rl_floor_command_mux-15]: started with pid [974051][0m
[1mprocess[stair_transition_manager-16]: started with pid [974065][0m
[1mprocess[second_to_third_floor_stair_manager-17]: started with pid [974077][0m
[1mprocess[stair_descent_manager-18]: started with pid [974078][0m
[1mprocess[scanplanner_three_floor_goal_sequencer-19]: started with pid [974079][0m
[1mprocess[scanplanner_red_ball_detector-20]: started with pid [974086][0m
[1mprocess[three_floor_rl_mission_supervisor-21]: started with pid [974088][0m
[1m[open_mapping_entrance-9] process has finished cleanly
log file: /root/.ros/log/a884e3d0-a698-11f1-b1be-0242ac110007/open_mapping_entrance-9*.log[0m
[1m[urdf_spawner-3] process has finished cleanly
log file: /root/.ros/log/a884e3d0-a698-11f1-b1be-0242ac110007/urdf_spawner-3*.log[0m
[1m[unpause_after_controllers-7] process has finished cleanly
log file: /root/.ros/log/a884e3d0-a698-11f1-b1be-0242ac110007/unpause_after_controllers-7*.log[0m
[1m[stair_transition_manager-16] process has finished cleanly
log file: /root/.ros/log/a884e3d0-a698-11f1-b1be-0242ac110007/stair_transition_manager-16*.log[0m
[1m[second_to_third_floor_stair_manager-17] process has finished cleanly
log file: /root/.ros/log/a884e3d0-a698-11f1-b1be-0242ac110007/second_to_third_floor_stair_manager-17*.log[0m
[1m[stair_descent_manager-18] process has finished cleanly
log file: /root/.ros/log/a884e3d0-a698-11f1-b1be-0242ac110007/stair_descent_manager-18*.log[0m
[three_floor_rl_mission_supervisor-21] killing on exit
[scanplanner_red_ball_detector-20] killing on exit
[scanplanner_three_floor_goal_sequencer-19] killing on exit
[rl_floor_command_mux-15] killing on exit
[scanplanner_plane_rl_bootstrap-14] killing on exit
[closed_loop_controller-13] killing on exit
[scan_planner_node-12] killing on exit
[scanplanner_pointcloud_bridge-11] killing on exit
[junior_ctrl-10] killing on exit
[building_control-8] killing on exit
[robot_state_publisher-6] killing on exit
[a1_gazebo/controller_spawner-5] killing on exit
[state_from_gazebo-4] killing on exit
[gazebo-2] killing on exit
[rosout-1] killing on exit
[master] killing on exit
shutting down processing monitor...
... shutting down processing monitor complete
[1mdone[0m
