xacro: in-order processing became default in ROS Melodic. You can drop the option.
... logging to /home/quinn/.ros/log/35fcc8dc-a93b-11f1-9447-05c1f50d701d/roslaunch-Legion-285318.log
Checking log directory for disk usage. This may take a while.
Press Ctrl-C to interrupt
Done checking log file disk usage. Usage is <1GB.
]2;/home/quinn/0904/threefloor_stress5_repro_20260827/work/mounts/SimEnv/src/simenv_bridge/launch/scanplanner_three_floor_rl.launch
[1mstarted roslaunch server http://Legion:38599/[0m

SUMMARY
========

CLEAR PARAMETERS
 * /scan_planner_node/

PARAMETERS
 * /a1_gazebo/FL_calf_controller/joint: FL_calf_joint
 * /a1_gazebo/FL_calf_controller/pid/d: 8.0
 * /a1_gazebo/FL_calf_controller/pid/i: 0.0
 * /a1_gazebo/FL_calf_controller/pid/p: 300.0
 * /a1_gazebo/FL_calf_controller/type: unitree_legged_co...
 * /a1_gazebo/FL_hip_controller/joint: FL_hip_joint
 * /a1_gazebo/FL_hip_controller/pid/d: 5.0
 * /a1_gazebo/FL_hip_controller/pid/i: 0.0
 * /a1_gazebo/FL_hip_controller/pid/p: 100.0
 * /a1_gazebo/FL_hip_controller/type: unitree_legged_co...
 * /a1_gazebo/FL_thigh_controller/joint: FL_thigh_joint
 * /a1_gazebo/FL_thigh_controller/pid/d: 8.0
 * /a1_gazebo/FL_thigh_controller/pid/i: 0.0
 * /a1_gazebo/FL_thigh_controller/pid/p: 300.0
 * /a1_gazebo/FL_thigh_controller/type: unitree_legged_co...
 * /a1_gazebo/FR_calf_controller/joint: FR_calf_joint
 * /a1_gazebo/FR_calf_controller/pid/d: 8.0
 * /a1_gazebo/FR_calf_controller/pid/i: 0.0
 * /a1_gazebo/FR_calf_controller/pid/p: 300.0
 * /a1_gazebo/FR_calf_controller/type: unitree_legged_co...
 * /a1_gazebo/FR_hip_controller/joint: FR_hip_joint
 * /a1_gazebo/FR_hip_controller/pid/d: 5.0
 * /a1_gazebo/FR_hip_controller/pid/i: 0.0
 * /a1_gazebo/FR_hip_controller/pid/p: 100.0
 * /a1_gazebo/FR_hip_controller/type: unitree_legged_co...
 * /a1_gazebo/FR_thigh_controller/joint: FR_thigh_joint
 * /a1_gazebo/FR_thigh_controller/pid/d: 8.0
 * /a1_gazebo/FR_thigh_controller/pid/i: 0.0
 * /a1_gazebo/FR_thigh_controller/pid/p: 300.0
 * /a1_gazebo/FR_thigh_controller/type: unitree_legged_co...
 * /a1_gazebo/RL_calf_controller/joint: RL_calf_joint
 * /a1_gazebo/RL_calf_controller/pid/d: 8.0
 * /a1_gazebo/RL_calf_controller/pid/i: 0.0
 * /a1_gazebo/RL_calf_controller/pid/p: 300.0
 * /a1_gazebo/RL_calf_controller/type: unitree_legged_co...
 * /a1_gazebo/RL_hip_controller/joint: RL_hip_joint
 * /a1_gazebo/RL_hip_controller/pid/d: 5.0
 * /a1_gazebo/RL_hip_controller/pid/i: 0.0
 * /a1_gazebo/RL_hip_controller/pid/p: 100.0
 * /a1_gazebo/RL_hip_controller/type: unitree_legged_co...
 * /a1_gazebo/RL_thigh_controller/joint: RL_thigh_joint
 * /a1_gazebo/RL_thigh_controller/pid/d: 8.0
 * /a1_gazebo/RL_thigh_controller/pid/i: 0.0
 * /a1_gazebo/RL_thigh_controller/pid/p: 300.0
 * /a1_gazebo/RL_thigh_controller/type: unitree_legged_co...
 * /a1_gazebo/RR_calf_controller/joint: RR_calf_joint
 * /a1_gazebo/RR_calf_controller/pid/d: 8.0
 * /a1_gazebo/RR_calf_controller/pid/i: 0.0
 * /a1_gazebo/RR_calf_controller/pid/p: 300.0
 * /a1_gazebo/RR_calf_controller/type: unitree_legged_co...
 * /a1_gazebo/RR_hip_controller/joint: RR_hip_joint
 * /a1_gazebo/RR_hip_controller/pid/d: 5.0
 * /a1_gazebo/RR_hip_controller/pid/i: 0.0
 * /a1_gazebo/RR_hip_controller/pid/p: 100.0
 * /a1_gazebo/RR_hip_controller/type: unitree_legged_co...
 * /a1_gazebo/RR_thigh_controller/joint: RR_thigh_joint
 * /a1_gazebo/RR_thigh_controller/pid/d: 8.0
 * /a1_gazebo/RR_thigh_controller/pid/i: 0.0
 * /a1_gazebo/RR_thigh_controller/pid/p: 300.0
 * /a1_gazebo/RR_thigh_controller/type: unitree_legged_co...
 * /a1_gazebo/joint_limits/FL_calf_joint/has_position_limits: False
 * /a1_gazebo/joint_limits/FR_calf_joint/has_position_limits: False
 * /a1_gazebo/joint_limits/RL_calf_joint/has_position_limits: False
 * /a1_gazebo/joint_limits/RR_calf_joint/has_position_limits: False
 * /a1_gazebo/joint_state_controller/publish_rate: 1000
 * /a1_gazebo/joint_state_controller/type: joint_state_contr...
 * /body_pose_topic: /Odometry_gazebo
 * /closed_loop_controller/finish_dist: 0.15
 * /closed_loop_controller/heading_error_threshold: 0.8
 * /closed_loop_controller/kp_pos: 0.8
 * /closed_loop_controller/kp_yaw: 1.5
 * /closed_loop_controller/max_vx: 2.05
 * /closed_loop_controller/max_vy: 0.35
 * /closed_loop_controller/max_vyaw: 1.0
 * /closed_loop_controller/time_forward: 0.8
 * /gazebo/enable_ros_network: True
 * /rl_floor_command_mux/command_timeout_sec: 0.4
 * /rl_floor_command_mux/linear_acceleration: 2.2
 * /rl_floor_command_mux/linear_deceleration: 2.0
 * /rl_floor_command_mux/max_forward: 2.25
 * /rl_floor_command_mux/max_lateral: 0.75
 * /rl_floor_command_mux/max_reverse: 0.2
 * /rl_floor_command_mux/max_yaw: 3.0
 * /rl_floor_command_mux/output_topic: /cmd_vel
 * /rl_floor_command_mux/planner_topic: /scanplanner/plan...
 * /rl_floor_command_mux/rate: 30.0
 * /rl_floor_command_mux/yaw_acceleration: 2.4
 * /rl_floor_command_mux/yaw_slowdown: 1.05
 * /rl_floor_command_mux/yaw_translation_stop: 1.3
 * /robot_description: <?xml version="1....
 * /robot_name: a1
 * /rosdistro: noetic
 * /rosversion: 1.17.4
 * /scan_planner_node/fsm/emergency_time_: 1.0
 * /scan_planner_node/fsm/fail_safe: True
 * /scan_planner_node/fsm/is_real_world: True
 * /scan_planner_node/fsm/manual_goal_use_current_height: True
 * /scan_planner_node/fsm/max_replan_fail_count: 1000
 * /scan_planner_node/fsm/navi_mode: 1
 * /scan_planner_node/fsm/planning_horizon: 7.5
 * /scan_planner_node/fsm/thresh_no_replan: 0.1
 * /scan_planner_node/fsm/thresh_replan: 1.0
 * /scan_planner_node/grid_map/cloud_is_world: True
 * /scan_planner_node/grid_map/cx: 317.19
 * /scan_planner_node/grid_map/cy: 256.48
 * /scan_planner_node/grid_map/depth_filter_margin: 1
 * /scan_planner_node/grid_map/depth_filter_maxdist: 3.0
 * /scan_planner_node/grid_map/depth_filter_mindist: 0.3
 * /scan_planner_node/grid_map/double_cylinder_offset: 0.18
 * /scan_planner_node/grid_map/double_cylinder_radius: 0.25
 * /scan_planner_node/grid_map/fx: 609.59
 * /scan_planner_node/grid_map/fy: 609.22
 * /scan_planner_node/grid_map/k_depth_scaling_factor: 1000.0
 * /scan_planner_node/grid_map/map_sliding_thresh: 0.2
 * /scan_planner_node/grid_map/max_ray_length: 5.0
 * /scan_planner_node/grid_map/need_extrinsic: True
 * /scan_planner_node/grid_map/obstacles_inflation_z_down: 0.4
 * /scan_planner_node/grid_map/obstacles_inflation_z_up: 0.1
 * /scan_planner_node/grid_map/p_hit: 0.85
 * /scan_planner_node/grid_map/p_max: 0.98
 * /scan_planner_node/grid_map/p_min: 0.12
 * /scan_planner_node/grid_map/p_miss: 0.3
 * /scan_planner_node/grid_map/p_occ: 0.8
 * /scan_planner_node/grid_map/resolution: 0.05
 * /scan_planner_node/grid_map/sensor_type: lidar
 * /scan_planner_node/grid_map/skip_pixel: 2
 * /scan_planner_node/grid_map/sliding_map_size_x: 10.0
 * /scan_planner_node/grid_map/sliding_map_size_y: 10.0
 * /scan_planner_node/grid_map/sliding_map_size_z: 5.0
 * /scan_planner_node/grid_map/vis_height: 0.3
 * /scan_planner_node/manager/control_points_distance: 0.2
 * /scan_planner_node/manager/feasibility_tolerance: 0.5
 * /scan_planner_node/manager/max_acc: 1.1
 * /scan_planner_node/manager/max_jerk: 4.0
 * /scan_planner_node/manager/max_vel: 2.05
 * /scan_planner_node/manager/planning_horizon: 7.5
 * /scan_planner_node/optimization/acc_tolerance: 1.0
 * /scan_planner_node/optimization/dist0: 0.2
 * /scan_planner_node/optimization/lambda_collision: 1.0
 * /scan_planner_node/optimization/lambda_feasibility: 0.1
 * /scan_planner_node/optimization/lambda_fitness: 1.0
 * /scan_planner_node/optimization/lambda_smooth: 1.0
 * /scan_planner_node/optimization/max_acc: 1.1
 * /scan_planner_node/optimization/max_vel: 2.05
 * /scan_planner_node/optimization/vel_tolerance: 1.0
 * /scanplanner_plane_rl_bootstrap/fixed_stand_max_duration_sec: 25.0
 * /scanplanner_plane_rl_bootstrap/release_after_rl_request: True
 * /scanplanner_plane_rl_bootstrap/rl_repeat_seconds: 120.0
 * /scanplanner_plane_rl_bootstrap/stand_after_seconds: 1.0
 * /scanplanner_pointcloud_bridge/input: /scan
 * /scanplanner_pointcloud_bridge/laser_blind: 0.5
 * /scanplanner_pointcloud_bridge/maximum_rate_hz: 5.0
 * /scanplanner_pointcloud_bridge/maximum_vertical_angle_deg: 55
 * /scanplanner_pointcloud_bridge/minimum_vertical_angle_deg: -7
 * /scanplanner_pointcloud_bridge/odom_topic: /Odometry_gazebo
 * /scanplanner_pointcloud_bridge/output: /registered_scan
 * /scanplanner_pointcloud_bridge/world_frame: map
 * /scanplanner_red_ball_detector/camera_info_topic: /recording_camera...
 * /scanplanner_red_ball_detector/camera_ready_topic: /simenv/recording...
 * /scanplanner_red_ball_detector/confirm_count: 3
 * /scanplanner_red_ball_detector/depth_topic: /real_sense/depth...
 * /scanplanner_red_ball_detector/floor_height_m: 2.6
 * /scanplanner_red_ball_detector/ground_range_scale: 0.95
 * /scanplanner_red_ball_detector/image_topic: /recording_camera...
 * /scanplanner_red_ball_detector/layout_metadata: /tmp/simenv_bridg...
 * /scanplanner_red_ball_detector/maximum_processing_rate_hz: 0.0
 * /scanplanner_red_ball_detector/merge_radius: 1.1
 * /scanplanner_red_ball_detector/out_json: /home/quinn/0904/...
 * /scanplanner_red_ball_detector/require_room_boundary_during_scan: True
 * /scanplanner_red_ball_detector/room_boundary_margin_m: 0.5
 * /scanplanner_red_ball_detector/scan_active_topic: /scanplanner/room...
 * /scanplanner_red_ball_detector/use_depth: True
 * /scanplanner_three_floor_goal_sequencer/direct_plane_distance_gain: 1.25
 * /scanplanner_three_floor_goal_sequencer/direct_plane_max_lateral_speed_mps: 0.75
 * /scanplanner_three_floor_goal_sequencer/direct_plane_min_forward_speed: 0.3
 * /scanplanner_three_floor_goal_sequencer/direct_plane_translation_heading_limit_rad: 1.45
 * /scanplanner_three_floor_goal_sequencer/direct_plane_yaw_rate: 1.15
 * /scanplanner_three_floor_goal_sequencer/direct_stair_yaw_rate: 0.35
 * /scanplanner_three_floor_goal_sequencer/entrance_fixed_heading_release_rad: 0.2
 * /scanplanner_three_floor_goal_sequencer/entrance_lateral_gain: 0.6
 * /scanplanner_three_floor_goal_sequencer/entrance_max_lateral_speed_mps: 0.12
 * /scanplanner_three_floor_goal_sequencer/entrance_progress_timeout_sec: 5.0
 * /scanplanner_three_floor_goal_sequencer/entrance_recovery_hold_sec: 1.0
 * /scanplanner_three_floor_goal_sequencer/entrance_recovery_max_attempts: 2
 * /scanplanner_three_floor_goal_sequencer/entrance_speed_scale: 1.45
 * /scanplanner_three_floor_goal_sequencer/floor_control_settle_sec: 0.15
 * /scanplanner_three_floor_goal_sequencer/handoff_timeout_sec: 300.0
 * /scanplanner_three_floor_goal_sequencer/manager_release_settle_sec: 0.1
 * /scanplanner_three_floor_goal_sequencer/maximum_floor_speed: 2.25
 * /scanplanner_three_floor_goal_sequencer/maximum_replans: 2
 * /scanplanner_three_floor_goal_sequencer/minimum_upright_duration_sec: 0.6
 * /scanplanner_three_floor_goal_sequencer/minimum_upright_z: 0.55
 * /scanplanner_three_floor_goal_sequencer/mission_config: /tmp/simenv_bridg...
 * /scanplanner_three_floor_goal_sequencer/output_dir: /home/quinn/0904/...
 * /scanplanner_three_floor_goal_sequencer/plane_attitude_hold_upright_z: 0.9
 * /scanplanner_three_floor_goal_sequencer/plane_attitude_slowdown_upright_z: 0.97
 * /scanplanner_three_floor_goal_sequencer/plane_fast_takeover: True
 * /scanplanner_three_floor_goal_sequencer/plane_fast_takeover_blend_seconds: 0.5
 * /scanplanner_three_floor_goal_sequencer/plane_fast_takeover_zero_hold_seconds: 0.15
 * /scanplanner_three_floor_goal_sequencer/plane_motion_start_ramp_initial_speed_mps: 0.3
 * /scanplanner_three_floor_goal_sequencer/plane_motion_start_ramp_minimum_upright_z: 0.985
 * /scanplanner_three_floor_goal_sequencer/plane_motion_start_ramp_seconds: 3.0
 * /scanplanner_three_floor_goal_sequencer/policy_timeout_sec: 35.0
 * /scanplanner_three_floor_goal_sequencer/progress_timeout_sec: 45.0
 * /scanplanner_three_floor_goal_sequencer/room_scan_settle_sec: 0.1
 * /scanplanner_three_floor_goal_sequencer/room_scan_timeout_sec: 30.0
 * /scanplanner_three_floor_goal_sequencer/room_scan_turn_rad: 1.9
 * /scanplanner_three_floor_goal_sequencer/room_scan_yaw_rate: 2.8
 * /scanplanner_three_floor_goal_sequencer/room_tolerance: 0.4
 * /scanplanner_three_floor_goal_sequencer/speed_scale: 2.6
 * /scanplanner_three_floor_goal_sequencer/stage_announcement_hold_sec: 0.15
 * /scanplanner_three_floor_goal_sequencer/startup_timeout_sec: 240.0
 * /scanplanner_three_floor_goal_sequencer/waypoint_timeout_sec: 150.0
 * /second_to_third_floor_stair_manager/ascent_maximum_speed_mps: 0.8
 * /second_to_third_floor_stair_manager/ascent_speed_mps: 0.8
 * /second_to_third_floor_stair_manager/ascent_timeout_sec: 45.0
 * /second_to_third_floor_stair_manager/auto_start: False
 * /second_to_third_floor_stair_manager/command_topic: /cmd_vel
 * /second_to_third_floor_stair_manager/enable_truth_return_gate: False
 * /second_to_third_floor_stair_manager/enable_visual_stair_alignment: False
 * /second_to_third_floor_stair_manager/entry_alignment_yaw_rate_rps: 0.4
 * /second_to_third_floor_stair_manager/flight_a_height_gain_m: 1.05
 * /second_to_third_floor_stair_manager/flight_b_timeout_sec: 22.0
 * /second_to_third_floor_stair_manager/height_plot_basename: 21_truth_stair_he...
 * /second_to_third_floor_stair_manager/hold_rl_during_ascent: True
 * /second_to_third_floor_stair_manager/landing_cross_distance_m: 0.95
 * /second_to_third_floor_stair_manager/landing_cross_speed_mps: 0.75
 * /second_to_third_floor_stair_manager/landing_heading_tolerance_rad: 0.15
 * /second_to_third_floor_stair_manager/landing_timeout_sec: 30.0
 * /second_to_third_floor_stair_manager/landing_turn_angle_rad: -2.4
 * /second_to_third_floor_stair_manager/landing_turn_speed_rps: 1.2
 * /second_to_third_floor_stair_manager/mission_failure_token: SECOND_FLOOR_EXPL...
 * /second_to_third_floor_stair_manager/mission_trigger_token: SECOND_FLOOR_EXPL...
 * /second_to_third_floor_stair_manager/mission_trigger_topic: /simenv/second_fl...
 * /second_to_third_floor_stair_manager/odom_topic: /Odometry_gazebo
 * /second_to_third_floor_stair_manager/offline_stair_model_sdf: /tmp/simenv_bridg...
 * /second_to_third_floor_stair_manager/offline_truth_layout_metadata: /tmp/simenv_bridg...
 * /second_to_third_floor_stair_manager/output_dir: /home/quinn/0904/...
 * /second_to_third_floor_stair_manager/plane_policy: /home/quinn/0904/...
 * /second_to_third_floor_stair_manager/policy_warmup_seconds: 0.2
 * /second_to_third_floor_stair_manager/pre_ascent_rl_fast_blend_seconds: 0.5
 * /second_to_third_floor_stair_manager/pre_ascent_rl_fast_takeover: True
 * /second_to_third_floor_stair_manager/pre_ascent_rl_fast_zero_hold_seconds: 0.15
 * /second_to_third_floor_stair_manager/pre_ascent_rl_settle_seconds: 0.6
 * /second_to_third_floor_stair_manager/pre_ascent_stand_seconds: 0.0
 * /second_to_third_floor_stair_manager/second_floor_handoff_timeout_sec: 90.0
 * /second_to_third_floor_stair_manager/second_floor_stable_seconds: 0.5
 * /second_to_third_floor_stair_manager/source_floor_index: 1
 * /second_to_third_floor_stair_manager/stair_policy: /home/quinn/0904/...
 * /second_to_third_floor_stair_manager/state_topic: /simenv/second_to...
 * /second_to_third_floor_stair_manager/target_floor_number: 3
 * /second_to_third_floor_stair_manager/total_height_gain_m: 2.2
 * /second_to_third_floor_stair_manager/trajectory_plot_basename: 21_f2_to_third_fl...
 * /second_to_third_floor_stair_manager/transition_log_basename: second_to_third_f...
 * /second_to_third_floor_stair_manager/transition_plot_basename: 21_second_to_thir...
 * /second_to_third_floor_stair_manager/truth_entry_final_speed_mps: 0.55
 * /second_to_third_floor_stair_manager/truth_entry_guide: True
 * /second_to_third_floor_stair_manager/truth_entry_guide_min_speed_mps: 0.25
 * /second_to_third_floor_stair_manager/truth_entry_guide_speed_mps: 0.45
 * /second_to_third_floor_stair_manager/truth_entry_timeout_sec: 120.0
 * /second_to_third_floor_stair_manager/truth_fixed_two_flight_profile: True
 * /second_to_third_floor_stair_manager/truth_flight_a_backslide_recovery_hold_seconds: 1.5
 * /second_to_third_floor_stair_manager/truth_flight_a_backslide_recovery_max_attempts: 2
 * /second_to_third_floor_stair_manager/truth_flight_a_backslide_recovery_ramp_seconds: 1.0
 * /second_to_third_floor_stair_manager/truth_flight_a_backslide_recovery_ramp_speed_mps: 0.4
 * /second_to_third_floor_stair_manager/truth_flight_a_climb_ramp_seconds: 1.2
 * /second_to_third_floor_stair_manager/truth_flight_a_near_edge_strong_center_error_m: 0.24
 * /second_to_third_floor_stair_manager/truth_flight_a_policy_capture_max_joint_velocity_rms: 0.18
 * /second_to_third_floor_stair_manager/truth_flight_a_policy_fast_fixed_stand: True
 * /second_to_third_floor_stair_manager/truth_flight_a_policy_fast_fixed_stand_duration_seconds: 0.5
 * /second_to_third_floor_stair_manager/truth_flight_a_policy_fast_fixed_stand_minimum_elapsed_seconds: 0.5
 * /second_to_third_floor_stair_manager/truth_flight_a_policy_fast_fixed_stand_minimum_gain_ratio: 0.75
 * /second_to_third_floor_stair_manager/truth_flight_a_policy_fast_fixed_stand_settle_seconds: 0.0
 * /second_to_third_floor_stair_manager/truth_flight_a_policy_fast_fixed_stand_stable_seconds: 0.5
 * /second_to_third_floor_stair_manager/truth_flight_a_policy_fixed_stand_ready_timeout_sec: 12.0
 * /second_to_third_floor_stair_manager/truth_flight_a_policy_require_fixed_stand_ready: True
 * /second_to_third_floor_stair_manager/truth_flight_a_policy_settle_seconds: 0.35
 * /second_to_third_floor_stair_manager/truth_flight_a_policy_settle_timeout_sec: 8.0
 * /second_to_third_floor_stair_manager/truth_flight_a_policy_stand_seconds: 0.1
 * /second_to_third_floor_stair_manager/truth_flight_a_policy_use_default_stand_target: False
 * /second_to_third_floor_stair_manager/truth_flight_a_rearward_slip_max_climb_speed_mps: 0.12
 * /second_to_third_floor_stair_manager/truth_flight_a_rearward_slip_speed_mps: 0.3
 * /second_to_third_floor_stair_manager/truth_flight_a_recovery_center_speed_mps: 0.22
 * /second_to_third_floor_stair_manager/truth_flight_a_recovery_forward_speed_mps: 0.6
 * /second_to_third_floor_stair_manager/truth_flight_a_require_fresh_ready: True
 * /second_to_third_floor_stair_manager/truth_flight_a_stall_release_seconds: 1.5
 * /second_to_third_floor_stair_manager/truth_flight_a_strong_recovery_forward_speed_mps: 0.4
 * /second_to_third_floor_stair_manager/truth_flight_b_max_yaw_rate_rps: 0.1
 * /second_to_third_floor_stair_manager/truth_flight_b_near_edge_strong_center_error_m: 0.24
 * /second_to_third_floor_stair_manager/truth_flight_b_pitch_min_height_gain_m: 0.08
 * /second_to_third_floor_stair_manager/truth_flight_b_pitch_rate_min_abs_rad: 0.6
 * /second_to_third_floor_stair_manager/truth_flight_b_pitch_rate_trigger_rps: 1.6
 * /second_to_third_floor_stair_manager/truth_flight_b_pitch_rate_window_sec: 0.18
 * /second_to_third_floor_stair_manager/truth_flight_b_pitch_recovery_max_attempts: 2
 * /second_to_third_floor_stair_manager/truth_flight_b_rearward_slip_speed_mps: 0.3
 * /second_to_third_floor_stair_manager/truth_flight_b_recovery_forward_speed_mps: 0.6
 * /second_to_third_floor_stair_manager/truth_flight_b_recovery_hold_seconds: 4.0
 * /second_to_third_floor_stair_manager/truth_flight_b_severe_pitch_detect_seconds: 0.1
 * /second_to_third_floor_stair_manager/truth_flight_b_severe_pitch_rad: 0.8
 * /second_to_third_floor_stair_manager/truth_flight_b_strong_recovery_forward_speed_mps: 0.4
 * /second_to_third_floor_stair_manager/truth_landing_recenter_speed_mps: 0.75
 * /second_to_third_floor_stair_manager/truth_two_stage_guide: True
 * /second_to_third_floor_stair_manager/truth_upper_floor_exit_clearance_m: 0.8
 * /second_to_third_floor_stair_manager/two_flight_stair: True
 * /second_to_third_floor_stair_manager/upper_floor_handoff_complete_phase: THIRD_FLOOR_HANDO...
 * /second_to_third_floor_stair_manager/upper_floor_handoff_timeout_phase: THIRD_FLOOR_HANDO...
 * /second_to_third_floor_stair_manager/upper_floor_reached_phase: THIRD_FLOOR_REACHED
 * /second_to_third_floor_stair_manager/upper_floor_ready_token: THIRD_FLOOR_EXPLO...
 * /second_to_third_floor_stair_manager/upper_floor_settle_phase: THIRD_FLOOR_SETTLE
 * /second_to_third_floor_stair_manager/upper_floor_state_topic: /simenv/third_flo...
 * /second_to_third_floor_stair_manager/upper_landing_clearance_grace_sec: 15.0
 * /second_to_third_floor_stair_manager/wait_for_second_floor_handoff: True
 * /second_to_third_floor_stair_manager/world_frame_ascent: True
 * /simenv/plane_tilt_guard_release_rad: 0.1
 * /simenv/plane_tilt_guard_stop_rad: 0.27
 * /simenv/plane_tilt_guard_warning_rad: 0.14
 * /stair_descent_manager/command_topic: /cmd_vel
 * /stair_descent_manager/descent_maximum_speed_mps: 0.8
 * /stair_descent_manager/descent_segment_timeout_sec: 600.0
 * /stair_descent_manager/descent_speed_mps: 0.8
 * /stair_descent_manager/end_floor_number: 1
 * /stair_descent_manager/mission_trigger_token: THIRD_FLOOR_EXPLO...
 * /stair_descent_manager/mission_trigger_topic: /simenv/third_flo...
 * /stair_descent_manager/odom_topic: /Odometry_gazebo
 * /stair_descent_manager/offline_stair_model_sdf: /tmp/simenv_bridg...
 * /stair_descent_manager/offline_truth_layout_metadata: /tmp/simenv_bridg...
 * /stair_descent_manager/output_dir: /home/quinn/0904/...
 * /stair_descent_manager/policy_switch_fast_fixed_stand: True
 * /stair_descent_manager/policy_switch_fast_fixed_stand_duration_seconds: 0.5
 * /stair_descent_manager/policy_switch_fast_fixed_stand_minimum_elapsed_seconds: 0.5
 * /stair_descent_manager/policy_switch_fast_fixed_stand_minimum_gain_ratio: 0.75
 * /stair_descent_manager/policy_switch_fast_fixed_stand_settle_seconds: 0.0
 * /stair_descent_manager/policy_switch_fast_fixed_stand_stable_seconds: 0.5
 * /stair_descent_manager/policy_switch_fixed_stand_timeout_sec: 12.0
 * /stair_descent_manager/policy_switch_max_joint_velocity_rms: 0.35
 * /stair_descent_manager/policy_switch_queue_hold_seconds: 0.25
 * /stair_descent_manager/policy_switch_reentry_timeout_sec: 20.0
 * /stair_descent_manager/policy_switch_settle_seconds: 0.45
 * /stair_descent_manager/policy_switch_settle_timeout_sec: 6.0
 * /stair_descent_manager/policy_warmup_seconds: 0.75
 * /stair_descent_manager/pre_descent_stand_seconds: 0.25
 * /stair_descent_manager/segment_one_log_basename: third_to_second_f...
 * /stair_descent_manager/segment_two_log_basename: second_to_first_f...
 * /stair_descent_manager/skip_entry_guide: True
 * /stair_descent_manager/stair_policy: /home/quinn/0904/...
 * /stair_descent_manager/start_floor_number: 3
 * /stair_descent_manager/state_topic: /simenv/third_to_...
 * /stair_descent_manager/transition_log_basename: stair_descent.json
 * /stair_descent_manager/truth_descent_backoff_escalation_m: 0.15
 * /stair_descent_manager/truth_descent_east_align_minimum_x_speed_mps: 0.3
 * /stair_descent_manager/truth_descent_east_align_tread_drop_m: 0.05
 * /stair_descent_manager/truth_descent_entry_guide_speed_mps: 1.15
 * /stair_descent_manager/truth_descent_final_landing_max_body_height_m: 1.0
 * /stair_descent_manager/truth_descent_final_landing_max_tilt_rad: 0.45
 * /stair_descent_manager/truth_descent_final_landing_min_body_height_m: 0.2
 * /stair_descent_manager/truth_descent_final_landing_minimum_upright_z: 0.75
 * /stair_descent_manager/truth_descent_final_landing_settle_seconds: 1.0
 * /stair_descent_manager/truth_descent_final_landing_timeout_sec: 20.0
 * /stair_descent_manager/truth_descent_flight_a_end_y: 1.75
 * /stair_descent_manager/truth_descent_flight_center_correction_error_m: 0.22
 * /stair_descent_manager/truth_descent_flight_center_correction_speed_mps: 0.5
 * /stair_descent_manager/truth_descent_flight_center_correction_yaw_rate_rps: 0.2
 * /stair_descent_manager/truth_descent_flight_center_steer_gain: 1.0
 * /stair_descent_manager/truth_descent_flight_center_steer_max_rad: 0.24
 * /stair_descent_manager/truth_descent_flight_end_slowdown_drop_m: 0.95
 * /stair_descent_manager/truth_descent_flight_end_speed_mps: 0.6
 * /stair_descent_manager/truth_descent_flight_heading_correction_error_rad: 0.22
 * /stair_descent_manager/truth_descent_flight_heading_correction_speed_mps: 0.4
 * /stair_descent_manager/truth_descent_flight_heading_correction_yaw_rate_rps: 0.3
 * /stair_descent_manager/truth_descent_flight_heading_gain: 0.55
 * /stair_descent_manager/truth_descent_flight_initial_hold_drop_m: 0.18
 * /stair_descent_manager/truth_descent_flight_initial_ramp_end_drop_m: 0.45
 * /stair_descent_manager/truth_descent_flight_initial_speed_mps: 0.55
 * /stair_descent_manager/truth_descent_flight_max_yaw_rate_rps: 0.14
 * /stair_descent_manager/truth_descent_flight_severe_tilt_hold_sec: 0.8
 * /stair_descent_manager/truth_descent_flight_severe_tilt_rad: 0.6
 * /stair_descent_manager/truth_descent_flight_severe_tilt_speed_mps: 0.3
 * /stair_descent_manager/truth_descent_flight_tilt_hold_sec: 0.6
 * /stair_descent_manager/truth_descent_flight_tilt_slowdown_rad: 0.48
 * /stair_descent_manager/truth_descent_flight_tilt_speed_mps: 0.55
 * /stair_descent_manager/truth_descent_gain_up_drop_m: 0.35
 * /stair_descent_manager/truth_descent_landing_heading_tolerance_rad: 0.18
 * /stair_descent_manager/truth_descent_landing_minimum_x_speed_mps: 0.3
 * /stair_descent_manager/truth_descent_landing_minimum_yaw_rate_rps: 0.34
 * /stair_descent_manager/truth_descent_landing_position_tolerance_m: 0.12
 * /stair_descent_manager/truth_descent_landing_recenter_speed_mps: 0.4
 * /stair_descent_manager/truth_descent_landing_settle_seconds: 1.5
 * /stair_descent_manager/truth_descent_landing_slip_max_attempts: 4
 * /stair_descent_manager/truth_descent_landing_turn_speed_rps: 1.2
 * /stair_descent_manager/truth_descent_max_center_error_m: 0.4
 * /stair_descent_manager/truth_descent_minimum_upright_z: 0.55
 * /stair_descent_manager/truth_descent_segment_turn_alignment_minimum_speed_mps: 0.3
 * /stair_descent_manager/truth_descent_segment_turn_alignment_progress_min_m: 0.025
 * /stair_descent_manager/truth_descent_segment_turn_alignment_progress_timeout_sec: 3.0
 * /stair_descent_manager/truth_descent_segment_turn_drift_limit_m: 0.4
 * /stair_descent_manager/truth_descent_segment_turn_lateral_speed_mps: 0.4
 * /stair_descent_manager/truth_descent_segment_turn_position_tolerance_m: 0.16
 * /stair_descent_manager/truth_descent_segment_turn_progress_min_improvement_rad: 0.11
 * /stair_descent_manager/truth_descent_segment_turn_progress_timeout_sec: 2.8
 * /stair_descent_manager/truth_descent_segment_turn_side_speed_mps: 0.4
 * /stair_descent_manager/truth_descent_segment_turn_x_safe_tolerance_m: 0.25
 * /stair_descent_manager/truth_descent_segment_turn_y_safe_high_m: 1.95
 * /stair_descent_manager/truth_descent_segment_turn_yaw_rate_rps: 1.0
 * /stair_descent_manager/truth_descent_side_slip_pause_sec: 0.5
 * /stair_descent_manager/truth_descent_stall_seconds: 3.0
 * /stair_descent_manager/truth_descent_step_pause_interval_m: 0.18
 * /stair_descent_manager/truth_descent_step_pause_seconds: 0.0
 * /stair_descent_manager/truth_descent_trigger_timeout_sec: 2400.0
 * /stair_descent_manager/truth_descent_turn_forward_speed_mps: 0.08
 * /stair_descent_manager/truth_descent_turn_forward_y_limit_m: 4.82
 * /stair_descent_manager/truth_descent_turn_start_y: 5.05
 * /stair_descent_manager/truth_entry_guide: True
 * /stair_descent_manager/truth_two_stage_guide: True
 * /stair_transition_manager/ascent_maximum_speed_mps: 0.8
 * /stair_transition_manager/ascent_speed_mps: 0.8
 * /stair_transition_manager/ascent_timeout_sec: 70.0
 * /stair_transition_manager/auto_start: False
 * /stair_transition_manager/command_topic: /cmd_vel
 * /stair_transition_manager/enable_truth_return_gate: False
 * /stair_transition_manager/enable_visual_stair_alignment: False
 * /stair_transition_manager/entry_alignment_yaw_rate_rps: 0.4
 * /stair_transition_manager/flight_a_height_gain_m: 1.05
 * /stair_transition_manager/flight_b_timeout_sec: 70.0
 * /stair_transition_manager/hold_rl_during_ascent: True
 * /stair_transition_manager/landing_cross_distance_m: 0.95
 * /stair_transition_manager/landing_cross_speed_mps: 0.75
 * /stair_transition_manager/landing_heading_tolerance_rad: 0.15
 * /stair_transition_manager/landing_timeout_sec: 30.0
 * /stair_transition_manager/landing_turn_angle_rad: -2.4
 * /stair_transition_manager/landing_turn_speed_rps: 1.2
 * /stair_transition_manager/odom_topic: /Odometry_gazebo
 * /stair_transition_manager/offline_stair_model_sdf: /tmp/simenv_bridg...
 * /stair_transition_manager/offline_truth_layout_metadata: /tmp/simenv_bridg...
 * /stair_transition_manager/output_dir: /home/quinn/0904/...
 * /stair_transition_manager/plane_policy: /home/quinn/0904/...
 * /stair_transition_manager/policy_warmup_seconds: 0.2
 * /stair_transition_manager/pre_ascent_rl_fast_blend_seconds: 0.5
 * /stair_transition_manager/pre_ascent_rl_fast_takeover: True
 * /stair_transition_manager/pre_ascent_rl_fast_zero_hold_seconds: 0.15
 * /stair_transition_manager/pre_ascent_rl_settle_seconds: 0.6
 * /stair_transition_manager/pre_ascent_stand_seconds: 0.0
 * /stair_transition_manager/second_floor_handoff_timeout_sec: 90.0
 * /stair_transition_manager/second_floor_stable_seconds: 0.5
 * /stair_transition_manager/stair_policy: /home/quinn/0904/...
 * /stair_transition_manager/total_height_gain_m: 2.2
 * /stair_transition_manager/truth_entry_final_speed_mps: 0.55
 * /stair_transition_manager/truth_entry_guide: True
 * /stair_transition_manager/truth_entry_guide_min_speed_mps: 0.25
 * /stair_transition_manager/truth_entry_guide_speed_mps: 0.45
 * /stair_transition_manager/truth_entry_timeout_sec: 120.0
 * /stair_transition_manager/truth_fixed_two_flight_profile: True
 * /stair_transition_manager/truth_flight_a_backslide_recovery_hold_seconds: 1.5
 * /stair_transition_manager/truth_flight_a_backslide_recovery_max_attempts: 2
 * /stair_transition_manager/truth_flight_a_backslide_recovery_ramp_seconds: 1.0
 * /stair_transition_manager/truth_flight_a_backslide_recovery_ramp_speed_mps: 0.4
 * /stair_transition_manager/truth_flight_a_climb_ramp_seconds: 1.2
 * /stair_transition_manager/truth_flight_a_near_edge_strong_center_error_m: 0.24
 * /stair_transition_manager/truth_flight_a_policy_capture_max_joint_velocity_rms: 0.18
 * /stair_transition_manager/truth_flight_a_policy_fast_fixed_stand: True
 * /stair_transition_manager/truth_flight_a_policy_fast_fixed_stand_duration_seconds: 0.5
 * /stair_transition_manager/truth_flight_a_policy_fast_fixed_stand_minimum_elapsed_seconds: 0.5
 * /stair_transition_manager/truth_flight_a_policy_fast_fixed_stand_minimum_gain_ratio: 0.75
 * /stair_transition_manager/truth_flight_a_policy_fast_fixed_stand_settle_seconds: 0.0
 * /stair_transition_manager/truth_flight_a_policy_fast_fixed_stand_stable_seconds: 0.5
 * /stair_transition_manager/truth_flight_a_policy_fixed_stand_ready_timeout_sec: 12.0
 * /stair_transition_manager/truth_flight_a_policy_require_fixed_stand_ready: True
 * /stair_transition_manager/truth_flight_a_policy_settle_seconds: 0.35
 * /stair_transition_manager/truth_flight_a_policy_settle_timeout_sec: 8.0
 * /stair_transition_manager/truth_flight_a_policy_stand_seconds: 0.1
 * /stair_transition_manager/truth_flight_a_policy_use_default_stand_target: False
 * /stair_transition_manager/truth_flight_a_prediction_horizon_sec: 1.1
 * /stair_transition_manager/truth_flight_a_rearward_slip_max_climb_speed_mps: 0.12
 * /stair_transition_manager/truth_flight_a_rearward_slip_speed_mps: 0.3
 * /stair_transition_manager/truth_flight_a_recovery_center_speed_mps: 0.22
 * /stair_transition_manager/truth_flight_a_recovery_forward_speed_mps: 0.6
 * /stair_transition_manager/truth_flight_a_require_fresh_ready: True
 * /stair_transition_manager/truth_flight_a_stall_release_seconds: 1.5
 * /stair_transition_manager/truth_flight_a_strong_recovery_forward_speed_mps: 0.4
 * /stair_transition_manager/truth_flight_b_max_yaw_rate_rps: 0.1
 * /stair_transition_manager/truth_flight_b_near_edge_strong_center_error_m: 0.24
 * /stair_transition_manager/truth_flight_b_pitch_min_height_gain_m: 0.08
 * /stair_transition_manager/truth_flight_b_pitch_rate_min_abs_rad: 0.6
 * /stair_transition_manager/truth_flight_b_pitch_rate_trigger_rps: 1.6
 * /stair_transition_manager/truth_flight_b_pitch_rate_window_sec: 0.18
 * /stair_transition_manager/truth_flight_b_pitch_recovery_max_attempts: 2
 * /stair_transition_manager/truth_flight_b_rearward_slip_speed_mps: 0.3
 * /stair_transition_manager/truth_flight_b_recovery_forward_speed_mps: 0.6
 * /stair_transition_manager/truth_flight_b_recovery_hold_seconds: 4.0
 * /stair_transition_manager/truth_flight_b_severe_pitch_detect_seconds: 0.1
 * /stair_transition_manager/truth_flight_b_severe_pitch_rad: 0.8
 * /stair_transition_manager/truth_flight_b_strong_recovery_forward_speed_mps: 0.4
 * /stair_transition_manager/truth_landing_recenter_speed_mps: 0.75
 * /stair_transition_manager/truth_two_stage_guide: True
 * /stair_transition_manager/two_flight_stair: True
 * /stair_transition_manager/upper_landing_clearance_grace_sec: 15.0
 * /stair_transition_manager/wait_for_second_floor_handoff: True
 * /stair_transition_manager/world_frame_ascent: True
 * /state_from_gazebo/robot_name: a1
 * /three_floor_rl_mission_supervisor/lobby_heading_stable_sec: 0.3
 * /three_floor_rl_mission_supervisor/lobby_initial_forward_speed_mps: 0.4
 * /three_floor_rl_mission_supervisor/lobby_linear_acceleration_mps2: 1.0
 * /three_floor_rl_mission_supervisor/minimum_upright_duration_sec: 0.6
 * /three_floor_rl_mission_supervisor/minimum_upright_z: 0.55
 * /three_floor_rl_mission_supervisor/mission_config: /tmp/simenv_bridg...
 * /three_floor_rl_mission_supervisor/mission_timeout_sec: 1800.0
 * /three_floor_rl_mission_supervisor/output_dir: /home/quinn/0904/...
 * /three_floor_rl_mission_supervisor/plane_fast_takeover: True
 * /three_floor_rl_mission_supervisor/plane_fast_takeover_blend_seconds: 0.5
 * /three_floor_rl_mission_supervisor/plane_fast_takeover_zero_hold_seconds: 0.15
 * /three_floor_rl_mission_supervisor/plane_motion_start_ramp_initial_speed_mps: 0.3
 * /three_floor_rl_mission_supervisor/plane_motion_start_ramp_minimum_upright_z: 0.985
 * /three_floor_rl_mission_supervisor/plane_motion_start_ramp_seconds: 3.0
 * /three_floor_rl_mission_supervisor/progress_timeout_sec: 20.0
 * /unpause_after_controllers/controller_namespace: /a1_gazebo
 * /unpause_after_controllers/load_window_seconds: 2.0
 * /unpause_after_controllers/timeout: 120
 * /use_sim_time: True
 * /world_file: /tmp/simenv_bridg...

NODES
  /
    building_control (building_generator_classic/building_generator_classic_control)
    closed_loop_controller (scan_planner/closed_loop_controller)
    gazebo (gazebo_ros/gzserver)
    junior_ctrl (simenv_bridge/classic_trotting_controller.py)
    open_mapping_entrance (simenv_competitor/open_mapping_entrance.py)
    rl_floor_command_mux (simenv_bridge/rl_floor_command_mux.py)
    robot_state_publisher (robot_state_publisher/robot_state_publisher)
    scan_planner_node (scan_planner/scan_planner_node)
    scanplanner_plane_rl_bootstrap (simenv_competitor/controller_mode_bootstrap.py)
    scanplanner_pointcloud_bridge (simenv_bridge/scanplanner_pointcloud_bridge.py)
    scanplanner_red_ball_detector (simenv_bridge/danger_detector.py)
    scanplanner_three_floor_goal_sequencer (simenv_bridge/scanplanner_three_floor_goal_sequencer.py)
    second_to_third_floor_stair_manager (simenv_bridge/stair_transition_manager.py)
    stair_descent_manager (simenv_bridge/stair_descent_manager.py)
    stair_transition_manager (simenv_bridge/stair_transition_manager.py)
    state_from_gazebo (unitree_guide/state_from_gazebo)
    three_floor_rl_mission_supervisor (simenv_bridge/three_floor_rl_mission_supervisor.py)
    unpause_after_controllers (simenv_competitor/unpause_after_controllers.py)
    urdf_spawner (gazebo_ros/spawn_model)
  /a1_gazebo/
    controller_spawner (controller_manager/spawner)
[33m[WARN] [1788620720.716604165]: [closed_loop_controller] ready.[0m
hit: 1.7346
miss: -0.847298
min log: -1.99243
max: 3.89182
thresh log: 1.38629
Using junior_ctrl: /home/quinn/0904/SimEnv-master/devel/lib/unitree_guide/junior_ctrl
Waiting for Gazebo A1 joint state and trunk IMU before junior_ctrl
[31m[ERROR] [1788620721.864410715]: GetModelState: model [a1_gazebo] does not exist[0m
[0m[INFO] [1788620721.056129500]: Finished loading Gazebo ROS API Plugin.[0m
[0m[INFO] [1788620721.060787202]: waitForService: Service [/gazebo/set_physics_properties] has not been advertised, waiting...[0m
[0m[INFO] [1788620721.800809030]: waitForService: Service [/gazebo/set_physics_properties] is now available.[0m
[0m[INFO] [1788620721.809255941]: Physics dynamic reconfigure ready.[0m
[0m[INFO] [1788620722.137241429]: <initialOrientationAsReference> is unset, using default value of false to comply with REP 145 (world as orientation reference)[0m
[0m[INFO] [1788620722.137274283]: <robotNamespace> set to: //[0m
[0m[INFO] [1788620722.137280704]: <topicName> set to: trunk_imu[0m
[0m[INFO] [1788620722.137285497]: <frameName> set to: imu_link[0m
[0m[INFO] [1788620722.137301918]: <updateRateHZ> set to: 1000[0m
[0m[INFO] [1788620722.137308780]: <gaussianNoise> set to: 0[0m
[0m[INFO] [1788620722.137324895]: <xyzOffset> set to: 0 0 0[0m
[0m[INFO] [1788620722.137340323]: <rpyOffset> set to: 0 -0 0[0m
[0m[INFO] [1788620722.159824430]: load csv file name:/home/quinn/0904/runtime_assets/SimEnv/src/unitree_guide/unitree_ros/robots/a1_description/scan_mode/mid360_stable.csv[0m
data size:2500
[livox] csv rows=2500
[0m[INFO] [1788620722.161311988]: ros topic name:/scan[0m
[0m[INFO] [1788620722.162043828]: scan info size:2500[0m
[livox] before RayPlugin::Load
[livox] after RayPlugin::Load
[livox] before CreateCollision
[livox] after CreateCollision
[0m[INFO] [1788620722.162388371]: sample:800[0m
[0m[INFO] [1788620722.162395550]: downsample:1[0m
[livox] before rayShape Load/Init samples=800
[livox] after rayShape Init
[INFO] [1788620721.029388, 0.000000]: Waiting to open mapping entrance main_entrance
[INFO] [1788620723.610300, 0.000000]: Mapping entrance ready: door 'main_entrance' set to open
[INFO] [1788620720.939851, 0.000000]: Loading model XML from ros parameter robot_description
[INFO] [1788620720.945630, 0.000000]: Waiting for service /gazebo/spawn_urdf_model
[INFO] [1788620721.852003, 0.000000]: Calling service /gazebo/spawn_urdf_model
[INFO] [1788620723.604237, 0.000000]: Spawn status: SpawnModel: Successfully spawned entity
[INFO] [1788620723.605262, 0.000000]: Waiting for service /gazebo/set_model_configuration
[INFO] [1788620723.607096, 0.000000]: temporary hack to **fix** the -J joint position option (issue #93), sleeping for 1 second to avoid race condition.
[INFO] [1788620724.609022, 0.000000]: Calling service /gazebo/set_model_configuration
[INFO] [1788620724.611792, 0.000000]: Set model configuration status: SetModelConfiguration: success
[INFO] [1788620726.591628, 0.000000]: Gazebo unpaused after 2.0 s paused controller-load window
[INFO] [1788620726.594236, 0.002000]: All 13 A1 controllers reached running state
A1 sensors and 12 joint controllers are ready; starting classic junior_ctrl
[INFO] Realtime scheduler disabled. Set UNITREE_ENABLE_REALTIME=1 to request SCHED_FIFO.
The control interface for ROS Gazebo simulation
robot_name: a1
controller dt: 0.004 s, frequency: 250.000 Hz
classic gait profile=trot period=0.550s stance_ratio=0.650
/home/quinn/0904/runtime_assets/SimEnv/src/unitree_guide/logs/policy_act_inference_plane.pt
cuda::is_available():0
RL inference device: cpu (requested=hybrid, policy=plane)
[INFO] RL policy resident in preload cache: /home/quinn/0904/runtime_assets/SimEnv/src/unitree_guide/logs/policy_act_inference_plane.pt
cuda::is_available():0
RL inference device: cpu (requested=hybrid, policy=plane)
load model is successed!
load model to device!
[INFO] UNITREE_RL_PRELOAD_PLANE_POLICY already cached: /home/quinn/0904/runtime_assets/SimEnv/src/unitree_guide/logs/policy_act_inference_plane.pt
cuda::is_available():0
[WARNING] UNITREE_RL_DEVICE=hybrid selected CUDA for this policy but CUDA is unavailable; using CPU.
RL inference device: cpu (requested=hybrid, policy=stair)
[INFO] RL policy resident in preload cache: /home/quinn/0904/runtime_assets/SimEnv/src/unitree_guide/logs/policy_act_inference_stair.pt
[INFO] UNITREE_RL_PRELOAD_STAIR_POLICY preloaded: /home/quinn/0904/runtime_assets/SimEnv/src/unitree_guide/logs/policy_act_inference_stair.pt
[INFO] RL observation source: trunk IMU and joint states (no ground truth).
[INFO] Autonomous startup: entering fixed stand (hold until /joy RL).
Switched from passive to fixed stand
[0m[INFO] [1788620728.277563294, 1.092000000]: [SCANReplanFSM] Set RViz goal height from initial body_pose z: 0.057[0m
[FSM]: state: INIT
wait for goal.
[FSM]: state: INIT
wait for goal.
[FSM]: state: INIT
wait for goal.
[FSM]: state: INIT
wait for goal.
[INFO] Hold-stand released; RL requested.
Switched from fixed stand to RL
[INFO] Entered RL /cmd_vel mode.
[FSM]: state: INIT
wait for goal.
[FSM]: state: INIT
wait for goal.
[FSM]: state: INIT
wait for goal.
[FSM]: state: INIT
wait for goal.
[FSM]: state: INIT
wait for goal.
[FSM]: state: INIT
wait for goal.
[0m[INFO] [1788620735.084624450, 5.462000000]: RL policy input vx=0.000 vy=0.000 wz=0.000 action_rms=0.315 ready=0 userCmd=0 kbd=0 raw=0.000,0.000,0.000 grav=-0.01,0.00,-0.98[0m
[0m[INFO] [1788620738.216683545, 7.476000000]: RL policy input vx=0.000 vy=0.000 wz=0.000 action_rms=0.209 ready=0 userCmd=0 kbd=0 raw=0.000,0.000,0.000 grav=-0.00,0.07,-0.98[0m
[0m[INFO] [1788620741.389486199, 9.494000000]: RL policy input vx=0.000 vy=0.000 wz=0.000 action_rms=0.147 ready=0 userCmd=0 kbd=0 raw=0.000,0.000,0.000 grav=0.00,0.00,-0.98[0m
[0m[INFO] [1788620743.570350832, 10.906000000]: RL locomotion_ready latched after 5.50 s takeover and 5.44 s stable hold[0m
cuda::is_available():0
[WARNING] UNITREE_RL_DEVICE=hybrid selected CUDA for this policy but CUDA is unavailable; using CPU.
RL inference device: cpu (requested=hybrid, policy=stair)
[INFO] RL policy hot-switched from preload cache: /home/quinn/0904/runtime_assets/SimEnv/src/unitree_guide/logs/policy_act_inference_stair.pt
[FSM]: state: INIT
wait for goal.
[FSM]: state: INIT
wait for goal.
[FSM]: state: INIT
wait for goal.
[FSM]: state: INIT
wait for goal.
[FSM]: state: INIT
wait for goal.
[FSM]: state: INIT
wait for goal.
[FSM]: state: INIT
wait for goal.
[FSM]: state: INIT
wait for goal.
[FSM]: state: INIT
wait for goal.
[FSM]: state: INIT
wait for goal.
[FSM]: state: INIT
wait for goal.
[FSM]: state: INIT
wait for goal.
[FSM]: state: INIT
wait for goal.
[FSM]: state: INIT
wait for goal.
[FSM]: state: INIT
wait for goal.
[33m[WARN] [1788620767.512355585, 26.252000000]: Using one-shot plane RL takeover profile: blend 0.50 s, zero hold 0.15 s[0m
[0m[INFO] [1788620744.524113392, 11.506000000]: RL policy input vx=0.000 vy=0.000 wz=0.000 action_rms=0.151 ready=0 userCmd=0 kbd=0 raw=0.000,0.000,0.000 grav=-0.01,0.00,-0.98[0m
[0m[INFO] [1788620747.652215771, 13.512000000]: RL policy input vx=0.000 vy=0.000 wz=0.000 action_rms=0.147 ready=0 userCmd=0 kbd=0 raw=0.000,0.000,0.000 grav=-0.01,0.02,-0.98[0m
[0m[INFO] [1788620750.770171524, 15.520000000]: RL policy input vx=0.000 vy=0.000 wz=0.000 action_rms=0.146 ready=0 userCmd=0 kbd=0 raw=0.000,0.000,0.000 grav=-0.02,0.02,-0.98[0m
[0m[INFO] [1788620752.181117855, 16.424000000]: RL locomotion_ready latched after 5.50 s takeover and 5.25 s stable hold[0m
[0m[INFO] [1788620753.894246270, 17.522000000]: RL policy input vx=0.348 vy=-0.008 wz=-0.000 action_rms=0.142 ready=1 userCmd=0 kbd=0 raw=0.348,-0.008,-0.000 grav=-0.00,0.02,-0.98[0m
[0m[INFO] [1788620757.039313495, 19.538000000]: RL policy input vx=0.522 vy=0.013 wz=0.009 action_rms=0.466 ready=1 userCmd=0 kbd=0 raw=0.522,0.013,0.009 grav=-0.02,-0.08,-0.98[0m
[0m[INFO] [1788620760.156154906, 21.542000000]: RL policy input vx=0.414 vy=-0.076 wz=-0.049 action_rms=0.133 ready=1 userCmd=0 kbd=0 raw=0.414,-0.076,-0.049 grav=-0.01,0.02,-0.98[0m
[0m[INFO] [1788620763.279351235, 23.548000000]: RL policy input vx=0.420 vy=-0.006 wz=-0.045 action_rms=0.176 ready=1 userCmd=0 kbd=0 raw=0.420,-0.006,-0.045 grav=0.01,0.03,-0.98[0m
[0m[INFO] [1788620766.428794601, 25.564000000]: RL policy input vx=0.420 vy=0.012 wz=-0.048 action_rms=0.187 ready=1 userCmd=0 kbd=0 raw=0.420,0.012,-0.048 grav=0.22,0.05,-0.95[0m
cuda::is_available():0
RL inference device: cpu (requested=hybrid, policy=plane)
[INFO] RL policy hot-switched from preload cache: /home/quinn/0904/runtime_assets/SimEnv/src/unitree_guide/logs/policy_act_inference_plane.pt
[FSM]: state: INIT
wait for goal.
[FSM]: state: INIT
wait for goal.
[FSM]: state: INIT
wait for goal.
[FSM]: state: INIT
wait for goal.
[FSM]: state: INIT
wait for goal.
[FSM]: state: INIT
wait for goal.
[FSM]: state: INIT
wait for goal.
[FSM]: state: INIT
wait for goal.
[FSM]: state: INIT
wait for goal.
[FSM]: state: INIT
wait for goal.
[FSM]: state: INIT
wait for goal.
[FSM]: state: INIT
wait for goal.
[FSM]: state: INIT
wait for goal.
[FSM]: state: INIT
wait for goal.
[FSM]: state: INIT
wait for goal.
[FSM]: state: INIT
wait for goal.
[FSM]: state: INIT
wait for goal.
[FSM]: state: INIT
wait for goal.
[FSM]: state: INIT
wait for goal.
[FSM]: state: INIT
wait for goal.
[FSM]: state: INIT
wait for goal.
[FSM]: state: INIT
wait for goal.
[FSM]: state: INIT
wait for goal.
[FSM]: state: INIT
wait for goal.
[FSM]: state: INIT
wait for goal.
[FSM]: state: INIT
wait for goal.
[FSM]: state: INIT
wait for goal.
[FSM]: state: INIT
wait for goal.
[FSM]: state: INIT
wait for goal.
[FSM]: state: INIT
wait for goal.
[FSM]: state: INIT
wait for goal.
[FSM]: state: INIT
wait for goal.
[FSM]: state: INIT
wait for goal.
[FSM]: state: INIT
wait for goal.
[FSM]: state: INIT
wait for goal.
[FSM]: state: INIT
wait for goal.
[FSM]: state: INIT
wait for goal.
[FSM]: state: INIT
wait for goal.
[FSM]: state: INIT
wait for goal.
[FSM]: state: INIT
wait for goal.
[FSM]: state: INIT
wait for goal.
[FSM]: state: INIT
wait for goal.
[FSM]: state: INIT
wait for goal.
[0m[INFO] [1788620768.555079917, 26.906000000]: RL locomotion_ready latched after 0.65 s takeover and 0.39 s stable hold[0m
[0m[INFO] [1788620769.574672191, 27.568000000]: RL policy input vx=0.884 vy=-0.064 wz=-0.080 action_rms=0.240 ready=1 userCmd=0 kbd=0 raw=0.884,-0.064,-0.080 grav=-0.04,-0.03,-0.98[0m
[0m[INFO] [1788620772.711405018, 29.568000000]: RL policy input vx=2.250 vy=-0.036 wz=-0.018 action_rms=0.301 ready=1 userCmd=0 kbd=0 raw=2.250,-0.036,-0.018 grav=0.01,-0.02,-0.98[0m
[0m[INFO] [1788620775.904364478, 31.582000000]: RL policy input vx=2.250 vy=-0.027 wz=-0.013 action_rms=0.191 ready=1 userCmd=0 kbd=0 raw=2.250,-0.027,-0.013 grav=-0.01,0.01,-0.98[0m
[0m[INFO] [1788620779.097374784, 33.594000000]: RL policy input vx=2.250 vy=0.021 wz=0.010 action_rms=0.237 ready=1 userCmd=0 kbd=0 raw=2.250,0.021,0.010 grav=0.01,-0.04,-0.98[0m
[0m[INFO] [1788620782.281474100, 35.606000000]: RL policy input vx=1.286 vy=0.147 wz=0.129 action_rms=0.250 ready=1 userCmd=0 kbd=0 raw=1.286,0.147,0.129 grav=0.03,-0.03,-0.98[0m
[0m[INFO] [1788620785.427196997, 37.618000000]: RL policy input vx=0.000 vy=0.000 wz=0.367 action_rms=0.148 ready=1 userCmd=0 kbd=0 raw=0.000,0.000,0.367 grav=0.02,0.00,-0.98[0m
[0m[INFO] [1788620788.661343758, 39.638000000]: RL policy input vx=0.450 vy=0.000 wz=0.038 action_rms=0.179 ready=1 userCmd=0 kbd=0 raw=0.450,0.000,0.038 grav=0.00,-0.01,-0.98[0m
[0m[INFO] [1788620791.884758378, 41.646000000]: RL policy input vx=0.450 vy=0.000 wz=-0.013 action_rms=0.211 ready=1 userCmd=0 kbd=0 raw=0.450,0.000,-0.013 grav=0.01,-0.02,-0.98[0m
[0m[INFO] [1788620795.097793520, 43.664000000]: RL policy input vx=0.897 vy=0.075 wz=0.092 action_rms=0.229 ready=1 userCmd=0 kbd=0 raw=0.897,0.075,0.092 grav=-0.00,0.00,-0.98[0m
[0m[INFO] [1788620798.347491352, 45.676000000]: RL policy input vx=0.900 vy=0.007 wz=0.008 action_rms=0.155 ready=1 userCmd=0 kbd=0 raw=0.900,0.007,0.008 grav=-0.00,-0.01,-0.98[0m
[0m[INFO] [1788620801.637211491, 47.694000000]: RL policy input vx=0.000 vy=0.000 wz=-0.671 action_rms=0.145 ready=1 userCmd=0 kbd=0 raw=0.000,0.000,-0.671 grav=0.03,-0.04,-0.98[0m
[0m[INFO] [1788620804.851203444, 49.714000000]: RL policy input vx=0.000 vy=0.000 wz=-1.274 action_rms=0.160 ready=1 userCmd=0 kbd=0 raw=0.000,0.000,-1.274 grav=0.00,-0.01,-0.98[0m
[0m[INFO] [1788620807.978683760, 51.720000000]: RL policy input vx=0.607 vy=0.550 wz=0.810 action_rms=0.168 ready=1 userCmd=0 kbd=0 raw=0.607,0.550,0.810 grav=-0.02,-0.00,-0.98[0m
[0m[INFO] [1788620811.086524273, 53.726000000]: RL policy input vx=0.897 vy=0.076 wz=0.093 action_rms=0.261 ready=1 userCmd=0 kbd=0 raw=0.897,0.076,0.093 grav=-0.01,0.02,-0.98[0m
[0m[INFO] [1788620814.211602365, 55.736000000]: RL policy input vx=0.000 vy=0.000 wz=2.738 action_rms=0.355 ready=1 userCmd=0 kbd=0 raw=0.000,0.000,2.738 grav=0.00,-0.00,-0.98[0m
[0m[INFO] [1788620817.368294840, 57.748000000]: RL policy input vx=0.000 vy=0.000 wz=-0.611 action_rms=0.179 ready=1 userCmd=0 kbd=0 raw=0.000,0.000,-0.611 grav=0.02,-0.02,-0.98[0m
[0m[INFO] [1788620820.500798480, 59.754000000]: RL policy input vx=0.864 vy=-0.251 wz=-0.311 action_rms=0.224 ready=1 userCmd=0 kbd=0 raw=0.864,-0.251,-0.311 grav=0.00,-0.06,-0.98[0m
[0m[INFO] [1788620823.625468497, 61.762000000]: RL policy input vx=0.322 vy=-0.014 wz=-0.046 action_rms=0.176 ready=1 userCmd=0 kbd=0 raw=0.322,-0.014,-0.046 grav=0.03,-0.03,-0.98[0m
[0m[INFO] [1788620826.748252088, 63.768000000]: RL policy input vx=0.000 vy=0.000 wz=-1.824 action_rms=0.329 ready=1 userCmd=0 kbd=0 raw=0.000,0.000,-1.824 grav=-0.01,-0.02,-0.98[0m
[0m[INFO] [1788620829.906650156, 65.780000000]: RL policy input vx=0.000 vy=0.000 wz=-0.175 action_rms=0.171 ready=1 userCmd=0 kbd=0 raw=0.000,0.000,-0.175 grav=0.02,0.00,-0.98[0m
[0m[INFO] [1788620833.070758135, 67.794000000]: RL policy input vx=0.812 vy=0.388 wz=0.490 action_rms=0.373 ready=1 userCmd=0 kbd=0 raw=0.812,0.388,0.490 grav=-0.01,0.04,-0.98[0m
[0m[INFO] [1788620836.207498217, 69.812000000]: RL policy input vx=0.772 vy=0.043 wz=0.061 action_rms=0.138 ready=1 userCmd=0 kbd=0 ra[FSM]: state: INIT
wait for goal.
[FSM]: state: INIT
wait for goal.
[FSM]: state: INIT
wait for goal.
[FSM]: state: INIT
wait for goal.
[FSM]: state: INIT
wait for goal.
[FSM]: state: INIT
wait for goal.
[FSM]: state: INIT
wait for goal.
[FSM]: state: INIT
wait for goal.
[FSM]: state: INIT
wait for goal.
[FSM]: state: INIT
wait for goal.
[FSM]: state: INIT
wait for goal.
[FSM]: state: INIT
wait for goal.
[FSM]: state: INIT
wait for goal.
[FSM]: state: INIT
wait for goal.
[FSM]: state: INIT
wait for goal.
[FSM]: state: INIT
wait for goal.
[FSM]: state: INIT
wait for goal.
[FSM]: state: INIT
wait for goal.
[FSM]: state: INIT
wait for goal.
[FSM]: state: INIT
wait for goal.
[FSM]: state: INIT
wait for goal.
[FSM]: state: INIT
wait for goal.
[FSM]: state: INIT
wait for goal.
[FSM]: state: INIT
wait for goal.
[FSM]: state: INIT
wait for goal.
[FSM]: state: INIT
wait for goal.
[FSM]: state: INIT
wait for goal.
[FSM]: state: INIT
wait for goal.
[FSM]: state: INIT
wait for goal.
[FSM]: state: INIT
wait for goal.
[FSM]: state: INIT
wait for goal.
[FSM]: state: INIT
wait for goal.
[FSM]: state: INIT
wait for goal.
[FSM]: state: INIT
wait for goal.
[FSM]: state: INIT
wait for goal.
[FSM]: state: INIT
wait for goal.
[FSM]: state: INIT
wait for goal.
[FSM]: state: INIT
wait for goal.
[33m[WARN] [1788620894.799132859, 107.140000000]: Plane tilt guard scaling cmd_vel by 0.93 at tilt 0.150 rad[0m
[FSM]: state: INIT
wait for goal.
[FSM]: state: INIT
wait for goal.
[FSM]: state: INIT
wait for goal.
[FSM]: state: INIT
wait for goal.
[33m[WARN] [1788620902.257876731, 111.974000000]: Plane tilt guard scaling cmd_vel by 0.84 at tilt 0.161 rad[0m
[FSM]: state: INIT
wait for goal.
[FSM]: state: INIT
wait for goal.
[FSM]: state: INIT
wait for goal.
[FSM]: state: INIT
wait for goal.
w=0.772,0.043,0.061 grav=-0.00,-0.00,-0.98[0m
[0m[INFO] [1788620839.335665077, 71.826000000]: RL policy input vx=1.515 vy=-0.750 wz=-0.488 action_rms=0.338 ready=1 userCmd=0 kbd=0 raw=1.515,-0.750,-0.488 grav=-0.05,-0.06,-0.98[0m
[0m[INFO] [1788620842.488037886, 73.834000000]: RL policy input vx=0.121 vy=0.000 wz=0.168 action_rms=0.155 ready=1 userCmd=0 kbd=0 raw=0.121,0.000,0.168 grav=0.03,-0.03,-0.98[0m
[0m[INFO] [1788620845.625207458, 75.836000000]: RL policy input vx=0.450 vy=0.000 wz=0.026 action_rms=0.165 ready=1 userCmd=0 kbd=0 raw=0.450,0.000,0.026 grav=0.01,-0.01,-0.98[0m
[0m[INFO] [1788620848.765050065, 77.838000000]: RL policy input vx=1.326 vy=-0.021 wz=-0.017 action_rms=0.240 ready=1 userCmd=0 kbd=0 raw=1.326,-0.021,-0.017 grav=-0.03,0.05,-0.98[0m
[0m[INFO] [1788620851.881163216, 79.840000000]: RL policy input vx=0.450 vy=0.000 wz=-0.010 action_rms=0.156 ready=1 userCmd=0 kbd=0 raw=0.450,0.000,-0.010 grav=0.01,-0.02,-0.98[0m
[0m[INFO] [1788620855.001641470, 81.844000000]: RL policy input vx=0.450 vy=0.000 wz=-0.034 action_rms=0.264 ready=1 userCmd=0 kbd=0 raw=0.450,0.000,-0.034 grav=0.01,-0.02,-0.98[0m
[0m[INFO] [1788620858.120670002, 83.848000000]: RL policy input vx=0.897 vy=0.067 wz=0.082 action_rms=0.372 ready=1 userCmd=0 kbd=0 raw=0.897,0.067,0.082 grav=-0.01,0.00,-0.98[0m
[0m[INFO] [1788620861.268071118, 85.864000000]: RL policy input vx=0.900 vy=0.012 wz=0.015 action_rms=0.201 ready=1 userCmd=0 kbd=0 raw=0.900,0.012,0.015 grav=0.00,-0.01,-0.98[0m
[0m[INFO] [1788620864.406530760, 87.878000000]: RL policy input vx=0.301 vy=-0.010 wz=-0.035 action_rms=0.147 ready=1 userCmd=0 kbd=0 raw=0.301,-0.010,-0.035 grav=0.02,-0.02,-0.98[0m
[0m[INFO] [1788620867.563441976, 89.888000000]: RL policy input vx=0.000 vy=0.000 wz=-2.900 action_rms=0.205 ready=1 userCmd=0 kbd=0 raw=0.000,0.000,-2.900 grav=0.01,0.00,-0.98[0m
[0m[INFO] [1788620870.701134759, 91.902000000]: RL policy input vx=0.343 vy=0.504 wz=1.071 action_rms=0.155 ready=1 userCmd=0 kbd=0 raw=0.343,0.504,1.071 grav=0.01,-0.03,-0.98[0m
[0m[INFO] [1788620873.891443809, 93.902000000]: RL policy input vx=0.895 vy=0.098 wz=0.121 action_rms=0.177 ready=1 userCmd=0 kbd=0 raw=0.895,0.098,0.121 grav=-0.00,0.01,-0.98[0m
[0m[INFO] [1788620877.034967676, 95.920000000]: RL policy input vx=0.000 vy=0.000 wz=2.121 action_rms=0.320 ready=1 userCmd=0 kbd=0 raw=0.000,0.000,2.121 grav=0.01,-0.00,-0.98[0m
[0m[INFO] [1788620880.191831552, 97.934000000]: RL policy input vx=0.903 vy=0.750 wz=0.762 action_rms=0.199 ready=1 userCmd=0 kbd=0 raw=0.903,0.750,0.762 grav=0.00,0.03,-0.98[0m
[0m[INFO] [1788620883.394398954, 99.934000000]: RL policy input vx=0.450 vy=0.000 wz=0.026 action_rms=0.270 ready=1 userCmd=0 kbd=0 raw=0.450,0.000,0.026 grav=0.01,0.01,-0.98[0m
[0m[INFO] [1788620886.635561402, 101.952000000]: RL policy input vx=0.450 vy=0.000 wz=-0.012 action_rms=0.158 ready=1 userCmd=0 kbd=0 raw=0.450,0.000,-0.012 grav=0.00,-0.02,-0.98[0m
[0m[INFO] [1788620889.841733640, 103.958000000]: RL policy input vx=0.000 vy=0.000 wz=-0.944 action_rms=0.260 ready=1 userCmd=0 kbd=0 raw=0.000,0.000,-0.944 grav=-0.00,-0.00,-0.98[0m
[0m[INFO] [1788620892.981733314, 105.964000000]: RL policy input vx=2.165 vy=-0.450 wz=-0.225 action_rms=0.318 ready=1 userCmd=0 kbd=0 raw=2.165,-0.450,-0.225 grav=-0.05,-0.06,-0.98[0m
[0m[INFO] [1788620896.071703469, 107.966000000]: RL policy input vx=2.248 vy=-0.090 wz=-0.044 action_rms=0.327 ready=1 userCmd=0 kbd=0 raw=2.248,-0.090,-0.044 grav=0.04,-0.03,-0.98[0m
[0m[INFO] [1788620899.179100152, 109.980000000]: RL policy input vx=2.245 vy=-0.154 wz=-0.075 action_rms=0.226 ready=1 userCmd=0 kbd=0 raw=2.245,-0.154,-0.075 grav=-0.01,-0.01,-0.98[0m
[0m[INFO] [1788620902.290720644, 111.996000000]: RL policy input vx=2.039 vy=0.161 wz=0.079 action_rms=0.224 ready=1 userCmd=0 kbd=0 raw=2.243,0.177,0.087 grav=-0.05,-0.15,-0.97[0m
[0m[INFO] [1788620905.384976474, 114.000000000]: RL policy input vx=0.000 vy=0.000 wz=0.756 action_rms=0.303 ready=1 userCmd=0 kbd=0 raw=0.000,0.000,0.756 grav=0.02,0.07,-0.98[0m
[0m[INFO] [1788620908.59[FSM]: state: INIT
wait for goal.
[FSM]: state: INIT
wait for goal.
[FSM]: state: INIT
wait for goal.
[FSM]: state: INIT
wait for goal.
[FSM]: state: INIT
wait for goal.
[FSM]: state: INIT
wait for goal.
[FSM]: state: INIT
wait for goal.
[FSM]: state: INIT
wait for goal.
[FSM]: state: INIT
wait for goal.
[FSM]: state: INIT
wait for goal.
[FSM]: state: INIT
wait for goal.
[FSM]: state: INIT
wait for goal.
[FSM]: state: INIT
wait for goal.
[FSM]: state: INIT
wait for goal.
[FSM]: state: INIT
wait for goal.
[FSM]: state: INIT
wait for goal.
[FSM]: state: INIT
wait for goal.
[FSM]: state: INIT
wait for goal.
[FSM]: state: INIT
wait for goal.
[33m[WARN] [1788620937.669899628, 134.512000000]: Plane tilt guard scaling cmd_vel by 0.98 at tilt 0.142 rad[0m
[FSM]: state: INIT
wait for goal.
[FSM]: state: INIT
wait for goal.
[FSM]: state: INIT
wait for goal.
[FSM]: state: INIT
wait for goal.
[FSM]: state: INIT
wait for goal.
[FSM]: state: INIT
wait for goal.
[FSM]: state: INIT
wait for goal.
[FSM]: state: INIT
wait for goal.
[FSM]: state: INIT
wait for goal.
[FSM]: state: INIT
wait for goal.
[FSM]: state: INIT
wait for goal.
[FSM]: state: INIT
wait for goal.
[FSM]: state: INIT
wait for goal.
[FSM]: state: INIT
wait for goal.
[FSM]: state: INIT
wait for goal.
[FSM]: state: INIT
wait for goal.
[FSM]: state: INIT
wait for goal.
[FSM]: state: INIT
wait for goal.
[FSM]: state: INIT
wait for goal.
[FSM]: state: INIT
wait for goal.
[FSM]: state: INIT
wait for goal.
[FSM]: state: INIT
wait for goal.
[FSM]: state: INIT
wait for goal.
[FSM]: state: INIT
wait for goal.
[INFO] [1788620721.109090, 0.000000]: danger_detector: loaded 12 room boundaries; scan margin=0.50 m
[INFO] [1788620726.773475, 0.114000]: danger_detector: first rendered RGB frame ready (320x240)
[INFO] [1788620752.212206, 16.444000]: danger_detector: exploration clock started after preparation
[INFO] [1788620804.234365, 49.318000]: danger_detector: scan batch label=floor_0_room_0_g3 raw=2 min_points=3 clusters=[]
[INFO] [1788620815.971088, 56.852000]: danger_detector: scan batch label=floor_0_room_0_g4 raw=2 min_points=3 clusters=[]
[INFO] [1788620815.972712, 56.854000]: danger_detector: requested one bounded rescan for floor_0_room_0 at floor_0_room_0_g4
[INFO] [1788620828.818806, 65.076000]: danger_detector: scan batch label=floor_0_room_0_g3 raw=0 min_points=3 clusters=[]
[INFO] [1788620867.051609, 89.564000]: danger_detector: confirmed red sphere #3 at [2.7124, 12.9705, 0.15], t=73.12s, stage=floor_1_exploration
[INFO] [1788620867.646242, 89.940000]: danger_detector: scan batch label=floor_0_room_1_g3 raw=6 min_points=3 clusters=[(2.771450100545592, 13.038686262167973)]
[INFO] [1788620876.860780, 95.810000]: danger_detector: confirmed red sphere #4 at [1.7093, 11.7763, 0.15], t=79.37s, stage=floor_1_exploration
[INFO] [1788620876.861840, 95.810000]: danger_detector: merged cross-view duplicate track 4 into track 3, distance=1.221m
[INFO] [1788620878.103470, 96.600000]: danger_detector: merged cross-view duplicate track 4 into track 3, distance=1.116m
[INFO] [1788620878.983457, 97.168000]: danger_detector: scan batch label=floor_0_room_1_g4 raw=15 min_points=3 clusters=[(2.126151279929954, 12.356392736771648)]
[INFO] [1788620878.984837, 97.170000]: danger_detector: merged cross-view duplicate track 4 into track 3, distance=1.116m
[INFO] [1788620880.002663, 97.810000]: danger_detector: merged cross-view duplicate track 4 into track 3, distance=1.116m
[INFO] [1788620881.976889, 99.054000]: danger_detector: merged cross-view duplicate track 4 into track 3, distance=1.116m
[INFO] [1788620883.989554, 100.304000]: danger_detector: merged cross-view duplicate track 4 into track 3, distance=1.116m
[INFO] [1788620886.001759, 101.556000]: danger_detector: merged cross-view duplicate track 4 into track 3, distance=1.116m
[INFO] [1788620888.002267, 102.806000]: danger_detector: merged cross-view duplicate track 4 into track 3, distance=1.116m
[INFO] [1788620890.003623, 104.058000]: danger_detector: merged cross-view duplicate track 4 into track 3, distance=1.116m
[INFO] [1788620891.979237, 105.316000]: danger_detector: merged cross-view duplicate track 4 into track 3, distance=1.116m
[INFO] [1788620894.155389, 106.722000]: danger_detector: merged cross-view duplicate track 4 into track 3, distance=1.116m
[INFO] [1788620896.888796, 108.494000]: danger_detector: merged cross-view duplicate track 4 into track 3, distance=1.116m
[INFO] [1788620899.872208, 110.430000]: danger_detector: merged cross-view duplicate track 4 into track 3, distance=1.116m
[INFO] [1788620902.778152, 112.312000]: danger_detector: merged cross-view duplicate track 4 into track 3, distance=1.116m
[INFO] [1788620905.406668, 114.014000]: danger_detector: merged cross-view duplicate track 4 into track 3, distance=1.116m
[INFO] [1788620907.373927, 115.254000]: danger_detector: merged cross-view duplicate track 4 into track 3, distance=1.116m
[INFO] [1788620909.357032, 116.500000]: danger_detector: merged cross-view duplicate track 4 into track 3, distance=1.116m
[INFO] [1788620911.351150, 117.752000]: danger_detector: merged cross-view duplicate track 4 into track 3, distance=1.116m
[INFO] [1788620913.337613, 119.004000]: danger_detector: merged cross-view duplicate track 4 into track 3, distance=1.116m
[INFO] [1788620915.331963, 120.256000]: danger_detector: merged cross-view duplicate track 4 into track 3, distance=1.116m
[INFO] [1788620917.329222, 121.504000]: danger_detector: merged cross-view duplicate track 4 into track 3, distance=1.116m
[INFO] [1788620919.318606, 122.754000]: danger_detector: merged cross-view duplicate track 4 into track 3, distance=1.116m
[INFO] [1788620921.306953, 124.002000]: danger_detector: merged cross-view duplicate track 4 into track 3, distance=1.116m
[INFO] [1788620923.297167, 125.256000]: danger_detector: merged cross-view duplicate track 4 into track 3, distance=1.116m
[INFO] [1788620924.954208, 126.330000]: danger_detector: scan batch label=floor_0_room_2_g3 raw=0 min_points=3 clusters=[]
[INFO] [1788620924.955526, 126.332000]: danger_detector: merged cross-view duplicate track 4 into track 3, distance=1.116m
[INFO] [1788620925.471696, 126.666000]: danger_detector: merged cross-view duplicate track 4 into track 3, distance=1.116m
[INFO] [1788620927.393952, 127.900000]: danger_detector: merged cross-view duplicate track 4 into track 3, distance=1.116m
[INFO] [1788620929.373225, 129.168000]: danger_detector: merged cross-view duplicate track 4 into track 3, distance=1.116m
[INFO] [1788620931.278349, 130.400000]: danger_detector: merged cross-view duplicate track 4 into track 3, distance=1.116m
[INFO] [1788620933.236687, 131.662000]: danger_detector: merged cross-view duplicate track 4 into track 3, distance=1.116m
[INFO] [1788620935.610202, 133.198000]: danger_detector: merged cross-view duplicate track 4 into track 3, distance=1.116m
[INFO] [1788620936.592994, 133.824000]: danger_detector: scan batch label=floor_0_room_2_g4 raw=0 min_points=3 clusters=[]
[INFO] [1788620936.594212, 133.824000]: danger_detector: merged cross-view duplicate track 4 into track 3, distance=1.116m
[INFO] [1788620937.587554, 134.460000]: danger_detector: merged cross-view duplicate track 4 into track 3, distance=1.116m
[INFO] [1788620939.550449, 135.704000]: danger_detector: merged cross-view duplicate track 4 into track 3, distance=1.116m
[INFO] [1788620941.506593, 136.950000]: danger_detector: merged cross-view duplicate track 4 into track 3, distance=1.116m
[INFO] [1788620943.478407, 138.204000]: danger_detector: merged cross-view duplicate track 4 into track 3, distance=1.116m
[INFO] [1788620945.431344, 139.456000]: danger_detector: merged cross-view duplicate track 4 into track 3, distance=1.116m
[INFO] [1788620947.366135, 140.702000]: danger_detector: merged cross-view duplicate track 4 into track 3, distance=1.116m
[INFO] [1788620949.317915, 141.946000]: danger_detector: merged cross-view duplicate track 4 into track 3, distance=1.116m
[INFO] [1788620951.291647, 143.204000]: danger_detector: merged cross-view duplicate track 4 into track 3, distance=1.116m
[INFO] [1788620953.248446, 144.452000]: danger_detector: merged cross-view duplicate track 4 into track 3, distance=1.116m
[INFO] [1788620955.217700, 145.704000]: danger_detector: merged cross-view duplicate track 4 into track 3, distance=1.116m
[INFO] [1788620957.193653, 146.956000]: danger_detector: merged cross-view duplicate track 4 into track 3, distance=1.116m
[INFO] [1788620959.147038, 148.204000]: danger_detector: merged cross-view duplicate track 4 into track 3, distance=1.116m
[INFO] [1788620961.115036, 149.452000]: danger_detector: merged cross-view duplicate track 4 into track 3, distance=1.116m
[INFO] [1788620963.082927, 150.706000]: danger_detector: merged cross-view duplicate track 4 into track 3, distance=1.116m
[INFO] [1788620965.041159, 151.950000]: danger_detector: merged cross-view duplicate track 4 into track 3, distance=1.116m
[INFO] [1788620966.984414, 153.198000]: danger_detector: merged cross-view duplicate track 4 into track 3, distance=1.116m
[INFO] [1788620967.033224, 153.230000]: danger_detector: scan batch label=floor_0_room_3_g3 raw=0 min_points=3 clusters=[]
[INFO] [1788620967.034248, 153.232000]: danger_detector: merged cross-view duplicate track 4 into track 3, distance=1.116m
[INFO] [1788620969.603465, 154.892000]: danger_detector: merged cross-view duplicate track 4 into track 3, distance=1.116m
[INFO] [1788620971.642561, 156.142000]: danger_detector: merged cross-view duplicate track 4 into track 3, distance=1.116m
[INFO] [1788620973.605247, 157.392000]: danger_detector: merged cross-view duplicate track 4 into track 3, distance=1.116m
[FSM]: state: INIT
wait for goal.
[FSM]: state: INIT
wait for goal.
0797743, 116.016000000]: RL policy input vx=0.448 vy=0.000 wz=0.092 action_rms=0.233 ready=1 userCmd=0 kbd=0 raw=0.448,0.000,0.092 grav=-0.01,-0.02,-0.98[0m
[0m[INFO] [1788620911.778531887, 118.028000000]: RL policy input vx=0.450 vy=0.000 wz=0.004 action_rms=0.194 ready=1 userCmd=0 kbd=0 raw=0.450,0.000,0.004 grav=0.01,-0.01,-0.98[0m
[0m[INFO] [1788620914.998971295, 120.046000000]: RL policy input vx=0.891 vy=0.127 wz=0.156 action_rms=0.171 ready=1 userCmd=0 kbd=0 raw=0.891,0.127,0.156 grav=-0.00,0.01,-0.98[0m
[0m[INFO] [1788620918.206564798, 122.056000000]: RL policy input vx=0.900 vy=0.013 wz=0.015 action_rms=0.346 ready=1 userCmd=0 kbd=0 raw=0.900,0.013,0.015 grav=-0.01,-0.01,-0.98[0m
[0m[INFO] [1788620921.403855640, 124.064000000]: RL policy input vx=0.396 vy=-0.010 wz=-0.028 action_rms=0.133 ready=1 userCmd=0 kbd=0 raw=0.396,-0.010,-0.028 grav=0.01,-0.02,-0.98[0m
[0m[INFO] [1788620924.555206956, 126.072000000]: RL policy input vx=0.000 vy=0.000 wz=-2.900 action_rms=0.206 ready=1 userCmd=0 kbd=0 raw=0.000,0.000,-2.900 grav=-0.00,0.01,-0.98[0m
[0m[INFO] [1788620927.684137551, 128.086000000]: RL policy input vx=0.000 vy=0.000 wz=1.500 action_rms=0.123 ready=1 userCmd=0 kbd=0 raw=0.000,0.000,1.500 grav=0.01,-0.02,-0.98[0m
[0m[INFO] [1788620930.819042530, 130.104000000]: RL policy input vx=0.890 vy=0.134 wz=0.164 action_rms=0.271 ready=1 userCmd=0 kbd=0 raw=0.890,0.134,0.164 grav=-0.00,0.03,-0.98[0m
[0m[INFO] [1788620933.922727938, 132.104000000]: RL policy input vx=0.000 vy=0.000 wz=0.493 action_rms=0.164 ready=1 userCmd=0 kbd=0 raw=0.000,0.000,0.493 grav=0.02,-0.03,-0.98[0m
[0m[INFO] [1788620937.058502171, 134.118000000]: RL policy input vx=0.567 vy=0.567 wz=1.638 action_rms=0.261 ready=1 userCmd=0 kbd=0 raw=0.567,0.567,1.638 grav=0.00,0.00,-0.98[0m
[0m[INFO] [1788620940.207053266, 136.120000000]: RL policy input vx=0.296 vy=-0.049 wz=-0.181 action_rms=0.262 ready=1 userCmd=0 kbd=0 raw=0.296,-0.049,-0.181 grav=0.03,-0.02,-0.98[0m
[0m[INFO] [1788620943.350266085, 138.124000000]: RL policy input vx=0.449 vy=0.000 wz=0.064 action_rms=0.172 ready=1 userCmd=0 kbd=0 raw=0.449,0.000,0.064 grav=0.00,-0.02,-0.98[0m
[0m[INFO] [1788620946.473406005, 140.126000000]: RL policy input vx=0.450 vy=0.000 wz=-0.006 action_rms=0.240 ready=1 userCmd=0 kbd=0 raw=0.450,0.000,-0.006 grav=0.01,-0.02,-0.98[0m
[0m[INFO] [1788620949.600933582, 142.126000000]: RL policy input vx=0.450 vy=0.000 wz=0.002 action_rms=0.157 ready=1 userCmd=0 kbd=0 raw=0.450,0.000,0.002 grav=0.03,-0.03,-0.98[0m
[0m[INFO] [1788620952.741548934, 144.132000000]: RL policy input vx=0.450 vy=0.000 wz=-0.017 action_rms=0.226 ready=1 userCmd=0 kbd=0 raw=0.450,0.000,-0.017 grav=0.01,-0.02,-0.98[0m
[0m[INFO] [1788620955.904704724, 146.146000000]: RL policy input vx=0.891 vy=0.126 wz=0.154 action_rms=0.162 ready=1 userCmd=0 kbd=0 raw=0.891,0.126,0.154 grav=-0.02,-0.03,-0.98[0m
[0m[INFO] [1788620959.053699251, 148.148000000]: RL policy input vx=0.900 vy=0.014 wz=0.018 action_rms=0.311 ready=1 userCmd=0 kbd=0 raw=0.900,0.014,0.018 grav=-0.01,-0.01,-0.98[0m
[0m[INFO] [1788620962.212511846, 150.150000000]: RL policy input vx=0.900 vy=0.004 wz=0.004 action_rms=0.204 ready=1 userCmd=0 kbd=0 raw=0.900,0.004,0.004 grav=-0.00,-0.01,-0.98[0m
[0m[INFO] [1788620965.353940734, 152.154000000]: RL policy input vx=0.000 vy=0.000 wz=-2.790 action_rms=0.208 ready=1 userCmd=0 kbd=0 raw=0.000,0.000,-2.790 grav=0.02,0.00,-0.98[0m
[0m[INFO] [1788620968.483368833, 154.166000000]: RL policy input vx=0.000 vy=0.000 wz=0.694 action_rms=0.152 ready=1 userCmd=0 kbd=0 raw=0.000,0.000,0.694 grav=0.02,0.01,-0.98[0m
[0m[INFO] [1788620971.692918970, 156.174000000]: RL policy input vx=0.862 vy=0.259 wz=0.321 action_rms=0.374 ready=1 userCmd=0 kbd=0 raw=0.862,0.259,0.321 grav=-0.02,0.07,-0.98[0m
[0m[INFO] [1788620974.828470686, 158.180000000]: RL policy input vx=0.510 vy=0.032 wz=0.068 action_rms=0.141 ready=1 userCmd=0 kbd=0 raw=0.510,0.032,0.068 grav=0.01,-0.02,-0.98[0m
[0m[INFO] [1788620977.973507494, 160.190000000]: RL policy input vx=0.000 vy=0.000 wz=2.900 action[FSM]: state: INIT
wait for goal.
[33m[WARN] [1788620980.029735325, 161.520000000]: Plane tilt guard scaling cmd_vel by 0.83 at tilt 0.163 rad[0m
[FSM]: state: INIT
wait for goal.
[FSM]: state: INIT
wait for goal.
[FSM]: state: INIT
wait for goal.
[FSM]: state: INIT
wait for goal.
[FSM]: state: INIT
wait for goal.
[FSM]: state: INIT
wait for goal.
[FSM]: state: INIT
wait for goal.
[FSM]: state: INIT
wait for goal.
[FSM]: state: INIT
wait for goal.
[FSM]: state: INIT
wait for goal.
[FSM]: state: INIT
wait for goal.
[FSM]: state: INIT
wait for goal.
[FSM]: state: INIT
wait for goal.
[FSM]: state: INIT
wait for goal.
[FSM]: state: INIT
wait for goal.
[FSM]: state: INIT
wait for goal.
[FSM]: state: INIT
wait for goal.
[33m[WARN] [1788621005.904455940, 178.194000000]: Plane tilt guard scaling cmd_vel by 0.95 at tilt 0.147 rad[0m
[FSM]: state: INIT
wait for goal.
[FSM]: state: INIT
wait for goal.
[FSM]: state: INIT
wait for goal.
[FSM]: state: INIT
wait for goal.
[FSM]: state: INIT
wait for goal.
[FSM]: state: INIT
wait for goal.
[FSM]: state: INIT
wait for goal.
[FSM]: state: INIT
wait for goal.
[FSM]: state: INIT
wait for goal.
[FSM]: state: INIT
wait for goal.
[FSM]: state: INIT
wait for goal.
[FSM]: state: INIT
wait for goal.
[FSM]: state: INIT
wait for goal.
[FSM]: state: INIT
wait for goal.
[FSM]: state: INIT
wait for goal.
[FSM]: state: INIT
wait for goal.
[FSM]: state: INIT
wait for goal.
_rms=0.181 ready=1 userCmd=0 kbd=0 raw=0.000,0.000,2.900 grav=0.03,0.00,-0.98[0m
[0m[INFO] [1788620981.080034760, 162.198000000]: RL policy input vx=0.744 vy=0.169 wz=0.246 action_rms=0.207 ready=1 userCmd=0 kbd=0 raw=0.744,0.169,0.246 grav=0.03,-0.01,-0.98[0m
[0m[INFO] [1788620984.196223416, 164.202000000]: RL policy input vx=0.449 vy=0.000 wz=0.089 action_rms=0.168 ready=1 userCmd=0 kbd=0 raw=0.449,0.000,0.089 grav=0.00,-0.03,-0.98[0m
[0m[INFO] [1788620987.316423982, 166.216000000]: RL policy input vx=0.450 vy=0.000 wz=0.005 action_rms=0.301 ready=1 userCmd=0 kbd=0 raw=0.450,0.000,0.005 grav=0.00,-0.02,-0.98[0m
[0m[INFO] [1788620990.442382895, 168.224000000]: RL policy input vx=0.163 vy=0.450 wz=1.150 action_rms=0.227 ready=1 userCmd=0 kbd=0 raw=0.163,0.450,1.150 grav=0.04,-0.05,-0.98[0m
[0m[INFO] [1788620993.558476687, 170.234000000]: RL policy input vx=2.225 vy=0.332 wz=0.163 action_rms=0.350 ready=1 userCmd=0 kbd=0 raw=2.225,0.332,0.163 grav=0.01,0.07,-0.98[0m
[0m[INFO] [1788620996.666789740, 172.234000000]: RL policy input vx=2.249 vy=-0.068 wz=-0.033 action_rms=0.336 ready=1 userCmd=0 kbd=0 raw=2.249,-0.068,-0.033 grav=0.01,-0.00,-0.98[0m
[0m[INFO] [1788620999.786080930, 174.248000000]: RL policy input vx=2.249 vy=-0.057 wz=-0.028 action_rms=0.260 ready=1 userCmd=0 kbd=0 raw=2.249,-0.057,-0.028 grav=0.01,-0.02,-0.98[0m
[0m[INFO] [1788621002.903440062, 176.262000000]: RL policy input vx=2.248 vy=-0.092 wz=-0.045 action_rms=0.302 ready=1 userCmd=0 kbd=0 raw=2.248,-0.092,-0.045 grav=0.01,-0.02,-0.98[0m
[0m[INFO] [1788621006.039470068, 178.280000000]: RL policy input vx=2.244 vy=0.162 wz=0.079 action_rms=0.271 ready=1 userCmd=0 kbd=0 raw=2.244,0.162,0.079 grav=0.06,-0.06,-0.98[0m
[0m[INFO] [1788621009.179741167, 180.296000000]: RL policy input vx=0.611 vy=-0.350 wz=-0.572 action_rms=0.391 ready=1 userCmd=0 kbd=0 raw=0.611,-0.350,-0.572 grav=0.05,0.04,-0.98[0m
[0m[INFO] [1788621012.294034055, 182.308000000]: RL policy input vx=1.848 vy=-0.077 wz=-0.046 action_rms=0.311 ready=1 userCmd=0 kbd=0 raw=1.848,-0.077,-0.046 grav=0.01,-0.04,-0.98[0m
[0m[INFO] [1788621015.434029148, 184.326000000]: RL policy input vx=1.850 vy=0.042 wz=0.025 action_rms=0.313 ready=1 userCmd=0 kbd=0 raw=1.850,0.042,0.025 grav=0.03,-0.05,-0.98[0m
[0m[INFO] [1788621018.530391945, 186.326000000]: RL policy input vx=0.000 vy=0.000 wz=-1.000 action_rms=0.179 ready=1 userCmd=0 kbd=0 raw=0.000,0.000,-1.000 grav=0.04,0.02,-0.98[0m
[0m[INFO] [1788621021.628433343, 188.326000000]: RL policy input vx=0.000 vy=0.000 wz=-0.146 action_rms=0.151 ready=1 userCmd=0 kbd=0 raw=0.000,0.000,-0.146 grav=-0.01,-0.00,-0.98[0m
[0m[INFO] [1788621024.732335255, 190.326000000]: RL policy input vx=0.322 vy=0.000 wz=-0.152 action_rms=0.243 ready=1 userCmd=0 kbd=0 raw=0.322,0.000,-0.152 grav=0.03,-0.01,-0.98[0m
[0m[INFO] [1788621027.836779663, 192.328000000]: RL policy input vx=0.000 vy=0.000 wz=-0.218 action_rms=0.168 ready=1 userCmd=0 kbd=0 raw=0.000,0.000,-0.218 grav=-0.01,0.00,-0.98[0m
[0m[INFO] [1788621030.944455605, 194.332000000]: RL policy input vx=0.000 vy=0.000 wz=-0.236 action_rms=0.143 ready=1 userCmd=0 kbd=0 raw=0.000,0.000,-0.236 grav=0.00,0.00,-0.98[0m
Switched from RL to fixed stand
infer_thread退出!
[33m[WARN] [1788621033.574047196, 196.006000000]: Using one-shot captured-pose FixedStand profile: ramp 0.50 s, settle 0.00 s, ready after 0.50 s + 0.50 s stable, minimum gain 0.75[0m
[INFO] Using /stand_target_joints param stance.
[FSM]: state: INIT
wait for goal.
Switched from fixed stand to RL
[INFO] Entered RL /cmd_vel mode.
[33m[WARN] [1788621034.880276187, 196.846000000]: Using one-shot stair RL takeover profile: blend 0.50 s, zero hold 0.15 s[0m
cuda::is_available():0
[WARNING] UNITREE_RL_DEVICE=hybrid selected CUDA for this policy but CUDA is unavailable; using CPU.
RL inference device: cpu (requested=hybrid, policy=stair)
[INFO] RL policy activated from preload cache at FixedStand entry boundary: /home/quinn/0904/runtime_assets/SimEnv/src/unitree_guide/logs/policy_act_inference_stair.pt
[FSM]: state: INIT
wait for goal.
[FSM]: state: INIT
wait for goal.
[FSM]: state: INIT
wait for goal.
[FSM]: state: INIT
wait for goal.
[FSM]: state: INIT
wait for goal.
[FSM]: state: INIT
wait for goal.
[FSM]: state: INIT
wait for goal.
[FSM]: state: INIT
wait for goal.
[FSM]: state: INIT
wait for goal.
[FSM]: state: INIT
wait for goal.
[FSM]: state: INIT
wait for goal.
[FSM]: state: INIT
wait for goal.
[FSM]: state: INIT
wait for goal.
[FSM]: state: INIT
wait for goal.
[FSM]: state: INIT
wait for goal.
[FSM]: state: INIT
wait for goal.
[FSM]: state: INIT
wait for goal.
[FSM]: state: INIT
wait for goal.
[FSM]: state: INIT
wait for goal.
[FSM]: state: INIT
wait for goal.
[FSM]: state: INIT
wait for goal.
[FSM]: state: INIT
wait for goal.
[FSM]: state: INIT
wait for goal.
[FSM]: state: INIT
wait for goal.
[33m[WARN] [1788621072.242253093, 220.770000000]: Using one-shot plane RL takeover profile: blend 0.50 s, zero hold 0.15 s[0m
[0m[INFO] [1788621034.881476981, 196.848000000]: RL policy input vx=0.000 vy=0.000 wz=0.000 action_rms=0.199 ready=0 userCmd=0 kbd=0 raw=0.000,0.000,0.000 grav=-0.01,-0.01,-0.98[0m
[0m[INFO] [1788621035.901910504, 197.506000000]: RL locomotion_ready latched after 0.66 s takeover and 0.66 s stable hold[0m
[0m[INFO] [1788621038.004502457, 198.848000000]: RL policy input vx=0.800 vy=-0.018 wz=-0.008 action_rms=0.226 ready=1 userCmd=0 kbd=0 raw=0.800,-0.018,-0.008 grav=-0.23,-0.10,-0.95[0m
[0m[INFO] [1788621041.136394427, 200.850000000]: RL policy input vx=0.798 vy=0.055 wz=0.024 action_rms=0.683 ready=1 userCmd=0 kbd=0 raw=0.798,0.055,0.024 grav=-0.38,-0.06,-0.90[0m
[0m[INFO] [1788621044.292319985, 202.870000000]: RL policy input vx=0.800 vy=0.001 wz=0.001 action_rms=0.301 ready=1 userCmd=0 kbd=0 raw=0.800,0.001,0.001 grav=-0.40,-0.08,-0.89[0m
[0m[INFO] [1788621047.437565234, 204.886000000]: RL policy input vx=-0.024 vy=-0.750 wz=-1.200 action_rms=0.155 ready=1 userCmd=0 kbd=0 raw=-0.024,-0.750,-1.200 grav=-0.07,0.00,-0.98[0m
[0m[INFO] [1788621050.568485388, 206.886000000]: RL policy input vx=0.417 vy=-0.091 wz=-0.240 action_rms=0.152 ready=1 userCmd=0 kbd=0 raw=0.417,-0.091,-0.240 grav=0.01,-0.01,-0.98[0m
[0m[INFO] [1788621053.719918971, 208.894000000]: RL policy input vx=0.000 vy=0.000 wz=-0.814 action_rms=0.164 ready=1 userCmd=0 kbd=0 raw=0.000,0.000,-0.814 grav=-0.01,0.00,-0.98[0m
[0m[INFO] [1788621056.844376866, 210.894000000]: RL policy input vx=0.000 vy=0.000 wz=-0.240 action_rms=0.159 ready=1 userCmd=0 kbd=0 raw=0.000,0.000,-0.240 grav=-0.03,0.03,-0.98[0m
[0m[INFO] [1788621059.985743573, 212.898000000]: RL policy input vx=0.000 vy=0.000 wz=0.000 action_rms=0.165 ready=1 userCmd=0 kbd=0 raw=0.000,0.000,0.000 grav=-0.03,0.02,-0.98[0m
[0m[INFO] [1788621063.153766643, 214.916000000]: RL policy input vx=0.596 vy=0.212 wz=0.007 action_rms=0.404 ready=1 userCmd=0 kbd=0 raw=0.596,0.212,0.007 grav=-0.47,-0.03,-0.86[0m
[0m[INFO] [1788621066.273457503, 216.934000000]: RL policy input vx=0.626 vy=-0.088 wz=0.064 action_rms=0.543 ready=1 userCmd=0 kbd=0 raw=0.626,-0.088,0.064 grav=-0.33,0.03,-0.92[0m
[0m[INFO] [1788621069.405213885, 218.940000000]: RL policy input vx=0.615 vy=-0.150 wz=0.029 action_rms=0.461 ready=1 userCmd=0 kbd=0 raw=0.615,-0.150,0.029 grav=-0.36,0.06,-0.91[0m
cuda::is_available():0
RL inference device: cpu (requested=hybrid, policy=plane)
[INFO] RL policy hot-switched from preload cache: /home/quinn/0904/runtime_assets/SimEnv/src/unitree_guide/logs/policy_act_inference_plane.pt
[FSM]: state: INIT
wait for goal.
[INFO] [1788621032.259158, 195.160000]: Robot is already 0.02 m from the pre-riser pose; skipping the corridor/side legs.
[INFO] [1788621032.261023, 195.160000]: Pre-ascent residual heading error -0.115 rad (visual_depth=False, bearing=none).
[INFO] [1788621033.156209, 195.740000]: Pre-ascent stand target set from flight-A pre-reload capture entry sample
[INFO] [1788621033.163108, 195.744000]: Flight-A plane gait settled at joint RMS 0.171; holding FixedStand for at least 0.1 s at snapshot pose before queued stair-policy entry.
[INFO] [1788621034.594931, 196.662000]: Flight-A FixedStand readiness gate complete; queued the stair policy for State_RL entry and retaining stand ownership for 0.25 s.
[INFO] [1788621034.873038, 196.842000]: Flight-A policy request has been queued under FixedStand; requesting RL so State_RL loads it before inference starts.
[INFO] [1788621035.931209, 197.524000]: Fresh RL readiness confirmed after the flight-A FixedStand boundary; starting the climb ramp.
[INFO] [1788621035.954813, 197.540000]: Flight-A fresh RL readiness observed; ascent clocks reset and 1.2 s climb ramp started.
[INFO] [1788621035.955983, 197.540000]: STPUB phase=STAIR_ASCENT world=(0.000,0.001,-0.029) body=(0.001,-0.000,-0.029) truth_z=0.312 pose=0.3118355242130793
[INFO] [1788621037.537787, 198.560000]: STPUB phase=STAIR_ASCENT world=(0.000,0.800,-0.018) body=(0.799,-0.040,-0.018) truth_z=0.329 pose=0.3290703380225501
[INFO] [1788621039.146468, 199.580000]: STPUB phase=STAIR_ASCENT world=(0.000,0.800,0.046) body=(0.793,0.105,0.046) truth_z=0.526 pose=0.5256379504487088
[INFO] [1788621040.743918, 200.600000]: STPUB phase=STAIR_ASCENT world=(0.000,0.800,0.035) body=(0.796,0.080,0.035) truth_z=0.780 pose=0.7801552428020218
[INFO] [1788621042.331970, 201.620000]: STPUB phase=STAIR_ASCENT world=(0.220,0.600,0.038) body=(0.620,-0.154,0.038) truth_z=0.991 pose=0.9911532515949459
[INFO] [1788621043.932783, 202.640000]: STPUB phase=STAIR_ASCENT world=(0.000,0.800,0.024) body=(0.798,0.055,0.024) truth_z=1.198 pose=1.1982667857015974
[INFO] [1788621045.532656, 203.660000]: STPUB phase=STAIR_ASCENT world=(0.000,0.800,-0.005) body=(0.800,-0.010,-0.005) truth_z=1.417 pose=1.4168130698153687
[INFO] [1788621047.118517, 204.680000]: STPUB phase=STAIR_ASCENT world=(0.220,0.600,-0.017) body=(0.589,-0.248,-0.017) truth_z=1.592 pose=1.5916441780975497
[INFO] [1788621047.210268, 204.740000]: Intermediate landing entered at y=4.75 m; starting moving turn.
[INFO] [1788621048.707219, 205.700000]: STPUB phase=STAIR_LANDING_TURN world=(0.750,0.000,-0.799) body=(0.560,-0.498,-0.799) truth_z=1.615 pose=1.6150403552777441
[INFO] [1788621050.305132, 206.720000]: STPUB phase=STAIR_LANDING_TURN world=(0.499,0.000,-0.279) body=(0.483,-0.125,-0.279) truth_z=1.613 pose=1.612737720064119
[INFO] [1788621051.914725, 207.740000]: STPUB phase=STAIR_LANDING_TURN world=(0.300,0.000,-0.109) body=(0.299,-0.030,-0.109) truth_z=1.616 pose=1.6156007221934878
[INFO] [1788621053.511150, 208.760000]: STPUB phase=STAIR_LANDING_TURN world=(0.000,0.000,-0.924) body=(0.000,0.000,-0.924) truth_z=1.623 pose=1.6234288220760051
[INFO] [1788621055.089185, 209.780000]: STPUB phase=STAIR_LANDING_TURN world=(0.000,0.000,-0.366) body=(0.000,0.000,-0.366) truth_z=1.621 pose=1.6213023892560947
[INFO] [1788621056.698625, 210.800000]: STPUB phase=STAIR_LANDING_TURN world=(0.000,0.000,-0.240) body=(0.000,0.000,-0.240) truth_z=1.629 pose=1.6288060507832167
[INFO] [1788621058.294233, 211.820000]: STPUB phase=STAIR_LANDING_TURN world=(0.000,0.000,-0.240) body=(0.000,0.000,-0.240) truth_z=1.634 pose=1.6341293072880663
[INFO] [1788621059.335647, 212.480000]: Flight-B entry aligned: x error=-0.001 m, heading error=-0.150 rad.
[INFO] [1788621059.337396, 212.480000]: Flight-B entry joints saved (12 dofs) -> /home/quinn/0904/results/official_gui_rtf065_s111_20260905_230436/flight_b_entry_joints_0.json
[INFO] [1788621059.366633, 212.500000]: ASCENT_B gate: entry_guide=True truth_pose=True start_z=0.312 profile=True heading=-1.571 pose_z=1.636179600958853 truth_z=1.636179600958853
[INFO] [1788621059.369894, 212.502000]: Pre-ascent RL settle: holding zero command until motion is stable for 0.6 s before FixedStand.
[INFO] [1788621059.372910, 212.502000]: Pre-ascent RL settle active: stable 0.00/0.60 s.
[INFO] [1788621059.988746, 212.900000]: Pre-ascent RL motion settled for 0.62 s; settle-only gate complete (FixedStand disabled).
[INFO] [1788621060.018638, 212.920000]: STPUB phase=STAIR_ASCENT_B world=(0.000,-0.800,-0.074) body=(0.782,-0.168,-0.074) truth_z=1.635 pose=1.634599162851666
[INFO] [1788621060.965470, 213.520000]: ASCENT_B gate: entry_guide=True truth_pose=True start_z=0.312 profile=True heading=-1.571 pose_z=1.6764654290931893 truth_z=1.6764654290931893
[INFO] [1788621061.632568, 213.940000]: STPUB phase=STAIR_ASCENT_B world=(0.000,-0.600,-0.045) body=(0.595,-0.077,-0.045) truth_z=1.747 pose=1.7464776383359186
[INFO] [1788621062.567220, 214.540000]: ASCENT_B gate: entry_guide=True truth_pose=True start_z=0.312 profile=True heading=-1.571 pose_z=1.8896599553238418 truth_z=1.8896599553238418
[INFO] [1788621063.219191, 214.960000]: STPUB phase=STAIR_ASCENT_B world=(0.200,-0.600,0.017) body=(0.590,0.228,0.017) truth_z=1.962 pose=1.961419024104439
[INFO] [1788621064.146424, 215.560000]: ASCENT_B gate: entry_guide=True truth_pose=True start_z=0.312 profile=True heading=-1.571 pose_z=2.0942702793681156 truth_z=2.0942702793681156
[INFO] [1788621064.794921, 215.980000]: STPUB phase=STAIR_ASCENT_B world=(-0.200,-0.600,0.027) body=(0.614,-0.153,0.027) truth_z=2.162 pose=2.1621678986954835
[INFO] [1788621065.726286, 216.580000]: ASCENT_B gate: entry_guide=True truth_pose=True start_z=0.312 profile=True heading=-1.571 pose_z=2.265406569293604 truth_z=2.265406569293604
[INFO] [1788621066.373358, 217.000000]: STPUB phase=STAIR_ASCENT_B world=(-0.200,-0.600,0.060) body=(0.625,-0.095,0.060) truth_z=2.328 pose=2.3276716032960776
[INFO] [1788621067.322647, 217.600000]: ASCENT_B gate: entry_guide=True truth_pose=True start_z=0.312 profile=True heading=-1.571 pose_z=2.433299566981848 truth_z=2.433299566981848
[INFO] [1788621067.972599, 218.020000]: STPUB phase=STAIR_ASCENT_B world=(0.000,-0.800,0.028) body=(0.797,0.064,0.028) truth_z=2.525 pose=2.52521726019322
[INFO] [1788621068.911691, 218.620000]: ASCENT_B gate: entry_guide=True truth_pose=True start_z=0.312 profile=True heading=-1.571 pose_z=2.6396321612929174 truth_z=2.6396321612929174
[INFO] [1788621069.558383, 219.040000]: STPUB phase=STAIR_ASCENT_B world=(-0.023,-0.800,0.028) body=(0.799,0.041,0.028) truth_z=2.728 pose=2.728305092697499
[INFO] [1788621070.481608, 219.640000]: ASCENT_B gate: entry_guide=True truth_pose=True start_z=0.312 profile=True heading=-1.571 pose_z=2.846752651199393 truth_z=2.846752651199393
[INFO] [1788621071.129225, 220.060000]: STPUB phase=STAIR_ASCENT_B world=(-0.200,-0.600,0.021) body=(0.611,-0.163,0.021) truth_z=2.885 pose=2.8853038451343527
[INFO] [1788621071.698286, 220.420000]: Upper landing entered: gain=2.60 m, clearance=0.00 m; stabilizing for 0.5 s.
[INFO] [1788621072.225067, 220.760000]: Floor-2 landing confirmed after two flights: gain=2.60 m clearance=0.10 m.
[INFO] [1788621073.340967, 221.480000]: Plane policy acknowledged on the upper landing; releasing stair controller ownership.
[FSM]: state: INIT
wait for goal.
[FSM]: state: INIT
wait for goal.
[FSM]: state: INIT
wait for goal.
[FSM]: state: INIT
wait for goal.
[FSM]: state: INIT
wait for goal.
[FSM]: state: INIT
wait for goal.
[FSM]: state: INIT
wait for goal.
[FSM]: state: INIT
wait for goal.
[FSM]: state: INIT
wait for goal.
[FSM]: state: INIT
wait for goal.
[FSM]: state: INIT
wait for goal.
[FSM]: state: INIT
wait for goal.
[FSM]: state: INIT
wait for goal.
[FSM]: state: INIT
wait for goal.
[FSM]: state: INIT
wait for goal.
[FSM]: state: INIT
wait for goal.
[FSM]: state: INIT
wait for goal.
[FSM]: state: INIT
wait for goal.
[FSM]: state: INIT
wait for goal.
[INFO] [1788620975.585394, 158.666000]: danger_detector: merged cross-view duplicate track 4 into track 3, distance=1.116m
[INFO] [1788620977.501416, 159.890000]: danger_detector: merged cross-view duplicate track 4 into track 3, distance=1.116m
[INFO] [1788620978.471810, 160.512000]: danger_detector: scan batch label=floor_0_room_3_g4 raw=0 min_points=3 clusters=[]
[INFO] [1788620978.472750, 160.512000]: danger_detector: merged cross-view duplicate track 4 into track 3, distance=1.116m
[INFO] [1788620979.807593, 161.376000]: danger_detector: merged cross-view duplicate track 4 into track 3, distance=1.116m
[INFO] [1788620981.774776, 162.646000]: danger_detector: merged cross-view duplicate track 4 into track 3, distance=1.116m
[INFO] [1788620983.709572, 163.888000]: danger_detector: merged cross-view duplicate track 4 into track 3, distance=1.116m
[INFO] [1788620985.651145, 165.138000]: danger_detector: merged cross-view duplicate track 4 into track 3, distance=1.116m
[INFO] [1788620987.587026, 166.390000]: danger_detector: merged cross-view duplicate track 4 into track 3, distance=1.116m
[INFO] [1788620989.536877, 167.640000]: danger_detector: merged cross-view duplicate track 4 into track 3, distance=1.116m
[INFO] [1788620991.483391, 168.896000]: danger_detector: merged cross-view duplicate track 4 into track 3, distance=1.116m
[INFO] [1788620993.423086, 170.146000]: danger_detector: merged cross-view duplicate track 4 into track 3, distance=1.116m
[INFO] [1788620995.355166, 171.396000]: danger_detector: merged cross-view duplicate track 4 into track 3, distance=1.116m
[INFO] [1788620997.311274, 172.644000]: danger_detector: merged cross-view duplicate track 4 into track 3, distance=1.116m
[INFO] [1788620999.235007, 173.892000]: danger_detector: merged cross-view duplicate track 4 into track 3, distance=1.116m
[INFO] [1788621001.167066, 175.140000]: danger_detector: merged cross-view duplicate track 4 into track 3, distance=1.116m
[INFO] [1788621003.105111, 176.392000]: danger_detector: merged cross-view duplicate track 4 into track 3, distance=1.116m
[INFO] [1788621005.055202, 177.644000]: danger_detector: merged cross-view duplicate track 4 into track 3, distance=1.116m
[INFO] [1788621006.993962, 178.896000]: danger_detector: merged cross-view duplicate track 4 into track 3, distance=1.116m
[INFO] [1788621008.945282, 180.144000]: danger_detector: merged cross-view duplicate track 4 into track 3, distance=1.116m
[INFO] [1788621010.889188, 181.404000]: danger_detector: merged cross-view duplicate track 4 into track 3, distance=1.116m
[INFO] [1788621012.827175, 182.648000]: danger_detector: merged cross-view duplicate track 4 into track 3, distance=1.116m
[INFO] [1788621014.776265, 183.900000]: danger_detector: merged cross-view duplicate track 4 into track 3, distance=1.116m
[INFO] [1788621016.700353, 185.144000]: danger_detector: merged cross-view duplicate track 4 into track 3, distance=1.116m
[INFO] [1788621018.639486, 186.396000]: danger_detector: merged cross-view duplicate track 4 into track 3, distance=1.116m
[INFO] [1788621020.571573, 187.646000]: danger_detector: merged cross-view duplicate track 4 into track 3, distance=1.116m
[INFO] [1788621022.512752, 188.896000]: danger_detector: merged cross-view duplicate track 4 into track 3, distance=1.116m
[INFO] [1788621024.448781, 190.142000]: danger_detector: merged cross-view duplicate track 4 into track 3, distance=1.116m
[INFO] [1788621026.383671, 191.392000]: danger_detector: merged cross-view duplicate track 4 into track 3, distance=1.116m
[INFO] [1788621028.325448, 192.644000]: danger_detector: merged cross-view duplicate track 4 into track 3, distance=1.116m
[INFO] [1788621030.265647, 193.904000]: danger_detector: merged cross-view duplicate track 4 into track 3, distance=1.116m
[INFO] [1788621032.246897, 195.152000]: danger_detector: merged cross-view duplicate track 4 into track 3, distance=1.116m
[INFO] [1788621034.183223, 196.396000]: danger_detector: merged cross-view duplicate track 4 into track 3, distance=1.116m
[INFO] [1788621036.121619, 197.646000]: danger_detector: merged cross-view duplicate track 4 into track 3, distance=1.116m
[INFO] [1788621038.091621, 198.904000]: danger_detector: merged cross-view duplicate track 4 into track 3, distance=1.116m
[INFO] [1788621040.026377, 200.148000]: danger_detector: merged cross-view duplicate track 4 into track 3, distance=1.116m
[INFO] [1788621042.108097, 201.474000]: danger_detector: merged cross-view duplicate track 4 into track 3, distance=1.116m
[INFO] [1788621044.067948, 202.724000]: danger_detector: merged cross-view duplicate track 4 into track 3, distance=1.116m
[INFO] [1788621046.171310, 204.068000]: danger_detector: merged cross-view duplicate track 4 into track 3, distance=1.116m
[INFO] [1788621048.096394, 205.306000]: danger_detector: merged cross-view duplicate track 4 into track 3, distance=1.116m
[INFO] [1788621050.046201, 206.554000]: danger_detector: merged cross-view duplicate track 4 into track 3, distance=1.116m
[INFO] [1788621052.023477, 207.808000]: danger_detector: merged cross-view duplicate track 4 into track 3, distance=1.116m
[INFO] [1788621054.024353, 209.090000]: danger_detector: merged cross-view duplicate track 4 into track 3, distance=1.116m
[INFO] [1788621055.917735, 210.306000]: danger_detector: merged cross-view duplicate track 4 into track 3, distance=1.116m
[INFO] [1788621057.884007, 211.556000]: danger_detector: merged cross-view duplicate track 4 into track 3, distance=1.116m
[INFO] [1788621059.840528, 212.804000]: danger_detector: merged cross-view duplicate track 4 into track 3, distance=1.116m
[INFO] [1788621061.805112, 214.050000]: danger_detector: merged cross-view duplicate track 4 into track 3, distance=1.116m
[INFO] [1788621064.125928, 215.546000]: danger_detector: merged cross-view duplicate track 4 into track 3, distance=1.116m
[INFO] [1788621066.318256, 216.962000]: danger_detector: merged cross-view duplicate track 4 into track 3, distance=1.116m
[INFO] [1788621068.682907, 218.474000]: danger_detector: merged cross-view duplicate track 4 into track 3, distance=1.116m
[INFO] [1788621071.521127, 220.306000]: danger_detector: merged cross-view duplicate track 4 into track 3, distance=1.116m
[INFO] [1788621073.443239, 221.546000]: danger_detector: merged cross-view duplicate track 4 into track 3, distance=1.116m
[INFO] [1788621075.546098, 222.906000]: danger_detector: merged cross-view duplicate track 4 into track 3, distance=1.116m
[INFO] [1788621077.676652, 224.268000]: danger_detector: merged cross-view duplicate track 4 into track 3, distance=1.116m
[INFO] [1788621079.632210, 225.520000]: danger_detector: merged cross-view duplicate track 4 into track 3, distance=1.116m
[INFO] [1788621081.626831, 226.804000]: danger_detector: merged cross-view duplicate track 4 into track 3, distance=1.116m
[INFO] [1788621083.531283, 228.024000]: danger_detector: merged cross-view duplicate track 4 into track 3, distance=1.116m
[INFO] [1788621085.470474, 229.260000]: danger_detector: merged cross-view duplicate track 4 into track 3, distance=1.116m
[INFO] [1788621087.490223, 230.510000]: danger_detector: merged cross-view duplicate track 4 into track 3, distance=1.116m
[INFO] [1788621089.510247, 231.762000]: danger_detector: merged cross-view duplicate track 4 into track 3, distance=1.116m
[INFO] [1788621091.523009, 233.006000]: danger_detector: merged cross-view duplicate track 4 into track 3, distance=1.116m
[INFO] [1788621093.542964, 234.262000]: danger_detector: merged cross-view duplicate track 4 into track 3, distance=1.116m
[INFO] [1788621095.536586, 235.514000]: danger_detector: merged cross-view duplicate track 4 into track 3, distance=1.116m
[INFO] [1788621097.513700, 236.794000]: danger_detector: merged cross-view duplicate track 4 into track 3, distance=1.116m
[INFO] [1788621099.424038, 238.006000]: danger_detector: merged cross-view duplicate track 4 into track 3, distance=1.116m
[INFO] [1788621101.425868, 239.256000]: danger_detector: merged cross-view duplicate track 4 into track 3, distance=1.116m
[FSM]: state: INIT
wait for goal.
[FSM]: state: INIT
wait for goal.
[FSM]: state: INIT
wait for goal.
[FSM]: state: INIT
wait for goal.
[FSM]: state: INIT
wait for goal.
[FSM]: state: INIT
wait for goal.
[FSM]: state: INIT
wait for goal.
[FSM]: state: INIT
wait for goal.
[FSM]: state: INIT
wait for goal.
[FSM]: state: INIT
wait for goal.
[FSM]: state: INIT
wait for goal.
[FSM]: state: INIT
wait for goal.
[FSM]: state: INIT
wait for goal.
[FSM]: state: INIT
wait for goal.
[FSM]: state: INIT
wait for goal.
[FSM]: state: INIT
wait for goal.
[FSM]: state: INIT
wait for goal.
[33m[WARN] [1788621130.045583066, 257.400000000]: Plane tilt guard scaling cmd_vel by 0.92 at tilt 0.151 rad[0m
[FSM]: state: INIT
wait for goal.
[FSM]: state: INIT
wait for goal.
[FSM]: state: INIT
wait for goal.
[FSM]: state: INIT
wait for goal.
[FSM]: state: INIT
wait for goal.
[FSM]: state: INIT
wait for goal.
[0m[INFO] [1788621072.650793383, 221.034000000]: RL policy input vx=0.000 vy=0.000 wz=0.000 action_rms=0.181 ready=0 userCmd=8 kbd=0 raw=0.000,0.000,0.000 grav=0.01,0.03,-0.98[0m
[0m[INFO] [1788621073.255081232, 221.424000000]: RL locomotion_ready latched after 0.65 s takeover and 0.39 s stable hold[0m
[0m[INFO] [1788621075.754012344, 223.040000000]: RL policy input vx=0.000 vy=0.000 wz=0.664 action_rms=0.198 ready=1 userCmd=0 kbd=0 raw=0.000,0.000,0.664 grav=0.01,-0.01,-0.98[0m
[0m[INFO] [1788621078.888235997, 225.044000000]: RL policy input vx=1.036 vy=0.000 wz=0.096 action_rms=0.184 ready=1 userCmd=0 kbd=0 raw=1.036,0.000,0.096 grav=-0.01,0.01,-0.98[0m
[0m[INFO] [1788621082.002997647, 227.048000000]: RL policy input vx=0.000 vy=0.000 wz=0.509 action_rms=0.208 ready=1 userCmd=0 kbd=0 raw=0.000,0.000,0.509 grav=0.01,-0.02,-0.98[0m
[0m[INFO] [1788621085.167226895, 229.068000000]: RL policy input vx=2.247 vy=0.000 wz=0.060 action_rms=0.360 ready=1 userCmd=0 kbd=0 raw=2.247,0.000,0.060 grav=-0.06,-0.07,-0.98[0m
[0m[INFO] [1788621088.409977869, 231.080000000]: RL policy input vx=2.250 vy=0.000 wz=0.013 action_rms=0.466 ready=1 userCmd=0 kbd=0 raw=2.250,0.000,0.013 grav=0.00,0.01,-0.98[0m
[0m[INFO] [1788621091.665288309, 233.098000000]: RL policy input vx=2.250 vy=0.000 wz=0.009 action_rms=0.338 ready=1 userCmd=0 kbd=0 raw=2.250,0.000,0.009 grav=-0.00,-0.02,-0.98[0m
[0m[INFO] [1788621094.886423265, 235.098000000]: RL policy input vx=2.227 vy=0.000 wz=0.158 action_rms=0.272 ready=1 userCmd=0 kbd=0 raw=2.227,0.000,0.158 grav=0.07,-0.07,-0.97[0m
[0m[INFO] [1788621097.988502778, 237.102000000]: RL policy input vx=0.000 vy=0.000 wz=0.690 action_rms=0.143 ready=1 userCmd=0 kbd=0 raw=0.000,0.000,0.690 grav=0.03,0.04,-0.98[0m
[0m[INFO] [1788621101.184526648, 239.106000000]: RL policy input vx=0.449 vy=0.000 wz=0.079 action_rms=0.205 ready=1 userCmd=0 kbd=0 raw=0.449,0.000,0.079 grav=-0.01,-0.01,-0.98[0m
[0m[INFO] [1788621104.391355044, 241.112000000]: RL policy input vx=0.450 vy=0.000 wz=-0.002 action_rms=0.167 ready=1 userCmd=0 kbd=0 raw=0.450,0.000,-0.002 grav=0.01,-0.03,-0.98[0m
[0m[INFO] [1788621107.623094547, 243.126000000]: RL policy input vx=0.893 vy=0.114 wz=0.140 action_rms=0.226 ready=1 userCmd=0 kbd=0 raw=0.893,0.114,0.140 grav=0.00,0.02,-0.98[0m
[0m[INFO] [1788621110.833595704, 245.134000000]: RL policy input vx=0.900 vy=0.018 wz=0.021 action_rms=0.151 ready=1 userCmd=0 kbd=0 raw=0.900,0.018,0.021 grav=0.00,-0.02,-0.98[0m
[0m[INFO] [1788621114.045337742, 247.148000000]: RL policy input vx=0.306 vy=-0.003 wz=-0.010 action_rms=0.261 ready=1 userCmd=0 kbd=0 raw=0.306,-0.003,-0.010 grav=0.01,-0.02,-0.98[0m
[0m[INFO] [1788621117.235071935, 249.162000000]: RL policy input vx=0.000 vy=0.000 wz=-2.900 action_rms=0.152 ready=1 userCmd=0 kbd=0 raw=0.000,0.000,-2.900 grav=0.01,0.01,-0.98[0m
[0m[INFO] [1788621120.363840985, 251.168000000]: RL policy input vx=0.000 vy=0.000 wz=1.304 action_rms=0.159 ready=1 userCmd=0 kbd=0 raw=0.000,0.000,1.304 grav=0.01,-0.00,-0.98[0m
[0m[INFO] [1788621123.474140525, 253.176000000]: RL policy input vx=0.893 vy=0.110 wz=0.135 action_rms=0.157 ready=1 userCmd=0 kbd=0 raw=0.893,0.110,0.135 grav=-0.00,0.03,-0.98[0m
[0m[INFO] [1788621126.578009767, 255.184000000]: RL policy input vx=0.000 vy=0.000 wz=1.246 action_rms=0.165 ready=1 userCmd=0 kbd=0 raw=0.000,0.000,1.246 grav=0.03,-0.02,-0.98[0m
[0m[INFO] [1788621129.722718778, 257.194000000]: RL policy input vx=1.246 vy=0.533 wz=0.925 action_rms=0.350 ready=1 userCmd=0 kbd=0 raw=1.246,0.533,0.925 grav=-0.04,-0.01,-0.98[0m
[0m[INFO] [1788621132.864780698, 259.208000000]: RL policy input vx=0.000 vy=0.000 wz=0.304 action_rms=0.214 ready=1 userCmd=0 kbd=0 raw=0.000,0.000,0.304 grav=0.03,-0.02,-0.98[0m
[0m[INFO] [1788621135.980070582, 261.210000000]: RL policy input vx=0.450 vy=0.000 wz=0.048 action_rms=0.299 ready=1 userCmd=0 kbd=0 raw=0.450,0.000,0.048 grav=-0.00,-0.02,-0.98[0m
[0m[INFO] [1788621139.129272359, 263.226000000]: RL policy input vx=0.450 vy=0.000 wz=-0.017 action_rms=0.156 ready=1 userCmd=0 kbd=0 raw=[FSM]: state: INIT
wait for goal.
[FSM]: state: INIT
wait for goal.
[FSM]: state: INIT
wait for goal.
[FSM]: state: INIT
wait for goal.
[FSM]: state: INIT
wait for goal.
[FSM]: state: INIT
wait for goal.
[FSM]: state: INIT
wait for goal.
[FSM]: state: INIT
wait for goal.
[FSM]: state: INIT
wait for goal.
[FSM]: state: INIT
wait for goal.
[FSM]: state: INIT
wait for goal.
[FSM]: state: INIT
wait for goal.
[FSM]: state: INIT
wait for goal.
[FSM]: state: INIT
wait for goal.
[FSM]: state: INIT
wait for goal.
[FSM]: state: INIT
wait for goal.
[FSM]: state: INIT
wait for goal.
[FSM]: state: INIT
wait for goal.
[FSM]: state: INIT
wait for goal.
[FSM]: state: INIT
wait for goal.
[FSM]: state: INIT
wait for goal.
[33m[WARN] [1788621172.304335359, 284.514000000]: Plane tilt guard scaling cmd_vel by 0.90 at tilt 0.153 rad[0m
[FSM]: state: INIT
wait for goal.
[FSM]: state: INIT
wait for goal.
[FSM]: state: INIT
wait for goal.
[FSM]: state: INIT
wait for goal.
[FSM]: state: INIT
wait for goal.
[FSM]: state: INIT
wait for goal.
[FSM]: state: INIT
wait for goal.
[FSM]: state: INIT
wait for goal.
[FSM]: state: INIT
wait for goal.
[FSM]: state: INIT
wait for goal.
[FSM]: state: INIT
wait for goal.
[FSM]: state: INIT
wait for goal.
[FSM]: state: INIT
wait for goal.
[33m[WARN] [1788621192.873761011, 297.544000000]: Plane tilt guard scaling cmd_vel by 0.98 at tilt 0.143 rad[0m
[FSM]: state: INIT
wait for goal.
[FSM]: state: INIT
wait for goal.
[FSM]: state: INIT
wait for goal.
[FSM]: state: INIT
wait for goal.
[FSM]: state: INIT
wait for goal.
[FSM]: state: INIT
wait for goal.
[FSM]: state: INIT
wait for goal.
[FSM]: state: INIT
wait for goal.
[FSM]: state: INIT
wait for goal.
[FSM]: state: INIT
wait for goal.
[FSM]: state: INIT
wait for goal.
[FSM]: state: INIT
wait for goal.
0.450,0.000,-0.017 grav=0.01,-0.02,-0.98[0m
[0m[INFO] [1788621142.242419344, 265.228000000]: RL policy input vx=0.450 vy=0.000 wz=0.016 action_rms=0.276 ready=1 userCmd=0 kbd=0 raw=0.450,0.000,0.016 grav=0.03,-0.02,-0.98[0m
[0m[INFO] [1788621145.333861636, 267.228000000]: RL policy input vx=0.450 vy=0.000 wz=-0.010 action_rms=0.157 ready=1 userCmd=0 kbd=0 raw=0.450,0.000,-0.010 grav=0.01,-0.01,-0.98[0m
[0m[INFO] [1788621148.452206187, 269.228000000]: RL policy input vx=0.892 vy=0.120 wz=0.147 action_rms=0.309 ready=1 userCmd=0 kbd=0 raw=0.892,0.120,0.147 grav=-0.02,-0.03,-0.98[0m
[0m[INFO] [1788621151.569292084, 271.238000000]: RL policy input vx=0.900 vy=0.018 wz=0.022 action_rms=0.173 ready=1 userCmd=0 kbd=0 raw=0.900,0.018,0.022 grav=0.00,-0.01,-0.98[0m
[0m[INFO] [1788621154.681421165, 273.246000000]: RL policy input vx=0.900 vy=0.001 wz=0.002 action_rms=0.357 ready=1 userCmd=0 kbd=0 raw=0.900,0.001,0.002 grav=-0.01,-0.02,-0.98[0m
[0m[INFO] [1788621157.816751856, 275.260000000]: RL policy input vx=0.000 vy=0.000 wz=-2.900 action_rms=0.353 ready=1 userCmd=0 kbd=0 raw=0.000,0.000,-2.900 grav=0.01,0.00,-0.98[0m
[0m[INFO] [1788621160.981046254, 277.274000000]: RL policy input vx=0.000 vy=0.000 wz=1.101 action_rms=0.149 ready=1 userCmd=0 kbd=0 raw=0.000,0.000,1.101 grav=0.01,0.01,-0.98[0m
[0m[INFO] [1788621164.183142131, 279.290000000]: RL policy input vx=0.862 vy=0.259 wz=0.321 action_rms=0.153 ready=1 userCmd=0 kbd=0 raw=0.862,0.259,0.321 grav=0.00,0.08,-0.98[0m
[0m[INFO] [1788621167.301026482, 281.290000000]: RL policy input vx=0.509 vy=0.028 wz=0.060 action_rms=0.288 ready=1 userCmd=0 kbd=0 raw=0.509,0.028,0.060 grav=0.01,-0.01,-0.98[0m
[0m[INFO] [1788621170.405397881, 283.292000000]: RL policy input vx=0.000 vy=0.000 wz=2.900 action_rms=0.355 ready=1 userCmd=0 kbd=0 raw=0.000,0.000,2.900 grav=0.01,0.02,-0.98[0m
[0m[INFO] [1788621173.537550488, 285.300000000]: RL policy input vx=0.655 vy=0.096 wz=0.160 action_rms=0.283 ready=1 userCmd=0 kbd=0 raw=0.655,0.096,0.160 grav=0.03,0.01,-0.98[0m
[0m[INFO] [1788621176.752300388, 287.302000000]: RL policy input vx=0.448 vy=0.000 wz=0.092 action_rms=0.207 ready=1 userCmd=0 kbd=0 raw=0.448,0.000,0.092 grav=-0.01,-0.01,-0.98[0m
[0m[INFO] [1788621180.001469338, 289.308000000]: RL policy input vx=0.450 vy=0.000 wz=0.009 action_rms=0.204 ready=1 userCmd=0 kbd=0 raw=0.450,0.000,0.009 grav=0.01,-0.02,-0.98[0m
[0m[INFO] [1788621183.238846475, 291.320000000]: RL policy input vx=0.091 vy=-0.270 wz=-1.150 action_rms=0.172 ready=1 userCmd=0 kbd=0 raw=0.091,-0.270,-1.150 grav=0.04,-0.00,-0.98[0m
[0m[INFO] [1788621186.366188301, 293.324000000]: RL policy input vx=2.221 vy=-0.358 wz=-0.176 action_rms=0.472 ready=1 userCmd=0 kbd=0 raw=2.221,-0.358,-0.176 grav=-0.02,-0.01,-0.98[0m
[0m[INFO] [1788621189.484656650, 295.344000000]: RL policy input vx=2.245 vy=-0.151 wz=-0.074 action_rms=0.317 ready=1 userCmd=0 kbd=0 raw=2.245,-0.151,-0.074 grav=-0.03,-0.09,-0.98[0m
[0m[INFO] [1788621192.591046392, 297.360000000]: RL policy input vx=2.250 vy=-0.020 wz=-0.010 action_rms=0.316 ready=1 userCmd=0 kbd=0 raw=2.250,-0.020,-0.010 grav=-0.01,0.01,-0.98[0m
[0m[INFO] [1788621195.686106402, 299.370000000]: RL policy input vx=1.933 vy=0.216 wz=0.123 action_rms=0.238 ready=1 userCmd=0 kbd=0 raw=1.933,0.216,0.123 grav=0.05,-0.08,-0.98[0m
[0m[INFO] [1788621198.785136870, 301.382000000]: RL policy input vx=0.000 vy=0.000 wz=0.505 action_rms=0.195 ready=1 userCmd=0 kbd=0 raw=0.000,0.000,0.505 grav=0.03,0.02,-0.98[0m
[0m[INFO] [1788621201.881170514, 303.382000000]: RL policy input vx=0.449 vy=0.000 wz=0.064 action_rms=0.171 ready=1 userCmd=0 kbd=0 raw=0.449,0.000,0.064 grav=0.00,-0.03,-0.98[0m
[0m[INFO] [1788621205.005171366, 305.388000000]: RL policy input vx=0.450 vy=0.000 wz=-0.007 action_rms=0.252 ready=1 userCmd=0 kbd=0 raw=0.450,0.000,-0.007 grav=0.00,-0.01,-0.98[0m
[0m[INFO] [1788621208.115680169, 307.402000000]: RL policy input vx=0.602 vy=-0.123 wz=-0.179 action_rms=0.170 ready=1 userCmd=0 kbd=0 raw=0.602,-0.123,-0.179 grav=0.02,-0.03,-0.98[0m
[0m[INFO] [1788621211[FSM]: state: INIT
wait for goal.
[FSM]: state: INIT
wait for goal.
[FSM]: state: INIT
wait for goal.
[INFO] [1788621103.427747, 240.506000]: danger_detector: merged cross-view duplicate track 4 into track 3, distance=1.116m
[INFO] [1788621105.424235, 241.758000]: danger_detector: merged cross-view duplicate track 4 into track 3, distance=1.116m
[INFO] [1788621107.435133, 243.008000]: danger_detector: merged cross-view duplicate track 4 into track 3, distance=1.116m
[INFO] [1788621109.433883, 244.260000]: danger_detector: merged cross-view duplicate track 4 into track 3, distance=1.116m
[INFO] [1788621111.437754, 245.508000]: danger_detector: merged cross-view duplicate track 4 into track 3, distance=1.116m
[INFO] [1788621113.423944, 246.756000]: danger_detector: merged cross-view duplicate track 4 into track 3, distance=1.116m
[INFO] [1788621115.422452, 248.008000]: danger_detector: merged cross-view duplicate track 4 into track 3, distance=1.116m
[INFO] [1788621116.017253, 248.386000]: danger_detector: confirmed red sphere #5 at [-8.6192, 18.6089, 2.75], t=231.94s, stage=floor_2_exploration
[INFO] [1788621116.018149, 248.386000]: danger_detector: merged cross-view duplicate track 4 into track 3, distance=1.116m
[INFO] [1788621117.392889, 249.262000]: danger_detector: scan batch label=floor_1_room_0_g3 raw=7 min_points=3 clusters=[(-8.688140619750438, 18.73118818970453)]
[INFO] [1788621117.395547, 249.264000]: danger_detector: merged cross-view duplicate track 4 into track 3, distance=1.116m
[INFO] [1788621117.401629, 249.268000]: danger_detector: merged cross-view duplicate track 4 into track 3, distance=1.116m
[INFO] [1788621119.359974, 250.520000]: danger_detector: merged cross-view duplicate track 4 into track 3, distance=1.116m
[INFO] [1788621121.379960, 251.820000]: danger_detector: merged cross-view duplicate track 4 into track 3, distance=1.116m
[INFO] [1788621123.344322, 253.092000]: danger_detector: merged cross-view duplicate track 4 into track 3, distance=1.116m
[INFO] [1788621125.342546, 254.386000]: danger_detector: merged cross-view duplicate track 4 into track 3, distance=1.116m
[INFO] [1788621127.260273, 255.622000]: danger_detector: merged cross-view duplicate track 4 into track 3, distance=1.116m
[INFO] [1788621128.934390, 256.682000]: danger_detector: scan batch label=floor_1_room_0_g4 raw=10 min_points=3 clusters=[(-8.454844581420788, 18.59530187040319)]
[INFO] [1788621128.935461, 256.682000]: danger_detector: merged cross-view duplicate track 4 into track 3, distance=1.116m
[INFO] [1788621129.278905, 256.906000]: danger_detector: merged cross-view duplicate track 4 into track 3, distance=1.116m
[INFO] [1788621131.160948, 258.116000]: danger_detector: merged cross-view duplicate track 4 into track 3, distance=1.116m
[INFO] [1788621133.105728, 259.364000]: danger_detector: merged cross-view duplicate track 4 into track 3, distance=1.116m
[INFO] [1788621135.053134, 260.616000]: danger_detector: merged cross-view duplicate track 4 into track 3, distance=1.116m
[INFO] [1788621137.007528, 261.866000]: danger_detector: merged cross-view duplicate track 4 into track 3, distance=1.116m
[INFO] [1788621138.962470, 263.118000]: danger_detector: merged cross-view duplicate track 4 into track 3, distance=1.116m
[INFO] [1788621140.907057, 264.370000]: danger_detector: merged cross-view duplicate track 4 into track 3, distance=1.116m
[INFO] [1788621142.860048, 265.628000]: danger_detector: merged cross-view duplicate track 4 into track 3, distance=1.116m
[INFO] [1788621144.772550, 266.864000]: danger_detector: merged cross-view duplicate track 4 into track 3, distance=1.116m
[INFO] [1788621146.737842, 268.124000]: danger_detector: merged cross-view duplicate track 4 into track 3, distance=1.116m
[INFO] [1788621148.676754, 269.372000]: danger_detector: merged cross-view duplicate track 4 into track 3, distance=1.116m
[INFO] [1788621150.618259, 270.624000]: danger_detector: merged cross-view duplicate track 4 into track 3, distance=1.116m
[INFO] [1788621152.555966, 271.874000]: danger_detector: merged cross-view duplicate track 4 into track 3, distance=1.116m
[INFO] [1788621154.485015, 273.120000]: danger_detector: merged cross-view duplicate track 4 into track 3, distance=1.116m
[INFO] [1788621156.436823, 274.376000]: danger_detector: merged cross-view duplicate track 4 into track 3, distance=1.116m
[INFO] [1788621158.388313, 275.622000]: danger_detector: merged cross-view duplicate track 4 into track 3, distance=1.116m
[INFO] [1788621159.362418, 276.232000]: danger_detector: scan batch label=floor_1_room_1_g3 raw=0 min_points=3 clusters=[]
[INFO] [1788621159.363654, 276.232000]: danger_detector: merged cross-view duplicate track 4 into track 3, distance=1.116m
[INFO] [1788621160.482317, 276.958000]: danger_detector: merged cross-view duplicate track 4 into track 3, distance=1.116m
[INFO] [1788621162.688089, 278.364000]: danger_detector: merged cross-view duplicate track 4 into track 3, distance=1.116m
[INFO] [1788621164.722591, 279.624000]: danger_detector: merged cross-view duplicate track 4 into track 3, distance=1.116m
[INFO] [1788621166.676255, 280.888000]: danger_detector: merged cross-view duplicate track 4 into track 3, distance=1.116m
[INFO] [1788621168.571902, 282.110000]: danger_detector: merged cross-view duplicate track 4 into track 3, distance=1.116m
[INFO] [1788621170.552953, 283.388000]: danger_detector: merged cross-view duplicate track 4 into track 3, distance=1.116m
[INFO] [1788621170.903054, 283.616000]: danger_detector: scan batch label=floor_1_room_1_g4 raw=0 min_points=3 clusters=[]
[INFO] [1788621170.906049, 283.618000]: danger_detector: merged cross-view duplicate track 4 into track 3, distance=1.116m
[INFO] [1788621172.467432, 284.620000]: danger_detector: merged cross-view duplicate track 4 into track 3, distance=1.116m
[INFO] [1788621174.521858, 285.912000]: danger_detector: merged cross-view duplicate track 4 into track 3, distance=1.116m
[INFO] [1788621176.528951, 287.164000]: danger_detector: merged cross-view duplicate track 4 into track 3, distance=1.116m
[INFO] [1788621178.553904, 288.412000]: danger_detector: merged cross-view duplicate track 4 into track 3, distance=1.116m
[INFO] [1788621180.578598, 289.664000]: danger_detector: merged cross-view duplicate track 4 into track 3, distance=1.116m
[INFO] [1788621182.582217, 290.910000]: danger_detector: merged cross-view duplicate track 4 into track 3, distance=1.116m
[INFO] [1788621184.599320, 292.196000]: danger_detector: merged cross-view duplicate track 4 into track 3, distance=1.116m
[INFO] [1788621186.520308, 293.422000]: danger_detector: merged cross-view duplicate track 4 into track 3, distance=1.116m
[INFO] [1788621189.440941, 295.316000]: danger_detector: merged cross-view duplicate track 4 into track 3, distance=1.116m
[INFO] [1788621191.913057, 296.920000]: danger_detector: merged cross-view duplicate track 4 into track 3, distance=1.116m
[INFO] [1788621194.427663, 298.554000]: danger_detector: merged cross-view duplicate track 4 into track 3, distance=1.116m
[INFO] [1788621197.587718, 300.604000]: danger_detector: merged cross-view duplicate track 4 into track 3, distance=1.116m
[INFO] [1788621199.697657, 301.970000]: danger_detector: merged cross-view duplicate track 4 into track 3, distance=1.116m
[INFO] [1788621201.593997, 303.196000]: danger_detector: merged cross-view duplicate track 4 into track 3, distance=1.116m
[INFO] [1788621203.563079, 304.460000]: danger_detector: merged cross-view duplicate track 4 into track 3, distance=1.116m
[INFO] [1788621205.484533, 305.700000]: danger_detector: merged cross-view duplicate track 4 into track 3, distance=1.116m
[INFO] [1788621207.492422, 306.998000]: danger_detector: merged cross-view duplicate track 4 into track 3, distance=1.116m
[INFO] [1788621209.633343, 308.380000]: danger_detector: merged cross-view duplicate track 4 into track 3, distance=1.116m
[INFO] [1788621211.525225, 309.600000]: danger_detector: merged cross-view duplicate track 4 into track 3, distance=1.116m
[INFO] [1788621213.479710, 310.854000]: danger_detector: merged cross-view duplicate track 4 into track 3, distance=1.116m
[FSM]: state: INIT
wait for goal.
[FSM]: state: INIT
wait for goal.
[FSM]: state: INIT
wait for goal.
[FSM]: state: INIT
wait for goal.
[FSM]: state: INIT
wait for goal.
[FSM]: state: INIT
wait for goal.
[FSM]: state: INIT
wait for goal.
[FSM]: state: INIT
wait for goal.
[FSM]: state: INIT
wait for goal.
[FSM]: state: INIT
wait for goal.
[FSM]: state: INIT
wait for goal.
[FSM]: state: INIT
wait for goal.
[FSM]: state: INIT
wait for goal.
[FSM]: state: INIT
wait for goal.
[FSM]: state: INIT
wait for goal.
[FSM]: state: INIT
wait for goal.
[33m[WARN] [1788621241.683812884, 329.014000000]: Plane tilt guard scaling cmd_vel by 0.94 at tilt 0.148 rad[0m
[FSM]: state: INIT
wait for goal.
[FSM]: state: INIT
wait for goal.
[FSM]: state: INIT
wait for goal.
[FSM]: state: INIT
wait for goal.
[FSM]: state: INIT
wait for goal.
[FSM]: state: INIT
wait for goal.
[FSM]: state: INIT
wait for goal.
[FSM]: state: INIT
wait for goal.
[FSM]: state: INIT
wait for goal.
[FSM]: state: INIT
wait for goal.
[FSM]: state: INIT
wait for goal.
[FSM]: state: INIT
wait for goal.
[FSM]: state: INIT
wait for goal.
[FSM]: state: INIT
wait for goal.
[FSM]: state: INIT
wait for goal.
[FSM]: state: INIT
wait for goal.
[FSM]: state: INIT
wait for goal.
[FSM]: state: INIT
wait for goal.
[FSM]: state: INIT
wait for goal.
[FSM]: state: INIT
wait for goal.
[FSM]: state: INIT
wait for goal.
[FSM]: state: INIT
wait for goal.
[FSM]: state: INIT
wait for goal.
[FSM]: state: INIT
wait for goal.
[FSM]: state: INIT
wait for goal.
.235884593, 309.412000000]: RL policy input vx=1.716 vy=0.750 wz=0.445 action_rms=0.213 ready=1 userCmd=0 kbd=0 raw=1.716,0.750,0.445 grav=-0.01,0.09,-0.98[0m
[0m[INFO] [1788621214.366067530, 311.424000000]: RL policy input vx=0.586 vy=0.145 wz=0.267 action_rms=0.217 ready=1 userCmd=0 kbd=0 raw=0.586,0.145,0.267 grav=0.05,-0.05,-0.98[0m
[0m[INFO] [1788621217.478547215, 313.440000000]: RL policy input vx=0.349 vy=0.003 wz=0.011 action_rms=0.133 ready=1 userCmd=0 kbd=0 raw=0.349,0.003,0.011 grav=0.02,-0.02,-0.98[0m
[0m[INFO] [1788621220.590993405, 315.450000000]: RL policy input vx=0.000 vy=0.000 wz=-2.900 action_rms=0.209 ready=1 userCmd=0 kbd=0 raw=0.000,0.000,-2.900 grav=0.00,0.00,-0.98[0m
[0m[INFO] [1788621223.726603025, 317.460000000]: RL policy input vx=0.412 vy=-0.096 wz=-0.252 action_rms=0.128 ready=1 userCmd=0 kbd=0 raw=0.412,-0.096,-0.252 grav=0.04,-0.07,-0.98[0m
[0m[INFO] [1788621226.854712142, 319.478000000]: RL policy input vx=0.499 vy=0.132 wz=0.284 action_rms=0.288 ready=1 userCmd=0 kbd=0 raw=0.499,0.132,0.284 grav=0.02,0.07,-0.98[0m
[0m[INFO] [1788621229.976617151, 321.484000000]: RL policy input vx=0.306 vy=0.074 wz=0.262 action_rms=0.135 ready=1 userCmd=0 kbd=0 raw=0.306,0.074,0.262 grav=0.04,0.04,-0.98[0m
[0m[INFO] [1788621233.072922775, 323.486000000]: RL policy input vx=0.895 vy=0.094 wz=0.115 action_rms=0.211 ready=1 userCmd=0 kbd=0 raw=0.895,0.094,0.115 grav=-0.00,0.01,-0.98[0m
[0m[INFO] [1788621236.200884538, 325.494000000]: RL policy input vx=0.000 vy=0.000 wz=1.484 action_rms=0.153 ready=1 userCmd=0 kbd=0 raw=0.000,0.000,1.484 grav=0.03,-0.03,-0.98[0m
[0m[INFO] [1788621239.324249895, 327.500000000]: RL policy input vx=0.000 vy=0.000 wz=1.150 action_rms=0.198 ready=1 userCmd=0 kbd=0 raw=0.000,0.000,1.150 grav=0.01,0.00,-0.98[0m
[0m[INFO] [1788621242.466283742, 329.514000000]: RL policy input vx=1.711 vy=0.351 wz=0.228 action_rms=0.335 ready=1 userCmd=0 kbd=0 raw=1.711,0.351,0.228 grav=0.00,0.03,-0.98[0m
[0m[INFO] [1788621245.594983841, 331.518000000]: RL policy input vx=0.570 vy=0.307 wz=0.543 action_rms=0.274 ready=1 userCmd=0 kbd=0 raw=0.570,0.307,0.543 grav=-0.01,0.09,-0.98[0m
[0m[INFO] [1788621248.705151078, 333.530000000]: RL policy input vx=0.000 vy=0.000 wz=-0.450 action_rms=0.203 ready=1 userCmd=0 kbd=0 raw=0.000,0.000,-0.450 grav=0.00,-0.01,-0.98[0m
[0m[INFO] [1788621251.839190501, 335.544000000]: RL policy input vx=0.352 vy=0.000 wz=-0.161 action_rms=0.204 ready=1 userCmd=0 kbd=0 raw=0.352,0.000,-0.161 grav=-0.01,0.00,-0.98[0m
[0m[INFO] [1788621254.969008466, 337.546000000]: RL policy input vx=0.449 vy=0.000 wz=-0.064 action_rms=0.192 ready=1 userCmd=0 kbd=0 raw=0.449,0.000,-0.064 grav=0.01,-0.01,-0.98[0m
[0m[INFO] [1788621258.116252781, 339.556000000]: RL policy input vx=1.079 vy=0.024 wz=0.024 action_rms=0.251 ready=1 userCmd=0 kbd=0 raw=1.079,0.024,0.024 grav=-0.02,0.03,-0.98[0m
[0m[INFO] [1788621261.245182934, 341.560000000]: RL policy input vx=0.450 vy=0.000 wz=0.013 action_rms=0.299 ready=1 userCmd=0 kbd=0 raw=0.450,0.000,0.013 grav=0.00,-0.02,-0.98[0m
[0m[INFO] [1788621264.393216898, 343.570000000]: RL policy input vx=0.450 vy=0.000 wz=-0.037 action_rms=0.154 ready=1 userCmd=0 kbd=0 raw=0.450,0.000,-0.037 grav=0.01,-0.02,-0.98[0m
[0m[INFO] [1788621267.527052160, 345.582000000]: RL policy input vx=0.900 vy=0.022 wz=0.027 action_rms=0.162 ready=1 userCmd=0 kbd=0 raw=0.900,0.022,0.027 grav=-0.00,-0.01,-0.98[0m
[0m[INFO] [1788621270.671287688, 347.594000000]: RL policy input vx=0.900 vy=0.004 wz=0.005 action_rms=0.307 ready=1 userCmd=0 kbd=0 raw=0.900,0.004,0.005 grav=-0.01,-0.02,-0.98[0m
[0m[INFO] [1788621273.799991975, 349.608000000]: RL policy input vx=0.000 vy=0.000 wz=-0.615 action_rms=0.212 ready=1 userCmd=0 kbd=0 raw=0.000,0.000,-0.615 grav=0.03,-0.03,-0.98[0m
[0m[INFO] [1788621276.939028839, 351.616000000]: RL policy input vx=0.000 vy=0.000 wz=-1.543 action_rms=0.341 ready=1 userCmd=0 kbd=0 raw=0.000,0.000,-1.543 grav=0.01,-0.00,-0.98[0m
[0m[INFO] [1788621280.049446900, 353.622000000]: RL policy input vx=0.645 vy=0.550 wz=0.776 action[FSM]: state: INIT
wait for goal.
[FSM]: state: INIT
wait for goal.
[FSM]: state: INIT
wait for goal.
[FSM]: state: INIT
wait for goal.
[FSM]: state: INIT
wait for goal.
[FSM]: state: INIT
wait for goal.
[FSM]: state: INIT
wait for goal.
[FSM]: state: INIT
wait for goal.
[FSM]: state: INIT
wait for goal.
[FSM]: state: INIT
wait for goal.
[FSM]: state: INIT
wait for goal.
[FSM]: state: INIT
wait for goal.
[FSM]: state: INIT
wait for goal.
[FSM]: state: INIT
wait for goal.
[33m[WARN] [1788621301.981020962, 367.500000000]: Plane tilt guard scaling cmd_vel by 0.94 at tilt 0.147 rad[0m
[FSM]: state: INIT
wait for goal.
[FSM]: state: INIT
wait for goal.
[FSM]: state: INIT
wait for goal.
[FSM]: state: INIT
wait for goal.
[FSM]: state: INIT
wait for goal.
[FSM]: state: INIT
wait for goal.
[FSM]: state: INIT
wait for goal.
[FSM]: state: INIT
wait for goal.
[FSM]: state: INIT
wait for goal.
[33m[WARN] [1788621317.083130704, 376.998000000]: Plane tilt guard scaling cmd_vel by 0.88 at tilt 0.156 rad[0m
[FSM]: state: INIT
wait for goal.
[FSM]: state: INIT
wait for goal.
[FSM]: state: INIT
wait for goal.
[FSM]: state: INIT
wait for goal.
[FSM]: state: INIT
wait for goal.
[FSM]: state: INIT
wait for goal.
[FSM]: state: INIT
wait for goal.
[FSM]: state: INIT
wait for goal.
[FSM]: state: INIT
wait for goal.
[FSM]: state: INIT
wait for goal.
[INFO] [1788621215.413485, 312.102000]: danger_detector: merged cross-view duplicate track 4 into track 3, distance=1.116m
[INFO] [1788621217.349059, 313.356000]: danger_detector: merged cross-view duplicate track 4 into track 3, distance=1.116m
[INFO] [1788621219.286630, 314.610000]: danger_detector: merged cross-view duplicate track 4 into track 3, distance=1.116m
[INFO] [1788621220.821160, 315.596000]: danger_detector: scan batch label=floor_1_room_2_g3 raw=0 min_points=3 clusters=[]
[INFO] [1788621220.822458, 315.596000]: danger_detector: merged cross-view duplicate track 4 into track 3, distance=1.116m
[INFO] [1788621221.610158, 316.106000]: danger_detector: merged cross-view duplicate track 4 into track 3, distance=1.116m
[INFO] [1788621223.617144, 317.390000]: danger_detector: merged cross-view duplicate track 4 into track 3, distance=1.116m
[INFO] [1788621225.580309, 318.660000]: danger_detector: merged cross-view duplicate track 4 into track 3, distance=1.116m
[INFO] [1788621227.530555, 319.910000]: danger_detector: merged cross-view duplicate track 4 into track 3, distance=1.116m
[INFO] [1788621229.567691, 321.220000]: danger_detector: merged cross-view duplicate track 4 into track 3, distance=1.116m
[INFO] [1788621231.581316, 322.524000]: danger_detector: merged cross-view duplicate track 4 into track 3, distance=1.116m
[INFO] [1788621233.500570, 323.762000]: danger_detector: merged cross-view duplicate track 4 into track 3, distance=1.116m
[INFO] [1788621235.478107, 325.026000]: danger_detector: merged cross-view duplicate track 4 into track 3, distance=1.116m
[INFO] [1788621237.611585, 326.404000]: danger_detector: merged cross-view duplicate track 4 into track 3, distance=1.116m
[INFO] [1788621238.413097, 326.918000]: danger_detector: scan batch label=floor_1_room_2_g4 raw=0 min_points=3 clusters=[]
[INFO] [1788621238.414658, 326.918000]: danger_detector: merged cross-view duplicate track 4 into track 3, distance=1.116m
[INFO] [1788621239.690864, 327.730000]: danger_detector: merged cross-view duplicate track 4 into track 3, distance=1.116m
[INFO] [1788621241.686477, 329.016000]: danger_detector: merged cross-view duplicate track 4 into track 3, distance=1.116m
[INFO] [1788621243.633713, 330.266000]: danger_detector: merged cross-view duplicate track 4 into track 3, distance=1.116m
[INFO] [1788621245.579887, 331.508000]: danger_detector: merged cross-view duplicate track 4 into track 3, distance=1.116m
[INFO] [1788621248.227187, 333.220000]: danger_detector: merged cross-view duplicate track 4 into track 3, distance=1.116m
[INFO] [1788621250.144197, 334.464000]: danger_detector: merged cross-view duplicate track 4 into track 3, distance=1.116m
[INFO] [1788621252.077366, 335.698000]: danger_detector: merged cross-view duplicate track 4 into track 3, distance=1.116m
[INFO] [1788621254.069467, 336.970000]: danger_detector: merged cross-view duplicate track 4 into track 3, distance=1.116m
[INFO] [1788621255.981844, 338.194000]: danger_detector: merged cross-view duplicate track 4 into track 3, distance=1.116m
[INFO] [1788621257.955127, 339.452000]: danger_detector: merged cross-view duplicate track 4 into track 3, distance=1.116m
[INFO] [1788621259.899052, 340.692000]: danger_detector: merged cross-view duplicate track 4 into track 3, distance=1.116m
[INFO] [1788621261.888577, 341.968000]: danger_detector: merged cross-view duplicate track 4 into track 3, distance=1.116m
[INFO] [1788621263.797881, 343.188000]: danger_detector: merged cross-view duplicate track 4 into track 3, distance=1.116m
[INFO] [1788621265.776421, 344.456000]: danger_detector: merged cross-view duplicate track 4 into track 3, distance=1.116m
[INFO] [1788621267.700773, 345.692000]: danger_detector: merged cross-view duplicate track 4 into track 3, distance=1.116m
[INFO] [1788621269.692868, 346.966000]: danger_detector: merged cross-view duplicate track 4 into track 3, distance=1.116m
[INFO] [1788621271.594984, 348.192000]: danger_detector: merged cross-view duplicate track 4 into track 3, distance=1.116m
[INFO] [1788621273.567362, 349.458000]: danger_detector: merged cross-view duplicate track 4 into track 3, distance=1.116m
[INFO] [1788621275.495595, 350.692000]: danger_detector: merged cross-view duplicate track 4 into track 3, distance=1.116m
[INFO] [1788621276.404583, 351.270000]: danger_detector: scan batch label=floor_1_room_3_g3 raw=0 min_points=3 clusters=[]
[INFO] [1788621276.407434, 351.272000]: danger_detector: merged cross-view duplicate track 4 into track 3, distance=1.116m
[INFO] [1788621277.904614, 352.242000]: danger_detector: merged cross-view duplicate track 4 into track 3, distance=1.116m
[INFO] [1788621280.109024, 353.660000]: danger_detector: merged cross-view duplicate track 4 into track 3, distance=1.116m
[INFO] [1788621282.077167, 354.912000]: danger_detector: merged cross-view duplicate track 4 into track 3, distance=1.116m
[INFO] [1788621284.074483, 356.200000]: danger_detector: merged cross-view duplicate track 4 into track 3, distance=1.116m
[INFO] [1788621285.983411, 357.420000]: danger_detector: merged cross-view duplicate track 4 into track 3, distance=1.116m
[INFO] [1788621287.947902, 358.686000]: danger_detector: scan batch label=floor_1_room_3_g4 raw=0 min_points=3 clusters=[]
[INFO] [1788621287.948829, 358.686000]: danger_detector: merged cross-view duplicate track 4 into track 3, distance=1.116m
[INFO] [1788621288.002313, 358.720000]: danger_detector: merged cross-view duplicate track 4 into track 3, distance=1.116m
[INFO] [1788621289.958955, 359.984000]: danger_detector: merged cross-view duplicate track 4 into track 3, distance=1.116m
[INFO] [1788621291.941300, 361.220000]: danger_detector: merged cross-view duplicate track 4 into track 3, distance=1.116m
[INFO] [1788621293.945441, 362.472000]: danger_detector: merged cross-view duplicate track 4 into track 3, distance=1.116m
[INFO] [1788621295.945562, 363.716000]: danger_detector: merged cross-view duplicate track 4 into track 3, distance=1.116m
[INFO] [1788621297.975904, 364.970000]: danger_detector: merged cross-view duplicate track 4 into track 3, distance=1.116m
[INFO] [1788621299.996276, 366.220000]: danger_detector: merged cross-view duplicate track 4 into track 3, distance=1.116m
[INFO] [1788621301.944797, 367.478000]: danger_detector: merged cross-view duplicate track 4 into track 3, distance=1.116m
[INFO] [1788621303.914340, 368.722000]: danger_detector: merged cross-view duplicate track 4 into track 3, distance=1.116m
[INFO] [1788621305.906500, 369.972000]: danger_detector: merged cross-view duplicate track 4 into track 3, distance=1.116m
[INFO] [1788621307.895710, 371.218000]: danger_detector: merged cross-view duplicate track 4 into track 3, distance=1.116m
[INFO] [1788621309.900309, 372.474000]: danger_detector: merged cross-view duplicate track 4 into track 3, distance=1.116m
[INFO] [1788621311.886636, 373.724000]: danger_detector: merged cross-view duplicate track 4 into track 3, distance=1.116m
[INFO] [1788621313.873741, 374.978000]: danger_detector: merged cross-view duplicate track 4 into track 3, distance=1.116m
[INFO] [1788621315.859124, 376.228000]: danger_detector: merged cross-view duplicate track 4 into track 3, distance=1.116m
[INFO] [1788621317.847567, 377.476000]: danger_detector: merged cross-view duplicate track 4 into track 3, distance=1.116m
[INFO] [1788621319.783526, 378.726000]: danger_detector: merged cross-view duplicate track 4 into track 3, distance=1.116m
[INFO] [1788621321.792434, 379.976000]: danger_detector: merged cross-view duplicate track 4 into track 3, distance=1.116m
[INFO] [1788621323.791135, 381.218000]: danger_detector: merged cross-view duplicate track 4 into track 3, distance=1.116m
[INFO] [1788621325.802916, 382.474000]: danger_detector: merged cross-view duplicate track 4 into track 3, distance=1.116m
[INFO] [1788621327.780941, 383.716000]: danger_detector: merged cross-view duplicate track 4 into track 3, distance=1.116m
[INFO] [1788621329.745852, 384.976000]: danger_detector: merged cross-view duplicate track 4 into track 3, distance=1.116m
[FSM]: state: INIT
wait for goal.
[FSM]: state: INIT
wait for goal.
[FSM]: state: INIT
wait for goal.
[FSM]: state: INIT
wait for goal.
[FSM]: state: INIT
wait for goal.
[FSM]: state: INIT
wait for goal.
[FSM]: state: INIT
wait for goal.
_rms=0.163 ready=1 userCmd=0 kbd=0 raw=0.645,0.550,0.776 grav=-0.02,-0.00,-0.98[0m
[0m[INFO] [1788621283.181005590, 355.622000000]: RL policy input vx=0.897 vy=0.078 wz=0.095 action_rms=0.162 ready=1 userCmd=0 kbd=0 raw=0.897,0.078,0.095 grav=0.00,0.01,-0.98[0m
[0m[INFO] [1788621286.322639783, 357.640000000]: RL policy input vx=0.000 vy=0.000 wz=2.900 action_rms=0.328 ready=1 userCmd=0 kbd=0 raw=0.000,0.000,2.900 grav=0.01,0.01,-0.98[0m
[0m[INFO] [1788621289.437051101, 359.646000000]: RL policy input vx=2.083 vy=0.566 wz=0.292 action_rms=0.263 ready=1 userCmd=0 kbd=0 raw=2.083,0.566,0.292 grav=-0.01,0.10,-0.97[0m
[0m[INFO] [1788621292.651056104, 361.666000000]: RL policy input vx=0.000 vy=0.000 wz=0.200 action_rms=0.149 ready=1 userCmd=0 kbd=0 raw=0.000,0.000,0.200 grav=0.02,-0.00,-0.98[0m
[0m[INFO] [1788621295.888084168, 363.680000000]: RL policy input vx=0.450 vy=0.000 wz=0.027 action_rms=0.298 ready=1 userCmd=0 kbd=0 raw=0.450,0.000,0.027 grav=-0.00,-0.02,-0.98[0m
[0m[INFO] [1788621299.135415381, 365.686000000]: RL policy input vx=0.787 vy=-0.026 wz=-0.037 action_rms=0.178 ready=1 userCmd=0 kbd=0 raw=0.787,-0.026,-0.037 grav=-0.01,0.02,-0.98[0m
[0m[INFO] [1788621302.281558151, 367.690000000]: RL policy input vx=2.169 vy=0.600 wz=0.297 action_rms=0.395 ready=1 userCmd=0 kbd=0 raw=2.169,0.600,0.297 grav=-0.04,-0.01,-0.98[0m
[0m[INFO] [1788621305.479578353, 369.710000000]: RL policy input vx=2.249 vy=0.050 wz=0.025 action_rms=0.354 ready=1 userCmd=0 kbd=0 raw=2.249,0.050,0.025 grav=0.03,0.07,-0.98[0m
[0m[INFO] [1788621308.704294317, 371.726000000]: RL policy input vx=2.250 vy=-0.040 wz=-0.020 action_rms=0.364 ready=1 userCmd=0 kbd=0 raw=2.250,-0.040,-0.020 grav=-0.01,0.02,-0.98[0m
[0m[INFO] [1788621311.914500130, 373.744000000]: RL policy input vx=2.250 vy=-0.036 wz=-0.017 action_rms=0.321 ready=1 userCmd=0 kbd=0 raw=2.250,-0.036,-0.017 grav=0.03,-0.03,-0.98[0m
[0m[INFO] [1788621315.095169318, 375.744000000]: RL policy input vx=2.250 vy=-0.011 wz=-0.005 action_rms=0.243 ready=1 userCmd=0 kbd=0 raw=2.250,-0.011,-0.005 grav=0.02,-0.01,-0.98[0m
[0m[INFO] [1788621318.260823046, 377.744000000]: RL policy input vx=1.115 vy=0.252 wz=0.245 action_rms=0.321 ready=1 userCmd=0 kbd=0 raw=1.115,0.252,0.245 grav=0.09,-0.12,-0.97[0m
[0m[INFO] [1788621321.449442237, 379.764000000]: RL policy input vx=1.844 vy=-0.151 wz=-0.090 action_rms=0.401 ready=1 userCmd=0 kbd=0 raw=1.844,-0.151,-0.090 grav=-0.01,-0.09,-0.98[0m
[0m[INFO] [1788621324.666458777, 381.766000000]: RL policy input vx=1.850 vy=0.021 wz=0.012 action_rms=0.395 ready=1 userCmd=0 kbd=0 raw=1.850,0.021,0.012 grav=-0.03,-0.08,-0.98[0m
[0m[INFO] [1788621327.867176467, 383.772000000]: RL policy input vx=0.000 vy=0.000 wz=-1.000 action_rms=0.153 ready=1 userCmd=0 kbd=0 raw=0.000,0.000,-1.000 grav=0.07,0.02,-0.98[0m
[0m[INFO] [1788621331.047090705, 385.790000000]: RL policy input vx=0.000 vy=0.000 wz=-0.209 action_rms=0.159 ready=1 userCmd=0 kbd=0 raw=0.000,0.000,-0.209 grav=0.00,0.01,-0.98[0m
[0m[INFO] [1788621334.288068782, 387.794000000]: RL policy input vx=1.427 vy=0.000 wz=-0.075 action_rms=0.304 ready=1 userCmd=0 kbd=0 raw=1.427,0.000,-0.075 grav=-0.02,-0.05,-0.98[0m
[0m[INFO] [1788621337.524860241, 389.796000000]: RL policy input vx=0.000 vy=0.000 wz=-0.566 action_rms=0.262 ready=1 userCmd=0 kbd=0 raw=0.000,0.000,-0.566 grav=0.02,-0.02,-0.98[0m
[0m[INFO] [1788621340.651212577, 391.796000000]: RL policy input vx=0.000 vy=0.000 wz=-0.259 action_rms=0.200 ready=1 userCmd=0 kbd=0 raw=0.000,0.000,-0.259 grav=0.00,0.00,-0.98[0m
Switched from RL to fixed stand
infer_thread退出!
[33m[WARN] [1788621343.437568586, 393.546000000]: Using one-shot captured-pose FixedStand profile: ramp 0.50 s, settle 0.00 s, ready after 0.50 s + 0.50 s stable, minimum gain 0.75[0m
[INFO] Using /stand_target_joints param stance.
[FSM]: state: INIT
wait for goal.
Switched from fixed stand to RL
[INFO] Entered RL /cmd_vel mode.
[33m[WARN] [1788621344.735572000, 394.348000000]: Using one-shot stair RL takeover profile: blend 0.50 s, zero hold 0.15 s[0m
cuda::is_available():0
[WARNING] UNITREE_RL_DEVICE=hybrid selected CUDA for this policy but CUDA is unavailable; using CPU.
RL inference device: cpu (requested=hybrid, policy=stair)
[INFO] RL policy activated from preload cache at FixedStand entry boundary: /home/quinn/0904/runtime_assets/SimEnv/src/unitree_guide/logs/policy_act_inference_stair.pt
[FSM]: state: INIT
wait for goal.
[FSM]: state: INIT
wait for goal.
[FSM]: state: INIT
wait for goal.
[FSM]: state: INIT
wait for goal.
[FSM]: state: INIT
wait for goal.
[FSM]: state: INIT
wait for goal.
[FSM]: state: INIT
wait for goal.
[FSM]: state: INIT
wait for goal.
[FSM]: state: INIT
wait for goal.
[FSM]: state: INIT
wait for goal.
[FSM]: state: INIT
wait for goal.
[FSM]: state: INIT
wait for goal.
[FSM]: state: INIT
wait for goal.
[FSM]: state: INIT
wait for goal.
[FSM]: state: INIT
wait for goal.
[FSM]: state: INIT
wait for goal.
[FSM]: state: INIT
wait for goal.
[FSM]: state: INIT
wait for goal.
[FSM]: state: INIT
wait for goal.
[FSM]: state: INIT
wait for goal.
[FSM]: state: INIT
wait for goal.
[FSM]: state: INIT
wait for goal.
[33m[WARN] [1788621379.942706480, 416.972000000]: Using one-shot plane RL takeover profile: blend 0.50 s, zero hold 0.15 s[0m
[FSM]: state: INIT
wait for goal.
[0m[INFO] [1788621344.738325966, 394.350000000]: RL policy input vx=0.000 vy=0.000 wz=0.000 action_rms=0.200 ready=0 userCmd=0 kbd=0 raw=0.000,0.000,0.000 grav=0.00,0.01,-0.98[0m
[0m[INFO] [1788621345.811665871, 395.004000000]: RL locomotion_ready latched after 0.66 s takeover and 0.66 s stable hold[0m
[0m[INFO] [1788621348.012957980, 396.360000000]: RL policy input vx=0.588 vy=-0.250 wz=-0.017 action_rms=0.353 ready=1 userCmd=8 kbd=0 raw=0.588,-0.250,-0.017 grav=-0.23,-0.13,-0.94[0m
[0m[INFO] [1788621351.151406678, 398.378000000]: RL policy input vx=0.599 vy=0.028 wz=0.016 action_rms=0.371 ready=1 userCmd=0 kbd=0 raw=0.599,0.028,0.016 grav=-0.42,-0.01,-0.89[0m
[0m[INFO] [1788621354.247847765, 400.380000000]: RL policy input vx=0.799 vy=0.056 wz=0.037 action_rms=0.359 ready=1 userCmd=0 kbd=0 raw=0.799,0.056,0.037 grav=-0.44,-0.04,-0.88[0m
[0m[INFO] [1788621357.351490222, 402.392000000]: RL policy input vx=0.143 vy=-0.736 wz=-1.200 action_rms=0.262 ready=1 userCmd=0 kbd=0 raw=0.143,-0.736,-1.200 grav=-0.07,-0.04,-0.98[0m
[0m[INFO] [1788621360.470192202, 404.402000000]: RL policy input vx=0.392 vy=-0.067 wz=-0.240 action_rms=0.172 ready=1 userCmd=8 kbd=0 raw=0.392,-0.067,-0.240 grav=-0.00,0.00,-0.98[0m
[0m[INFO] [1788621363.576877641, 406.402000000]: RL policy input vx=0.000 vy=0.000 wz=-0.757 action_rms=0.159 ready=1 userCmd=8 kbd=0 raw=0.000,0.000,-0.757 grav=-0.02,0.01,-0.98[0m
[0m[INFO] [1788621366.694962760, 408.410000000]: RL policy input vx=0.000 vy=0.000 wz=-0.240 action_rms=0.162 ready=1 userCmd=0 kbd=0 raw=0.000,0.000,-0.240 grav=-0.03,0.03,-0.98[0m
[0m[INFO] [1788621369.794886110, 410.412000000]: RL policy input vx=0.794 vy=-0.107 wz=-0.028 action_rms=0.493 ready=1 userCmd=0 kbd=0 raw=0.794,-0.107,-0.028 grav=-0.48,0.04,-0.85[0m
[0m[INFO] [1788621372.893665076, 412.420000000]: RL policy input vx=0.795 vy=0.090 wz=0.039 action_rms=0.407 ready=1 userCmd=0 kbd=0 raw=0.795,0.090,0.039 grav=-0.40,0.04,-0.89[0m
[0m[INFO] [1788621376.004243732, 414.440000000]: RL policy input vx=0.567 vy=0.281 wz=0.048 action_rms=0.399 ready=1 userCmd=0 kbd=0 raw=0.567,0.281,0.048 grav=-0.43,-0.00,-0.88[0m
[0m[INFO] [1788621379.093717873, 416.440000000]: RL policy input vx=0.796 vy=0.079 wz=0.034 action_rms=0.284 ready=1 userCmd=8 kbd=0 raw=0.796,0.079,0.034 grav=-0.19,-0.03,-0.96[0m
cuda::is_available():0
RL inference device: cpu (requested=hybrid, policy=plane)
[INFO] RL policy hot-switched from preload cache: /home/quinn/0904/runtime_assets/SimEnv/src/unitree_guide/logs/policy_act_inference_plane.pt
[FSM]: state: INIT
wait for goal.
[INFO] [1788621342.029766, 392.682000]: Floor-2 stair controller armed by SECOND_FLOOR_EXPLORATION_COMPLETE.
[INFO] [1788621342.056532, 392.700000]: Robot is already 0.04 m from the pre-riser pose; skipping the corridor/side legs.
[INFO] [1788621342.059039, 392.702000]: Pre-ascent residual heading error -0.112 rad (visual_depth=False, bearing=none).
[INFO] [1788621343.005904, 393.280000]: Pre-ascent stand target set from flight-A pre-reload capture entry sample
[INFO] [1788621343.009116, 393.282000]: Flight-A plane gait settled at joint RMS 0.115; holding FixedStand for at least 0.1 s at snapshot pose before queued stair-policy entry.
[INFO] [1788621344.460070, 394.180000]: Flight-A FixedStand readiness gate complete; queued the stair policy for State_RL entry and retaining stand ownership for 0.25 s.
[INFO] [1788621344.726450, 394.342000]: Flight-A policy request has been queued under FixedStand; requesting RL so State_RL loads it before inference starts.
[INFO] [1788621345.850775, 395.024000]: Fresh RL readiness confirmed after the flight-A FixedStand boundary; starting the climb ramp.
[INFO] [1788621345.872054, 395.040000]: Flight-A fresh RL readiness observed; ascent clocks reset and 1.2 s climb ramp started.
[INFO] [1788621345.873940, 395.040000]: STPUB phase=STAIR_ASCENT world=(0.000,0.001,-0.032) body=(0.001,-0.000,-0.032) truth_z=2.912 pose=2.9122095251296263
[INFO] [1788621347.548435, 396.060000]: STPUB phase=STAIR_ASCENT world=(0.033,0.800,-0.019) body=(0.797,-0.076,-0.019) truth_z=2.940 pose=2.9395054724050604
[INFO] [1788621349.140512, 397.080000]: STPUB phase=STAIR_ASCENT world=(0.066,0.800,-0.011) body=(0.797,-0.092,-0.011) truth_z=3.113 pose=3.1129025799648495
[INFO] [1788621350.719782, 398.100000]: STPUB phase=STAIR_ASCENT world=(0.071,0.800,-0.008) body=(0.798,-0.089,-0.008) truth_z=3.363 pose=3.3625025514159477
[INFO] [1788621352.304775, 399.120000]: STPUB phase=STAIR_ASCENT world=(0.042,0.800,0.005) body=(0.801,-0.031,0.005) truth_z=3.583 pose=3.583435753775706
[INFO] [1788621353.878242, 400.140000]: STPUB phase=STAIR_ASCENT world=(-0.220,0.600,0.039) body=(0.572,0.286,0.039) truth_z=3.798 pose=3.797846793855286
[INFO] [1788621355.451130, 401.160000]: STPUB phase=STAIR_ASCENT world=(0.025,0.800,0.032) body=(0.799,0.049,0.032) truth_z=4.008 pose=4.007861005895218
[INFO] [1788621357.022745, 402.180000]: Intermediate landing entered at y=4.76 m; starting moving turn.
[INFO] [1788621357.053549, 402.200000]: STPUB phase=STAIR_LANDING_TURN world=(0.750,0.000,-1.200) body=(0.048,-0.748,-1.200) truth_z=4.199 pose=4.198840856601059
[INFO] [1788621358.639623, 403.220000]: STPUB phase=STAIR_LANDING_TURN world=(0.750,0.000,-0.643) body=(0.625,-0.414,-0.643) truth_z=4.216 pose=4.215891668135232
[INFO] [1788621360.219953, 404.240000]: STPUB phase=STAIR_LANDING_TURN world=(0.466,0.000,-0.240) body=(0.457,-0.095,-0.240) truth_z=4.213 pose=4.213042839987262
[INFO] [1788621361.805489, 405.260000]: STPUB phase=STAIR_LANDING_TURN world=(0.300,0.000,-0.097) body=(0.299,-0.026,-0.097) truth_z=4.215 pose=4.214998734837138
[INFO] [1788621363.388753, 406.280000]: STPUB phase=STAIR_LANDING_TURN world=(0.000,0.000,-0.859) body=(0.000,0.000,-0.859) truth_z=4.220 pose=4.220294143022597
[INFO] [1788621364.972472, 407.300000]: STPUB phase=STAIR_LANDING_TURN world=(0.000,0.000,-0.360) body=(0.000,0.000,-0.360) truth_z=4.224 pose=4.224087562448625
[INFO] [1788621366.556020, 408.320000]: STPUB phase=STAIR_LANDING_TURN world=(0.000,0.000,-0.240) body=(0.000,0.000,-0.240) truth_z=4.229 pose=4.229295414251814
[INFO] [1788621366.893929, 408.540000]: Flight-B entry aligned: x error=-0.039 m, heading error=-0.149 rad.
[INFO] [1788621366.895200, 408.540000]: Flight-B entry joints saved (12 dofs) -> /home/quinn/0904/results/official_gui_rtf065_s111_20260905_230436/flight_b_entry_joints_1.json
[INFO] [1788621366.924829, 408.560000]: ASCENT_B gate: entry_guide=True truth_pose=True start_z=2.912 profile=True heading=-1.571 pose_z=4.229285352927421 truth_z=4.229285352927421
[INFO] [1788621366.926057, 408.560000]: Pre-ascent RL settle: holding zero command until motion is stable for 0.6 s before FixedStand.
[INFO] [1788621366.927126, 408.560000]: Pre-ascent RL settle active: stable 0.00/0.60 s.
[INFO] [1788621367.699716, 409.060000]: Pre-ascent RL motion settled for 0.62 s; settle-only gate complete (FixedStand disabled).
[INFO] [1788621368.133464, 409.340000]: STPUB phase=STAIR_ASCENT_B world=(-0.025,-0.800,-0.064) body=(0.782,-0.170,-0.064) truth_z=4.247 pose=4.246761503521627
[INFO] [1788621368.509664, 409.580000]: ASCENT_B gate: entry_guide=True truth_pose=True start_z=2.912 profile=True heading=-1.571 pose_z=4.255201061065479 truth_z=4.255201061065479
[INFO] [1788621369.713774, 410.360000]: STPUB phase=STAIR_ASCENT_B world=(-0.046,-0.800,-0.033) body=(0.792,-0.121,-0.033) truth_z=4.408 pose=4.4077840994354185
[INFO] [1788621370.083784, 410.600000]: ASCENT_B gate: entry_guide=True truth_pose=True start_z=2.912 profile=True heading=-1.571 pose_z=4.442176310431498 truth_z=4.442176310431498
[INFO] [1788621371.291879, 411.380000]: STPUB phase=STAIR_ASCENT_B world=(0.000,-0.800,0.030) body=(0.797,0.069,0.030) truth_z=4.597 pose=4.597249789348335
[INFO] [1788621371.661914, 411.620000]: ASCENT_B gate: entry_guide=True truth_pose=True start_z=2.912 profile=True heading=-1.571 pose_z=4.641999853991417 truth_z=4.641999853991417
[INFO] [1788621372.862916, 412.400000]: STPUB phase=STAIR_ASCENT_B world=(0.000,-0.800,0.039) body=(0.795,0.090,0.039) truth_z=4.785 pose=4.78451079221347
[INFO] [1788621373.233630, 412.640000]: ASCENT_B gate: entry_guide=True truth_pose=True start_z=2.912 profile=True heading=-1.571 pose_z=4.829705959562389 truth_z=4.829705959562389
[INFO] [1788621374.434286, 413.420000]: STPUB phase=STAIR_ASCENT_B world=(0.000,-0.800,0.033) body=(0.797,0.074,0.033) truth_z=5.014 pose=5.013624284628045
[INFO] [1788621374.803903, 413.660000]: ASCENT_B gate: entry_guide=True truth_pose=True start_z=2.912 profile=True heading=-1.571 pose_z=5.047735186657508 truth_z=5.047735186657508
[INFO] [1788621376.004916, 414.440000]: STPUB phase=STAIR_ASCENT_B world=(0.200,-0.600,0.051) body=(0.564,0.286,0.051) truth_z=5.206 pose=5.205906685843791
[INFO] [1788621376.373964, 414.680000]: ASCENT_B gate: entry_guide=True truth_pose=True start_z=2.912 profile=True heading=-1.571 pose_z=5.256828903846721 truth_z=5.256828903846721
[INFO] [1788621377.574593, 415.460000]: STPUB phase=STAIR_ASCENT_B world=(0.000,-0.600,0.077) body=(0.586,0.130,0.077) truth_z=5.378 pose=5.377115799774721
[INFO] [1788621377.943880, 415.700000]: ASCENT_B gate: entry_guide=True truth_pose=True start_z=2.912 profile=True heading=-1.571 pose_z=5.415347243823098 truth_z=5.415347243823098
[INFO] [1788621379.153872, 416.480000]: STPUB phase=STAIR_ASCENT_B world=(0.000,-0.800,0.035) body=(0.796,0.079,0.035) truth_z=5.497 pose=5.49729524874942
[INFO] [1788621379.409893, 416.640000]: Upper landing entered: gain=2.59 m, clearance=0.01 m; stabilizing for 0.5 s.
[INFO] [1788621379.923598, 416.960000]: Floor-3 landing confirmed after two flights: gain=2.60 m clearance=0.11 m.
[INFO] [1788621381.039384, 417.662000]: Plane policy acknowledged on the upper landing; releasing stair controller ownership.
[FSM]: state: INIT
wait for goal.
[FSM]: state: INIT
wait for goal.
[FSM]: state: INIT
wait for goal.
[FSM]: state: INIT
wait for goal.
[FSM]: state: INIT
wait for goal.
[FSM]: state: INIT
wait for goal.
[FSM]: state: INIT
wait for goal.
[FSM]: state: INIT
wait for goal.
[FSM]: state: INIT
wait for goal.
[FSM]: state: INIT
wait for goal.
[FSM]: state: INIT
wait for goal.
[FSM]: state: INIT
wait for goal.
[FSM]: state: INIT
wait for goal.
[FSM]: state: INIT
wait for goal.
[FSM]: state: INIT
wait for goal.
[FSM]: state: INIT
wait for goal.
[FSM]: state: INIT
wait for goal.
[FSM]: state: INIT
wait for goal.
[FSM]: state: INIT
wait for goal.
[FSM]: state: INIT
wait for goal.
[FSM]: state: INIT
wait for goal.
[FSM]: state: INIT
wait for goal.
[FSM]: state: INIT
wait for goal.
[FSM]: state: INIT
wait for goal.
[FSM]: state: INIT
wait for goal.
[FSM]: state: INIT
wait for goal.
[FSM]: state: INIT
wait for goal.
[FSM]: state: INIT
wait for goal.
[FSM]: state: INIT
wait for goal.
[FSM]: state: INIT
wait for goal.
[FSM]: state: INIT
wait for goal.
[FSM]: state: INIT
wait for goal.
[FSM]: state: INIT
wait for goal.
[FSM]: state: INIT
wait for goal.
[FSM]: state: INIT
wait for goal.
[FSM]: state: INIT
wait for goal.
[FSM]: state: INIT
wait for goal.
[FSM]: state: INIT
wait for goal.
[FSM]: state: INIT
wait for goal.
[FSM]: state: INIT
wait for goal.
[FSM]: state: INIT
wait for goal.
[FSM]: state: INIT
wait for goal.
[0m[INFO] [1788621380.986146072, 417.628000000]: RL locomotion_ready latched after 0.66 s takeover and 0.41 s stable hold[0m
[0m[INFO] [1788621382.282131147, 418.456000000]: RL policy input vx=0.000 vy=0.000 wz=1.150 action_rms=0.254 ready=1 userCmd=0 kbd=0 raw=0.000,0.000,1.150 grav=0.00,0.01,-0.98[0m
[0m[INFO] [1788621385.414321692, 420.470000000]: RL policy input vx=0.231 vy=0.000 wz=0.172 action_rms=0.152 ready=1 userCmd=0 kbd=0 raw=0.231,0.000,0.172 grav=0.01,-0.02,-0.98[0m
[0m[INFO] [1788621388.527390056, 422.472000000]: RL policy input vx=0.000 vy=0.000 wz=1.150 action_rms=0.271 ready=1 userCmd=0 kbd=0 raw=0.000,0.000,1.150 grav=0.02,-0.05,-0.98[0m
[0m[INFO] [1788621391.680344345, 424.492000000]: RL policy input vx=0.915 vy=0.000 wz=0.142 action_rms=0.196 ready=1 userCmd=0 kbd=0 raw=0.915,0.000,0.142 grav=-0.02,-0.02,-0.98[0m
[0m[INFO] [1788621394.880733635, 426.502000000]: RL policy input vx=2.250 vy=0.000 wz=0.002 action_rms=0.451 ready=1 userCmd=0 kbd=0 raw=2.250,0.000,0.002 grav=-0.01,0.03,-0.98[0m
[0m[INFO] [1788621398.102403289, 428.510000000]: RL policy input vx=2.250 vy=0.000 wz=-0.002 action_rms=0.413 ready=1 userCmd=0 kbd=0 raw=2.250,0.000,-0.002 grav=-0.03,-0.06,-0.98[0m
[0m[INFO] [1788621401.319152490, 430.528000000]: RL policy input vx=2.244 vy=0.000 wz=0.082 action_rms=0.444 ready=1 userCmd=0 kbd=0 raw=2.244,0.000,0.082 grav=0.01,0.00,-0.98[0m
[0m[INFO] [1788621404.517367519, 432.544000000]: RL policy input vx=0.886 vy=0.630 wz=0.680 action_rms=0.403 ready=1 userCmd=0 kbd=0 raw=0.886,0.630,0.680 grav=-0.02,-0.05,-0.98[0m
[0m[INFO] [1788621407.677714244, 434.550000000]: RL policy input vx=0.000 vy=0.000 wz=0.197 action_rms=0.144 ready=1 userCmd=0 kbd=0 raw=0.000,0.000,0.197 grav=0.01,-0.01,-0.98[0m
[0m[INFO] [1788621410.886320145, 436.558000000]: RL policy input vx=0.450 vy=0.000 wz=0.026 action_rms=0.266 ready=1 userCmd=0 kbd=0 raw=0.450,0.000,0.026 grav=-0.00,-0.02,-0.98[0m
[0m[INFO] [1788621414.130660216, 438.578000000]: RL policy input vx=0.862 vy=0.260 wz=0.323 action_rms=0.178 ready=1 userCmd=0 kbd=0 raw=0.862,0.260,0.323 grav=-0.01,0.01,-0.98[0m
[0m[INFO] [1788621417.344639735, 440.586000000]: RL policy input vx=0.900 vy=0.026 wz=0.032 action_rms=0.200 ready=1 userCmd=0 kbd=0 raw=0.900,0.026,0.032 grav=-0.01,-0.00,-0.98[0m
[0m[INFO] [1788621420.562472631, 442.594000000]: RL policy input vx=0.900 vy=0.010 wz=0.012 action_rms=0.308 ready=1 userCmd=0 kbd=0 raw=0.900,0.010,0.012 grav=-0.01,-0.02,-0.98[0m
[0m[INFO] [1788621423.775971355, 444.598000000]: RL policy input vx=0.000 vy=0.000 wz=-2.900 action_rms=0.141 ready=1 userCmd=0 kbd=0 raw=0.000,0.000,-2.900 grav=0.02,0.02,-0.98[0m
[0m[INFO] [1788621426.942304115, 446.618000000]: RL policy input vx=0.000 vy=0.000 wz=1.367 action_rms=0.157 ready=1 userCmd=0 kbd=0 raw=0.000,0.000,1.367 grav=0.02,0.00,-0.98[0m
[0m[INFO] [1788621430.085332490, 448.632000000]: RL policy input vx=0.855 vy=0.280 wz=0.348 action_rms=0.189 ready=1 userCmd=0 kbd=0 raw=0.855,0.280,0.348 grav=-0.00,0.07,-0.98[0m
[0m[INFO] [1788621433.216616886, 450.642000000]: RL policy input vx=0.521 vy=0.026 wz=0.054 action_rms=0.218 ready=1 userCmd=0 kbd=0 raw=0.521,0.026,0.054 grav=0.01,-0.01,-0.98[0m
[0m[INFO] [1788621436.348988192, 452.644000000]: RL policy input vx=0.000 vy=0.000 wz=2.900 action_rms=0.459 ready=1 userCmd=0 kbd=0 raw=0.000,0.000,2.900 grav=0.02,0.02,-0.98[0m
[0m[INFO] [1788621439.480463611, 454.654000000]: RL policy input vx=0.916 vy=0.020 wz=0.023 action_rms=0.132 ready=1 userCmd=0 kbd=0 raw=0.916,0.020,0.023 grav=0.06,-0.05,-0.98[0m
[0m[INFO] [1788621442.616660203, 456.660000000]: RL policy input vx=0.449 vy=0.000 wz=0.080 action_rms=0.277 ready=1 userCmd=0 kbd=0 raw=0.449,0.000,0.080 grav=-0.01,-0.01,-0.98[0m
[0m[INFO] [1788621445.731816061, 458.660000000]: RL policy input vx=0.450 vy=0.000 wz=0.006 action_rms=0.175 ready=1 userCmd=0 kbd=0 raw=0.450,0.000,0.006 grav=0.00,-0.01,-0.98[0m
[0m[INFO] [1788621448.866726737, 460.666000000]: RL policy input vx=0.532 vy=-0.008 wz=-0.016 action_rms=0.167 ready=1 userCmd=0 kbd=0 raw=0[FSM]: state: INIT
wait for goal.
[FSM]: state: INIT
wait for goal.
[FSM]: state: INIT
wait for goal.
[FSM]: state: INIT
wait for goal.
[FSM]: state: INIT
wait for goal.
[FSM]: state: INIT
wait for goal.
[FSM]: state: INIT
wait for goal.
[INFO] [1788621331.747842, 386.218000]: danger_detector: merged cross-view duplicate track 4 into track 3, distance=1.116m
[INFO] [1788621333.775942, 387.474000]: danger_detector: merged cross-view duplicate track 4 into track 3, distance=1.116m
[INFO] [1788621335.788650, 388.716000]: danger_detector: merged cross-view duplicate track 4 into track 3, distance=1.116m
[INFO] [1788621337.815921, 389.972000]: danger_detector: merged cross-view duplicate track 4 into track 3, distance=1.116m
[INFO] [1788621339.780603, 391.234000]: danger_detector: merged cross-view duplicate track 4 into track 3, distance=1.116m
[INFO] [1788621341.714696, 392.478000]: danger_detector: merged cross-view duplicate track 4 into track 3, distance=1.116m
[INFO] [1788621343.741372, 393.734000]: danger_detector: merged cross-view duplicate track 4 into track 3, distance=1.116m
[INFO] [1788621345.775241, 394.982000]: danger_detector: merged cross-view duplicate track 4 into track 3, distance=1.116m
[INFO] [1788621347.809382, 396.228000]: danger_detector: merged cross-view duplicate track 4 into track 3, distance=1.116m
[INFO] [1788621350.151946, 397.734000]: danger_detector: merged cross-view duplicate track 4 into track 3, distance=1.116m
[INFO] [1788621352.288605, 399.108000]: danger_detector: merged cross-view duplicate track 4 into track 3, distance=1.116m
[INFO] [1788621354.637541, 400.630000]: danger_detector: merged cross-view duplicate track 4 into track 3, distance=1.116m
[INFO] [1788621356.794180, 402.030000]: danger_detector: merged cross-view duplicate track 4 into track 3, distance=1.116m
[INFO] [1788621358.762261, 403.298000]: danger_detector: merged cross-view duplicate track 4 into track 3, distance=1.116m
[INFO] [1788621360.676414, 404.534000]: danger_detector: merged cross-view duplicate track 4 into track 3, distance=1.116m
[INFO] [1788621362.617464, 405.782000]: danger_detector: merged cross-view duplicate track 4 into track 3, distance=1.116m
[INFO] [1788621364.574863, 407.042000]: danger_detector: merged cross-view duplicate track 4 into track 3, distance=1.116m
[INFO] [1788621366.497714, 408.282000]: danger_detector: merged cross-view duplicate track 4 into track 3, distance=1.116m
[INFO] [1788621368.436499, 409.532000]: danger_detector: merged cross-view duplicate track 4 into track 3, distance=1.116m
[INFO] [1788621371.262006, 411.360000]: danger_detector: merged cross-view duplicate track 4 into track 3, distance=1.116m
[INFO] [1788621376.536304, 414.784000]: danger_detector: merged cross-view duplicate track 4 into track 3, distance=1.116m
[INFO] [1788621379.619207, 416.770000]: danger_detector: merged cross-view duplicate track 4 into track 3, distance=1.116m
[INFO] [1788621381.597737, 418.020000]: danger_detector: merged cross-view duplicate track 4 into track 3, distance=1.116m
[INFO] [1788621383.582777, 419.292000]: danger_detector: merged cross-view duplicate track 4 into track 3, distance=1.116m
[INFO] [1788621385.519467, 420.538000]: danger_detector: merged cross-view duplicate track 4 into track 3, distance=1.116m
[INFO] [1788621387.454375, 421.784000]: danger_detector: merged cross-view duplicate track 4 into track 3, distance=1.116m
[INFO] [1788621389.410650, 423.036000]: danger_detector: merged cross-view duplicate track 4 into track 3, distance=1.116m
[INFO] [1788621391.372312, 424.292000]: danger_detector: merged cross-view duplicate track 4 into track 3, distance=1.116m
[INFO] [1788621393.326999, 425.524000]: danger_detector: merged cross-view duplicate track 4 into track 3, distance=1.116m
[INFO] [1788621395.333027, 426.776000]: danger_detector: merged cross-view duplicate track 4 into track 3, distance=1.116m
[INFO] [1788621397.328646, 428.026000]: danger_detector: merged cross-view duplicate track 4 into track 3, distance=1.116m
[INFO] [1788621399.329538, 429.278000]: danger_detector: merged cross-view duplicate track 4 into track 3, distance=1.116m
[INFO] [1788621401.313447, 430.524000]: danger_detector: merged cross-view duplicate track 4 into track 3, distance=1.116m
[INFO] [1788621403.348879, 431.796000]: danger_detector: merged cross-view duplicate track 4 into track 3, distance=1.116m
[INFO] [1788621405.279629, 433.034000]: danger_detector: merged cross-view duplicate track 4 into track 3, distance=1.116m
[INFO] [1788621407.243607, 434.278000]: danger_detector: merged cross-view duplicate track 4 into track 3, distance=1.116m
[INFO] [1788621409.228648, 435.522000]: danger_detector: merged cross-view duplicate track 4 into track 3, distance=1.116m
[INFO] [1788621411.235861, 436.776000]: danger_detector: merged cross-view duplicate track 4 into track 3, distance=1.116m
[INFO] [1788621413.247016, 438.026000]: danger_detector: merged cross-view duplicate track 4 into track 3, distance=1.116m
[INFO] [1788621415.247513, 439.278000]: danger_detector: merged cross-view duplicate track 4 into track 3, distance=1.116m
[INFO] [1788621417.251512, 440.526000]: danger_detector: merged cross-view duplicate track 4 into track 3, distance=1.116m
[INFO] [1788621419.252020, 441.778000]: danger_detector: merged cross-view duplicate track 4 into track 3, distance=1.116m
[INFO] [1788621421.256855, 443.022000]: danger_detector: merged cross-view duplicate track 4 into track 3, distance=1.116m
[INFO] [1788621423.264933, 444.276000]: danger_detector: merged cross-view duplicate track 4 into track 3, distance=1.116m
[INFO] [1788621425.212590, 445.516000]: danger_detector: scan batch label=floor_2_room_0_g3 raw=0 min_points=3 clusters=[]
[INFO] [1788621425.214105, 445.518000]: danger_detector: merged cross-view duplicate track 4 into track 3, distance=1.116m
[INFO] [1788621425.241344, 445.534000]: danger_detector: merged cross-view duplicate track 4 into track 3, distance=1.116m
[INFO] [1788621427.221398, 446.796000]: danger_detector: merged cross-view duplicate track 4 into track 3, distance=1.116m
[INFO] [1788621429.168005, 448.042000]: danger_detector: merged cross-view duplicate track 4 into track 3, distance=1.116m
[INFO] [1788621431.114329, 449.292000]: danger_detector: merged cross-view duplicate track 4 into track 3, distance=1.116m
[INFO] [1788621433.056579, 450.540000]: danger_detector: merged cross-view duplicate track 4 into track 3, distance=1.116m
[INFO] [1788621434.998730, 451.784000]: danger_detector: merged cross-view duplicate track 4 into track 3, distance=1.116m
[INFO] [1788621436.947239, 453.026000]: danger_detector: merged cross-view duplicate track 4 into track 3, distance=1.116m
[INFO] [1788621436.964448, 453.038000]: danger_detector: scan batch label=floor_2_room_0_g4 raw=0 min_points=3 clusters=[]
[INFO] [1788621436.965874, 453.038000]: danger_detector: merged cross-view duplicate track 4 into track 3, distance=1.116m
[INFO] [1788621438.911076, 454.286000]: danger_detector: merged cross-view duplicate track 4 into track 3, distance=1.116m
[INFO] [1788621440.863029, 455.536000]: danger_detector: merged cross-view duplicate track 4 into track 3, distance=1.116m
[INFO] [1788621442.819139, 456.788000]: danger_detector: merged cross-view duplicate track 4 into track 3, distance=1.116m
[INFO] [1788621444.764751, 458.038000]: danger_detector: merged cross-view duplicate track 4 into track 3, distance=1.116m
[INFO] [1788621446.709655, 459.284000]: danger_detector: merged cross-view duplicate track 4 into track 3, distance=1.116m
[INFO] [1788621448.660308, 460.530000]: danger_detector: merged cross-view duplicate track 4 into track 3, distance=1.116m
[INFO] [1788621450.596586, 461.778000]: danger_detector: merged cross-view duplicate track 4 into track 3, distance=1.116m
[INFO] [1788621452.573199, 463.042000]: danger_detector: merged cross-view duplicate track 4 into track 3, distance=1.116m
[INFO] [1788621454.500045, 464.284000]: danger_detector: merged cross-view duplicate track 4 into track 3, distance=1.116m
[INFO] [1788621456.436901, 465.532000]: danger_detector: merged cross-view duplicate track 4 into track 3, distance=1.116m
[INFO] [1788621458.394677, 466.794000]: danger_detector: merged cross-view duplicate track 4 into track 3, distance=1.116m
[FSM]: state: INIT
wait for goal.
[FSM]: state: INIT
wait for goal.
[FSM]: state: INIT
wait for goal.
[FSM]: state: INIT
wait for goal.
[FSM]: state: INIT
wait for goal.
[FSM]: state: INIT
wait for goal.
[FSM]: state: INIT
wait for goal.
[FSM]: state: INIT
wait for goal.
[FSM]: state: INIT
wait for goal.
[FSM]: state: INIT
wait for goal.
[FSM]: state: INIT
wait for goal.
[FSM]: state: INIT
wait for goal.
[FSM]: state: INIT
wait for goal.
[FSM]: state: INIT
wait for goal.
[FSM]: state: INIT
wait for goal.
[FSM]: state: INIT
wait for goal.
[FSM]: state: INIT
wait for goal.
[FSM]: state: INIT
wait for goal.
[FSM]: state: INIT
wait for goal.
[FSM]: state: INIT
wait for goal.
[FSM]: state: INIT
wait for goal.
[FSM]: state: INIT
wait for goal.
[FSM]: state: INIT
wait for goal.
[FSM]: state: INIT
wait for goal.
[FSM]: state: INIT
wait for goal.
[FSM]: state: INIT
wait for goal.
[FSM]: state: INIT
wait for goal.
[33m[WARN] [1788621501.743674533, 494.400000000]: Plane tilt guard scaling cmd_vel by 0.97 at tilt 0.144 rad[0m
[FSM]: state: INIT
wait for goal.
[FSM]: state: INIT
wait for goal.
[FSM]: state: INIT
wait for goal.
[FSM]: state: INIT
wait for goal.
[FSM]: state: INIT
wait for goal.
[FSM]: state: INIT
wait for goal.
[FSM]: state: INIT
wait for goal.
[FSM]: state: INIT
wait for goal.
[FSM]: state: INIT
wait for goal.
[FSM]: state: INIT
wait for goal.
[FSM]: state: INIT
wait for goal.
[FSM]: state: INIT
wait for goal.
.532,-0.008,-0.016 grav=0.02,-0.01,-0.98[0m
[0m[INFO] [1788621451.986318970, 462.668000000]: RL policy input vx=0.450 vy=0.000 wz=-0.007 action_rms=0.169 ready=1 userCmd=0 kbd=0 raw=0.450,0.000,-0.007 grav=0.00,-0.01,-0.98[0m
[0m[INFO] [1788621455.119462034, 464.684000000]: RL policy input vx=0.885 vy=0.162 wz=0.200 action_rms=0.293 ready=1 userCmd=0 kbd=0 raw=0.885,0.162,0.200 grav=0.00,-0.01,-0.98[0m
[0m[INFO] [1788621458.253814683, 466.702000000]: RL policy input vx=0.900 vy=0.021 wz=0.026 action_rms=0.196 ready=1 userCmd=0 kbd=0 raw=0.900,0.021,0.026 grav=-0.00,-0.01,-0.98[0m
[0m[INFO] [1788621461.389677253, 468.722000000]: RL policy input vx=0.900 vy=0.007 wz=0.008 action_rms=0.247 ready=1 userCmd=0 kbd=0 raw=0.900,0.007,0.008 grav=-0.01,-0.03,-0.98[0m
[0m[INFO] [1788621464.513549100, 470.734000000]: RL policy input vx=0.000 vy=0.000 wz=-2.112 action_rms=0.140 ready=1 userCmd=0 kbd=0 raw=0.000,0.000,-2.112 grav=0.02,-0.00,-0.98[0m
[0m[INFO] [1788621467.677674227, 472.738000000]: RL policy input vx=0.000 vy=0.000 wz=0.074 action_rms=0.138 ready=1 userCmd=0 kbd=0 raw=0.000,0.000,0.074 grav=0.02,-0.00,-0.98[0m
[0m[INFO] [1788621470.860294428, 474.746000000]: RL policy input vx=0.835 vy=0.336 wz=0.421 action_rms=0.316 ready=1 userCmd=0 kbd=0 raw=0.835,0.336,0.421 grav=-0.02,0.10,-0.97[0m
[0m[INFO] [1788621474.060795959, 476.766000000]: RL policy input vx=0.725 vy=0.047 wz=0.071 action_rms=0.272 ready=1 userCmd=0 kbd=0 raw=0.725,0.047,0.071 grav=-0.00,-0.01,-0.98[0m
[0m[INFO] [1788621477.198860583, 478.774000000]: RL policy input vx=0.000 vy=0.000 wz=2.900 action_rms=0.495 ready=1 userCmd=0 kbd=0 raw=0.000,0.000,2.900 grav=0.00,0.02,-0.98[0m
[0m[INFO] [1788621480.347192830, 480.792000000]: RL policy input vx=1.317 vy=0.368 wz=0.300 action_rms=0.206 ready=1 userCmd=0 kbd=0 raw=1.317,0.368,0.300 grav=0.01,-0.08,-0.98[0m
[0m[INFO] [1788621483.563694588, 482.802000000]: RL policy input vx=0.449 vy=0.000 wz=0.062 action_rms=0.165 ready=1 userCmd=0 kbd=0 raw=0.449,0.000,0.062 grav=0.00,-0.02,-0.98[0m
[0m[INFO] [1788621486.794946989, 484.818000000]: RL policy input vx=0.450 vy=0.000 wz=-0.008 action_rms=0.299 ready=1 userCmd=0 kbd=0 raw=0.450,0.000,-0.008 grav=0.01,-0.02,-0.98[0m
[0m[INFO] [1788621489.979684074, 486.818000000]: RL policy input vx=0.362 vy=-0.450 wz=-0.983 action_rms=0.210 ready=1 userCmd=0 kbd=0 raw=0.362,-0.450,-0.983 grav=0.01,0.02,-0.98[0m
[0m[INFO] [1788621493.093375779, 488.824000000]: RL policy input vx=2.230 vy=-0.300 wz=-0.147 action_rms=0.327 ready=1 userCmd=0 kbd=0 raw=2.230,-0.300,-0.147 grav=-0.01,0.01,-0.98[0m
[0m[INFO] [1788621496.218061785, 490.838000000]: RL policy input vx=2.245 vy=-0.149 wz=-0.073 action_rms=0.387 ready=1 userCmd=0 kbd=0 raw=2.245,-0.149,-0.073 grav=0.04,-0.01,-0.98[0m
[0m[INFO] [1788621499.337566280, 492.846000000]: RL policy input vx=2.250 vy=-0.022 wz=-0.011 action_rms=0.342 ready=1 userCmd=0 kbd=0 raw=2.250,-0.022,-0.011 grav=-0.01,-0.02,-0.98[0m
[0m[INFO] [1788621502.452885515, 494.858000000]: RL policy input vx=1.370 vy=0.223 wz=0.189 action_rms=0.303 ready=1 userCmd=0 kbd=0 raw=1.370,0.223,0.189 grav=0.06,-0.07,-0.98[0m
[0m[INFO] [1788621505.566971928, 496.862000000]: RL policy input vx=0.000 vy=0.000 wz=0.386 action_rms=0.158 ready=1 userCmd=0 kbd=0 raw=0.000,0.000,0.386 grav=0.02,-0.01,-0.98[0m
[0m[INFO] [1788621508.761586768, 498.872000000]: RL policy input vx=0.450 vy=0.000 wz=0.044 action_rms=0.193 ready=1 userCmd=0 kbd=0 raw=0.450,0.000,0.044 grav=0.01,-0.03,-0.98[0m
[0m[INFO] [1788621511.939579783, 500.872000000]: RL policy input vx=0.450 vy=0.000 wz=-0.015 action_rms=0.204 ready=1 userCmd=0 kbd=0 raw=0.450,0.000,-0.015 grav=0.01,-0.02,-0.98[0m
[0m[INFO] [1788621515.152173581, 502.874000000]: RL policy input vx=0.898 vy=0.052 wz=0.064 action_rms=0.262 ready=1 userCmd=0 kbd=0 raw=0.898,0.052,0.064 grav=-0.01,0.00,-0.98[0m
[0m[INFO] [1788621518.384054667, 504.894000000]: RL policy input vx=0.900 vy=0.013 wz=0.016 action_rms=0.341 ready=1 userCmd=0 kbd=0 raw=0.900,0.013,0.016 grav=-0.00,-0.02,-0.98[0m
[0m[INFO] [17886215[FSM]: state: INIT
wait for goal.
[FSM]: state: INIT
wait for goal.
[FSM]: state: INIT
wait for goal.
[FSM]: state: INIT
wait for goal.
[FSM]: state: INIT
wait for goal.
[FSM]: state: INIT
wait for goal.
[FSM]: state: INIT
wait for goal.
[FSM]: state: INIT
wait for goal.
[FSM]: state: INIT
wait for goal.
[FSM]: state: INIT
wait for goal.
[33m[WARN] [1788621536.932355428, 516.764000000]: Plane tilt guard scaling cmd_vel by 0.97 at tilt 0.144 rad[0m
[FSM]: state: INIT
wait for goal.
[FSM]: state: INIT
wait for goal.
[FSM]: state: INIT
wait for goal.
[FSM]: state: INIT
wait for goal.
[FSM]: state: INIT
wait for goal.
[FSM]: state: INIT
wait for goal.
[FSM]: state: INIT
wait for goal.
[FSM]: state: INIT
wait for goal.
[FSM]: state: INIT
wait for goal.
[FSM]: state: INIT
wait for goal.
[FSM]: state: INIT
wait for goal.
[FSM]: state: INIT
wait for goal.
[FSM]: state: INIT
wait for goal.
[FSM]: state: INIT
wait for goal.
[INFO] [1788621460.336314, 468.042000]: danger_detector: merged cross-view duplicate track 4 into track 3, distance=1.116m
[INFO] [1788621462.264216, 469.286000]: danger_detector: merged cross-view duplicate track 4 into track 3, distance=1.116m
[INFO] [1788621464.203585, 470.534000]: danger_detector: merged cross-view duplicate track 4 into track 3, distance=1.116m
[INFO] [1788621464.514101, 470.734000]: danger_detector: confirmed red sphere #9 at [8.5332, 14.0685, 5.35], t=454.29s, stage=floor_3_exploration
[INFO] [1788621464.515081, 470.734000]: danger_detector: merged cross-view duplicate track 4 into track 3, distance=1.116m
[INFO] [1788621465.951727, 471.636000]: danger_detector: confirmed red sphere #10 at [3.336, 14.308, 5.35], t=455.19s, stage=floor_3_exploration
[INFO] [1788621465.953009, 471.638000]: danger_detector: merged cross-view duplicate track 4 into track 3, distance=1.116m
[INFO] [1788621466.188488, 471.786000]: danger_detector: merged cross-view duplicate track 4 into track 3, distance=1.116m
[INFO] [1788621466.529693, 471.998000]: danger_detector: scan batch label=floor_2_room_1_g3 raw=16 min_points=3 clusters=[(8.885876244710044, 13.859418836105455), (3.18983638025778, 14.253161009625092)]
[INFO] [1788621466.532283, 472.000000]: danger_detector: merged cross-view duplicate track 4 into track 3, distance=1.116m
[INFO] [1788621468.171852, 473.058000]: danger_detector: merged cross-view duplicate track 4 into track 3, distance=1.116m
[INFO] [1788621470.113159, 474.280000]: danger_detector: merged cross-view duplicate track 4 into track 3, distance=1.116m
[INFO] [1788621472.119333, 475.536000]: danger_detector: merged cross-view duplicate track 4 into track 3, distance=1.116m
[INFO] [1788621474.090604, 476.784000]: danger_detector: merged cross-view duplicate track 4 into track 3, distance=1.116m
[INFO] [1788621476.050335, 478.040000]: danger_detector: merged cross-view duplicate track 4 into track 3, distance=1.116m
[INFO] [1788621478.009592, 479.296000]: danger_detector: merged cross-view duplicate track 4 into track 3, distance=1.116m
[INFO] [1788621478.081275, 479.342000]: danger_detector: scan batch label=floor_2_room_1_g4 raw=7 min_points=3 clusters=[(8.63564082219906, 13.91323434718022)]
[INFO] [1788621478.083558, 479.344000]: danger_detector: merged cross-view duplicate track 4 into track 3, distance=1.116m
[INFO] [1788621479.951391, 480.538000]: danger_detector: merged cross-view duplicate track 4 into track 3, distance=1.116m
[INFO] [1788621481.920980, 481.776000]: danger_detector: merged cross-view duplicate track 4 into track 3, distance=1.116m
[INFO] [1788621483.923169, 483.024000]: danger_detector: merged cross-view duplicate track 4 into track 3, distance=1.116m
[INFO] [1788621485.937277, 484.280000]: danger_detector: merged cross-view duplicate track 4 into track 3, distance=1.116m
[INFO] [1788621487.926895, 485.524000]: danger_detector: merged cross-view duplicate track 4 into track 3, distance=1.116m
[INFO] [1788621489.943653, 486.794000]: danger_detector: merged cross-view duplicate track 4 into track 3, distance=1.116m
[INFO] [1788621491.875526, 488.036000]: danger_detector: merged cross-view duplicate track 4 into track 3, distance=1.116m
[INFO] [1788621493.843540, 489.308000]: danger_detector: merged cross-view duplicate track 4 into track 3, distance=1.116m
[INFO] [1788621495.773060, 490.554000]: danger_detector: merged cross-view duplicate track 4 into track 3, distance=1.116m
[INFO] [1788621497.723229, 491.808000]: danger_detector: merged cross-view duplicate track 4 into track 3, distance=1.116m
[INFO] [1788621499.657374, 493.052000]: danger_detector: merged cross-view duplicate track 4 into track 3, distance=1.116m
[INFO] [1788621501.591859, 494.302000]: danger_detector: merged cross-view duplicate track 4 into track 3, distance=1.116m
[INFO] [1788621503.531338, 495.560000]: danger_detector: merged cross-view duplicate track 4 into track 3, distance=1.116m
[INFO] [1788621505.436714, 496.778000]: danger_detector: merged cross-view duplicate track 4 into track 3, distance=1.116m
[INFO] [1788621507.427362, 498.024000]: danger_detector: merged cross-view duplicate track 4 into track 3, distance=1.116m
[INFO] [1788621509.385543, 499.270000]: danger_detector: merged cross-view duplicate track 4 into track 3, distance=1.116m
[INFO] [1788621511.388894, 500.524000]: danger_detector: merged cross-view duplicate track 4 into track 3, distance=1.116m
[INFO] [1788621513.396754, 501.780000]: danger_detector: merged cross-view duplicate track 4 into track 3, distance=1.116m
[INFO] [1788621515.395025, 503.026000]: danger_detector: merged cross-view duplicate track 4 into track 3, distance=1.116m
[INFO] [1788621517.412596, 504.282000]: danger_detector: merged cross-view duplicate track 4 into track 3, distance=1.116m
[INFO] [1788621519.395453, 505.524000]: danger_detector: merged cross-view duplicate track 4 into track 3, distance=1.116m
[INFO] [1788621521.397472, 506.780000]: danger_detector: merged cross-view duplicate track 4 into track 3, distance=1.116m
[INFO] [1788621523.375749, 508.040000]: danger_detector: merged cross-view duplicate track 4 into track 3, distance=1.116m
[INFO] [1788621523.902479, 508.372000]: danger_detector: scan batch label=floor_2_room_2_g3 raw=0 min_points=3 clusters=[]
[INFO] [1788621523.904401, 508.374000]: danger_detector: merged cross-view duplicate track 4 into track 3, distance=1.116m
[INFO] [1788621525.297030, 509.274000]: danger_detector: merged cross-view duplicate track 4 into track 3, distance=1.116m
[INFO] [1788621527.248968, 510.536000]: danger_detector: merged cross-view duplicate track 4 into track 3, distance=1.116m
[INFO] [1788621529.178638, 511.782000]: danger_detector: merged cross-view duplicate track 4 into track 3, distance=1.116m
[INFO] [1788621531.151726, 513.046000]: danger_detector: merged cross-view duplicate track 4 into track 3, distance=1.116m
[INFO] [1788621533.074604, 514.290000]: danger_detector: merged cross-view duplicate track 4 into track 3, distance=1.116m
[INFO] [1788621535.015960, 515.536000]: danger_detector: merged cross-view duplicate track 4 into track 3, distance=1.116m
[INFO] [1788621535.482996, 515.838000]: danger_detector: confirmed red sphere #11 at [-4.8792, 23.4047, 5.35], t=499.40s, stage=floor_3_exploration
[INFO] [1788621535.484889, 515.840000]: danger_detector: merged cross-view duplicate track 4 into track 3, distance=1.116m
[INFO] [1788621535.644716, 515.940000]: danger_detector: scan batch label=floor_2_room_2_g4 raw=5 min_points=3 clusters=[(-4.883190893937018, 23.252255173671877)]
[INFO] [1788621535.646366, 515.942000]: danger_detector: merged cross-view duplicate track 4 into track 3, distance=1.116m
[INFO] [1788621536.970054, 516.786000]: danger_detector: merged cross-view duplicate track 4 into track 3, distance=1.116m
[INFO] [1788621538.905371, 518.036000]: danger_detector: merged cross-view duplicate track 4 into track 3, distance=1.116m
[INFO] [1788621540.855958, 519.292000]: danger_detector: merged cross-view duplicate track 4 into track 3, distance=1.116m
[INFO] [1788621542.785845, 520.540000]: danger_detector: merged cross-view duplicate track 4 into track 3, distance=1.116m
[INFO] [1788621544.728092, 521.794000]: danger_detector: merged cross-view duplicate track 4 into track 3, distance=1.116m
[INFO] [1788621546.646731, 523.030000]: danger_detector: merged cross-view duplicate track 4 into track 3, distance=1.116m
[INFO] [1788621548.573655, 524.278000]: danger_detector: merged cross-view duplicate track 4 into track 3, distance=1.116m
[INFO] [1788621550.521491, 525.534000]: danger_detector: merged cross-view duplicate track 4 into track 3, distance=1.116m
[INFO] [1788621552.477479, 526.794000]: danger_detector: merged cross-view duplicate track 4 into track 3, distance=1.116m
[INFO] [1788621554.406082, 528.040000]: danger_detector: merged cross-view duplicate track 4 into track 3, distance=1.116m
[INFO] [1788621556.359141, 529.296000]: danger_detector: merged cross-view duplicate track 4 into track 3, distance=1.116m
[FSM]: state: INIT
wait for goal.
[FSM]: state: INIT
wait for goal.
[FSM]: state: INIT
wait for goal.
[FSM]: state: INIT
wait for goal.
[FSM]: state: INIT
wait for goal.
[FSM]: state: INIT
wait for goal.
[FSM]: state: INIT
wait for goal.
[FSM]: state: INIT
wait for goal.
[FSM]: state: INIT
wait for goal.
[FSM]: state: INIT
wait for goal.
[FSM]: state: INIT
wait for goal.
[FSM]: state: INIT
wait for goal.
[FSM]: state: INIT
wait for goal.
[FSM]: state: INIT
wait for goal.
[FSM]: state: INIT
wait for goal.
[FSM]: state: INIT
wait for goal.
[FSM]: state: INIT
wait for goal.
[FSM]: state: INIT
wait for goal.
[FSM]: state: INIT
wait for goal.
[FSM]: state: INIT
wait for goal.
21.585574987, 506.898000000]: RL policy input vx=0.000 vy=0.000 wz=-1.284 action_rms=0.238 ready=1 userCmd=0 kbd=0 raw=0.000,0.000,-1.284 grav=0.03,-0.04,-0.98[0m
[0m[INFO] [1788621524.730592638, 508.906000000]: RL policy input vx=0.000 vy=0.000 wz=-0.794 action_rms=0.230 ready=1 userCmd=0 kbd=0 raw=0.000,0.000,-0.794 grav=0.01,0.00,-0.98[0m
[0m[INFO] [1788621527.842099103, 510.922000000]: RL policy input vx=0.714 vy=0.548 wz=0.720 action_rms=0.356 ready=1 userCmd=0 kbd=0 raw=0.714,0.548,0.720 grav=-0.02,0.02,-0.98[0m
[0m[INFO] [1788621530.988974538, 512.940000000]: RL policy input vx=0.897 vy=0.074 wz=0.091 action_rms=0.255 ready=1 userCmd=0 kbd=0 raw=0.897,0.074,0.091 grav=-0.00,-0.01,-0.98[0m
[0m[INFO] [1788621534.097271324, 514.950000000]: RL policy input vx=0.000 vy=0.000 wz=2.900 action_rms=0.200 ready=1 userCmd=0 kbd=0 raw=0.000,0.000,2.900 grav=0.02,-0.01,-0.98[0m
[0m[INFO] [1788621537.220438207, 516.950000000]: RL policy input vx=2.244 vy=-0.161 wz=-0.079 action_rms=0.343 ready=1 userCmd=0 kbd=0 raw=2.244,-0.161,-0.079 grav=-0.02,0.05,-0.98[0m
[0m[INFO] [1788621540.326534854, 518.952000000]: RL policy input vx=0.000 vy=0.000 wz=0.285 action_rms=0.169 ready=1 userCmd=0 kbd=0 raw=0.000,0.000,0.285 grav=0.02,-0.01,-0.98[0m
[0m[INFO] [1788621543.435458454, 520.958000000]: RL policy input vx=0.450 vy=0.000 wz=0.042 action_rms=0.161 ready=1 userCmd=0 kbd=0 raw=0.450,0.000,0.042 grav=0.01,-0.02,-0.98[0m
[0m[INFO] [1788621546.563531812, 522.978000000]: RL policy input vx=0.300 vy=0.000 wz=-0.025 action_rms=0.285 ready=1 userCmd=0 kbd=0 raw=0.300,0.000,-0.025 grav=0.01,-0.03,-0.98[0m
[0m[INFO] [1788621549.666742994, 524.986000000]: RL policy input vx=0.450 vy=0.000 wz=-0.001 action_rms=0.164 ready=1 userCmd=0 kbd=0 raw=0.450,0.000,-0.001 grav=0.01,-0.02,-0.98[0m
[0m[INFO] [1788621552.807023233, 527.006000000]: RL policy input vx=0.450 vy=0.000 wz=-0.020 action_rms=0.246 ready=1 userCmd=0 kbd=0 raw=0.450,0.000,-0.020 grav=0.00,-0.02,-0.98[0m
[0m[INFO] [1788621555.909304334, 529.006000000]: RL policy input vx=0.371 vy=-0.122 wz=-0.349 action_rms=0.178 ready=1 userCmd=0 kbd=0 raw=0.371,-0.122,-0.349 grav=0.02,-0.09,-0.98[0m
[0m[INFO] [1788621559.021060896, 531.010000000]: RL policy input vx=0.297 vy=0.041 wz=0.152 action_rms=0.245 ready=1 userCmd=0 kbd=0 raw=0.297,0.041,0.152 grav=0.03,-0.01,-0.98[0m
[0m[INFO] [1788621562.134532655, 533.010000000]: RL policy input vx=0.898 vy=0.067 wz=0.082 action_rms=0.246 ready=1 userCmd=0 kbd=0 raw=0.898,0.067,0.082 grav=-0.00,-0.00,-0.98[0m
[0m[INFO] [1788621565.243194254, 535.010000000]: RL policy input vx=0.900 vy=0.004 wz=0.005 action_rms=0.211 ready=1 userCmd=0 kbd=0 raw=0.900,0.004,0.005 grav=-0.00,-0.03,-0.98[0m
[0m[INFO] [1788621568.337646747, 537.016000000]: RL policy input vx=0.000 vy=0.000 wz=2.900 action_rms=0.138 ready=1 userCmd=0 kbd=0 raw=0.000,0.000,2.900 grav=0.01,-0.01,-0.98[0m
[0m[INFO] [1788621571.482614717, 539.018000000]: RL policy input vx=0.067 vy=0.223 wz=1.150 action_rms=0.171 ready=1 userCmd=0 kbd=0 raw=0.067,0.223,1.150 grav=0.02,-0.00,-0.98[0m
[0m[INFO] [1788621574.594852174, 541.026000000]: RL policy input vx=0.292 vy=0.069 wz=0.254 action_rms=0.237 ready=1 userCmd=0 kbd=0 raw=0.292,0.069,0.254 grav=0.03,0.02,-0.98[0m
[0m[INFO] [1788621577.698551106, 543.034000000]: RL policy input vx=0.290 vy=0.077 wz=0.286 action_rms=0.154 ready=1 userCmd=0 kbd=0 raw=0.290,0.077,0.286 grav=0.04,0.03,-0.98[0m
[0m[INFO] [1788621580.806602260, 545.050000000]: RL policy input vx=0.753 vy=0.492 wz=0.637 action_rms=0.171 ready=1 userCmd=0 kbd=0 raw=0.753,0.492,0.637 grav=0.00,0.02,-0.98[0m
[0m[INFO] [1788621584.027673551, 547.050000000]: RL policy input vx=0.898 vy=0.063 wz=0.077 action_rms=0.366 ready=1 userCmd=0 kbd=0 raw=0.898,0.063,0.077 grav=-0.01,0.01,-0.98[0m
[0m[INFO] [1788621587.220937065, 549.056000000]: RL policy input vx=0.300 vy=-0.002 wz=-0.009 action_rms=0.223 ready=1 userCmd=0 kbd=0 raw=0.300,-0.002,-0.009 grav=0.02,-0.02,-0.98[0m
[0m[INFO] [1788621590.360604432, 551.062000000]: RL policy input vx=0.000 vy=0.000 wz=-2.4[FSM]: state: INIT
wait for goal.
[FSM]: state: INIT
wait for goal.
[FSM]: state: INIT
wait for goal.
[FSM]: state: INIT
wait for goal.
[FSM]: state: INIT
wait for goal.
[FSM]: state: INIT
wait for goal.
[FSM]: state: INIT
wait for goal.
[FSM]: state: INIT
wait for goal.
[FSM]: state: INIT
wait for goal.
[FSM]: state: INIT
wait for goal.
[FSM]: state: INIT
wait for goal.
[FSM]: state: INIT
wait for goal.
[FSM]: state: INIT
wait for goal.
[FSM]: state: INIT
wait for goal.
[FSM]: state: INIT
wait for goal.
[FSM]: state: INIT
wait for goal.
[FSM]: state: INIT
wait for goal.
[FSM]: state: INIT
wait for goal.
[FSM]: state: INIT
wait for goal.
[FSM]: state: INIT
wait for goal.
[FSM]: state: INIT
wait for goal.
[FSM]: state: INIT
wait for goal.
[FSM]: state: INIT
wait for goal.
[FSM]: state: INIT
wait for goal.
[33m[WARN] [1788621627.231987298, 574.366000000]: Plane tilt guard scaling cmd_vel by 0.96 at tilt 0.145 rad[0m
[FSM]: state: INIT
wait for goal.
[FSM]: state: INIT
wait for goal.
[FSM]: state: INIT
wait for goal.
[FSM]: state: INIT
wait for goal.
[FSM]: state: INIT
wait for goal.
[FSM]: state: INIT
wait for goal.
[FSM]: state: INIT
wait for goal.
[FSM]: state: INIT
wait for goal.
[FSM]: state: INIT
wait for goal.
[FSM]: state: INIT
wait for goal.
[FSM]: state: INIT
wait for goal.
[FSM]: state: INIT
wait for goal.
[FSM]: state: INIT
wait for goal.
04 action_rms=0.388 ready=1 userCmd=0 kbd=0 raw=0.000,0.000,-2.404 grav=0.01,-0.01,-0.98[0m
[0m[INFO] [1788621593.508381753, 553.070000000]: RL policy input vx=1.014 vy=-0.248 wz=-0.264 action_rms=0.405 ready=1 userCmd=0 kbd=0 raw=1.014,-0.248,-0.264 grav=0.04,-0.11,-0.97[0m
[0m[INFO] [1788621596.700851616, 555.086000000]: RL policy input vx=0.485 vy=0.156 wz=0.342 action_rms=0.127 ready=1 userCmd=0 kbd=0 raw=0.485,0.156,0.342 grav=0.02,0.08,-0.98[0m
[0m[INFO] [1788621599.833719353, 557.098000000]: RL policy input vx=0.000 vy=0.000 wz=-0.450 action_rms=0.177 ready=1 userCmd=0 kbd=0 raw=0.000,0.000,-0.450 grav=0.00,-0.01,-0.98[0m
[0m[INFO] [1788621603.067691543, 559.114000000]: RL policy input vx=0.448 vy=0.000 wz=-0.109 action_rms=0.310 ready=1 userCmd=0 kbd=0 raw=0.448,0.000,-0.109 grav=-0.01,-0.01,-0.98[0m
[0m[INFO] [1788621606.275860495, 561.120000000]: RL policy input vx=0.449 vy=0.000 wz=-0.078 action_rms=0.155 ready=1 userCmd=0 kbd=0 raw=0.449,0.000,-0.078 grav=0.01,-0.01,-0.98[0m
[0m[INFO] [1788621609.452610409, 563.120000000]: RL policy input vx=0.619 vy=0.750 wz=0.969 action_rms=0.167 ready=1 userCmd=0 kbd=0 raw=0.619,0.750,0.969 grav=0.01,-0.02,-0.98[0m
[0m[INFO] [1788621612.615792318, 565.128000000]: RL policy input vx=2.243 vy=0.182 wz=0.089 action_rms=0.360 ready=1 userCmd=0 kbd=0 raw=2.243,0.182,0.089 grav=0.03,0.09,-0.98[0m
[0m[INFO] [1788621615.856440805, 567.146000000]: RL policy input vx=2.249 vy=-0.069 wz=-0.034 action_rms=0.316 ready=1 userCmd=0 kbd=0 raw=2.249,-0.069,-0.034 grav=-0.02,-0.02,-0.98[0m
[0m[INFO] [1788621619.078013256, 569.146000000]: RL policy input vx=2.250 vy=-0.027 wz=-0.013 action_rms=0.423 ready=1 userCmd=0 kbd=0 raw=2.250,-0.027,-0.013 grav=0.02,0.02,-0.98[0m
[0m[INFO] [1788621622.240715023, 571.162000000]: RL policy input vx=2.250 vy=0.019 wz=0.009 action_rms=0.337 ready=1 userCmd=0 kbd=0 raw=2.250,0.019,0.009 grav=-0.01,-0.03,-0.98[0m
[0m[INFO] [1788621625.356652167, 573.166000000]: RL policy input vx=2.243 vy=0.180 wz=0.088 action_rms=0.453 ready=1 userCmd=0 kbd=0 raw=2.243,0.180,0.088 grav=0.02,0.00,-0.98[0m
[0m[INFO] [1788621628.477974295, 575.172000000]: RL policy input vx=1.716 vy=-0.350 wz=-0.221 action_rms=0.255 ready=1 userCmd=0 kbd=0 raw=1.716,-0.350,-0.221 grav=-0.00,-0.04,-0.98[0m
[0m[INFO] [1788621631.678006314, 577.174000000]: RL policy input vx=1.849 vy=-0.053 wz=-0.031 action_rms=0.307 ready=1 userCmd=0 kbd=0 raw=1.849,-0.053,-0.031 grav=0.03,-0.07,-0.98[0m
[0m[INFO] [1788621634.898898015, 579.188000000]: RL policy input vx=1.538 vy=0.079 wz=0.060 action_rms=0.288 ready=1 userCmd=0 kbd=0 raw=1.538,0.079,0.060 grav=0.02,-0.06,-0.98[0m
[0m[INFO] [1788621638.035129404, 581.192000000]: RL policy input vx=0.000 vy=0.000 wz=-0.531 action_rms=0.157 ready=1 userCmd=0 kbd=0 raw=0.000,0.000,-0.531 grav=0.00,0.00,-0.98[0m
[0m[INFO] [1788621641.252404809, 583.210000000]: RL policy input vx=1.427 vy=0.000 wz=-0.073 action_rms=0.289 ready=1 userCmd=0 kbd=0 raw=1.427,0.000,-0.073 grav=-0.04,-0.02,-0.98[0m
[0m[INFO] [1788621644.426623427, 585.212000000]: RL policy input vx=0.000 vy=0.000 wz=-1.000 action_rms=0.144 ready=1 userCmd=0 kbd=0 raw=0.000,0.000,-1.000 grav=0.02,0.02,-0.98[0m
[0m[INFO] [1788621647.520070908, 587.214000000]: RL policy input vx=-0.057 vy=-0.295 wz=-0.171 action_rms=0.189 ready=1 userCmd=0 kbd=0 raw=-0.057,-0.295,-0.171 grav=-0.00,0.02,-0.98[0m
Switched from RL to fixed stand
infer_thread退出!
[33m[WARN] [1788621648.675588329, 587.960000000]: Using one-shot captured-pose FixedStand profile: ramp 0.50 s, settle 0.00 s, ready after 0.50 s + 0.50 s stable, minimum gain 0.75[0m
[INFO] Using /stand_target_joints param stance.
[FSM]: state: INIT
wait for goal.
Switched from fixed stand to RL
[INFO] Entered RL /cmd_vel mode.
[33m[WARN] [1788621649.996665240, 588.810000000]: Using one-shot stair RL takeover profile: blend 0.75 s, zero hold 0.25 s[0m
cuda::is_available():0
[WARNING] UNITREE_RL_DEVICE=hybrid selected CUDA for this policy but CUDA is unavailable; using CPU.
RL inference device: cpu (requested=hybrid, policy=stair)
[INFO] RL policy activated from preload cache at FixedStand entry boundary: /home/quinn/0904/runtime_assets/SimEnv/src/unitree_guide/logs/policy_act_inference_stair.pt
[FSM]: state: INIT
wait for goal.
[FSM]: state: INIT
wait for goal.
[FSM]: state: INIT
wait for goal.
[FSM]: state: INIT
wait for goal.
[FSM]: state: INIT
wait for goal.
[FSM]: state: INIT
wait for goal.
[FSM]: state: INIT
wait for goal.
[FSM]: state: INIT
wait for goal.
[FSM]: state: INIT
wait for goal.
[FSM]: state: INIT
wait for goal.
[FSM]: state: INIT
wait for goal.
[FSM]: state: INIT
wait for goal.
[FSM]: state: INIT
wait for goal.
[FSM]: state: INIT
wait for goal.
[FSM]: state: INIT
wait for goal.
[FSM]: state: INIT
wait for goal.
[FSM]: state: INIT
wait for goal.
[FSM]: state: INIT
wait for goal.
[FSM]: state: INIT
wait for goal.
[INFO] [1788621558.279243, 530.534000]: danger_detector: merged cross-view duplicate track 4 into track 3, distance=1.116m
[INFO] [1788621560.246092, 531.792000]: danger_detector: merged cross-view duplicate track 4 into track 3, distance=1.116m
[INFO] [1788621562.178266, 533.038000]: danger_detector: merged cross-view duplicate track 4 into track 3, distance=1.116m
[INFO] [1788621564.115387, 534.288000]: danger_detector: merged cross-view duplicate track 4 into track 3, distance=1.116m
[INFO] [1788621566.057408, 535.538000]: danger_detector: merged cross-view duplicate track 4 into track 3, distance=1.116m
[INFO] [1788621567.988143, 536.788000]: danger_detector: merged cross-view duplicate track 4 into track 3, distance=1.116m
[INFO] [1788621569.872288, 537.994000]: danger_detector: scan batch label=floor_2_room_3_g3 raw=0 min_points=3 clusters=[]
[INFO] [1788621569.875537, 537.996000]: danger_detector: merged cross-view duplicate track 4 into track 3, distance=1.116m
[INFO] [1788621569.936040, 538.036000]: danger_detector: merged cross-view duplicate track 4 into track 3, distance=1.116m
[INFO] [1788621571.918501, 539.296000]: danger_detector: merged cross-view duplicate track 4 into track 3, distance=1.116m
[INFO] [1788621573.838197, 540.534000]: danger_detector: merged cross-view duplicate track 4 into track 3, distance=1.116m
[INFO] [1788621575.780725, 541.792000]: danger_detector: merged cross-view duplicate track 4 into track 3, distance=1.116m
[INFO] [1788621577.739429, 543.060000]: danger_detector: merged cross-view duplicate track 4 into track 3, distance=1.116m
[INFO] [1788621579.658682, 544.306000]: danger_detector: merged cross-view duplicate track 4 into track 3, distance=1.116m
[INFO] [1788621581.568393, 545.528000]: danger_detector: merged cross-view duplicate track 4 into track 3, distance=1.116m
[INFO] [1788621583.589765, 546.778000]: danger_detector: merged cross-view duplicate track 4 into track 3, distance=1.116m
[INFO] [1788621585.580834, 548.024000]: danger_detector: merged cross-view duplicate track 4 into track 3, distance=1.116m
[INFO] [1788621587.578513, 549.280000]: danger_detector: merged cross-view duplicate track 4 into track 3, distance=1.116m
[INFO] [1788621589.558402, 550.544000]: danger_detector: merged cross-view duplicate track 4 into track 3, distance=1.116m
[INFO] [1788621590.190702, 550.952000]: danger_detector: scan batch label=floor_2_room_3_g4 raw=0 min_points=3 clusters=[]
[INFO] [1788621590.193449, 550.954000]: danger_detector: merged cross-view duplicate track 4 into track 3, distance=1.116m
[INFO] [1788621591.520450, 551.792000]: danger_detector: merged cross-view duplicate track 4 into track 3, distance=1.116m
[INFO] [1788621593.446846, 553.028000]: danger_detector: merged cross-view duplicate track 4 into track 3, distance=1.116m
[INFO] [1788621595.451095, 554.284000]: danger_detector: merged cross-view duplicate track 4 into track 3, distance=1.116m
[INFO] [1788621597.423252, 555.544000]: danger_detector: merged cross-view duplicate track 4 into track 3, distance=1.116m
[INFO] [1788621599.363222, 556.792000]: danger_detector: merged cross-view duplicate track 4 into track 3, distance=1.116m
[INFO] [1788621601.336971, 558.028000]: danger_detector: merged cross-view duplicate track 4 into track 3, distance=1.116m
[INFO] [1788621603.340784, 559.280000]: danger_detector: merged cross-view duplicate track 4 into track 3, distance=1.116m
[INFO] [1788621605.326756, 560.524000]: danger_detector: merged cross-view duplicate track 4 into track 3, distance=1.116m
[INFO] [1788621607.312825, 561.772000]: danger_detector: merged cross-view duplicate track 4 into track 3, distance=1.116m
[INFO] [1788621609.313793, 563.030000]: danger_detector: merged cross-view duplicate track 4 into track 3, distance=1.116m
[INFO] [1788621611.276571, 564.292000]: danger_detector: merged cross-view duplicate track 4 into track 3, distance=1.116m
[INFO] [1788621613.265002, 565.530000]: danger_detector: merged cross-view duplicate track 4 into track 3, distance=1.116m
[INFO] [1788621615.263434, 566.782000]: danger_detector: merged cross-view duplicate track 4 into track 3, distance=1.116m
[INFO] [1788621617.271344, 568.024000]: danger_detector: merged cross-view duplicate track 4 into track 3, distance=1.116m
[INFO] [1788621619.284381, 569.276000]: danger_detector: merged cross-view duplicate track 4 into track 3, distance=1.116m
[INFO] [1788621621.250688, 570.522000]: danger_detector: merged cross-view duplicate track 4 into track 3, distance=1.116m
[INFO] [1788621623.180707, 571.772000]: danger_detector: merged cross-view duplicate track 4 into track 3, distance=1.116m
[INFO] [1788621625.143137, 573.030000]: danger_detector: merged cross-view duplicate track 4 into track 3, distance=1.116m
[INFO] [1788621627.111725, 574.290000]: danger_detector: merged cross-view duplicate track 4 into track 3, distance=1.116m
[INFO] [1788621629.047951, 575.526000]: danger_detector: merged cross-view duplicate track 4 into track 3, distance=1.116m
[INFO] [1788621631.055069, 576.782000]: danger_detector: merged cross-view duplicate track 4 into track 3, distance=1.116m
[INFO] [1788621633.047502, 578.026000]: danger_detector: merged cross-view duplicate track 4 into track 3, distance=1.116m
[INFO] [1788621635.045730, 579.278000]: danger_detector: merged cross-view duplicate track 4 into track 3, distance=1.116m
[INFO] [1788621637.021299, 580.540000]: danger_detector: merged cross-view duplicate track 4 into track 3, distance=1.116m
[INFO] [1788621638.977701, 581.780000]: danger_detector: merged cross-view duplicate track 4 into track 3, distance=1.116m
[INFO] [1788621640.962003, 583.026000]: danger_detector: merged cross-view duplicate track 4 into track 3, distance=1.116m
[INFO] [1788621642.943895, 584.278000]: danger_detector: merged cross-view duplicate track 4 into track 3, distance=1.116m
[INFO] [1788621644.921312, 585.530000]: danger_detector: merged cross-view duplicate track 4 into track 3, distance=1.116m
[INFO] [1788621646.854286, 586.782000]: danger_detector: merged cross-view duplicate track 4 into track 3, distance=1.116m
[INFO] [1788621648.794235, 588.036000]: danger_detector: merged cross-view duplicate track 4 into track 3, distance=1.116m
[INFO] [1788621650.739729, 589.288000]: danger_detector: merged cross-view duplicate track 4 into track 3, distance=1.116m
[INFO] [1788621652.686672, 590.534000]: danger_detector: merged cross-view duplicate track 4 into track 3, distance=1.116m
[INFO] [1788621654.635953, 591.784000]: danger_detector: merged cross-view duplicate track 4 into track 3, distance=1.116m
[INFO] [1788621656.654588, 593.028000]: danger_detector: merged cross-view duplicate track 4 into track 3, distance=1.116m
[INFO] [1788621658.696630, 594.282000]: danger_detector: merged cross-view duplicate track 4 into track 3, distance=1.116m
[INFO] [1788621660.726721, 595.528000]: danger_detector: merged cross-view duplicate track 4 into track 3, distance=1.116m
[INFO] [1788621662.758058, 596.790000]: danger_detector: merged cross-view duplicate track 4 into track 3, distance=1.116m
[INFO] [1788621664.767475, 598.030000]: danger_detector: merged cross-view duplicate track 4 into track 3, distance=1.116m
[INFO] [1788621666.777963, 599.282000]: danger_detector: merged cross-view duplicate track 4 into track 3, distance=1.116m
[INFO] [1788621668.803463, 600.528000]: danger_detector: merged cross-view duplicate track 4 into track 3, distance=1.116m
[INFO] [1788621670.814011, 601.798000]: danger_detector: merged cross-view duplicate track 4 into track 3, distance=1.116m
[INFO] [1788621672.772349, 603.038000]: danger_detector: merged cross-view duplicate track 4 into track 3, distance=1.116m
[INFO] [1788621674.700611, 604.276000]: danger_detector: merged cross-view duplicate track 4 into track 3, distance=1.116m
[INFO] [1788621676.667393, 605.528000]: danger_detector: merged cross-view duplicate track 4 into track 3, distance=1.116m
[INFO] [1788621678.641665, 606.784000]: danger_detector: merged cross-view duplicate track 4 into track 3, distance=1.116m
[FSM]: state: INIT
wait for goal.
[FSM]: state: INIT
wait for goal.
[FSM]: state: INIT
wait for goal.
[FSM]: state: INIT
wait for goal.
[FSM]: state: INIT
wait for goal.
[FSM]: state: INIT
wait for goal.
[FSM]: state: INIT
wait for goal.
[FSM]: state: INIT
wait for goal.
[FSM]: state: INIT
wait for goal.
[0m[INFO] [1788621650.638718743, 589.224000000]: RL policy input vx=0.000 vy=0.000 wz=0.000 action_rms=0.148 ready=0 userCmd=0 kbd=0 raw=0.000,0.000,0.000 grav=-0.01,0.01,-0.98[0m
[0m[INFO] [1788621651.570024537, 589.820000000]: RL locomotion_ready latched after 1.01 s takeover and 1.01 s stable hold[0m
[0m[INFO] [1788621653.778267335, 591.228000000]: RL policy input vx=0.550 vy=0.000 wz=-0.081 action_rms=0.134 ready=1 userCmd=0 kbd=0 raw=0.550,0.000,-0.081 grav=-0.01,0.02,-0.98[0m
[0m[INFO] [1788621656.996268049, 593.238000000]: RL policy input vx=0.500 vy=0.000 wz=-0.071 action_rms=0.328 ready=1 userCmd=0 kbd=0 raw=0.500,0.000,-0.071 grav=0.38,0.05,-0.90[0m
[0m[INFO] [1788621660.259696967, 595.240000000]: RL policy input vx=0.800 vy=-0.000 wz=-0.073 action_rms=0.293 ready=1 userCmd=8 kbd=0 raw=0.800,-0.000,-0.073 grav=0.42,-0.08,-0.88[0m
[0m[INFO] [1788621663.517053883, 597.258000000]: RL policy input vx=0.500 vy=0.000 wz=-0.040 action_rms=0.281 ready=1 userCmd=8 kbd=0 raw=0.500,0.000,-0.040 grav=0.41,-0.04,-0.89[0m
[0m[INFO] [1788621666.752181826, 599.266000000]: RL policy input vx=0.600 vy=0.000 wz=0.051 action_rms=0.220 ready=1 userCmd=0 kbd=0 raw=0.600,0.000,0.051 grav=0.14,-0.01,-0.97[0m
[0m[INFO] [1788621669.998345732, 601.274000000]: RL policy input vx=0.067 vy=0.394 wz=0.976 action_rms=0.175 ready=1 userCmd=0 kbd=0 raw=0.067,0.394,0.976 grav=0.00,0.08,-0.98[0m
[0m[INFO] [1788621673.159226043, 603.288000000]: RL policy input vx=0.240 vy=-0.320 wz=0.707 action_rms=0.167 ready=1 userCmd=0 kbd=0 raw=0.240,-0.320,0.707 grav=0.02,0.02,-0.98[0m
[0m[INFO] [1788621676.287383063, 605.290000000]: RL policy input vx=-0.014 vy=-0.300 wz=0.025 action_rms=0.135 ready=1 userCmd=0 kbd=0 raw=-0.014,-0.300,0.025 grav=0.00,0.01,-0.98[0m
[0m[INFO] [1788621679.464971991, 607.300000000]: RL policy input vx=0.550 vy=0.000 wz=-0.028 action_rms=0.169 ready=1 userCmd=0 kbd=0 raw=0.550,0.000,-0.028 grav=0.42,-0.01,-0.89[0m
[0m[INFO] [1788621682.632126016, 609.302000000]: RL policy input vx=0.800 vy=0.000 wz=-0.030 action_rms=0.229 ready=1 userCmd=8 kbd=0 raw=0.800,0.000,-0.030 grav=0.36,0.02,-0.91[0m
[0m[INFO] [1788621685.797172594, 611.308000000]: RL policy input vx=0.500 vy=0.000 wz=-0.029 action_rms=0.290 ready=1 userCmd=0 kbd=0 raw=0.500,0.000,-0.029 grav=0.35,0.04,-0.91[0m
[0m[INFO] [1788621688.966447960, 613.316000000]: RL policy input vx=0.000 vy=0.000 wz=0.000 action_rms=0.146 ready=1 userCmd=0 kbd=0 raw=0.000,0.000,0.000 grav=-0.04,-0.00,-0.98[0m
[0m[INFO] [1788621692.106178822, 615.320000000]: RL policy input vx=-0.090 vy=-0.275 wz=-1.000 action_rms=0.142 ready=1 userCmd=8 kbd=0 raw=-0.090,-0.275,-1.000 grav=-0.01,0.02,-0.98[0m
stop the controller
des manager
[WARN] [1788621655.982201, 592.618000]: Descent tilt 0.480 rad: capping flight speed at 0.55 m/s.
[WARN] [1788621660.449149, 595.358000]: Descent tilt 0.482 rad: capping flight speed at 0.55 m/s.
[WARN] [1788621662.386087, 596.558000]: Descent tilt 0.498 rad: capping flight speed at 0.55 m/s.
[WARN] [1788621664.007829, 597.562000]: Descent tilt 0.495 rad: capping flight speed at 0.55 m/s.
[WARN] [1788621683.644440, 609.938000]: Descent tilt 0.487 rad: capping flight speed at 0.55 m/s.
[WARN] [1788621691.166181, 614.718000]: Segment turn left safe position (x=-3.864, y=1.699); zero command and re-centering before continuing turn.
[WARN] [1788621694.001293, 616.520000]: Segment turn left safe position (x=-3.808, y=1.953); zero command and re-centering before continuing turn.
Exception in thread Thread-6:
Traceback (most recent call last):
  File "/usr/lib/python3.8/threading.py", line 932, in _bootstrap_inner
    self.run()
  File "/opt/ros/noetic/lib/python3/dist-packages/rospy/timer.py", line 240, in run
    self._callback(TimerEvent(last_expected, last_real, current_expected, current_real, last_duration))
  File "/home/quinn/0904/threefloor_stress5_repro_20260827/work/mounts/SimEnv/src/simenv_bridge/scripts/stair_descent_manager.py", line 1712, in tick
    self._segment_turn_tick()
  File "/home/quinn/0904/threefloor_stress5_repro_20260827/work/mounts/SimEnv/src/simenv_bridge/scripts/stair_descent_manager.py", line 3036, in _segment_turn_tick
    self._publish_truth_world_command(vx, vy, yaw_rate)
  File "/home/quinn/0904/threefloor_stress5_repro_20260827/work/mounts/SimEnv/src/simenv_bridge/scripts/stair_descent_manager.py", line 994, in _publish_truth_world_command
    self.cmd.publish(command)
  File "/opt/ros/noetic/lib/python3/dist-packages/rospy/topics.py", line 882, in publish
    self.impl.publish(data)
  File "/opt/ros/noetic/lib/python3/dist-packages/rospy/topics.py", line 1041, in publish
    raise ROSException("publish() to a closed topic")
rospy.exceptions.ROSException: publish() to a closed topic
terminate called after throwing an instance of 'boost::wrapexcept<boost::lock_error>'
  what():  boost: mutex lock failed in pthread_mutex_lock: Invalid argument
[INFO] [1788621680.627137, 608.028000]: danger_detector: merged cross-view duplicate track 4 into track 3, distance=1.116m
[INFO] [1788621682.602850, 609.282000]: danger_detector: merged cross-view duplicate track 4 into track 3, distance=1.116m
[INFO] [1788621684.556881, 610.528000]: danger_detector: merged cross-view duplicate track 4 into track 3, distance=1.116m
[INFO] [1788621686.540515, 611.778000]: danger_detector: merged cross-view duplicate track 4 into track 3, distance=1.116m
[INFO] [1788621688.511610, 613.028000]: danger_detector: merged cross-view duplicate track 4 into track 3, distance=1.116m
[INFO] [1788621690.482569, 614.276000]: danger_detector: merged cross-view duplicate track 4 into track 3, distance=1.116m
[INFO] [1788621692.434428, 615.530000]: danger_detector: merged cross-view duplicate track 4 into track 3, distance=1.116m
[INFO] [1788621693.953498, 616.500000]: danger_detector: merged cross-view duplicate track 4 into track 3, distance=1.116m
[INFO] [1788621693.961268, 616.504000]: danger_detector: wrote 6 confirmed red-ball detections -> /home/quinn/0904/results/official_gui_rtf065_s111_20260905_230436/red_ball_detections.json
[ERROR] [1788621693.958969, 616.504000]: Three-floor RL mission failed: exploration_deadline_exceeded_600.0s
[INFO] [1788620728.140304, 1.002000]: Bootstrap armed: stand@1.0s state-gated RL max_wait=25.0s repeat=120.0s start_t=1.0
[INFO] [1788620734.987279, 5.402000]: Requesting RL /cmd_vel through /joy (repeating).
[INFO] [1788620752.299126, 16.502000]: Bootstrap observed locomotion_ready; releasing /joy.
[INFO] [1788620721.099453, 0.000000]: scanplanner_pointcloud_bridge: /scan -> /registered_scan at <= 5.0 Hz
[INFO] [1788620742.016852, 9.902000]: scanplanner_pointcloud_bridge: published 50 clouds (391 points)
[INFO] [1788620757.605331, 19.902000]: scanplanner_pointcloud_bridge: published 100 clouds (418 points)
[INFO] [1788620773.255600, 29.906000]: scanplanner_pointcloud_bridge: published 150 clouds (779 points)
[INFO] [1788620789.100630, 39.906000]: scanplanner_pointcloud_bridge: published 200 clouds (761 points)
[INFO] [1788620805.146479, 49.906000]: scanplanner_pointcloud_bridge: published 250 clouds (768 points)
[INFO] [1788620820.737137, 59.904000]: scanplanner_pointcloud_bridge: published 300 clouds (769 points)
[INFO] [1788620836.352671, 69.906000]: scanplanner_pointcloud_bridge: published 350 clouds (769 points)
[INFO] [1788620851.985614, 79.906000]: scanplanner_pointcloud_bridge: published 400 clouds (765 points)
[INFO] [1788620867.592843, 89.906000]: scanplanner_pointcloud_bridge: published 450 clouds (770 points)
[INFO] [1788620883.352937, 99.906000]: scanplanner_pointcloud_bridge: published 500 clouds (760 points)
[INFO] [1788620899.065213, 109.906000]: scanplanner_pointcloud_bridge: published 550 clouds (771 points)
[INFO] [1788620914.781685, 119.906000]: scanplanner_pointcloud_bridge: published 600 clouds (769 points)
[INFO] [1788620930.512609, 129.906000]: scanplanner_pointcloud_bridge: published 650 clouds (769 points)
[INFO] [1788620946.131507, 139.904000]: scanplanner_pointcloud_bridge: published 700 clouds (766 points)
[INFO] [1788620961.819932, 149.906000]: scanplanner_pointcloud_bridge: published 750 clouds (769 points)
[INFO] [1788620977.530831, 159.908000]: scanplanner_pointcloud_bridge: published 800 clouds (768 points)
[INFO] [1788620993.054852, 169.908000]: scanplanner_pointcloud_bridge: published 850 clouds (773 points)
[INFO] [1788621008.566783, 179.906000]: scanplanner_pointcloud_bridge: published 900 clouds (738 points)
[INFO] [1788621024.087037, 189.908000]: scanplanner_pointcloud_bridge: published 950 clouds (762 points)
[INFO] [1788621039.655323, 199.906000]: scanplanner_pointcloud_bridge: published 1000 clouds (729 points)
[INFO] [1788621055.293369, 209.908000]: scanplanner_pointcloud_bridge: published 1050 clouds (632 points)
[INFO] [1788621070.895257, 219.908000]: scanplanner_pointcloud_bridge: published 1100 clouds (791 points)
[INFO] [1788621086.512002, 229.908000]: scanplanner_pointcloud_bridge: published 1150 clouds (766 points)
[INFO] [1788621102.468623, 239.908000]: scanplanner_pointcloud_bridge: published 1200 clouds (768 points)
[INFO] [1788621118.404658, 249.910000]: scanplanner_pointcloud_bridge: published 1250 clouds (765 points)
[INFO] [1788621133.953152, 259.910000]: scanplanner_pointcloud_bridge: published 1300 clouds (759 points)
[INFO] [1788621149.511766, 269.910000]: scanplanner_pointcloud_bridge: published 1350 clouds (769 points)
[INFO] [1788621165.166010, 279.910000]: scanplanner_pointcloud_bridge: published 1400 clouds (769 points)
[INFO] [1788621180.978109, 289.910000]: scanplanner_pointcloud_bridge: published 1450 clouds (764 points)
[INFO] [1788621196.519729, 299.910000]: scanplanner_pointcloud_bridge: published 1500 clouds (742 points)
[INFO] [1788621212.000758, 309.910000]: scanplanner_pointcloud_bridge: published 1550 clouds (773 points)
[INFO] [1788621227.533314, 319.912000]: scanplanner_pointcloud_bridge: published 1600 clouds (760 points)
[INFO] [1788621243.091175, 329.916000]: scanplanner_pointcloud_bridge: published 1650 clouds (765 points)
[INFO] [1788621258.685676, 339.918000]: scanplanner_pointcloud_bridge: published 1700 clouds (770 points)
[INFO] [1788621274.279492, 349.916000]: scanplanner_pointcloud_bridge: published 1750 clouds (760 points)
[INFO] [1788621289.853020, 359.916000]: scanplanner_pointcloud_bridge: published 1800 clouds (769 points)
[INFO] [1788621305.821988, 369.918000]: scanplanner_pointcloud_bridge: published 1850 clouds (770 points)
[INFO] [1788621321.702532, 379.918000]: scanplanner_pointcloud_bridge: published 1900 clouds (762 points)
[INFO] [1788621337.733083, 389.918000]: scanplanner_pointcloud_bridge: published 1950 clouds (624 points)
[INFO] [1788621353.541704, 399.922000]: scanplanner_pointcloud_bridge: published 2000 clouds (714 points)
[INFO] [1788621369.036902, 409.920000]: scanplanner_pointcloud_bridge: published 2050 clouds (694 points)
[INFO] [1788621384.566234, 419.922000]: scanplanner_pointcloud_bridge: published 2100 clouds (667 points)
[INFO] [1788621400.357133, 429.922000]: scanplanner_pointcloud_bridge: published 2150 clouds (779 points)
[INFO] [1788621416.281421, 439.922000]: scanplanner_pointcloud_bridge: published 2200 clouds (770 points)
[INFO] [1788621432.103638, 449.924000]: scanplanner_pointcloud_bridge: published 2250 clouds (769 points)
[INFO] [1788621447.711058, 459.924000]: scanplanner_pointcloud_bridge: published 2300 clouds (766 points)
[INFO] [1788621463.256743, 469.924000]: scanplanner_pointcloud_bridge: published 2350 clouds (760 points)
[INFO] [1788621478.994279, 479.926000]: scanplanner_pointcloud_bridge: published 2400 clouds (758 points)
[INFO] [1788621494.798846, 489.924000]: scanplanner_pointcloud_bridge: published 2450 clouds (772 points)
[INFO] [1788621510.430502, 499.926000]: scanplanner_pointcloud_bridge: published 2500 clouds (764 points)
[INFO] [1788621526.310180, 509.926000]: scanplanner_pointcloud_bridge: published 2550 clouds (763 points)
[INFO] [1788621541.836990, 519.926000]: scanplanner_pointcloud_bridge: published 2600 clouds (767 points)
[INFO] [1788621557.337056, 529.926000]: scanplanner_pointcloud_bridge: published 2650 clouds (774 points)
[INFO] [1788621572.892179, 539.924000]: scanplanner_pointcloud_bridge: published 2700 clouds (775 points)
[INFO] [1788621588.603927, 549.926000]: scanplanner_pointcloud_bridge: published 2750 clouds (768 points)
[INFO] [1788621604.372775, 559.926000]: scanplanner_pointcloud_bridge: published 2800 clouds (738 points)
[INFO] [1788621620.334737, 569.926000]: scanplanner_pointcloud_bridge: published 2850 clouds (771 points)
[INFO] [1788621636.060904, 579.926000]: scanplanner_pointcloud_bridge: published 2900 clouds (755 points)
[INFO] [1788621651.736628, 589.928000]: scanplanner_pointcloud_bridge: published 2950 clouds (767 points)
[INFO] [1788621667.827859, 599.928000]: scanplanner_pointcloud_bridge: published 3000 clouds (782 points)
[INFO] [1788621683.624529, 609.930000]: scanplanner_pointcloud_bridge: published 3050 clouds (753 points)
[WARN] [1788620792.694027, 42.162000]: Room viewpoint speed cap: floor_0_room_0_g3 2.250 -> 0.900 m/s (configured 0.900)
[WARN] [1788620804.437333, 49.446000]: Room viewpoint speed cap: floor_0_room_0_g4 2.250 -> 0.900 m/s (configured 0.900)
[WARN] [1788620815.981209, 56.858000]: Room viewpoint speed cap: floor_0_room_0_g3 2.250 -> 0.900 m/s (configured 0.900)
[WARN] [1788620828.818520, 65.076000]: Room viewpoint speed cap: floor_0_room_0_g4 2.250 -> 0.900 m/s (configured 0.900)
[WARN] [1788620855.610516, 82.240000]: Room viewpoint speed cap: floor_0_room_1_g3 2.250 -> 0.900 m/s (configured 0.900)
[WARN] [1788620867.848095, 90.066000]: Room viewpoint speed cap: floor_0_room_1_g4 2.250 -> 0.900 m/s (configured 0.900)
[WARN] [1788620913.416279, 119.052000]: Room viewpoint speed cap: floor_0_room_2_g3 2.250 -> 0.900 m/s (configured 0.900)
[WARN] [1788620925.158884, 126.464000]: Room viewpoint speed cap: floor_0_room_2_g4 2.250 -> 0.900 m/s (configured 0.900)
[WARN] [1788620955.198922, 145.692000]: Room viewpoint speed cap: floor_0_room_3_g3 2.250 -> 0.900 m/s (configured 0.900)
[WARN] [1788620967.239276, 153.362000]: Room viewpoint speed cap: floor_0_room_3_g4 2.250 -> 0.900 m/s (configured 0.900)
[WARN] [1788621105.855373, 242.026000]: Room viewpoint speed cap: floor_1_room_0_g3 2.250 -> 0.900 m/s (configured 0.900)
[WARN] [1788621117.601075, 249.396000]: Room viewpoint speed cap: floor_1_room_0_g4 2.250 -> 0.900 m/s (configured 0.900)
[WARN] [1788621147.728371, 268.766000]: Room viewpoint speed cap: floor_1_room_1_g3 2.250 -> 0.900 m/s (configured 0.900)
[WARN] [1788621159.570926, 276.366000]: Room viewpoint speed cap: floor_1_room_1_g4 2.250 -> 0.900 m/s (configured 0.900)
[WARN] [1788621215.203083, 311.966000]: Room viewpoint speed cap: floor_1_room_2_g3 2.250 -> 0.900 m/s (configured 0.900)
[WARN] [1788621230.387959, 321.750000]: Room viewpoint speed cap: floor_1_room_2_g4 2.250 -> 0.900 m/s (configured 0.900)
[WARN] [1788621264.668378, 343.748000]: Room viewpoint speed cap: floor_1_room_3_g3 2.250 -> 0.900 m/s (configured 0.900)
[WARN] [1788621276.617267, 351.406000]: Room viewpoint speed cap: floor_1_room_3_g4 2.250 -> 0.900 m/s (configured 0.900)
[WARN] [1788621413.673136, 438.296000]: Room viewpoint speed cap: floor_2_room_0_g3 2.250 -> 0.900 m/s (configured 0.900)
[WARN] [1788621425.426063, 445.652000]: Room viewpoint speed cap: floor_2_room_0_g4 2.250 -> 0.900 m/s (configured 0.900)
[WARN] [1788621454.792436, 464.474000]: Room viewpoint speed cap: floor_2_room_1_g3 2.250 -> 0.900 m/s (configured 0.900)
[WARN] [1788621466.746027, 472.136000]: Room viewpoint speed cap: floor_2_room_1_g4 2.250 -> 0.900 m/s (configured 0.900)
[WARN] [1788621512.366707, 501.136000]: Room viewpoint speed cap: floor_2_room_2_g3 2.250 -> 0.900 m/s (configured 0.900)
[WARN] [1788621524.113443, 508.506000]: Room viewpoint speed cap: floor_2_room_2_g4 2.250 -> 0.900 m/s (configured 0.900)
[WARN] [1788621559.137509, 531.086000]: Room viewpoint speed cap: floor_2_room_3_g3 2.250 -> 0.900 m/s (configured 0.900)
[WARN] [1788621579.957538, 544.500000]: Room viewpoint speed cap: floor_2_room_3_g4 2.250 -> 0.900 m/s (configured 0.900)
[INFO] [1788621647.620879, 587.280000]: SCAN explored all three floors; stair descent owns the return.
[INFO] [1788621647.373131, 587.118000]: DSTPUB phase=STAIR_DESCENT_PRE_ALIGN world=(0.300,0.000,-0.171) body=(-0.057,-0.295,-0.171) truth_z=5.513 drop=0.000 pitch=0.0deg seg=0
[INFO] [1788621648.238298, 587.678000]: Descent policy boundary captured joint RMS 0.074.
[INFO] [1788621648.269878, 587.700000]: Descent plane gait settled; entering FixedStand before the stair-policy load.
[INFO] [1788621649.711612, 588.626000]: Descent FixedStand is ready; stair policy queued.
[INFO] [1788621649.987930, 588.804000]: Descent stair policy queued under FixedStand; requesting fresh stair-RL entry.
[INFO] [1788621651.597390, 589.838000]: Descent stair RL fresh readiness confirmed; warming up 0.8 s.
[INFO] [1788621652.623367, 590.498000]: Descent FLIGHT_B start: z=5.513 drop gate 1.05 m.
[INFO] [1788621652.657596, 590.518000]: DSTPUB phase=STAIR_DESCENT_FLIGHT_B world=(-0.099,0.541,-0.073) body=(0.550,0.000,-0.073) truth_z=5.513 drop=0.000 pitch=0.0deg seg=0
[INFO] [1788621654.229134, 591.520000]: DSTPUB phase=STAIR_DESCENT_FLIGHT_B world=(-0.078,0.545,-0.085) body=(0.550,0.000,-0.085) truth_z=5.511 drop=0.001 pitch=0.0deg seg=0
[INFO] [1788621655.859262, 592.538000]: DSTPUB phase=STAIR_DESCENT_FLIGHT_B world=(-0.061,0.547,-0.093) body=(0.550,-0.000,-0.093) truth_z=5.369 drop=0.143 pitch=0.0deg seg=25
[INFO] [1788621657.515290, 593.558000]: DSTPUB phase=STAIR_DESCENT_FLIGHT_B world=(-0.019,0.500,-0.070) body=(0.500,0.000,-0.070) truth_z=5.182 drop=0.331 pitch=0.0deg seg=25
[INFO] [1788621659.185662, 594.580000]: DSTPUB phase=STAIR_DESCENT_FLIGHT_B world=(-0.015,0.500,-0.058) body=(0.500,0.000,-0.058) truth_z=4.989 drop=0.523 pitch=0.0deg seg=22
[INFO] [1788621660.831739, 595.598000]: DSTPUB phase=STAIR_DESCENT_FLIGHT_B world=(-0.015,0.500,-0.066) body=(0.500,0.000,-0.066) truth_z=4.719 drop=0.794 pitch=0.0deg seg=26
[INFO] [1788621662.480976, 596.618000]: DSTPUB phase=STAIR_DESCENT_FLIGHT_B world=(0.019,0.500,-0.028) body=(0.500,0.000,-0.028) truth_z=4.533 drop=0.979 pitch=0.0deg seg=30
[INFO] [1788621664.134235, 597.638000]: DSTPUB phase=STAIR_DESCENT_FLIGHT_B world=(0.034,0.499,-0.012) body=(0.500,0.000,-0.012) truth_z=4.360 drop=1.152 pitch=0.0deg seg=26
[INFO] [1788621665.765032, 598.658000]: DSTPUB phase=STAIR_DESCENT_FLIGHT_B world=(0.060,0.597,0.033) body=(0.600,0.000,0.033) truth_z=4.252 drop=1.261 pitch=0.0deg seg=25
[INFO] [1788621666.939967, 599.378000]: Flight-B descent complete: drop=1.31 m y=5.06; starting landing turn.
[INFO] [1788621669.396047, 600.898000]: DSTPUB phase=STAIR_DESCENT_TURN world=(-0.400,0.000,0.700) body=(-0.015,0.400,0.700) truth_z=4.215 drop=1.298 pitch=0.0deg seg=0
[INFO] [1788621671.000481, 601.918000]: DSTPUB phase=STAIR_DESCENT_TURN world=(-0.400,0.000,1.200) body=(0.313,0.250,1.200) truth_z=4.209 drop=1.304 pitch=0.0deg seg=0
[INFO] [1788621672.594388, 602.922000]: DSTPUB phase=STAIR_DESCENT_TURN world=(-0.400,0.000,1.083) body=(0.333,-0.221,1.083) truth_z=4.218 drop=1.295 pitch=0.0deg seg=0
[INFO] [1788621674.176081, 603.942000]: DSTPUB phase=STAIR_DESCENT_TURN world=(-0.400,0.000,0.340) body=(0.106,-0.386,0.340) truth_z=4.213 drop=1.299 pitch=0.0deg seg=0
[INFO] [1788621674.544930, 604.178000]: Descent landing heading captured at error 0.178 rad; using shortest-path hold while x aligns.
[INFO] [1788621675.768448, 604.958000]: DSTPUB phase=STAIR_DESCENT_TURN world=(-0.300,0.016,0.054) body=(-0.001,-0.300,0.054) truth_z=4.212 drop=1.301 pitch=0.0deg seg=0
[INFO] [1788621677.097484, 605.798000]: Descent FLIGHT_A start: z=5.513 drop gate 2.45 m.
[INFO] [1788621677.103414, 605.806000]: Descent landing aligned: x err=-0.119 m, heading err=0.000 rad; starting flight A.
[INFO] [1788621677.348843, 605.960000]: DSTPUB phase=STAIR_DESCENT_FLIGHT_A world=(-0.005,-0.550,0.034) body=(0.550,0.000,0.034) truth_z=4.216 drop=1.297 pitch=0.0deg seg=-3
[INFO] [1788621678.974242, 606.984000]: DSTPUB phase=STAIR_DESCENT_FLIGHT_A world=(0.021,-0.550,-0.018) body=(0.550,0.000,-0.018) truth_z=4.097 drop=1.416 pitch=0.0deg seg=19
[INFO] [1788621680.580491, 608.000000]: DSTPUB phase=STAIR_DESCENT_FLIGHT_A world=(0.000,-0.728,-0.015) body=(0.728,0.000,-0.015) truth_z=3.841 drop=1.672 pitch=0.0deg seg=23
[INFO] [1788621682.204429, 609.020000]: DSTPUB phase=STAIR_DESCENT_FLIGHT_A world=(0.009,-0.800,-0.027) body=(0.800,0.000,-0.027) truth_z=3.524 drop=1.989 pitch=0.0deg seg=25
[INFO] [1788621683.789875, 610.038000]: DSTPUB phase=STAIR_DESCENT_FLIGHT_A world=(-0.009,-0.500,-0.038) body=(0.500,0.000,-0.038) truth_z=3.235 drop=2.277 pitch=0.0deg seg=30
[INFO] [1788621685.397998, 611.058000]: DSTPUB phase=STAIR_DESCENT_FLIGHT_A world=(-0.015,-0.500,-0.030) body=(0.500,0.000,-0.030) truth_z=3.055 drop=2.458 pitch=0.0deg seg=23
[INFO] [1788621686.987398, 612.060000]: DSTPUB phase=STAIR_DESCENT_FLIGHT_A world=(-0.001,-0.600,-0.031) body=(0.600,0.000,-0.031) truth_z=2.909 drop=2.604 pitch=0.0deg seg=17
[INFO] [1788621687.137943, 612.156000]: Segment 1 (F3->F2) complete: drop=2.62 m, elapsed 40.0 s; turning on F2 landing for segment 2.
[INFO] [1788621689.511475, 613.658000]: Segment turn aligned (x err=0.150 m, y=1.702 in band [1.70, 1.95]); starting 180 deg turn.
[INFO] [1788621689.522229, 613.664000]: DSTPUB phase=STAIR_DESCENT_SEGMENT_TURN world=(-0.263,-0.032,-0.240) body=(0.011,-0.265,-0.240) truth_z=2.923 drop=0.000 pitch=1.0deg seg=-1
[INFO] [1788621691.110225, 614.680000]: DSTPUB phase=STAIR_DESCENT_SEGMENT_TURN world=(-0.241,0.102,-0.845) body=(-0.037,-0.259,-0.845) truth_z=2.937 drop=0.000 pitch=1.0deg seg=-2
[INFO] [1788621691.541516, 614.958000]: Segment turn aligned (x err=0.160 m, y=1.702 in band [1.70, 1.95]); starting 180 deg turn.
[INFO] [1788621692.696472, 615.700000]: DSTPUB phase=STAIR_DESCENT_SEGMENT_TURN world=(-0.053,0.333,-1.000) body=(-0.140,-0.307,-1.000) truth_z=2.915 drop=0.000 pitch=1.0deg seg=0
[INFO] [1788621694.153813, 616.618000]: Segment turn aligned (x err=0.103 m, y=1.946 in band [1.70, 1.95]); starting 180 deg turn.
[INFO] [1788621694.302836, 616.718000]: DSTPUB phase=STAIR_DESCENT_SEGMENT_TURN world=(0.173,0.361,-1.000) body=(-0.081,-0.392,-1.000) truth_z=2.914 drop=0.000 pitch=1.0deg seg=0
[INFO] [1788620721.996157, 0.000000]: building_generator_classic_control ready
[0m[INFO] [1788620722.278792147]: Livox plugin Load complete with 800 rays[0m
[0m[INFO] [1788620722.280028422]: <initialOrientationAsReference> is unset, using default value of false to comply with REP 145 (world as orientation reference)[0m
[0m[INFO] [1788620722.280044685]: <robotNamespace> set to: //[0m
[0m[INFO] [1788620722.280050053]: <topicName> set to: /livox/imu[0m
[0m[INFO] [1788620722.280059120]: <frameName> set to: livox_imu_link[0m
[0m[INFO] [1788620722.280069340]: <updateRateHZ> set to: 1000[0m
[0m[INFO] [1788620722.280074813]: <gaussianNoise> set to: 0[0m
[0m[INFO] [1788620722.280085321]: <xyzOffset> set to: 0 0 0[0m
[0m[INFO] [1788620722.280093991]: <rpyOffset> set to: 0 -0 0[0m
[0m[INFO] [1788620723.600639471]: Camera Plugin: Using the 'robotNamespace' param: '/'[0m
[0m[INFO] [1788620723.602312776]: Camera Plugin (ns = /)  <tf_prefix_>, set to ""[0m
[0m[INFO] [1788620723.606982901]: Updating LinkState: reference_frame is empty/world/map, using inertial frame[0m
[0m[INFO] [1788620723.609858479]: Updating LinkState: reference_frame is empty/world/map, using inertial frame[0m
[0m[INFO] [1788620723.627309062]: Camera Plugin: Using the 'robotNamespace' param: '/'[0m
[0m[INFO] [1788620723.629184245]: Camera Plugin (ns = /)  <tf_prefix_>, set to ""[0m
[0m[INFO] [1788620724.440291788]: Loading gazebo_ros_control plugin[0m
[0m[INFO] [1788620724.440353965]: Starting gazebo_ros_control plugin in namespace: /a1_gazebo[0m
[0m[INFO] [1788620724.440931257]: gazebo_ros_control plugin is waiting for model URDF in parameter [/robot_description] on the ROS param server.[0m
[0m[INFO] [1788620724.557159866]: Loaded gazebo_ros_control.[0m

auto-starting new master
[1mprocess[master]: started with pid [285335][0m
[1mROS_MASTER_URI=http://localhost:11311[0m
]2;/home/quinn/0904/threefloor_stress5_repro_20260827/work/mounts/SimEnv/src/simenv_bridge/launch/scanplanner_three_floor_rl.launch http://localhost:11311
[1msetting /run_id to 35fcc8dc-a93b-11f1-9447-05c1f50d701d[0m
[1mprocess[rosout-1]: started with pid [285345][0m
started core service [/rosout]
[1mprocess[gazebo-2]: started with pid [285353][0m
[1mprocess[urdf_spawner-3]: started with pid [285356][0m
[1mprocess[state_from_gazebo-4]: started with pid [285359][0m
[1mprocess[a1_gazebo/controller_spawner-5]: started with pid [285360][0m
[1mprocess[robot_state_publisher-6]: started with pid [285361][0m
[1mprocess[unpause_after_controllers-7]: started with pid [285366][0m
[1mprocess[building_control-8]: started with pid [285368][0m
[1mprocess[open_mapping_entrance-9]: started with pid [285369][0m
[1mprocess[junior_ctrl-10]: started with pid [285374][0m
[1mprocess[scanplanner_pointcloud_bridge-11]: started with pid [285376][0m
[1mprocess[scan_planner_node-12]: started with pid [285377][0m
[1mprocess[closed_loop_controller-13]: started with pid [285379][0m
[1mprocess[scanplanner_plane_rl_bootstrap-14]: started with pid [285380][0m
[1mprocess[rl_floor_command_mux-15]: started with pid [285381][0m
[1mprocess[stair_transition_manager-16]: started with pid [285386][0m
[1mprocess[second_to_third_floor_stair_manager-17]: started with pid [285388][0m
[1mprocess[stair_descent_manager-18]: started with pid [285389][0m
[1mprocess[scanplanner_three_floor_goal_sequencer-19]: started with pid [285391][0m
[1mprocess[scanplanner_red_ball_detector-20]: started with pid [285392][0m
[1mprocess[three_floor_rl_mission_supervisor-21]: started with pid [285395][0m
[1m[open_mapping_entrance-9] process has finished cleanly
log file: /home/quinn/.ros/log/35fcc8dc-a93b-11f1-9447-05c1f50d701d/open_mapping_entrance-9*.log[0m
[1m[urdf_spawner-3] process has finished cleanly
log file: /home/quinn/.ros/log/35fcc8dc-a93b-11f1-9447-05c1f50d701d/urdf_spawner-3*.log[0m
[1m[unpause_after_controllers-7] process has finished cleanly
log file: /home/quinn/.ros/log/35fcc8dc-a93b-11f1-9447-05c1f50d701d/unpause_after_controllers-7*.log[0m
[1m[stair_transition_manager-16] process has finished cleanly
log file: /home/quinn/.ros/log/35fcc8dc-a93b-11f1-9447-05c1f50d701d/stair_transition_manager-16*.log[0m
[1m[second_to_third_floor_stair_manager-17] process has finished cleanly
log file: /home/quinn/.ros/log/35fcc8dc-a93b-11f1-9447-05c1f50d701d/second_to_third_floor_stair_manager-17*.log[0m
[three_floor_rl_mission_supervisor-21] killing on exit
[scanplanner_red_ball_detector-20] killing on exit
[rl_floor_command_mux-15] killing on exit
[stair_descent_manager-18] killing on exit
[scanplanner_plane_rl_bootstrap-14] killing on exit
[closed_loop_controller-13] killing on exit
[scan_planner_node-12] killing on exit
[scanplanner_pointcloud_bridge-11] killing on exit
[junior_ctrl-10] killing on exit
[scanplanner_three_floor_goal_sequencer-19] killing on exit
[building_control-8] killing on exit
[robot_state_publisher-6] killing on exit
[a1_gazebo/controller_spawner-5] killing on exit
[state_from_gazebo-4] killing on exit
[gazebo-2] killing on exit
[rosout-1] killing on exit
[master] killing on exit
shutting down processing monitor...
... shutting down processing monitor complete
[1mdone[0m
