xacro: in-order processing became default in ROS Melodic. You can drop the option.
... logging to /home/quinn/.ros/log/ffd1a9ae-a902-11f1-9447-05c1f50d701d/roslaunch-Legion-200124.log
Checking log directory for disk usage. This may take a while.
Press Ctrl-C to interrupt
Done checking log file disk usage. Usage is <1GB.
]2;/home/quinn/0904/threefloor_stress5_repro_20260827/work/mounts/SimEnv/src/simenv_bridge/launch/scanplanner_three_floor_rl.launch
[1mstarted roslaunch server http://Legion:45865/[0m

SUMMARY
========

CLEAR PARAMETERS
 * /scan_planner_node/

PARAMETERS
 * /a1_gazebo/FL_calf_controller/joint: FL_calf_joint
 * /a1_gazebo/FL_calf_controller/pid/d: 8.0
 * /a1_gazebo/FL_calf_controller/pid/i: 0.0
 * /a1_gazebo/FL_calf_controller/pid/p: 300.0
 * /a1_gazebo/FL_calf_controller/type: unitree_legged_co...
 * /a1_gazebo/FL_hip_controller/joint: FL_hip_joint
 * /a1_gazebo/FL_hip_controller/pid/d: 5.0
 * /a1_gazebo/FL_hip_controller/pid/i: 0.0
 * /a1_gazebo/FL_hip_controller/pid/p: 100.0
 * /a1_gazebo/FL_hip_controller/type: unitree_legged_co...
 * /a1_gazebo/FL_thigh_controller/joint: FL_thigh_joint
 * /a1_gazebo/FL_thigh_controller/pid/d: 8.0
 * /a1_gazebo/FL_thigh_controller/pid/i: 0.0
 * /a1_gazebo/FL_thigh_controller/pid/p: 300.0
 * /a1_gazebo/FL_thigh_controller/type: unitree_legged_co...
 * /a1_gazebo/FR_calf_controller/joint: FR_calf_joint
 * /a1_gazebo/FR_calf_controller/pid/d: 8.0
 * /a1_gazebo/FR_calf_controller/pid/i: 0.0
 * /a1_gazebo/FR_calf_controller/pid/p: 300.0
 * /a1_gazebo/FR_calf_controller/type: unitree_legged_co...
 * /a1_gazebo/FR_hip_controller/joint: FR_hip_joint
 * /a1_gazebo/FR_hip_controller/pid/d: 5.0
 * /a1_gazebo/FR_hip_controller/pid/i: 0.0
 * /a1_gazebo/FR_hip_controller/pid/p: 100.0
 * /a1_gazebo/FR_hip_controller/type: unitree_legged_co...
 * /a1_gazebo/FR_thigh_controller/joint: FR_thigh_joint
 * /a1_gazebo/FR_thigh_controller/pid/d: 8.0
 * /a1_gazebo/FR_thigh_controller/pid/i: 0.0
 * /a1_gazebo/FR_thigh_controller/pid/p: 300.0
 * /a1_gazebo/FR_thigh_controller/type: unitree_legged_co...
 * /a1_gazebo/RL_calf_controller/joint: RL_calf_joint
 * /a1_gazebo/RL_calf_controller/pid/d: 8.0
 * /a1_gazebo/RL_calf_controller/pid/i: 0.0
 * /a1_gazebo/RL_calf_controller/pid/p: 300.0
 * /a1_gazebo/RL_calf_controller/type: unitree_legged_co...
 * /a1_gazebo/RL_hip_controller/joint: RL_hip_joint
 * /a1_gazebo/RL_hip_controller/pid/d: 5.0
 * /a1_gazebo/RL_hip_controller/pid/i: 0.0
 * /a1_gazebo/RL_hip_controller/pid/p: 100.0
 * /a1_gazebo/RL_hip_controller/type: unitree_legged_co...
 * /a1_gazebo/RL_thigh_controller/joint: RL_thigh_joint
 * /a1_gazebo/RL_thigh_controller/pid/d: 8.0
 * /a1_gazebo/RL_thigh_controller/pid/i: 0.0
 * /a1_gazebo/RL_thigh_controller/pid/p: 300.0
 * /a1_gazebo/RL_thigh_controller/type: unitree_legged_co...
 * /a1_gazebo/RR_calf_controller/joint: RR_calf_joint
 * /a1_gazebo/RR_calf_controller/pid/d: 8.0
 * /a1_gazebo/RR_calf_controller/pid/i: 0.0
 * /a1_gazebo/RR_calf_controller/pid/p: 300.0
 * /a1_gazebo/RR_calf_controller/type: unitree_legged_co...
 * /a1_gazebo/RR_hip_controller/joint: RR_hip_joint
 * /a1_gazebo/RR_hip_controller/pid/d: 5.0
 * /a1_gazebo/RR_hip_controller/pid/i: 0.0
 * /a1_gazebo/RR_hip_controller/pid/p: 100.0
 * /a1_gazebo/RR_hip_controller/type: unitree_legged_co...
 * /a1_gazebo/RR_thigh_controller/joint: RR_thigh_joint
 * /a1_gazebo/RR_thigh_controller/pid/d: 8.0
 * /a1_gazebo/RR_thigh_controller/pid/i: 0.0
 * /a1_gazebo/RR_thigh_controller/pid/p: 300.0
 * /a1_gazebo/RR_thigh_controller/type: unitree_legged_co...
 * /a1_gazebo/joint_limits/FL_calf_joint/has_position_limits: False
 * /a1_gazebo/joint_limits/FR_calf_joint/has_position_limits: False
 * /a1_gazebo/joint_limits/RL_calf_joint/has_position_limits: False
 * /a1_gazebo/joint_limits/RR_calf_joint/has_position_limits: False
 * /a1_gazebo/joint_state_controller/publish_rate: 1000
 * /a1_gazebo/joint_state_controller/type: joint_state_contr...
 * /body_pose_topic: /Odometry_gazebo
 * /closed_loop_controller/finish_dist: 0.15
 * /closed_loop_controller/heading_error_threshold: 0.8
 * /closed_loop_controller/kp_pos: 0.8
 * /closed_loop_controller/kp_yaw: 1.5
 * /closed_loop_controller/max_vx: 2.05
 * /closed_loop_controller/max_vy: 0.35
 * /closed_loop_controller/max_vyaw: 1.0
 * /closed_loop_controller/time_forward: 0.8
 * /gazebo/enable_ros_network: True
 * /rl_floor_command_mux/command_timeout_sec: 0.4
 * /rl_floor_command_mux/linear_acceleration: 2.2
 * /rl_floor_command_mux/linear_deceleration: 2.0
 * /rl_floor_command_mux/max_forward: 2.25
 * /rl_floor_command_mux/max_lateral: 0.75
 * /rl_floor_command_mux/max_reverse: 0.2
 * /rl_floor_command_mux/max_yaw: 3.0
 * /rl_floor_command_mux/output_topic: /cmd_vel
 * /rl_floor_command_mux/planner_topic: /scanplanner/plan...
 * /rl_floor_command_mux/rate: 30.0
 * /rl_floor_command_mux/yaw_acceleration: 2.4
 * /rl_floor_command_mux/yaw_slowdown: 1.05
 * /rl_floor_command_mux/yaw_translation_stop: 1.3
 * /robot_description: <?xml version="1....
 * /robot_name: a1
 * /rosdistro: noetic
 * /rosversion: 1.17.4
 * /scan_planner_node/fsm/emergency_time_: 1.0
 * /scan_planner_node/fsm/fail_safe: True
 * /scan_planner_node/fsm/is_real_world: True
 * /scan_planner_node/fsm/manual_goal_use_current_height: True
 * /scan_planner_node/fsm/max_replan_fail_count: 1000
 * /scan_planner_node/fsm/navi_mode: 1
 * /scan_planner_node/fsm/planning_horizon: 7.5
 * /scan_planner_node/fsm/thresh_no_replan: 0.1
 * /scan_planner_node/fsm/thresh_replan: 1.0
 * /scan_planner_node/grid_map/cloud_is_world: True
 * /scan_planner_node/grid_map/cx: 317.19
 * /scan_planner_node/grid_map/cy: 256.48
 * /scan_planner_node/grid_map/depth_filter_margin: 1
 * /scan_planner_node/grid_map/depth_filter_maxdist: 3.0
 * /scan_planner_node/grid_map/depth_filter_mindist: 0.3
 * /scan_planner_node/grid_map/double_cylinder_offset: 0.18
 * /scan_planner_node/grid_map/double_cylinder_radius: 0.25
 * /scan_planner_node/grid_map/fx: 609.59
 * /scan_planner_node/grid_map/fy: 609.22
 * /scan_planner_node/grid_map/k_depth_scaling_factor: 1000.0
 * /scan_planner_node/grid_map/map_sliding_thresh: 0.2
 * /scan_planner_node/grid_map/max_ray_length: 5.0
 * /scan_planner_node/grid_map/need_extrinsic: True
 * /scan_planner_node/grid_map/obstacles_inflation_z_down: 0.4
 * /scan_planner_node/grid_map/obstacles_inflation_z_up: 0.1
 * /scan_planner_node/grid_map/p_hit: 0.85
 * /scan_planner_node/grid_map/p_max: 0.98
 * /scan_planner_node/grid_map/p_min: 0.12
 * /scan_planner_node/grid_map/p_miss: 0.3
 * /scan_planner_node/grid_map/p_occ: 0.8
 * /scan_planner_node/grid_map/resolution: 0.05
 * /scan_planner_node/grid_map/sensor_type: lidar
 * /scan_planner_node/grid_map/skip_pixel: 2
 * /scan_planner_node/grid_map/sliding_map_size_x: 10.0
 * /scan_planner_node/grid_map/sliding_map_size_y: 10.0
 * /scan_planner_node/grid_map/sliding_map_size_z: 5.0
 * /scan_planner_node/grid_map/vis_height: 0.3
 * /scan_planner_node/manager/control_points_distance: 0.2
 * /scan_planner_node/manager/feasibility_tolerance: 0.5
 * /scan_planner_node/manager/max_acc: 1.1
 * /scan_planner_node/manager/max_jerk: 4.0
 * /scan_planner_node/manager/max_vel: 2.05
 * /scan_planner_node/manager/planning_horizon: 7.5
 * /scan_planner_node/optimization/acc_tolerance: 1.0
 * /scan_planner_node/optimization/dist0: 0.2
 * /scan_planner_node/optimization/lambda_collision: 1.0
 * /scan_planner_node/optimization/lambda_feasibility: 0.1
 * /scan_planner_node/optimization/lambda_fitness: 1.0
 * /scan_planner_node/optimization/lambda_smooth: 1.0
 * /scan_planner_node/optimization/max_acc: 1.1
 * /scan_planner_node/optimization/max_vel: 2.05
 * /scan_planner_node/optimization/vel_tolerance: 1.0
 * /scanplanner_plane_rl_bootstrap/fixed_stand_max_duration_sec: 25.0
 * /scanplanner_plane_rl_bootstrap/release_after_rl_request: True
 * /scanplanner_plane_rl_bootstrap/rl_repeat_seconds: 120.0
 * /scanplanner_plane_rl_bootstrap/stand_after_seconds: 1.0
 * /scanplanner_pointcloud_bridge/input: /scan
 * /scanplanner_pointcloud_bridge/laser_blind: 0.5
 * /scanplanner_pointcloud_bridge/maximum_rate_hz: 5.0
 * /scanplanner_pointcloud_bridge/maximum_vertical_angle_deg: 55
 * /scanplanner_pointcloud_bridge/minimum_vertical_angle_deg: -7
 * /scanplanner_pointcloud_bridge/odom_topic: /Odometry_gazebo
 * /scanplanner_pointcloud_bridge/output: /registered_scan
 * /scanplanner_pointcloud_bridge/world_frame: map
 * /scanplanner_red_ball_detector/camera_info_topic: /recording_camera...
 * /scanplanner_red_ball_detector/camera_ready_topic: /simenv/recording...
 * /scanplanner_red_ball_detector/confirm_count: 3
 * /scanplanner_red_ball_detector/depth_topic: /real_sense/depth...
 * /scanplanner_red_ball_detector/floor_height_m: 2.6
 * /scanplanner_red_ball_detector/ground_range_scale: 0.95
 * /scanplanner_red_ball_detector/image_topic: /recording_camera...
 * /scanplanner_red_ball_detector/layout_metadata: /tmp/simenv_bridg...
 * /scanplanner_red_ball_detector/maximum_processing_rate_hz: 0.0
 * /scanplanner_red_ball_detector/merge_radius: 1.1
 * /scanplanner_red_ball_detector/out_json: /home/quinn/0904/...
 * /scanplanner_red_ball_detector/require_room_boundary_during_scan: True
 * /scanplanner_red_ball_detector/room_boundary_margin_m: 0.5
 * /scanplanner_red_ball_detector/scan_active_topic: /scanplanner/room...
 * /scanplanner_red_ball_detector/use_depth: True
 * /scanplanner_three_floor_goal_sequencer/direct_plane_distance_gain: 1.25
 * /scanplanner_three_floor_goal_sequencer/direct_plane_max_lateral_speed_mps: 0.75
 * /scanplanner_three_floor_goal_sequencer/direct_plane_min_forward_speed: 0.3
 * /scanplanner_three_floor_goal_sequencer/direct_plane_translation_heading_limit_rad: 1.45
 * /scanplanner_three_floor_goal_sequencer/direct_plane_yaw_rate: 1.15
 * /scanplanner_three_floor_goal_sequencer/direct_stair_yaw_rate: 0.35
 * /scanplanner_three_floor_goal_sequencer/entrance_fixed_heading_release_rad: 0.2
 * /scanplanner_three_floor_goal_sequencer/entrance_lateral_gain: 0.6
 * /scanplanner_three_floor_goal_sequencer/entrance_max_lateral_speed_mps: 0.12
 * /scanplanner_three_floor_goal_sequencer/entrance_progress_timeout_sec: 5.0
 * /scanplanner_three_floor_goal_sequencer/entrance_recovery_hold_sec: 1.0
 * /scanplanner_three_floor_goal_sequencer/entrance_recovery_max_attempts: 2
 * /scanplanner_three_floor_goal_sequencer/entrance_speed_scale: 1.45
 * /scanplanner_three_floor_goal_sequencer/floor_control_settle_sec: 0.15
 * /scanplanner_three_floor_goal_sequencer/handoff_timeout_sec: 300.0
 * /scanplanner_three_floor_goal_sequencer/manager_release_settle_sec: 0.1
 * /scanplanner_three_floor_goal_sequencer/maximum_floor_speed: 2.25
 * /scanplanner_three_floor_goal_sequencer/maximum_replans: 2
 * /scanplanner_three_floor_goal_sequencer/minimum_upright_duration_sec: 0.6
 * /scanplanner_three_floor_goal_sequencer/minimum_upright_z: 0.55
 * /scanplanner_three_floor_goal_sequencer/mission_config: /tmp/simenv_bridg...
 * /scanplanner_three_floor_goal_sequencer/output_dir: /home/quinn/0904/...
 * /scanplanner_three_floor_goal_sequencer/plane_attitude_hold_upright_z: 0.9
 * /scanplanner_three_floor_goal_sequencer/plane_attitude_slowdown_upright_z: 0.97
 * /scanplanner_three_floor_goal_sequencer/plane_fast_takeover: True
 * /scanplanner_three_floor_goal_sequencer/plane_fast_takeover_blend_seconds: 0.5
 * /scanplanner_three_floor_goal_sequencer/plane_fast_takeover_zero_hold_seconds: 0.15
 * /scanplanner_three_floor_goal_sequencer/plane_motion_start_ramp_initial_speed_mps: 0.3
 * /scanplanner_three_floor_goal_sequencer/plane_motion_start_ramp_minimum_upright_z: 0.985
 * /scanplanner_three_floor_goal_sequencer/plane_motion_start_ramp_seconds: 3.0
 * /scanplanner_three_floor_goal_sequencer/policy_timeout_sec: 35.0
 * /scanplanner_three_floor_goal_sequencer/progress_timeout_sec: 45.0
 * /scanplanner_three_floor_goal_sequencer/room_scan_settle_sec: 0.1
 * /scanplanner_three_floor_goal_sequencer/room_scan_timeout_sec: 30.0
 * /scanplanner_three_floor_goal_sequencer/room_scan_turn_rad: 1.9
 * /scanplanner_three_floor_goal_sequencer/room_scan_yaw_rate: 2.8
 * /scanplanner_three_floor_goal_sequencer/room_tolerance: 0.4
 * /scanplanner_three_floor_goal_sequencer/speed_scale: 2.6
 * /scanplanner_three_floor_goal_sequencer/stage_announcement_hold_sec: 0.15
 * /scanplanner_three_floor_goal_sequencer/startup_timeout_sec: 240.0
 * /scanplanner_three_floor_goal_sequencer/waypoint_timeout_sec: 150.0
 * /second_to_third_floor_stair_manager/ascent_maximum_speed_mps: 0.8
 * /second_to_third_floor_stair_manager/ascent_speed_mps: 0.8
 * /second_to_third_floor_stair_manager/ascent_timeout_sec: 45.0
 * /second_to_third_floor_stair_manager/auto_start: False
 * /second_to_third_floor_stair_manager/command_topic: /cmd_vel
 * /second_to_third_floor_stair_manager/enable_truth_return_gate: False
 * /second_to_third_floor_stair_manager/enable_visual_stair_alignment: False
 * /second_to_third_floor_stair_manager/entry_alignment_yaw_rate_rps: 0.4
 * /second_to_third_floor_stair_manager/flight_a_height_gain_m: 1.05
 * /second_to_third_floor_stair_manager/flight_b_timeout_sec: 22.0
 * /second_to_third_floor_stair_manager/height_plot_basename: 21_truth_stair_he...
 * /second_to_third_floor_stair_manager/hold_rl_during_ascent: True
 * /second_to_third_floor_stair_manager/landing_cross_distance_m: 0.95
 * /second_to_third_floor_stair_manager/landing_cross_speed_mps: 0.75
 * /second_to_third_floor_stair_manager/landing_heading_tolerance_rad: 0.15
 * /second_to_third_floor_stair_manager/landing_timeout_sec: 30.0
 * /second_to_third_floor_stair_manager/landing_turn_angle_rad: -2.4
 * /second_to_third_floor_stair_manager/landing_turn_speed_rps: 1.2
 * /second_to_third_floor_stair_manager/mission_failure_token: SECOND_FLOOR_EXPL...
 * /second_to_third_floor_stair_manager/mission_trigger_token: SECOND_FLOOR_EXPL...
 * /second_to_third_floor_stair_manager/mission_trigger_topic: /simenv/second_fl...
 * /second_to_third_floor_stair_manager/odom_topic: /Odometry_gazebo
 * /second_to_third_floor_stair_manager/offline_stair_model_sdf: /tmp/simenv_bridg...
 * /second_to_third_floor_stair_manager/offline_truth_layout_metadata: /tmp/simenv_bridg...
 * /second_to_third_floor_stair_manager/output_dir: /home/quinn/0904/...
 * /second_to_third_floor_stair_manager/plane_policy: /home/quinn/0904/...
 * /second_to_third_floor_stair_manager/policy_warmup_seconds: 0.2
 * /second_to_third_floor_stair_manager/pre_ascent_rl_fast_blend_seconds: 0.5
 * /second_to_third_floor_stair_manager/pre_ascent_rl_fast_takeover: True
 * /second_to_third_floor_stair_manager/pre_ascent_rl_fast_zero_hold_seconds: 0.15
 * /second_to_third_floor_stair_manager/pre_ascent_rl_settle_seconds: 0.6
 * /second_to_third_floor_stair_manager/pre_ascent_stand_seconds: 0.0
 * /second_to_third_floor_stair_manager/second_floor_handoff_timeout_sec: 90.0
 * /second_to_third_floor_stair_manager/second_floor_stable_seconds: 0.5
 * /second_to_third_floor_stair_manager/source_floor_index: 1
 * /second_to_third_floor_stair_manager/stair_policy: /home/quinn/0904/...
 * /second_to_third_floor_stair_manager/state_topic: /simenv/second_to...
 * /second_to_third_floor_stair_manager/target_floor_number: 3
 * /second_to_third_floor_stair_manager/total_height_gain_m: 2.2
 * /second_to_third_floor_stair_manager/trajectory_plot_basename: 21_f2_to_third_fl...
 * /second_to_third_floor_stair_manager/transition_log_basename: second_to_third_f...
 * /second_to_third_floor_stair_manager/transition_plot_basename: 21_second_to_thir...
 * /second_to_third_floor_stair_manager/truth_entry_final_speed_mps: 0.55
 * /second_to_third_floor_stair_manager/truth_entry_guide: True
 * /second_to_third_floor_stair_manager/truth_entry_guide_min_speed_mps: 0.25
 * /second_to_third_floor_stair_manager/truth_entry_guide_speed_mps: 0.45
 * /second_to_third_floor_stair_manager/truth_entry_timeout_sec: 120.0
 * /second_to_third_floor_stair_manager/truth_fixed_two_flight_profile: True
 * /second_to_third_floor_stair_manager/truth_flight_a_backslide_recovery_hold_seconds: 1.5
 * /second_to_third_floor_stair_manager/truth_flight_a_backslide_recovery_max_attempts: 2
 * /second_to_third_floor_stair_manager/truth_flight_a_backslide_recovery_ramp_seconds: 1.0
 * /second_to_third_floor_stair_manager/truth_flight_a_backslide_recovery_ramp_speed_mps: 0.4
 * /second_to_third_floor_stair_manager/truth_flight_a_climb_ramp_seconds: 1.2
 * /second_to_third_floor_stair_manager/truth_flight_a_near_edge_strong_center_error_m: 0.24
 * /second_to_third_floor_stair_manager/truth_flight_a_policy_capture_max_joint_velocity_rms: 0.18
 * /second_to_third_floor_stair_manager/truth_flight_a_policy_fast_fixed_stand: True
 * /second_to_third_floor_stair_manager/truth_flight_a_policy_fast_fixed_stand_duration_seconds: 0.5
 * /second_to_third_floor_stair_manager/truth_flight_a_policy_fast_fixed_stand_minimum_elapsed_seconds: 0.5
 * /second_to_third_floor_stair_manager/truth_flight_a_policy_fast_fixed_stand_minimum_gain_ratio: 0.75
 * /second_to_third_floor_stair_manager/truth_flight_a_policy_fast_fixed_stand_settle_seconds: 0.0
 * /second_to_third_floor_stair_manager/truth_flight_a_policy_fast_fixed_stand_stable_seconds: 0.5
 * /second_to_third_floor_stair_manager/truth_flight_a_policy_fixed_stand_ready_timeout_sec: 12.0
 * /second_to_third_floor_stair_manager/truth_flight_a_policy_require_fixed_stand_ready: True
 * /second_to_third_floor_stair_manager/truth_flight_a_policy_settle_seconds: 0.35
 * /second_to_third_floor_stair_manager/truth_flight_a_policy_settle_timeout_sec: 8.0
 * /second_to_third_floor_stair_manager/truth_flight_a_policy_stand_seconds: 0.1
 * /second_to_third_floor_stair_manager/truth_flight_a_policy_use_default_stand_target: False
 * /second_to_third_floor_stair_manager/truth_flight_a_rearward_slip_max_climb_speed_mps: 0.12
 * /second_to_third_floor_stair_manager/truth_flight_a_rearward_slip_speed_mps: 0.3
 * /second_to_third_floor_stair_manager/truth_flight_a_recovery_center_speed_mps: 0.22
 * /second_to_third_floor_stair_manager/truth_flight_a_recovery_forward_speed_mps: 0.6
 * /second_to_third_floor_stair_manager/truth_flight_a_require_fresh_ready: True
 * /second_to_third_floor_stair_manager/truth_flight_a_stall_release_seconds: 1.5
 * /second_to_third_floor_stair_manager/truth_flight_a_strong_recovery_forward_speed_mps: 0.4
 * /second_to_third_floor_stair_manager/truth_flight_b_max_yaw_rate_rps: 0.1
 * /second_to_third_floor_stair_manager/truth_flight_b_near_edge_strong_center_error_m: 0.24
 * /second_to_third_floor_stair_manager/truth_flight_b_pitch_min_height_gain_m: 0.08
 * /second_to_third_floor_stair_manager/truth_flight_b_pitch_rate_min_abs_rad: 0.6
 * /second_to_third_floor_stair_manager/truth_flight_b_pitch_rate_trigger_rps: 1.6
 * /second_to_third_floor_stair_manager/truth_flight_b_pitch_rate_window_sec: 0.18
 * /second_to_third_floor_stair_manager/truth_flight_b_pitch_recovery_max_attempts: 2
 * /second_to_third_floor_stair_manager/truth_flight_b_rearward_slip_speed_mps: 0.3
 * /second_to_third_floor_stair_manager/truth_flight_b_recovery_forward_speed_mps: 0.6
 * /second_to_third_floor_stair_manager/truth_flight_b_recovery_hold_seconds: 4.0
 * /second_to_third_floor_stair_manager/truth_flight_b_severe_pitch_detect_seconds: 0.1
 * /second_to_third_floor_stair_manager/truth_flight_b_severe_pitch_rad: 0.8
 * /second_to_third_floor_stair_manager/truth_flight_b_strong_recovery_forward_speed_mps: 0.4
 * /second_to_third_floor_stair_manager/truth_landing_recenter_speed_mps: 0.75
 * /second_to_third_floor_stair_manager/truth_two_stage_guide: True
 * /second_to_third_floor_stair_manager/truth_upper_floor_exit_clearance_m: 0.8
 * /second_to_third_floor_stair_manager/two_flight_stair: True
 * /second_to_third_floor_stair_manager/upper_floor_handoff_complete_phase: THIRD_FLOOR_HANDO...
 * /second_to_third_floor_stair_manager/upper_floor_handoff_timeout_phase: THIRD_FLOOR_HANDO...
 * /second_to_third_floor_stair_manager/upper_floor_reached_phase: THIRD_FLOOR_REACHED
 * /second_to_third_floor_stair_manager/upper_floor_ready_token: THIRD_FLOOR_EXPLO...
 * /second_to_third_floor_stair_manager/upper_floor_settle_phase: THIRD_FLOOR_SETTLE
 * /second_to_third_floor_stair_manager/upper_floor_state_topic: /simenv/third_flo...
 * /second_to_third_floor_stair_manager/upper_landing_clearance_grace_sec: 15.0
 * /second_to_third_floor_stair_manager/wait_for_second_floor_handoff: True
 * /second_to_third_floor_stair_manager/world_frame_ascent: True
 * /simenv/plane_tilt_guard_release_rad: 0.1
 * /simenv/plane_tilt_guard_stop_rad: 0.27
 * /simenv/plane_tilt_guard_warning_rad: 0.14
 * /stair_descent_manager/command_topic: /cmd_vel
 * /stair_descent_manager/descent_maximum_speed_mps: 0.8
 * /stair_descent_manager/descent_segment_timeout_sec: 600.0
 * /stair_descent_manager/descent_speed_mps: 0.8
 * /stair_descent_manager/end_floor_number: 1
 * /stair_descent_manager/mission_trigger_token: THIRD_FLOOR_EXPLO...
 * /stair_descent_manager/mission_trigger_topic: /simenv/third_flo...
 * /stair_descent_manager/odom_topic: /Odometry_gazebo
 * /stair_descent_manager/offline_stair_model_sdf: /tmp/simenv_bridg...
 * /stair_descent_manager/offline_truth_layout_metadata: /tmp/simenv_bridg...
 * /stair_descent_manager/output_dir: /home/quinn/0904/...
 * /stair_descent_manager/policy_switch_fast_fixed_stand: True
 * /stair_descent_manager/policy_switch_fast_fixed_stand_duration_seconds: 0.5
 * /stair_descent_manager/policy_switch_fast_fixed_stand_minimum_elapsed_seconds: 0.5
 * /stair_descent_manager/policy_switch_fast_fixed_stand_minimum_gain_ratio: 0.75
 * /stair_descent_manager/policy_switch_fast_fixed_stand_settle_seconds: 0.0
 * /stair_descent_manager/policy_switch_fast_fixed_stand_stable_seconds: 0.5
 * /stair_descent_manager/policy_switch_fixed_stand_timeout_sec: 12.0
 * /stair_descent_manager/policy_switch_max_joint_velocity_rms: 0.35
 * /stair_descent_manager/policy_switch_queue_hold_seconds: 0.25
 * /stair_descent_manager/policy_switch_reentry_timeout_sec: 20.0
 * /stair_descent_manager/policy_switch_settle_seconds: 0.45
 * /stair_descent_manager/policy_switch_settle_timeout_sec: 6.0
 * /stair_descent_manager/policy_warmup_seconds: 0.75
 * /stair_descent_manager/pre_descent_stand_seconds: 0.25
 * /stair_descent_manager/segment_one_log_basename: third_to_second_f...
 * /stair_descent_manager/segment_two_log_basename: second_to_first_f...
 * /stair_descent_manager/skip_entry_guide: True
 * /stair_descent_manager/stair_policy: /home/quinn/0904/...
 * /stair_descent_manager/start_floor_number: 3
 * /stair_descent_manager/state_topic: /simenv/third_to_...
 * /stair_descent_manager/transition_log_basename: stair_descent.json
 * /stair_descent_manager/truth_descent_backoff_escalation_m: 0.15
 * /stair_descent_manager/truth_descent_east_align_minimum_x_speed_mps: 0.3
 * /stair_descent_manager/truth_descent_east_align_tread_drop_m: 0.05
 * /stair_descent_manager/truth_descent_entry_guide_speed_mps: 1.15
 * /stair_descent_manager/truth_descent_final_landing_max_body_height_m: 1.0
 * /stair_descent_manager/truth_descent_final_landing_max_tilt_rad: 0.45
 * /stair_descent_manager/truth_descent_final_landing_min_body_height_m: 0.2
 * /stair_descent_manager/truth_descent_final_landing_minimum_upright_z: 0.75
 * /stair_descent_manager/truth_descent_final_landing_settle_seconds: 1.0
 * /stair_descent_manager/truth_descent_final_landing_timeout_sec: 20.0
 * /stair_descent_manager/truth_descent_flight_a_end_y: 1.75
 * /stair_descent_manager/truth_descent_flight_center_correction_error_m: 0.22
 * /stair_descent_manager/truth_descent_flight_center_correction_speed_mps: 0.5
 * /stair_descent_manager/truth_descent_flight_center_correction_yaw_rate_rps: 0.2
 * /stair_descent_manager/truth_descent_flight_center_steer_gain: 1.0
 * /stair_descent_manager/truth_descent_flight_center_steer_max_rad: 0.24
 * /stair_descent_manager/truth_descent_flight_end_slowdown_drop_m: 0.95
 * /stair_descent_manager/truth_descent_flight_end_speed_mps: 0.6
 * /stair_descent_manager/truth_descent_flight_heading_correction_error_rad: 0.22
 * /stair_descent_manager/truth_descent_flight_heading_correction_speed_mps: 0.4
 * /stair_descent_manager/truth_descent_flight_heading_correction_yaw_rate_rps: 0.3
 * /stair_descent_manager/truth_descent_flight_heading_gain: 0.55
 * /stair_descent_manager/truth_descent_flight_initial_hold_drop_m: 0.18
 * /stair_descent_manager/truth_descent_flight_initial_ramp_end_drop_m: 0.45
 * /stair_descent_manager/truth_descent_flight_initial_speed_mps: 0.55
 * /stair_descent_manager/truth_descent_flight_max_yaw_rate_rps: 0.14
 * /stair_descent_manager/truth_descent_flight_severe_tilt_hold_sec: 0.8
 * /stair_descent_manager/truth_descent_flight_severe_tilt_rad: 0.6
 * /stair_descent_manager/truth_descent_flight_severe_tilt_speed_mps: 0.3
 * /stair_descent_manager/truth_descent_flight_tilt_hold_sec: 0.6
 * /stair_descent_manager/truth_descent_flight_tilt_slowdown_rad: 0.48
 * /stair_descent_manager/truth_descent_flight_tilt_speed_mps: 0.55
 * /stair_descent_manager/truth_descent_gain_up_drop_m: 0.35
 * /stair_descent_manager/truth_descent_landing_heading_tolerance_rad: 0.18
 * /stair_descent_manager/truth_descent_landing_minimum_x_speed_mps: 0.3
 * /stair_descent_manager/truth_descent_landing_minimum_yaw_rate_rps: 0.34
 * /stair_descent_manager/truth_descent_landing_position_tolerance_m: 0.12
 * /stair_descent_manager/truth_descent_landing_recenter_speed_mps: 0.4
 * /stair_descent_manager/truth_descent_landing_settle_seconds: 1.5
 * /stair_descent_manager/truth_descent_landing_slip_max_attempts: 4
 * /stair_descent_manager/truth_descent_landing_turn_speed_rps: 1.2
 * /stair_descent_manager/truth_descent_max_center_error_m: 0.4
 * /stair_descent_manager/truth_descent_minimum_upright_z: 0.55
 * /stair_descent_manager/truth_descent_segment_turn_alignment_minimum_speed_mps: 0.3
 * /stair_descent_manager/truth_descent_segment_turn_alignment_progress_min_m: 0.025
 * /stair_descent_manager/truth_descent_segment_turn_alignment_progress_timeout_sec: 3.0
 * /stair_descent_manager/truth_descent_segment_turn_drift_limit_m: 0.4
 * /stair_descent_manager/truth_descent_segment_turn_lateral_speed_mps: 0.4
 * /stair_descent_manager/truth_descent_segment_turn_position_tolerance_m: 0.16
 * /stair_descent_manager/truth_descent_segment_turn_progress_min_improvement_rad: 0.11
 * /stair_descent_manager/truth_descent_segment_turn_progress_timeout_sec: 2.8
 * /stair_descent_manager/truth_descent_segment_turn_side_speed_mps: 0.4
 * /stair_descent_manager/truth_descent_segment_turn_x_safe_tolerance_m: 0.25
 * /stair_descent_manager/truth_descent_segment_turn_y_safe_high_m: 1.95
 * /stair_descent_manager/truth_descent_segment_turn_yaw_rate_rps: 1.0
 * /stair_descent_manager/truth_descent_side_slip_pause_sec: 0.5
 * /stair_descent_manager/truth_descent_stall_seconds: 3.0
 * /stair_descent_manager/truth_descent_step_pause_interval_m: 0.18
 * /stair_descent_manager/truth_descent_step_pause_seconds: 0.0
 * /stair_descent_manager/truth_descent_trigger_timeout_sec: 2400.0
 * /stair_descent_manager/truth_descent_turn_forward_speed_mps: 0.08
 * /stair_descent_manager/truth_descent_turn_forward_y_limit_m: 4.82
 * /stair_descent_manager/truth_descent_turn_start_y: 5.05
 * /stair_descent_manager/truth_entry_guide: True
 * /stair_descent_manager/truth_two_stage_guide: True
 * /stair_transition_manager/ascent_maximum_speed_mps: 0.8
 * /stair_transition_manager/ascent_speed_mps: 0.8
 * /stair_transition_manager/ascent_timeout_sec: 70.0
 * /stair_transition_manager/auto_start: False
 * /stair_transition_manager/command_topic: /cmd_vel
 * /stair_transition_manager/enable_truth_return_gate: False
 * /stair_transition_manager/enable_visual_stair_alignment: False
 * /stair_transition_manager/entry_alignment_yaw_rate_rps: 0.4
 * /stair_transition_manager/flight_a_height_gain_m: 1.05
 * /stair_transition_manager/flight_b_timeout_sec: 70.0
 * /stair_transition_manager/hold_rl_during_ascent: True
 * /stair_transition_manager/landing_cross_distance_m: 0.95
 * /stair_transition_manager/landing_cross_speed_mps: 0.75
 * /stair_transition_manager/landing_heading_tolerance_rad: 0.15
 * /stair_transition_manager/landing_timeout_sec: 30.0
 * /stair_transition_manager/landing_turn_angle_rad: -2.4
 * /stair_transition_manager/landing_turn_speed_rps: 1.2
 * /stair_transition_manager/odom_topic: /Odometry_gazebo
 * /stair_transition_manager/offline_stair_model_sdf: /tmp/simenv_bridg...
 * /stair_transition_manager/offline_truth_layout_metadata: /tmp/simenv_bridg...
 * /stair_transition_manager/output_dir: /home/quinn/0904/...
 * /stair_transition_manager/plane_policy: /home/quinn/0904/...
 * /stair_transition_manager/policy_warmup_seconds: 0.2
 * /stair_transition_manager/pre_ascent_rl_fast_blend_seconds: 0.5
 * /stair_transition_manager/pre_ascent_rl_fast_takeover: True
 * /stair_transition_manager/pre_ascent_rl_fast_zero_hold_seconds: 0.15
 * /stair_transition_manager/pre_ascent_rl_settle_seconds: 0.6
 * /stair_transition_manager/pre_ascent_stand_seconds: 0.0
 * /stair_transition_manager/second_floor_handoff_timeout_sec: 90.0
 * /stair_transition_manager/second_floor_stable_seconds: 0.5
 * /stair_transition_manager/stair_policy: /home/quinn/0904/...
 * /stair_transition_manager/total_height_gain_m: 2.2
 * /stair_transition_manager/truth_entry_final_speed_mps: 0.55
 * /stair_transition_manager/truth_entry_guide: True
 * /stair_transition_manager/truth_entry_guide_min_speed_mps: 0.25
 * /stair_transition_manager/truth_entry_guide_speed_mps: 0.45
 * /stair_transition_manager/truth_entry_timeout_sec: 120.0
 * /stair_transition_manager/truth_fixed_two_flight_profile: True
 * /stair_transition_manager/truth_flight_a_backslide_recovery_hold_seconds: 1.5
 * /stair_transition_manager/truth_flight_a_backslide_recovery_max_attempts: 2
 * /stair_transition_manager/truth_flight_a_backslide_recovery_ramp_seconds: 1.0
 * /stair_transition_manager/truth_flight_a_backslide_recovery_ramp_speed_mps: 0.4
 * /stair_transition_manager/truth_flight_a_climb_ramp_seconds: 1.2
 * /stair_transition_manager/truth_flight_a_near_edge_strong_center_error_m: 0.24
 * /stair_transition_manager/truth_flight_a_policy_capture_max_joint_velocity_rms: 0.18
 * /stair_transition_manager/truth_flight_a_policy_fast_fixed_stand: True
 * /stair_transition_manager/truth_flight_a_policy_fast_fixed_stand_duration_seconds: 0.5
 * /stair_transition_manager/truth_flight_a_policy_fast_fixed_stand_minimum_elapsed_seconds: 0.5
 * /stair_transition_manager/truth_flight_a_policy_fast_fixed_stand_minimum_gain_ratio: 0.75
 * /stair_transition_manager/truth_flight_a_policy_fast_fixed_stand_settle_seconds: 0.0
 * /stair_transition_manager/truth_flight_a_policy_fast_fixed_stand_stable_seconds: 0.5
 * /stair_transition_manager/truth_flight_a_policy_fixed_stand_ready_timeout_sec: 12.0
 * /stair_transition_manager/truth_flight_a_policy_require_fixed_stand_ready: True
 * /stair_transition_manager/truth_flight_a_policy_settle_seconds: 0.35
 * /stair_transition_manager/truth_flight_a_policy_settle_timeout_sec: 8.0
 * /stair_transition_manager/truth_flight_a_policy_stand_seconds: 0.1
 * /stair_transition_manager/truth_flight_a_policy_use_default_stand_target: False
 * /stair_transition_manager/truth_flight_a_prediction_horizon_sec: 1.1
 * /stair_transition_manager/truth_flight_a_rearward_slip_max_climb_speed_mps: 0.12
 * /stair_transition_manager/truth_flight_a_rearward_slip_speed_mps: 0.3
 * /stair_transition_manager/truth_flight_a_recovery_center_speed_mps: 0.22
 * /stair_transition_manager/truth_flight_a_recovery_forward_speed_mps: 0.6
 * /stair_transition_manager/truth_flight_a_require_fresh_ready: True
 * /stair_transition_manager/truth_flight_a_stall_release_seconds: 1.5
 * /stair_transition_manager/truth_flight_a_strong_recovery_forward_speed_mps: 0.4
 * /stair_transition_manager/truth_flight_b_max_yaw_rate_rps: 0.1
 * /stair_transition_manager/truth_flight_b_near_edge_strong_center_error_m: 0.24
 * /stair_transition_manager/truth_flight_b_pitch_min_height_gain_m: 0.08
 * /stair_transition_manager/truth_flight_b_pitch_rate_min_abs_rad: 0.6
 * /stair_transition_manager/truth_flight_b_pitch_rate_trigger_rps: 1.6
 * /stair_transition_manager/truth_flight_b_pitch_rate_window_sec: 0.18
 * /stair_transition_manager/truth_flight_b_pitch_recovery_max_attempts: 2
 * /stair_transition_manager/truth_flight_b_rearward_slip_speed_mps: 0.3
 * /stair_transition_manager/truth_flight_b_recovery_forward_speed_mps: 0.6
 * /stair_transition_manager/truth_flight_b_recovery_hold_seconds: 4.0
 * /stair_transition_manager/truth_flight_b_severe_pitch_detect_seconds: 0.1
 * /stair_transition_manager/truth_flight_b_severe_pitch_rad: 0.8
 * /stair_transition_manager/truth_flight_b_strong_recovery_forward_speed_mps: 0.4
 * /stair_transition_manager/truth_landing_recenter_speed_mps: 0.75
 * /stair_transition_manager/truth_two_stage_guide: True
 * /stair_transition_manager/two_flight_stair: True
 * /stair_transition_manager/upper_landing_clearance_grace_sec: 15.0
 * /stair_transition_manager/wait_for_second_floor_handoff: True
 * /stair_transition_manager/world_frame_ascent: True
 * /state_from_gazebo/robot_name: a1
 * /three_floor_rl_mission_supervisor/lobby_heading_stable_sec: 0.3
 * /three_floor_rl_mission_supervisor/lobby_initial_forward_speed_mps: 0.4
 * /three_floor_rl_mission_supervisor/lobby_linear_acceleration_mps2: 1.0
 * /three_floor_rl_mission_supervisor/minimum_upright_duration_sec: 0.6
 * /three_floor_rl_mission_supervisor/minimum_upright_z: 0.55
 * /three_floor_rl_mission_supervisor/mission_config: /tmp/simenv_bridg...
 * /three_floor_rl_mission_supervisor/mission_timeout_sec: 1800.0
 * /three_floor_rl_mission_supervisor/output_dir: /home/quinn/0904/...
 * /three_floor_rl_mission_supervisor/plane_fast_takeover: True
 * /three_floor_rl_mission_supervisor/plane_fast_takeover_blend_seconds: 0.5
 * /three_floor_rl_mission_supervisor/plane_fast_takeover_zero_hold_seconds: 0.15
 * /three_floor_rl_mission_supervisor/plane_motion_start_ramp_initial_speed_mps: 0.3
 * /three_floor_rl_mission_supervisor/plane_motion_start_ramp_minimum_upright_z: 0.985
 * /three_floor_rl_mission_supervisor/plane_motion_start_ramp_seconds: 3.0
 * /three_floor_rl_mission_supervisor/progress_timeout_sec: 20.0
 * /unpause_after_controllers/controller_namespace: /a1_gazebo
 * /unpause_after_controllers/load_window_seconds: 2.0
 * /unpause_after_controllers/timeout: 120
 * /use_sim_time: True
 * /world_file: /tmp/simenv_bridg...

NODES
  /
    building_control (building_generator_classic/building_generator_classic_control)
    closed_loop_controller (scan_planner/closed_loop_controller)
    gazebo (gazebo_ros/gzserver)
    junior_ctrl (simenv_bridge/classic_trotting_controller.py)
    open_mapping_entrance (simenv_competitor/open_mapping_entrance.py)
    rl_floor_command_mux (simenv_bridge/rl_floor_command_mux.py)
    robot_state_publisher (robot_state_publisher/robot_state_publisher)
    scan_planner_node (scan_planner/scan_planner_node)
    scanplanner_plane_rl_bootstrap (simenv_competitor/controller_mode_bootstrap.py)
    scanplanner_pointcloud_bridge (simenv_bridge/scanplanner_pointcloud_bridge.py)
    scanplanner_red_ball_detector (simenv_bridge/danger_detector.py)
    scanplanner_three_floor_goal_sequencer (simenv_bridge/scanplanner_three_floor_goal_sequencer.py)
    second_to_third_floor_stair_manager (simenv_bridge/stair_transition_manager.py)
    stair_descent_manager (simenv_bridge/stair_descent_manager.py)
    stair_transition_manager (simenv_bridge/stair_transition_manager.py)
    state_from_gazebo (unitree_guide/state_from_gazebo)
    three_floor_rl_mission_supervisor (simenv_bridge/three_floor_rl_mission_supervisor.py)
    unpause_after_controllers (simenv_competitor/unpause_after_controllers.py)
    urdf_spawner (gazebo_ros/spawn_model)
  /a1_gazebo/
    controller_spawner (controller_manager/spawner)
[33m[WARN] [1788596578.021104052]: [closed_loop_controller] ready.[0m
hit: 1.7346
miss: -0.847298
min log: -1.99243
max: 3.89182
thresh log: 1.38629
Using junior_ctrl: /home/quinn/0904/SimEnv-master/devel/lib/unitree_guide/junior_ctrl
Waiting for Gazebo A1 joint state and trunk IMU before junior_ctrl
[0m[INFO] [1788596578.362770106]: Finished loading Gazebo ROS API Plugin.[0m
[0m[INFO] [1788596578.365407685]: waitForService: Service [/gazebo/set_physics_properties] has not been advertised, waiting...[0m
[0m[INFO] [1788596579.163921182]: waitForService: Service [/gazebo/set_physics_properties] is now available.[0m
[0m[INFO] [1788596579.173333480]: Physics dynamic reconfigure ready.[0m
[0m[INFO] [1788596579.487858733]: <initialOrientationAsReference> is unset, using default value of false to comply with REP 145 (world as orientation reference)[0m
[0m[INFO] [1788596579.487910147]: <robotNamespace> set to: //[0m
[0m[INFO] [1788596579.487922701]: <topicName> set to: trunk_imu[0m
[0m[INFO] [1788596579.487932465]: <frameName> set to: imu_link[0m
[0m[INFO] [1788596579.487959772]: <updateRateHZ> set to: 1000[0m
[0m[INFO] [1788596579.487973802]: <gaussianNoise> set to: 0[0m
[0m[INFO] [1788596579.488001184]: <xyzOffset> set to: 0 0 0[0m
[0m[INFO] [1788596579.488030088]: <rpyOffset> set to: 0 -0 0[0m
[0m[INFO] [1788596579.515063883]: load csv file name:/home/quinn/0904/runtime_assets/SimEnv/src/unitree_guide/unitree_ros/robots/a1_description/scan_mode/mid360_stable.csv[0m
data size:2500
[livox] csv rows=2500
[0m[INFO] [1788596579.516927901]: ros topic name:/scan[0m
[0m[INFO] [1788596579.517879354]: scan info size:2500[0m
[livox] before RayPlugin::Load
[livox] after RayPlugin::Load
[livox] before CreateCollision
[livox] after CreateCollision
[0m[INFO] [1788596579.518366623]: sample:800[0m
[0m[INFO] [1788596579.518378552]: downsample:1[0m
[livox] before rayShape Load/Init samples=800
[livox] after rayShape Init
[INFO] [1788596578.281890, 0.000000]: Waiting to open mapping entrance main_entrance
[INFO] [1788596580.916816, 0.000000]: Mapping entrance ready: door 'main_entrance' set to open
[INFO] [1788596578.304925, 0.000000]: Loading model XML from ros parameter robot_description
[INFO] [1788596578.310365, 0.000000]: Waiting for service /gazebo/spawn_urdf_model
[INFO] [1788596579.216485, 0.000000]: Calling service /gazebo/spawn_urdf_model
[INFO] [1788596580.911946, 0.000000]: Spawn status: SpawnModel: Successfully spawned entity
[INFO] [1788596580.912968, 0.000000]: Waiting for service /gazebo/set_model_configuration
[INFO] [1788596580.915771, 0.000000]: temporary hack to **fix** the -J joint position option (issue #93), sleeping for 1 second to avoid race condition.
[INFO] [1788596581.917853, 0.000000]: Calling service /gazebo/set_model_configuration
[INFO] [1788596581.921025, 0.000000]: Set model configuration status: SetModelConfiguration: success
[INFO] [1788596583.908564, 0.000000]: Gazebo unpaused after 2.0 s paused controller-load window
[INFO] [1788596583.915910, 0.006000]: All 13 A1 controllers reached running state
A1 sensors and 12 joint controllers are ready; starting classic junior_ctrl
[INFO] Realtime scheduler disabled. Set UNITREE_ENABLE_REALTIME=1 to request SCHED_FIFO.
The control interface for ROS Gazebo simulation
robot_name: a1
controller dt: 0.004 s, frequency: 250.000 Hz
classic gait profile=trot period=0.550s stance_ratio=0.650
/home/quinn/0904/runtime_assets/SimEnv/src/unitree_guide/logs/policy_act_inference_plane.pt
cuda::is_available():0
RL inference device: cpu (requested=hybrid, policy=plane)
[INFO] RL policy resident in preload cache: /home/quinn/0904/runtime_assets/SimEnv/src/unitree_guide/logs/policy_act_inference_plane.pt
cuda::is_available():0
RL inference device: cpu (requested=hybrid, policy=plane)
load model is successed!
load model to device!
[INFO] UNITREE_RL_PRELOAD_PLANE_POLICY already cached: /home/quinn/0904/runtime_assets/SimEnv/src/unitree_guide/logs/policy_act_inference_plane.pt
cuda::is_available():0
[WARNING] UNITREE_RL_DEVICE=hybrid selected CUDA for this policy but CUDA is unavailable; using CPU.
RL inference device: cpu (requested=hybrid, policy=stair)
[INFO] RL policy resident in preload cache: /home/quinn/0904/runtime_assets/SimEnv/src/unitree_guide/logs/policy_act_inference_stair.pt
[INFO] UNITREE_RL_PRELOAD_STAIR_POLICY preloaded: /home/quinn/0904/runtime_assets/SimEnv/src/unitree_guide/logs/policy_act_inference_stair.pt
[INFO] RL observation source: trunk IMU and joint states (no ground truth).
[INFO] Autonomous startup: entering fixed stand (hold until /joy RL).
Switched from passive to fixed stand
[0m[INFO] [1788596585.087838860, 1.154000000]: [SCANReplanFSM] Set RViz goal height from initial body_pose z: 0.057[0m
[FSM]: state: INIT
wait for goal.
[FSM]: state: INIT
wait for goal.
[FSM]: state: INIT
wait for goal.
[FSM]: state: INIT
wait for goal.
[INFO] Hold-stand released; RL requested.
Switched from fixed stand to RL
[INFO] Entered RL /cmd_vel mode.
[FSM]: state: INIT
wait for goal.
[FSM]: state: INIT
wait for goal.
[FSM]: state: INIT
wait for goal.
[FSM]: state: INIT
wait for goal.
[FSM]: state: INIT
wait for goal.
[FSM]: state: INIT
wait for goal.
[0m[INFO] [1788596592.362601983, 6.038000000]: RL policy input vx=0.000 vy=0.000 wz=0.000 action_rms=0.315 ready=0 userCmd=0 kbd=0 raw=0.000,0.000,0.000 grav=-0.01,0.00,-0.98[0m
[0m[INFO] [1788596595.561191020, 8.044000000]: RL policy input vx=0.000 vy=0.000 wz=0.000 action_rms=0.212 ready=0 userCmd=0 kbd=0 raw=0.000,0.000,0.000 grav=-0.01,0.07,-0.98[0m
[0m[INFO] [1788596598.806385672, 10.060000000]: RL policy input vx=0.000 vy=0.000 wz=0.000 action_rms=0.148 ready=0 userCmd=0 kbd=0 raw=0.000,0.000,0.000 grav=0.00,0.00,-0.98[0m
[0m[INFO] [1788596601.116836938, 11.512000000]: RL locomotion_ready latched after 5.51 s takeover and 5.47 s stable hold[0m
cuda::is_available():0
[WARNING] UNITREE_RL_DEVICE=hybrid selected CUDA for this policy but CUDA is unavailable; using CPU.
RL inference device: cpu (requested=hybrid, policy=stair)
[INFO] RL policy hot-switched from preload cache: /home/quinn/0904/runtime_assets/SimEnv/src/unitree_guide/logs/policy_act_inference_stair.pt
[FSM]: state: INIT
wait for goal.
[FSM]: state: INIT
wait for goal.
[FSM]: state: INIT
wait for goal.
[FSM]: state: INIT
wait for goal.
[FSM]: state: INIT
wait for goal.
[FSM]: state: INIT
wait for goal.
[FSM]: state: INIT
wait for goal.
[FSM]: state: INIT
wait for goal.
[FSM]: state: INIT
wait for goal.
[FSM]: state: INIT
wait for goal.
[FSM]: state: INIT
wait for goal.
[FSM]: state: INIT
wait for goal.
[FSM]: state: INIT
wait for goal.
[FSM]: state: INIT
wait for goal.
[FSM]: state: INIT
wait for goal.
[33m[WARN] [1788596625.671764778, 26.834000000]: Using one-shot plane RL takeover profile: blend 0.50 s, zero hold 0.15 s[0m
[0m[INFO] [1788596602.002939008, 12.064000000]: RL policy input vx=0.000 vy=0.000 wz=0.000 action_rms=0.157 ready=0 userCmd=0 kbd=0 raw=0.000,0.000,0.000 grav=-0.00,0.01,-0.98[0m
[0m[INFO] [1788596605.195983538, 14.074000000]: RL policy input vx=0.000 vy=0.000 wz=0.000 action_rms=0.147 ready=0 userCmd=0 kbd=0 raw=0.000,0.000,0.000 grav=-0.01,0.02,-0.98[0m
[0m[INFO] [1788596608.433671936, 16.092000000]: RL policy input vx=0.000 vy=0.000 wz=0.000 action_rms=0.146 ready=0 userCmd=0 kbd=0 raw=0.000,0.000,0.000 grav=-0.02,0.02,-0.98[0m
[0m[INFO] [1788596609.954530517, 17.042000000]: RL locomotion_ready latched after 5.51 s takeover and 5.51 s stable hold[0m
[0m[INFO] [1788596611.623814767, 18.092000000]: RL policy input vx=0.348 vy=-0.005 wz=0.005 action_rms=0.153 ready=1 userCmd=0 kbd=0 raw=0.348,-0.005,0.005 grav=-0.01,0.03,-0.98[0m
[0m[INFO] [1788596614.833255860, 20.092000000]: RL policy input vx=0.522 vy=-0.003 wz=-0.015 action_rms=0.216 ready=1 userCmd=0 kbd=0 raw=0.522,-0.003,-0.015 grav=-0.01,-0.03,-0.98[0m
[0m[INFO] [1788596617.997932237, 22.092000000]: RL policy input vx=0.413 vy=-0.079 wz=-0.048 action_rms=0.183 ready=1 userCmd=0 kbd=0 raw=0.413,-0.079,-0.048 grav=-0.00,0.02,-0.98[0m
[0m[INFO] [1788596621.247041977, 24.096000000]: RL policy input vx=0.420 vy=-0.004 wz=-0.039 action_rms=0.140 ready=1 userCmd=0 kbd=0 raw=0.420,-0.004,-0.039 grav=0.01,0.02,-0.98[0m
[0m[INFO] [1788596624.467740134, 26.096000000]: RL policy input vx=0.420 vy=0.013 wz=-0.037 action_rms=0.191 ready=1 userCmd=0 kbd=0 raw=0.420,0.013,-0.037 grav=0.21,0.04,-0.96[0m
cuda::is_available():0
RL inference device: cpu (requested=hybrid, policy=plane)
[INFO] RL policy hot-switched from preload cache: /home/quinn/0904/runtime_assets/SimEnv/src/unitree_guide/logs/policy_act_inference_plane.pt
[FSM]: state: INIT
wait for goal.
[FSM]: state: INIT
wait for goal.
[FSM]: state: INIT
wait for goal.
[FSM]: state: INIT
wait for goal.
[FSM]: state: INIT
wait for goal.
[FSM]: state: INIT
wait for goal.
[FSM]: state: INIT
wait for goal.
[FSM]: state: INIT
wait for goal.
[FSM]: state: INIT
wait for goal.
[FSM]: state: INIT
wait for goal.
[33m[WARN] [1788596641.343559002, 36.552000000]: Plane tilt guard scaling cmd_vel by 0.97 at tilt 0.144 rad[0m
[FSM]: state: INIT
wait for goal.
[FSM]: state: INIT
wait for goal.
[FSM]: state: INIT
wait for goal.
[FSM]: state: INIT
wait for goal.
[FSM]: state: INIT
wait for goal.
[FSM]: state: INIT
wait for goal.
[FSM]: state: INIT
wait for goal.
[FSM]: state: INIT
wait for goal.
[FSM]: state: INIT
wait for goal.
[FSM]: state: INIT
wait for goal.
[FSM]: state: INIT
wait for goal.
[FSM]: state: INIT
wait for goal.
[FSM]: state: INIT
wait for goal.
[FSM]: state: INIT
wait for goal.
[FSM]: state: INIT
wait for goal.
[FSM]: state: INIT
wait for goal.
[FSM]: state: INIT
wait for goal.
[FSM]: state: INIT
wait for goal.
[FSM]: state: INIT
wait for goal.
[FSM]: state: INIT
wait for goal.
[FSM]: state: INIT
wait for goal.
[33m[WARN] [1788596675.127306788, 57.926000000]: Plane tilt guard scaling cmd_vel by 0.78 at tilt 0.168 rad[0m
[FSM]: state: INIT
wait for goal.
[FSM]: state: INIT
wait for goal.
[FSM]: state: INIT
wait for goal.
[FSM]: state: INIT
wait for goal.
[FSM]: state: INIT
wait for goal.
[FSM]: state: INIT
wait for goal.
[FSM]: state: INIT
wait for goal.
[FSM]: state: INIT
wait for goal.
[FSM]: state: INIT
wait for goal.
[FSM]: state: INIT
wait for goal.
[FSM]: state: INIT
wait for goal.
[FSM]: state: INIT
wait for goal.
[FSM]: state: INIT
wait for goal.
[0m[INFO] [1788596626.719499878, 27.498000000]: RL locomotion_ready latched after 0.66 s takeover and 0.41 s stable hold[0m
[0m[INFO] [1788596627.721266240, 28.112000000]: RL policy input vx=0.885 vy=-0.050 wz=-0.062 action_rms=0.231 ready=1 userCmd=0 kbd=0 raw=0.885,-0.050,-0.062 grav=-0.04,-0.04,-0.98[0m
[0m[INFO] [1788596630.979258629, 30.126000000]: RL policy input vx=2.249 vy=-0.053 wz=-0.026 action_rms=0.256 ready=1 userCmd=0 kbd=0 raw=2.249,-0.053,-0.026 grav=-0.01,-0.06,-0.98[0m
[0m[INFO] [1788596634.251110548, 32.146000000]: RL policy input vx=2.250 vy=-0.029 wz=-0.014 action_rms=0.363 ready=1 userCmd=0 kbd=0 raw=2.250,-0.029,-0.014 grav=0.03,0.01,-0.98[0m
[0m[INFO] [1788596637.541468663, 34.162000000]: RL policy input vx=2.250 vy=0.034 wz=0.016 action_rms=0.225 ready=1 userCmd=0 kbd=0 raw=2.250,0.034,0.016 grav=-0.00,-0.06,-0.98[0m
[0m[INFO] [1788596640.737261948, 36.162000000]: RL policy input vx=1.495 vy=0.247 wz=0.180 action_rms=0.242 ready=1 userCmd=0 kbd=0 raw=1.495,0.247,0.180 grav=0.05,-0.03,-0.98[0m
[0m[INFO] [1788596643.850751548, 38.164000000]: RL policy input vx=0.000 vy=0.000 wz=0.367 action_rms=0.141 ready=1 userCmd=0 kbd=0 raw=0.000,0.000,0.367 grav=0.03,0.01,-0.98[0m
[0m[INFO] [1788596647.048311081, 40.180000000]: RL policy input vx=0.450 vy=0.000 wz=0.041 action_rms=0.254 ready=1 userCmd=0 kbd=0 raw=0.450,0.000,0.041 grav=0.00,-0.02,-0.98[0m
[0m[INFO] [1788596650.299873687, 42.190000000]: RL policy input vx=0.450 vy=0.000 wz=-0.012 action_rms=0.195 ready=1 userCmd=0 kbd=0 raw=0.450,0.000,-0.012 grav=0.01,-0.02,-0.98[0m
[0m[INFO] [1788596653.552728189, 44.192000000]: RL policy input vx=0.899 vy=-0.032 wz=-0.039 action_rms=0.180 ready=1 userCmd=0 kbd=0 raw=0.899,-0.032,-0.039 grav=0.01,-0.04,-0.98[0m
[0m[INFO] [1788596656.824061427, 46.208000000]: RL policy input vx=0.900 vy=-0.003 wz=-0.003 action_rms=0.159 ready=1 userCmd=0 kbd=0 raw=0.900,-0.003,-0.003 grav=-0.00,-0.01,-0.98[0m
[0m[INFO] [1788596660.084342155, 48.228000000]: RL policy input vx=0.000 vy=0.000 wz=2.196 action_rms=0.316 ready=1 userCmd=0 kbd=0 raw=0.000,0.000,2.196 grav=0.01,-0.01,-0.98[0m
[0m[INFO] [1788596663.216002321, 50.244000000]: RL policy input vx=0.000 vy=0.000 wz=-0.215 action_rms=0.152 ready=1 userCmd=0 kbd=0 raw=0.000,0.000,-0.215 grav=0.01,-0.00,-0.98[0m
[0m[INFO] [1788596666.336031421, 52.250000000]: RL policy input vx=0.792 vy=-0.428 wz=-0.545 action_rms=0.411 ready=1 userCmd=0 kbd=0 raw=0.792,-0.428,-0.545 grav=-0.03,-0.03,-0.98[0m
[0m[INFO] [1788596669.455610476, 54.262000000]: RL policy input vx=0.899 vy=-0.049 wz=-0.060 action_rms=0.284 ready=1 userCmd=0 kbd=0 raw=0.899,-0.049,-0.060 grav=-0.00,-0.03,-0.98[0m
[0m[INFO] [1788596672.575140168, 56.274000000]: RL policy input vx=0.000 vy=0.000 wz=-2.900 action_rms=0.141 ready=1 userCmd=0 kbd=0 raw=0.000,0.000,-2.900 grav=0.02,0.01,-0.98[0m
[0m[INFO] [1788596675.687227197, 58.276000000]: RL policy input vx=1.998 vy=0.750 wz=0.395 action_rms=0.379 ready=1 userCmd=0 kbd=0 raw=1.998,0.750,0.395 grav=-0.07,-0.10,-0.97[0m
[0m[INFO] [1788596678.814332730, 60.292000000]: RL policy input vx=0.000 vy=0.000 wz=-0.450 action_rms=0.167 ready=1 userCmd=0 kbd=0 raw=0.000,0.000,-0.450 grav=0.03,-0.01,-0.98[0m
[0m[INFO] [1788596681.948552788, 62.292000000]: RL policy input vx=0.446 vy=0.000 wz=-0.144 action_rms=0.175 ready=1 userCmd=0 kbd=0 raw=0.446,0.000,-0.144 grav=-0.02,-0.02,-0.98[0m
[0m[INFO] [1788596685.078002271, 64.302000000]: RL policy input vx=0.449 vy=0.000 wz=-0.062 action_rms=0.264 ready=1 userCmd=0 kbd=0 raw=0.449,0.000,-0.062 grav=0.00,-0.01,-0.98[0m
[0m[INFO] [1788596688.209917845, 66.310000000]: RL policy input vx=0.849 vy=0.034 wz=0.044 action_rms=0.198 ready=1 userCmd=0 kbd=0 raw=0.849,0.034,0.044 grav=0.00,-0.02,-0.98[0m
[0m[INFO] [1788596691.322282643, 68.314000000]: RL policy input vx=0.450 vy=0.000 wz=0.003 action_rms=0.279 ready=1 userCmd=0 kbd=0 raw=0.450,0.000,0.003 grav=0.00,-0.01,-0.98[0m
[0m[INFO] [1788596694.447047654, 70.326000000]: RL policy input vx=0.450 vy=0.000 wz=-0.022 action_rms=0.156 ready=1 userCm[FSM]: state: INIT
wait for goal.
[FSM]: state: INIT
wait for goal.
[FSM]: state: INIT
wait for goal.
[FSM]: state: INIT
wait for goal.
[FSM]: state: INIT
wait for goal.
[FSM]: state: INIT
wait for goal.
[FSM]: state: INIT
wait for goal.
[FSM]: state: INIT
wait for goal.
[FSM]: state: INIT
wait for goal.
[FSM]: state: INIT
wait for goal.
[FSM]: state: INIT
wait for goal.
[FSM]: state: INIT
wait for goal.
[FSM]: state: INIT
wait for goal.
[FSM]: state: INIT
wait for goal.
[FSM]: state: INIT
wait for goal.
[FSM]: state: INIT
wait for goal.
[FSM]: state: INIT
wait for goal.
[FSM]: state: INIT
wait for goal.
[FSM]: state: INIT
wait for goal.
[FSM]: state: INIT
wait for goal.
[FSM]: state: INIT
wait for goal.
[FSM]: state: INIT
wait for goal.
[FSM]: state: INIT
wait for goal.
[FSM]: state: INIT
wait for goal.
[FSM]: state: INIT
wait for goal.
[FSM]: state: INIT
wait for goal.
[FSM]: state: INIT
wait for goal.
[FSM]: state: INIT
wait for goal.
[FSM]: state: INIT
wait for goal.
[FSM]: state: INIT
wait for goal.
[FSM]: state: INIT
wait for goal.
[FSM]: state: INIT
wait for goal.
[FSM]: state: INIT
wait for goal.
[FSM]: state: INIT
wait for goal.
[FSM]: state: INIT
wait for goal.
[FSM]: state: INIT
wait for goal.
[FSM]: state: INIT
wait for goal.
[FSM]: state: INIT
wait for goal.
[FSM]: state: INIT
wait for goal.
[FSM]: state: INIT
wait for goal.
[FSM]: state: INIT
wait for goal.
[FSM]: state: INIT
wait for goal.
[FSM]: state: INIT
wait for goal.
[FSM]: state: INIT
wait for goal.
[FSM]: state: INIT
wait for goal.
[FSM]: state: INIT
wait for goal.
d=0 kbd=0 raw=0.450,0.000,-0.022 grav=0.01,-0.01,-0.98[0m
[0m[INFO] [1788596697.539175884, 72.328000000]: RL policy input vx=1.402 vy=0.426 wz=0.270 action_rms=0.230 ready=1 userCmd=0 kbd=0 raw=1.402,0.426,0.270 grav=-0.00,-0.02,-0.98[0m
[0m[INFO] [1788596700.661768009, 74.336000000]: RL policy input vx=0.865 vy=0.250 wz=0.309 action_rms=0.360 ready=1 userCmd=0 kbd=0 raw=0.865,0.250,0.309 grav=-0.02,0.03,-0.98[0m
[0m[INFO] [1788596703.818636300, 76.354000000]: RL policy input vx=0.899 vy=0.032 wz=0.039 action_rms=0.196 ready=1 userCmd=0 kbd=0 raw=0.899,0.032,0.039 grav=-0.01,-0.00,-0.98[0m
[0m[INFO] [1788596706.939400825, 78.364000000]: RL policy input vx=0.420 vy=-0.003 wz=-0.008 action_rms=0.267 ready=1 userCmd=0 kbd=0 raw=0.420,-0.003,-0.008 grav=0.01,-0.02,-0.98[0m
[0m[INFO] [1788596710.069642721, 80.378000000]: RL policy input vx=0.000 vy=0.000 wz=2.900 action_rms=0.126 ready=1 userCmd=0 kbd=0 raw=0.000,0.000,2.900 grav=0.03,0.00,-0.98[0m
[0m[INFO] [1788596713.198732101, 82.382000000]: RL policy input vx=1.014 vy=0.750 wz=0.701 action_rms=0.181 ready=1 userCmd=0 kbd=0 raw=1.014,0.750,0.701 grav=-0.04,0.03,-0.98[0m
[0m[INFO] [1788596716.300129605, 84.384000000]: RL policy input vx=0.815 vy=0.750 wz=0.818 action_rms=0.396 ready=1 userCmd=0 kbd=0 raw=0.815,0.750,0.818 grav=-0.03,-0.04,-0.98[0m
[0m[INFO] [1788596719.445874186, 86.402000000]: RL policy input vx=0.535 vy=0.261 wz=0.500 action_rms=0.268 ready=1 userCmd=0 kbd=0 raw=0.535,0.261,0.500 grav=0.03,0.08,-0.98[0m
[0m[INFO] [1788596722.581762347, 88.404000000]: RL policy input vx=0.877 vy=0.202 wz=0.249 action_rms=0.377 ready=1 userCmd=0 kbd=0 raw=0.877,0.202,0.249 grav=-0.01,0.07,-0.98[0m
[0m[INFO] [1788596725.904572718, 90.414000000]: RL policy input vx=0.899 vy=0.033 wz=0.041 action_rms=0.192 ready=1 userCmd=0 kbd=0 raw=0.899,0.033,0.041 grav=0.00,-0.02,-0.98[0m
[0m[INFO] [1788596729.163136557, 92.416000000]: RL policy input vx=0.000 vy=0.000 wz=-2.900 action_rms=0.351 ready=1 userCmd=0 kbd=0 raw=0.000,0.000,-2.900 grav=0.02,0.01,-0.98[0m
[0m[INFO] [1788596732.346469643, 94.430000000]: RL policy input vx=0.879 vy=-0.750 wz=-0.777 action_rms=0.406 ready=1 userCmd=0 kbd=0 raw=0.879,-0.750,-0.777 grav=-0.05,0.01,-0.98[0m
[0m[INFO] [1788596735.539769370, 96.438000000]: RL policy input vx=0.433 vy=0.079 wz=-0.068 action_rms=0.171 ready=1 userCmd=0 kbd=0 raw=0.433,0.079,-0.068 grav=0.05,-0.03,-0.98[0m
[0m[INFO] [1788596738.679701154, 98.448000000]: RL policy input vx=0.000 vy=0.000 wz=-0.450 action_rms=0.135 ready=1 userCmd=0 kbd=0 raw=0.000,0.000,-0.450 grav=0.03,0.01,-0.98[0m
[0m[INFO] [1788596741.821235613, 100.448000000]: RL policy input vx=0.000 vy=0.000 wz=-0.243 action_rms=0.153 ready=1 userCmd=0 kbd=0 raw=0.000,0.000,-0.243 grav=0.00,-0.00,-0.98[0m
[0m[INFO] [1788596745.030994348, 102.448000000]: RL policy input vx=0.449 vy=0.000 wz=-0.073 action_rms=0.156 ready=1 userCmd=0 kbd=0 raw=0.449,0.000,-0.073 grav=0.01,-0.01,-0.98[0m
[0m[INFO] [1788596748.294544193, 104.456000000]: RL policy input vx=0.299 vy=0.000 wz=-0.098 action_rms=0.189 ready=1 userCmd=0 kbd=0 raw=0.299,0.000,-0.098 grav=0.01,-0.02,-0.98[0m
[0m[INFO] [1788596751.475553703, 106.474000000]: RL policy input vx=1.349 vy=-0.450 wz=-0.354 action_rms=0.351 ready=1 userCmd=0 kbd=0 raw=1.349,-0.450,-0.354 grav=-0.02,-0.04,-0.98[0m
[0m[INFO] [1788596754.588439835, 108.484000000]: RL policy input vx=2.238 vy=-0.229 wz=-0.112 action_rms=0.367 ready=1 userCmd=0 kbd=0 raw=2.238,-0.229,-0.112 grav=0.01,-0.04,-0.98[0m
[0m[INFO] [1788596757.704592756, 110.502000000]: RL policy input vx=2.246 vy=-0.135 wz=-0.066 action_rms=0.342 ready=1 userCmd=0 kbd=0 raw=2.246,-0.135,-0.066 grav=0.02,0.01,-0.98[0m
[0m[INFO] [1788596760.815244484, 112.520000000]: RL policy input vx=2.248 vy=0.102 wz=0.050 action_rms=0.338 ready=1 userCmd=0 kbd=0 raw=2.248,0.102,0.050 grav=0.02,-0.01,-0.98[0m
[0m[INFO] [1788596763.919911947, 114.532000000]: RL policy input vx=0.531 vy=0.365 wz=0.662 action_rms=0.339 ready=1 userCmd=0 kbd=0 raw=0.531,0.365,0.662 grav=0.02,0.06,-0.98[0m
[0m[INFO] [17885[FSM]: state: INIT
wait for goal.
[FSM]: state: INIT
wait for goal.
[FSM]: state: INIT
wait for goal.
[FSM]: state: INIT
wait for goal.
[FSM]: state: INIT
wait for goal.
[FSM]: state: INIT
wait for goal.
[FSM]: state: INIT
wait for goal.
[FSM]: state: INIT
wait for goal.
[FSM]: state: INIT
wait for goal.
[FSM]: state: INIT
wait for goal.
[FSM]: state: INIT
wait for goal.
[FSM]: state: INIT
wait for goal.
[FSM]: state: INIT
wait for goal.
[FSM]: state: INIT
wait for goal.
[FSM]: state: INIT
wait for goal.
[FSM]: state: INIT
wait for goal.
[FSM]: state: INIT
wait for goal.
[FSM]: state: INIT
wait for goal.
[FSM]: state: INIT
wait for goal.
[33m[WARN] [1788596796.421775197, 135.496000000]: Plane tilt guard scaling cmd_vel by 0.99 at tilt 0.141 rad[0m
[FSM]: state: INIT
wait for goal.
[FSM]: state: INIT
wait for goal.
[FSM]: state: INIT
wait for goal.
[FSM]: state: INIT
wait for goal.
[FSM]: state: INIT
wait for goal.
[FSM]: state: INIT
wait for goal.
[FSM]: state: INIT
wait for goal.
[FSM]: state: INIT
wait for goal.
[FSM]: state: INIT
wait for goal.
[FSM]: state: INIT
wait for goal.
[FSM]: state: INIT
wait for goal.
[FSM]: state: INIT
wait for goal.
[FSM]: state: INIT
wait for goal.
[FSM]: state: INIT
wait for goal.
[FSM]: state: INIT
wait for goal.
[FSM]: state: INIT
wait for goal.
[FSM]: state: INIT
wait for goal.
[FSM]: state: INIT
wait for goal.
[FSM]: state: INIT
wait for goal.
[FSM]: state: INIT
wait for goal.
[FSM]: state: INIT
wait for goal.
[FSM]: state: INIT
wait for goal.
[FSM]: state: INIT
wait for goal.
[FSM]: state: INIT
wait for goal.
[FSM]: state: INIT
wait for goal.
96767.048282717, 116.550000000]: RL policy input vx=0.446 vy=0.000 wz=0.148 action_rms=0.201 ready=1 userCmd=0 kbd=0 raw=0.446,0.000,0.148 grav=0.00,-0.00,-0.98[0m
[0m[INFO] [1788596770.151018476, 118.550000000]: RL policy input vx=0.450 vy=0.000 wz=0.013 action_rms=0.191 ready=1 userCmd=0 kbd=0 raw=0.450,0.000,0.013 grav=0.01,-0.02,-0.98[0m
[0m[INFO] [1788596773.271285818, 120.568000000]: RL policy input vx=0.894 vy=-0.101 wz=-0.124 action_rms=0.267 ready=1 userCmd=0 kbd=0 raw=0.894,-0.101,-0.124 grav=-0.01,-0.00,-0.98[0m
[0m[INFO] [1788596776.384894378, 122.584000000]: RL policy input vx=0.900 vy=-0.014 wz=-0.017 action_rms=0.156 ready=1 userCmd=0 kbd=0 raw=0.900,-0.014,-0.017 grav=-0.00,-0.02,-0.98[0m
[0m[INFO] [1788596779.490098644, 124.592000000]: RL policy input vx=0.553 vy=-0.001 wz=-0.001 action_rms=0.275 ready=1 userCmd=0 kbd=0 raw=0.553,-0.001,-0.001 grav=0.01,-0.03,-0.98[0m
[0m[INFO] [1788596782.604365995, 126.604000000]: RL policy input vx=0.000 vy=0.000 wz=2.900 action_rms=0.194 ready=1 userCmd=0 kbd=0 raw=0.000,0.000,2.900 grav=0.03,0.00,-0.98[0m
[0m[INFO] [1788596785.722814453, 128.622000000]: RL policy input vx=0.000 vy=0.000 wz=-1.500 action_rms=0.132 ready=1 userCmd=0 kbd=0 raw=0.000,0.000,-1.500 grav=0.02,0.01,-0.98[0m
[0m[INFO] [1788596788.842371635, 130.630000000]: RL policy input vx=0.880 vy=-0.190 wz=-0.234 action_rms=0.212 ready=1 userCmd=0 kbd=0 raw=0.880,-0.190,-0.234 grav=-0.00,-0.05,-0.98[0m
[0m[INFO] [1788596791.968706601, 132.650000000]: RL policy input vx=0.351 vy=-0.013 wz=-0.040 action_rms=0.146 ready=1 userCmd=0 kbd=0 raw=0.351,-0.013,-0.040 grav=0.03,-0.03,-0.98[0m
[0m[INFO] [1788596795.130481493, 134.668000000]: RL policy input vx=0.000 vy=0.000 wz=-2.900 action_rms=0.305 ready=1 userCmd=0 kbd=0 raw=0.000,0.000,-2.900 grav=-0.00,0.01,-0.98[0m
[0m[INFO] [1788596798.275210577, 136.674000000]: RL policy input vx=0.793 vy=0.246 wz=0.331 action_rms=0.299 ready=1 userCmd=0 kbd=0 raw=0.793,0.246,0.331 grav=0.03,0.01,-0.98[0m
[0m[INFO] [1788596801.459058679, 138.694000000]: RL policy input vx=0.000 vy=0.000 wz=-0.450 action_rms=0.169 ready=1 userCmd=0 kbd=0 raw=0.000,0.000,-0.450 grav=0.00,0.00,-0.98[0m
[0m[INFO] [1788596804.602764101, 140.696000000]: RL policy input vx=0.447 vy=0.000 wz=-0.118 action_rms=0.213 ready=1 userCmd=0 kbd=0 raw=0.447,0.000,-0.118 grav=-0.03,-0.01,-0.98[0m
[0m[INFO] [1788596807.810978492, 142.712000000]: RL policy input vx=0.449 vy=0.000 wz=-0.068 action_rms=0.186 ready=1 userCmd=0 kbd=0 raw=0.449,0.000,-0.068 grav=0.01,-0.01,-0.98[0m
[0m[INFO] [1788596810.982471608, 144.718000000]: RL policy input vx=0.414 vy=0.009 wz=0.025 action_rms=0.142 ready=1 userCmd=0 kbd=0 raw=0.414,0.009,0.025 grav=0.03,-0.02,-0.98[0m
[0m[INFO] [1788596814.151470152, 146.722000000]: RL policy input vx=0.450 vy=0.000 wz=0.000 action_rms=0.248 ready=1 userCmd=0 kbd=0 raw=0.450,0.000,0.000 grav=0.01,-0.02,-0.98[0m
[0m[INFO] [1788596817.300133905, 148.728000000]: RL policy input vx=0.861 vy=0.262 wz=0.325 action_rms=0.163 ready=1 userCmd=0 kbd=0 raw=0.861,0.262,0.325 grav=-0.01,-0.01,-0.98[0m
[0m[INFO] [1788596820.448922781, 150.736000000]: RL policy input vx=0.900 vy=0.028 wz=0.035 action_rms=0.366 ready=1 userCmd=0 kbd=0 raw=0.900,0.028,0.035 grav=-0.01,-0.01,-0.98[0m
[0m[INFO] [1788596823.598770371, 152.736000000]: RL policy input vx=0.900 vy=0.008 wz=0.010 action_rms=0.180 ready=1 userCmd=0 kbd=0 raw=0.900,0.008,0.010 grav=-0.01,-0.02,-0.98[0m
[0m[INFO] [1788596826.782145106, 154.750000000]: RL policy input vx=0.000 vy=0.000 wz=-2.900 action_rms=0.217 ready=1 userCmd=0 kbd=0 raw=0.000,0.000,-2.900 grav=0.01,0.02,-0.98[0m
[0m[INFO] [1788596829.956396968, 156.758000000]: RL policy input vx=0.000 vy=0.000 wz=1.500 action_rms=0.173 ready=1 userCmd=0 kbd=0 raw=0.000,0.000,1.500 grav=0.02,0.00,-0.98[0m
[0m[INFO] [1788596833.121784293, 158.758000000]: RL policy input vx=0.871 vy=0.225 wz=0.278 action_rms=0.167 ready=1 userCmd=0 kbd=0 raw=0.871,0.225,0.278 grav=-0.00,0.06,-0.98[0m
[0m[INFO] [1788596836.252776904, 160.766000000]: RL policy input vx=0.387 v[FSM]: state: INIT
wait for goal.
[FSM]: state: INIT
wait for goal.
[FSM]: state: INIT
wait for goal.
[FSM]: state: INIT
wait for goal.
[FSM]: state: INIT
wait for goal.
[FSM]: state: INIT
wait for goal.
[FSM]: state: INIT
wait for goal.
[FSM]: state: INIT
wait for goal.
[FSM]: state: INIT
wait for goal.
[FSM]: state: INIT
wait for goal.
[FSM]: state: INIT
wait for goal.
[FSM]: state: INIT
wait for goal.
[FSM]: state: INIT
wait for goal.
[FSM]: state: INIT
wait for goal.
[FSM]: state: INIT
wait for goal.
[FSM]: state: INIT
wait for goal.
[FSM]: state: INIT
wait for goal.
[FSM]: state: INIT
wait for goal.
[FSM]: state: INIT
wait for goal.
[FSM]: state: INIT
wait for goal.
[FSM]: state: INIT
wait for goal.
[33m[WARN] [1788596869.414273748, 181.760000000]: Plane tilt guard scaling cmd_vel by 0.92 at tilt 0.150 rad[0m
[FSM]: state: INIT
wait for goal.
[FSM]: state: INIT
wait for goal.
[FSM]: state: INIT
wait for goal.
[FSM]: state: INIT
wait for goal.
[FSM]: state: INIT
wait for goal.
[FSM]: state: INIT
wait for goal.
[FSM]: state: INIT
wait for goal.
[FSM]: state: INIT
wait for goal.
[FSM]: state: INIT
wait for goal.
[FSM]: state: INIT
wait for goal.
[FSM]: state: INIT
wait for goal.
[FSM]: state: INIT
wait for goal.
[FSM]: state: INIT
wait for goal.
[FSM]: state: INIT
wait for goal.
[FSM]: state: INIT
wait for goal.
[FSM]: state: INIT
wait for goal.
y=0.021 wz=0.060 action_rms=0.258 ready=1 userCmd=0 kbd=0 raw=0.387,0.021,0.060 grav=0.01,-0.02,-0.98[0m
[0m[INFO] [1788596839.385029067, 162.782000000]: RL policy input vx=0.000 vy=0.000 wz=2.900 action_rms=0.194 ready=1 userCmd=0 kbd=0 raw=0.000,0.000,2.900 grav=0.04,0.01,-0.98[0m
[0m[INFO] [1788596842.619472420, 164.796000000]: RL policy input vx=0.606 vy=-0.038 wz=-0.069 action_rms=0.180 ready=1 userCmd=0 kbd=0 raw=0.606,-0.038,-0.069 grav=0.05,-0.05,-0.98[0m
[0m[INFO] [1788596845.912033904, 166.808000000]: RL policy input vx=0.449 vy=0.000 wz=0.087 action_rms=0.183 ready=1 userCmd=0 kbd=0 raw=0.449,0.000,0.087 grav=-0.02,0.00,-0.98[0m
[0m[INFO] [1788596849.203931771, 168.822000000]: RL policy input vx=0.450 vy=0.000 wz=0.005 action_rms=0.303 ready=1 userCmd=0 kbd=0 raw=0.450,0.000,0.005 grav=0.01,-0.01,-0.98[0m
[0m[INFO] [1788596852.499427151, 170.838000000]: RL policy input vx=0.096 vy=0.360 wz=1.150 action_rms=0.175 ready=1 userCmd=0 kbd=0 raw=0.096,0.360,1.150 grav=0.03,-0.04,-0.98[0m
[0m[INFO] [1788596855.645667723, 172.856000000]: RL policy input vx=2.223 vy=0.346 wz=0.170 action_rms=0.383 ready=1 userCmd=0 kbd=0 raw=2.223,0.346,0.170 grav=-0.01,-0.00,-0.98[0m
[0m[INFO] [1788596858.750500905, 174.866000000]: RL policy input vx=2.250 vy=-0.026 wz=-0.013 action_rms=0.276 ready=1 userCmd=0 kbd=0 raw=2.250,-0.026,-0.013 grav=-0.01,-0.06,-0.98[0m
[0m[INFO] [1788596861.838195448, 176.870000000]: RL policy input vx=2.248 vy=-0.094 wz=-0.046 action_rms=0.308 ready=1 userCmd=0 kbd=0 raw=2.248,-0.094,-0.046 grav=0.00,0.00,-0.98[0m
[0m[INFO] [1788596864.940313374, 178.872000000]: RL policy input vx=2.250 vy=-0.022 wz=-0.011 action_rms=0.380 ready=1 userCmd=0 kbd=0 raw=2.250,-0.022,-0.011 grav=-0.02,-0.06,-0.98[0m
[0m[INFO] [1788596868.037690323, 180.874000000]: RL policy input vx=2.246 vy=0.139 wz=0.068 action_rms=0.450 ready=1 userCmd=0 kbd=0 raw=2.246,0.139,0.068 grav=0.02,-0.02,-0.98[0m
[0m[INFO] [1788596871.162268610, 182.878000000]: RL policy input vx=0.590 vy=-0.006 wz=0.030 action_rms=0.313 ready=1 userCmd=0 kbd=0 raw=0.590,-0.006,0.030 grav=0.10,-0.05,-0.97[0m
[0m[INFO] [1788596874.278603036, 184.894000000]: RL policy input vx=1.845 vy=-0.135 wz=-0.080 action_rms=0.326 ready=1 userCmd=0 kbd=0 raw=1.845,-0.135,-0.080 grav=0.02,-0.05,-0.98[0m
[0m[INFO] [1788596877.380911117, 186.894000000]: RL policy input vx=1.849 vy=0.061 wz=0.036 action_rms=0.200 ready=1 userCmd=0 kbd=0 raw=1.849,0.061,0.036 grav=-0.03,-0.08,-0.98[0m
[0m[INFO] [1788596880.494626658, 188.908000000]: RL policy input vx=0.000 vy=0.000 wz=-1.000 action_rms=0.209 ready=1 userCmd=0 kbd=0 raw=0.000,0.000,-1.000 grav=0.06,0.01,-0.98[0m
[0m[INFO] [1788596883.593570092, 190.910000000]: RL policy input vx=0.000 vy=0.000 wz=-0.168 action_rms=0.141 ready=1 userCmd=0 kbd=0 raw=0.000,0.000,-0.168 grav=0.00,0.00,-0.98[0m
[0m[INFO] [1788596886.722512292, 192.926000000]: RL policy input vx=0.489 vy=0.000 wz=-0.055 action_rms=0.143 ready=1 userCmd=0 kbd=0 raw=0.489,0.000,-0.055 grav=0.03,-0.04,-0.98[0m
[0m[INFO] [1788596889.833069037, 194.938000000]: RL policy input vx=0.000 vy=0.000 wz=-0.552 action_rms=0.158 ready=1 userCmd=0 kbd=0 raw=0.000,0.000,-0.552 grav=0.01,0.00,-0.98[0m
[0m[INFO] [1788596893.011091581, 196.942000000]: RL policy input vx=0.000 vy=0.000 wz=-0.220 action_rms=0.178 ready=1 userCmd=0 kbd=0 raw=0.000,0.000,-0.220 grav=-0.01,-0.01,-0.98[0m
Switched from RL to fixed stand
infer_thread退出!
[33m[WARN] [1788596893.903832830, 197.504000000]: Using one-shot captured-pose FixedStand profile: ramp 0.50 s, settle 0.00 s, ready after 0.50 s + 0.50 s stable, minimum gain 0.75[0m
[INFO] Using /stand_target_joints param stance.
[FSM]: state: INIT
wait for goal.
Switched from fixed stand to RL
[INFO] Entered RL /cmd_vel mode.
[33m[WARN] [1788596895.189531447, 198.308000000]: Using one-shot stair RL takeover profile: blend 0.50 s, zero hold 0.15 s[0m
cuda::is_available():0
[WARNING] UNITREE_RL_DEVICE=hybrid selected CUDA for this policy but CUDA is unavailable; using CPU.
RL inference device: cpu (requested=hybrid, policy=stair)
[INFO] RL policy activated from preload cache at FixedStand entry boundary: /home/quinn/0904/runtime_assets/SimEnv/src/unitree_guide/logs/policy_act_inference_stair.pt
[FSM]: state: INIT
wait for goal.
[FSM]: state: INIT
wait for goal.
[FSM]: state: INIT
wait for goal.
[FSM]: state: INIT
wait for goal.
[FSM]: state: INIT
wait for goal.
[FSM]: state: INIT
wait for goal.
[FSM]: state: INIT
wait for goal.
[FSM]: state: INIT
wait for goal.
[FSM]: state: INIT
wait for goal.
[FSM]: state: INIT
wait for goal.
[FSM]: state: INIT
wait for goal.
[FSM]: state: INIT
wait for goal.
[FSM]: state: INIT
wait for goal.
[FSM]: state: INIT
wait for goal.
[FSM]: state: INIT
wait for goal.
[FSM]: state: INIT
wait for goal.
[FSM]: state: INIT
wait for goal.
[FSM]: state: INIT
wait for goal.
[FSM]: state: INIT
wait for goal.
[FSM]: state: INIT
wait for goal.
[FSM]: state: INIT
wait for goal.
[FSM]: state: INIT
wait for goal.
[FSM]: state: INIT
wait for goal.
[33m[WARN] [1788596932.044699654, 221.874000000]: Using one-shot plane RL takeover profile: blend 0.50 s, zero hold 0.15 s[0m
[0m[INFO] [1788596896.213533120, 198.952000000]: RL policy input vx=0.000 vy=0.000 wz=0.000 action_rms=0.148 ready=0 userCmd=0 kbd=0 raw=0.000,0.000,0.000 grav=-0.01,0.02,-0.98[0m
[0m[INFO] [1788596896.245728535, 198.974000000]: RL locomotion_ready latched after 0.66 s takeover and 0.66 s stable hold[0m
[0m[INFO] [1788596899.442288555, 200.970000000]: RL policy input vx=0.606 vy=-0.203 wz=0.010 action_rms=0.525 ready=1 userCmd=0 kbd=0 raw=0.606,-0.203,0.010 grav=-0.41,0.05,-0.89[0m
[0m[INFO] [1788596902.605897348, 202.980000000]: RL policy input vx=0.564 vy=0.300 wz=0.048 action_rms=0.367 ready=1 userCmd=0 kbd=0 raw=0.564,0.300,0.048 grav=-0.44,0.00,-0.88[0m
[0m[INFO] [1788596905.750469753, 204.980000000]: RL policy input vx=0.565 vy=0.299 wz=0.047 action_rms=0.378 ready=1 userCmd=0 kbd=0 raw=0.565,0.299,0.047 grav=-0.41,-0.03,-0.89[0m
[0m[INFO] [1788596908.911104837, 206.990000000]: RL policy input vx=0.335 vy=-0.671 wz=-1.200 action_rms=0.180 ready=1 userCmd=0 kbd=0 raw=0.335,-0.671,-1.200 grav=-0.06,0.05,-0.98[0m
[0m[INFO] [1788596912.067322492, 208.996000000]: RL policy input vx=0.297 vy=-0.042 wz=-0.156 action_rms=0.183 ready=1 userCmd=0 kbd=0 raw=0.297,-0.042,-0.156 grav=0.01,0.01,-0.98[0m
[0m[INFO] [1788596915.184505551, 210.998000000]: RL policy input vx=0.000 vy=0.000 wz=-0.527 action_rms=0.156 ready=1 userCmd=0 kbd=0 raw=0.000,0.000,-0.527 grav=-0.02,0.03,-0.98[0m
[0m[INFO] [1788596918.313006556, 213.010000000]: RL policy input vx=0.000 vy=0.000 wz=-0.240 action_rms=0.164 ready=1 userCmd=0 kbd=0 raw=0.000,0.000,-0.240 grav=-0.04,0.02,-0.98[0m
[0m[INFO] [1788596921.416455562, 215.010000000]: RL policy input vx=0.797 vy=-0.072 wz=-0.018 action_rms=0.483 ready=1 userCmd=0 kbd=0 raw=0.797,-0.072,-0.018 grav=-0.45,0.07,-0.87[0m
[0m[INFO] [1788596924.528707502, 217.020000000]: RL policy input vx=0.627 vy=-0.083 wz=0.067 action_rms=0.558 ready=1 userCmd=8 kbd=0 raw=0.627,-0.083,0.067 grav=-0.33,0.03,-0.92[0m
[0m[INFO] [1788596927.648528294, 219.028000000]: RL policy input vx=0.593 vy=0.091 wz=0.053 action_rms=0.322 ready=1 userCmd=0 kbd=0 raw=0.593,0.091,0.053 grav=-0.34,-0.08,-0.92[0m
[0m[INFO] [1788596930.764518251, 221.046000000]: RL policy input vx=0.619 vy=-0.132 wz=0.039 action_rms=0.325 ready=1 userCmd=0 kbd=0 raw=0.619,-0.132,0.039 grav=-0.29,0.10,-0.93[0m
cuda::is_available():0
RL inference device: cpu (requested=hybrid, policy=plane)
[INFO] RL policy hot-switched from preload cache: /home/quinn/0904/runtime_assets/SimEnv/src/unitree_guide/logs/policy_act_inference_plane.pt
[FSM]: state: INIT
wait for goal.
[INFO] [1788596892.535038, 196.640000]: Robot is already 0.00 m from the pre-riser pose; skipping the corridor/side legs.
[INFO] [1788596892.536521, 196.640000]: Pre-ascent residual heading error -0.109 rad (visual_depth=False, bearing=none).
[INFO] [1788596893.451962, 197.220000]: Flight-A body settled for 0.38 s; waiting for joint RMS capture window <= 0.180 (current=0.401).
[INFO] [1788596893.483320, 197.240000]: Pre-ascent stand target set from flight-A pre-reload capture entry sample
[INFO] [1788596893.488482, 197.244000]: Flight-A plane gait settled at joint RMS 0.114; holding FixedStand for at least 0.1 s at snapshot pose before queued stair-policy entry.
[INFO] [1788596894.921510, 198.142000]: Flight-A FixedStand readiness gate complete; queued the stair policy for State_RL entry and retaining stand ownership for 0.25 s.
[INFO] [1788596895.179979, 198.306000]: Flight-A policy request has been queued under FixedStand; requesting RL so State_RL loads it before inference starts.
[INFO] [1788596896.259471, 198.982000]: Fresh RL readiness confirmed after the flight-A FixedStand boundary; starting the climb ramp.
[INFO] [1788596896.286480, 199.000000]: Flight-A fresh RL readiness observed; ascent clocks reset and 1.2 s climb ramp started.
[INFO] [1788596896.291723, 199.002000]: STPUB phase=STAIR_ASCENT world=(0.000,0.003,-0.030) body=(0.003,-0.000,-0.030) truth_z=0.312 pose=0.31204430919977255
[INFO] [1788596897.947950, 200.020000]: STPUB phase=STAIR_ASCENT world=(0.000,0.800,-0.026) body=(0.798,-0.060,-0.026) truth_z=0.336 pose=0.3360449756765207
[INFO] [1788596899.556674, 201.040000]: STPUB phase=STAIR_ASCENT world=(0.000,0.800,0.022) body=(0.798,0.050,0.022) truth_z=0.528 pose=0.527770997590801
[INFO] [1788596901.172616, 202.060000]: STPUB phase=STAIR_ASCENT world=(0.220,0.600,0.029) body=(0.616,-0.170,0.029) truth_z=0.744 pose=0.7442698586061293
[INFO] [1788596902.763824, 203.080000]: STPUB phase=STAIR_ASCENT world=(0.000,0.800,0.045) body=(0.794,0.102,0.045) truth_z=0.954 pose=0.9543636303426548
[INFO] [1788596904.357671, 204.100000]: STPUB phase=STAIR_ASCENT world=(-0.023,0.800,0.053) body=(0.787,0.143,0.053) truth_z=1.137 pose=1.1369080459945897
[INFO] [1788596905.969229, 205.120000]: STPUB phase=STAIR_ASCENT world=(-0.048,0.800,0.058) body=(0.781,0.180,0.058) truth_z=1.335 pose=1.3345998151716767
[INFO] [1788596907.564999, 206.140000]: STPUB phase=STAIR_ASCENT world=(-0.042,0.800,0.037) body=(0.791,0.125,0.037) truth_z=1.558 pose=1.5578489481378022
[INFO] [1788596908.203410, 206.540000]: Intermediate landing entered at y=4.76 m; starting moving turn.
[INFO] [1788596909.178360, 207.160000]: STPUB phase=STAIR_LANDING_TURN world=(0.750,0.000,-1.010) body=(0.456,-0.596,-1.010) truth_z=1.618 pose=1.618397019415404
[INFO] [1788596910.769082, 208.180000]: STPUB phase=STAIR_LANDING_TURN world=(0.582,0.000,-0.338) body=(0.555,-0.176,-0.338) truth_z=1.614 pose=1.614292626355337
[INFO] [1788596912.387469, 209.200000]: STPUB phase=STAIR_LANDING_TURN world=(0.300,0.000,-0.126) body=(0.298,-0.034,-0.126) truth_z=1.615 pose=1.6149385586349507
[INFO] [1788596913.984594, 210.220000]: STPUB phase=STAIR_LANDING_TURN world=(0.000,0.000,-1.067) body=(0.000,0.000,-1.067) truth_z=1.617 pose=1.6171724308119804
[INFO] [1788596915.555643, 211.240000]: STPUB phase=STAIR_LANDING_TURN world=(0.000,0.000,-0.444) body=(0.000,0.000,-0.444) truth_z=1.629 pose=1.6286685289590073
[INFO] [1788596917.152053, 212.260000]: STPUB phase=STAIR_LANDING_TURN world=(0.000,0.000,-0.240) body=(0.000,0.000,-0.240) truth_z=1.626 pose=1.626210797940484
[INFO] [1788596918.488464, 213.120000]: Flight-B entry aligned: x error=-0.008 m, heading error=-0.150 rad.
[INFO] [1788596918.489465, 213.120000]: Flight-B entry joints saved (12 dofs) -> /home/quinn/0904/results/official_gui_rtf065_s20260820_20260905_162216/flight_b_entry_joints_0.json
[INFO] [1788596918.519375, 213.140000]: ASCENT_B gate: entry_guide=True truth_pose=True start_z=0.312 profile=True heading=-1.571 pose_z=1.6328445393098467 truth_z=1.6328445393098467
[INFO] [1788596918.520376, 213.140000]: Pre-ascent RL settle: holding zero command until motion is stable for 0.6 s before FixedStand.
[INFO] [1788596918.521006, 213.140000]: Pre-ascent RL settle active: stable 0.00/0.60 s.
[INFO] [1788596919.139298, 213.540000]: Pre-ascent RL motion settled for 0.62 s; settle-only gate complete (FixedStand disabled).
[INFO] [1788596919.170522, 213.560000]: STPUB phase=STAIR_ASCENT_B world=(0.000,-0.800,-0.073) body=(0.783,-0.165,-0.073) truth_z=1.631 pose=1.6312852836914054
[INFO] [1788596920.101473, 214.160000]: ASCENT_B gate: entry_guide=True truth_pose=True start_z=0.312 profile=True heading=-1.571 pose_z=1.679344430793713 truth_z=1.678760320915844
[INFO] [1788596920.753658, 214.580000]: STPUB phase=STAIR_ASCENT_B world=(0.200,-0.600,-0.026) body=(0.613,0.155,-0.026) truth_z=1.713 pose=1.712604845872442
[INFO] [1788596921.677424, 215.180000]: ASCENT_B gate: entry_guide=True truth_pose=True start_z=0.312 profile=True heading=-1.571 pose_z=1.8004002864731168 truth_z=1.8004002864731168
[INFO] [1788596922.326194, 215.600000]: STPUB phase=STAIR_ASCENT_B world=(-0.200,-0.600,0.017) body=(0.609,-0.171,0.017) truth_z=1.916 pose=1.9157350240294206
[INFO] [1788596923.254567, 216.200000]: ASCENT_B gate: entry_guide=True truth_pose=True start_z=0.312 profile=True heading=-1.571 pose_z=2.015203663849594 truth_z=2.015203663849594
[INFO] [1788596923.903968, 216.620000]: STPUB phase=STAIR_ASCENT_B world=(0.200,-0.600,0.064) body=(0.553,0.306,0.064) truth_z=2.104 pose=2.103532929221188
[INFO] [1788596924.840427, 217.220000]: ASCENT_B gate: entry_guide=True truth_pose=True start_z=0.312 profile=True heading=-1.571 pose_z=2.227750734464563 truth_z=2.227750734464563
[INFO] [1788596925.495082, 217.640000]: STPUB phase=STAIR_ASCENT_B world=(-0.200,-0.600,0.046) body=(0.621,-0.120,0.046) truth_z=2.294 pose=2.293545718525792
[INFO] [1788596926.425935, 218.240000]: ASCENT_B gate: entry_guide=True truth_pose=True start_z=0.312 profile=True heading=-1.571 pose_z=2.407868187121911 truth_z=2.407868187121911
[INFO] [1788596927.079904, 218.660000]: STPUB phase=STAIR_ASCENT_B world=(0.200,-0.600,0.054) body=(0.562,0.290,0.054) truth_z=2.464 pose=2.463582369907877
[INFO] [1788596928.004411, 219.260000]: ASCENT_B gate: entry_guide=True truth_pose=True start_z=0.312 profile=True heading=-1.571 pose_z=2.578981158351071 truth_z=2.578981158351071
[INFO] [1788596928.651227, 219.680000]: STPUB phase=STAIR_ASCENT_B world=(0.000,-0.600,0.026) body=(0.598,0.044,0.026) truth_z=2.682 pose=2.6823145195779783
[INFO] [1788596929.577648, 220.280000]: ASCENT_B gate: entry_guide=True truth_pose=True start_z=0.312 profile=True heading=-1.571 pose_z=2.7849833069121477 truth_z=2.7849833069121477
[INFO] [1788596930.226321, 220.700000]: STPUB phase=STAIR_ASCENT_B world=(0.200,-0.600,0.058) body=(0.559,0.296,0.058) truth_z=2.851 pose=2.8509691057129074
[INFO] [1788596931.154350, 221.300000]: ASCENT_B gate: entry_guide=True truth_pose=True start_z=0.312 profile=True heading=-1.571 pose_z=2.905321998449502 truth_z=2.905321998449502
[INFO] [1788596931.433287, 221.480000]: Upper landing entered: gain=2.60 m, clearance=0.01 m; stabilizing for 0.5 s.
[INFO] [1788596931.960038, 221.820000]: Floor-2 landing confirmed after two flights: gain=2.61 m clearance=0.09 m.
[INFO] [1788596933.139453, 222.580000]: Plane policy acknowledged on the upper landing; releasing stair controller ownership.
[FSM]: state: INIT
wait for goal.
[FSM]: state: INIT
wait for goal.
[FSM]: state: INIT
wait for goal.
[FSM]: state: INIT
wait for goal.
[FSM]: state: INIT
wait for goal.
[FSM]: state: INIT
wait for goal.
[FSM]: state: INIT
wait for goal.
[FSM]: state: INIT
wait for goal.
[FSM]: state: INIT
wait for goal.
[FSM]: state: INIT
wait for goal.
[FSM]: state: INIT
wait for goal.
[FSM]: state: INIT
wait for goal.
[FSM]: state: INIT
wait for goal.
[FSM]: state: INIT
wait for goal.
[FSM]: state: INIT
wait for goal.
[FSM]: state: INIT
wait for goal.
[FSM]: state: INIT
wait for goal.
[FSM]: state: INIT
wait for goal.
[FSM]: state: INIT
wait for goal.
[FSM]: state: INIT
wait for goal.
[FSM]: state: INIT
wait for goal.
[FSM]: state: INIT
wait for goal.
[FSM]: state: INIT
wait for goal.
[FSM]: state: INIT
wait for goal.
[FSM]: state: INIT
wait for goal.
[FSM]: state: INIT
wait for goal.
[FSM]: state: INIT
wait for goal.
[FSM]: state: INIT
wait for goal.
[FSM]: state: INIT
wait for goal.
[FSM]: state: INIT
wait for goal.
[FSM]: state: INIT
wait for goal.
[FSM]: state: INIT
wait for goal.
[FSM]: state: INIT
wait for goal.
[FSM]: state: INIT
wait for goal.
[FSM]: state: INIT
wait for goal.
[FSM]: state: INIT
wait for goal.
[33m[WARN] [1788596989.750847733, 259.116000000]: Plane tilt guard scaling cmd_vel by 0.99 at tilt 0.141 rad[0m
[FSM]: state: INIT
wait for goal.
[33m[WARN] [1788596991.095544260, 259.988000000]: Plane tilt guard holding zero command at 0.293 rad[0m
[FSM]: state: INIT
wait for goal.
[FSM]: state: INIT
wait for goal.
[FSM]: state: INIT
wait for goal.
[FSM]: state: INIT
wait for goal.
[FSM]: state: INIT
wait for goal.
[FSM]: state: INIT
wait for goal.
[0m[INFO] [1788596933.062347914, 222.530000000]: RL locomotion_ready latched after 0.66 s takeover and 0.41 s stable hold[0m
[0m[INFO] [1788596933.860525538, 223.048000000]: RL policy input vx=0.000 vy=0.000 wz=0.495 action_rms=0.148 ready=1 userCmd=0 kbd=0 raw=0.000,0.000,0.495 grav=-0.00,0.00,-0.98[0m
[0m[INFO] [1788596936.950531990, 225.054000000]: RL policy input vx=0.000 vy=0.000 wz=0.253 action_rms=0.181 ready=1 userCmd=0 kbd=0 raw=0.000,0.000,0.253 grav=0.01,-0.02,-0.98[0m
[0m[INFO] [1788596940.087402707, 227.072000000]: RL policy input vx=0.000 vy=0.000 wz=1.150 action_rms=0.133 ready=1 userCmd=0 kbd=0 raw=0.000,0.000,1.150 grav=0.03,-0.03,-0.98[0m
[0m[INFO] [1788596943.177997045, 229.072000000]: RL policy input vx=0.000 vy=0.000 wz=0.197 action_rms=0.168 ready=1 userCmd=0 kbd=0 raw=0.000,0.000,0.197 grav=0.01,-0.01,-0.98[0m
[0m[INFO] [1788596946.318709730, 231.080000000]: RL policy input vx=2.250 vy=0.000 wz=0.002 action_rms=0.386 ready=1 userCmd=0 kbd=0 raw=2.250,0.000,0.002 grav=0.04,0.05,-0.98[0m
[0m[INFO] [1788596949.459537695, 233.084000000]: RL policy input vx=2.246 vy=0.000 wz=0.065 action_rms=0.328 ready=1 userCmd=0 kbd=0 raw=2.246,0.000,0.065 grav=0.02,-0.03,-0.98[0m
[0m[INFO] [1788596952.579265141, 235.096000000]: RL policy input vx=2.247 vy=0.000 wz=0.059 action_rms=0.351 ready=1 userCmd=0 kbd=0 raw=2.247,0.000,0.059 grav=0.02,-0.01,-0.98[0m
[0m[INFO] [1788596955.704698951, 237.106000000]: RL policy input vx=0.000 vy=0.000 wz=0.451 action_rms=0.193 ready=1 userCmd=0 kbd=0 raw=0.000,0.000,0.451 grav=0.10,-0.08,-0.97[0m
[0m[INFO] [1788596958.814517216, 239.112000000]: RL policy input vx=0.000 vy=0.000 wz=0.346 action_rms=0.153 ready=1 userCmd=0 kbd=0 raw=0.000,0.000,0.346 grav=0.02,-0.00,-0.98[0m
[0m[INFO] [1788596961.924398385, 241.124000000]: RL policy input vx=0.450 vy=0.000 wz=0.038 action_rms=0.285 ready=1 userCmd=0 kbd=0 raw=0.450,0.000,0.038 grav=0.00,-0.02,-0.98[0m
[0m[INFO] [1788596965.036214609, 243.136000000]: RL policy input vx=0.450 vy=0.000 wz=-0.018 action_rms=0.163 ready=1 userCmd=0 kbd=0 raw=0.450,0.000,-0.018 grav=0.01,-0.03,-0.98[0m
[0m[INFO] [1788596968.130105155, 245.140000000]: RL policy input vx=0.900 vy=-0.023 wz=-0.028 action_rms=0.176 ready=1 userCmd=0 kbd=0 raw=0.900,-0.023,-0.028 grav=-0.00,-0.03,-0.98[0m
[0m[INFO] [1788596971.230932934, 247.150000000]: RL policy input vx=0.900 vy=0.000 wz=0.000 action_rms=0.343 ready=1 userCmd=0 kbd=0 raw=0.900,0.000,0.000 grav=-0.01,-0.02,-0.98[0m
[0m[INFO] [1788596974.316388389, 249.154000000]: RL policy input vx=0.000 vy=0.000 wz=2.093 action_rms=0.171 ready=1 userCmd=0 kbd=0 raw=0.000,0.000,2.093 grav=0.02,-0.01,-0.98[0m
[0m[INFO] [1788596977.407402760, 251.156000000]: RL policy input vx=0.000 vy=0.000 wz=0.186 action_rms=0.130 ready=1 userCmd=0 kbd=0 raw=0.000,0.000,0.186 grav=0.02,0.01,-0.98[0m
[0m[INFO] [1788596980.525177058, 253.166000000]: RL policy input vx=0.731 vy=-0.525 wz=-0.685 action_rms=0.154 ready=1 userCmd=0 kbd=0 raw=0.731,-0.525,-0.685 grav=-0.02,-0.01,-0.98[0m
[0m[INFO] [1788596983.636541478, 255.178000000]: RL policy input vx=0.898 vy=-0.061 wz=-0.074 action_rms=0.193 ready=1 userCmd=0 kbd=0 raw=0.898,-0.061,-0.074 grav=-0.00,-0.04,-0.98[0m
[0m[INFO] [1788596986.752789040, 257.194000000]: RL policy input vx=0.000 vy=0.000 wz=-2.738 action_rms=0.388 ready=1 userCmd=0 kbd=0 raw=0.000,0.000,-2.738 grav=0.00,-0.00,-0.98[0m
[0m[INFO] [1788596989.876849545, 259.198000000]: RL policy input vx=1.811 vy=0.750 wz=0.432 action_rms=0.194 ready=1 userCmd=0 kbd=0 raw=1.811,0.750,0.432 grav=-0.07,-0.09,-0.97[0m
[0m[INFO] [1788596991.809195282, 260.442000000]: Plane tilt guard released at 0.091 rad[0m
[0m[INFO] [1788596992.997922646, 261.202000000]: RL policy input vx=1.016 vy=-0.750 wz=-0.700 action_rms=0.244 ready=1 userCmd=0 kbd=0 raw=1.016,-0.750,-0.700 grav=0.01,-0.07,-0.98[0m
[0m[INFO] [1788596996.122434721, 263.220000000]: RL policy input vx=0.281 vy=-0.106 wz=-0.397 action_rms=0.153 ready=1 userCmd=0 kbd=0 raw=0.281,-0.106,-0.397 grav=0.03,-0.04,-0.98[0m
[0m[INFO] [1788596999.2324[FSM]: state: INIT
wait for goal.
[FSM]: state: INIT
wait for goal.
[FSM]: state: INIT
wait for goal.
[FSM]: state: INIT
wait for goal.
[FSM]: state: INIT
wait for goal.
[FSM]: state: INIT
wait for goal.
[FSM]: state: INIT
wait for goal.
[FSM]: state: INIT
wait for goal.
[FSM]: state: INIT
wait for goal.
[FSM]: state: INIT
wait for goal.
[FSM]: state: INIT
wait for goal.
[FSM]: state: INIT
wait for goal.
[FSM]: state: INIT
wait for goal.
[FSM]: state: INIT
wait for goal.
[FSM]: state: INIT
wait for goal.
[FSM]: state: INIT
wait for goal.
[FSM]: state: INIT
wait for goal.
[FSM]: state: INIT
wait for goal.
[FSM]: state: INIT
wait for goal.
[FSM]: state: INIT
wait for goal.
[FSM]: state: INIT
wait for goal.
[FSM]: state: INIT
wait for goal.
[FSM]: state: INIT
wait for goal.
[FSM]: state: INIT
wait for goal.
[FSM]: state: INIT
wait for goal.
[FSM]: state: INIT
wait for goal.
[FSM]: state: INIT
wait for goal.
[FSM]: state: INIT
wait for goal.
[FSM]: state: INIT
wait for goal.
[FSM]: state: INIT
wait for goal.
[FSM]: state: INIT
wait for goal.
[FSM]: state: INIT
wait for goal.
[FSM]: state: INIT
wait for goal.
[FSM]: state: INIT
wait for goal.
[33m[WARN] [1788597052.572419313, 299.562000000]: Plane tilt guard scaling cmd_vel by 0.99 at tilt 0.141 rad[0m
[FSM]: state: INIT
wait for goal.
[FSM]: state: INIT
wait for goal.
[FSM]: state: INIT
wait for goal.
[FSM]: state: INIT
wait for goal.
[FSM]: state: INIT
wait for goal.
[FSM]: state: INIT
wait for goal.
[FSM]: state: INIT
wait for goal.
[FSM]: state: INIT
wait for goal.
[FSM]: state: INIT
wait for goal.
[FSM]: state: INIT
wait for goal.
69099, 265.236000000]: RL policy input vx=0.000 vy=0.000 wz=-0.386 action_rms=0.154 ready=1 userCmd=0 kbd=0 raw=0.000,0.000,-0.386 grav=-0.00,0.01,-0.98[0m
[0m[INFO] [1788597002.362228552, 267.240000000]: RL policy input vx=0.448 vy=0.000 wz=-0.097 action_rms=0.170 ready=1 userCmd=0 kbd=0 raw=0.448,0.000,-0.097 grav=0.01,-0.01,-0.98[0m
[0m[INFO] [1788597005.502344644, 269.250000000]: RL policy input vx=0.449 vy=0.000 wz=-0.064 action_rms=0.181 ready=1 userCmd=0 kbd=0 raw=0.449,0.000,-0.064 grav=0.01,-0.02,-0.98[0m
[0m[INFO] [1788597008.617093549, 271.252000000]: RL policy input vx=0.450 vy=0.000 wz=0.044 action_rms=0.259 ready=1 userCmd=0 kbd=0 raw=0.450,0.000,0.044 grav=0.01,-0.01,-0.98[0m
[0m[INFO] [1788597011.739669635, 273.264000000]: RL policy input vx=0.450 vy=0.000 wz=-0.004 action_rms=0.178 ready=1 userCmd=0 kbd=0 raw=0.450,0.000,-0.004 grav=0.01,-0.02,-0.98[0m
[0m[INFO] [1788597014.846850224, 275.270000000]: RL policy input vx=0.774 vy=-0.426 wz=-0.554 action_rms=0.409 ready=1 userCmd=0 kbd=0 raw=0.774,-0.426,-0.554 grav=-0.03,-0.07,-0.98[0m
[0m[INFO] [1788597017.941373543, 277.280000000]: RL policy input vx=0.534 vy=0.049 wz=0.101 action_rms=0.135 ready=1 userCmd=0 kbd=0 raw=0.534,0.049,0.101 grav=0.03,0.02,-0.98[0m
[0m[INFO] [1788597021.061626252, 279.300000000]: RL policy input vx=0.893 vy=0.112 wz=0.138 action_rms=0.193 ready=1 userCmd=0 kbd=0 raw=0.893,0.112,0.138 grav=-0.00,0.01,-0.98[0m
[0m[INFO] [1788597024.178845255, 281.306000000]: RL policy input vx=0.900 vy=0.012 wz=0.014 action_rms=0.223 ready=1 userCmd=0 kbd=0 raw=0.900,0.012,0.014 grav=-0.00,-0.01,-0.98[0m
[0m[INFO] [1788597027.285159518, 283.320000000]: RL policy input vx=0.000 vy=0.000 wz=1.354 action_rms=0.158 ready=1 userCmd=0 kbd=0 raw=0.000,0.000,1.354 grav=0.03,-0.01,-0.98[0m
[0m[INFO] [1788597030.391725296, 285.336000000]: RL policy input vx=0.000 vy=0.000 wz=1.150 action_rms=0.230 ready=1 userCmd=0 kbd=0 raw=0.000,0.000,1.150 grav=0.01,0.01,-0.98[0m
[0m[INFO] [1788597033.474677047, 287.336000000]: RL policy input vx=0.640 vy=0.178 wz=0.298 action_rms=0.173 ready=1 userCmd=0 kbd=0 raw=0.640,0.178,0.298 grav=0.03,0.06,-0.98[0m
[0m[INFO] [1788597036.582972007, 289.350000000]: RL policy input vx=0.446 vy=0.125 wz=0.301 action_rms=0.285 ready=1 userCmd=0 kbd=0 raw=0.446,0.125,0.301 grav=0.02,0.05,-0.98[0m
[0m[INFO] [1788597039.714551016, 291.360000000]: RL policy input vx=0.398 vy=0.219 wz=0.511 action_rms=0.150 ready=1 userCmd=0 kbd=0 raw=0.398,0.219,0.511 grav=0.03,0.03,-0.98[0m
[0m[INFO] [1788597042.839026938, 293.362000000]: RL policy input vx=0.895 vy=0.092 wz=0.112 action_rms=0.169 ready=1 userCmd=0 kbd=0 raw=0.895,0.092,0.112 grav=0.00,0.01,-0.98[0m
[0m[INFO] [1788597046.020424885, 295.362000000]: RL policy input vx=0.479 vy=0.011 wz=0.025 action_rms=0.183 ready=1 userCmd=0 kbd=0 raw=0.479,0.011,0.025 grav=0.01,-0.03,-0.98[0m
[0m[INFO] [1788597049.190708029, 297.380000000]: RL policy input vx=0.000 vy=0.000 wz=-2.900 action_rms=0.140 ready=1 userCmd=0 kbd=0 raw=0.000,0.000,-2.900 grav=0.02,0.02,-0.98[0m
[0m[INFO] [1788597052.321979768, 299.400000000]: RL policy input vx=1.841 vy=-0.621 wz=-0.364 action_rms=0.230 ready=1 userCmd=0 kbd=0 raw=1.841,-0.621,-0.364 grav=-0.02,-0.06,-0.98[0m
[0m[INFO] [1788597055.495324171, 301.410000000]: RL policy input vx=0.853 vy=0.529 wz=0.610 action_rms=0.298 ready=1 userCmd=0 kbd=0 raw=0.853,0.529,0.610 grav=-0.00,0.01,-0.98[0m
[0m[INFO] [1788597058.597427445, 303.418000000]: RL policy input vx=0.000 vy=0.000 wz=-0.450 action_rms=0.141 ready=1 userCmd=0 kbd=0 raw=0.000,0.000,-0.450 grav=0.01,0.00,-0.98[0m
[0m[INFO] [1788597061.773748950, 305.428000000]: RL policy input vx=0.446 vy=0.000 wz=-0.153 action_rms=0.222 ready=1 userCmd=0 kbd=0 raw=0.446,0.000,-0.153 grav=-0.03,0.03,-0.98[0m
[0m[INFO] [1788597064.984390295, 307.436000000]: RL policy input vx=0.449 vy=0.000 wz=-0.056 action_rms=0.157 ready=1 userCmd=0 kbd=0 raw=0.449,0.000,-0.056 grav=0.01,-0.01,-0.98[0m
[0m[INFO] [1788597068.190721171, 309.440000000]: RL policy input vx=0.048 vy=-0.270 wz=-1.088 actio[FSM]: state: INIT
wait for goal.
[FSM]: state: INIT
wait for goal.
[33m[WARN] [1788597071.732355199, 311.720000000]: Plane tilt guard scaling cmd_vel by 0.94 at tilt 0.148 rad[0m
[FSM]: state: INIT
wait for goal.
[FSM]: state: INIT
wait for goal.
[FSM]: state: INIT
wait for goal.
[FSM]: state: INIT
wait for goal.
[FSM]: state: INIT
wait for goal.
[FSM]: state: INIT
wait for goal.
[FSM]: state: INIT
wait for goal.
[FSM]: state: INIT
wait for goal.
[FSM]: state: INIT
wait for goal.
[FSM]: state: INIT
wait for goal.
[FSM]: state: INIT
wait for goal.
[FSM]: state: INIT
wait for goal.
[FSM]: state: INIT
wait for goal.
[FSM]: state: INIT
wait for goal.
[FSM]: state: INIT
wait for goal.
[FSM]: state: INIT
wait for goal.
[FSM]: state: INIT
wait for goal.
[FSM]: state: INIT
wait for goal.
[FSM]: state: INIT
wait for goal.
[FSM]: state: INIT
wait for goal.
[FSM]: state: INIT
wait for goal.
[FSM]: state: INIT
wait for goal.
[FSM]: state: INIT
wait for goal.
[FSM]: state: INIT
wait for goal.
[FSM]: state: INIT
wait for goal.
[FSM]: state: INIT
wait for goal.
[FSM]: state: INIT
wait for goal.
[FSM]: state: INIT
wait for goal.
[33m[WARN] [1788597115.838345883, 340.082000000]: Plane tilt guard scaling cmd_vel by 0.93 at tilt 0.149 rad[0m
[FSM]: state: INIT
wait for goal.
[FSM]: state: INIT
wait for goal.
[FSM]: state: INIT
wait for goal.
[FSM]: state: INIT
wait for goal.
[FSM]: state: INIT
wait for goal.
[FSM]: state: INIT
wait for goal.
[FSM]: state: INIT
wait for goal.
[FSM]: state: INIT
wait for goal.
[FSM]: state: INIT
wait for goal.
[FSM]: state: INIT
wait for goal.
[FSM]: state: INIT
wait for goal.
[FSM]: state: INIT
wait for goal.
[FSM]: state: INIT
wait for goal.
[FSM]: state: INIT
wait for goal.
n_rms=0.321 ready=1 userCmd=0 kbd=0 raw=0.048,-0.270,-1.088 grav=-0.00,-0.05,-0.98[0m
[0m[INFO] [1788597071.315635151, 311.454000000]: RL policy input vx=2.221 vy=-0.357 wz=-0.176 action_rms=0.327 ready=1 userCmd=0 kbd=0 raw=2.221,-0.357,-0.176 grav=0.01,-0.08,-0.98[0m
[0m[INFO] [1788597074.414358383, 313.460000000]: RL policy input vx=2.245 vy=-0.155 wz=-0.076 action_rms=0.376 ready=1 userCmd=0 kbd=0 raw=2.245,-0.155,-0.076 grav=-0.00,-0.03,-0.98[0m
[0m[INFO] [1788597077.517188193, 315.474000000]: RL policy input vx=2.250 vy=0.017 wz=0.008 action_rms=0.324 ready=1 userCmd=0 kbd=0 raw=2.250,0.017,0.008 grav=0.02,-0.04,-0.98[0m
[0m[INFO] [1788597080.615549679, 317.486000000]: RL policy input vx=2.245 vy=0.145 wz=0.071 action_rms=0.361 ready=1 userCmd=0 kbd=0 raw=2.245,0.145,0.071 grav=-0.01,-0.02,-0.98[0m
[0m[INFO] [1788597083.711912792, 319.496000000]: RL policy input vx=0.000 vy=0.000 wz=0.574 action_rms=0.183 ready=1 userCmd=0 kbd=0 raw=0.000,0.000,0.574 grav=0.04,0.04,-0.98[0m
[0m[INFO] [1788597086.897862583, 321.504000000]: RL policy input vx=0.449 vy=0.000 wz=0.073 action_rms=0.158 ready=1 userCmd=0 kbd=0 raw=0.449,0.000,0.073 grav=0.00,-0.02,-0.98[0m
[0m[INFO] [1788597090.099173531, 323.508000000]: RL policy input vx=0.450 vy=0.000 wz=-0.004 action_rms=0.285 ready=1 userCmd=0 kbd=0 raw=0.450,0.000,-0.004 grav=0.01,-0.01,-0.98[0m
[0m[INFO] [1788597093.317769094, 325.524000000]: RL policy input vx=0.889 vy=-0.140 wz=-0.172 action_rms=0.381 ready=1 userCmd=0 kbd=0 raw=0.889,-0.140,-0.172 grav=-0.01,-0.04,-0.98[0m
[0m[INFO] [1788597096.442679467, 327.542000000]: RL policy input vx=0.900 vy=-0.011 wz=-0.014 action_rms=0.230 ready=1 userCmd=0 kbd=0 raw=0.900,-0.011,-0.014 grav=0.00,-0.02,-0.98[0m
[0m[INFO] [1788597099.534038148, 329.550000000]: RL policy input vx=0.330 vy=-0.012 wz=-0.039 action_rms=0.139 ready=1 userCmd=0 kbd=0 raw=0.330,-0.012,-0.039 grav=0.02,-0.02,-0.98[0m
[0m[INFO] [1788597102.670344031, 331.568000000]: RL policy input vx=0.000 vy=0.000 wz=2.900 action_rms=0.389 ready=1 userCmd=0 kbd=0 raw=0.000,0.000,2.900 grav=0.01,0.02,-0.98[0m
[0m[INFO] [1788597105.781369259, 333.586000000]: RL policy input vx=0.107 vy=-0.209 wz=-1.205 action_rms=0.168 ready=1 userCmd=0 kbd=0 raw=0.107,-0.209,-1.205 grav=0.01,0.01,-0.98[0m
[0m[INFO] [1788597108.908752876, 335.604000000]: RL policy input vx=0.894 vy=-0.104 wz=-0.127 action_rms=0.309 ready=1 userCmd=0 kbd=0 raw=0.894,-0.104,-0.127 grav=-0.01,-0.04,-0.98[0m
[0m[INFO] [1788597112.027541913, 337.616000000]: RL policy input vx=0.000 vy=0.000 wz=-1.357 action_rms=0.229 ready=1 userCmd=0 kbd=0 raw=0.000,0.000,-1.357 grav=0.03,-0.04,-0.98[0m
[0m[INFO] [1788597115.130563230, 339.624000000]: RL policy input vx=1.240 vy=-0.750 wz=-0.934 action_rms=0.199 ready=1 userCmd=0 kbd=0 raw=1.240,-0.750,-0.934 grav=-0.06,0.00,-0.98[0m
[0m[INFO] [1788597118.248525881, 341.630000000]: RL policy input vx=0.447 vy=0.000 wz=-0.125 action_rms=0.162 ready=1 userCmd=0 kbd=0 raw=0.447,0.000,-0.125 grav=0.01,-0.02,-0.98[0m
[0m[INFO] [1788597121.393488372, 343.630000000]: RL policy input vx=0.449 vy=0.000 wz=-0.052 action_rms=0.258 ready=1 userCmd=0 kbd=0 raw=0.449,0.000,-0.052 grav=0.01,-0.02,-0.98[0m
[0m[INFO] [1788597124.509195441, 345.632000000]: RL policy input vx=0.944 vy=0.028 wz=0.033 action_rms=0.187 ready=1 userCmd=0 kbd=0 raw=0.944,0.028,0.033 grav=-0.01,-0.00,-0.98[0m
[0m[INFO] [1788597127.658058734, 347.646000000]: RL policy input vx=0.450 vy=0.000 wz=0.004 action_rms=0.296 ready=1 userCmd=0 kbd=0 raw=0.450,0.000,0.004 grav=0.00,-0.01,-0.98[0m
[0m[INFO] [1788597130.793251043, 349.660000000]: RL policy input vx=0.450 vy=0.000 wz=-0.043 action_rms=0.157 ready=1 userCmd=0 kbd=0 raw=0.450,0.000,-0.043 grav=0.01,-0.02,-0.98[0m
[0m[INFO] [1788597133.939338990, 351.678000000]: RL policy input vx=0.899 vy=0.046 wz=0.057 action_rms=0.218 ready=1 userCmd=0 kbd=0 raw=0.899,0.046,0.057 grav=-0.01,0.00,-0.98[0m
[0m[INFO] [1788597137.064873527, 353.684000000]: RL policy input vx=0.900 vy=0.012 wz=0.014 action_rms=0.240 ready=1 userCmd=0 kbd=0 raw=0.900[FSM]: state: INIT
wait for goal.
[FSM]: state: INIT
wait for goal.
[FSM]: state: INIT
wait for goal.
[FSM]: state: INIT
wait for goal.
[FSM]: state: INIT
wait for goal.
[FSM]: state: INIT
wait for goal.
[FSM]: state: INIT
wait for goal.
[FSM]: state: INIT
wait for goal.
[FSM]: state: INIT
wait for goal.
[FSM]: state: INIT
wait for goal.
[FSM]: state: INIT
wait for goal.
[FSM]: state: INIT
wait for goal.
[33m[WARN] [1788597154.898883854, 365.198000000]: Plane tilt guard scaling cmd_vel by 0.95 at tilt 0.147 rad[0m
[FSM]: state: INIT
wait for goal.
[FSM]: state: INIT
wait for goal.
[FSM]: state: INIT
wait for goal.
[FSM]: state: INIT
wait for goal.
[FSM]: state: INIT
wait for goal.
[FSM]: state: INIT
wait for goal.
[FSM]: state: INIT
wait for goal.
[FSM]: state: INIT
wait for goal.
[FSM]: state: INIT
wait for goal.
[FSM]: state: INIT
wait for goal.
[FSM]: state: INIT
wait for goal.
[FSM]: state: INIT
wait for goal.
[FSM]: state: INIT
wait for goal.
[FSM]: state: INIT
wait for goal.
[FSM]: state: INIT
wait for goal.
[FSM]: state: INIT
wait for goal.
[33m[WARN] [1788597179.607088822, 381.142000000]: Plane tilt guard scaling cmd_vel by 0.94 at tilt 0.147 rad[0m
[FSM]: state: INIT
wait for goal.
[FSM]: state: INIT
wait for goal.
[FSM]: state: INIT
wait for goal.
[FSM]: state: INIT
wait for goal.
[FSM]: state: INIT
wait for goal.
[FSM]: state: INIT
wait for goal.
[FSM]: state: INIT
wait for goal.
[FSM]: state: INIT
wait for goal.
[FSM]: state: INIT
wait for goal.
[FSM]: state: INIT
wait for goal.
[FSM]: state: INIT
wait for goal.
[FSM]: state: INIT
wait for goal.
[FSM]: state: INIT
wait for goal.
[FSM]: state: INIT
wait for goal.
[FSM]: state: INIT
wait for goal.
[FSM]: state: INIT
wait for goal.
[FSM]: state: INIT
wait for goal.
[FSM]: state: INIT
wait for goal.
,0.012,0.014 grav=-0.00,-0.01,-0.98[0m
[0m[INFO] [1788597140.178946549, 355.688000000]: RL policy input vx=0.000 vy=0.000 wz=-1.986 action_rms=0.306 ready=1 userCmd=0 kbd=0 raw=0.000,0.000,-1.986 grav=0.02,0.01,-0.98[0m
[0m[INFO] [1788597143.288263455, 357.696000000]: RL policy input vx=0.000 vy=0.000 wz=-0.175 action_rms=0.198 ready=1 userCmd=0 kbd=0 raw=0.000,0.000,-0.175 grav=0.01,-0.01,-0.98[0m
[0m[INFO] [1788597146.410094869, 359.704000000]: RL policy input vx=0.783 vy=0.443 wz=0.566 action_rms=0.363 ready=1 userCmd=0 kbd=0 raw=0.783,0.443,0.566 grav=-0.03,0.07,-0.98[0m
[0m[INFO] [1788597149.520874452, 361.716000000]: RL policy input vx=0.897 vy=0.070 wz=0.085 action_rms=0.205 ready=1 userCmd=0 kbd=0 raw=0.897,0.070,0.085 grav=-0.00,-0.01,-0.98[0m
[0m[INFO] [1788597152.627548003, 363.730000000]: RL policy input vx=0.000 vy=0.000 wz=2.900 action_rms=0.204 ready=1 userCmd=0 kbd=0 raw=0.000,0.000,2.900 grav=0.03,0.01,-0.98[0m
[0m[INFO] [1788597155.734691737, 365.732000000]: RL policy input vx=1.932 vy=-0.510 wz=-0.290 action_rms=0.464 ready=1 userCmd=0 kbd=0 raw=1.932,-0.510,-0.290 grav=-0.06,-0.06,-0.98[0m
[0m[INFO] [1788597158.842118585, 367.738000000]: RL policy input vx=0.000 vy=0.000 wz=0.284 action_rms=0.159 ready=1 userCmd=0 kbd=0 raw=0.000,0.000,0.284 grav=0.02,-0.00,-0.98[0m
[0m[INFO] [1788597161.951944546, 369.752000000]: RL policy input vx=0.450 vy=0.000 wz=0.037 action_rms=0.159 ready=1 userCmd=0 kbd=0 raw=0.450,0.000,0.037 grav=0.01,-0.02,-0.98[0m
[0m[INFO] [1788597165.059217130, 371.770000000]: RL policy input vx=0.300 vy=0.000 wz=-0.017 action_rms=0.283 ready=1 userCmd=0 kbd=0 raw=0.300,0.000,-0.017 grav=0.01,-0.02,-0.98[0m
[0m[INFO] [1788597168.154038483, 373.780000000]: RL policy input vx=1.862 vy=0.750 wz=0.402 action_rms=0.292 ready=1 userCmd=0 kbd=0 raw=1.862,0.750,0.402 grav=-0.03,0.10,-0.97[0m
[0m[INFO] [1788597171.256194982, 375.782000000]: RL policy input vx=2.250 vy=0.024 wz=0.012 action_rms=0.463 ready=1 userCmd=0 kbd=0 raw=2.250,0.024,0.012 grav=0.02,0.02,-0.98[0m
[0m[INFO] [1788597174.413579961, 377.798000000]: RL policy input vx=2.248 vy=-0.094 wz=-0.046 action_rms=0.358 ready=1 userCmd=0 kbd=0 raw=2.248,-0.094,-0.046 grav=-0.02,-0.03,-0.98[0m
[0m[INFO] [1788597177.529247039, 379.802000000]: RL policy input vx=2.249 vy=0.053 wz=0.026 action_rms=0.325 ready=1 userCmd=0 kbd=0 raw=2.249,0.053,0.026 grav=0.03,-0.02,-0.98[0m
[0m[INFO] [1788597180.625652866, 381.802000000]: RL policy input vx=1.789 vy=0.202 wz=0.099 action_rms=0.265 ready=1 userCmd=0 kbd=0 raw=2.236,0.252,0.124 grav=-0.08,-0.16,-0.96[0m
[0m[INFO] [1788597183.746872488, 383.804000000]: RL policy input vx=2.248 vy=0.103 wz=0.050 action_rms=0.350 ready=1 userCmd=0 kbd=0 raw=2.248,0.103,0.050 grav=-0.00,0.01,-0.98[0m
[0m[INFO] [1788597186.860756038, 385.808000000]: RL policy input vx=1.841 vy=-0.183 wz=-0.109 action_rms=0.211 ready=1 userCmd=0 kbd=0 raw=1.841,-0.183,-0.109 grav=0.00,-0.08,-0.98[0m
[0m[INFO] [1788597189.958181374, 387.818000000]: RL policy input vx=1.850 vy=0.024 wz=0.014 action_rms=0.199 ready=1 userCmd=0 kbd=0 raw=1.850,0.024,0.014 grav=0.01,-0.07,-0.98[0m
[0m[INFO] [1788597193.052850895, 389.828000000]: RL policy input vx=0.668 vy=0.000 wz=-0.036 action_rms=0.122 ready=1 userCmd=0 kbd=0 raw=0.668,0.000,-0.036 grav=0.04,-0.05,-0.98[0m
[0m[INFO] [1788597196.156557417, 391.832000000]: RL policy input vx=0.000 vy=0.000 wz=-0.329 action_rms=0.144 ready=1 userCmd=0 kbd=0 raw=0.000,0.000,-0.329 grav=0.00,0.01,-0.98[0m
[0m[INFO] [1788597199.248624996, 393.836000000]: RL policy input vx=1.426 vy=0.000 wz=-0.085 action_rms=0.183 ready=1 userCmd=0 kbd=0 raw=1.426,0.000,-0.085 grav=-0.01,-0.02,-0.98[0m
[0m[INFO] [1788597202.360884845, 395.854000000]: RL policy input vx=0.300 vy=0.000 wz=-0.058 action_rms=0.153 ready=1 userCmd=0 kbd=0 raw=0.300,0.000,-0.058 grav=0.04,-0.03,-0.98[0m
[0m[INFO] [1788597205.472978547, 397.866000000]: RL policy input vx=0.000 vy=0.000 wz=-0.380 action_rms=0.160 ready=1 userCmd=0 kbd=0 raw=0.000,0.000,-0.380 grav=0.01,0.00,-0.98[0m
Switched from RL to fixed stand
infer_thread退出!
[33m[WARN] [1788597208.810649138, 399.994000000]: Using one-shot captured-pose FixedStand profile: ramp 0.50 s, settle 0.00 s, ready after 0.50 s + 0.50 s stable, minimum gain 0.75[0m
[INFO] Using /stand_target_joints param stance.
[FSM]: state: INIT
wait for goal.
Switched from fixed stand to RL
[INFO] Entered RL /cmd_vel mode.
[33m[WARN] [1788597210.127284653, 400.846000000]: Using one-shot stair RL takeover profile: blend 0.50 s, zero hold 0.15 s[0m
cuda::is_available():0
[WARNING] UNITREE_RL_DEVICE=hybrid selected CUDA for this policy but CUDA is unavailable; using CPU.
RL inference device: cpu (requested=hybrid, policy=stair)
[INFO] RL policy activated from preload cache at FixedStand entry boundary: /home/quinn/0904/runtime_assets/SimEnv/src/unitree_guide/logs/policy_act_inference_stair.pt
[FSM]: state: INIT
wait for goal.
[FSM]: state: INIT
wait for goal.
[FSM]: state: INIT
wait for goal.
[FSM]: state: INIT
wait for goal.
[FSM]: state: INIT
wait for goal.
[FSM]: state: INIT
wait for goal.
[FSM]: state: INIT
wait for goal.
[FSM]: state: INIT
wait for goal.
[FSM]: state: INIT
wait for goal.
[FSM]: state: INIT
wait for goal.
[FSM]: state: INIT
wait for goal.
[FSM]: state: INIT
wait for goal.
[FSM]: state: INIT
wait for goal.
[FSM]: state: INIT
wait for goal.
[FSM]: state: INIT
wait for goal.
[FSM]: state: INIT
wait for goal.
[FSM]: state: INIT
wait for goal.
[FSM]: state: INIT
wait for goal.
[FSM]: state: INIT
wait for goal.
[FSM]: state: INIT
wait for goal.
[FSM]: state: INIT
wait for goal.
[FSM]: state: INIT
wait for goal.
[FSM]: state: INIT
wait for goal.
[FSM]: state: INIT
wait for goal.
[FSM]: state: INIT
wait for goal.
[33m[WARN] [1788597249.013032109, 425.960000000]: Using one-shot plane RL takeover profile: blend 0.50 s, zero hold 0.15 s[0m
[FSM]: state: INIT
wait for goal.
[0m[INFO] [1788597210.128587202, 400.848000000]: RL policy input vx=0.000 vy=0.000 wz=0.000 action_rms=0.201 ready=0 userCmd=0 kbd=0 raw=0.000,0.000,0.000 grav=-0.01,0.01,-0.98[0m
[0m[INFO] [1788597211.146895703, 401.504000000]: RL locomotion_ready latched after 0.66 s takeover and 0.66 s stable hold[0m
[0m[INFO] [1788597213.238171931, 402.854000000]: RL policy input vx=0.586 vy=-0.255 wz=-0.020 action_rms=0.321 ready=1 userCmd=0 kbd=0 raw=0.586,-0.255,-0.020 grav=-0.22,0.01,-0.95[0m
[0m[INFO] [1788597216.346143989, 404.864000000]: RL policy input vx=0.606 vy=-0.204 wz=0.009 action_rms=0.362 ready=1 userCmd=0 kbd=0 raw=0.606,-0.204,0.009 grav=-0.43,-0.02,-0.88[0m
[0m[INFO] [1788597219.469285892, 406.884000000]: RL policy input vx=0.797 vy=0.073 wz=0.043 action_rms=0.393 ready=1 userCmd=0 kbd=0 raw=0.797,0.073,0.043 grav=-0.43,0.03,-0.88[0m
[0m[INFO] [1788597222.582882889, 408.894000000]: RL policy input vx=0.360 vy=-0.658 wz=-1.178 action_rms=0.264 ready=1 userCmd=0 kbd=0 raw=0.360,-0.658,-1.178 grav=-0.01,-0.00,-0.98[0m
[0m[INFO] [1788597225.717095279, 410.912000000]: RL policy input vx=0.298 vy=-0.038 wz=-0.139 action_rms=0.173 ready=1 userCmd=0 kbd=0 raw=0.298,-0.038,-0.139 grav=0.00,0.00,-0.98[0m
[0m[INFO] [1788597228.829229427, 412.920000000]: RL policy input vx=0.000 vy=0.000 wz=-0.551 action_rms=0.159 ready=1 userCmd=8 kbd=0 raw=0.000,0.000,-0.551 grav=-0.02,0.03,-0.98[0m
[0m[INFO] [1788597231.961343560, 414.940000000]: RL policy input vx=0.000 vy=0.000 wz=-0.240 action_rms=0.196 ready=1 userCmd=0 kbd=0 raw=0.000,0.000,-0.240 grav=-0.03,0.02,-0.98[0m
[0m[INFO] [1788597235.075163666, 416.944000000]: RL policy input vx=0.000 vy=0.000 wz=-0.240 action_rms=0.202 ready=1 userCmd=0 kbd=0 raw=0.000,0.000,-0.240 grav=-0.03,0.02,-0.98[0m
[0m[INFO] [1788597238.193349770, 418.946000000]: RL policy input vx=0.574 vy=-0.265 wz=-0.039 action_rms=0.550 ready=1 userCmd=0 kbd=0 raw=0.574,-0.265,-0.039 grav=-0.43,-0.04,-0.88[0m
[0m[INFO] [1788597241.291699939, 420.958000000]: RL policy input vx=0.428 vy=-0.258 wz=0.035 action_rms=0.497 ready=1 userCmd=0 kbd=0 raw=0.428,-0.258,0.035 grav=-0.45,0.01,-0.87[0m
[0m[INFO] [1788597244.403397050, 422.978000000]: RL policy input vx=0.630 vy=-0.053 wz=0.083 action_rms=0.457 ready=1 userCmd=0 kbd=0 raw=0.630,-0.053,0.083 grav=-0.41,0.04,-0.89[0m
[0m[INFO] [1788597247.509038273, 424.988000000]: RL policy input vx=0.592 vy=0.099 wz=0.058 action_rms=0.667 ready=1 userCmd=0 kbd=0 raw=0.592,0.099,0.058 grav=-0.31,-0.07,-0.93[0m
cuda::is_available():0
RL inference device: cpu (requested=hybrid, policy=plane)
[INFO] RL policy hot-switched from preload cache: /home/quinn/0904/runtime_assets/SimEnv/src/unitree_guide/logs/policy_act_inference_plane.pt
[FSM]: state: INIT
wait for goal.
[INFO] [1788597207.496696, 399.154000]: Floor-2 stair controller armed by SECOND_FLOOR_EXPLORATION_COMPLETE.
[INFO] [1788597207.506073, 399.160000]: Robot is already 0.03 m from the pre-riser pose; skipping the corridor/side legs.
[INFO] [1788597207.509266, 399.162000]: Pre-ascent residual heading error -0.109 rad (visual_depth=False, bearing=none).
[INFO] [1788597208.388932, 399.720000]: Pre-ascent stand target set from flight-A pre-reload capture entry sample
[INFO] [1788597208.391665, 399.722000]: Flight-A plane gait settled at joint RMS 0.108; holding FixedStand for at least 0.1 s at snapshot pose before queued stair-policy entry.
[INFO] [1788597209.849359, 400.666000]: Flight-A FixedStand readiness gate complete; queued the stair policy for State_RL entry and retaining stand ownership for 0.25 s.
[INFO] [1788597210.119640, 400.842000]: Flight-A policy request has been queued under FixedStand; requesting RL so State_RL loads it before inference starts.
[INFO] [1788597211.173123, 401.522000]: Fresh RL readiness confirmed after the flight-A FixedStand boundary; starting the climb ramp.
[INFO] [1788597211.199390, 401.540000]: Flight-A fresh RL readiness observed; ascent clocks reset and 1.2 s climb ramp started.
[INFO] [1788597211.200258, 401.540000]: STPUB phase=STAIR_ASCENT world=(0.000,0.001,-0.030) body=(0.001,-0.000,-0.030) truth_z=2.912 pose=2.9120878242979416
[INFO] [1788597212.780575, 402.560000]: STPUB phase=STAIR_ASCENT world=(0.028,0.800,-0.013) body=(0.798,-0.057,-0.013) truth_z=2.956 pose=2.9561422492511014
[INFO] [1788597214.362249, 403.580000]: STPUB phase=STAIR_ASCENT world=(0.000,0.600,0.009) body=(0.600,0.016,0.009) truth_z=3.176 pose=3.1756009472156923
[INFO] [1788597215.940574, 404.600000]: STPUB phase=STAIR_ASCENT world=(0.000,0.600,0.018) body=(0.599,0.031,0.018) truth_z=3.400 pose=3.3997747504430573
[INFO] [1788597217.511967, 405.620000]: STPUB phase=STAIR_ASCENT world=(0.027,0.800,0.024) body=(0.800,0.029,0.024) truth_z=3.633 pose=3.6333648068572018
[INFO] [1788597219.093355, 406.640000]: STPUB phase=STAIR_ASCENT world=(0.027,0.800,0.035) body=(0.799,0.053,0.035) truth_z=3.857 pose=3.857390174410521
[INFO] [1788597220.665705, 407.660000]: STPUB phase=STAIR_ASCENT world=(0.000,0.800,0.065) body=(0.786,0.147,0.065) truth_z=4.077 pose=4.076909988227272
[INFO] [1788597221.808009, 408.400000]: Intermediate landing entered at y=4.75 m; starting moving turn.
[INFO] [1788597222.246418, 408.680000]: STPUB phase=STAIR_LANDING_TURN world=(0.750,0.000,-1.200) body=(0.203,-0.722,-1.200) truth_z=4.230 pose=4.230323748996585
[INFO] [1788597223.832367, 409.700000]: STPUB phase=STAIR_LANDING_TURN world=(0.750,0.000,-0.477) body=(0.680,-0.315,-0.477) truth_z=4.213 pose=4.213457650295327
[INFO] [1788597225.413575, 410.720000]: STPUB phase=STAIR_LANDING_TURN world=(0.338,0.000,-0.240) body=(0.333,-0.055,-0.240) truth_z=4.211 pose=4.210530268325557
[INFO] [1788597227.002057, 411.740000]: STPUB phase=STAIR_LANDING_TURN world=(0.000,0.000,-1.200) body=(0.000,0.000,-1.200) truth_z=4.212 pose=4.212167175528983
[INFO] [1788597228.581779, 412.760000]: STPUB phase=STAIR_LANDING_TURN world=(0.000,0.000,-0.639) body=(0.000,0.000,-0.639) truth_z=4.219 pose=4.219428238478472
[INFO] [1788597230.158365, 413.780000]: STPUB phase=STAIR_LANDING_TURN world=(0.000,0.000,-0.305) body=(0.000,0.000,-0.305) truth_z=4.228 pose=4.227923267907735
[INFO] [1788597231.738615, 414.800000]: STPUB phase=STAIR_LANDING_TURN world=(0.000,0.000,-0.240) body=(0.000,0.000,-0.240) truth_z=4.237 pose=4.237441031065117
[INFO] [1788597233.319909, 415.820000]: STPUB phase=STAIR_LANDING_TURN world=(0.000,0.000,-0.240) body=(0.000,0.000,-0.240) truth_z=4.238 pose=4.238467886912039
[INFO] [1788597234.908502, 416.840000]: STPUB phase=STAIR_LANDING_TURN world=(0.000,0.000,-0.240) body=(0.000,0.000,-0.240) truth_z=4.238 pose=4.238264009668504
[INFO] [1788597235.418783, 417.160000]: Flight-B entry aligned: x error=-0.045 m, heading error=-0.145 rad.
[INFO] [1788597235.421455, 417.160000]: Flight-B entry joints saved (12 dofs) -> /home/quinn/0904/results/official_gui_rtf065_s20260820_20260905_162216/flight_b_entry_joints_1.json
[INFO] [1788597235.450699, 417.180000]: ASCENT_B gate: entry_guide=True truth_pose=True start_z=2.912 profile=True heading=-1.571 pose_z=4.234085209329608 truth_z=4.234085209329608
[INFO] [1788597235.452532, 417.180000]: Pre-ascent RL settle: holding zero command until motion is stable for 0.6 s before FixedStand.
[INFO] [1788597235.453778, 417.182000]: Pre-ascent RL settle active: stable 0.00/0.60 s.
[INFO] [1788597236.291087, 417.720000]: Pre-ascent RL motion settled for 0.63 s; settle-only gate complete (FixedStand disabled).
[INFO] [1788597236.506848, 417.860000]: STPUB phase=STAIR_ASCENT_B world=(-0.031,-0.800,-0.066) body=(0.780,-0.180,-0.066) truth_z=4.223 pose=4.22307012756762
[INFO] [1788597237.029679, 418.200000]: ASCENT_B gate: entry_guide=True truth_pose=True start_z=2.912 profile=True heading=-1.571 pose_z=4.241587390149382 truth_z=4.241587390149382
[INFO] [1788597238.090884, 418.880000]: STPUB phase=STAIR_ASCENT_B world=(-0.053,-0.800,-0.039) body=(0.789,-0.141,-0.039) truth_z=4.366 pose=4.366135546139293
[INFO] [1788597238.614085, 419.220000]: ASCENT_B gate: entry_guide=True truth_pose=True start_z=2.912 profile=True heading=-1.571 pose_z=4.413674279949154 truth_z=4.413674279949154
[INFO] [1788597239.660755, 419.900000]: STPUB phase=STAIR_ASCENT_B world=(0.200,-0.600,0.033) body=(0.579,0.255,0.033) truth_z=4.548 pose=4.548227321103332
[INFO] [1788597240.183877, 420.240000]: ASCENT_B gate: entry_guide=True truth_pose=True start_z=2.912 profile=True heading=-1.571 pose_z=4.625085104984106 truth_z=4.625085104984106
[INFO] [1788597241.232258, 420.920000]: STPUB phase=STAIR_ASCENT_B world=(-0.300,-0.400,0.035) body=(0.428,-0.259,0.035) truth_z=4.757 pose=4.757209205797586
[INFO] [1788597241.755413, 421.260000]: ASCENT_B gate: entry_guide=True truth_pose=True start_z=2.912 profile=True heading=-1.571 pose_z=4.813476796567184 truth_z=4.813476796567184
[INFO] [1788597242.802375, 421.940000]: STPUB phase=STAIR_ASCENT_B world=(0.200,-0.600,0.043) body=(0.571,0.273,0.043) truth_z=4.966 pose=4.965610265410318
[INFO] [1788597243.325522, 422.280000]: ASCENT_B gate: entry_guide=True truth_pose=True start_z=2.912 profile=True heading=-1.571 pose_z=5.022078859558956 truth_z=5.022078859558956
[INFO] [1788597244.374860, 422.960000]: STPUB phase=STAIR_ASCENT_B world=(-0.200,-0.600,0.083) body=(0.630,-0.053,0.083) truth_z=5.131 pose=5.131284797108471
[INFO] [1788597244.904994, 423.300000]: ASCENT_B gate: entry_guide=True truth_pose=True start_z=2.912 profile=True heading=-1.571 pose_z=5.19446733411125 truth_z=5.19446733411125
[INFO] [1788597245.953035, 423.980000]: STPUB phase=STAIR_ASCENT_B world=(0.200,-0.600,0.067) body=(0.551,0.311,0.067) truth_z=5.331 pose=5.330751283103596
[INFO] [1788597246.476165, 424.320000]: ASCENT_B gate: entry_guide=True truth_pose=True start_z=2.912 profile=True heading=-1.571 pose_z=5.385491945851988 truth_z=5.385491945851988
[INFO] [1788597247.524895, 425.000000]: STPUB phase=STAIR_ASCENT_B world=(-0.200,-0.600,0.055) body=(0.624,-0.104,0.055) truth_z=5.491 pose=5.490575189238764
[INFO] [1788597248.049671, 425.340000]: ASCENT_B gate: entry_guide=True truth_pose=True start_z=2.912 profile=True heading=-1.571 pose_z=5.502262856856376 truth_z=5.502262856856376
[INFO] [1788597248.390148, 425.560000]: Upper landing entered: gain=2.60 m, clearance=0.01 m; stabilizing for 0.5 s.
[INFO] [1788597248.915204, 425.900000]: Floor-3 landing confirmed after two flights: gain=2.60 m clearance=0.13 m.
[INFO] [1788597250.110286, 426.664000]: Plane policy acknowledged on the upper landing; releasing stair controller ownership.
[FSM]: state: INIT
wait for goal.
[FSM]: state: INIT
wait for goal.
[FSM]: state: INIT
wait for goal.
[FSM]: state: INIT
wait for goal.
[FSM]: state: INIT
wait for goal.
[FSM]: state: INIT
wait for goal.
[FSM]: state: INIT
wait for goal.
[FSM]: state: INIT
wait for goal.
[FSM]: state: INIT
wait for goal.
[FSM]: state: INIT
wait for goal.
[FSM]: state: INIT
wait for goal.
[FSM]: state: INIT
wait for goal.
[FSM]: state: INIT
wait for goal.
[33m[WARN] [1788597272.398250302, 441.022000000]: Plane tilt guard scaling cmd_vel by 0.98 at tilt 0.143 rad[0m
[FSM]: state: INIT
wait for goal.
[FSM]: state: INIT
wait for goal.
[FSM]: state: INIT
wait for goal.
[FSM]: state: INIT
wait for goal.
[FSM]: state: INIT
wait for goal.
[FSM]: state: INIT
wait for goal.
[FSM]: state: INIT
wait for goal.
[FSM]: state: INIT
wait for goal.
[FSM]: state: INIT
wait for goal.
[FSM]: state: INIT
wait for goal.
[FSM]: state: INIT
wait for goal.
[FSM]: state: INIT
wait for goal.
[FSM]: state: INIT
wait for goal.
[FSM]: state: INIT
wait for goal.
[FSM]: state: INIT
wait for goal.
[FSM]: state: INIT
wait for goal.
[FSM]: state: INIT
wait for goal.
[FSM]: state: INIT
wait for goal.
[FSM]: state: INIT
wait for goal.
[FSM]: state: INIT
wait for goal.
[FSM]: state: INIT
wait for goal.
[FSM]: state: INIT
wait for goal.
[FSM]: state: INIT
wait for goal.
[FSM]: state: INIT
wait for goal.
[FSM]: state: INIT
wait for goal.
[FSM]: state: INIT
wait for goal.
[FSM]: state: INIT
wait for goal.
[FSM]: state: INIT
wait for goal.
[FSM]: state: INIT
wait for goal.
[0m[INFO] [1788597250.055259302, 426.630000000]: RL locomotion_ready latched after 0.67 s takeover and 0.41 s stable hold[0m
[0m[INFO] [1788597250.629654490, 427.002000000]: RL policy input vx=0.000 vy=0.000 wz=0.117 action_rms=0.139 ready=1 userCmd=0 kbd=0 raw=0.000,0.000,0.117 grav=0.00,0.01,-0.98[0m
[0m[INFO] [1788597253.736639500, 429.008000000]: RL policy input vx=0.000 vy=0.000 wz=0.285 action_rms=0.153 ready=1 userCmd=0 kbd=0 raw=0.000,0.000,0.285 grav=0.02,-0.02,-0.98[0m
[0m[INFO] [1788597256.855960596, 431.016000000]: RL policy input vx=0.407 vy=0.000 wz=0.604 action_rms=0.116 ready=1 userCmd=0 kbd=0 raw=0.407,0.000,0.604 grav=0.02,-0.03,-0.98[0m
[0m[INFO] [1788597259.982692405, 433.028000000]: RL policy input vx=0.000 vy=0.000 wz=0.244 action_rms=0.152 ready=1 userCmd=0 kbd=0 raw=0.000,0.000,0.244 grav=0.02,-0.02,-0.98[0m
[0m[INFO] [1788597263.111195788, 435.038000000]: RL policy input vx=2.249 vy=0.000 wz=0.026 action_rms=0.486 ready=1 userCmd=0 kbd=0 raw=2.249,0.000,0.026 grav=0.02,0.03,-0.98[0m
[0m[INFO] [1788597266.232654027, 437.048000000]: RL policy input vx=2.249 vy=0.000 wz=0.037 action_rms=0.395 ready=1 userCmd=0 kbd=0 raw=2.249,0.000,0.037 grav=-0.00,-0.06,-0.98[0m
[0m[INFO] [1788597269.352898269, 439.060000000]: RL policy input vx=2.248 vy=0.000 wz=0.041 action_rms=0.345 ready=1 userCmd=0 kbd=0 raw=2.248,0.000,0.041 grav=0.05,-0.04,-0.98[0m
[0m[INFO] [1788597272.464245868, 441.064000000]: RL policy input vx=0.255 vy=0.000 wz=0.453 action_rms=0.197 ready=1 userCmd=0 kbd=0 raw=0.255,0.000,0.453 grav=0.14,-0.09,-0.97[0m
[0m[INFO] [1788597275.569086673, 443.066000000]: RL policy input vx=0.000 vy=0.000 wz=0.411 action_rms=0.203 ready=1 userCmd=0 kbd=0 raw=0.000,0.000,0.411 grav=0.03,0.00,-0.98[0m
[0m[INFO] [1788597278.706759883, 445.074000000]: RL policy input vx=0.450 vy=0.000 wz=0.049 action_rms=0.160 ready=1 userCmd=0 kbd=0 raw=0.450,0.000,0.049 grav=0.01,-0.01,-0.98[0m
[0m[INFO] [1788597281.824664933, 447.082000000]: RL policy input vx=0.450 vy=0.000 wz=-0.005 action_rms=0.266 ready=1 userCmd=0 kbd=0 raw=0.450,0.000,-0.005 grav=0.00,-0.02,-0.98[0m
[0m[INFO] [1788597284.948938196, 449.090000000]: RL policy input vx=0.900 vy=-0.024 wz=-0.030 action_rms=0.235 ready=1 userCmd=0 kbd=0 raw=0.900,-0.024,-0.030 grav=-0.00,-0.03,-0.98[0m
[0m[INFO] [1788597288.078423025, 451.092000000]: RL policy input vx=0.900 vy=-0.005 wz=-0.007 action_rms=0.228 ready=1 userCmd=0 kbd=0 raw=0.900,-0.005,-0.007 grav=0.00,-0.03,-0.98[0m
[0m[INFO] [1788597291.186953252, 453.094000000]: RL policy input vx=0.000 vy=0.000 wz=1.744 action_rms=0.246 ready=1 userCmd=0 kbd=0 raw=0.000,0.000,1.744 grav=0.02,-0.02,-0.98[0m
[0m[INFO] [1788597294.286688071, 455.100000000]: RL policy input vx=0.000 vy=0.000 wz=0.440 action_rms=0.132 ready=1 userCmd=0 kbd=0 raw=0.000,0.000,0.440 grav=0.01,0.00,-0.98[0m
[0m[INFO] [1788597297.394096993, 457.114000000]: RL policy input vx=0.703 vy=-0.550 wz=-0.730 action_rms=0.305 ready=1 userCmd=0 kbd=0 raw=0.703,-0.550,-0.730 grav=-0.02,-0.02,-0.98[0m
[0m[INFO] [1788597300.523789096, 459.132000000]: RL policy input vx=0.897 vy=-0.069 wz=-0.084 action_rms=0.271 ready=1 userCmd=0 kbd=0 raw=0.897,-0.069,-0.084 grav=-0.00,-0.04,-0.98[0m
[0m[INFO] [1788597303.648320331, 461.132000000]: RL policy input vx=0.000 vy=0.000 wz=-2.246 action_rms=0.168 ready=1 userCmd=0 kbd=0 raw=0.000,0.000,-2.246 grav=0.02,0.00,-0.98[0m
[0m[INFO] [1788597306.776026917, 463.138000000]: RL policy input vx=2.127 vy=0.733 wz=0.203 action_rms=0.431 ready=1 userCmd=0 kbd=0 raw=2.127,0.733,0.203 grav=-0.04,-0.05,-0.98[0m
[0m[INFO] [1788597309.905972631, 465.158000000]: RL policy input vx=0.000 vy=0.000 wz=-0.415 action_rms=0.187 ready=1 userCmd=0 kbd=0 raw=0.000,0.000,-0.415 grav=0.03,-0.01,-0.98[0m
[0m[INFO] [1788597313.044473983, 467.166000000]: RL policy input vx=0.000 vy=0.000 wz=-0.227 action_rms=0.161 ready=1 userCmd=0 kbd=0 raw=0.000,0.000,-0.227 grav=-0.00,-0.00,-0.98[0m
[0m[INFO] [1788597316.186407414, 469.176000000]: RL policy input vx=0.449 vy=0.000 wz=-0.074 action_rms=0.210 ready=1 use[FSM]: state: INIT
wait for goal.
[FSM]: state: INIT
wait for goal.
[FSM]: state: INIT
wait for goal.
[FSM]: state: INIT
wait for goal.
[FSM]: state: INIT
wait for goal.
[FSM]: state: INIT
wait for goal.
[FSM]: state: INIT
wait for goal.
[FSM]: state: INIT
wait for goal.
[FSM]: state: INIT
wait for goal.
[FSM]: state: INIT
wait for goal.
[FSM]: state: INIT
wait for goal.
[FSM]: state: INIT
wait for goal.
[FSM]: state: INIT
wait for goal.
[FSM]: state: INIT
wait for goal.
[FSM]: state: INIT
wait for goal.
[FSM]: state: INIT
wait for goal.
[FSM]: state: INIT
wait for goal.
[FSM]: state: INIT
wait for goal.
[FSM]: state: INIT
wait for goal.
[FSM]: state: INIT
wait for goal.
[FSM]: state: INIT
wait for goal.
[FSM]: state: INIT
wait for goal.
[FSM]: state: INIT
wait for goal.
[FSM]: state: INIT
wait for goal.
[FSM]: state: INIT
wait for goal.
[FSM]: state: INIT
wait for goal.
[FSM]: state: INIT
wait for goal.
[FSM]: state: INIT
wait for goal.
[FSM]: state: INIT
wait for goal.
[FSM]: state: INIT
wait for goal.
[FSM]: state: INIT
wait for goal.
[FSM]: state: INIT
wait for goal.
[FSM]: state: INIT
wait for goal.
[FSM]: state: INIT
wait for goal.
[FSM]: state: INIT
wait for goal.
[33m[WARN] [1788597371.434356333, 504.592000000]: Plane tilt guard scaling cmd_vel by 0.93 at tilt 0.149 rad[0m
[FSM]: state: INIT
wait for goal.
[FSM]: state: INIT
wait for goal.
[FSM]: state: INIT
wait for goal.
[FSM]: state: INIT
wait for goal.
[FSM]: state: INIT
wait for goal.
[FSM]: state: INIT
wait for goal.
[FSM]: state: INIT
wait for goal.
[FSM]: state: INIT
wait for goal.
[FSM]: state: INIT
wait for goal.
[FSM]: state: INIT
wait for goal.
[FSM]: state: INIT
wait for goal.
rCmd=0 kbd=0 raw=0.449,0.000,-0.074 grav=0.01,-0.02,-0.98[0m
[0m[INFO] [1788597319.329633846, 471.186000000]: RL policy input vx=0.880 vy=0.115 wz=0.087 action_rms=0.213 ready=1 userCmd=0 kbd=0 raw=0.880,0.115,0.087 grav=0.01,-0.01,-0.98[0m
[0m[INFO] [1788597322.454072782, 473.188000000]: RL policy input vx=0.450 vy=0.000 wz=0.023 action_rms=0.285 ready=1 userCmd=0 kbd=0 raw=0.450,0.000,0.023 grav=0.01,-0.01,-0.98[0m
[0m[INFO] [1788597325.568350870, 475.194000000]: RL policy input vx=0.450 vy=0.000 wz=-0.021 action_rms=0.154 ready=1 userCmd=0 kbd=0 raw=0.450,0.000,-0.021 grav=0.01,-0.03,-0.98[0m
[0m[INFO] [1788597328.684377907, 477.202000000]: RL policy input vx=0.896 vy=0.080 wz=0.098 action_rms=0.198 ready=1 userCmd=0 kbd=0 raw=0.896,0.080,0.098 grav=-0.01,-0.00,-0.98[0m
[0m[INFO] [1788597331.822890564, 479.204000000]: RL policy input vx=0.900 vy=0.010 wz=0.012 action_rms=0.228 ready=1 userCmd=0 kbd=0 raw=0.900,0.010,0.012 grav=-0.01,-0.02,-0.98[0m
[0m[INFO] [1788597334.970868468, 481.216000000]: RL policy input vx=0.300 vy=-0.002 wz=-0.006 action_rms=0.265 ready=1 userCmd=0 kbd=0 raw=0.300,-0.002,-0.006 grav=0.02,-0.03,-0.98[0m
[0m[INFO] [1788597338.104441837, 483.222000000]: RL policy input vx=0.000 vy=0.000 wz=-2.900 action_rms=0.248 ready=1 userCmd=0 kbd=0 raw=0.000,0.000,-2.900 grav=0.00,0.01,-0.98[0m
[0m[INFO] [1788597341.230448296, 485.234000000]: RL policy input vx=0.601 vy=0.750 wz=0.984 action_rms=0.296 ready=1 userCmd=0 kbd=0 raw=0.601,0.750,0.984 grav=-0.02,0.01,-0.98[0m
[0m[INFO] [1788597344.376366906, 487.240000000]: RL policy input vx=0.902 vy=0.333 wz=0.389 action_rms=0.164 ready=1 userCmd=0 kbd=0 raw=0.902,0.333,0.389 grav=-0.03,0.01,-0.98[0m
[0m[INFO] [1788597347.514659271, 489.242000000]: RL policy input vx=0.760 vy=0.188 wz=0.267 action_rms=0.165 ready=1 userCmd=0 kbd=0 raw=0.760,0.188,0.267 grav=-0.00,0.04,-0.98[0m
[0m[INFO] [1788597350.654735630, 491.250000000]: RL policy input vx=0.000 vy=0.000 wz=2.900 action_rms=0.198 ready=1 userCmd=0 kbd=0 raw=0.000,0.000,2.900 grav=0.03,0.02,-0.98[0m
[0m[INFO] [1788597353.822001197, 493.266000000]: RL policy input vx=1.277 vy=-0.535 wz=-0.437 action_rms=0.243 ready=1 userCmd=0 kbd=0 raw=1.277,-0.535,-0.437 grav=-0.03,-0.05,-0.98[0m
[0m[INFO] [1788597356.949331448, 495.268000000]: RL policy input vx=0.000 vy=0.000 wz=0.234 action_rms=0.154 ready=1 userCmd=0 kbd=0 raw=0.000,0.000,0.234 grav=0.01,-0.01,-0.98[0m
[0m[INFO] [1788597360.086902512, 497.272000000]: RL policy input vx=0.450 vy=0.000 wz=0.028 action_rms=0.293 ready=1 userCmd=0 kbd=0 raw=0.450,0.000,0.028 grav=0.01,-0.02,-0.98[0m
[0m[INFO] [1788597363.230046369, 499.282000000]: RL policy input vx=0.834 vy=-0.008 wz=-0.011 action_rms=0.171 ready=1 userCmd=0 kbd=0 raw=0.834,-0.008,-0.011 grav=0.00,0.01,-0.98[0m
[0m[INFO] [1788597366.350049502, 501.294000000]: RL policy input vx=1.480 vy=-0.450 wz=-0.325 action_rms=0.364 ready=1 userCmd=0 kbd=0 raw=1.480,-0.450,-0.325 grav=-0.04,-0.07,-0.98[0m
[0m[INFO] [1788597369.451402546, 503.304000000]: RL policy input vx=2.244 vy=-0.168 wz=-0.082 action_rms=0.344 ready=1 userCmd=0 kbd=0 raw=2.244,-0.168,-0.082 grav=0.01,-0.01,-0.98[0m
[0m[INFO] [1788597372.558118538, 505.320000000]: RL policy input vx=2.250 vy=-0.001 wz=-0.000 action_rms=0.329 ready=1 userCmd=0 kbd=0 raw=2.250,-0.001,-0.000 grav=0.08,0.03,-0.98[0m
[0m[INFO] [1788597375.667910217, 507.338000000]: RL policy input vx=2.243 vy=0.180 wz=0.088 action_rms=0.345 ready=1 userCmd=0 kbd=0 raw=2.243,0.180,0.088 grav=0.01,0.01,-0.98[0m
[0m[INFO] [1788597378.782121829, 509.358000000]: RL policy input vx=0.175 vy=0.047 wz=0.886 action_rms=0.154 ready=1 userCmd=0 kbd=0 raw=0.175,0.047,0.886 grav=0.03,0.05,-0.98[0m
[0m[INFO] [1788597381.901936244, 511.370000000]: RL policy input vx=0.448 vy=0.000 wz=0.104 action_rms=0.298 ready=1 userCmd=0 kbd=0 raw=0.448,0.000,0.104 grav=-0.01,-0.00,-0.98[0m
[0m[INFO] [1788597385.021181073, 513.382000000]: RL policy input vx=0.450 vy=0.000 wz=0.011 action_rms=0.158 ready=1 userCmd=0 kbd=0 raw=0.450,0.000,0.011 grav=0.01,-0.01,-0.98[0m
[0[FSM]: state: INIT
wait for goal.
[FSM]: state: INIT
wait for goal.
[FSM]: state: INIT
wait for goal.
[FSM]: state: INIT
wait for goal.
[FSM]: state: INIT
wait for goal.
[FSM]: state: INIT
wait for goal.
[FSM]: state: INIT
wait for goal.
[FSM]: state: INIT
wait for goal.
[FSM]: state: INIT
wait for goal.
[FSM]: state: INIT
wait for goal.
[FSM]: state: INIT
wait for goal.
[FSM]: state: INIT
wait for goal.
[FSM]: state: INIT
wait for goal.
[FSM]: state: INIT
wait for goal.
[33m[WARN] [1788597410.926152711, 530.056000000]: Plane tilt guard scaling cmd_vel by 0.76 at tilt 0.172 rad[0m
[FSM]: state: INIT
wait for goal.
[FSM]: state: INIT
wait for goal.
[FSM]: state: INIT
wait for goal.
[FSM]: state: INIT
wait for goal.
[FSM]: state: INIT
wait for goal.
[FSM]: state: INIT
wait for goal.
[FSM]: state: INIT
wait for goal.
[FSM]: state: INIT
wait for goal.
[FSM]: state: INIT
wait for goal.
[FSM]: state: INIT
wait for goal.
[FSM]: state: INIT
wait for goal.
[FSM]: state: INIT
wait for goal.
[FSM]: state: INIT
wait for goal.
[FSM]: state: INIT
wait for goal.
[FSM]: state: INIT
wait for goal.
[FSM]: state: INIT
wait for goal.
[FSM]: state: INIT
wait for goal.
[FSM]: state: INIT
wait for goal.
[FSM]: state: INIT
wait for goal.
[FSM]: state: INIT
wait for goal.
[FSM]: state: INIT
wait for goal.
[FSM]: state: INIT
wait for goal.
[FSM]: state: INIT
wait for goal.
[FSM]: state: INIT
wait for goal.
[FSM]: state: INIT
wait for goal.
[FSM]: state: INIT
wait for goal.
[FSM]: state: INIT
wait for goal.
[FSM]: state: INIT
wait for goal.
[FSM]: state: INIT
wait for goal.
[33m[WARN] [1788597454.760185443, 558.250000000]: Plane tilt guard scaling cmd_vel by 0.99 at tilt 0.141 rad[0m
[FSM]: state: INIT
wait for goal.
m[INFO] [1788597388.149786034, 515.388000000]: RL policy input vx=0.896 vy=-0.083 wz=-0.101 action_rms=0.249 ready=1 userCmd=0 kbd=0 raw=0.896,-0.083,-0.101 grav=-0.01,-0.02,-0.98[0m
[0m[INFO] [1788597391.251836881, 517.392000000]: RL policy input vx=0.900 vy=-0.010 wz=-0.012 action_rms=0.166 ready=1 userCmd=0 kbd=0 raw=0.900,-0.010,-0.012 grav=-0.00,-0.01,-0.98[0m
[0m[INFO] [1788597394.352580434, 519.400000000]: RL policy input vx=0.394 vy=-0.008 wz=-0.022 action_rms=0.286 ready=1 userCmd=0 kbd=0 raw=0.394,-0.008,-0.022 grav=0.01,-0.02,-0.98[0m
[0m[INFO] [1788597397.483133579, 521.412000000]: RL policy input vx=0.000 vy=0.000 wz=2.900 action_rms=0.137 ready=1 userCmd=0 kbd=0 raw=0.000,0.000,2.900 grav=0.02,-0.00,-0.98[0m
[0m[INFO] [1788597400.593634388, 523.424000000]: RL policy input vx=0.000 vy=0.000 wz=-1.500 action_rms=0.155 ready=1 userCmd=0 kbd=0 raw=0.000,0.000,-1.500 grav=0.01,0.01,-0.98[0m
[0m[INFO] [1788597403.704509621, 525.424000000]: RL policy input vx=0.889 vy=-0.143 wz=-0.175 action_rms=0.186 ready=1 userCmd=0 kbd=0 raw=0.889,-0.143,-0.175 grav=-0.00,-0.04,-0.98[0m
[0m[INFO] [1788597406.843709325, 527.434000000]: RL policy input vx=0.298 vy=-0.030 wz=-0.111 action_rms=0.144 ready=1 userCmd=0 kbd=0 raw=0.298,-0.030,-0.111 grav=0.03,-0.02,-0.98[0m
[0m[INFO] [1788597409.987758455, 529.454000000]: RL policy input vx=0.000 vy=0.000 wz=-2.405 action_rms=0.219 ready=1 userCmd=0 kbd=0 raw=0.000,0.000,-2.405 grav=0.00,0.01,-0.98[0m
[0m[INFO] [1788597413.109879179, 531.456000000]: RL policy input vx=0.458 vy=0.131 wz=0.307 action_rms=0.298 ready=1 userCmd=0 kbd=0 raw=0.458,0.131,0.307 grav=0.04,0.01,-0.98[0m
[0m[INFO] [1788597416.233696915, 533.466000000]: RL policy input vx=0.000 vy=0.000 wz=-0.354 action_rms=0.206 ready=1 userCmd=0 kbd=0 raw=0.000,0.000,-0.354 grav=-0.00,-0.00,-0.98[0m
[0m[INFO] [1788597419.350414184, 535.468000000]: RL policy input vx=0.448 vy=0.000 wz=-0.098 action_rms=0.161 ready=1 userCmd=0 kbd=0 raw=0.448,0.000,-0.098 grav=0.00,-0.01,-0.98[0m
[0m[INFO] [1788597422.467063212, 537.472000000]: RL policy input vx=0.449 vy=0.000 wz=-0.084 action_rms=0.281 ready=1 userCmd=0 kbd=0 raw=0.449,0.000,-0.084 grav=0.01,-0.02,-0.98[0m
[0m[INFO] [1788597425.578309056, 539.474000000]: RL policy input vx=0.450 vy=0.000 wz=0.032 action_rms=0.158 ready=1 userCmd=0 kbd=0 raw=0.450,0.000,0.032 grav=0.02,-0.02,-0.98[0m
[0m[INFO] [1788597428.697135960, 541.488000000]: RL policy input vx=0.450 vy=0.000 wz=-0.012 action_rms=0.286 ready=1 userCmd=0 kbd=0 raw=0.450,0.000,-0.012 grav=0.00,-0.02,-0.98[0m
[0m[INFO] [1788597431.820410405, 543.500000000]: RL policy input vx=0.887 vy=0.152 wz=0.186 action_rms=0.244 ready=1 userCmd=0 kbd=0 raw=0.887,0.152,0.186 grav=-0.01,-0.01,-0.98[0m
[0m[INFO] [1788597434.944988660, 545.514000000]: RL policy input vx=0.900 vy=0.013 wz=0.016 action_rms=0.199 ready=1 userCmd=0 kbd=0 raw=0.900,0.013,0.016 grav=0.01,-0.03,-0.98[0m
[0m[INFO] [1788597438.077528311, 547.534000000]: RL policy input vx=0.491 vy=0.013 wz=0.029 action_rms=0.141 ready=1 userCmd=0 kbd=0 raw=0.491,0.013,0.029 grav=0.02,-0.03,-0.98[0m
[0m[INFO] [1788597441.215799079, 549.552000000]: RL policy input vx=0.000 vy=0.000 wz=-2.900 action_rms=0.175 ready=1 userCmd=0 kbd=0 raw=0.000,0.000,-2.900 grav=-0.00,0.01,-0.98[0m
[0m[INFO] [1788597444.320280993, 551.558000000]: RL policy input vx=0.000 vy=0.000 wz=1.500 action_rms=0.150 ready=1 userCmd=0 kbd=0 raw=0.000,0.000,1.500 grav=0.01,-0.01,-0.98[0m
[0m[INFO] [1788597447.467985251, 553.574000000]: RL policy input vx=0.890 vy=0.136 wz=0.166 action_rms=0.205 ready=1 userCmd=0 kbd=0 raw=0.890,0.136,0.166 grav=0.00,0.02,-0.98[0m
[0m[INFO] [1788597450.600570365, 555.578000000]: RL policy input vx=0.300 vy=0.006 wz=0.024 action_rms=0.152 ready=1 userCmd=0 kbd=0 raw=0.300,0.006,0.024 grav=0.03,-0.01,-0.98[0m
[0m[INFO] [1788597453.724089908, 557.590000000]: RL policy input vx=0.000 vy=0.000 wz=2.648 action_rms=0.316 ready=1 userCmd=0 kbd=0 raw=0.000,0.000,2.648 grav=0.03,0.01,-0.98[0m
[0m[INFO] [1788597456.853188986, 559.594000000]: RL policy i[FSM]: state: INIT
wait for goal.
[FSM]: state: INIT
wait for goal.
[FSM]: state: INIT
wait for goal.
[FSM]: state: INIT
wait for goal.
[FSM]: state: INIT
wait for goal.
[FSM]: state: INIT
wait for goal.
[FSM]: state: INIT
wait for goal.
[33m[WARN] [1788597467.788727913, 566.608000000]: Plane tilt guard scaling cmd_vel by 0.97 at tilt 0.144 rad[0m
[FSM]: state: INIT
wait for goal.
[FSM]: state: INIT
wait for goal.
[FSM]: state: INIT
wait for goal.
[FSM]: state: INIT
wait for goal.
[FSM]: state: INIT
wait for goal.
[FSM]: state: INIT
wait for goal.
[FSM]: state: INIT
wait for goal.
[FSM]: state: INIT
wait for goal.
[FSM]: state: INIT
wait for goal.
[FSM]: state: INIT
wait for goal.
[FSM]: state: INIT
wait for goal.
[FSM]: state: INIT
wait for goal.
[FSM]: state: INIT
wait for goal.
[FSM]: state: INIT
wait for goal.
[FSM]: state: INIT
wait for goal.
[FSM]: state: INIT
wait for goal.
[FSM]: state: INIT
wait for goal.
[FSM]: state: INIT
wait for goal.
[FSM]: state: INIT
wait for goal.
[FSM]: state: INIT
wait for goal.
[FSM]: state: INIT
wait for goal.
[FSM]: state: INIT
wait for goal.
[FSM]: state: INIT
wait for goal.
[FSM]: state: INIT
wait for goal.
[FSM]: state: INIT
wait for goal.
nput vx=0.298 vy=-0.035 wz=-0.130 action_rms=0.218 ready=1 userCmd=0 kbd=0 raw=0.298,-0.035,-0.130 grav=0.05,-0.04,-0.98[0m
[0m[INFO] [1788597460.005353964, 561.606000000]: RL policy input vx=0.448 vy=0.000 wz=0.092 action_rms=0.188 ready=1 userCmd=0 kbd=0 raw=0.448,0.000,0.092 grav=0.00,-0.03,-0.98[0m
[0m[INFO] [1788597463.141280563, 563.622000000]: RL policy input vx=0.450 vy=0.000 wz=0.000 action_rms=0.281 ready=1 userCmd=0 kbd=0 raw=0.450,0.000,0.000 grav=0.00,-0.02,-0.98[0m
[0m[INFO] [1788597466.282331995, 565.636000000]: RL policy input vx=0.209 vy=0.450 wz=1.150 action_rms=0.143 ready=1 userCmd=0 kbd=0 raw=0.209,0.450,1.150 grav=0.03,-0.04,-0.98[0m
[0m[INFO] [1788597469.407308790, 567.648000000]: RL policy input vx=2.236 vy=0.252 wz=0.124 action_rms=0.236 ready=1 userCmd=0 kbd=0 raw=2.236,0.252,0.124 grav=-0.02,-0.00,-0.98[0m
[0m[INFO] [1788597472.572486130, 569.664000000]: RL policy input vx=2.250 vy=-0.042 wz=-0.020 action_rms=0.415 ready=1 userCmd=0 kbd=0 raw=2.250,-0.042,-0.020 grav=-0.00,0.01,-0.98[0m
[0m[INFO] [1788597475.684662795, 571.666000000]: RL policy input vx=2.250 vy=0.008 wz=0.004 action_rms=0.343 ready=1 userCmd=0 kbd=0 raw=2.250,0.008,0.004 grav=0.01,-0.04,-0.98[0m
[0m[INFO] [1788597478.812761187, 573.674000000]: RL policy input vx=2.250 vy=-0.036 wz=-0.017 action_rms=0.348 ready=1 userCmd=0 kbd=0 raw=2.250,-0.036,-0.017 grav=0.04,-0.00,-0.98[0m
[0m[INFO] [1788597481.959108482, 575.686000000]: RL policy input vx=2.249 vy=0.059 wz=0.029 action_rms=0.354 ready=1 userCmd=0 kbd=0 raw=2.249,0.059,0.029 grav=-0.01,-0.01,-0.98[0m
[0m[INFO] [1788597485.087343670, 577.698000000]: RL policy input vx=1.044 vy=-0.350 wz=-0.349 action_rms=0.184 ready=1 userCmd=0 kbd=0 raw=1.044,-0.350,-0.349 grav=0.06,-0.04,-0.98[0m
[0m[INFO] [1788597488.247640772, 579.716000000]: RL policy input vx=1.849 vy=-0.067 wz=-0.040 action_rms=0.216 ready=1 userCmd=0 kbd=0 raw=1.849,-0.067,-0.040 grav=-0.00,-0.09,-0.98[0m
[0m[INFO] [1788597491.371058878, 581.724000000]: RL policy input vx=1.849 vy=0.061 wz=0.036 action_rms=0.191 ready=1 userCmd=0 kbd=0 raw=1.849,0.061,0.036 grav=-0.01,-0.09,-0.98[0m
[0m[INFO] [1788597494.500569391, 583.734000000]: RL policy input vx=0.000 vy=0.000 wz=-0.957 action_rms=0.143 ready=1 userCmd=0 kbd=0 raw=0.000,0.000,-0.957 grav=0.02,0.02,-0.98[0m
[0m[INFO] [1788597497.608421892, 585.736000000]: RL policy input vx=0.000 vy=0.000 wz=-0.139 action_rms=0.153 ready=1 userCmd=0 kbd=0 raw=0.000,0.000,-0.139 grav=-0.00,0.01,-0.98[0m
[0m[INFO] [1788597500.745851776, 587.756000000]: RL policy input vx=0.329 vy=0.000 wz=-0.105 action_rms=0.161 ready=1 userCmd=0 kbd=0 raw=0.329,0.000,-0.105 grav=0.04,-0.04,-0.98[0m
[0m[INFO] [1788597503.894409961, 589.776000000]: RL policy input vx=0.000 vy=0.000 wz=-0.328 action_rms=0.172 ready=1 userCmd=0 kbd=0 raw=0.000,0.000,-0.328 grav=0.00,-0.00,-0.98[0m
Switched from RL to fixed stand
infer_thread退出!
[33m[WARN] [1788597506.562231194, 591.494000000]: Using one-shot captured-pose FixedStand profile: ramp 0.50 s, settle 0.00 s, ready after 0.50 s + 0.50 s stable, minimum gain 0.75[0m
[INFO] Using /stand_target_joints param stance.
[FSM]: state: INIT
wait for goal.
Switched from fixed stand to RL
[INFO] Entered RL /cmd_vel mode.
[33m[WARN] [1788597507.881280904, 592.340000000]: Using one-shot stair RL takeover profile: blend 0.75 s, zero hold 0.25 s[0m
cuda::is_available():0
[WARNING] UNITREE_RL_DEVICE=hybrid selected CUDA for this policy but CUDA is unavailable; using CPU.
RL inference device: cpu (requested=hybrid, policy=stair)
[INFO] RL policy activated from preload cache at FixedStand entry boundary: /home/quinn/0904/runtime_assets/SimEnv/src/unitree_guide/logs/policy_act_inference_stair.pt
[FSM]: state: INIT
wait for goal.
[FSM]: state: INIT
wait for goal.
[FSM]: state: INIT
wait for goal.
[FSM]: state: INIT
wait for goal.
[FSM]: state: INIT
wait for goal.
[FSM]: state: INIT
wait for goal.
[FSM]: state: INIT
wait for goal.
[FSM]: state: INIT
wait for goal.
[FSM]: state: INIT
wait for goal.
[FSM]: state: INIT
wait for goal.
[FSM]: state: INIT
wait for goal.
[FSM]: state: INIT
wait for goal.
[FSM]: state: INIT
wait for goal.
[FSM]: state: INIT
wait for goal.
[FSM]: state: INIT
wait for goal.
[FSM]: state: INIT
wait for goal.
[FSM]: state: INIT
wait for goal.
[FSM]: state: INIT
wait for goal.
[FSM]: state: INIT
wait for goal.
[FSM]: state: INIT
wait for goal.
[FSM]: state: INIT
wait for goal.
[FSM]: state: INIT
wait for goal.
[FSM]: state: INIT
wait for goal.
[FSM]: state: INIT
wait for goal.
[FSM]: state: INIT
wait for goal.
[FSM]: state: INIT
wait for goal.
[0m[INFO] [1788597507.882469372, 592.342000000]: RL policy input vx=0.000 vy=0.000 wz=0.000 action_rms=0.172 ready=0 userCmd=0 kbd=0 raw=0.000,0.000,0.000 grav=-0.01,-0.03,-0.98[0m
[0m[INFO] [1788597509.476479645, 593.356000000]: RL locomotion_ready latched after 1.02 s takeover and 1.02 s stable hold[0m
[0m[INFO] [1788597511.023421595, 594.342000000]: RL policy input vx=0.550 vy=0.000 wz=-0.085 action_rms=0.168 ready=1 userCmd=0 kbd=0 raw=0.550,0.000,-0.085 grav=-0.03,0.03,-0.98[0m
[0m[INFO] [1788597514.183547503, 596.352000000]: RL policy input vx=0.500 vy=0.000 wz=-0.071 action_rms=0.287 ready=1 userCmd=0 kbd=0 raw=0.500,0.000,-0.071 grav=0.44,0.00,-0.87[0m
[0m[INFO] [1788597517.350251117, 598.372000000]: RL policy input vx=0.550 vy=0.000 wz=0.032 action_rms=0.256 ready=1 userCmd=0 kbd=0 raw=0.550,0.000,0.032 grav=0.40,0.10,-0.89[0m
[0m[INFO] [1788597520.494082002, 600.380000000]: RL policy input vx=0.550 vy=0.000 wz=-0.061 action_rms=0.225 ready=1 userCmd=0 kbd=0 raw=0.550,0.000,-0.061 grav=0.38,0.04,-0.90[0m
[0m[INFO] [1788597523.617351384, 602.382000000]: RL policy input vx=0.000 vy=0.000 wz=0.000 action_rms=0.123 ready=1 userCmd=0 kbd=0 raw=0.000,0.000,0.000 grav=0.06,-0.06,-0.98[0m
[0m[INFO] [1788597526.747023645, 604.396000000]: RL policy input vx=0.228 vy=0.328 wz=1.146 action_rms=0.227 ready=1 userCmd=8 kbd=0 raw=0.228,0.328,1.146 grav=-0.01,0.04,-0.98[0m
[0m[INFO] [1788597529.879211866, 606.400000000]: RL policy input vx=0.155 vy=-0.369 wz=0.437 action_rms=0.151 ready=1 userCmd=0 kbd=0 raw=0.155,-0.369,0.437 grav=0.02,0.02,-0.98[0m
[0m[INFO] [1788597533.003253775, 608.406000000]: RL policy input vx=0.550 vy=0.000 wz=0.046 action_rms=0.209 ready=1 userCmd=0 kbd=0 raw=0.550,0.000,0.046 grav=-0.01,-0.01,-0.98[0m
[0m[INFO] [1788597536.136083736, 610.406000000]: RL policy input vx=0.722 vy=-0.000 wz=0.016 action_rms=0.303 ready=1 userCmd=0 kbd=0 raw=0.722,-0.000,0.016 grav=0.43,0.18,-0.86[0m
[0m[INFO] [1788597539.239612029, 612.408000000]: RL policy input vx=0.500 vy=0.000 wz=-0.071 action_rms=0.293 ready=1 userCmd=0 kbd=0 raw=0.500,0.000,-0.071 grav=0.41,0.10,-0.88[0m
[0m[INFO] [1788597542.355112821, 614.408000000]: RL policy input vx=0.500 vy=0.000 wz=-0.048 action_rms=0.201 ready=1 userCmd=0 kbd=0 raw=0.500,0.000,-0.048 grav=0.40,0.06,-0.89[0m
[0m[INFO] [1788597545.471778257, 616.410000000]: RL policy input vx=0.000 vy=0.000 wz=0.000 action_rms=0.183 ready=1 userCmd=0 kbd=0 raw=0.000,0.000,0.000 grav=0.03,0.01,-0.98[0m
stop the controller
terminate called after throwing an instance of 'boost::wrapexcept<boost::lock_error>'
  what():  boost: mutex lock failed in pthread_mutex_lock: Invalid argument
des manager
[ERROR] [1788597547.187486, 617.506000]: Three-floor RL mission failed: exploration_deadline_exceeded_600.0s
[WARN] [1788596730.854924, 93.490000]: danger_detector: rejecting candidates because room boundary is unavailable (room_id='')
[INFO] [1788596578.442362, 0.000000]: danger_detector: loaded 12 room boundaries; scan margin=0.50 m
[INFO] [1788596584.048067, 0.138000]: danger_detector: first rendered RGB frame ready (320x240)
[INFO] [1788596609.961251, 17.046000]: danger_detector: exploration clock started after preparation
[INFO] [1788596661.996846, 49.460000]: danger_detector: scan batch label=floor_0_room_0_g3 raw=0 min_points=3 clusters=[]
[INFO] [1788596674.040464, 57.224000]: danger_detector: scan batch label=floor_0_room_0_g4 raw=0 min_points=3 clusters=[]
[INFO] [1788596710.464784, 80.628000]: danger_detector: scan batch label=floor_0_room_1_g3 raw=0 min_points=3 clusters=[]
[INFO] [1788596730.853252, 93.490000]: danger_detector: scan batch label=floor_0_room_1_g4 raw=0 min_points=3 clusters=[]
[INFO] [1788596783.258049, 127.026000]: danger_detector: scan batch label=floor_0_room_2_g3 raw=0 min_points=3 clusters=[]
[INFO] [1788596795.397219, 134.842000]: danger_detector: scan batch label=floor_0_room_2_g4 raw=0 min_points=3 clusters=[]
[INFO] [1788596828.023502, 155.518000]: danger_detector: scan batch label=floor_0_room_3_g3 raw=0 min_points=3 clusters=[]
[INFO] [1788596839.472850, 162.838000]: danger_detector: confirmed red sphere #1 at [4.8523, 32.2694, 0.15], t=145.79s, stage=floor_1_exploration
[INFO] [1788596839.664211, 162.962000]: danger_detector: scan batch label=floor_0_room_3_g4 raw=4 min_points=3 clusters=[(4.8689380371953686, 32.30483465110736)]
[INFO] [1788596975.746636, 250.082000]: danger_detector: confirmed red sphere #2 at [-2.933, 13.9961, 2.75], t=233.04s, stage=floor_2_exploration
[INFO] [1788596976.300179, 250.438000]: danger_detector: scan batch label=floor_1_room_0_g3 raw=6 min_points=3 clusters=[(-2.809377494951982, 13.918229209103135)]
[INFO] [1788596988.459480, 258.280000]: danger_detector: scan batch label=floor_1_room_0_g4 raw=0 min_points=3 clusters=[]
[INFO] [1788597029.555404, 284.792000]: danger_detector: scan batch label=floor_1_room_1_g3 raw=0 min_points=3 clusters=[]
[INFO] [1788597047.903463, 296.548000]: danger_detector: confirmed red sphere #3 at [1.7913, 20.9771, 2.75], t=279.50s, stage=floor_2_exploration
[INFO] [1788597049.654374, 297.680000]: danger_detector: scan batch label=floor_1_room_1_g4 raw=8 min_points=3 clusters=[(1.8327013692737344, 20.89170124923338)]
[INFO] [1788597102.890385, 331.712000]: danger_detector: scan batch label=floor_1_room_2_g3 raw=0 min_points=3 clusters=[]
[INFO] [1788597114.336809, 339.110000]: danger_detector: scan batch label=floor_1_room_2_g4 raw=0 min_points=3 clusters=[]
[INFO] [1788597140.870839, 356.130000]: danger_detector: confirmed red sphere #4 at [9.0005, 26.1754, 2.75], t=339.09s, stage=floor_2_exploration
[INFO] [1788597142.192579, 356.986000]: danger_detector: scan batch label=floor_1_room_3_g3 raw=5 min_points=3 clusters=[(8.927653752773224, 26.271762767649633)]
[INFO] [1788597152.696131, 363.774000]: danger_detector: confirmed red sphere #5 at [7.5993, 26.7775, 2.75], t=346.73s, stage=floor_2_exploration
[INFO] [1788597153.837311, 364.512000]: danger_detector: scan batch label=floor_1_room_3_g4 raw=7 min_points=3 clusters=[(7.564233322834746, 26.783411307325785), (9.531280304086774, 25.957779580174407)]
[INFO] [1788597293.318532, 454.470000]: danger_detector: scan batch label=floor_2_room_0_g3 raw=0 min_points=3 clusters=[]
[INFO] [1788597305.563918, 462.356000]: danger_detector: scan batch label=floor_2_room_0_g4 raw=0 min_points=3 clusters=[]
[INFO] [1788597338.123426, 483.236000]: danger_detector: scan batch label=floor_2_room_1_g3 raw=0 min_points=3 clusters=[]
[INFO] [1788597351.630115, 491.872000]: danger_detector: scan batch label=floor_2_room_1_g4 raw=0 min_points=3 clusters=[]
[INFO] [1788597397.767903, 521.594000]: danger_detector: scan batch label=floor_2_room_2_g3 raw=0 min_points=3 clusters=[]
[INFO] [1788597409.616034, 529.212000]: danger_detector: confirmed red sphere #6 at [-5.0128, 30.4136, 5.35], t=512.17s, stage=floor_3_exploration
[INFO] [1788597409.822369, 529.346000]: danger_detector: scan batch label=floor_2_room_2_g4 raw=5 min_points=3 clusters=[(-5.018594387887874, 30.431020499376505)]
[INFO] [1788597441.695560, 549.858000]: danger_detector: scan batch label=floor_2_room_3_g3 raw=0 min_points=3 clusters=[]
[INFO] [1788597453.533413, 557.464000]: danger_detector: confirmed red sphere #7 at [6.1451, 34.817, 5.35], t=540.42s, stage=floor_3_exploration
[INFO] [1788597453.653574, 557.544000]: danger_detector: scan batch label=floor_2_room_3_g4 raw=4 min_points=3 clusters=[(6.1762283452826505, 34.92388955638549)]
[INFO] [1788597547.183839, 617.504000]: danger_detector: wrote 7 confirmed red-ball detections -> /home/quinn/0904/results/official_gui_rtf065_s20260820_20260905_162216/red_ball_detections.json
[WARN] [1788596650.756850, 42.470000]: Room viewpoint speed cap: floor_0_room_0_g3 2.250 -> 0.900 m/s (configured 0.900)
[WARN] [1788596662.204782, 49.594000]: Room viewpoint speed cap: floor_0_room_0_g4 2.250 -> 0.900 m/s (configured 0.900)
[WARN] [1788596699.631928, 73.672000]: Room viewpoint speed cap: floor_0_room_1_g3 2.250 -> 0.900 m/s (configured 0.900)
[WARN] [1788596720.516230, 87.090000]: Room viewpoint speed cap: floor_0_room_1_g4 2.250 -> 0.900 m/s (configured 0.900)
[WARN] [1788596772.421203, 120.016000]: Room viewpoint speed cap: floor_0_room_2_g3 2.250 -> 0.900 m/s (configured 0.900)
[WARN] [1788596783.463055, 127.158000]: Room viewpoint speed cap: floor_0_room_2_g4 2.250 -> 0.900 m/s (configured 0.900)
[WARN] [1788596816.686211, 148.340000]: Room viewpoint speed cap: floor_0_room_3_g3 2.250 -> 0.900 m/s (configured 0.900)
[WARN] [1788596828.230943, 155.648000]: Room viewpoint speed cap: floor_0_room_3_g4 2.250 -> 0.900 m/s (configured 0.900)
[WARN] [1788596965.458321, 243.410000]: Room viewpoint speed cap: floor_1_room_0_g3 2.250 -> 0.900 m/s (configured 0.900)
[WARN] [1788596976.520332, 250.580000]: Room viewpoint speed cap: floor_1_room_0_g4 2.250 -> 0.900 m/s (configured 0.900)
[WARN] [1788596991.071907, 259.972000]: Plane attitude guard scaling translation to 0.90 (upright_z=0.963).
[WARN] [1788597018.722228, 277.788000]: Room viewpoint speed cap: floor_1_room_1_g3 2.250 -> 0.900 m/s (configured 0.900)
[WARN] [1788597039.621922, 291.300000]: Room viewpoint speed cap: floor_1_room_1_g4 2.250 -> 0.900 m/s (configured 0.900)
[WARN] [1788597091.356709, 324.294000]: Room viewpoint speed cap: floor_1_room_2_g3 2.250 -> 0.900 m/s (configured 0.900)
[WARN] [1788597103.106057, 331.850000]: Room viewpoint speed cap: floor_1_room_2_g4 2.250 -> 0.900 m/s (configured 0.900)
[WARN] [1788597130.956908, 349.762000]: Room viewpoint speed cap: floor_1_room_3_g3 2.250 -> 0.900 m/s (configured 0.900)
[WARN] [1788597142.403527, 357.120000]: Room viewpoint speed cap: floor_1_room_3_g4 2.250 -> 0.900 m/s (configured 0.900)
[WARN] [1788597282.380629, 447.438000]: Room viewpoint speed cap: floor_2_room_0_g3 2.250 -> 0.900 m/s (configured 0.900)
[WARN] [1788597293.527651, 454.606000]: Room viewpoint speed cap: floor_2_room_0_g4 2.250 -> 0.900 m/s (configured 0.900)
[WARN] [1788597326.487750, 475.784000]: Room viewpoint speed cap: floor_2_room_1_g3 2.250 -> 0.900 m/s (configured 0.900)
[WARN] [1788597345.809642, 488.160000]: Room viewpoint speed cap: floor_2_room_1_g4 2.250 -> 0.900 m/s (configured 0.900)
[WARN] [1788597386.931696, 514.608000]: Room viewpoint speed cap: floor_2_room_2_g3 2.250 -> 0.900 m/s (configured 0.900)
[WARN] [1788597397.985151, 521.734000]: Room viewpoint speed cap: floor_2_room_2_g4 2.250 -> 0.900 m/s (configured 0.900)
[WARN] [1788597430.459376, 542.624000]: Room viewpoint speed cap: floor_2_room_3_g3 2.250 -> 0.900 m/s (configured 0.900)
[WARN] [1788597441.918231, 550.002000]: Room viewpoint speed cap: floor_2_room_3_g4 2.250 -> 0.900 m/s (configured 0.900)
[INFO] [1788597505.204752, 590.618000]: SCAN explored all three floors; stair descent owns the return.
[INFO] [1788596584.933372, 1.002000]: Bootstrap armed: stand@1.0s state-gated RL max_wait=25.0s repeat=120.0s start_t=1.0
[INFO] [1788596592.295715, 6.002000]: Requesting RL /cmd_vel through /joy (repeating).
[INFO] [1788596610.045877, 17.102000]: Bootstrap observed locomotion_ready; releasing /joy.
[INFO] [1788596578.284520, 0.000000]: scanplanner_pointcloud_bridge: /scan -> /registered_scan at <= 5.0 Hz
[INFO] [1788596598.556818, 9.904000]: scanplanner_pointcloud_bridge: published 50 clouds (391 points)
[INFO] [1788596614.542934, 19.906000]: scanplanner_pointcloud_bridge: published 100 clouds (380 points)
[INFO] [1788596630.619496, 29.906000]: scanplanner_pointcloud_bridge: published 150 clouds (777 points)
[INFO] [1788596646.623147, 39.908000]: scanplanner_pointcloud_bridge: published 200 clouds (766 points)
[INFO] [1788596662.694757, 49.908000]: scanplanner_pointcloud_bridge: published 250 clouds (765 points)
[INFO] [1788596678.222070, 59.906000]: scanplanner_pointcloud_bridge: published 300 clouds (760 points)
[INFO] [1788596693.789411, 69.908000]: scanplanner_pointcloud_bridge: published 350 clouds (762 points)
[INFO] [1788596709.334730, 79.908000]: scanplanner_pointcloud_bridge: published 400 clouds (769 points)
[INFO] [1788596725.070002, 89.908000]: scanplanner_pointcloud_bridge: published 450 clouds (771 points)
[INFO] [1788596740.967280, 99.910000]: scanplanner_pointcloud_bridge: published 500 clouds (767 points)
[INFO] [1788596756.786139, 109.906000]: scanplanner_pointcloud_bridge: published 550 clouds (771 points)
[INFO] [1788596772.257643, 119.910000]: scanplanner_pointcloud_bridge: published 600 clouds (766 points)
[INFO] [1788596787.719199, 129.910000]: scanplanner_pointcloud_bridge: published 650 clouds (774 points)
[INFO] [1788596803.366917, 139.910000]: scanplanner_pointcloud_bridge: published 700 clouds (765 points)
[INFO] [1788596819.160160, 149.912000]: scanplanner_pointcloud_bridge: published 750 clouds (770 points)
[INFO] [1788596834.922823, 159.910000]: scanplanner_pointcloud_bridge: published 800 clouds (770 points)
[INFO] [1788596850.986144, 169.910000]: scanplanner_pointcloud_bridge: published 850 clouds (763 points)
[INFO] [1788596866.543899, 179.910000]: scanplanner_pointcloud_bridge: published 900 clouds (717 points)
[INFO] [1788596882.052353, 189.910000]: scanplanner_pointcloud_bridge: published 950 clouds (753 points)
[INFO] [1788596897.777258, 199.910000]: scanplanner_pointcloud_bridge: published 1000 clouds (631 points)
[INFO] [1788596913.500299, 209.910000]: scanplanner_pointcloud_bridge: published 1050 clouds (700 points)
[INFO] [1788596929.009655, 219.910000]: scanplanner_pointcloud_bridge: published 1100 clouds (790 points)
[INFO] [1788596944.484184, 229.910000]: scanplanner_pointcloud_bridge: published 1150 clouds (781 points)
[INFO] [1788596960.052396, 239.912000]: scanplanner_pointcloud_bridge: published 1200 clouds (763 points)
[INFO] [1788596975.483986, 249.912000]: scanplanner_pointcloud_bridge: published 1250 clouds (760 points)
[INFO] [1788596990.976898, 259.912000]: scanplanner_pointcloud_bridge: published 1300 clouds (779 points)
[INFO] [1788597006.529689, 269.912000]: scanplanner_pointcloud_bridge: published 1350 clouds (760 points)
[INFO] [1788597022.010570, 279.912000]: scanplanner_pointcloud_bridge: published 1400 clouds (771 points)
[INFO] [1788597037.455096, 289.910000]: scanplanner_pointcloud_bridge: published 1450 clouds (756 points)
[INFO] [1788597053.123386, 299.912000]: scanplanner_pointcloud_bridge: published 1500 clouds (765 points)
[INFO] [1788597068.927957, 309.910000]: scanplanner_pointcloud_bridge: published 1550 clouds (765 points)
[INFO] [1788597084.367226, 319.914000]: scanplanner_pointcloud_bridge: published 1600 clouds (760 points)
[INFO] [1788597100.092156, 329.912000]: scanplanner_pointcloud_bridge: published 1650 clouds (760 points)
[INFO] [1788597115.577078, 339.912000]: scanplanner_pointcloud_bridge: published 1700 clouds (785 points)
[INFO] [1788597131.191834, 349.914000]: scanplanner_pointcloud_bridge: published 1750 clouds (764 points)
[INFO] [1788597146.731395, 359.912000]: scanplanner_pointcloud_bridge: published 1800 clouds (770 points)
[INFO] [1788597162.199331, 369.914000]: scanplanner_pointcloud_bridge: published 1850 clouds (759 points)
[INFO] [1788597177.699482, 379.914000]: scanplanner_pointcloud_bridge: published 1900 clouds (777 points)
[INFO] [1788597193.185471, 389.914000]: scanplanner_pointcloud_bridge: published 1950 clouds (755 points)
[INFO] [1788597208.688716, 399.914000]: scanplanner_pointcloud_bridge: published 2000 clouds (662 points)
[INFO] [1788597224.164968, 409.914000]: scanplanner_pointcloud_bridge: published 2050 clouds (751 points)
[INFO] [1788597239.685772, 419.916000]: scanplanner_pointcloud_bridge: published 2100 clouds (714 points)
[INFO] [1788597255.146218, 429.916000]: scanplanner_pointcloud_bridge: published 2150 clouds (681 points)
[INFO] [1788597270.690675, 439.918000]: scanplanner_pointcloud_bridge: published 2200 clouds (771 points)
[INFO] [1788597286.245316, 449.916000]: scanplanner_pointcloud_bridge: published 2250 clouds (769 points)
[INFO] [1788597301.750956, 459.916000]: scanplanner_pointcloud_bridge: published 2300 clouds (764 points)
[INFO] [1788597317.349220, 469.916000]: scanplanner_pointcloud_bridge: published 2350 clouds (763 points)
[INFO] [1788597332.938942, 479.916000]: scanplanner_pointcloud_bridge: published 2400 clouds (770 points)
[INFO] [1788597348.571043, 489.916000]: scanplanner_pointcloud_bridge: published 2450 clouds (760 points)
[INFO] [1788597364.224600, 499.918000]: scanplanner_pointcloud_bridge: published 2500 clouds (751 points)
[INFO] [1788597379.647765, 509.916000]: scanplanner_pointcloud_bridge: published 2550 clouds (759 points)
[INFO] [1788597395.154819, 519.916000]: scanplanner_pointcloud_bridge: published 2600 clouds (755 points)
[INFO] [1788597410.708709, 529.916000]: scanplanner_pointcloud_bridge: published 2650 clouds (782 points)
[INFO] [1788597426.262950, 539.916000]: scanplanner_pointcloud_bridge: published 2700 clouds (762 points)
[INFO] [1788597441.784906, 549.916000]: scanplanner_pointcloud_bridge: published 2750 clouds (771 points)
[INFO] [1788597457.354549, 559.916000]: scanplanner_pointcloud_bridge: published 2800 clouds (756 points)
[INFO] [1788597472.962660, 569.916000]: scanplanner_pointcloud_bridge: published 2850 clouds (778 points)
[INFO] [1788597488.555319, 579.916000]: scanplanner_pointcloud_bridge: published 2900 clouds (776 points)
[INFO] [1788597504.113889, 589.916000]: scanplanner_pointcloud_bridge: published 2950 clouds (762 points)
[INFO] [1788597519.764998, 599.916000]: scanplanner_pointcloud_bridge: published 3000 clouds (750 points)
[INFO] [1788597535.373265, 609.916000]: scanplanner_pointcloud_bridge: published 3050 clouds (766 points)
[WARN] [1788597515.102261, 596.938000]: Descent tilt 0.489 rad: capping flight speed at 0.55 m/s.
[WARN] [1788597517.174999, 598.258000]: Descent tilt 0.482 rad: capping flight speed at 0.55 m/s.
[WARN] [1788597518.974973, 599.414000]: Descent tilt 0.483 rad: capping flight speed at 0.55 m/s.
[WARN] [1788597520.798027, 600.574000]: Descent tilt 0.489 rad: capping flight speed at 0.55 m/s.
[WARN] [1788597534.870604, 609.594000]: Descent tilt 0.505 rad: capping flight speed at 0.55 m/s.
[WARN] [1788597536.717243, 610.776000]: Descent tilt 0.492 rad: capping flight speed at 0.55 m/s.
[WARN] [1788597543.291029, 615.014000]: Descent tilt 0.498 rad: capping flight speed at 0.55 m/s.
[WARN] [1788597547.201458, 617.514000]: Segment turn left safe position (x=-3.815, y=1.700); zero command and re-centering before continuing turn.
[WARN] [1788597547.724591, 617.854000]: Segment turn left safe position (x=-3.834, y=1.699); zero command and re-centering before continuing turn.
[INFO] [1788597505.229315, 590.634000]: DSTPUB phase=STAIR_DESCENT_PRE_ALIGN world=(0.300,0.000,-0.176) body=(-0.058,-0.294,-0.176) truth_z=5.514 drop=0.000 pitch=0.0deg seg=0
[INFO] [1788597506.129491, 591.214000]: Descent policy boundary captured joint RMS 0.079.
[INFO] [1788597506.143164, 591.224000]: Descent plane gait settled; entering FixedStand before the stair-policy load.
[INFO] [1788597507.595746, 592.156000]: Descent FixedStand is ready; stair policy queued.
[INFO] [1788597507.874357, 592.336000]: Descent stair policy queued under FixedStand; requesting fresh stair-RL entry.
[INFO] [1788597509.513766, 593.380000]: Descent stair RL fresh readiness confirmed; warming up 0.8 s.
[INFO] [1788597510.510243, 594.014000]: Descent FLIGHT_B start: z=5.514 drop gate 1.05 m.
[INFO] [1788597510.549518, 594.034000]: DSTPUB phase=STAIR_DESCENT_FLIGHT_B world=(-0.107,0.539,-0.082) body=(0.550,0.000,-0.082) truth_z=5.514 drop=0.000 pitch=0.0deg seg=-1
[INFO] [1788597512.142932, 595.054000]: DSTPUB phase=STAIR_DESCENT_FLIGHT_B world=(-0.081,0.544,-0.092) body=(0.550,0.000,-0.092) truth_z=5.512 drop=0.002 pitch=0.0deg seg=0
[INFO] [1788597513.755716, 596.076000]: DSTPUB phase=STAIR_DESCENT_FLIGHT_B world=(-0.058,0.547,-0.091) body=(0.550,0.000,-0.091) truth_z=5.349 drop=0.165 pitch=0.0deg seg=26
[INFO] [1788597515.346691, 597.094000]: DSTPUB phase=STAIR_DESCENT_FLIGHT_B world=(0.026,0.499,-0.016) body=(0.500,0.000,-0.016) truth_z=5.128 drop=0.386 pitch=0.0deg seg=27
[INFO] [1788597516.951538, 598.114000]: DSTPUB phase=STAIR_DESCENT_FLIGHT_B world=(0.068,0.797,0.036) body=(0.800,0.000,0.036) truth_z=4.957 drop=0.557 pitch=0.0deg seg=24
[INFO] [1788597518.545513, 599.134000]: DSTPUB phase=STAIR_DESCENT_FLIGHT_B world=(-0.011,0.550,-0.020) body=(0.550,0.000,-0.020) truth_z=4.735 drop=0.778 pitch=0.0deg seg=20
[INFO] [1788597520.122256, 600.136000]: DSTPUB phase=STAIR_DESCENT_FLIGHT_B world=(-0.036,0.549,-0.057) body=(0.550,0.000,-0.057) truth_z=4.544 drop=0.970 pitch=0.0deg seg=29
[INFO] [1788597521.696280, 601.154000]: DSTPUB phase=STAIR_DESCENT_FLIGHT_B world=(-0.039,0.498,-0.092) body=(0.500,0.000,-0.092) truth_z=4.341 drop=1.173 pitch=0.0deg seg=19
[INFO] [1788597523.302974, 602.176000]: DSTPUB phase=STAIR_DESCENT_FLIGHT_B world=(-0.015,0.500,-0.065) body=(0.500,0.000,-0.065) truth_z=4.198 drop=1.316 pitch=0.0deg seg=4
[INFO] [1788597523.354845, 602.214000]: Flight-B descent complete: drop=1.31 m y=5.05; starting landing turn.
[INFO] [1788597525.720276, 603.734000]: DSTPUB phase=STAIR_DESCENT_TURN world=(-0.400,0.000,0.655) body=(0.031,0.399,0.655) truth_z=4.215 drop=1.299 pitch=0.0deg seg=-1
[INFO] [1788597527.280927, 604.736000]: DSTPUB phase=STAIR_DESCENT_TURN world=(-0.400,0.000,1.200) body=(0.336,0.216,1.200) truth_z=4.209 drop=1.305 pitch=0.0deg seg=0
[INFO] [1788597528.857358, 605.742000]: DSTPUB phase=STAIR_DESCENT_TURN world=(-0.400,0.000,0.976) body=(0.310,-0.253,0.976) truth_z=4.217 drop=1.297 pitch=0.0deg seg=0
[INFO] [1788597530.427668, 606.754000]: DSTPUB phase=STAIR_DESCENT_TURN world=(-0.354,0.000,0.340) body=(0.084,-0.344,0.340) truth_z=4.218 drop=1.296 pitch=0.0deg seg=0
[INFO] [1788597530.714397, 606.934000]: Descent landing heading captured at error 0.179 rad; using shortest-path hold while x aligns.
[INFO] [1788597531.999021, 607.756000]: DSTPUB phase=STAIR_DESCENT_TURN world=(-0.300,0.023,0.052) body=(-0.009,-0.301,0.052) truth_z=4.213 drop=1.301 pitch=0.0deg seg=0
[INFO] [1788597532.423431, 608.034000]: Descent FLIGHT_A start: z=5.514 drop gate 2.45 m.
[INFO] [1788597532.426508, 608.036000]: Descent landing aligned: x err=-0.119 m, heading err=0.024 rad; starting flight A.
[INFO] [1788597533.592194, 608.778000]: DSTPUB phase=STAIR_DESCENT_FLIGHT_A world=(0.003,-0.550,0.026) body=(0.550,0.000,0.026) truth_z=4.212 drop=1.302 pitch=0.0deg seg=0
[INFO] [1788597535.167924, 609.780000]: DSTPUB phase=STAIR_DESCENT_FLIGHT_A world=(0.009,-0.550,-0.003) body=(0.550,0.000,-0.003) truth_z=3.972 drop=1.542 pitch=0.0deg seg=26
[INFO] [1788597536.727463, 610.788000]: DSTPUB phase=STAIR_DESCENT_FLIGHT_A world=(0.029,-0.549,-0.030) body=(0.550,0.000,-0.030) truth_z=3.772 drop=1.742 pitch=0.0deg seg=28
[INFO] [1788597538.280732, 611.794000]: DSTPUB phase=STAIR_DESCENT_FLIGHT_A world=(0.019,-0.500,-0.071) body=(0.500,0.000,-0.071) truth_z=3.561 drop=1.953 pitch=0.0deg seg=22
[INFO] [1788597539.882862, 612.820000]: DSTPUB phase=STAIR_DESCENT_FLIGHT_A world=(0.029,-0.499,-0.082) body=(0.500,0.000,-0.082) truth_z=3.421 drop=2.093 pitch=0.0deg seg=23
[INFO] [1788597541.467144, 613.834000]: DSTPUB phase=STAIR_DESCENT_FLIGHT_A world=(-0.004,-0.500,-0.045) body=(0.500,0.000,-0.045) truth_z=3.178 drop=2.336 pitch=0.0deg seg=24
[INFO] [1788597543.050658, 614.854000]: DSTPUB phase=STAIR_DESCENT_FLIGHT_A world=(0.004,-0.500,-0.054) body=(0.500,0.000,-0.054) truth_z=3.045 drop=2.469 pitch=0.0deg seg=22
[INFO] [1788597544.655760, 615.882000]: DSTPUB phase=STAIR_DESCENT_FLIGHT_A world=(-0.014,-0.500,-0.025) body=(0.500,0.000,-0.025) truth_z=2.902 drop=2.612 pitch=0.0deg seg=9
[INFO] [1788597544.683735, 615.902000]: Segment 1 (F3->F2) complete: drop=2.61 m, elapsed 39.9 s; turning on F2 landing for segment 2.
[INFO] [1788597547.040774, 617.414000]: Segment turn aligned (x err=0.111 m, y=1.702 in band [1.70, 1.95]); starting 180 deg turn.
[INFO] [1788597547.046843, 617.416000]: DSTPUB phase=STAIR_DESCENT_SEGMENT_TURN world=(-0.299,-0.032,-0.240) body=(0.008,-0.300,-0.240) truth_z=2.921 drop=0.000 pitch=1.0deg seg=-1
[INFO] [1788597547.383856, 617.634000]: Segment turn aligned (x err=0.119 m, y=1.701 in band [1.70, 1.95]); starting 180 deg turn.
[INFO] [1788597547.857472, 617.934000]: Segment turn aligned (x err=0.137 m, y=1.700 in band [1.70, 1.95]); starting 180 deg turn.
[0m[INFO] [1788596579.637864680]: Livox plugin Load complete with 800 rays[0m
[0m[INFO] [1788596579.639037670]: <initialOrientationAsReference> is unset, using default value of false to comply with REP 145 (world as orientation reference)[0m
[0m[INFO] [1788596579.639052245]: <robotNamespace> set to: //[0m
[0m[INFO] [1788596579.639061656]: <topicName> set to: /livox/imu[0m
[0m[INFO] [1788596579.639067618]: <frameName> set to: livox_imu_link[0m
[0m[INFO] [1788596579.639076049]: <updateRateHZ> set to: 1000[0m
[0m[INFO] [1788596579.639082303]: <gaussianNoise> set to: 0[0m
[0m[INFO] [1788596579.639097189]: <xyzOffset> set to: 0 0 0[0m
[0m[INFO] [1788596579.639105538]: <rpyOffset> set to: 0 -0 0[0m
[0m[INFO] [1788596580.908295719]: Camera Plugin: Using the 'robotNamespace' param: '/'[0m
[0m[INFO] [1788596580.910613439]: Camera Plugin (ns = /)  <tf_prefix_>, set to ""[0m
[0m[INFO] [1788596580.914897682]: Updating LinkState: reference_frame is empty/world/map, using inertial frame[0m
[0m[INFO] [1788596580.916455463]: Updating LinkState: reference_frame is empty/world/map, using inertial frame[0m
[0m[INFO] [1788596580.917172220]: Camera Plugin: Using the 'robotNamespace' param: '/'[0m
[0m[INFO] [1788596580.919047121]: Camera Plugin (ns = /)  <tf_prefix_>, set to ""[0m
[0m[INFO] [1788596581.745478919]: Loading gazebo_ros_control plugin[0m
[0m[INFO] [1788596581.745543445]: Starting gazebo_ros_control plugin in namespace: /a1_gazebo[0m
[0m[INFO] [1788596581.745990447]: gazebo_ros_control plugin is waiting for model URDF in parameter [/robot_description] on the ROS param server.[0m
[0m[INFO] [1788596581.859883455]: Loaded gazebo_ros_control.[0m
[INFO] [1788596579.273005, 0.000000]: building_generator_classic_control ready

auto-starting new master
[1mprocess[master]: started with pid [200138][0m
[1mROS_MASTER_URI=http://localhost:11311[0m
]2;/home/quinn/0904/threefloor_stress5_repro_20260827/work/mounts/SimEnv/src/simenv_bridge/launch/scanplanner_three_floor_rl.launch http://localhost:11311
[1msetting /run_id to ffd1a9ae-a902-11f1-9447-05c1f50d701d[0m
[1mprocess[rosout-1]: started with pid [200151][0m
started core service [/rosout]
[1mprocess[gazebo-2]: started with pid [200159][0m
[1mprocess[urdf_spawner-3]: started with pid [200162][0m
[1mprocess[state_from_gazebo-4]: started with pid [200165][0m
[1mprocess[a1_gazebo/controller_spawner-5]: started with pid [200166][0m
[1mprocess[robot_state_publisher-6]: started with pid [200167][0m
[1mprocess[unpause_after_controllers-7]: started with pid [200172][0m
[1mprocess[building_control-8]: started with pid [200174][0m
[1mprocess[open_mapping_entrance-9]: started with pid [200175][0m
[1mprocess[junior_ctrl-10]: started with pid [200180][0m
[1mprocess[scanplanner_pointcloud_bridge-11]: started with pid [200182][0m
[1mprocess[scan_planner_node-12]: started with pid [200183][0m
[1mprocess[closed_loop_controller-13]: started with pid [200185][0m
[1mprocess[scanplanner_plane_rl_bootstrap-14]: started with pid [200186][0m
[1mprocess[rl_floor_command_mux-15]: started with pid [200187][0m
[1mprocess[stair_transition_manager-16]: started with pid [200192][0m
[1mprocess[second_to_third_floor_stair_manager-17]: started with pid [200194][0m
[1mprocess[stair_descent_manager-18]: started with pid [200196][0m
[1mprocess[scanplanner_three_floor_goal_sequencer-19]: started with pid [200199][0m
[1mprocess[scanplanner_red_ball_detector-20]: started with pid [200200][0m
[1mprocess[three_floor_rl_mission_supervisor-21]: started with pid [200201][0m
[1m[open_mapping_entrance-9] process has finished cleanly
log file: /home/quinn/.ros/log/ffd1a9ae-a902-11f1-9447-05c1f50d701d/open_mapping_entrance-9*.log[0m
[1m[urdf_spawner-3] process has finished cleanly
log file: /home/quinn/.ros/log/ffd1a9ae-a902-11f1-9447-05c1f50d701d/urdf_spawner-3*.log[0m
[1m[unpause_after_controllers-7] process has finished cleanly
log file: /home/quinn/.ros/log/ffd1a9ae-a902-11f1-9447-05c1f50d701d/unpause_after_controllers-7*.log[0m
[1m[stair_transition_manager-16] process has finished cleanly
log file: /home/quinn/.ros/log/ffd1a9ae-a902-11f1-9447-05c1f50d701d/stair_transition_manager-16*.log[0m
[1m[second_to_third_floor_stair_manager-17] process has finished cleanly
log file: /home/quinn/.ros/log/ffd1a9ae-a902-11f1-9447-05c1f50d701d/second_to_third_floor_stair_manager-17*.log[0m
[three_floor_rl_mission_supervisor-21] killing on exit
[scanplanner_red_ball_detector-20] killing on exit
[scanplanner_three_floor_goal_sequencer-19] killing on exit
[stair_descent_manager-18] killing on exit
[rl_floor_command_mux-15] killing on exit
[scanplanner_plane_rl_bootstrap-14] killing on exit
[closed_loop_controller-13] killing on exit
[scan_planner_node-12] killing on exit
[scanplanner_pointcloud_bridge-11] killing on exit
[junior_ctrl-10] killing on exit
[building_control-8] killing on exit
[robot_state_publisher-6] killing on exit
[a1_gazebo/controller_spawner-5] killing on exit
[state_from_gazebo-4] killing on exit
[gazebo-2] killing on exit
[rosout-1] killing on exit
[master] killing on exit
shutting down processing monitor...
... shutting down processing monitor complete
[1mdone[0m
