xacro: in-order processing became default in ROS Melodic. You can drop the option.
... logging to /home/quinn/.ros/log/aafa36a4-a915-11f1-9447-05c1f50d701d/roslaunch-Legion-232556.log
Checking log directory for disk usage. This may take a while.
Press Ctrl-C to interrupt
Done checking log file disk usage. Usage is <1GB.
]2;/home/quinn/0904/threefloor_stress5_repro_20260827/work/mounts/SimEnv/src/simenv_bridge/launch/scanplanner_three_floor_rl.launch
[1mstarted roslaunch server http://Legion:37953/[0m

SUMMARY
========

CLEAR PARAMETERS
 * /scan_planner_node/

PARAMETERS
 * /a1_gazebo/FL_calf_controller/joint: FL_calf_joint
 * /a1_gazebo/FL_calf_controller/pid/d: 8.0
 * /a1_gazebo/FL_calf_controller/pid/i: 0.0
 * /a1_gazebo/FL_calf_controller/pid/p: 300.0
 * /a1_gazebo/FL_calf_controller/type: unitree_legged_co...
 * /a1_gazebo/FL_hip_controller/joint: FL_hip_joint
 * /a1_gazebo/FL_hip_controller/pid/d: 5.0
 * /a1_gazebo/FL_hip_controller/pid/i: 0.0
 * /a1_gazebo/FL_hip_controller/pid/p: 100.0
 * /a1_gazebo/FL_hip_controller/type: unitree_legged_co...
 * /a1_gazebo/FL_thigh_controller/joint: FL_thigh_joint
 * /a1_gazebo/FL_thigh_controller/pid/d: 8.0
 * /a1_gazebo/FL_thigh_controller/pid/i: 0.0
 * /a1_gazebo/FL_thigh_controller/pid/p: 300.0
 * /a1_gazebo/FL_thigh_controller/type: unitree_legged_co...
 * /a1_gazebo/FR_calf_controller/joint: FR_calf_joint
 * /a1_gazebo/FR_calf_controller/pid/d: 8.0
 * /a1_gazebo/FR_calf_controller/pid/i: 0.0
 * /a1_gazebo/FR_calf_controller/pid/p: 300.0
 * /a1_gazebo/FR_calf_controller/type: unitree_legged_co...
 * /a1_gazebo/FR_hip_controller/joint: FR_hip_joint
 * /a1_gazebo/FR_hip_controller/pid/d: 5.0
 * /a1_gazebo/FR_hip_controller/pid/i: 0.0
 * /a1_gazebo/FR_hip_controller/pid/p: 100.0
 * /a1_gazebo/FR_hip_controller/type: unitree_legged_co...
 * /a1_gazebo/FR_thigh_controller/joint: FR_thigh_joint
 * /a1_gazebo/FR_thigh_controller/pid/d: 8.0
 * /a1_gazebo/FR_thigh_controller/pid/i: 0.0
 * /a1_gazebo/FR_thigh_controller/pid/p: 300.0
 * /a1_gazebo/FR_thigh_controller/type: unitree_legged_co...
 * /a1_gazebo/RL_calf_controller/joint: RL_calf_joint
 * /a1_gazebo/RL_calf_controller/pid/d: 8.0
 * /a1_gazebo/RL_calf_controller/pid/i: 0.0
 * /a1_gazebo/RL_calf_controller/pid/p: 300.0
 * /a1_gazebo/RL_calf_controller/type: unitree_legged_co...
 * /a1_gazebo/RL_hip_controller/joint: RL_hip_joint
 * /a1_gazebo/RL_hip_controller/pid/d: 5.0
 * /a1_gazebo/RL_hip_controller/pid/i: 0.0
 * /a1_gazebo/RL_hip_controller/pid/p: 100.0
 * /a1_gazebo/RL_hip_controller/type: unitree_legged_co...
 * /a1_gazebo/RL_thigh_controller/joint: RL_thigh_joint
 * /a1_gazebo/RL_thigh_controller/pid/d: 8.0
 * /a1_gazebo/RL_thigh_controller/pid/i: 0.0
 * /a1_gazebo/RL_thigh_controller/pid/p: 300.0
 * /a1_gazebo/RL_thigh_controller/type: unitree_legged_co...
 * /a1_gazebo/RR_calf_controller/joint: RR_calf_joint
 * /a1_gazebo/RR_calf_controller/pid/d: 8.0
 * /a1_gazebo/RR_calf_controller/pid/i: 0.0
 * /a1_gazebo/RR_calf_controller/pid/p: 300.0
 * /a1_gazebo/RR_calf_controller/type: unitree_legged_co...
 * /a1_gazebo/RR_hip_controller/joint: RR_hip_joint
 * /a1_gazebo/RR_hip_controller/pid/d: 5.0
 * /a1_gazebo/RR_hip_controller/pid/i: 0.0
 * /a1_gazebo/RR_hip_controller/pid/p: 100.0
 * /a1_gazebo/RR_hip_controller/type: unitree_legged_co...
 * /a1_gazebo/RR_thigh_controller/joint: RR_thigh_joint
 * /a1_gazebo/RR_thigh_controller/pid/d: 8.0
 * /a1_gazebo/RR_thigh_controller/pid/i: 0.0
 * /a1_gazebo/RR_thigh_controller/pid/p: 300.0
 * /a1_gazebo/RR_thigh_controller/type: unitree_legged_co...
 * /a1_gazebo/joint_limits/FL_calf_joint/has_position_limits: False
 * /a1_gazebo/joint_limits/FR_calf_joint/has_position_limits: False
 * /a1_gazebo/joint_limits/RL_calf_joint/has_position_limits: False
 * /a1_gazebo/joint_limits/RR_calf_joint/has_position_limits: False
 * /a1_gazebo/joint_state_controller/publish_rate: 1000
 * /a1_gazebo/joint_state_controller/type: joint_state_contr...
 * /body_pose_topic: /Odometry_gazebo
 * /closed_loop_controller/finish_dist: 0.15
 * /closed_loop_controller/heading_error_threshold: 0.8
 * /closed_loop_controller/kp_pos: 0.8
 * /closed_loop_controller/kp_yaw: 1.5
 * /closed_loop_controller/max_vx: 2.05
 * /closed_loop_controller/max_vy: 0.35
 * /closed_loop_controller/max_vyaw: 1.0
 * /closed_loop_controller/time_forward: 0.8
 * /gazebo/enable_ros_network: True
 * /rl_floor_command_mux/command_timeout_sec: 0.4
 * /rl_floor_command_mux/linear_acceleration: 2.2
 * /rl_floor_command_mux/linear_deceleration: 2.0
 * /rl_floor_command_mux/max_forward: 2.25
 * /rl_floor_command_mux/max_lateral: 0.75
 * /rl_floor_command_mux/max_reverse: 0.2
 * /rl_floor_command_mux/max_yaw: 3.0
 * /rl_floor_command_mux/output_topic: /cmd_vel
 * /rl_floor_command_mux/planner_topic: /scanplanner/plan...
 * /rl_floor_command_mux/rate: 30.0
 * /rl_floor_command_mux/yaw_acceleration: 2.4
 * /rl_floor_command_mux/yaw_slowdown: 1.05
 * /rl_floor_command_mux/yaw_translation_stop: 1.3
 * /robot_description: <?xml version="1....
 * /robot_name: a1
 * /rosdistro: noetic
 * /rosversion: 1.17.4
 * /scan_planner_node/fsm/emergency_time_: 1.0
 * /scan_planner_node/fsm/fail_safe: True
 * /scan_planner_node/fsm/is_real_world: True
 * /scan_planner_node/fsm/manual_goal_use_current_height: True
 * /scan_planner_node/fsm/max_replan_fail_count: 1000
 * /scan_planner_node/fsm/navi_mode: 1
 * /scan_planner_node/fsm/planning_horizon: 7.5
 * /scan_planner_node/fsm/thresh_no_replan: 0.1
 * /scan_planner_node/fsm/thresh_replan: 1.0
 * /scan_planner_node/grid_map/cloud_is_world: True
 * /scan_planner_node/grid_map/cx: 317.19
 * /scan_planner_node/grid_map/cy: 256.48
 * /scan_planner_node/grid_map/depth_filter_margin: 1
 * /scan_planner_node/grid_map/depth_filter_maxdist: 3.0
 * /scan_planner_node/grid_map/depth_filter_mindist: 0.3
 * /scan_planner_node/grid_map/double_cylinder_offset: 0.18
 * /scan_planner_node/grid_map/double_cylinder_radius: 0.25
 * /scan_planner_node/grid_map/fx: 609.59
 * /scan_planner_node/grid_map/fy: 609.22
 * /scan_planner_node/grid_map/k_depth_scaling_factor: 1000.0
 * /scan_planner_node/grid_map/map_sliding_thresh: 0.2
 * /scan_planner_node/grid_map/max_ray_length: 5.0
 * /scan_planner_node/grid_map/need_extrinsic: True
 * /scan_planner_node/grid_map/obstacles_inflation_z_down: 0.4
 * /scan_planner_node/grid_map/obstacles_inflation_z_up: 0.1
 * /scan_planner_node/grid_map/p_hit: 0.85
 * /scan_planner_node/grid_map/p_max: 0.98
 * /scan_planner_node/grid_map/p_min: 0.12
 * /scan_planner_node/grid_map/p_miss: 0.3
 * /scan_planner_node/grid_map/p_occ: 0.8
 * /scan_planner_node/grid_map/resolution: 0.05
 * /scan_planner_node/grid_map/sensor_type: lidar
 * /scan_planner_node/grid_map/skip_pixel: 2
 * /scan_planner_node/grid_map/sliding_map_size_x: 10.0
 * /scan_planner_node/grid_map/sliding_map_size_y: 10.0
 * /scan_planner_node/grid_map/sliding_map_size_z: 5.0
 * /scan_planner_node/grid_map/vis_height: 0.3
 * /scan_planner_node/manager/control_points_distance: 0.2
 * /scan_planner_node/manager/feasibility_tolerance: 0.5
 * /scan_planner_node/manager/max_acc: 1.1
 * /scan_planner_node/manager/max_jerk: 4.0
 * /scan_planner_node/manager/max_vel: 2.05
 * /scan_planner_node/manager/planning_horizon: 7.5
 * /scan_planner_node/optimization/acc_tolerance: 1.0
 * /scan_planner_node/optimization/dist0: 0.2
 * /scan_planner_node/optimization/lambda_collision: 1.0
 * /scan_planner_node/optimization/lambda_feasibility: 0.1
 * /scan_planner_node/optimization/lambda_fitness: 1.0
 * /scan_planner_node/optimization/lambda_smooth: 1.0
 * /scan_planner_node/optimization/max_acc: 1.1
 * /scan_planner_node/optimization/max_vel: 2.05
 * /scan_planner_node/optimization/vel_tolerance: 1.0
 * /scanplanner_plane_rl_bootstrap/fixed_stand_max_duration_sec: 25.0
 * /scanplanner_plane_rl_bootstrap/release_after_rl_request: True
 * /scanplanner_plane_rl_bootstrap/rl_repeat_seconds: 120.0
 * /scanplanner_plane_rl_bootstrap/stand_after_seconds: 1.0
 * /scanplanner_pointcloud_bridge/input: /scan
 * /scanplanner_pointcloud_bridge/laser_blind: 0.5
 * /scanplanner_pointcloud_bridge/maximum_rate_hz: 5.0
 * /scanplanner_pointcloud_bridge/maximum_vertical_angle_deg: 55
 * /scanplanner_pointcloud_bridge/minimum_vertical_angle_deg: -7
 * /scanplanner_pointcloud_bridge/odom_topic: /Odometry_gazebo
 * /scanplanner_pointcloud_bridge/output: /registered_scan
 * /scanplanner_pointcloud_bridge/world_frame: map
 * /scanplanner_red_ball_detector/camera_info_topic: /recording_camera...
 * /scanplanner_red_ball_detector/camera_ready_topic: /simenv/recording...
 * /scanplanner_red_ball_detector/confirm_count: 3
 * /scanplanner_red_ball_detector/depth_topic: /real_sense/depth...
 * /scanplanner_red_ball_detector/floor_height_m: 2.6
 * /scanplanner_red_ball_detector/ground_range_scale: 0.95
 * /scanplanner_red_ball_detector/image_topic: /recording_camera...
 * /scanplanner_red_ball_detector/layout_metadata: /tmp/simenv_bridg...
 * /scanplanner_red_ball_detector/maximum_processing_rate_hz: 0.0
 * /scanplanner_red_ball_detector/merge_radius: 1.1
 * /scanplanner_red_ball_detector/out_json: /home/quinn/0904/...
 * /scanplanner_red_ball_detector/require_room_boundary_during_scan: True
 * /scanplanner_red_ball_detector/room_boundary_margin_m: 0.5
 * /scanplanner_red_ball_detector/scan_active_topic: /scanplanner/room...
 * /scanplanner_red_ball_detector/use_depth: True
 * /scanplanner_three_floor_goal_sequencer/direct_plane_distance_gain: 1.25
 * /scanplanner_three_floor_goal_sequencer/direct_plane_max_lateral_speed_mps: 0.75
 * /scanplanner_three_floor_goal_sequencer/direct_plane_min_forward_speed: 0.3
 * /scanplanner_three_floor_goal_sequencer/direct_plane_translation_heading_limit_rad: 1.45
 * /scanplanner_three_floor_goal_sequencer/direct_plane_yaw_rate: 1.15
 * /scanplanner_three_floor_goal_sequencer/direct_stair_yaw_rate: 0.35
 * /scanplanner_three_floor_goal_sequencer/entrance_fixed_heading_release_rad: 0.2
 * /scanplanner_three_floor_goal_sequencer/entrance_lateral_gain: 0.6
 * /scanplanner_three_floor_goal_sequencer/entrance_max_lateral_speed_mps: 0.12
 * /scanplanner_three_floor_goal_sequencer/entrance_progress_timeout_sec: 5.0
 * /scanplanner_three_floor_goal_sequencer/entrance_recovery_hold_sec: 1.0
 * /scanplanner_three_floor_goal_sequencer/entrance_recovery_max_attempts: 2
 * /scanplanner_three_floor_goal_sequencer/entrance_speed_scale: 1.45
 * /scanplanner_three_floor_goal_sequencer/floor_control_settle_sec: 0.15
 * /scanplanner_three_floor_goal_sequencer/handoff_timeout_sec: 300.0
 * /scanplanner_three_floor_goal_sequencer/manager_release_settle_sec: 0.1
 * /scanplanner_three_floor_goal_sequencer/maximum_floor_speed: 2.25
 * /scanplanner_three_floor_goal_sequencer/maximum_replans: 2
 * /scanplanner_three_floor_goal_sequencer/minimum_upright_duration_sec: 0.6
 * /scanplanner_three_floor_goal_sequencer/minimum_upright_z: 0.55
 * /scanplanner_three_floor_goal_sequencer/mission_config: /tmp/simenv_bridg...
 * /scanplanner_three_floor_goal_sequencer/output_dir: /home/quinn/0904/...
 * /scanplanner_three_floor_goal_sequencer/plane_attitude_hold_upright_z: 0.9
 * /scanplanner_three_floor_goal_sequencer/plane_attitude_slowdown_upright_z: 0.97
 * /scanplanner_three_floor_goal_sequencer/plane_fast_takeover: True
 * /scanplanner_three_floor_goal_sequencer/plane_fast_takeover_blend_seconds: 0.5
 * /scanplanner_three_floor_goal_sequencer/plane_fast_takeover_zero_hold_seconds: 0.15
 * /scanplanner_three_floor_goal_sequencer/plane_motion_start_ramp_initial_speed_mps: 0.3
 * /scanplanner_three_floor_goal_sequencer/plane_motion_start_ramp_minimum_upright_z: 0.985
 * /scanplanner_three_floor_goal_sequencer/plane_motion_start_ramp_seconds: 3.0
 * /scanplanner_three_floor_goal_sequencer/policy_timeout_sec: 35.0
 * /scanplanner_three_floor_goal_sequencer/progress_timeout_sec: 45.0
 * /scanplanner_three_floor_goal_sequencer/room_scan_settle_sec: 0.1
 * /scanplanner_three_floor_goal_sequencer/room_scan_timeout_sec: 30.0
 * /scanplanner_three_floor_goal_sequencer/room_scan_turn_rad: 1.9
 * /scanplanner_three_floor_goal_sequencer/room_scan_yaw_rate: 2.8
 * /scanplanner_three_floor_goal_sequencer/room_tolerance: 0.4
 * /scanplanner_three_floor_goal_sequencer/speed_scale: 2.6
 * /scanplanner_three_floor_goal_sequencer/stage_announcement_hold_sec: 0.15
 * /scanplanner_three_floor_goal_sequencer/startup_timeout_sec: 240.0
 * /scanplanner_three_floor_goal_sequencer/waypoint_timeout_sec: 150.0
 * /second_to_third_floor_stair_manager/ascent_maximum_speed_mps: 0.8
 * /second_to_third_floor_stair_manager/ascent_speed_mps: 0.8
 * /second_to_third_floor_stair_manager/ascent_timeout_sec: 45.0
 * /second_to_third_floor_stair_manager/auto_start: False
 * /second_to_third_floor_stair_manager/command_topic: /cmd_vel
 * /second_to_third_floor_stair_manager/enable_truth_return_gate: False
 * /second_to_third_floor_stair_manager/enable_visual_stair_alignment: False
 * /second_to_third_floor_stair_manager/entry_alignment_yaw_rate_rps: 0.4
 * /second_to_third_floor_stair_manager/flight_a_height_gain_m: 1.05
 * /second_to_third_floor_stair_manager/flight_b_timeout_sec: 22.0
 * /second_to_third_floor_stair_manager/height_plot_basename: 21_truth_stair_he...
 * /second_to_third_floor_stair_manager/hold_rl_during_ascent: True
 * /second_to_third_floor_stair_manager/landing_cross_distance_m: 0.95
 * /second_to_third_floor_stair_manager/landing_cross_speed_mps: 0.75
 * /second_to_third_floor_stair_manager/landing_heading_tolerance_rad: 0.15
 * /second_to_third_floor_stair_manager/landing_timeout_sec: 30.0
 * /second_to_third_floor_stair_manager/landing_turn_angle_rad: -2.4
 * /second_to_third_floor_stair_manager/landing_turn_speed_rps: 1.2
 * /second_to_third_floor_stair_manager/mission_failure_token: SECOND_FLOOR_EXPL...
 * /second_to_third_floor_stair_manager/mission_trigger_token: SECOND_FLOOR_EXPL...
 * /second_to_third_floor_stair_manager/mission_trigger_topic: /simenv/second_fl...
 * /second_to_third_floor_stair_manager/odom_topic: /Odometry_gazebo
 * /second_to_third_floor_stair_manager/offline_stair_model_sdf: /tmp/simenv_bridg...
 * /second_to_third_floor_stair_manager/offline_truth_layout_metadata: /tmp/simenv_bridg...
 * /second_to_third_floor_stair_manager/output_dir: /home/quinn/0904/...
 * /second_to_third_floor_stair_manager/plane_policy: /home/quinn/0904/...
 * /second_to_third_floor_stair_manager/policy_warmup_seconds: 0.2
 * /second_to_third_floor_stair_manager/pre_ascent_rl_fast_blend_seconds: 0.5
 * /second_to_third_floor_stair_manager/pre_ascent_rl_fast_takeover: True
 * /second_to_third_floor_stair_manager/pre_ascent_rl_fast_zero_hold_seconds: 0.15
 * /second_to_third_floor_stair_manager/pre_ascent_rl_settle_seconds: 0.6
 * /second_to_third_floor_stair_manager/pre_ascent_stand_seconds: 0.0
 * /second_to_third_floor_stair_manager/second_floor_handoff_timeout_sec: 90.0
 * /second_to_third_floor_stair_manager/second_floor_stable_seconds: 0.5
 * /second_to_third_floor_stair_manager/source_floor_index: 1
 * /second_to_third_floor_stair_manager/stair_policy: /home/quinn/0904/...
 * /second_to_third_floor_stair_manager/state_topic: /simenv/second_to...
 * /second_to_third_floor_stair_manager/target_floor_number: 3
 * /second_to_third_floor_stair_manager/total_height_gain_m: 2.2
 * /second_to_third_floor_stair_manager/trajectory_plot_basename: 21_f2_to_third_fl...
 * /second_to_third_floor_stair_manager/transition_log_basename: second_to_third_f...
 * /second_to_third_floor_stair_manager/transition_plot_basename: 21_second_to_thir...
 * /second_to_third_floor_stair_manager/truth_entry_final_speed_mps: 0.55
 * /second_to_third_floor_stair_manager/truth_entry_guide: True
 * /second_to_third_floor_stair_manager/truth_entry_guide_min_speed_mps: 0.25
 * /second_to_third_floor_stair_manager/truth_entry_guide_speed_mps: 0.45
 * /second_to_third_floor_stair_manager/truth_entry_timeout_sec: 120.0
 * /second_to_third_floor_stair_manager/truth_fixed_two_flight_profile: True
 * /second_to_third_floor_stair_manager/truth_flight_a_backslide_recovery_hold_seconds: 1.5
 * /second_to_third_floor_stair_manager/truth_flight_a_backslide_recovery_max_attempts: 2
 * /second_to_third_floor_stair_manager/truth_flight_a_backslide_recovery_ramp_seconds: 1.0
 * /second_to_third_floor_stair_manager/truth_flight_a_backslide_recovery_ramp_speed_mps: 0.4
 * /second_to_third_floor_stair_manager/truth_flight_a_climb_ramp_seconds: 1.2
 * /second_to_third_floor_stair_manager/truth_flight_a_near_edge_strong_center_error_m: 0.24
 * /second_to_third_floor_stair_manager/truth_flight_a_policy_capture_max_joint_velocity_rms: 0.18
 * /second_to_third_floor_stair_manager/truth_flight_a_policy_fast_fixed_stand: True
 * /second_to_third_floor_stair_manager/truth_flight_a_policy_fast_fixed_stand_duration_seconds: 0.5
 * /second_to_third_floor_stair_manager/truth_flight_a_policy_fast_fixed_stand_minimum_elapsed_seconds: 0.5
 * /second_to_third_floor_stair_manager/truth_flight_a_policy_fast_fixed_stand_minimum_gain_ratio: 0.75
 * /second_to_third_floor_stair_manager/truth_flight_a_policy_fast_fixed_stand_settle_seconds: 0.0
 * /second_to_third_floor_stair_manager/truth_flight_a_policy_fast_fixed_stand_stable_seconds: 0.5
 * /second_to_third_floor_stair_manager/truth_flight_a_policy_fixed_stand_ready_timeout_sec: 12.0
 * /second_to_third_floor_stair_manager/truth_flight_a_policy_require_fixed_stand_ready: True
 * /second_to_third_floor_stair_manager/truth_flight_a_policy_settle_seconds: 0.35
 * /second_to_third_floor_stair_manager/truth_flight_a_policy_settle_timeout_sec: 8.0
 * /second_to_third_floor_stair_manager/truth_flight_a_policy_stand_seconds: 0.1
 * /second_to_third_floor_stair_manager/truth_flight_a_policy_use_default_stand_target: False
 * /second_to_third_floor_stair_manager/truth_flight_a_rearward_slip_max_climb_speed_mps: 0.12
 * /second_to_third_floor_stair_manager/truth_flight_a_rearward_slip_speed_mps: 0.3
 * /second_to_third_floor_stair_manager/truth_flight_a_recovery_center_speed_mps: 0.22
 * /second_to_third_floor_stair_manager/truth_flight_a_recovery_forward_speed_mps: 0.6
 * /second_to_third_floor_stair_manager/truth_flight_a_require_fresh_ready: True
 * /second_to_third_floor_stair_manager/truth_flight_a_stall_release_seconds: 1.5
 * /second_to_third_floor_stair_manager/truth_flight_a_strong_recovery_forward_speed_mps: 0.4
 * /second_to_third_floor_stair_manager/truth_flight_b_max_yaw_rate_rps: 0.1
 * /second_to_third_floor_stair_manager/truth_flight_b_near_edge_strong_center_error_m: 0.24
 * /second_to_third_floor_stair_manager/truth_flight_b_pitch_min_height_gain_m: 0.08
 * /second_to_third_floor_stair_manager/truth_flight_b_pitch_rate_min_abs_rad: 0.6
 * /second_to_third_floor_stair_manager/truth_flight_b_pitch_rate_trigger_rps: 1.6
 * /second_to_third_floor_stair_manager/truth_flight_b_pitch_rate_window_sec: 0.18
 * /second_to_third_floor_stair_manager/truth_flight_b_pitch_recovery_max_attempts: 2
 * /second_to_third_floor_stair_manager/truth_flight_b_rearward_slip_speed_mps: 0.3
 * /second_to_third_floor_stair_manager/truth_flight_b_recovery_forward_speed_mps: 0.6
 * /second_to_third_floor_stair_manager/truth_flight_b_recovery_hold_seconds: 4.0
 * /second_to_third_floor_stair_manager/truth_flight_b_severe_pitch_detect_seconds: 0.1
 * /second_to_third_floor_stair_manager/truth_flight_b_severe_pitch_rad: 0.8
 * /second_to_third_floor_stair_manager/truth_flight_b_strong_recovery_forward_speed_mps: 0.4
 * /second_to_third_floor_stair_manager/truth_landing_recenter_speed_mps: 0.75
 * /second_to_third_floor_stair_manager/truth_two_stage_guide: True
 * /second_to_third_floor_stair_manager/truth_upper_floor_exit_clearance_m: 0.8
 * /second_to_third_floor_stair_manager/two_flight_stair: True
 * /second_to_third_floor_stair_manager/upper_floor_handoff_complete_phase: THIRD_FLOOR_HANDO...
 * /second_to_third_floor_stair_manager/upper_floor_handoff_timeout_phase: THIRD_FLOOR_HANDO...
 * /second_to_third_floor_stair_manager/upper_floor_reached_phase: THIRD_FLOOR_REACHED
 * /second_to_third_floor_stair_manager/upper_floor_ready_token: THIRD_FLOOR_EXPLO...
 * /second_to_third_floor_stair_manager/upper_floor_settle_phase: THIRD_FLOOR_SETTLE
 * /second_to_third_floor_stair_manager/upper_floor_state_topic: /simenv/third_flo...
 * /second_to_third_floor_stair_manager/upper_landing_clearance_grace_sec: 15.0
 * /second_to_third_floor_stair_manager/wait_for_second_floor_handoff: True
 * /second_to_third_floor_stair_manager/world_frame_ascent: True
 * /simenv/plane_tilt_guard_release_rad: 0.1
 * /simenv/plane_tilt_guard_stop_rad: 0.27
 * /simenv/plane_tilt_guard_warning_rad: 0.14
 * /stair_descent_manager/command_topic: /cmd_vel
 * /stair_descent_manager/descent_maximum_speed_mps: 0.8
 * /stair_descent_manager/descent_segment_timeout_sec: 600.0
 * /stair_descent_manager/descent_speed_mps: 0.8
 * /stair_descent_manager/end_floor_number: 1
 * /stair_descent_manager/mission_trigger_token: THIRD_FLOOR_EXPLO...
 * /stair_descent_manager/mission_trigger_topic: /simenv/third_flo...
 * /stair_descent_manager/odom_topic: /Odometry_gazebo
 * /stair_descent_manager/offline_stair_model_sdf: /tmp/simenv_bridg...
 * /stair_descent_manager/offline_truth_layout_metadata: /tmp/simenv_bridg...
 * /stair_descent_manager/output_dir: /home/quinn/0904/...
 * /stair_descent_manager/policy_switch_fast_fixed_stand: True
 * /stair_descent_manager/policy_switch_fast_fixed_stand_duration_seconds: 0.5
 * /stair_descent_manager/policy_switch_fast_fixed_stand_minimum_elapsed_seconds: 0.5
 * /stair_descent_manager/policy_switch_fast_fixed_stand_minimum_gain_ratio: 0.75
 * /stair_descent_manager/policy_switch_fast_fixed_stand_settle_seconds: 0.0
 * /stair_descent_manager/policy_switch_fast_fixed_stand_stable_seconds: 0.5
 * /stair_descent_manager/policy_switch_fixed_stand_timeout_sec: 12.0
 * /stair_descent_manager/policy_switch_max_joint_velocity_rms: 0.35
 * /stair_descent_manager/policy_switch_queue_hold_seconds: 0.25
 * /stair_descent_manager/policy_switch_reentry_timeout_sec: 20.0
 * /stair_descent_manager/policy_switch_settle_seconds: 0.45
 * /stair_descent_manager/policy_switch_settle_timeout_sec: 6.0
 * /stair_descent_manager/policy_warmup_seconds: 0.75
 * /stair_descent_manager/pre_descent_stand_seconds: 0.25
 * /stair_descent_manager/segment_one_log_basename: third_to_second_f...
 * /stair_descent_manager/segment_two_log_basename: second_to_first_f...
 * /stair_descent_manager/skip_entry_guide: True
 * /stair_descent_manager/stair_policy: /home/quinn/0904/...
 * /stair_descent_manager/start_floor_number: 3
 * /stair_descent_manager/state_topic: /simenv/third_to_...
 * /stair_descent_manager/transition_log_basename: stair_descent.json
 * /stair_descent_manager/truth_descent_backoff_escalation_m: 0.15
 * /stair_descent_manager/truth_descent_east_align_minimum_x_speed_mps: 0.3
 * /stair_descent_manager/truth_descent_east_align_tread_drop_m: 0.05
 * /stair_descent_manager/truth_descent_entry_guide_speed_mps: 1.15
 * /stair_descent_manager/truth_descent_final_landing_max_body_height_m: 1.0
 * /stair_descent_manager/truth_descent_final_landing_max_tilt_rad: 0.45
 * /stair_descent_manager/truth_descent_final_landing_min_body_height_m: 0.2
 * /stair_descent_manager/truth_descent_final_landing_minimum_upright_z: 0.75
 * /stair_descent_manager/truth_descent_final_landing_settle_seconds: 1.0
 * /stair_descent_manager/truth_descent_final_landing_timeout_sec: 20.0
 * /stair_descent_manager/truth_descent_flight_a_end_y: 1.75
 * /stair_descent_manager/truth_descent_flight_center_correction_error_m: 0.22
 * /stair_descent_manager/truth_descent_flight_center_correction_speed_mps: 0.5
 * /stair_descent_manager/truth_descent_flight_center_correction_yaw_rate_rps: 0.2
 * /stair_descent_manager/truth_descent_flight_center_steer_gain: 1.0
 * /stair_descent_manager/truth_descent_flight_center_steer_max_rad: 0.24
 * /stair_descent_manager/truth_descent_flight_end_slowdown_drop_m: 0.95
 * /stair_descent_manager/truth_descent_flight_end_speed_mps: 0.6
 * /stair_descent_manager/truth_descent_flight_heading_correction_error_rad: 0.22
 * /stair_descent_manager/truth_descent_flight_heading_correction_speed_mps: 0.4
 * /stair_descent_manager/truth_descent_flight_heading_correction_yaw_rate_rps: 0.3
 * /stair_descent_manager/truth_descent_flight_heading_gain: 0.55
 * /stair_descent_manager/truth_descent_flight_initial_hold_drop_m: 0.18
 * /stair_descent_manager/truth_descent_flight_initial_ramp_end_drop_m: 0.45
 * /stair_descent_manager/truth_descent_flight_initial_speed_mps: 0.55
 * /stair_descent_manager/truth_descent_flight_max_yaw_rate_rps: 0.14
 * /stair_descent_manager/truth_descent_flight_severe_tilt_hold_sec: 0.8
 * /stair_descent_manager/truth_descent_flight_severe_tilt_rad: 0.6
 * /stair_descent_manager/truth_descent_flight_severe_tilt_speed_mps: 0.3
 * /stair_descent_manager/truth_descent_flight_tilt_hold_sec: 0.6
 * /stair_descent_manager/truth_descent_flight_tilt_slowdown_rad: 0.48
 * /stair_descent_manager/truth_descent_flight_tilt_speed_mps: 0.55
 * /stair_descent_manager/truth_descent_gain_up_drop_m: 0.35
 * /stair_descent_manager/truth_descent_landing_heading_tolerance_rad: 0.18
 * /stair_descent_manager/truth_descent_landing_minimum_x_speed_mps: 0.3
 * /stair_descent_manager/truth_descent_landing_minimum_yaw_rate_rps: 0.34
 * /stair_descent_manager/truth_descent_landing_position_tolerance_m: 0.12
 * /stair_descent_manager/truth_descent_landing_recenter_speed_mps: 0.4
 * /stair_descent_manager/truth_descent_landing_settle_seconds: 1.5
 * /stair_descent_manager/truth_descent_landing_slip_max_attempts: 4
 * /stair_descent_manager/truth_descent_landing_turn_speed_rps: 1.2
 * /stair_descent_manager/truth_descent_max_center_error_m: 0.4
 * /stair_descent_manager/truth_descent_minimum_upright_z: 0.55
 * /stair_descent_manager/truth_descent_segment_turn_alignment_minimum_speed_mps: 0.3
 * /stair_descent_manager/truth_descent_segment_turn_alignment_progress_min_m: 0.025
 * /stair_descent_manager/truth_descent_segment_turn_alignment_progress_timeout_sec: 3.0
 * /stair_descent_manager/truth_descent_segment_turn_drift_limit_m: 0.4
 * /stair_descent_manager/truth_descent_segment_turn_lateral_speed_mps: 0.4
 * /stair_descent_manager/truth_descent_segment_turn_position_tolerance_m: 0.16
 * /stair_descent_manager/truth_descent_segment_turn_progress_min_improvement_rad: 0.11
 * /stair_descent_manager/truth_descent_segment_turn_progress_timeout_sec: 2.8
 * /stair_descent_manager/truth_descent_segment_turn_side_speed_mps: 0.4
 * /stair_descent_manager/truth_descent_segment_turn_x_safe_tolerance_m: 0.25
 * /stair_descent_manager/truth_descent_segment_turn_y_safe_high_m: 1.95
 * /stair_descent_manager/truth_descent_segment_turn_yaw_rate_rps: 1.0
 * /stair_descent_manager/truth_descent_side_slip_pause_sec: 0.5
 * /stair_descent_manager/truth_descent_stall_seconds: 3.0
 * /stair_descent_manager/truth_descent_step_pause_interval_m: 0.18
 * /stair_descent_manager/truth_descent_step_pause_seconds: 0.0
 * /stair_descent_manager/truth_descent_trigger_timeout_sec: 2400.0
 * /stair_descent_manager/truth_descent_turn_forward_speed_mps: 0.08
 * /stair_descent_manager/truth_descent_turn_forward_y_limit_m: 4.82
 * /stair_descent_manager/truth_descent_turn_start_y: 5.05
 * /stair_descent_manager/truth_entry_guide: True
 * /stair_descent_manager/truth_two_stage_guide: True
 * /stair_transition_manager/ascent_maximum_speed_mps: 0.8
 * /stair_transition_manager/ascent_speed_mps: 0.8
 * /stair_transition_manager/ascent_timeout_sec: 70.0
 * /stair_transition_manager/auto_start: False
 * /stair_transition_manager/command_topic: /cmd_vel
 * /stair_transition_manager/enable_truth_return_gate: False
 * /stair_transition_manager/enable_visual_stair_alignment: False
 * /stair_transition_manager/entry_alignment_yaw_rate_rps: 0.4
 * /stair_transition_manager/flight_a_height_gain_m: 1.05
 * /stair_transition_manager/flight_b_timeout_sec: 70.0
 * /stair_transition_manager/hold_rl_during_ascent: True
 * /stair_transition_manager/landing_cross_distance_m: 0.95
 * /stair_transition_manager/landing_cross_speed_mps: 0.75
 * /stair_transition_manager/landing_heading_tolerance_rad: 0.15
 * /stair_transition_manager/landing_timeout_sec: 30.0
 * /stair_transition_manager/landing_turn_angle_rad: -2.4
 * /stair_transition_manager/landing_turn_speed_rps: 1.2
 * /stair_transition_manager/odom_topic: /Odometry_gazebo
 * /stair_transition_manager/offline_stair_model_sdf: /tmp/simenv_bridg...
 * /stair_transition_manager/offline_truth_layout_metadata: /tmp/simenv_bridg...
 * /stair_transition_manager/output_dir: /home/quinn/0904/...
 * /stair_transition_manager/plane_policy: /home/quinn/0904/...
 * /stair_transition_manager/policy_warmup_seconds: 0.2
 * /stair_transition_manager/pre_ascent_rl_fast_blend_seconds: 0.5
 * /stair_transition_manager/pre_ascent_rl_fast_takeover: True
 * /stair_transition_manager/pre_ascent_rl_fast_zero_hold_seconds: 0.15
 * /stair_transition_manager/pre_ascent_rl_settle_seconds: 0.6
 * /stair_transition_manager/pre_ascent_stand_seconds: 0.0
 * /stair_transition_manager/second_floor_handoff_timeout_sec: 90.0
 * /stair_transition_manager/second_floor_stable_seconds: 0.5
 * /stair_transition_manager/stair_policy: /home/quinn/0904/...
 * /stair_transition_manager/total_height_gain_m: 2.2
 * /stair_transition_manager/truth_entry_final_speed_mps: 0.55
 * /stair_transition_manager/truth_entry_guide: True
 * /stair_transition_manager/truth_entry_guide_min_speed_mps: 0.25
 * /stair_transition_manager/truth_entry_guide_speed_mps: 0.45
 * /stair_transition_manager/truth_entry_timeout_sec: 120.0
 * /stair_transition_manager/truth_fixed_two_flight_profile: True
 * /stair_transition_manager/truth_flight_a_backslide_recovery_hold_seconds: 1.5
 * /stair_transition_manager/truth_flight_a_backslide_recovery_max_attempts: 2
 * /stair_transition_manager/truth_flight_a_backslide_recovery_ramp_seconds: 1.0
 * /stair_transition_manager/truth_flight_a_backslide_recovery_ramp_speed_mps: 0.4
 * /stair_transition_manager/truth_flight_a_climb_ramp_seconds: 1.2
 * /stair_transition_manager/truth_flight_a_near_edge_strong_center_error_m: 0.24
 * /stair_transition_manager/truth_flight_a_policy_capture_max_joint_velocity_rms: 0.18
 * /stair_transition_manager/truth_flight_a_policy_fast_fixed_stand: True
 * /stair_transition_manager/truth_flight_a_policy_fast_fixed_stand_duration_seconds: 0.5
 * /stair_transition_manager/truth_flight_a_policy_fast_fixed_stand_minimum_elapsed_seconds: 0.5
 * /stair_transition_manager/truth_flight_a_policy_fast_fixed_stand_minimum_gain_ratio: 0.75
 * /stair_transition_manager/truth_flight_a_policy_fast_fixed_stand_settle_seconds: 0.0
 * /stair_transition_manager/truth_flight_a_policy_fast_fixed_stand_stable_seconds: 0.5
 * /stair_transition_manager/truth_flight_a_policy_fixed_stand_ready_timeout_sec: 12.0
 * /stair_transition_manager/truth_flight_a_policy_require_fixed_stand_ready: True
 * /stair_transition_manager/truth_flight_a_policy_settle_seconds: 0.35
 * /stair_transition_manager/truth_flight_a_policy_settle_timeout_sec: 8.0
 * /stair_transition_manager/truth_flight_a_policy_stand_seconds: 0.1
 * /stair_transition_manager/truth_flight_a_policy_use_default_stand_target: False
 * /stair_transition_manager/truth_flight_a_prediction_horizon_sec: 1.1
 * /stair_transition_manager/truth_flight_a_rearward_slip_max_climb_speed_mps: 0.12
 * /stair_transition_manager/truth_flight_a_rearward_slip_speed_mps: 0.3
 * /stair_transition_manager/truth_flight_a_recovery_center_speed_mps: 0.22
 * /stair_transition_manager/truth_flight_a_recovery_forward_speed_mps: 0.6
 * /stair_transition_manager/truth_flight_a_require_fresh_ready: True
 * /stair_transition_manager/truth_flight_a_stall_release_seconds: 1.5
 * /stair_transition_manager/truth_flight_a_strong_recovery_forward_speed_mps: 0.4
 * /stair_transition_manager/truth_flight_b_max_yaw_rate_rps: 0.1
 * /stair_transition_manager/truth_flight_b_near_edge_strong_center_error_m: 0.24
 * /stair_transition_manager/truth_flight_b_pitch_min_height_gain_m: 0.08
 * /stair_transition_manager/truth_flight_b_pitch_rate_min_abs_rad: 0.6
 * /stair_transition_manager/truth_flight_b_pitch_rate_trigger_rps: 1.6
 * /stair_transition_manager/truth_flight_b_pitch_rate_window_sec: 0.18
 * /stair_transition_manager/truth_flight_b_pitch_recovery_max_attempts: 2
 * /stair_transition_manager/truth_flight_b_rearward_slip_speed_mps: 0.3
 * /stair_transition_manager/truth_flight_b_recovery_forward_speed_mps: 0.6
 * /stair_transition_manager/truth_flight_b_recovery_hold_seconds: 4.0
 * /stair_transition_manager/truth_flight_b_severe_pitch_detect_seconds: 0.1
 * /stair_transition_manager/truth_flight_b_severe_pitch_rad: 0.8
 * /stair_transition_manager/truth_flight_b_strong_recovery_forward_speed_mps: 0.4
 * /stair_transition_manager/truth_landing_recenter_speed_mps: 0.75
 * /stair_transition_manager/truth_two_stage_guide: True
 * /stair_transition_manager/two_flight_stair: True
 * /stair_transition_manager/upper_landing_clearance_grace_sec: 15.0
 * /stair_transition_manager/wait_for_second_floor_handoff: True
 * /stair_transition_manager/world_frame_ascent: True
 * /state_from_gazebo/robot_name: a1
 * /three_floor_rl_mission_supervisor/lobby_heading_stable_sec: 0.3
 * /three_floor_rl_mission_supervisor/lobby_initial_forward_speed_mps: 0.4
 * /three_floor_rl_mission_supervisor/lobby_linear_acceleration_mps2: 1.0
 * /three_floor_rl_mission_supervisor/minimum_upright_duration_sec: 0.6
 * /three_floor_rl_mission_supervisor/minimum_upright_z: 0.55
 * /three_floor_rl_mission_supervisor/mission_config: /tmp/simenv_bridg...
 * /three_floor_rl_mission_supervisor/mission_timeout_sec: 1800.0
 * /three_floor_rl_mission_supervisor/output_dir: /home/quinn/0904/...
 * /three_floor_rl_mission_supervisor/plane_fast_takeover: True
 * /three_floor_rl_mission_supervisor/plane_fast_takeover_blend_seconds: 0.5
 * /three_floor_rl_mission_supervisor/plane_fast_takeover_zero_hold_seconds: 0.15
 * /three_floor_rl_mission_supervisor/plane_motion_start_ramp_initial_speed_mps: 0.3
 * /three_floor_rl_mission_supervisor/plane_motion_start_ramp_minimum_upright_z: 0.985
 * /three_floor_rl_mission_supervisor/plane_motion_start_ramp_seconds: 3.0
 * /three_floor_rl_mission_supervisor/progress_timeout_sec: 20.0
 * /unpause_after_controllers/controller_namespace: /a1_gazebo
 * /unpause_after_controllers/load_window_seconds: 2.0
 * /unpause_after_controllers/timeout: 120
 * /use_sim_time: True
 * /world_file: /tmp/simenv_bridg...

NODES
  /
    building_control (building_generator_classic/building_generator_classic_control)
    closed_loop_controller (scan_planner/closed_loop_controller)
    gazebo (gazebo_ros/gzserver)
    junior_ctrl (simenv_bridge/classic_trotting_controller.py)
    open_mapping_entrance (simenv_competitor/open_mapping_entrance.py)
    rl_floor_command_mux (simenv_bridge/rl_floor_command_mux.py)
    robot_state_publisher (robot_state_publisher/robot_state_publisher)
    scan_planner_node (scan_planner/scan_planner_node)
    scanplanner_plane_rl_bootstrap (simenv_competitor/controller_mode_bootstrap.py)
    scanplanner_pointcloud_bridge (simenv_bridge/scanplanner_pointcloud_bridge.py)
    scanplanner_red_ball_detector (simenv_bridge/danger_detector.py)
    scanplanner_three_floor_goal_sequencer (simenv_bridge/scanplanner_three_floor_goal_sequencer.py)
    second_to_third_floor_stair_manager (simenv_bridge/stair_transition_manager.py)
    stair_descent_manager (simenv_bridge/stair_descent_manager.py)
    stair_transition_manager (simenv_bridge/stair_transition_manager.py)
    state_from_gazebo (unitree_guide/state_from_gazebo)
    three_floor_rl_mission_supervisor (simenv_bridge/three_floor_rl_mission_supervisor.py)
    unpause_after_controllers (simenv_competitor/unpause_after_controllers.py)
    urdf_spawner (gazebo_ros/spawn_model)
  /a1_gazebo/
    controller_spawner (controller_manager/spawner)
[33m[WARN] [1788604596.100823119]: [closed_loop_controller] ready.[0m
hit: 1.7346
miss: -0.847298
min log: -1.99243
max: 3.89182
thresh log: 1.38629
Using junior_ctrl: /home/quinn/0904/SimEnv-master/devel/lib/unitree_guide/junior_ctrl
Waiting for Gazebo A1 joint state and trunk IMU before junior_ctrl
[0m[INFO] [1788604596.417898587]: Finished loading Gazebo ROS API Plugin.[0m
[0m[INFO] [1788604596.421637680]: waitForService: Service [/gazebo/set_physics_properties] has not been advertised, waiting...[0m
[0m[INFO] [1788604597.205963495]: waitForService: Service [/gazebo/set_physics_properties] is now available.[0m
[0m[INFO] [1788604597.255104864]: Physics dynamic reconfigure ready.[0m
[0m[INFO] [1788604597.537998701]: <initialOrientationAsReference> is unset, using default value of false to comply with REP 145 (world as orientation reference)[0m
[0m[INFO] [1788604597.538031727]: <robotNamespace> set to: //[0m
[0m[INFO] [1788604597.538038386]: <topicName> set to: trunk_imu[0m
[0m[INFO] [1788604597.538043695]: <frameName> set to: imu_link[0m
[0m[INFO] [1788604597.538061455]: <updateRateHZ> set to: 1000[0m
[0m[INFO] [1788604597.538068344]: <gaussianNoise> set to: 0[0m
[0m[INFO] [1788604597.538083952]: <xyzOffset> set to: 0 0 0[0m
[0m[INFO] [1788604597.538098492]: <rpyOffset> set to: 0 -0 0[0m
[0m[INFO] [1788604597.561963659]: load csv file name:/home/quinn/0904/runtime_assets/SimEnv/src/unitree_guide/unitree_ros/robots/a1_description/scan_mode/mid360_stable.csv[0m
data size:2500
[livox] csv rows=2500
[0m[INFO] [1788604597.563450024]: ros topic name:/scan[0m
[0m[INFO] [1788604597.564351548]: scan info size:2500[0m
[livox] before RayPlugin::Load
[livox] after RayPlugin::Load
[livox] before CreateCollision
[livox] after CreateCollision
[0m[INFO] [1788604597.564722989]: sample:800[0m
[0m[INFO] [1788604597.564730308]: downsample:1[0m
[livox] before rayShape Load/Init samples=800
[livox] after rayShape Init
[INFO] [1788604596.358645, 0.000000]: Waiting to open mapping entrance main_entrance
[INFO] [1788604598.979927, 0.000000]: Mapping entrance ready: door 'main_entrance' set to open
[INFO] [1788604596.324437, 0.000000]: Loading model XML from ros parameter robot_description
[INFO] [1788604596.332695, 0.000000]: Waiting for service /gazebo/spawn_urdf_model
[INFO] [1788604597.240445, 0.000000]: Calling service /gazebo/spawn_urdf_model
[INFO] [1788604598.973079, 0.000000]: Spawn status: SpawnModel: Successfully spawned entity
[INFO] [1788604598.974162, 0.000000]: Waiting for service /gazebo/set_model_configuration
[INFO] [1788604598.977132, 0.000000]: temporary hack to **fix** the -J joint position option (issue #93), sleeping for 1 second to avoid race condition.
[INFO] [1788604599.978938, 0.000000]: Calling service /gazebo/set_model_configuration
[INFO] [1788604599.981598, 0.000000]: Set model configuration status: SetModelConfiguration: success
[INFO] [1788604602.007674, 0.000000]: Gazebo unpaused after 2.0 s paused controller-load window
[INFO] [1788604602.010150, 0.002000]: All 13 A1 controllers reached running state
A1 sensors and 12 joint controllers are ready; starting classic junior_ctrl
[INFO] Realtime scheduler disabled. Set UNITREE_ENABLE_REALTIME=1 to request SCHED_FIFO.
The control interface for ROS Gazebo simulation
robot_name: a1
controller dt: 0.004 s, frequency: 250.000 Hz
classic gait profile=trot period=0.550s stance_ratio=0.650
/home/quinn/0904/runtime_assets/SimEnv/src/unitree_guide/logs/policy_act_inference_plane.pt
cuda::is_available():0
RL inference device: cpu (requested=hybrid, policy=plane)
[INFO] RL policy resident in preload cache: /home/quinn/0904/runtime_assets/SimEnv/src/unitree_guide/logs/policy_act_inference_plane.pt
cuda::is_available():0
RL inference device: cpu (requested=hybrid, policy=plane)
load model is successed!
load model to device!
[INFO] UNITREE_RL_PRELOAD_PLANE_POLICY already cached: /home/quinn/0904/runtime_assets/SimEnv/src/unitree_guide/logs/policy_act_inference_plane.pt
cuda::is_available():0
[WARNING] UNITREE_RL_DEVICE=hybrid selected CUDA for this policy but CUDA is unavailable; using CPU.
RL inference device: cpu (requested=hybrid, policy=stair)
[INFO] RL policy resident in preload cache: /home/quinn/0904/runtime_assets/SimEnv/src/unitree_guide/logs/policy_act_inference_stair.pt
[INFO] UNITREE_RL_PRELOAD_STAIR_POLICY preloaded: /home/quinn/0904/runtime_assets/SimEnv/src/unitree_guide/logs/policy_act_inference_stair.pt
[INFO] RL observation source: trunk IMU and joint states (no ground truth).
[INFO] Autonomous startup: entering fixed stand (hold until /joy RL).
Switched from passive to fixed stand
[0m[INFO] [1788604603.656176017, 1.072000000]: [SCANReplanFSM] Set RViz goal height from initial body_pose z: 0.057[0m
[FSM]: state: INIT
wait for goal.
[FSM]: state: INIT
wait for goal.
[FSM]: state: INIT
wait for goal.
[FSM]: state: INIT
wait for goal.
[INFO] Hold-stand released; RL requested.
Switched from fixed stand to RL
[INFO] Entered RL /cmd_vel mode.
[FSM]: state: INIT
wait for goal.
[FSM]: state: INIT
wait for goal.
[FSM]: state: INIT
wait for goal.
[FSM]: state: INIT
wait for goal.
[FSM]: state: INIT
wait for goal.
[FSM]: state: INIT
wait for goal.
[0m[INFO] [1788604610.492270444, 5.464000000]: RL policy input vx=0.000 vy=0.000 wz=0.000 action_rms=0.314 ready=0 userCmd=0 kbd=0 raw=0.000,0.000,0.000 grav=-0.01,0.00,-0.98[0m
[0m[INFO] [1788604613.643938913, 7.484000000]: RL policy input vx=0.000 vy=0.000 wz=0.000 action_rms=0.208 ready=0 userCmd=0 kbd=0 raw=0.000,0.000,0.000 grav=-0.00,0.07,-0.98[0m
[0m[INFO] [1788604616.760819463, 9.492000000]: RL policy input vx=0.000 vy=0.000 wz=0.000 action_rms=0.143 ready=0 userCmd=0 kbd=0 raw=0.000,0.000,0.000 grav=0.00,0.00,-0.98[0m
[0m[INFO] [1788604618.974296698, 10.918000000]: RL locomotion_ready latched after 5.51 s takeover and 5.45 s stable hold[0m
cuda::is_available():0
[WARNING] UNITREE_RL_DEVICE=hybrid selected CUDA for this policy but CUDA is unavailable; using CPU.
RL inference device: cpu (requested=hybrid, policy=stair)
[INFO] RL policy hot-switched from preload cache: /home/quinn/0904/runtime_assets/SimEnv/src/unitree_guide/logs/policy_act_inference_stair.pt
[FSM]: state: INIT
wait for goal.
[FSM]: state: INIT
wait for goal.
[FSM]: state: INIT
wait for goal.
[FSM]: state: INIT
wait for goal.
[FSM]: state: INIT
wait for goal.
[FSM]: state: INIT
wait for goal.
[FSM]: state: INIT
wait for goal.
[FSM]: state: INIT
wait for goal.
[FSM]: state: INIT
wait for goal.
[FSM]: state: INIT
wait for goal.
[FSM]: state: INIT
wait for goal.
[FSM]: state: INIT
wait for goal.
[FSM]: state: INIT
wait for goal.
[FSM]: state: INIT
wait for goal.
[33m[WARN] [1788604642.509984472, 26.024000000]: Using one-shot plane RL takeover profile: blend 0.50 s, zero hold 0.15 s[0m
[FSM]: state: INIT
wait for goal.
[0m[INFO] [1788604619.881256869, 11.506000000]: RL policy input vx=0.000 vy=0.000 wz=0.000 action_rms=0.144 ready=0 userCmd=8 kbd=0 raw=0.000,0.000,0.000 grav=0.00,0.01,-0.98[0m
[0m[INFO] [1788604623.004601752, 13.510000000]: RL policy input vx=0.000 vy=0.000 wz=0.000 action_rms=0.144 ready=0 userCmd=0 kbd=0 raw=0.000,0.000,0.000 grav=-0.01,0.02,-0.98[0m
[0m[INFO] [1788604626.120154462, 15.526000000]: RL policy input vx=0.000 vy=0.000 wz=0.000 action_rms=0.144 ready=0 userCmd=0 kbd=0 raw=0.000,0.000,0.000 grav=-0.02,0.03,-0.98[0m
[0m[INFO] [1788604627.534462912, 16.434000000]: RL locomotion_ready latched after 5.51 s takeover and 5.24 s stable hold[0m
[0m[INFO] [1788604629.233937493, 17.526000000]: RL policy input vx=0.348 vy=-0.007 wz=-0.004 action_rms=0.177 ready=1 userCmd=0 kbd=0 raw=0.348,-0.007,-0.004 grav=-0.01,0.02,-0.98[0m
[0m[INFO] [1788604632.340765891, 19.526000000]: RL policy input vx=0.522 vy=-0.015 wz=-0.005 action_rms=0.218 ready=1 userCmd=0 kbd=0 raw=0.522,-0.015,-0.005 grav=-0.09,-0.09,-0.97[0m
[0m[INFO] [1788604635.460743675, 21.526000000]: RL policy input vx=0.419 vy=-0.037 wz=-0.032 action_rms=0.163 ready=1 userCmd=0 kbd=0 raw=0.419,-0.037,-0.032 grav=-0.00,0.02,-0.98[0m
[0m[INFO] [1788604638.595782226, 23.534000000]: RL policy input vx=0.420 vy=-0.000 wz=-0.039 action_rms=0.139 ready=1 userCmd=0 kbd=0 raw=0.420,-0.000,-0.039 grav=0.01,0.02,-0.98[0m
[0m[INFO] [1788604641.750185917, 25.546000000]: RL policy input vx=0.419 vy=0.039 wz=-0.016 action_rms=0.174 ready=1 userCmd=0 kbd=0 raw=0.419,0.039,-0.016 grav=0.23,0.05,-0.95[0m
cuda::is_available():0
RL inference device: cpu (requested=hybrid, policy=plane)
[INFO] RL policy hot-switched from preload cache: /home/quinn/0904/runtime_assets/SimEnv/src/unitree_guide/logs/policy_act_inference_plane.pt
[FSM]: state: INIT
wait for goal.
[FSM]: state: INIT
wait for goal.
[FSM]: state: INIT
wait for goal.
[FSM]: state: INIT
wait for goal.
[FSM]: state: INIT
wait for goal.
[FSM]: state: INIT
wait for goal.
[FSM]: state: INIT
wait for goal.
[FSM]: state: INIT
wait for goal.
[FSM]: state: INIT
wait for goal.
[FSM]: state: INIT
wait for goal.
[FSM]: state: INIT
wait for goal.
[FSM]: state: INIT
wait for goal.
[FSM]: state: INIT
wait for goal.
[FSM]: state: INIT
wait for goal.
[FSM]: state: INIT
wait for goal.
[FSM]: state: INIT
wait for goal.
[FSM]: state: INIT
wait for goal.
[FSM]: state: INIT
wait for goal.
[FSM]: state: INIT
wait for goal.
[FSM]: state: INIT
wait for goal.
[FSM]: state: INIT
wait for goal.
[FSM]: state: INIT
wait for goal.
[FSM]: state: INIT
wait for goal.
[FSM]: state: INIT
wait for goal.
[FSM]: state: INIT
wait for goal.
[FSM]: state: INIT
wait for goal.
[FSM]: state: INIT
wait for goal.
[FSM]: state: INIT
wait for goal.
[FSM]: state: INIT
wait for goal.
[FSM]: state: INIT
wait for goal.
[FSM]: state: INIT
wait for goal.
[33m[WARN] [1788604691.642003237, 57.248000000]: Plane tilt guard scaling cmd_vel by 0.90 at tilt 0.153 rad[0m
[FSM]: state: INIT
wait for goal.
[FSM]: state: INIT
wait for goal.
[FSM]: state: INIT
wait for goal.
[FSM]: state: INIT
wait for goal.
[FSM]: state: INIT
wait for goal.
[FSM]: state: INIT
wait for goal.
[FSM]: state: INIT
wait for goal.
[FSM]: state: INIT
wait for goal.
[FSM]: state: INIT
wait for goal.
[FSM]: state: INIT
wait for goal.
[FSM]: state: INIT
wait for goal.
[FSM]: state: INIT
wait for goal.
[0m[INFO] [1788604643.534587616, 26.680000000]: RL locomotion_ready latched after 0.66 s takeover and 0.66 s stable hold[0m
[0m[INFO] [1788604644.893680314, 27.548000000]: RL policy input vx=1.080 vy=-0.071 wz=-0.072 action_rms=0.203 ready=1 userCmd=0 kbd=0 raw=1.080,-0.071,-0.072 grav=-0.02,-0.02,-0.98[0m
[0m[INFO] [1788604648.058368442, 29.568000000]: RL policy input vx=2.248 vy=-0.092 wz=-0.045 action_rms=0.239 ready=1 userCmd=0 kbd=0 raw=2.248,-0.092,-0.045 grav=0.01,0.03,-0.98[0m
[0m[INFO] [1788604651.227649607, 31.584000000]: RL policy input vx=2.248 vy=-0.103 wz=-0.051 action_rms=0.264 ready=1 userCmd=0 kbd=0 raw=2.248,-0.103,-0.051 grav=0.01,-0.07,-0.98[0m
[0m[INFO] [1788604654.382988437, 33.586000000]: RL policy input vx=2.248 vy=0.083 wz=0.040 action_rms=0.324 ready=1 userCmd=0 kbd=0 raw=2.248,0.083,0.040 grav=0.02,0.00,-0.98[0m
[0m[INFO] [1788604657.520700139, 35.586000000]: RL policy input vx=0.758 vy=0.146 wz=0.210 action_rms=0.338 ready=1 userCmd=0 kbd=0 raw=0.758,0.146,0.210 grav=0.10,-0.08,-0.97[0m
[0m[INFO] [1788604660.663445379, 37.592000000]: RL policy input vx=0.000 vy=0.000 wz=0.281 action_rms=0.178 ready=1 userCmd=0 kbd=0 raw=0.000,0.000,0.281 grav=0.01,-0.01,-0.98[0m
[0m[INFO] [1788604663.859984813, 39.600000000]: RL policy input vx=0.450 vy=0.000 wz=0.028 action_rms=0.169 ready=1 userCmd=0 kbd=0 raw=0.450,0.000,0.028 grav=0.00,-0.02,-0.98[0m
[0m[INFO] [1788604667.050150648, 41.604000000]: RL policy input vx=0.450 vy=0.000 wz=-0.030 action_rms=0.248 ready=1 userCmd=0 kbd=0 raw=0.450,0.000,-0.030 grav=0.01,-0.01,-0.98[0m
[0m[INFO] [1788604670.240989433, 43.604000000]: RL policy input vx=0.898 vy=-0.063 wz=-0.077 action_rms=0.349 ready=1 userCmd=0 kbd=0 raw=0.898,-0.063,-0.077 grav=0.00,-0.04,-0.98[0m
[0m[INFO] [1788604673.421475659, 45.614000000]: RL policy input vx=0.900 vy=-0.002 wz=-0.003 action_rms=0.196 ready=1 userCmd=0 kbd=0 raw=0.900,-0.002,-0.003 grav=0.00,-0.02,-0.98[0m
[0m[INFO] [1788604676.572161544, 47.630000000]: RL policy input vx=0.000 vy=0.000 wz=1.400 action_rms=0.205 ready=1 userCmd=0 kbd=0 raw=0.000,0.000,1.400 grav=0.02,-0.01,-0.98[0m
[0m[INFO] [1788604679.735902184, 49.630000000]: RL policy input vx=0.000 vy=0.000 wz=0.628 action_rms=0.198 ready=1 userCmd=0 kbd=0 raw=0.000,0.000,0.628 grav=0.01,0.01,-0.98[0m
[0m[INFO] [1788604682.876329633, 51.634000000]: RL policy input vx=0.810 vy=-0.392 wz=-0.495 action_rms=0.338 ready=1 userCmd=0 kbd=0 raw=0.810,-0.392,-0.495 grav=-0.02,-0.03,-0.98[0m
[0m[INFO] [1788604685.986295366, 53.638000000]: RL policy input vx=0.848 vy=-0.050 wz=-0.065 action_rms=0.197 ready=1 userCmd=0 kbd=0 raw=0.848,-0.050,-0.065 grav=-0.00,-0.03,-0.98[0m
[0m[INFO] [1788604689.113731320, 55.638000000]: RL policy input vx=0.000 vy=0.000 wz=-2.900 action_rms=0.146 ready=1 userCmd=0 kbd=0 raw=0.000,0.000,-2.900 grav=0.01,0.02,-0.98[0m
[0m[INFO] [1788604692.259873723, 57.640000000]: RL policy input vx=1.047 vy=-0.187 wz=-0.189 action_rms=0.147 ready=1 userCmd=0 kbd=0 raw=1.077,-0.193,-0.195 grav=0.06,-0.14,-0.97[0m
[0m[INFO] [1788604695.374151452, 59.646000000]: RL policy input vx=0.449 vy=0.000 wz=-0.056 action_rms=0.240 ready=1 userCmd=0 kbd=0 raw=0.449,0.000,-0.056 grav=-0.00,-0.02,-0.98[0m
[0m[INFO] [1788604698.514787082, 61.656000000]: RL policy input vx=0.449 vy=0.000 wz=-0.055 action_rms=0.163 ready=1 userCmd=0 kbd=0 raw=0.449,0.000,-0.055 grav=0.01,-0.02,-0.98[0m
[0m[INFO] [1788604701.643172655, 63.662000000]: RL policy input vx=0.450 vy=0.000 wz=0.037 action_rms=0.165 ready=1 userCmd=0 kbd=0 raw=0.450,0.000,0.037 grav=0.02,-0.00,-0.98[0m
[0m[INFO] [1788604704.784875749, 65.680000000]: RL policy input vx=0.450 vy=0.000 wz=-0.006 action_rms=0.169 ready=1 userCmd=0 kbd=0 raw=0.450,0.000,-0.006 grav=0.00,-0.01,-0.98[0m
[0m[INFO] [1788604707.927532752, 67.682000000]: RL policy input vx=0.887 vy=0.151 wz=0.185 action_rms=0.152 ready=1 userCmd=0 kbd=0 raw=0.887,0.151,0.185 grav=-0.01,0.01,-0.98[0m
[0m[INFO] [1788604711.039746990, 69.682000000]: RL policy input vx=0.900 vy=0.013 wz=0.016 action_rms=0.329 ready=1 userCmd=0 [FSM]: state: INIT
wait for goal.
[FSM]: state: INIT
wait for goal.
[FSM]: state: INIT
wait for goal.
[FSM]: state: INIT
wait for goal.
[FSM]: state: INIT
wait for goal.
[FSM]: state: INIT
wait for goal.
[FSM]: state: INIT
wait for goal.
[FSM]: state: INIT
wait for goal.
[FSM]: state: INIT
wait for goal.
[FSM]: state: INIT
wait for goal.
[FSM]: state: INIT
wait for goal.
[FSM]: state: INIT
wait for goal.
[FSM]: state: INIT
wait for goal.
[FSM]: state: INIT
wait for goal.
[FSM]: state: INIT
wait for goal.
[FSM]: state: INIT
wait for goal.
[FSM]: state: INIT
wait for goal.
[FSM]: state: INIT
wait for goal.
[FSM]: state: INIT
wait for goal.
[FSM]: state: INIT
wait for goal.
[FSM]: state: INIT
wait for goal.
[FSM]: state: INIT
wait for goal.
[FSM]: state: INIT
wait for goal.
[FSM]: state: INIT
wait for goal.
[33m[WARN] [1788604748.211392150, 93.104000000]: Plane tilt guard scaling cmd_vel by 0.98 at tilt 0.143 rad[0m
[FSM]: state: INIT
wait for goal.
[33m[WARN] [1788604751.029891667, 94.930000000]: Plane tilt guard scaling cmd_vel by 0.99 at tilt 0.141 rad[0m
[FSM]: state: INIT
wait for goal.
[FSM]: state: INIT
wait for goal.
[FSM]: state: INIT
wait for goal.
[FSM]: state: INIT
wait for goal.
[FSM]: state: INIT
wait for goal.
[FSM]: state: INIT
wait for goal.
[FSM]: state: INIT
wait for goal.
[FSM]: state: INIT
wait for goal.
[FSM]: state: INIT
wait for goal.
[FSM]: state: INIT
wait for goal.
[FSM]: state: INIT
wait for goal.
[FSM]: state: INIT
wait for goal.
[FSM]: state: INIT
wait for goal.
[FSM]: state: INIT
wait for goal.
[FSM]: state: INIT
wait for goal.
[FSM]: state: INIT
wait for goal.
[FSM]: state: INIT
wait for goal.
[FSM]: state: INIT
wait for goal.
[FSM]: state: INIT
wait for goal.
[FSM]: state: INIT
wait for goal.
[FSM]: state: INIT
wait for goal.
kbd=0 raw=0.900,0.013,0.016 grav=-0.01,-0.02,-0.98[0m
[0m[INFO] [1788604714.166236668, 71.686000000]: RL policy input vx=0.874 vy=0.000 wz=0.000 action_rms=0.169 ready=1 userCmd=0 kbd=0 raw=0.874,0.000,0.000 grav=-0.00,-0.02,-0.98[0m
[0m[INFO] [1788604717.292511406, 73.694000000]: RL policy input vx=0.000 vy=0.000 wz=-2.900 action_rms=0.188 ready=1 userCmd=0 kbd=0 raw=0.000,0.000,-2.900 grav=-0.00,0.02,-0.98[0m
[0m[INFO] [1788604720.444658675, 75.710000000]: RL policy input vx=0.000 vy=0.000 wz=1.150 action_rms=0.160 ready=1 userCmd=0 kbd=0 raw=0.000,0.000,1.150 grav=0.02,0.00,-0.98[0m
[0m[INFO] [1788604723.618163404, 77.716000000]: RL policy input vx=0.288 vy=0.084 wz=0.314 action_rms=0.211 ready=1 userCmd=0 kbd=0 raw=0.288,0.084,0.314 grav=0.03,0.01,-0.98[0m
[0m[INFO] [1788604726.762682950, 79.730000000]: RL policy input vx=0.826 vy=0.358 wz=0.450 action_rms=0.254 ready=1 userCmd=0 kbd=0 raw=0.826,0.358,0.450 grav=-0.02,-0.00,-0.98[0m
[0m[INFO] [1788604729.928513423, 81.732000000]: RL policy input vx=0.000 vy=0.000 wz=2.561 action_rms=0.151 ready=1 userCmd=0 kbd=0 raw=0.000,0.000,2.561 grav=0.02,0.00,-0.98[0m
[0m[INFO] [1788604733.099423631, 83.744000000]: RL policy input vx=1.345 vy=-0.750 wz=-0.538 action_rms=0.337 ready=1 userCmd=0 kbd=0 raw=1.345,-0.750,-0.538 grav=-0.00,0.11,-0.97[0m
[0m[INFO] [1788604736.368728116, 85.756000000]: RL policy input vx=0.000 vy=0.000 wz=0.390 action_rms=0.186 ready=1 userCmd=0 kbd=0 raw=0.000,0.000,0.390 grav=0.03,-0.01,-0.98[0m
[0m[INFO] [1788604739.651282204, 87.768000000]: RL policy input vx=0.450 vy=0.000 wz=0.051 action_rms=0.158 ready=1 userCmd=0 kbd=0 raw=0.450,0.000,0.051 grav=0.01,-0.02,-0.98[0m
[0m[INFO] [1788604742.951412591, 89.782000000]: RL policy input vx=0.399 vy=0.000 wz=-0.023 action_rms=0.287 ready=1 userCmd=0 kbd=0 raw=0.399,0.000,-0.023 grav=0.01,-0.02,-0.98[0m
[0m[INFO] [1788604746.149899740, 91.782000000]: RL policy input vx=0.872 vy=-0.450 wz=-0.524 action_rms=0.164 ready=1 userCmd=0 kbd=0 raw=0.872,-0.450,-0.524 grav=-0.02,-0.03,-0.98[0m
[0m[INFO] [1788604749.268800979, 93.786000000]: RL policy input vx=2.242 vy=-0.191 wz=-0.094 action_rms=0.427 ready=1 userCmd=0 kbd=0 raw=2.242,-0.191,-0.094 grav=-0.05,-0.06,-0.98[0m
[0m[INFO] [1788604752.368372556, 95.800000000]: RL policy input vx=2.250 vy=-0.044 wz=-0.021 action_rms=0.472 ready=1 userCmd=0 kbd=0 raw=2.250,-0.044,-0.021 grav=-0.01,-0.01,-0.98[0m
[0m[INFO] [1788604755.471756583, 97.812000000]: RL policy input vx=2.244 vy=0.170 wz=0.083 action_rms=0.417 ready=1 userCmd=0 kbd=0 raw=2.244,0.170,0.083 grav=-0.03,-0.09,-0.98[0m
[0m[INFO] [1788604758.579289225, 99.828000000]: RL policy input vx=0.588 vy=0.637 wz=0.908 action_rms=0.220 ready=1 userCmd=0 kbd=0 raw=0.588,0.637,0.908 grav=0.06,-0.06,-0.98[0m
[0m[INFO] [1788604761.694010573, 101.840000000]: RL policy input vx=0.000 vy=0.000 wz=0.183 action_rms=0.155 ready=1 userCmd=0 kbd=0 raw=0.000,0.000,0.183 grav=0.01,-0.01,-0.98[0m
[0m[INFO] [1788604764.805957607, 103.854000000]: RL policy input vx=0.450 vy=0.000 wz=0.026 action_rms=0.283 ready=1 userCmd=0 kbd=0 raw=0.450,0.000,0.026 grav=0.00,-0.02,-0.98[0m
[0m[INFO] [1788604767.903319209, 105.866000000]: RL policy input vx=0.797 vy=-0.418 wz=-0.531 action_rms=0.196 ready=1 userCmd=0 kbd=0 raw=0.797,-0.418,-0.531 grav=-0.02,0.02,-0.98[0m
[0m[INFO] [1788604771.019035247, 107.884000000]: RL policy input vx=0.899 vy=-0.044 wz=-0.054 action_rms=0.170 ready=1 userCmd=0 kbd=0 raw=0.899,-0.044,-0.054 grav=-0.01,-0.03,-0.98[0m
[0m[INFO] [1788604774.135617420, 109.898000000]: RL policy input vx=0.900 vy=-0.006 wz=-0.007 action_rms=0.351 ready=1 userCmd=0 kbd=0 raw=0.900,-0.006,-0.007 grav=-0.01,-0.02,-0.98[0m
[0m[INFO] [1788604777.230841436, 111.904000000]: RL policy input vx=0.000 vy=0.000 wz=2.900 action_rms=0.182 ready=1 userCmd=0 kbd=0 raw=0.000,0.000,2.900 grav=0.01,-0.02,-0.98[0m
[0m[INFO] [1788604780.388108212, 113.918000000]: RL policy input vx=0.000 vy=0.000 wz=-0.867 action_rms=0.173 ready=1 userCmd=0 kbd=0 raw=0.000,0.000,-0.867 grav=0.01,0.02,-0.98[0m
[0m[INFO] [17[FSM]: state: INIT
wait for goal.
[FSM]: state: INIT
wait for goal.
[FSM]: state: INIT
wait for goal.
[FSM]: state: INIT
wait for goal.
[FSM]: state: INIT
wait for goal.
[FSM]: state: INIT
wait for goal.
[33m[WARN] [1788604792.065713200, 121.448000000]: Plane tilt guard scaling cmd_vel by 0.98 at tilt 0.142 rad[0m
[FSM]: state: INIT
wait for goal.
[FSM]: state: INIT
wait for goal.
[FSM]: state: INIT
wait for goal.
[FSM]: state: INIT
wait for goal.
[FSM]: state: INIT
wait for goal.
[FSM]: state: INIT
wait for goal.
[FSM]: state: INIT
wait for goal.
[FSM]: state: INIT
wait for goal.
[FSM]: state: INIT
wait for goal.
[FSM]: state: INIT
wait for goal.
[FSM]: state: INIT
wait for goal.
[FSM]: state: INIT
wait for goal.
[FSM]: state: INIT
wait for goal.
[FSM]: state: INIT
wait for goal.
[FSM]: state: INIT
wait for goal.
[FSM]: state: INIT
wait for goal.
[FSM]: state: INIT
wait for goal.
[FSM]: state: INIT
wait for goal.
[FSM]: state: INIT
wait for goal.
[FSM]: state: INIT
wait for goal.
[FSM]: state: INIT
wait for goal.
[FSM]: state: INIT
wait for goal.
[FSM]: state: INIT
wait for goal.
[FSM]: state: INIT
wait for goal.
[33m[WARN] [1788604829.055214309, 145.270000000]: Plane tilt guard scaling cmd_vel by 0.98 at tilt 0.143 rad[0m
[FSM]: state: INIT
wait for goal.
[FSM]: state: INIT
wait for goal.
[FSM]: state: INIT
wait for goal.
[FSM]: state: INIT
wait for goal.
[FSM]: state: INIT
wait for goal.
[FSM]: state: INIT
wait for goal.
[FSM]: state: INIT
wait for goal.
[FSM]: state: INIT
wait for goal.
[FSM]: state: INIT
wait for goal.
[FSM]: state: INIT
wait for goal.
[FSM]: state: INIT
wait for goal.
[FSM]: state: INIT
wait for goal.
[FSM]: state: INIT
wait for goal.
[FSM]: state: INIT
wait for goal.
[FSM]: state: INIT
wait for goal.
88604783.502311212, 115.922000000]: RL policy input vx=0.855 vy=-0.281 wz=-0.350 action_rms=0.166 ready=1 userCmd=0 kbd=0 raw=0.855,-0.281,-0.350 grav=-0.01,-0.06,-0.98[0m
[0m[INFO] [1788604786.622881356, 117.936000000]: RL policy input vx=0.476 vy=-0.034 wz=-0.078 action_rms=0.225 ready=1 userCmd=0 kbd=0 raw=0.476,-0.034,-0.078 grav=0.01,-0.03,-0.98[0m
[0m[INFO] [1788604789.738281890, 119.944000000]: RL policy input vx=0.000 vy=0.000 wz=-2.900 action_rms=0.174 ready=1 userCmd=0 kbd=0 raw=0.000,0.000,-2.900 grav=-0.00,0.00,-0.98[0m
[0m[INFO] [1788604792.835626301, 121.946000000]: RL policy input vx=0.457 vy=-0.007 wz=-0.017 action_rms=0.174 ready=1 userCmd=0 kbd=0 raw=0.457,-0.007,-0.017 grav=0.08,-0.09,-0.97[0m
[0m[INFO] [1788604795.956405707, 123.946000000]: RL policy input vx=0.450 vy=0.000 wz=-0.048 action_rms=0.239 ready=1 userCmd=0 kbd=0 raw=0.450,0.000,-0.048 grav=0.01,-0.02,-0.98[0m
[0m[INFO] [1788604799.059465487, 125.950000000]: RL policy input vx=0.332 vy=0.000 wz=-0.091 action_rms=0.168 ready=1 userCmd=0 kbd=0 raw=0.332,0.000,-0.091 grav=0.01,-0.03,-0.98[0m
[0m[INFO] [1788604802.192757758, 127.964000000]: RL policy input vx=0.450 vy=0.000 wz=0.023 action_rms=0.282 ready=1 userCmd=0 kbd=0 raw=0.450,0.000,0.023 grav=0.01,-0.02,-0.98[0m
[0m[INFO] [1788604805.297743911, 129.970000000]: RL policy input vx=0.450 vy=0.000 wz=-0.011 action_rms=0.157 ready=1 userCmd=0 kbd=0 raw=0.450,0.000,-0.011 grav=0.01,-0.01,-0.98[0m
[0m[INFO] [1788604808.409774085, 131.974000000]: RL policy input vx=0.420 vy=-0.132 wz=-0.336 action_rms=0.222 ready=1 userCmd=0 kbd=0 raw=0.420,-0.132,-0.336 grav=0.02,-0.09,-0.98[0m
[0m[INFO] [1788604811.536694641, 133.992000000]: RL policy input vx=0.299 vy=0.025 wz=0.092 action_rms=0.230 ready=1 userCmd=0 kbd=0 raw=0.299,0.025,0.092 grav=0.03,-0.00,-0.98[0m
[0m[INFO] [1788604814.644480615, 135.998000000]: RL policy input vx=0.897 vy=0.069 wz=0.085 action_rms=0.230 ready=1 userCmd=0 kbd=0 raw=0.897,0.069,0.085 grav=0.00,-0.00,-0.98[0m
[0m[INFO] [1788604817.755057165, 138.012000000]: RL policy input vx=0.900 vy=0.010 wz=0.012 action_rms=0.169 ready=1 userCmd=0 kbd=0 raw=0.900,0.010,0.012 grav=-0.00,-0.02,-0.98[0m
[0m[INFO] [1788604820.880873716, 140.028000000]: RL policy input vx=0.000 vy=0.000 wz=2.900 action_rms=0.300 ready=1 userCmd=0 kbd=0 raw=0.000,0.000,2.900 grav=0.01,0.02,-0.98[0m
[0m[INFO] [1788604823.997055970, 142.032000000]: RL policy input vx=0.077 vy=0.109 wz=1.150 action_rms=0.157 ready=1 userCmd=0 kbd=0 raw=0.077,0.109,1.150 grav=0.01,0.00,-0.98[0m
[0m[INFO] [1788604827.143474538, 144.046000000]: RL policy input vx=0.288 vy=0.084 wz=0.311 action_rms=0.270 ready=1 userCmd=0 kbd=0 raw=0.288,0.084,0.311 grav=0.04,0.01,-0.98[0m
[0m[INFO] [1788604830.271282041, 146.060000000]: RL policy input vx=0.293 vy=0.066 wz=0.243 action_rms=0.245 ready=1 userCmd=0 kbd=0 raw=0.293,0.066,0.243 grav=0.03,0.03,-0.98[0m
[0m[INFO] [1788604833.378607992, 148.074000000]: RL policy input vx=0.766 vy=0.473 wz=0.609 action_rms=0.280 ready=1 userCmd=0 kbd=0 raw=0.766,0.473,0.609 grav=-0.01,0.01,-0.98[0m
[0m[INFO] [1788604836.605716134, 150.086000000]: RL policy input vx=0.898 vy=0.052 wz=0.064 action_rms=0.167 ready=1 userCmd=0 kbd=0 raw=0.898,0.052,0.064 grav=-0.00,0.00,-0.98[0m
[0m[INFO] [1788604839.836266798, 152.090000000]: RL policy input vx=0.196 vy=0.000 wz=0.000 action_rms=0.191 ready=1 userCmd=0 kbd=0 raw=0.196,0.000,0.000 grav=0.02,-0.01,-0.98[0m
[0m[INFO] [1788604842.973616545, 154.094000000]: RL policy input vx=0.000 vy=0.000 wz=-2.162 action_rms=0.169 ready=1 userCmd=0 kbd=0 raw=0.000,0.000,-2.162 grav=0.00,0.00,-0.98[0m
[0m[INFO] [1788604846.092613038, 156.110000000]: RL policy input vx=0.888 vy=-0.195 wz=-0.237 action_rms=0.176 ready=1 userCmd=0 kbd=0 raw=0.888,-0.195,-0.237 grav=0.06,-0.11,-0.97[0m
[0m[INFO] [1788604849.192238208, 158.120000000]: RL policy input vx=0.413 vy=0.111 wz=0.289 action_rms=0.143 ready=1 userCmd=0 kbd=0 raw=0.413,0.111,0.289 grav=0.03,0.09,-0.98[0m
[0m[INFO] [1788604852.328471875, 160.128000000]: RL policy input vx=0.000 vy=0.[FSM]: state: INIT
wait for goal.
[FSM]: state: INIT
wait for goal.
[FSM]: state: INIT
wait for goal.
[FSM]: state: INIT
wait for goal.
[FSM]: state: INIT
wait for goal.
[FSM]: state: INIT
wait for goal.
[FSM]: state: INIT
wait for goal.
[FSM]: state: INIT
wait for goal.
[FSM]: state: INIT
wait for goal.
[FSM]: state: INIT
wait for goal.
[FSM]: state: INIT
wait for goal.
[FSM]: state: INIT
wait for goal.
[FSM]: state: INIT
wait for goal.
[FSM]: state: INIT
wait for goal.
[FSM]: state: INIT
wait for goal.
[FSM]: state: INIT
wait for goal.
[FSM]: state: INIT
wait for goal.
[FSM]: state: INIT
wait for goal.
[FSM]: state: INIT
wait for goal.
[FSM]: state: INIT
wait for goal.
[FSM]: state: INIT
wait for goal.
[FSM]: state: INIT
wait for goal.
[FSM]: state: INIT
wait for goal.
[FSM]: state: INIT
wait for goal.
[FSM]: state: INIT
wait for goal.
[FSM]: state: INIT
wait for goal.
[FSM]: state: INIT
wait for goal.
[FSM]: state: INIT
wait for goal.
[FSM]: state: INIT
wait for goal.
[FSM]: state: INIT
wait for goal.
[FSM]: state: INIT
wait for goal.
000 wz=-0.450 action_rms=0.141 ready=1 userCmd=0 kbd=0 raw=0.000,0.000,-0.450 grav=-0.00,0.00,-0.98[0m
[0m[INFO] [1788604855.631555508, 162.146000000]: RL policy input vx=0.448 vy=0.000 wz=-0.110 action_rms=0.182 ready=1 userCmd=0 kbd=0 raw=0.448,0.000,-0.110 grav=-0.01,-0.01,-0.98[0m
[0m[INFO] [1788604858.898975040, 164.156000000]: RL policy input vx=0.449 vy=0.000 wz=-0.069 action_rms=0.214 ready=1 userCmd=0 kbd=0 raw=0.449,0.000,-0.069 grav=0.00,-0.01,-0.98[0m
[0m[INFO] [1788604862.131741947, 166.172000000]: RL policy input vx=0.837 vy=0.750 wz=0.804 action_rms=0.319 ready=1 userCmd=0 kbd=0 raw=0.837,0.750,0.804 grav=-0.02,-0.05,-0.98[0m
[0m[INFO] [1788604865.343159773, 168.186000000]: RL policy input vx=2.245 vy=0.145 wz=0.071 action_rms=0.347 ready=1 userCmd=0 kbd=0 raw=2.245,0.145,0.071 grav=-0.03,-0.04,-0.98[0m
[0m[INFO] [1788604868.583787972, 170.196000000]: RL policy input vx=2.250 vy=0.012 wz=0.006 action_rms=0.451 ready=1 userCmd=0 kbd=0 raw=2.250,0.012,0.006 grav=-0.01,0.03,-0.98[0m
[0m[INFO] [1788604871.797604991, 172.206000000]: RL policy input vx=2.246 vy=0.136 wz=0.067 action_rms=0.369 ready=1 userCmd=0 kbd=0 raw=2.246,0.136,0.067 grav=-0.04,-0.10,-0.97[0m
[0m[INFO] [1788604874.974309968, 174.208000000]: RL policy input vx=2.250 vy=-0.011 wz=-0.005 action_rms=0.365 ready=1 userCmd=0 kbd=0 raw=2.250,-0.011,-0.005 grav=-0.00,0.02,-0.98[0m
[0m[INFO] [1788604878.146869991, 176.224000000]: RL policy input vx=2.250 vy=0.035 wz=0.017 action_rms=0.347 ready=1 userCmd=0 kbd=0 raw=2.250,0.035,0.017 grav=0.03,0.02,-0.98[0m
[0m[INFO] [1788604881.292848504, 178.228000000]: RL policy input vx=1.515 vy=-0.350 wz=-0.250 action_rms=0.322 ready=1 userCmd=0 kbd=0 raw=1.515,-0.350,-0.250 grav=-0.02,-0.03,-0.98[0m
[0m[INFO] [1788604884.477884820, 180.246000000]: RL policy input vx=1.850 vy=-0.015 wz=-0.009 action_rms=0.419 ready=1 userCmd=0 kbd=0 raw=1.850,-0.015,-0.009 grav=0.02,-0.05,-0.98[0m
[0m[INFO] [1788604887.649487264, 182.262000000]: RL policy input vx=1.731 vy=0.114 wz=0.072 action_rms=0.445 ready=1 userCmd=0 kbd=0 raw=1.731,0.114,0.072 grav=0.01,-0.03,-0.98[0m
[0m[INFO] [1788604890.785142927, 184.268000000]: RL policy input vx=0.000 vy=0.000 wz=-0.467 action_rms=0.214 ready=1 userCmd=0 kbd=0 raw=0.000,0.000,-0.467 grav=0.00,0.01,-0.98[0m
[0m[INFO] [1788604893.933824104, 186.288000000]: RL policy input vx=1.430 vy=0.000 wz=-0.022 action_rms=0.360 ready=1 userCmd=0 kbd=0 raw=1.430,0.000,-0.022 grav=-0.03,0.01,-0.98[0m
[0m[INFO] [1788604897.062461485, 188.294000000]: RL policy input vx=0.000 vy=0.000 wz=-1.000 action_rms=0.173 ready=1 userCmd=0 kbd=0 raw=0.000,0.000,-1.000 grav=0.03,0.02,-0.98[0m
[0m[INFO] [1788604900.148334859, 190.294000000]: RL policy input vx=0.000 vy=0.000 wz=-0.231 action_rms=0.148 ready=1 userCmd=0 kbd=0 raw=0.000,0.000,-0.231 grav=0.00,0.00,-0.98[0m
Switched from RL to fixed stand
[FSM]: state: INIT
wait for goal.
infer_thread退出!
[33m[WARN] [1788604903.062202195, 192.096000000]: Using one-shot captured-pose FixedStand profile: ramp 0.50 s, settle 0.00 s, ready after 0.50 s + 0.50 s stable, minimum gain 0.75[0m
[INFO] Using /stand_target_joints param stance.
Switched from fixed stand to RL
[INFO] Entered RL /cmd_vel mode.
[33m[WARN] [1788604904.341116507, 192.886000000]: Using one-shot stair RL takeover profile: blend 0.50 s, zero hold 0.15 s[0m
cuda::is_available():0
[WARNING] UNITREE_RL_DEVICE=hybrid selected CUDA for this policy but CUDA is unavailable; using CPU.
RL inference device: cpu (requested=hybrid, policy=stair)
[INFO] RL policy activated from preload cache at FixedStand entry boundary: /home/quinn/0904/runtime_assets/SimEnv/src/unitree_guide/logs/policy_act_inference_stair.pt
[FSM]: state: INIT
wait for goal.
[FSM]: state: INIT
wait for goal.
[FSM]: state: INIT
wait for goal.
[FSM]: state: INIT
wait for goal.
[FSM]: state: INIT
wait for goal.
[FSM]: state: INIT
wait for goal.
[FSM]: state: INIT
wait for goal.
[FSM]: state: INIT
wait for goal.
[FSM]: state: INIT
wait for goal.
[FSM]: state: INIT
wait for goal.
[FSM]: state: INIT
wait for goal.
[FSM]: state: INIT
wait for goal.
[FSM]: state: INIT
wait for goal.
[FSM]: state: INIT
wait for goal.
[FSM]: state: INIT
wait for goal.
[FSM]: state: INIT
wait for goal.
[FSM]: state: INIT
wait for goal.
[FSM]: state: INIT
wait for goal.
[FSM]: state: INIT
wait for goal.
[FSM]: state: INIT
wait for goal.
[FSM]: state: INIT
wait for goal.
[FSM]: state: INIT
wait for goal.
[33m[WARN] [1788604938.877299464, 214.962000000]: Using one-shot plane RL takeover profile: blend 0.50 s, zero hold 0.15 s[0m
[FSM]: state: INIT
wait for goal.
[0m[INFO] [1788604904.342605719, 192.888000000]: RL policy input vx=0.000 vy=0.000 wz=0.000 action_rms=0.199 ready=0 userCmd=0 kbd=0 raw=0.000,0.000,0.000 grav=-0.00,0.01,-0.98[0m
[0m[INFO] [1788604905.398665191, 193.546000000]: RL locomotion_ready latched after 0.66 s takeover and 0.66 s stable hold[0m
[0m[INFO] [1788604907.566696734, 194.894000000]: RL policy input vx=0.799 vy=-0.045 wz=-0.020 action_rms=0.235 ready=1 userCmd=0 kbd=0 raw=0.799,-0.045,-0.020 grav=-0.24,-0.12,-0.94[0m
[0m[INFO] [1788604910.756397740, 196.910000000]: RL policy input vx=0.578 vy=0.272 wz=0.031 action_rms=0.389 ready=1 userCmd=0 kbd=0 raw=0.578,0.272,0.031 grav=-0.46,0.00,-0.87[0m
[0m[INFO] [1788604913.922280405, 198.928000000]: RL policy input vx=0.540 vy=0.342 wz=0.160 action_rms=0.376 ready=1 userCmd=0 kbd=0 raw=0.540,0.342,0.160 grav=-0.49,0.00,-0.85[0m
[0m[INFO] [1788604917.072896210, 200.942000000]: RL policy input vx=0.797 vy=0.064 wz=0.028 action_rms=0.309 ready=1 userCmd=0 kbd=0 raw=0.797,0.064,0.028 grav=-0.20,-0.02,-0.96[0m
[0m[INFO] [1788604920.200606685, 202.948000000]: RL policy input vx=0.465 vy=-0.106 wz=-0.246 action_rms=0.155 ready=1 userCmd=0 kbd=0 raw=0.465,-0.106,-0.246 grav=0.02,-0.04,-0.98[0m
[0m[INFO] [1788604923.316684955, 204.954000000]: RL policy input vx=0.000 vy=0.000 wz=-0.926 action_rms=0.173 ready=1 userCmd=0 kbd=0 raw=0.000,0.000,-0.926 grav=-0.01,0.02,-0.98[0m
[0m[INFO] [1788604926.444557182, 206.962000000]: RL policy input vx=0.000 vy=0.000 wz=-0.240 action_rms=0.152 ready=1 userCmd=8 kbd=0 raw=0.000,0.000,-0.240 grav=-0.03,0.01,-0.98[0m
[0m[INFO] [1788604929.543818151, 208.962000000]: RL policy input vx=0.591 vy=-0.102 wz=-0.060 action_rms=0.499 ready=1 userCmd=8 kbd=0 raw=0.591,-0.102,-0.060 grav=-0.25,-0.06,-0.95[0m
[0m[INFO] [1788604932.672401303, 210.980000000]: RL policy input vx=0.794 vy=-0.101 wz=-0.028 action_rms=0.474 ready=1 userCmd=8 kbd=0 raw=0.794,-0.101,-0.028 grav=-0.36,-0.05,-0.91[0m
[0m[INFO] [1788604935.800004724, 212.996000000]: RL policy input vx=0.800 vy=0.007 wz=0.014 action_rms=0.506 ready=1 userCmd=0 kbd=0 raw=0.800,0.007,0.014 grav=-0.34,-0.08,-0.92[0m
cuda::is_available():0
RL inference device: cpu (requested=hybrid, policy=plane)
[INFO] RL policy hot-switched from preload cache: /home/quinn/0904/runtime_assets/SimEnv/src/unitree_guide/logs/policy_act_inference_plane.pt
[FSM]: state: INIT
wait for goal.
[INFO] [1788604901.379103, 191.060000]: Robot is already 0.03 m from the pre-riser pose; skipping the corridor/side legs.
[INFO] [1788604901.380100, 191.060000]: Pre-ascent residual heading error -0.116 rad (visual_depth=False, bearing=none).
[INFO] [1788604902.246266, 191.600000]: Flight-A body settled for 0.35 s; waiting for joint RMS capture window <= 0.180 (current=0.400).
[INFO] [1788604902.649043, 191.840000]: Pre-ascent stand target set from flight-A pre-reload capture entry sample
[INFO] [1788604902.652718, 191.842000]: Flight-A plane gait settled at joint RMS 0.147; holding FixedStand for at least 0.1 s at snapshot pose before queued stair-policy entry.
[INFO] [1788604904.079523, 192.720000]: Flight-A FixedStand readiness gate complete; queued the stair policy for State_RL entry and retaining stand ownership for 0.25 s.
[INFO] [1788604904.331892, 192.880000]: Flight-A policy request has been queued under FixedStand; requesting RL so State_RL loads it before inference starts.
[INFO] [1788604905.423944, 193.562000]: Fresh RL readiness confirmed after the flight-A FixedStand boundary; starting the climb ramp.
[INFO] [1788604905.450057, 193.580000]: Flight-A fresh RL readiness observed; ascent clocks reset and 1.2 s climb ramp started.
[INFO] [1788604905.451499, 193.580000]: STPUB phase=STAIR_ASCENT world=(0.000,0.001,-0.035) body=(0.001,-0.000,-0.035) truth_z=0.312 pose=0.3121834553321667
[INFO] [1788604907.091478, 194.600000]: STPUB phase=STAIR_ASCENT world=(0.029,0.800,-0.022) body=(0.797,-0.079,-0.022) truth_z=0.332 pose=0.332440708044833
[INFO] [1788604908.729550, 195.620000]: STPUB phase=STAIR_ASCENT world=(0.025,0.800,0.014) body=(0.800,0.007,0.014) truth_z=0.526 pose=0.5258614220058075
[INFO] [1788604910.334423, 196.640000]: STPUB phase=STAIR_ASCENT world=(0.029,0.800,0.028) body=(0.800,0.035,0.028) truth_z=0.737 pose=0.7373472577369244
[INFO] [1788604911.927364, 197.660000]: STPUB phase=STAIR_ASCENT world=(-0.220,0.600,0.053) body=(0.560,0.308,0.053) truth_z=0.947 pose=0.9474239517289488
[INFO] [1788604913.536024, 198.680000]: STPUB phase=STAIR_ASCENT world=(-0.220,0.600,0.028) body=(0.580,0.268,0.028) truth_z=1.145 pose=1.1450706299380895
[INFO] [1788604915.113463, 199.700000]: STPUB phase=STAIR_ASCENT world=(0.000,0.800,0.068) body=(0.785,0.154,0.068) truth_z=1.366 pose=1.3660381401187118
[INFO] [1788604916.719854, 200.720000]: STPUB phase=STAIR_ASCENT world=(0.000,0.800,0.041) body=(0.795,0.094,0.041) truth_z=1.583 pose=1.5832558442383788
[INFO] [1788604917.160517, 201.000000]: Intermediate landing entered at y=4.76 m; starting moving turn.
[INFO] [1788604918.320265, 201.740000]: STPUB phase=STAIR_LANDING_TURN world=(0.750,0.000,-0.853) body=(0.536,-0.525,-0.853) truth_z=1.620 pose=1.6198417503158755
[INFO] [1788604919.907610, 202.760000]: STPUB phase=STAIR_LANDING_TURN world=(0.561,0.000,-0.301) body=(0.540,-0.151,-0.301) truth_z=1.612 pose=1.6117907259369066
[INFO] [1788604921.494780, 203.780000]: STPUB phase=STAIR_LANDING_TURN world=(0.300,0.000,-0.120) body=(0.298,-0.033,-0.120) truth_z=1.612 pose=1.6119741778949062
[INFO] [1788604923.078184, 204.800000]: STPUB phase=STAIR_LANDING_TURN world=(0.000,0.000,-1.073) body=(0.000,0.000,-1.073) truth_z=1.620 pose=1.6204525375318095
[INFO] [1788604924.661929, 205.820000]: STPUB phase=STAIR_LANDING_TURN world=(0.000,0.000,-0.434) body=(0.000,0.000,-0.434) truth_z=1.626 pose=1.6257424399630496
[INFO] [1788604926.254935, 206.840000]: STPUB phase=STAIR_LANDING_TURN world=(0.000,0.000,-0.240) body=(0.000,0.000,-0.240) truth_z=1.627 pose=1.6269895374094194
[INFO] [1788604927.337663, 207.540000]: Flight-B entry aligned: x error=-0.003 m, heading error=-0.150 rad.
[INFO] [1788604927.341196, 207.542000]: Flight-B entry joints saved (12 dofs) -> /home/quinn/0904/results/official_gui_rtf065_s20260821_20260905_183553/flight_b_entry_joints_0.json
[INFO] [1788604927.368417, 207.560000]: ASCENT_B gate: entry_guide=True truth_pose=True start_z=0.312 profile=True heading=-1.571 pose_z=1.6268390099445509 truth_z=1.6268390099445509
[INFO] [1788604927.369551, 207.560000]: Pre-ascent RL settle: holding zero command until motion is stable for 0.6 s before FixedStand.
[INFO] [1788604927.370598, 207.560000]: Pre-ascent RL settle active: stable 0.00/0.60 s.
[INFO] [1788604927.987543, 207.960000]: Pre-ascent RL motion settled for 0.62 s; settle-only gate complete (FixedStand disabled).
[INFO] [1788604928.018571, 207.980000]: STPUB phase=STAIR_ASCENT_B world=(0.000,-0.800,-0.071) body=(0.783,-0.162,-0.071) truth_z=1.624 pose=1.623806639082207
[INFO] [1788604928.946035, 208.580000]: ASCENT_B gate: entry_guide=True truth_pose=True start_z=0.312 profile=True heading=-1.571 pose_z=1.6720948587332776 truth_z=1.6720948587332776
[INFO] [1788604929.601338, 209.000000]: STPUB phase=STAIR_ASCENT_B world=(0.000,-0.600,-0.053) body=(0.593,-0.091,-0.053) truth_z=1.721 pose=1.720477269426902
[INFO] [1788604930.532191, 209.600000]: ASCENT_B gate: entry_guide=True truth_pose=True start_z=0.312 profile=True heading=-1.571 pose_z=1.9026288335826915 truth_z=1.9026288335826915
[INFO] [1788604931.180948, 210.020000]: STPUB phase=STAIR_ASCENT_B world=(-0.035,-0.800,-0.035) body=(0.793,-0.115,-0.035) truth_z=1.986 pose=1.9860189472017518
[INFO] [1788604932.110321, 210.620000]: ASCENT_B gate: entry_guide=True truth_pose=True start_z=0.312 profile=True heading=-1.571 pose_z=2.102698048217905 truth_z=2.102698048217905
[INFO] [1788604932.763913, 211.040000]: STPUB phase=STAIR_ASCENT_B world=(-0.037,-0.800,-0.031) body=(0.794,-0.107,-0.031) truth_z=2.172 pose=2.172076120654604
[INFO] [1788604933.694514, 211.640000]: ASCENT_B gate: entry_guide=True truth_pose=True start_z=0.312 profile=True heading=-1.571 pose_z=2.3935082666899143 truth_z=2.3935082666899143
[INFO] [1788604934.353976, 212.060000]: STPUB phase=STAIR_ASCENT_B world=(0.200,-0.600,-0.031) body=(0.615,0.147,-0.031) truth_z=2.467 pose=2.4665990072667237
[INFO] [1788604935.278220, 212.660000]: ASCENT_B gate: entry_guide=True truth_pose=True start_z=0.312 profile=True heading=-1.571 pose_z=2.578504909719166 truth_z=2.578504909719166
[INFO] [1788604935.928766, 213.080000]: STPUB phase=STAIR_ASCENT_B world=(-0.025,-0.800,0.016) body=(0.800,0.012,0.016) truth_z=2.678 pose=2.6783854547480366
[INFO] [1788604936.863080, 213.680000]: ASCENT_B gate: entry_guide=True truth_pose=True start_z=0.312 profile=True heading=-1.571 pose_z=2.8249268680776614 truth_z=2.8249268680776614
[INFO] [1788604937.512220, 214.100000]: STPUB phase=STAIR_ASCENT_B world=(-0.028,-0.800,0.035) body=(0.799,0.053,0.035) truth_z=2.876 pose=2.87594490458299
[INFO] [1788604938.257963, 214.580000]: Upper landing entered: gain=2.60 m, clearance=0.01 m; stabilizing for 0.5 s.
[INFO] [1788604938.774809, 214.900000]: Floor-2 landing confirmed after two flights: gain=2.60 m clearance=0.11 m.
[INFO] [1788604939.973127, 215.642000]: Plane policy acknowledged on the upper landing; releasing stair controller ownership.
[FSM]: state: INIT
wait for goal.
[FSM]: state: INIT
wait for goal.
[FSM]: state: INIT
wait for goal.
[FSM]: state: INIT
wait for goal.
[FSM]: state: INIT
wait for goal.
[FSM]: state: INIT
wait for goal.
[FSM]: state: INIT
wait for goal.
[FSM]: state: INIT
wait for goal.
[33m[WARN] [1788604954.326912301, 224.890000000]: Plane tilt guard scaling cmd_vel by 0.92 at tilt 0.150 rad[0m
[FSM]: state: INIT
wait for goal.
[FSM]: state: INIT
wait for goal.
[FSM]: state: INIT
wait for goal.
[FSM]: state: INIT
wait for goal.
[FSM]: state: INIT
wait for goal.
[33m[WARN] [1788604962.254522956, 230.010000000]: Plane tilt guard scaling cmd_vel by 0.96 at tilt 0.145 rad[0m
[FSM]: state: INIT
wait for goal.
[FSM]: state: INIT
wait for goal.
[FSM]: state: INIT
wait for goal.
[FSM]: state: INIT
wait for goal.
[FSM]: state: INIT
wait for goal.
[FSM]: state: INIT
wait for goal.
[FSM]: state: INIT
wait for goal.
[FSM]: state: INIT
wait for goal.
[FSM]: state: INIT
wait for goal.
[FSM]: state: INIT
wait for goal.
[FSM]: state: INIT
wait for goal.
[FSM]: state: INIT
wait for goal.
[FSM]: state: INIT
wait for goal.
[FSM]: state: INIT
wait for goal.
[FSM]: state: INIT
wait for goal.
[FSM]: state: INIT
wait for goal.
[FSM]: state: INIT
wait for goal.
[FSM]: state: INIT
wait for goal.
[FSM]: state: INIT
wait for goal.
[FSM]: state: INIT
wait for goal.
[FSM]: state: INIT
wait for goal.
[FSM]: state: INIT
wait for goal.
[FSM]: state: INIT
wait for goal.
[FSM]: state: INIT
wait for goal.
[FSM]: state: INIT
wait for goal.
[FSM]: state: INIT
wait for goal.
[FSM]: state: INIT
wait for goal.
[FSM]: state: INIT
wait for goal.
[0m[INFO] [1788604939.298464661, 215.220000000]: RL policy input vx=0.000 vy=0.000 wz=0.000 action_rms=0.176 ready=0 userCmd=0 kbd=0 raw=0.000,0.000,0.000 grav=-0.00,0.01,-0.98[0m
[0m[INFO] [1788604939.930817700, 215.616000000]: RL locomotion_ready latched after 0.65 s takeover and 0.65 s stable hold[0m
[0m[INFO] [1788604942.440606629, 217.228000000]: RL policy input vx=0.000 vy=0.000 wz=0.619 action_rms=0.146 ready=1 userCmd=0 kbd=0 raw=0.000,0.000,0.619 grav=0.01,-0.00,-0.98[0m
[0m[INFO] [1788604945.565506249, 219.234000000]: RL policy input vx=1.036 vy=0.000 wz=0.092 action_rms=0.239 ready=1 userCmd=0 kbd=0 raw=1.036,0.000,0.092 grav=-0.00,0.03,-0.98[0m
[0m[INFO] [1788604948.691740511, 221.248000000]: RL policy input vx=0.000 vy=0.000 wz=0.508 action_rms=0.173 ready=1 userCmd=0 kbd=0 raw=0.000,0.000,0.508 grav=0.01,-0.02,-0.98[0m
[0m[INFO] [1788604951.784327006, 223.250000000]: RL policy input vx=2.246 vy=0.000 wz=0.064 action_rms=0.413 ready=1 userCmd=0 kbd=0 raw=2.246,0.000,0.064 grav=-0.03,0.05,-0.98[0m
[0m[INFO] [1788604954.898700943, 225.262000000]: RL policy input vx=2.239 vy=0.000 wz=0.107 action_rms=0.205 ready=1 userCmd=0 kbd=0 raw=2.239,0.000,0.107 grav=-0.01,-0.10,-0.98[0m
[0m[INFO] [1788604957.998374903, 227.272000000]: RL policy input vx=2.246 vy=0.000 wz=0.068 action_rms=0.258 ready=1 userCmd=0 kbd=0 raw=2.246,0.000,0.068 grav=-0.01,-0.01,-0.98[0m
[0m[INFO] [1788604961.104685453, 229.272000000]: RL policy input vx=2.014 vy=0.000 wz=0.198 action_rms=0.222 ready=1 userCmd=0 kbd=0 raw=2.014,0.000,0.198 grav=-0.02,-0.08,-0.98[0m
[0m[INFO] [1788604964.239876474, 231.292000000]: RL policy input vx=0.853 vy=0.569 wz=0.719 action_rms=0.172 ready=1 userCmd=0 kbd=0 raw=0.853,0.569,0.719 grav=-0.01,-0.04,-0.98[0m
[0m[INFO] [1788604967.372167095, 233.300000000]: RL policy input vx=0.000 vy=0.000 wz=0.180 action_rms=0.160 ready=1 userCmd=0 kbd=0 raw=0.000,0.000,0.180 grav=0.01,-0.02,-0.98[0m
[0m[INFO] [1788604970.510100214, 235.314000000]: RL policy input vx=0.450 vy=0.000 wz=0.015 action_rms=0.274 ready=1 userCmd=0 kbd=0 raw=0.450,0.000,0.015 grav=0.01,-0.02,-0.98[0m
[0m[INFO] [1788604973.644091615, 237.330000000]: RL policy input vx=0.889 vy=-0.137 wz=-0.168 action_rms=0.191 ready=1 userCmd=0 kbd=0 raw=0.889,-0.137,-0.168 grav=-0.02,-0.01,-0.98[0m
[0m[INFO] [1788604976.788605506, 239.342000000]: RL policy input vx=0.900 vy=-0.011 wz=-0.014 action_rms=0.201 ready=1 userCmd=0 kbd=0 raw=0.900,-0.011,-0.014 grav=-0.00,-0.03,-0.98[0m
[0m[INFO] [1788604979.916554198, 241.358000000]: RL policy input vx=0.821 vy=-0.005 wz=-0.007 action_rms=0.303 ready=1 userCmd=0 kbd=0 raw=0.821,-0.005,-0.007 grav=-0.00,-0.03,-0.98[0m
[0m[INFO] [1788604983.028992502, 243.366000000]: RL policy input vx=0.000 vy=0.000 wz=2.900 action_rms=0.396 ready=1 userCmd=0 kbd=0 raw=0.000,0.000,2.900 grav=0.00,0.01,-0.98[0m
[0m[INFO] [1788604986.140775519, 245.378000000]: RL policy input vx=0.000 vy=0.000 wz=-1.500 action_rms=0.317 ready=1 userCmd=0 kbd=0 raw=0.000,0.000,-1.500 grav=0.01,0.00,-0.98[0m
[0m[INFO] [1788604989.276606788, 247.386000000]: RL policy input vx=0.870 vy=-0.229 wz=-0.283 action_rms=0.193 ready=1 userCmd=0 kbd=0 raw=0.870,-0.229,-0.283 grav=-0.00,-0.08,-0.98[0m
[0m[INFO] [1788604992.387911008, 249.402000000]: RL policy input vx=0.486 vy=-0.018 wz=-0.041 action_rms=0.307 ready=1 userCmd=0 kbd=0 raw=0.486,-0.018,-0.041 grav=0.01,-0.04,-0.98[0m
[0m[INFO] [1788604995.506423415, 251.410000000]: RL policy input vx=0.000 vy=0.000 wz=-2.900 action_rms=0.340 ready=1 userCmd=0 kbd=0 raw=0.000,0.000,-2.900 grav=-0.00,0.01,-0.98[0m
[0m[INFO] [1788604998.632067440, 253.414000000]: RL policy input vx=1.252 vy=0.423 wz=0.364 action_rms=0.245 ready=1 userCmd=0 kbd=0 raw=1.252,0.423,0.364 grav=0.02,0.03,-0.98[0m
[0m[INFO] [1788605001.733560917, 255.426000000]: RL policy input vx=0.000 vy=0.000 wz=-0.450 action_rms=0.179 ready=1 userCmd=0 kbd=0 raw=0.000,0.000,-0.450 grav=0.01,-0.00,-0.98[0m
[0m[INFO] [1788605004.881348282, 257.442000000]: RL policy input vx=0.447 vy=0.000 wz=-0.117 action_rms=0.186 ready[FSM]: state: INIT
wait for goal.
[FSM]: state: INIT
wait for goal.
[FSM]: state: INIT
wait for goal.
[FSM]: state: INIT
wait for goal.
[FSM]: state: INIT
wait for goal.
[FSM]: state: INIT
wait for goal.
[FSM]: state: INIT
wait for goal.
[FSM]: state: INIT
wait for goal.
[FSM]: state: INIT
wait for goal.
[FSM]: state: INIT
wait for goal.
[FSM]: state: INIT
wait for goal.
[FSM]: state: INIT
wait for goal.
[FSM]: state: INIT
wait for goal.
[FSM]: state: INIT
wait for goal.
[FSM]: state: INIT
wait for goal.
[FSM]: state: INIT
wait for goal.
[FSM]: state: INIT
wait for goal.
[FSM]: state: INIT
wait for goal.
[FSM]: state: INIT
wait for goal.
[FSM]: state: INIT
wait for goal.
[FSM]: state: INIT
wait for goal.
[FSM]: state: INIT
wait for goal.
[FSM]: state: INIT
wait for goal.
[33m[WARN] [1788605041.376615758, 280.830000000]: Plane tilt guard scaling cmd_vel by 0.93 at tilt 0.149 rad[0m
[FSM]: state: INIT
wait for goal.
[FSM]: state: INIT
wait for goal.
[FSM]: state: INIT
wait for goal.
[FSM]: state: INIT
wait for goal.
[FSM]: state: INIT
wait for goal.
[FSM]: state: INIT
wait for goal.
[FSM]: state: INIT
wait for goal.
[FSM]: state: INIT
wait for goal.
[FSM]: state: INIT
wait for goal.
[FSM]: state: INIT
wait for goal.
[FSM]: state: INIT
wait for goal.
[FSM]: state: INIT
wait for goal.
[FSM]: state: INIT
wait for goal.
[FSM]: state: INIT
wait for goal.
[FSM]: state: INIT
wait for goal.
[33m[WARN] [1788605063.826976489, 295.276000000]: Plane tilt guard scaling cmd_vel by 0.94 at tilt 0.148 rad[0m
[FSM]: state: INIT
wait for goal.
[FSM]: state: INIT
wait for goal.
[FSM]: state: INIT
wait for goal.
[FSM]: state: INIT
wait for goal.
[FSM]: state: INIT
wait for goal.
[FSM]: state: INIT
wait for goal.
[FSM]: state: INIT
wait for goal.
[FSM]: state: INIT
wait for goal.
=1 userCmd=0 kbd=0 raw=0.447,0.000,-0.117 grav=-0.01,-0.00,-0.98[0m
[0m[INFO] [1788605008.021309894, 259.460000000]: RL policy input vx=0.449 vy=0.000 wz=-0.062 action_rms=0.240 ready=1 userCmd=0 kbd=0 raw=0.449,0.000,-0.062 grav=0.00,-0.02,-0.98[0m
[0m[INFO] [1788605011.161680534, 261.468000000]: RL policy input vx=0.422 vy=0.001 wz=0.004 action_rms=0.250 ready=1 userCmd=0 kbd=0 raw=0.422,0.001,0.004 grav=0.02,-0.01,-0.98[0m
[0m[INFO] [1788605014.305952453, 263.480000000]: RL policy input vx=0.450 vy=0.000 wz=0.005 action_rms=0.186 ready=1 userCmd=0 kbd=0 raw=0.450,0.000,0.005 grav=0.01,-0.01,-0.98[0m
[0m[INFO] [1788605017.414647088, 265.480000000]: RL policy input vx=0.862 vy=0.258 wz=0.320 action_rms=0.188 ready=1 userCmd=0 kbd=0 raw=0.862,0.258,0.320 grav=0.01,-0.00,-0.98[0m
[0m[INFO] [1788605020.558036234, 267.494000000]: RL policy input vx=0.899 vy=0.033 wz=0.040 action_rms=0.345 ready=1 userCmd=0 kbd=0 raw=0.899,0.033,0.040 grav=-0.00,-0.01,-0.98[0m
[0m[INFO] [1788605023.711469764, 269.506000000]: RL policy input vx=0.900 vy=0.004 wz=0.005 action_rms=0.147 ready=1 userCmd=0 kbd=0 raw=0.900,0.004,0.005 grav=-0.00,-0.02,-0.98[0m
[0m[INFO] [1788605026.855937445, 271.520000000]: RL policy input vx=0.000 vy=0.000 wz=-2.900 action_rms=0.187 ready=1 userCmd=0 kbd=0 raw=0.000,0.000,-2.900 grav=0.01,0.02,-0.98[0m
[0m[INFO] [1788605030.036929696, 273.534000000]: RL policy input vx=0.000 vy=0.000 wz=1.467 action_rms=0.169 ready=1 userCmd=0 kbd=0 raw=0.000,0.000,1.467 grav=0.01,0.00,-0.98[0m
[0m[INFO] [1788605033.164315806, 275.540000000]: RL policy input vx=0.860 vy=0.265 wz=0.329 action_rms=0.273 ready=1 userCmd=0 kbd=0 raw=0.860,0.265,0.329 grav=0.00,0.06,-0.98[0m
[0m[INFO] [1788605036.268179481, 277.542000000]: RL policy input vx=0.682 vy=0.032 wz=0.052 action_rms=0.178 ready=1 userCmd=0 kbd=0 raw=0.682,0.032,0.052 grav=-0.00,-0.02,-0.98[0m
[0m[INFO] [1788605039.379691776, 279.544000000]: RL policy input vx=0.000 vy=0.000 wz=2.900 action_rms=0.140 ready=1 userCmd=0 kbd=0 raw=0.000,0.000,2.900 grav=0.01,-0.01,-0.98[0m
[0m[INFO] [1788605042.525173091, 281.562000000]: RL policy input vx=0.961 vy=-0.149 wz=-0.170 action_rms=0.415 ready=1 userCmd=0 kbd=0 raw=0.961,-0.149,-0.170 grav=0.03,-0.03,-0.98[0m
[0m[INFO] [1788605045.631848777, 283.562000000]: RL policy input vx=0.445 vy=0.000 wz=0.156 action_rms=0.187 ready=1 userCmd=0 kbd=0 raw=0.445,0.000,0.156 grav=0.00,-0.01,-0.98[0m
[0m[INFO] [1788605048.764605727, 285.576000000]: RL policy input vx=0.450 vy=0.000 wz=0.017 action_rms=0.195 ready=1 userCmd=0 kbd=0 raw=0.450,0.000,0.017 grav=0.01,-0.02,-0.98[0m
[0m[INFO] [1788605051.912083715, 287.584000000]: RL policy input vx=0.389 vy=0.000 wz=-0.415 action_rms=0.211 ready=1 userCmd=0 kbd=0 raw=0.389,0.000,-0.415 grav=-0.00,0.01,-0.98[0m
[0m[INFO] [1788605055.051851437, 289.596000000]: RL policy input vx=1.977 vy=-0.450 wz=-0.246 action_rms=0.229 ready=1 userCmd=0 kbd=0 raw=1.977,-0.450,-0.246 grav=-0.03,-0.03,-0.98[0m
[0m[INFO] [1788605058.164501556, 291.606000000]: RL policy input vx=2.250 vy=-0.039 wz=-0.019 action_rms=0.318 ready=1 userCmd=0 kbd=0 raw=2.250,-0.039,-0.019 grav=0.03,-0.03,-0.98[0m
[0m[INFO] [1788605061.271275014, 293.620000000]: RL policy input vx=2.250 vy=0.037 wz=0.018 action_rms=0.321 ready=1 userCmd=0 kbd=0 raw=2.250,0.037,0.018 grav=0.01,0.04,-0.98[0m
[0m[INFO] [1788605064.366575328, 295.626000000]: RL policy input vx=2.189 vy=0.267 wz=0.131 action_rms=0.204 ready=1 userCmd=0 kbd=0 raw=2.233,0.273,0.134 grav=-0.01,-0.14,-0.97[0m
[0m[INFO] [1788605067.453344551, 297.630000000]: RL policy input vx=0.061 vy=0.000 wz=0.780 action_rms=0.121 ready=1 userCmd=0 kbd=0 raw=0.061,0.000,0.780 grav=0.03,0.07,-0.98[0m
[0m[INFO] [1788605070.613436357, 299.648000000]: RL policy input vx=0.448 vy=0.000 wz=0.098 action_rms=0.235 ready=1 userCmd=0 kbd=0 raw=0.448,0.000,0.098 grav=-0.00,-0.04,-0.98[0m
[0m[INFO] [1788605073.759893208, 301.648000000]: RL policy input vx=0.450 vy=0.000 wz=0.002 action_rms=0.163 ready=1 userCmd=0 kbd=0 raw=0.450,0.000,0.002 grav=0.00,-0.02,-0.98[0m
[0m[FSM]: state: INIT
wait for goal.
[FSM]: state: INIT
wait for goal.
[FSM]: state: INIT
wait for goal.
[FSM]: state: INIT
wait for goal.
[FSM]: state: INIT
wait for goal.
[FSM]: state: INIT
wait for goal.
[FSM]: state: INIT
wait for goal.
[FSM]: state: INIT
wait for goal.
[FSM]: state: INIT
wait for goal.
[FSM]: state: INIT
wait for goal.
[FSM]: state: INIT
wait for goal.
[FSM]: state: INIT
wait for goal.
[FSM]: state: INIT
wait for goal.
[FSM]: state: INIT
wait for goal.
[FSM]: state: INIT
wait for goal.
[33m[WARN] [1788605099.466119018, 318.130000000]: Plane tilt guard scaling cmd_vel by 0.96 at tilt 0.146 rad[0m
[FSM]: state: INIT
wait for goal.
[FSM]: state: INIT
wait for goal.
[FSM]: state: INIT
wait for goal.
[FSM]: state: INIT
wait for goal.
[FSM]: state: INIT
wait for goal.
[FSM]: state: INIT
wait for goal.
[FSM]: state: INIT
wait for goal.
[FSM]: state: INIT
wait for goal.
[FSM]: state: INIT
wait for goal.
[FSM]: state: INIT
wait for goal.
[FSM]: state: INIT
wait for goal.
[FSM]: state: INIT
wait for goal.
[FSM]: state: INIT
wait for goal.
[FSM]: state: INIT
wait for goal.
[FSM]: state: INIT
wait for goal.
[FSM]: state: INIT
wait for goal.
[FSM]: state: INIT
wait for goal.
[FSM]: state: INIT
wait for goal.
[FSM]: state: INIT
wait for goal.
[FSM]: state: INIT
wait for goal.
[FSM]: state: INIT
wait for goal.
[FSM]: state: INIT
wait for goal.
[FSM]: state: INIT
wait for goal.
[FSM]: state: INIT
wait for goal.
[FSM]: state: INIT
wait for goal.
[FSM]: state: INIT
wait for goal.
[FSM]: state: INIT
wait for goal.
[FSM]: state: INIT
wait for goal.
[33m[WARN] [1788605143.573848948, 346.598000000]: Plane tilt guard scaling cmd_vel by 0.96 at tilt 0.145 rad[0m
[FSM]: state: INIT
wait for goal.
[INFO] [1788605076.942231580, 303.666000000]: RL policy input vx=0.897 vy=-0.072 wz=-0.088 action_rms=0.281 ready=1 userCmd=0 kbd=0 raw=0.897,-0.072,-0.088 grav=-0.01,-0.02,-0.98[0m
[0m[INFO] [1788605080.090450338, 305.670000000]: RL policy input vx=0.900 vy=-0.010 wz=-0.012 action_rms=0.143 ready=1 userCmd=0 kbd=0 raw=0.900,-0.010,-0.012 grav=0.01,-0.02,-0.98[0m
[0m[INFO] [1788605083.227198630, 307.670000000]: RL policy input vx=0.300 vy=-0.005 wz=-0.020 action_rms=0.214 ready=1 userCmd=0 kbd=0 raw=0.300,-0.005,-0.020 grav=0.02,-0.02,-0.98[0m
[0m[INFO] [1788605086.395506532, 309.684000000]: RL policy input vx=0.000 vy=0.000 wz=2.900 action_rms=0.179 ready=1 userCmd=0 kbd=0 raw=0.000,0.000,2.900 grav=0.04,0.01,-0.98[0m
[0m[INFO] [1788605089.503287887, 311.698000000]: RL policy input vx=0.000 vy=0.000 wz=-1.477 action_rms=0.133 ready=1 userCmd=0 kbd=0 raw=0.000,0.000,-1.477 grav=0.02,0.02,-0.98[0m
[0m[INFO] [1788605092.632656714, 313.712000000]: RL policy input vx=0.891 vy=-0.129 wz=-0.158 action_rms=0.160 ready=1 userCmd=0 kbd=0 raw=0.891,-0.129,-0.158 grav=-0.00,-0.05,-0.98[0m
[0m[INFO] [1788605095.727542584, 315.712000000]: RL policy input vx=0.096 vy=0.000 wz=-0.310 action_rms=0.151 ready=1 userCmd=0 kbd=0 raw=0.096,0.000,-0.310 grav=0.03,-0.02,-0.98[0m
[0m[INFO] [1788605098.827368941, 317.716000000]: RL policy input vx=0.447 vy=-0.447 wz=-1.791 action_rms=0.221 ready=1 userCmd=0 kbd=0 raw=0.447,-0.447,-1.791 grav=-0.00,0.02,-0.98[0m
[0m[INFO] [1788605101.917344948, 319.716000000]: RL policy input vx=0.281 vy=0.106 wz=0.398 action_rms=0.138 ready=1 userCmd=0 kbd=0 raw=0.281,0.106,0.398 grav=0.04,-0.00,-0.98[0m
[0m[INFO] [1788605105.011716905, 321.720000000]: RL policy input vx=0.000 vy=0.000 wz=-0.391 action_rms=0.152 ready=1 userCmd=0 kbd=0 raw=0.000,0.000,-0.391 grav=-0.00,0.01,-0.98[0m
[0m[INFO] [1788605108.122195662, 323.726000000]: RL policy input vx=0.448 vy=0.000 wz=-0.096 action_rms=0.238 ready=1 userCmd=0 kbd=0 raw=0.448,0.000,-0.096 grav=0.00,-0.00,-0.98[0m
[0m[INFO] [1788605111.257751950, 325.742000000]: RL policy input vx=0.449 vy=0.000 wz=-0.067 action_rms=0.155 ready=1 userCmd=0 kbd=0 raw=0.449,0.000,-0.067 grav=0.01,-0.02,-0.98[0m
[0m[INFO] [1788605114.361640292, 327.746000000]: RL policy input vx=0.450 vy=0.000 wz=0.036 action_rms=0.298 ready=1 userCmd=0 kbd=0 raw=0.450,0.000,0.036 grav=0.01,-0.01,-0.98[0m
[0m[INFO] [1788605117.476154112, 329.748000000]: RL policy input vx=0.450 vy=0.000 wz=-0.010 action_rms=0.156 ready=1 userCmd=0 kbd=0 raw=0.450,0.000,-0.010 grav=0.00,-0.02,-0.98[0m
[0m[INFO] [1788605120.583598810, 331.760000000]: RL policy input vx=0.882 vy=0.178 wz=0.219 action_rms=0.232 ready=1 userCmd=0 kbd=0 raw=0.882,0.178,0.219 grav=-0.00,0.00,-0.98[0m
[0m[INFO] [1788605123.682876096, 333.766000000]: RL policy input vx=0.900 vy=0.023 wz=0.029 action_rms=0.234 ready=1 userCmd=0 kbd=0 raw=0.900,0.023,0.029 grav=-0.01,-0.02,-0.98[0m
[0m[INFO] [1788605126.790752312, 335.768000000]: RL policy input vx=0.649 vy=-0.007 wz=-0.011 action_rms=0.236 ready=1 userCmd=0 kbd=0 raw=0.649,-0.007,-0.011 grav=0.00,-0.02,-0.98[0m
[0m[INFO] [1788605129.907137348, 337.770000000]: RL policy input vx=0.000 vy=0.000 wz=-2.900 action_rms=0.218 ready=1 userCmd=0 kbd=0 raw=0.000,0.000,-2.900 grav=0.00,0.01,-0.98[0m
[0m[INFO] [1788605133.014393506, 339.786000000]: RL policy input vx=0.000 vy=0.000 wz=1.500 action_rms=0.180 ready=1 userCmd=0 kbd=0 raw=0.000,0.000,1.500 grav=0.01,-0.01,-0.98[0m
[0m[INFO] [1788605136.161257535, 341.802000000]: RL policy input vx=0.882 vy=0.179 wz=0.220 action_rms=0.341 ready=1 userCmd=0 kbd=0 raw=0.882,0.179,0.220 grav=0.00,0.03,-0.98[0m
[0m[INFO] [1788605139.256642742, 343.808000000]: RL policy input vx=0.300 vy=0.004 wz=0.015 action_rms=0.137 ready=1 userCmd=0 kbd=0 raw=0.300,0.004,0.015 grav=0.02,-0.01,-0.98[0m
[0m[INFO] [1788605142.351614350, 345.808000000]: RL policy input vx=0.000 vy=0.000 wz=2.900 action_rms=0.410 ready=1 userCmd=0 kbd=0 raw=0.000,0.000,2.900 grav=0.01,0.03,-0.98[0m
[0m[INFO] [1788605145.460206797, 347.808000000]: RL policy [FSM]: state: INIT
wait for goal.
[FSM]: state: INIT
wait for goal.
[FSM]: state: INIT
wait for goal.
[FSM]: state: INIT
wait for goal.
[FSM]: state: INIT
wait for goal.
[FSM]: state: INIT
wait for goal.
[FSM]: state: INIT
wait for goal.
[FSM]: state: INIT
wait for goal.
[33m[WARN] [1788605157.241233600, 355.228000000]: Plane tilt guard scaling cmd_vel by 0.98 at tilt 0.143 rad[0m
[FSM]: state: INIT
wait for goal.
[FSM]: state: INIT
wait for goal.
[FSM]: state: INIT
wait for goal.
[FSM]: state: INIT
wait for goal.
[FSM]: state: INIT
wait for goal.
[FSM]: state: INIT
wait for goal.
[FSM]: state: INIT
wait for goal.
[FSM]: state: INIT
wait for goal.
[FSM]: state: INIT
wait for goal.
[FSM]: state: INIT
wait for goal.
[FSM]: state: INIT
wait for goal.
[FSM]: state: INIT
wait for goal.
[FSM]: state: INIT
wait for goal.
[FSM]: state: INIT
wait for goal.
[FSM]: state: INIT
wait for goal.
[FSM]: state: INIT
wait for goal.
[FSM]: state: INIT
wait for goal.
[FSM]: state: INIT
wait for goal.
[FSM]: state: INIT
wait for goal.
[FSM]: state: INIT
wait for goal.
[FSM]: state: INIT
wait for goal.
[FSM]: state: INIT
wait for goal.
[FSM]: state: INIT
wait for goal.
[FSM]: state: INIT
wait for goal.
[FSM]: state: INIT
wait for goal.
input vx=0.420 vy=-0.111 wz=-0.284 action_rms=0.283 ready=1 userCmd=0 kbd=0 raw=0.420,-0.111,-0.284 grav=0.04,-0.03,-0.98[0m
[0m[INFO] [1788605148.660316170, 349.824000000]: RL policy input vx=0.447 vy=0.000 wz=0.135 action_rms=0.195 ready=1 userCmd=0 kbd=0 raw=0.447,0.000,0.135 grav=-0.02,0.02,-0.98[0m
[0m[INFO] [1788605151.906928984, 351.842000000]: RL policy input vx=0.450 vy=0.000 wz=0.018 action_rms=0.293 ready=1 userCmd=0 kbd=0 raw=0.450,0.000,0.018 grav=-0.00,-0.02,-0.98[0m
[0m[INFO] [1788605155.124440578, 353.860000000]: RL policy input vx=0.000 vy=0.000 wz=1.096 action_rms=0.127 ready=1 userCmd=0 kbd=0 raw=0.000,0.000,1.096 grav=0.03,-0.03,-0.98[0m
[0m[INFO] [1788605158.241946140, 355.872000000]: RL policy input vx=2.204 vy=0.453 wz=0.223 action_rms=0.232 ready=1 userCmd=0 kbd=0 raw=2.204,0.453,0.223 grav=-0.02,0.01,-0.98[0m
[0m[INFO] [1788605161.381121612, 357.874000000]: RL policy input vx=2.250 vy=-0.019 wz=-0.009 action_rms=0.447 ready=1 userCmd=0 kbd=0 raw=2.250,-0.019,-0.009 grav=-0.00,0.00,-0.98[0m
[0m[INFO] [1788605164.567280654, 359.894000000]: RL policy input vx=2.250 vy=0.010 wz=0.005 action_rms=0.358 ready=1 userCmd=0 kbd=0 raw=2.250,0.010,0.005 grav=-0.04,-0.11,-0.97[0m
[0m[INFO] [1788605167.721238014, 361.898000000]: RL policy input vx=2.248 vy=0.087 wz=0.043 action_rms=0.354 ready=1 userCmd=0 kbd=0 raw=2.248,0.087,0.043 grav=0.04,0.03,-0.98[0m
[0m[INFO] [1788605170.950931187, 363.912000000]: RL policy input vx=2.244 vy=0.168 wz=0.082 action_rms=0.249 ready=1 userCmd=0 kbd=0 raw=2.244,0.168,0.082 grav=0.05,-0.07,-0.98[0m
[0m[INFO] [1788605174.118294573, 365.922000000]: RL policy input vx=0.855 vy=-0.350 wz=-0.419 action_rms=0.169 ready=1 userCmd=0 kbd=0 raw=0.855,-0.350,-0.419 grav=0.07,-0.02,-0.98[0m
[0m[INFO] [1788605177.282361551, 367.924000000]: RL policy input vx=1.847 vy=-0.099 wz=-0.059 action_rms=0.239 ready=1 userCmd=0 kbd=0 raw=1.847,-0.099,-0.059 grav=-0.00,-0.10,-0.97[0m
[0m[INFO] [1788605180.509298180, 369.936000000]: RL policy input vx=1.850 vy=-0.019 wz=-0.012 action_rms=0.348 ready=1 userCmd=0 kbd=0 raw=1.849,-0.051,-0.030 grav=0.04,-0.05,-0.98[0m
[0m[INFO] [1788605183.690183828, 371.944000000]: RL policy input vx=0.000 vy=0.000 wz=-1.000 action_rms=0.275 ready=1 userCmd=0 kbd=0 raw=0.000,0.000,-1.000 grav=0.03,0.02,-0.98[0m
[0m[INFO] [1788605186.896096957, 373.962000000]: RL policy input vx=0.000 vy=0.000 wz=-0.162 action_rms=0.178 ready=1 userCmd=0 kbd=0 raw=0.000,0.000,-0.162 grav=-0.01,-0.01,-0.98[0m
[0m[INFO] [1788605190.104728436, 375.964000000]: RL policy input vx=1.429 vy=0.000 wz=-0.050 action_rms=0.167 ready=1 userCmd=0 kbd=0 raw=1.429,0.000,-0.050 grav=-0.01,-0.04,-0.98[0m
[0m[INFO] [1788605193.347060562, 377.974000000]: RL policy input vx=0.000 vy=0.000 wz=-1.000 action_rms=0.204 ready=1 userCmd=0 kbd=0 raw=0.000,0.000,-1.000 grav=0.01,-0.00,-0.98[0m
[0m[INFO] [1788605196.468495553, 379.980000000]: RL policy input vx=0.000 vy=0.000 wz=-0.164 action_rms=0.140 ready=1 userCmd=0 kbd=0 raw=0.000,0.000,-0.164 grav=0.00,0.00,-0.98[0m
Switched from RL to fixed stand
[FSM]: state: INIT
wait for goal.
infer_thread退出!
[33m[WARN] [1788605198.400620802, 381.186000000]: Using one-shot captured-pose FixedStand profile: ramp 0.50 s, settle 0.00 s, ready after 0.50 s + 0.50 s stable, minimum gain 0.75[0m
[INFO] Using /stand_target_joints param stance.
Switched from fixed stand to RL
[INFO] Entered RL /cmd_vel mode.
[33m[WARN] [1788605199.691231899, 381.986000000]: Using one-shot stair RL takeover profile: blend 0.50 s, zero hold 0.15 s[0m
cuda::is_available():0
[WARNING] UNITREE_RL_DEVICE=hybrid selected CUDA for this policy but CUDA is unavailable; using CPU.
RL inference device: cpu (requested=hybrid, policy=stair)
[INFO] RL policy activated from preload cache at FixedStand entry boundary: /home/quinn/0904/runtime_assets/SimEnv/src/unitree_guide/logs/policy_act_inference_stair.pt
[FSM]: state: INIT
wait for goal.
[FSM]: state: INIT
wait for goal.
[FSM]: state: INIT
wait for goal.
[FSM]: state: INIT
wait for goal.
[FSM]: state: INIT
wait for goal.
[FSM]: state: INIT
wait for goal.
[FSM]: state: INIT
wait for goal.
[FSM]: state: INIT
wait for goal.
[FSM]: state: INIT
wait for goal.
[FSM]: state: INIT
wait for goal.
[FSM]: state: INIT
wait for goal.
[FSM]: state: INIT
wait for goal.
[FSM]: state: INIT
wait for goal.
[FSM]: state: INIT
wait for goal.
[FSM]: state: INIT
wait for goal.
[FSM]: state: INIT
wait for goal.
[FSM]: state: INIT
wait for goal.
[FSM]: state: INIT
wait for goal.
[FSM]: state: INIT
wait for goal.
[FSM]: state: INIT
wait for goal.
[FSM]: state: INIT
wait for goal.
[FSM]: state: INIT
wait for goal.
[FSM]: state: INIT
wait for goal.
[FSM]: state: INIT
wait for goal.
[33m[WARN] [1788605236.059388976, 405.384000000]: Using one-shot plane RL takeover profile: blend 0.50 s, zero hold 0.15 s[0m
[0m[INFO] [1788605199.692498039, 381.986000000]: RL policy input vx=0.000 vy=0.000 wz=0.000 action_rms=0.201 ready=0 userCmd=0 kbd=0 raw=0.000,0.000,0.000 grav=-0.01,0.01,-0.98[0m
[0m[INFO] [1788605200.748511727, 382.638000000]: RL locomotion_ready latched after 0.65 s takeover and 0.65 s stable hold[0m
[0m[INFO] [1788605202.927077781, 383.998000000]: RL policy input vx=0.799 vy=-0.039 wz=-0.017 action_rms=0.289 ready=1 userCmd=0 kbd=0 raw=0.799,-0.039,-0.017 grav=-0.20,-0.15,-0.95[0m
[0m[INFO] [1788605206.037138582, 386.010000000]: RL policy input vx=0.793 vy=0.110 wz=0.037 action_rms=0.374 ready=1 userCmd=0 kbd=0 raw=0.793,0.110,0.037 grav=-0.47,0.04,-0.86[0m
[0m[INFO] [1788605209.164306727, 388.028000000]: RL policy input vx=0.793 vy=0.104 wz=0.046 action_rms=0.452 ready=1 userCmd=0 kbd=0 raw=0.793,0.104,0.046 grav=-0.37,-0.03,-0.91[0m
[0m[INFO] [1788605212.271564341, 390.036000000]: RL policy input vx=0.616 vy=-0.171 wz=0.028 action_rms=0.272 ready=1 userCmd=0 kbd=0 raw=0.616,-0.171,0.028 grav=-0.25,0.10,-0.94[0m
[0m[INFO] [1788605215.393005343, 392.038000000]: RL policy input vx=0.460 vy=-0.110 wz=-0.258 action_rms=0.150 ready=1 userCmd=0 kbd=0 raw=0.460,-0.110,-0.258 grav=0.01,-0.04,-0.98[0m
[0m[INFO] [1788605218.531734731, 394.054000000]: RL policy input vx=0.000 vy=0.000 wz=-0.879 action_rms=0.165 ready=1 userCmd=0 kbd=0 raw=0.000,0.000,-0.879 grav=-0.02,0.02,-0.98[0m
[0m[INFO] [1788605221.629812829, 396.056000000]: RL policy input vx=0.000 vy=0.000 wz=-0.249 action_rms=0.176 ready=1 userCmd=0 kbd=0 raw=0.000,0.000,-0.249 grav=-0.05,0.02,-0.98[0m
[0m[INFO] [1788605224.774377807, 398.074000000]: RL policy input vx=0.784 vy=-0.162 wz=-0.059 action_rms=0.194 ready=1 userCmd=0 kbd=0 raw=0.784,-0.162,-0.059 grav=-0.03,-0.03,-0.98[0m
[0m[INFO] [1788605227.897680927, 400.082000000]: RL policy input vx=0.801 vy=-0.007 wz=0.010 action_rms=0.696 ready=1 userCmd=8 kbd=0 raw=0.801,-0.007,0.010 grav=-0.35,-0.02,-0.91[0m
[0m[INFO] [1788605231.004677812, 402.100000000]: RL policy input vx=0.794 vy=0.099 wz=0.043 action_rms=0.326 ready=1 userCmd=0 kbd=0 raw=0.794,0.099,0.043 grav=-0.39,-0.02,-0.90[0m
[0m[INFO] [1788605234.104909981, 404.114000000]: RL policy input vx=0.619 vy=-0.128 wz=0.041 action_rms=0.345 ready=1 userCmd=0 kbd=0 raw=0.619,-0.128,0.041 grav=-0.42,-0.01,-0.89[0m
cuda::is_available():0
RL inference device: cpu (requested=hybrid, policy=plane)
[INFO] RL policy hot-switched from preload cache: /home/quinn/0904/runtime_assets/SimEnv/src/unitree_guide/logs/policy_act_inference_plane.pt
[FSM]: state: INIT
wait for goal.
[INFO] [1788605197.051647, 380.348000]: Floor-2 stair controller armed by SECOND_FLOOR_EXPLORATION_COMPLETE.
[INFO] [1788605197.068898, 380.360000]: Robot is already 0.02 m from the pre-riser pose; skipping the corridor/side legs.
[INFO] [1788605197.069916, 380.360000]: Pre-ascent residual heading error -0.113 rad (visual_depth=False, bearing=none).
[INFO] [1788605197.982337, 380.920000]: Pre-ascent stand target set from flight-A pre-reload capture entry sample
[INFO] [1788605197.991851, 380.926000]: Flight-A plane gait settled at joint RMS 0.104; holding FixedStand for at least 0.1 s at snapshot pose before queued stair-policy entry.
[INFO] [1788605199.437470, 381.826000]: Flight-A FixedStand readiness gate complete; queued the stair policy for State_RL entry and retaining stand ownership for 0.25 s.
[INFO] [1788605199.684829, 381.980000]: Flight-A policy request has been queued under FixedStand; requesting RL so State_RL loads it before inference starts.
[INFO] [1788605200.752223, 382.640000]: Fresh RL readiness confirmed after the flight-A FixedStand boundary; starting the climb ramp.
[INFO] [1788605200.780411, 382.660000]: Flight-A fresh RL readiness observed; ascent clocks reset and 1.2 s climb ramp started.
[INFO] [1788605200.782316, 382.660000]: STPUB phase=STAIR_ASCENT world=(0.000,0.001,-0.030) body=(0.001,-0.000,-0.030) truth_z=2.912 pose=2.9119893941033457
[INFO] [1788605202.430169, 383.680000]: STPUB phase=STAIR_ASCENT world=(0.000,0.800,-0.025) body=(0.798,-0.057,-0.025) truth_z=2.932 pose=2.9317999392557264
[INFO] [1788605204.008849, 384.700000]: STPUB phase=STAIR_ASCENT world=(0.000,0.800,0.033) body=(0.796,0.075,0.033) truth_z=3.099 pose=3.099450840860768
[INFO] [1788605205.588712, 385.720000]: STPUB phase=STAIR_ASCENT world=(0.000,0.600,0.040) body=(0.596,0.069,0.040) truth_z=3.329 pose=3.3294671468116017
[INFO] [1788605207.165767, 386.740000]: STPUB phase=STAIR_ASCENT world=(-0.220,0.600,0.062) body=(0.552,0.322,0.062) truth_z=3.512 pose=3.512101137614017
[INFO] [1788605208.749370, 387.760000]: STPUB phase=STAIR_ASCENT world=(0.000,0.600,0.036) body=(0.597,0.061,0.036) truth_z=3.773 pose=3.7731515125876385
[INFO] [1788605210.322875, 388.780000]: STPUB phase=STAIR_ASCENT world=(-0.040,0.800,0.037) body=(0.791,0.123,0.037) truth_z=4.007 pose=4.00700260154431
[INFO] [1788605211.904404, 389.800000]: STPUB phase=STAIR_ASCENT world=(-0.031,0.800,0.031) body=(0.794,0.102,0.031) truth_z=4.185 pose=4.184749123643324
[INFO] [1788605212.338554, 390.080000]: Intermediate landing entered at y=4.75 m; starting moving turn.
[INFO] [1788605213.491920, 390.820000]: STPUB phase=STAIR_LANDING_TURN world=(0.750,0.000,-0.909) body=(0.508,-0.552,-0.909) truth_z=4.209 pose=4.208922981531208
[INFO] [1788605215.078011, 391.840000]: STPUB phase=STAIR_LANDING_TURN world=(0.566,0.000,-0.296) body=(0.546,-0.151,-0.296) truth_z=4.215 pose=4.214662490199566
[INFO] [1788605216.672103, 392.860000]: STPUB phase=STAIR_LANDING_TURN world=(0.300,0.000,-0.111) body=(0.298,-0.030,-0.111) truth_z=4.215 pose=4.2153423853150445
[INFO] [1788605218.263608, 393.880000]: STPUB phase=STAIR_LANDING_TURN world=(0.000,0.000,-1.043) body=(0.000,0.000,-1.043) truth_z=4.218 pose=4.218080058325024
[INFO] [1788605219.837324, 394.900000]: STPUB phase=STAIR_LANDING_TURN world=(0.000,0.000,-0.407) body=(0.000,0.000,-0.407) truth_z=4.223 pose=4.223070497677907
[INFO] [1788605221.419052, 395.920000]: STPUB phase=STAIR_LANDING_TURN world=(0.000,0.000,-0.258) body=(0.000,0.000,-0.258) truth_z=4.233 pose=4.232933096390411
[INFO] [1788605223.010725, 396.940000]: STPUB phase=STAIR_LANDING_TURN world=(0.000,0.000,-0.240) body=(0.000,0.000,-0.240) truth_z=4.236 pose=4.235936004967538
[INFO] [1788605223.601160, 397.320000]: Flight-B entry aligned: x error=-0.049 m, heading error=-0.150 rad.
[INFO] [1788605223.602952, 397.320000]: Flight-B entry joints saved (12 dofs) -> /home/quinn/0904/results/official_gui_rtf065_s20260821_20260905_183553/flight_b_entry_joints_1.json
[INFO] [1788605223.632282, 397.340000]: ASCENT_B gate: entry_guide=True truth_pose=True start_z=2.912 profile=True heading=-1.571 pose_z=4.2325913448744465 truth_z=4.2325913448744465
[INFO] [1788605223.634685, 397.342000]: Pre-ascent RL settle: holding zero command until motion is stable for 0.6 s before FixedStand.
[INFO] [1788605223.636478, 397.342000]: Pre-ascent RL settle active: stable 0.00/0.60 s.
[INFO] [1788605224.471325, 397.880000]: Pre-ascent RL motion settled for 0.62 s; settle-only gate complete (FixedStand disabled).
[INFO] [1788605224.595174, 397.960000]: STPUB phase=STAIR_ASCENT_B world=(-0.028,-0.800,-0.065) body=(0.781,-0.174,-0.065) truth_z=4.219 pose=4.218505994218279
[INFO] [1788605225.223248, 398.360000]: ASCENT_B gate: entry_guide=True truth_pose=True start_z=2.912 profile=True heading=-1.571 pose_z=4.254651026049322 truth_z=4.255384446377258
[INFO] [1788605226.193345, 398.980000]: STPUB phase=STAIR_ASCENT_B world=(-0.033,-0.800,-0.030) body=(0.794,-0.102,-0.030) truth_z=4.360 pose=4.359937856079051
[INFO] [1788605226.815430, 399.380000]: ASCENT_B gate: entry_guide=True truth_pose=True start_z=2.912 profile=True heading=-1.571 pose_z=4.450112518127826 truth_z=4.450112518127826
[INFO] [1788605227.770447, 400.000000]: STPUB phase=STAIR_ASCENT_B world=(0.000,-0.600,0.011) body=(0.600,0.019,0.011) truth_z=4.581 pose=4.580931350167221
[INFO] [1788605228.386771, 400.400000]: ASCENT_B gate: entry_guide=True truth_pose=True start_z=2.912 profile=True heading=-1.571 pose_z=4.657087763431843 truth_z=4.657087763431843
[INFO] [1788605229.340842, 401.020000]: STPUB phase=STAIR_ASCENT_B world=(-0.037,-0.800,0.014) body=(0.801,-0.006,0.014) truth_z=4.770 pose=4.7697263861931845
[INFO] [1788605229.956851, 401.420000]: ASCENT_B gate: entry_guide=True truth_pose=True start_z=2.912 profile=True heading=-1.571 pose_z=4.8607823979144875 truth_z=4.8607823979144875
[INFO] [1788605230.911367, 402.040000]: STPUB phase=STAIR_ASCENT_B world=(0.000,-0.800,0.045) body=(0.793,0.102,0.045) truth_z=4.993 pose=4.993196981263563
[INFO] [1788605231.526740, 402.440000]: ASCENT_B gate: entry_guide=True truth_pose=True start_z=2.912 profile=True heading=-1.571 pose_z=5.0793660771321205 truth_z=5.0793660771321205
[INFO] [1788605232.481505, 403.060000]: STPUB phase=STAIR_ASCENT_B world=(0.000,-0.600,0.036) body=(0.597,0.061,0.036) truth_z=5.181 pose=5.180949228326967
[INFO] [1788605233.096918, 403.460000]: ASCENT_B gate: entry_guide=True truth_pose=True start_z=2.912 profile=True heading=-1.571 pose_z=5.284496131198807 truth_z=5.284496131198807
[INFO] [1788605234.051553, 404.080000]: STPUB phase=STAIR_ASCENT_B world=(0.000,-0.800,0.043) body=(0.794,0.097,0.043) truth_z=5.401 pose=5.400655684426466
[INFO] [1788605234.666590, 404.480000]: ASCENT_B gate: entry_guide=True truth_pose=True start_z=2.912 profile=True heading=-1.571 pose_z=5.472352506837551 truth_z=5.471785290933458
[INFO] [1788605235.530431, 405.040000]: Upper landing entered: gain=2.60 m, clearance=0.00 m; stabilizing for 0.5 s.
[INFO] [1788605236.053285, 405.380000]: Floor-3 landing confirmed after two flights: gain=2.60 m clearance=0.08 m.
[INFO] [1788605237.160065, 406.096000]: Plane policy acknowledged on the upper landing; releasing stair controller ownership.
[FSM]: state: INIT
wait for goal.
[FSM]: state: INIT
wait for goal.
[FSM]: state: INIT
wait for goal.
[FSM]: state: INIT
wait for goal.
[FSM]: state: INIT
wait for goal.
[FSM]: state: INIT
wait for goal.
[FSM]: state: INIT
wait for goal.
[FSM]: state: INIT
wait for goal.
[FSM]: state: INIT
wait for goal.
[FSM]: state: INIT
wait for goal.
[FSM]: state: INIT
wait for goal.
[FSM]: state: INIT
wait for goal.
[FSM]: state: INIT
wait for goal.
[FSM]: state: INIT
wait for goal.
[FSM]: state: INIT
wait for goal.
[FSM]: state: INIT
wait for goal.
[FSM]: state: INIT
wait for goal.
[FSM]: state: INIT
wait for goal.
[FSM]: state: INIT
wait for goal.
[FSM]: state: INIT
wait for goal.
[FSM]: state: INIT
wait for goal.
[FSM]: state: INIT
wait for goal.
[FSM]: state: INIT
wait for goal.
[FSM]: state: INIT
wait for goal.
[FSM]: state: INIT
wait for goal.
[FSM]: state: INIT
wait for goal.
[FSM]: state: INIT
wait for goal.
[FSM]: state: INIT
wait for goal.
[FSM]: state: INIT
wait for goal.
[FSM]: state: INIT
wait for goal.
[FSM]: state: INIT
wait for goal.
[FSM]: state: INIT
wait for goal.
[FSM]: state: INIT
wait for goal.
[FSM]: state: INIT
wait for goal.
[FSM]: state: INIT
wait for goal.
[FSM]: state: INIT
wait for goal.
[33m[WARN] [1788605293.120022739, 442.268000000]: Plane tilt guard scaling cmd_vel by 0.99 at tilt 0.141 rad[0m
[FSM]: state: INIT
wait for goal.
[FSM]: state: INIT
wait for goal.
[FSM]: state: INIT
wait for goal.
[FSM]: state: INIT
wait for goal.
[FSM]: state: INIT
wait for goal.
[FSM]: state: INIT
wait for goal.
[0m[INFO] [1788605237.062969459, 406.034000000]: RL locomotion_ready latched after 0.65 s takeover and 0.39 s stable hold[0m
[0m[INFO] [1788605237.192120285, 406.118000000]: RL policy input vx=0.000 vy=0.000 wz=0.000 action_rms=0.143 ready=1 userCmd=0 kbd=0 raw=0.000,0.000,0.000 grav=-0.01,0.01,-0.98[0m
[0m[INFO] [1788605240.288172953, 408.124000000]: RL policy input vx=0.000 vy=0.000 wz=0.388 action_rms=0.174 ready=1 userCmd=0 kbd=0 raw=0.000,0.000,0.388 grav=0.01,-0.02,-0.98[0m
[0m[INFO] [1788605243.394179336, 410.134000000]: RL policy input vx=0.808 vy=0.000 wz=0.115 action_rms=0.180 ready=1 userCmd=0 kbd=0 raw=0.808,0.000,0.115 grav=-0.00,-0.03,-0.98[0m
[0m[INFO] [1788605246.505138223, 412.142000000]: RL policy input vx=0.000 vy=0.000 wz=0.283 action_rms=0.173 ready=1 userCmd=0 kbd=0 raw=0.000,0.000,0.283 grav=0.01,-0.01,-0.98[0m
[0m[INFO] [1788605249.600929990, 414.144000000]: RL policy input vx=2.250 vy=0.000 wz=-0.009 action_rms=0.395 ready=1 userCmd=0 kbd=0 raw=2.250,0.000,-0.009 grav=-0.04,-0.08,-0.98[0m
[0m[INFO] [1788605252.704552886, 416.156000000]: RL policy input vx=2.249 vy=0.000 wz=0.033 action_rms=0.389 ready=1 userCmd=0 kbd=0 raw=2.249,0.000,0.033 grav=0.03,0.00,-0.98[0m
[0m[INFO] [1788605255.810985357, 418.168000000]: RL policy input vx=2.250 vy=0.000 wz=0.019 action_rms=0.329 ready=1 userCmd=0 kbd=0 raw=2.250,0.000,0.019 grav=0.01,0.02,-0.98[0m
[0m[INFO] [1788605258.908544818, 420.174000000]: RL policy input vx=1.029 vy=0.000 wz=0.261 action_rms=0.146 ready=1 userCmd=0 kbd=0 raw=1.029,0.000,0.261 grav=0.03,-0.11,-0.97[0m
[0m[INFO] [1788605262.027250545, 422.184000000]: RL policy input vx=0.000 vy=0.000 wz=0.483 action_rms=0.165 ready=1 userCmd=0 kbd=0 raw=0.000,0.000,0.483 grav=0.04,0.02,-0.98[0m
[0m[INFO] [1788605265.137267989, 424.190000000]: RL policy input vx=0.449 vy=0.000 wz=0.055 action_rms=0.273 ready=1 userCmd=0 kbd=0 raw=0.449,0.000,0.055 grav=-0.00,-0.02,-0.98[0m
[0m[INFO] [1788605268.239639506, 426.206000000]: RL policy input vx=0.450 vy=0.000 wz=-0.013 action_rms=0.167 ready=1 userCmd=0 kbd=0 raw=0.450,0.000,-0.013 grav=0.00,-0.01,-0.98[0m
[0m[INFO] [1788605271.359249649, 428.214000000]: RL policy input vx=0.899 vy=-0.033 wz=-0.041 action_rms=0.161 ready=1 userCmd=0 kbd=0 raw=0.899,-0.033,-0.041 grav=-0.00,-0.02,-0.98[0m
[0m[INFO] [1788605274.461588008, 430.224000000]: RL policy input vx=0.900 vy=-0.003 wz=-0.003 action_rms=0.349 ready=1 userCmd=0 kbd=0 raw=0.900,-0.003,-0.003 grav=-0.01,-0.02,-0.98[0m
[0m[INFO] [1788605277.563704864, 432.232000000]: RL policy input vx=0.000 vy=0.000 wz=0.859 action_rms=0.185 ready=1 userCmd=0 kbd=0 raw=0.000,0.000,0.859 grav=0.03,-0.03,-0.98[0m
[0m[INFO] [1788605280.661450517, 434.234000000]: RL policy input vx=0.000 vy=0.000 wz=1.163 action_rms=0.143 ready=1 userCmd=0 kbd=0 raw=0.000,0.000,1.163 grav=0.02,0.01,-0.98[0m
[0m[INFO] [1788605283.788815389, 436.252000000]: RL policy input vx=0.605 vy=-0.550 wz=-0.812 action_rms=0.242 ready=1 userCmd=0 kbd=0 raw=0.605,-0.550,-0.812 grav=-0.04,0.04,-0.98[0m
[0m[INFO] [1788605286.903011653, 438.260000000]: RL policy input vx=0.897 vy=-0.079 wz=-0.096 action_rms=0.175 ready=1 userCmd=0 kbd=0 raw=0.897,-0.079,-0.096 grav=0.01,-0.04,-0.98[0m
[0m[INFO] [1788605290.013884356, 440.266000000]: RL policy input vx=0.000 vy=0.000 wz=-1.871 action_rms=0.197 ready=1 userCmd=0 kbd=0 raw=0.000,0.000,-1.871 grav=0.03,-0.02,-0.98[0m
[0m[INFO] [1788605293.120547568, 442.268000000]: RL policy input vx=1.916 vy=0.623 wz=-0.167 action_rms=0.340 ready=1 userCmd=0 kbd=0 raw=1.933,0.628,-0.169 grav=-0.07,-0.14,-0.97[0m
[0m[INFO] [1788605296.224292080, 444.280000000]: RL policy input vx=0.000 vy=0.000 wz=-0.173 action_rms=0.199 ready=1 userCmd=0 kbd=0 raw=0.000,0.000,-0.173 grav=0.03,0.00,-0.98[0m
[0m[INFO] [1788605299.325450171, 446.286000000]: RL policy input vx=0.000 vy=0.000 wz=-0.214 action_rms=0.138 ready=1 userCmd=0 kbd=0 raw=0.000,0.000,-0.214 grav=0.00,0.00,-0.98[0m
[0m[INFO] [1788605302.436944690, 448.296000000]: RL policy input vx=0.449 vy=0.000 wz=-0.078 action_rms=0.286 ready=1 [FSM]: state: INIT
wait for goal.
[FSM]: state: INIT
wait for goal.
[FSM]: state: INIT
wait for goal.
[FSM]: state: INIT
wait for goal.
[FSM]: state: INIT
wait for goal.
[FSM]: state: INIT
wait for goal.
[FSM]: state: INIT
wait for goal.
[FSM]: state: INIT
wait for goal.
[FSM]: state: INIT
wait for goal.
[FSM]: state: INIT
wait for goal.
[FSM]: state: INIT
wait for goal.
[FSM]: state: INIT
wait for goal.
[FSM]: state: INIT
wait for goal.
[FSM]: state: INIT
wait for goal.
[FSM]: state: INIT
wait for goal.
[FSM]: state: INIT
wait for goal.
[FSM]: state: INIT
wait for goal.
[FSM]: state: INIT
wait for goal.
[FSM]: state: INIT
wait for goal.
[FSM]: state: INIT
wait for goal.
[FSM]: state: INIT
wait for goal.
[FSM]: state: INIT
wait for goal.
[FSM]: state: INIT
wait for goal.
[FSM]: state: INIT
wait for goal.
[FSM]: state: INIT
wait for goal.
[FSM]: state: INIT
wait for goal.
[FSM]: state: INIT
wait for goal.
[FSM]: state: INIT
wait for goal.
[FSM]: state: INIT
wait for goal.
[FSM]: state: INIT
wait for goal.
[FSM]: state: INIT
wait for goal.
[FSM]: state: INIT
wait for goal.
[33m[WARN] [1788605351.500427793, 480.058000000]: Plane tilt guard scaling cmd_vel by 0.96 at tilt 0.145 rad[0m
[FSM]: state: INIT
wait for goal.
[FSM]: state: INIT
wait for goal.
[33m[WARN] [1788605354.812205585, 482.206000000]: Plane tilt guard scaling cmd_vel by 0.87 at tilt 0.157 rad[0m
[FSM]: state: INIT
wait for goal.
[FSM]: state: INIT
wait for goal.
[FSM]: state: INIT
wait for goal.
[FSM]: state: INIT
wait for goal.
[FSM]: state: INIT
wait for goal.
[FSM]: state: INIT
wait for goal.
[FSM]: state: INIT
wait for goal.
[FSM]: state: INIT
wait for goal.
[FSM]: state: INIT
wait for goal.
[FSM]: state: INIT
wait for goal.
[FSM]: state: INIT
wait for goal.
[FSM]: state: INIT
wait for goal.
userCmd=0 kbd=0 raw=0.449,0.000,-0.078 grav=0.01,-0.01,-0.98[0m
[0m[INFO] [1788605305.537761897, 450.308000000]: RL policy input vx=0.328 vy=0.000 wz=-0.087 action_rms=0.153 ready=1 userCmd=0 kbd=0 raw=0.328,0.000,-0.087 grav=0.01,-0.02,-0.98[0m
[0m[INFO] [1788605308.631179539, 452.316000000]: RL policy input vx=0.450 vy=0.000 wz=0.019 action_rms=0.278 ready=1 userCmd=0 kbd=0 raw=0.450,0.000,0.019 grav=0.01,-0.01,-0.98[0m
[0m[INFO] [1788605311.741233833, 454.328000000]: RL policy input vx=0.450 vy=0.000 wz=-0.020 action_rms=0.157 ready=1 userCmd=0 kbd=0 raw=0.450,0.000,-0.020 grav=0.01,-0.02,-0.98[0m
[0m[INFO] [1788605314.844876204, 456.334000000]: RL policy input vx=0.893 vy=0.114 wz=0.139 action_rms=0.197 ready=1 userCmd=0 kbd=0 raw=0.893,0.114,0.139 grav=-0.01,0.01,-0.98[0m
[0m[INFO] [1788605317.959838029, 458.346000000]: RL policy input vx=0.900 vy=0.016 wz=0.020 action_rms=0.320 ready=1 userCmd=0 kbd=0 raw=0.900,0.016,0.020 grav=-0.00,-0.02,-0.98[0m
[0m[INFO] [1788605321.059791328, 460.356000000]: RL policy input vx=0.300 vy=-0.006 wz=-0.023 action_rms=0.263 ready=1 userCmd=0 kbd=0 raw=0.300,-0.006,-0.023 grav=0.02,-0.03,-0.98[0m
[0m[INFO] [1788605324.174344133, 462.372000000]: RL policy input vx=0.000 vy=0.000 wz=-2.900 action_rms=0.354 ready=1 userCmd=0 kbd=0 raw=0.000,0.000,-2.900 grav=0.00,0.00,-0.98[0m
[0m[INFO] [1788605327.275039923, 464.378000000]: RL policy input vx=0.048 vy=0.110 wz=1.275 action_rms=0.312 ready=1 userCmd=0 kbd=0 raw=0.048,0.110,1.275 grav=-0.00,0.00,-0.98[0m
[0m[INFO] [1788605330.386825859, 466.390000000]: RL policy input vx=0.893 vy=0.111 wz=0.136 action_rms=0.359 ready=1 userCmd=0 kbd=0 raw=0.893,0.111,0.136 grav=-0.00,0.02,-0.98[0m
[0m[INFO] [1788605333.489806948, 468.400000000]: RL policy input vx=0.000 vy=0.000 wz=0.620 action_rms=0.223 ready=1 userCmd=0 kbd=0 raw=0.000,0.000,0.620 grav=0.02,-0.01,-0.98[0m
[0m[INFO] [1788605336.593905180, 470.408000000]: RL policy input vx=0.570 vy=0.570 wz=1.539 action_rms=0.139 ready=1 userCmd=0 kbd=0 raw=0.570,0.570,1.539 grav=0.01,0.01,-0.98[0m
[0m[INFO] [1788605339.714582383, 472.428000000]: RL policy input vx=0.200 vy=0.000 wz=0.022 action_rms=0.156 ready=1 userCmd=0 kbd=0 raw=0.200,0.000,0.022 grav=0.03,-0.02,-0.98[0m
[0m[INFO] [1788605342.805232350, 474.430000000]: RL policy input vx=0.449 vy=0.000 wz=0.066 action_rms=0.281 ready=1 userCmd=0 kbd=0 raw=0.449,0.000,0.066 grav=0.00,-0.02,-0.98[0m
[0m[INFO] [1788605345.908353599, 476.438000000]: RL policy input vx=0.450 vy=0.000 wz=-0.011 action_rms=0.154 ready=1 userCmd=0 kbd=0 raw=0.450,0.000,-0.011 grav=0.01,-0.02,-0.98[0m
[0m[INFO] [1788605349.008313813, 478.444000000]: RL policy input vx=0.433 vy=-0.450 wz=-0.886 action_rms=0.227 ready=1 userCmd=0 kbd=0 raw=0.433,-0.450,-0.886 grav=-0.01,0.00,-0.98[0m
[0m[INFO] [1788605352.116608967, 480.456000000]: RL policy input vx=2.226 vy=-0.331 wz=-0.162 action_rms=0.273 ready=1 userCmd=0 kbd=0 raw=2.226,-0.331,-0.162 grav=0.03,-0.08,-0.98[0m
[0m[INFO] [1788605355.198195670, 482.458000000]: RL policy input vx=2.247 vy=-0.117 wz=-0.057 action_rms=0.364 ready=1 userCmd=0 kbd=0 raw=2.247,-0.117,-0.057 grav=0.02,0.01,-0.98[0m
[0m[INFO] [1788605358.301730815, 484.474000000]: RL policy input vx=2.245 vy=0.154 wz=0.075 action_rms=0.321 ready=1 userCmd=0 kbd=0 raw=2.245,0.154,0.075 grav=0.05,0.03,-0.98[0m
[0m[INFO] [1788605361.409174531, 486.492000000]: RL policy input vx=0.870 vy=0.144 wz=0.185 action_rms=0.314 ready=1 userCmd=0 kbd=0 raw=0.870,0.144,0.185 grav=0.11,0.02,-0.97[0m
[0m[INFO] [1788605364.512340241, 488.508000000]: RL policy input vx=0.000 vy=0.000 wz=0.287 action_rms=0.172 ready=1 userCmd=0 kbd=0 raw=0.000,0.000,0.287 grav=0.02,-0.01,-0.98[0m
[0m[INFO] [1788605367.628259967, 490.516000000]: RL policy input vx=0.450 vy=0.000 wz=0.036 action_rms=0.159 ready=1 userCmd=0 kbd=0 raw=0.450,0.000,0.036 grav=0.01,-0.01,-0.98[0m
[0m[INFO] [1788605370.752438506, 492.526000000]: RL policy input vx=0.450 vy=0.000 wz=-0.016 action_rms=0.301 ready=1 userCmd=0 kbd=0 raw=0.450,0.000,-0.016 grav=-0.00,-0.02,-0.98[0m
[0m[FSM]: state: INIT
wait for goal.
[FSM]: state: INIT
wait for goal.
[FSM]: state: INIT
wait for goal.
[FSM]: state: INIT
wait for goal.
[FSM]: state: INIT
wait for goal.
[FSM]: state: INIT
wait for goal.
[FSM]: state: INIT
wait for goal.
[FSM]: state: INIT
wait for goal.
[FSM]: state: INIT
wait for goal.
[FSM]: state: INIT
wait for goal.
[FSM]: state: INIT
wait for goal.
[FSM]: state: INIT
wait for goal.
[FSM]: state: INIT
wait for goal.
[FSM]: state: INIT
wait for goal.
[33m[WARN] [1788605395.441115766, 508.508000000]: Plane tilt guard scaling cmd_vel by 0.93 at tilt 0.150 rad[0m
[FSM]: state: INIT
wait for goal.
[FSM]: state: INIT
wait for goal.
[FSM]: state: INIT
wait for goal.
[FSM]: state: INIT
wait for goal.
[FSM]: state: INIT
wait for goal.
[FSM]: state: INIT
wait for goal.
[FSM]: state: INIT
wait for goal.
[FSM]: state: INIT
wait for goal.
[FSM]: state: INIT
wait for goal.
[FSM]: state: INIT
wait for goal.
[FSM]: state: INIT
wait for goal.
[FSM]: state: INIT
wait for goal.
[FSM]: state: INIT
wait for goal.
[FSM]: state: INIT
wait for goal.
[FSM]: state: INIT
wait for goal.
[FSM]: state: INIT
wait for goal.
[FSM]: state: INIT
wait for goal.
[FSM]: state: INIT
wait for goal.
[FSM]: state: INIT
wait for goal.
[FSM]: state: INIT
wait for goal.
[FSM]: state: INIT
wait for goal.
[FSM]: state: INIT
wait for goal.
[FSM]: state: INIT
wait for goal.
[FSM]: state: INIT
wait for goal.
[FSM]: state: INIT
wait for goal.
[FSM]: state: INIT
wait for goal.
[FSM]: state: INIT
wait for goal.
[FSM]: state: INIT
wait for goal.
[FSM]: state: INIT
wait for goal.
[FSM]: state: INIT
wait for goal.
[INFO] [1788605373.848348268, 494.532000000]: RL policy input vx=0.897 vy=-0.069 wz=-0.085 action_rms=0.205 ready=1 userCmd=0 kbd=0 raw=0.897,-0.069,-0.085 grav=-0.01,-0.04,-0.98[0m
[0m[INFO] [1788605376.957255045, 496.546000000]: RL policy input vx=0.900 vy=-0.010 wz=-0.012 action_rms=0.179 ready=1 userCmd=0 kbd=0 raw=0.900,-0.010,-0.012 grav=-0.00,-0.02,-0.98[0m
[0m[INFO] [1788605380.041018782, 498.548000000]: RL policy input vx=0.000 vy=0.000 wz=0.865 action_rms=0.165 ready=1 userCmd=0 kbd=0 raw=0.000,0.000,0.865 grav=0.03,-0.02,-0.98[0m
[0m[INFO] [1788605383.150558690, 500.558000000]: RL policy input vx=0.000 vy=0.000 wz=1.288 action_rms=0.148 ready=1 userCmd=0 kbd=0 raw=0.000,0.000,1.288 grav=0.02,0.00,-0.98[0m
[0m[INFO] [1788605386.241820755, 502.560000000]: RL policy input vx=0.731 vy=-0.525 wz=-0.684 action_rms=0.153 ready=1 userCmd=0 kbd=0 raw=0.731,-0.525,-0.684 grav=-0.03,-0.01,-0.98[0m
[0m[INFO] [1788605389.340408341, 504.568000000]: RL policy input vx=0.897 vy=-0.072 wz=-0.088 action_rms=0.154 ready=1 userCmd=0 kbd=0 raw=0.897,-0.072,-0.088 grav=0.00,-0.04,-0.98[0m
[0m[INFO] [1788605392.444303018, 506.568000000]: RL policy input vx=0.000 vy=0.000 wz=-2.900 action_rms=0.396 ready=1 userCmd=0 kbd=0 raw=0.000,0.000,-2.900 grav=-0.00,0.02,-0.98[0m
[0m[INFO] [1788605395.539159277, 508.572000000]: RL policy input vx=1.702 vy=-0.237 wz=-0.156 action_rms=0.247 ready=1 userCmd=0 kbd=0 raw=1.702,-0.237,-0.156 grav=0.01,-0.13,-0.97[0m
[0m[INFO] [1788605398.643492167, 510.574000000]: RL policy input vx=0.449 vy=0.000 wz=-0.072 action_rms=0.219 ready=1 userCmd=0 kbd=0 raw=0.449,0.000,-0.072 grav=0.00,-0.01,-0.98[0m
[0m[INFO] [1788605401.750996416, 512.580000000]: RL policy input vx=0.449 vy=0.000 wz=-0.061 action_rms=0.195 ready=1 userCmd=0 kbd=0 raw=0.449,0.000,-0.061 grav=0.00,-0.02,-0.98[0m
[0m[INFO] [1788605404.853819285, 514.588000000]: RL policy input vx=0.450 vy=0.000 wz=0.048 action_rms=0.204 ready=1 userCmd=0 kbd=0 raw=0.450,0.000,0.048 grav=0.03,-0.01,-0.98[0m
[0m[INFO] [1788605407.960168891, 516.596000000]: RL policy input vx=0.450 vy=0.000 wz=-0.000 action_rms=0.192 ready=1 userCmd=0 kbd=0 raw=0.450,0.000,-0.000 grav=0.01,-0.02,-0.98[0m
[0m[INFO] [1788605411.069826996, 518.612000000]: RL policy input vx=0.897 vy=-0.680 wz=-0.713 action_rms=0.185 ready=1 userCmd=0 kbd=0 raw=0.897,-0.680,-0.713 grav=-0.03,-0.02,-0.98[0m
[0m[INFO] [1788605414.180256524, 520.624000000]: RL policy input vx=0.876 vy=0.147 wz=0.182 action_rms=0.252 ready=1 userCmd=0 kbd=0 raw=0.876,0.147,0.182 grav=0.01,0.02,-0.98[0m
[0m[INFO] [1788605417.299457295, 522.632000000]: RL policy input vx=0.889 vy=0.143 wz=0.175 action_rms=0.224 ready=1 userCmd=0 kbd=0 raw=0.889,0.143,0.175 grav=-0.00,0.02,-0.98[0m
[0m[INFO] [1788605420.411521704, 524.650000000]: RL policy input vx=0.900 vy=0.021 wz=0.026 action_rms=0.179 ready=1 userCmd=0 kbd=0 raw=0.900,0.021,0.026 grav=-0.00,-0.02,-0.98[0m
[0m[INFO] [1788605423.516509130, 526.662000000]: RL policy input vx=0.000 vy=0.000 wz=0.614 action_rms=0.173 ready=1 userCmd=0 kbd=0 raw=0.000,0.000,0.614 grav=0.03,-0.02,-0.98[0m
[0m[INFO] [1788605426.632702418, 528.674000000]: RL policy input vx=0.000 vy=0.000 wz=1.525 action_rms=0.150 ready=1 userCmd=0 kbd=0 raw=0.000,0.000,1.525 grav=0.03,0.00,-0.98[0m
[0m[INFO] [1788605429.741704972, 530.684000000]: RL policy input vx=0.851 vy=0.259 wz=0.325 action_rms=0.333 ready=1 userCmd=0 kbd=0 raw=0.851,0.259,0.325 grav=0.00,0.09,-0.98[0m
[0m[INFO] [1788605432.844243504, 532.698000000]: RL policy input vx=0.673 vy=0.246 wz=0.386 action_rms=0.171 ready=1 userCmd=0 kbd=0 raw=0.673,0.246,0.386 grav=0.00,0.08,-0.98[0m
[0m[INFO] [1788605435.951183235, 534.716000000]: RL policy input vx=0.286 vy=0.089 wz=0.333 action_rms=0.166 ready=1 userCmd=0 kbd=0 raw=0.286,0.089,0.333 grav=0.03,0.03,-0.98[0m
[0m[INFO] [1788605439.061353589, 536.730000000]: RL policy input vx=0.892 vy=0.117 wz=0.144 action_rms=0.156 ready=1 userCmd=0 kbd=0 raw=0.892,0.117,0.144 grav=0.00,0.03,-0.98[0m
[0m[INFO] [1788605442.177583249, 538.736000000]: RL policy input [FSM]: state: INIT
wait for goal.
[FSM]: state: INIT
wait for goal.
[FSM]: state: INIT
wait for goal.
[FSM]: state: INIT
wait for goal.
[FSM]: state: INIT
wait for goal.
[33m[WARN] [1788605449.202939395, 543.272000000]: Plane tilt guard scaling cmd_vel by 0.99 at tilt 0.141 rad[0m
[FSM]: state: INIT
wait for goal.
[FSM]: state: INIT
wait for goal.
[FSM]: state: INIT
wait for goal.
[FSM]: state: INIT
wait for goal.
[FSM]: state: INIT
wait for goal.
[FSM]: state: INIT
wait for goal.
[FSM]: state: INIT
wait for goal.
[FSM]: state: INIT
wait for goal.
[FSM]: state: INIT
wait for goal.
[FSM]: state: INIT
wait for goal.
[FSM]: state: INIT
wait for goal.
[FSM]: state: INIT
wait for goal.
[FSM]: state: INIT
wait for goal.
[FSM]: state: INIT
wait for goal.
[FSM]: state: INIT
wait for goal.
[33m[WARN] [1788605472.537013523, 558.322000000]: Plane tilt guard scaling cmd_vel by 0.99 at tilt 0.141 rad[0m
[FSM]: state: INIT
wait for goal.
[33m[WARN] [1788605474.100362010, 559.332000000]: Plane tilt guard scaling cmd_vel by 1.00 at tilt 0.140 rad[0m
[FSM]: state: INIT
wait for goal.
[FSM]: state: INIT
wait for goal.
[FSM]: state: INIT
wait for goal.
[FSM]: state: INIT
wait for goal.
[FSM]: state: INIT
wait for goal.
[FSM]: state: INIT
wait for goal.
[FSM]: state: INIT
wait for goal.
[FSM]: state: INIT
wait for goal.
[FSM]: state: INIT
wait for goal.
[FSM]: state: INIT
wait for goal.
[FSM]: state: INIT
wait for goal.
[FSM]: state: INIT
wait for goal.
[FSM]: state: INIT
wait for goal.
[FSM]: state: INIT
wait for goal.
[FSM]: state: INIT
wait for goal.
[FSM]: state: INIT
wait for goal.
[FSM]: state: INIT
wait for goal.
[FSM]: state: INIT
wait for goal.
vx=0.709 vy=0.015 wz=0.023 action_rms=0.356 ready=1 userCmd=0 kbd=0 raw=0.709,0.015,0.023 grav=-0.01,-0.02,-0.98[0m
[0m[INFO] [1788605445.306846909, 540.752000000]: RL policy input vx=0.000 vy=0.000 wz=-2.900 action_rms=0.378 ready=1 userCmd=0 kbd=0 raw=0.000,0.000,-2.900 grav=-0.01,0.01,-0.98[0m
[0m[INFO] [1788605448.408975996, 542.756000000]: RL policy input vx=1.599 vy=-0.750 wz=-0.466 action_rms=0.218 ready=1 userCmd=0 kbd=0 raw=1.599,-0.750,-0.466 grav=-0.05,-0.06,-0.98[0m
[0m[INFO] [1788605451.505398121, 544.760000000]: RL policy input vx=0.766 vy=0.750 wz=0.852 action_rms=0.268 ready=1 userCmd=0 kbd=0 raw=0.766,0.750,0.852 grav=-0.02,-0.02,-0.98[0m
[0m[INFO] [1788605454.618199669, 546.768000000]: RL policy input vx=0.000 vy=0.000 wz=-0.450 action_rms=0.154 ready=1 userCmd=0 kbd=0 raw=0.000,0.000,-0.450 grav=0.01,0.01,-0.98[0m
[0m[INFO] [1788605457.759707958, 548.784000000]: RL policy input vx=0.446 vy=0.000 wz=-0.150 action_rms=0.174 ready=1 userCmd=0 kbd=0 raw=0.446,0.000,-0.150 grav=-0.01,-0.00,-0.98[0m
[0m[INFO] [1788605460.876648648, 550.794000000]: RL policy input vx=0.449 vy=0.000 wz=-0.062 action_rms=0.250 ready=1 userCmd=0 kbd=0 raw=0.449,0.000,-0.062 grav=0.01,-0.02,-0.98[0m
[0m[INFO] [1788605463.993286291, 552.808000000]: RL policy input vx=0.000 vy=0.000 wz=1.032 action_rms=0.195 ready=1 userCmd=0 kbd=0 raw=0.000,0.000,1.032 grav=0.01,-0.04,-0.98[0m
[0m[INFO] [1788605467.102808778, 554.808000000]: RL policy input vx=2.216 vy=0.392 wz=0.193 action_rms=0.498 ready=1 userCmd=0 kbd=0 raw=2.216,0.392,0.193 grav=-0.01,0.05,-0.98[0m
[0m[INFO] [1788605470.203489731, 556.816000000]: RL policy input vx=2.245 vy=0.157 wz=0.077 action_rms=0.367 ready=1 userCmd=0 kbd=0 raw=2.245,0.157,0.077 grav=0.01,-0.00,-0.98[0m
[0m[INFO] [1788605473.308110547, 558.818000000]: RL policy input vx=2.247 vy=0.113 wz=0.055 action_rms=0.461 ready=1 userCmd=0 kbd=0 raw=2.247,0.113,0.055 grav=-0.00,-0.02,-0.98[0m
[0m[INFO] [1788605476.403403590, 560.820000000]: RL policy input vx=2.248 vy=0.096 wz=0.047 action_rms=0.452 ready=1 userCmd=0 kbd=0 raw=2.248,0.096,0.047 grav=0.04,0.01,-0.98[0m
[0m[INFO] [1788605479.517161242, 562.834000000]: RL policy input vx=2.249 vy=-0.048 wz=-0.023 action_rms=0.324 ready=1 userCmd=0 kbd=0 raw=2.249,-0.048,-0.023 grav=-0.01,-0.01,-0.98[0m
[0m[INFO] [1788605482.633283784, 564.842000000]: RL policy input vx=0.958 vy=-0.323 wz=-0.303 action_rms=0.266 ready=1 userCmd=0 kbd=0 raw=0.958,-0.323,-0.303 grav=0.05,-0.04,-0.98[0m
[0m[INFO] [1788605485.737627797, 566.852000000]: RL policy input vx=1.846 vy=-0.119 wz=-0.071 action_rms=0.322 ready=1 userCmd=0 kbd=0 raw=1.846,-0.119,-0.071 grav=-0.02,-0.07,-0.98[0m
[0m[INFO] [1788605488.822162365, 568.852000000]: RL policy input vx=1.850 vy=0.025 wz=0.015 action_rms=0.311 ready=1 userCmd=0 kbd=0 raw=1.850,0.025,0.015 grav=-0.02,-0.04,-0.98[0m
[0m[INFO] [1788605491.934079930, 570.864000000]: RL policy input vx=0.000 vy=0.000 wz=-1.000 action_rms=0.132 ready=1 userCmd=0 kbd=0 raw=0.000,0.000,-1.000 grav=0.03,0.02,-0.98[0m
[0m[INFO] [1788605495.037242819, 572.870000000]: RL policy input vx=0.000 vy=0.000 wz=-0.160 action_rms=0.163 ready=1 userCmd=0 kbd=0 raw=0.000,0.000,-0.160 grav=-0.00,-0.00,-0.98[0m
[0m[INFO] [1788605498.163571164, 574.888000000]: RL policy input vx=0.444 vy=0.000 wz=-0.129 action_rms=0.272 ready=1 userCmd=0 kbd=0 raw=0.444,0.000,-0.129 grav=0.03,-0.04,-0.98[0m
[0m[INFO] [1788605501.262655520, 576.896000000]: RL policy input vx=0.000 vy=0.000 wz=-0.382 action_rms=0.203 ready=1 userCmd=0 kbd=0 raw=0.000,0.000,-0.382 grav=0.00,0.00,-0.98[0m
Switched from RL to fixed stand
[FSM]: state: INIT
wait for goal.
infer_thread退出!
[33m[WARN] [1788605503.393776153, 578.264000000]: Using one-shot captured-pose FixedStand profile: ramp 0.50 s, settle 0.00 s, ready after 0.50 s + 0.50 s stable, minimum gain 0.75[0m
[INFO] Using /stand_target_joints param stance.
[FSM]: state: INIT
wait for goal.
Switched from fixed stand to RL
[INFO] Entered RL /cmd_vel mode.
[33m[WARN] [1788605504.716341094, 579.118000000]: Using one-shot stair RL takeover profile: blend 0.75 s, zero hold 0.25 s[0m
cuda::is_available():0
[WARNING] UNITREE_RL_DEVICE=hybrid selected CUDA for this policy but CUDA is unavailable; using CPU.
RL inference device: cpu (requested=hybrid, policy=stair)
[INFO] RL policy activated from preload cache at FixedStand entry boundary: /home/quinn/0904/runtime_assets/SimEnv/src/unitree_guide/logs/policy_act_inference_stair.pt
[FSM]: state: INIT
wait for goal.
[FSM]: state: INIT
wait for goal.
[FSM]: state: INIT
wait for goal.
[FSM]: state: INIT
wait for goal.
[FSM]: state: INIT
wait for goal.
[FSM]: state: INIT
wait for goal.
[FSM]: state: INIT
wait for goal.
[FSM]: state: INIT
wait for goal.
[FSM]: state: INIT
wait for goal.
[FSM]: state: INIT
wait for goal.
[FSM]: state: INIT
wait for goal.
[FSM]: state: INIT
wait for goal.
[FSM]: state: INIT
wait for goal.
[FSM]: state: INIT
wait for goal.
[FSM]: state: INIT
wait for goal.
[FSM]: state: INIT
wait for goal.
[FSM]: state: INIT
wait for goal.
[FSM]: state: INIT
wait for goal.
[FSM]: state: INIT
wait for goal.
[FSM]: state: INIT
wait for goal.
[FSM]: state: INIT
wait for goal.
[FSM]: state: INIT
wait for goal.
[FSM]: state: INIT
wait for goal.
[FSM]: state: INIT
wait for goal.
[FSM]: state: INIT
wait for goal.
[FSM]: state: INIT
wait for goal.
[FSM]: state: INIT
wait for goal.
[FSM]: state: INIT
wait for goal.
[FSM]: state: INIT
wait for goal.
[FSM]: state: INIT
wait for goal.
[FSM]: state: INIT
wait for goal.
[FSM]: state: INIT
wait for goal.
[FSM]: state: INIT
wait for goal.
[FSM]: state: INIT
wait for goal.
[FSM]: state: INIT
wait for goal.
[FSM]: state: INIT
wait for goal.
[FSM]: state: INIT
wait for goal.
[INFO] [1788605502.275249, 577.546000]: DSTPUB phase=STAIR_DESCENT_PRE_ALIGN world=(0.000,0.000,-0.340) body=(0.000,-0.000,-0.340) truth_z=5.514 drop=0.000 pitch=0.0deg seg=0
[INFO] [1788605502.988070, 578.006000]: Descent policy boundary captured joint RMS 0.314.
[INFO] [1788605502.994387, 578.010000]: Descent plane gait settled; entering FixedStand before the stair-policy load.
[INFO] [1788605504.440321, 578.936000]: Descent FixedStand is ready; stair policy queued.
[INFO] [1788605504.709149, 579.112000]: Descent stair policy queued under FixedStand; requesting fresh stair-RL entry.
[INFO] [1788605506.316760, 580.148000]: Descent stair RL fresh readiness confirmed; warming up 0.8 s.
[INFO] [1788605507.338097, 580.806000]: Descent FLIGHT_B start: z=5.513 drop gate 1.05 m.
[INFO] [1788605507.366531, 580.826000]: DSTPUB phase=STAIR_DESCENT_FLIGHT_B world=(-0.104,0.540,-0.084) body=(0.550,0.000,-0.084) truth_z=5.513 drop=0.000 pitch=0.0deg seg=0
[INFO] [1788605508.940449, 581.846000]: DSTPUB phase=STAIR_DESCENT_FLIGHT_B world=(-0.077,0.545,-0.091) body=(0.550,0.000,-0.091) truth_z=5.511 drop=0.001 pitch=0.0deg seg=0
[INFO] [1788605510.527475, 582.866000]: DSTPUB phase=STAIR_DESCENT_FLIGHT_B world=(-0.043,0.548,-0.078) body=(0.550,0.000,-0.078) truth_z=5.345 drop=0.168 pitch=0.0deg seg=25
[INFO] [1788605512.068270, 583.870000]: DSTPUB phase=STAIR_DESCENT_FLIGHT_B world=(0.019,0.675,-0.013) body=(0.675,0.000,-0.013) truth_z=5.197 drop=0.315 pitch=0.0deg seg=25
[INFO] [1788605513.636496, 584.888000]: DSTPUB phase=STAIR_DESCENT_FLIGHT_B world=(0.023,0.550,0.026) body=(0.550,0.000,0.026) truth_z=4.893 drop=0.620 pitch=0.0deg seg=31
[INFO] [1788605515.212464, 585.910000]: DSTPUB phase=STAIR_DESCENT_FLIGHT_B world=(0.017,0.800,0.019) body=(0.800,0.000,0.019) truth_z=4.621 drop=0.891 pitch=0.0deg seg=23
[INFO] [1788605516.779180, 586.926000]: DSTPUB phase=STAIR_DESCENT_FLIGHT_B world=(0.017,0.600,0.013) body=(0.600,0.000,0.013) truth_z=4.355 drop=1.158 pitch=0.0deg seg=22
[INFO] [1788605518.373358, 587.952000]: DSTPUB phase=STAIR_DESCENT_FLIGHT_B world=(0.001,0.600,-0.009) body=(0.600,0.000,-0.009) truth_z=4.190 drop=1.322 pitch=0.0deg seg=12
[INFO] [1788605518.462397, 588.008000]: Flight-B descent complete: drop=1.31 m y=5.06; starting landing turn.
[INFO] [1788605520.812883, 589.526000]: DSTPUB phase=STAIR_DESCENT_TURN world=(-0.400,0.000,0.648) body=(0.023,0.399,0.648) truth_z=4.215 drop=1.297 pitch=0.0deg seg=-1
[INFO] [1788605522.390537, 590.546000]: DSTPUB phase=STAIR_DESCENT_TURN world=(-0.400,0.000,1.200) body=(0.321,0.239,1.200) truth_z=4.212 drop=1.300 pitch=0.0deg seg=-1
[INFO] [1788605523.965930, 591.566000]: DSTPUB phase=STAIR_DESCENT_TURN world=(-0.400,0.000,1.050) body=(0.326,-0.231,1.050) truth_z=4.216 drop=1.297 pitch=0.0deg seg=1
[INFO] [1788605525.551598, 592.588000]: DSTPUB phase=STAIR_DESCENT_TURN world=(-0.400,0.000,0.340) body=(0.106,-0.386,0.340) truth_z=4.213 drop=1.299 pitch=0.0deg seg=0
[INFO] [1788605525.890661, 592.806000]: Descent landing heading captured at error 0.178 rad; using shortest-path hold while x aligns.
[INFO] [1788605527.127585, 593.608000]: DSTPUB phase=STAIR_DESCENT_TURN world=(-0.300,0.000,0.052) body=(0.014,-0.300,0.052) truth_z=4.212 drop=1.301 pitch=0.0deg seg=0
[INFO] [1788605528.701929, 594.626000]: Descent FLIGHT_A start: z=5.513 drop gate 2.45 m.
[INFO] [1788605528.710167, 594.632000]: Descent landing aligned: x err=-0.120 m, heading err=-0.007 rad; starting flight A.
[INFO] [1788605528.741035, 594.652000]: DSTPUB phase=STAIR_DESCENT_FLIGHT_A world=(0.004,-0.550,0.016) body=(0.550,0.000,0.016) truth_z=4.213 drop=1.300 pitch=0.0deg seg=0
[INFO] [1788605530.319095, 595.666000]: DSTPUB phase=STAIR_DESCENT_FLIGHT_A world=(0.047,-0.548,-0.027) body=(0.550,0.000,-0.027) truth_z=4.099 drop=1.413 pitch=0.0deg seg=18
[INFO] [1788605531.894823, 596.686000]: DSTPUB phase=STAIR_DESCENT_FLIGHT_A world=(0.026,-0.615,-0.035) body=(0.615,0.000,-0.035) truth_z=3.962 drop=1.550 pitch=0.0deg seg=20
[INFO] [1788605533.477260, 597.706000]: DSTPUB phase=STAIR_DESCENT_FLIGHT_A world=(0.033,-0.799,-0.041) body=(0.800,0.000,-0.041) truth_z=3.645 drop=1.868 pitch=0.0deg seg=26
[INFO] [1788605535.044364, 598.726000]: DSTPUB phase=STAIR_DESCENT_FLIGHT_A world=(-0.007,-0.300,-0.019) body=(0.300,0.000,-0.019) truth_z=3.441 drop=2.072 pitch=0.0deg seg=24
[INFO] [1788605536.626621, 599.748000]: DSTPUB phase=STAIR_DESCENT_FLIGHT_A world=(0.027,-0.800,-0.038) body=(0.800,0.000,-0.038) truth_z=3.269 drop=2.244 pitch=0.0deg seg=27
[INFO] [1788605538.195398, 600.766000]: DSTPUB phase=STAIR_DESCENT_FLIGHT_A world=(-0.033,-0.499,-0.013) body=(0.500,0.000,-0.013) truth_z=3.038 drop=2.475 pitch=0.0deg seg=23
[INFO] [1788605539.772087, 601.786000]: DSTPUB phase=STAIR_DESCENT_FLIGHT_A world=(-0.035,-0.599,0.008) body=(0.600,0.000,0.008) truth_z=2.934 drop=2.578 pitch=0.0deg seg=18
[INFO] [1788605540.156277, 602.034000]: Segment 1 (F3->F2) complete: drop=2.60 m, elapsed 37.9 s; turning on F2 landing for segment 2.
[INFO] [1788605542.496287, 603.546000]: DSTPUB phase=STAIR_DESCENT_SEGMENT_TURN world=(0.097,0.300,0.000) body=(-0.304,0.084,0.000) truth_z=2.916 drop=0.000 pitch=1.0deg seg=-1
[INFO] [1788605542.754956, 603.708000]: Segment turn aligned (x err=0.104 m, y=1.702 in band [1.70, 1.95]); starting 180 deg turn.
[INFO] [1788605544.060615, 604.552000]: DSTPUB phase=STAIR_DESCENT_SEGMENT_TURN world=(-0.188,0.151,-0.735) body=(-0.069,-0.231,-0.735) truth_z=2.915 drop=0.000 pitch=1.0deg seg=0
[INFO] [1788605545.665190, 605.568000]: DSTPUB phase=STAIR_DESCENT_SEGMENT_TURN world=(0.041,0.376,-1.000) body=(-0.166,-0.340,-1.000) truth_z=2.913 drop=0.000 pitch=1.0deg seg=0
[INFO] [1788605546.652253, 606.206000]: Segment turn aligned (x err=0.115 m, y=1.950 in band [1.70, 1.95]); starting 180 deg turn.
[INFO] [1788605547.254157, 606.586000]: DSTPUB phase=STAIR_DESCENT_SEGMENT_TURN world=(0.240,0.320,-1.000) body=(-0.050,-0.397,-1.000) truth_z=2.926 drop=0.000 pitch=1.0deg seg=-3
[INFO] [1788605548.829433, 607.586000]: Segment turn complete; standing before descent segment 2.
[INFO] [1788605549.102528, 607.754000]: East-align to flight-b center x=-2.48 before segment 2 flight-b (x=-3.57).
[INFO] [1788605549.118169, 607.766000]: East-align south done (y=1.886); moving east to x=-2.48.
[INFO] [1788605549.121297, 607.766000]: DSTPUB phase=STAIR_DESCENT_EAST_ALIGN world=(0.000,-0.400,-0.363) body=(-0.393,0.072,-0.363) truth_z=2.916 drop=0.000 pitch=1.0deg seg=-1
[INFO] [1788605550.692475, 608.768000]: DSTPUB phase=STAIR_DESCENT_EAST_ALIGN world=(0.400,-0.001,-0.161) body=(-0.033,-0.399,-0.161) truth_z=2.915 drop=0.000 pitch=1.0deg seg=0
[INFO] [1788605552.278031, 609.774000]: DSTPUB phase=STAIR_DESCENT_EAST_ALIGN world=(0.400,-0.012,0.000) body=(-0.044,-0.398,0.000) truth_z=2.915 drop=0.000 pitch=1.0deg seg=0
[INFO] [1788605553.871605, 610.786000]: DSTPUB phase=STAIR_DESCENT_EAST_ALIGN world=(0.328,-0.013,-0.162) body=(-0.040,-0.325,-0.162) truth_z=2.914 drop=0.000 pitch=1.0deg seg=0
[INFO] [1788605555.417077, 611.766000]: East-align complete (x=-2.645, y=1.871); starting segment-2 flight-b.
[INFO] [1788605555.418710, 611.772000]: Descent FLIGHT_B start: z=2.913 drop gate 1.05 m.
[INFO] [1788605555.474535, 611.808000]: DSTPUB phase=STAIR_DESCENT_FLIGHT_B world=(-0.045,0.548,-0.046) body=(0.550,0.000,-0.046) truth_z=2.911 drop=0.001 pitch=1.0deg seg=0
[INFO] [1788605557.045637, 612.812000]: DSTPUB phase=STAIR_DESCENT_FLIGHT_B world=(-0.034,0.549,-0.038) body=(0.550,0.000,-0.038) truth_z=2.852 drop=0.061 pitch=1.0deg seg=10
[INFO] [1788605558.642112, 613.828000]: DSTPUB phase=STAIR_DESCENT_FLIGHT_B world=(-0.025,0.636,-0.042) body=(0.637,0.000,-0.042) truth_z=2.639 drop=0.274 pitch=1.0deg seg=24
[INFO] [1788605560.242836, 614.846000]: DSTPUB phase=STAIR_DESCENT_FLIGHT_B world=(-0.056,0.798,-0.071) body=(0.800,0.000,-0.071) truth_z=2.366 drop=0.546 pitch=1.0deg seg=25
[INFO] [1788605561.828063, 615.866000]: DSTPUB phase=STAIR_DESCENT_FLIGHT_B world=(0.013,0.500,-0.026) body=(0.500,0.000,-0.026) truth_z=2.152 drop=0.760 pitch=1.0deg seg=25
[FSM]: state: INIT
wait for goal.
[0m[INFO] [1788605504.718044090, 579.118000000]: RL policy input vx=0.000 vy=0.000 wz=0.000 action_rms=0.202 ready=0 userCmd=0 kbd=0 raw=0.000,0.000,0.000 grav=0.00,0.01,-0.98[0m
[0m[INFO] [1788605506.287564272, 580.130000000]: RL locomotion_ready latched after 1.01 s takeover and 1.01 s stable hold[0m
[0m[INFO] [1788605507.831046368, 581.126000000]: RL policy input vx=0.550 vy=0.000 wz=-0.083 action_rms=0.146 ready=1 userCmd=0 kbd=0 raw=0.550,0.000,-0.083 grav=-0.01,-0.01,-0.98[0m
[0m[INFO] [1788605510.930199796, 583.134000000]: RL policy input vx=0.500 vy=0.000 wz=-0.066 action_rms=0.235 ready=1 userCmd=0 kbd=0 raw=0.500,0.000,-0.066 grav=0.45,0.11,-0.86[0m
[0m[INFO] [1788605514.023146354, 585.138000000]: RL policy input vx=0.550 vy=0.000 wz=0.021 action_rms=0.328 ready=1 userCmd=0 kbd=0 raw=0.550,0.000,0.021 grav=0.44,0.05,-0.88[0m
[0m[INFO] [1788605517.120221232, 587.146000000]: RL policy input vx=0.600 vy=0.000 wz=0.009 action_rms=0.191 ready=1 userCmd=0 kbd=0 raw=0.600,0.000,0.009 grav=0.34,0.04,-0.92[0m
[0m[INFO] [1788605520.247615169, 589.162000000]: RL policy input vx=0.000 vy=0.000 wz=0.000 action_rms=0.144 ready=1 userCmd=0 kbd=0 raw=0.000,0.000,0.000 grav=-0.03,0.01,-0.98[0m
[0m[INFO] [1788605523.354513242, 591.172000000]: RL policy input vx=0.397 vy=-0.049 wz=1.200 action_rms=0.159 ready=1 userCmd=0 kbd=0 raw=0.397,-0.049,1.200 grav=0.02,0.09,-0.98[0m
[0m[INFO] [1788605526.462984937, 593.180000000]: RL policy input vx=0.040 vy=-0.385 wz=0.114 action_rms=0.164 ready=1 userCmd=0 kbd=0 raw=0.040,-0.385,0.114 grav=0.02,0.01,-0.98[0m
[0m[INFO] [1788605529.588479449, 595.198000000]: RL policy input vx=0.550 vy=0.000 wz=0.010 action_rms=0.148 ready=1 userCmd=0 kbd=0 raw=0.550,0.000,0.010 grav=0.02,0.02,-0.98[0m
[0m[INFO] [1788605532.696512692, 597.206000000]: RL policy input vx=0.750 vy=0.000 wz=-0.019 action_rms=0.292 ready=1 userCmd=0 kbd=0 raw=0.750,0.000,-0.019 grav=0.40,0.10,-0.89[0m
[0m[INFO] [1788605535.792768116, 599.208000000]: RL policy input vx=0.800 vy=0.000 wz=-0.011 action_rms=0.223 ready=1 userCmd=0 kbd=0 raw=0.800,0.000,-0.011 grav=0.31,0.03,-0.93[0m
[0m[INFO] [1788605538.884697725, 601.212000000]: RL policy input vx=0.500 vy=0.000 wz=-0.007 action_rms=0.240 ready=1 userCmd=8 kbd=0 raw=0.500,0.000,-0.007 grav=0.42,0.14,-0.87[0m
[0m[INFO] [1788605541.980091666, 603.216000000]: RL policy input vx=0.000 vy=0.000 wz=0.000 action_rms=0.144 ready=1 userCmd=0 kbd=0 raw=0.000,0.000,0.000 grav=-0.02,0.01,-0.98[0m
[0m[INFO] [1788605545.112208446, 605.218000000]: RL policy input vx=-0.148 vy=-0.272 wz=-1.000 action_rms=0.187 ready=1 userCmd=0 kbd=0 raw=-0.148,-0.272,-1.000 grav=-0.02,0.01,-0.98[0m
[0m[INFO] [1788605548.252483184, 607.218000000]: RL policy input vx=0.014 vy=-0.367 wz=-0.825 action_rms=0.167 ready=1 userCmd=0 kbd=0 raw=0.014,-0.367,-0.825 grav=-0.02,-0.03,-0.98[0m
[0m[INFO] [1788605551.408400682, 609.224000000]: RL policy input vx=-0.039 vy=-0.398 wz=0.000 action_rms=0.166 ready=1 userCmd=0 kbd=0 raw=-0.039,-0.398,0.000 grav=0.00,-0.01,-0.98[0m
[0m[INFO] [1788605554.578462452, 611.238000000]: RL policy input vx=-0.043 vy=-0.297 wz=-0.168 action_rms=0.168 ready=1 userCmd=0 kbd=0 raw=-0.043,-0.297,-0.168 grav=-0.01,-0.00,-0.98[0m
[0m[INFO] [1788605557.727585852, 613.246000000]: RL policy input vx=0.550 vy=0.000 wz=-0.042 action_rms=0.238 ready=1 userCmd=0 kbd=0 raw=0.550,0.000,-0.042 grav=0.33,0.04,-0.92[0m
[0m[INFO] [1788605560.890341372, 615.264000000]: RL policy input vx=0.500 vy=0.000 wz=-0.061 action_rms=0.291 ready=1 userCmd=0 kbd=0 raw=0.500,0.000,-0.061 grav=0.40,0.04,-0.89[0m
[0m[INFO] [1788605564.037479634, 617.284000000]: RL policy input vx=0.550 vy=0.000 wz=0.009 action_rms=0.313 ready=1 userCmd=0 kbd=0 raw=0.550,0.000,0.009 grav=0.48,0.01,-0.86[0m
stop the controller
terminate called after throwing an instance of 'boost::wrapexcept<boost::lock_error>'
  what():  boost: mutex lock failed in pthread_mutex_lock: Invalid argument
des manager
[ERROR] [1788605562.821870, 616.502000]: Three-floor RL mission failed: exploration_deadline_exceeded_600.0s
[WARN] [1788604718.279454, 74.318000]: danger_detector: rejecting candidates because room boundary is unavailable (room_id='')
[INFO] [1788604596.485049, 0.000000]: danger_detector: loaded 12 room boundaries; scan margin=0.50 m
[INFO] [1788604602.187498, 0.118000]: danger_detector: first rendered RGB frame ready (320x240)
[INFO] [1788604627.596116, 16.474000]: danger_detector: exploration clock started after preparation
[INFO] [1788604678.828479, 49.054000]: danger_detector: scan batch label=floor_0_room_0_g3 raw=0 min_points=3 clusters=[]
[INFO] [1788604690.166894, 56.304000]: danger_detector: scan batch label=floor_0_room_0_g4 raw=0 min_points=3 clusters=[]
[INFO] [1788604718.274832, 74.316000]: danger_detector: scan batch label=floor_0_room_1_g3 raw=0 min_points=3 clusters=[]
[INFO] [1788604731.723500, 82.882000]: danger_detector: scan batch label=floor_0_room_1_g4 raw=0 min_points=3 clusters=[]
[INFO] [1788604778.890281, 112.956000]: danger_detector: scan batch label=floor_0_room_2_g3 raw=0 min_points=3 clusters=[]
[INFO] [1788604790.228298, 120.262000]: danger_detector: scan batch label=floor_0_room_2_g4 raw=0 min_points=3 clusters=[]
[INFO] [1788604822.499288, 141.070000]: danger_detector: scan batch label=floor_0_room_3_g3 raw=0 min_points=3 clusters=[]
[INFO] [1788604840.954584, 152.790000]: danger_detector: confirmed red sphere #1 at [2.3438, 33.9911, 0.15], t=136.32s, stage=floor_1_exploration
[INFO] [1788604842.696603, 153.914000]: danger_detector: scan batch label=floor_0_room_3_g4 raw=6 min_points=3 clusters=[(2.3967621955895826, 33.84068749991506)]
[INFO] [1788604981.335596, 242.274000]: danger_detector: confirmed red sphere #2 at [-7.1228, 16.1732, 2.75], t=225.80s, stage=floor_2_exploration
[INFO] [1788604981.740113, 242.534000]: danger_detector: confirmed red sphere #3 at [-7.5337, 15.0096, 2.75], t=226.06s, stage=floor_2_exploration
[INFO] [1788604984.027351, 244.012000]: danger_detector: scan batch label=floor_1_room_0_g3 raw=20 min_points=3 clusters=[(-7.143850755972565, 16.185088601449458), (-7.538077783741613, 15.006046606518808)]
[INFO] [1788604995.500346, 251.406000]: danger_detector: confirmed red sphere #4 at [-8.3021, 17.1457, 2.75], t=234.93s, stage=floor_2_exploration
[INFO] [1788604995.501263, 251.406000]: danger_detector: confirmed red sphere #5 at [-8.9009, 15.6468, 2.75], t=234.93s, stage=floor_2_exploration
[INFO] [1788604996.066942, 251.774000]: danger_detector: scan batch label=floor_1_room_0_g4 raw=13 min_points=3 clusters=[(-8.85236951827927, 15.639273916829449), (-8.204441473518594, 17.052289921970118)]
[INFO] [1788605026.876388, 271.532000]: danger_detector: confirmed red sphere #6 at [6.6486, 13.7116, 2.75], t=255.06s, stage=floor_2_exploration
[INFO] [1788605028.223028, 272.374000]: danger_detector: scan batch label=floor_1_room_1_g3 raw=6 min_points=3 clusters=[(6.668365290605165, 13.721186538032331)]
[INFO] [1788605040.173250, 280.056000]: danger_detector: scan batch label=floor_1_room_1_g4 raw=8 min_points=3 clusters=[(6.75580034912161, 14.07194026284172)]
[INFO] [1788605086.474067, 309.734000]: danger_detector: scan batch label=floor_1_room_2_g3 raw=0 min_points=3 clusters=[]
[INFO] [1788605098.413513, 317.448000]: danger_detector: scan batch label=floor_1_room_2_g4 raw=0 min_points=3 clusters=[]
[INFO] [1788605130.653855, 338.252000]: danger_detector: scan batch label=floor_1_room_3_g3 raw=0 min_points=3 clusters=[]
[INFO] [1788605142.496474, 345.902000]: danger_detector: scan batch label=floor_1_room_3_g4 raw=0 min_points=3 clusters=[]
[INFO] [1788605280.029342, 433.826000]: danger_detector: scan batch label=floor_2_room_0_g3 raw=0 min_points=3 clusters=[]
[INFO] [1788605292.075637, 441.594000]: danger_detector: scan batch label=floor_2_room_0_g4 raw=0 min_points=3 clusters=[]
[INFO] [1788605324.265224, 462.430000]: danger_detector: scan batch label=floor_2_room_1_g3 raw=0 min_points=3 clusters=[]
[INFO] [1788605336.111615, 470.096000]: danger_detector: scan batch label=floor_2_room_1_g4 raw=0 min_points=3 clusters=[]
[INFO] [1788605382.519747, 500.150000]: danger_detector: scan batch label=floor_2_room_2_g3 raw=0 min_points=3 clusters=[]
[INFO] [1788605393.880668, 507.498000]: danger_detector: scan batch label=floor_2_room_2_g4 raw=0 min_points=3 clusters=[]
[INFO] [1788605425.903560, 528.204000]: danger_detector: confirmed red sphere #7 at [2.9369, 25.5158, 5.35], t=511.73s, stage=floor_3_exploration
[INFO] [1788605426.116692, 528.342000]: danger_detector: scan batch label=floor_2_room_3_g3 raw=5 min_points=3 clusters=[(2.8438287221795013, 25.466756079660424)]
[INFO] [1788605446.237962, 541.352000]: danger_detector: scan batch label=floor_2_room_3_g4 raw=0 min_points=3 clusters=[]
[INFO] [1788605562.824890, 616.504000]: danger_detector: wrote 7 confirmed red-ball detections -> /home/quinn/0904/results/official_gui_rtf065_s20260821_20260905_183553/red_ball_detections.json
[WARN] [1788604667.192500, 41.694000]: Room viewpoint speed cap: floor_0_room_0_g3 2.250 -> 0.900 m/s (configured 0.900)
[WARN] [1788604679.031942, 49.186000]: Room viewpoint speed cap: floor_0_room_0_g4 2.250 -> 0.900 m/s (configured 0.900)
[WARN] [1788604706.639508, 66.860000]: Room viewpoint speed cap: floor_0_room_1_g3 2.250 -> 0.900 m/s (configured 0.900)
[WARN] [1788604725.906482, 79.182000]: Room viewpoint speed cap: floor_0_room_1_g4 2.250 -> 0.900 m/s (configured 0.900)
[WARN] [1788604767.455965, 105.574000]: Room viewpoint speed cap: floor_0_room_2_g3 2.250 -> 0.900 m/s (configured 0.900)
[WARN] [1788604779.098681, 113.084000]: Room viewpoint speed cap: floor_0_room_2_g4 2.250 -> 0.900 m/s (configured 0.900)
[WARN] [1788604811.664753, 134.074000]: Room viewpoint speed cap: floor_0_room_3_g3 2.250 -> 0.900 m/s (configured 0.900)
[WARN] [1788604832.466628, 147.482000]: Room viewpoint speed cap: floor_0_room_3_g4 2.250 -> 0.900 m/s (configured 0.900)
[WARN] [1788604973.091885, 236.980000]: Room viewpoint speed cap: floor_1_room_0_g3 2.250 -> 0.900 m/s (configured 0.900)
[WARN] [1788604984.232800, 244.146000]: Room viewpoint speed cap: floor_1_room_0_g4 2.250 -> 0.900 m/s (configured 0.900)
[WARN] [1788605016.887199, 265.138000]: Room viewpoint speed cap: floor_1_room_1_g3 2.250 -> 0.900 m/s (configured 0.900)
[WARN] [1788605028.440331, 272.514000]: Room viewpoint speed cap: floor_1_room_1_g4 2.250 -> 0.900 m/s (configured 0.900)
[WARN] [1788605075.437597, 302.712000]: Room viewpoint speed cap: floor_1_room_2_g3 2.250 -> 0.900 m/s (configured 0.900)
[WARN] [1788605086.682172, 309.866000]: Room viewpoint speed cap: floor_1_room_2_g4 2.250 -> 0.900 m/s (configured 0.900)
[WARN] [1788605119.420383, 331.008000]: Room viewpoint speed cap: floor_1_room_3_g3 2.250 -> 0.900 m/s (configured 0.900)
[WARN] [1788605130.866657, 338.390000]: Room viewpoint speed cap: floor_1_room_3_g4 2.250 -> 0.900 m/s (configured 0.900)
[WARN] [1788605269.094196, 426.756000]: Room viewpoint speed cap: floor_2_room_0_g3 2.250 -> 0.900 m/s (configured 0.900)
[WARN] [1788605280.239238, 433.964000]: Room viewpoint speed cap: floor_2_room_0_g4 2.250 -> 0.900 m/s (configured 0.900)
[WARN] [1788605313.028471, 455.162000]: Room viewpoint speed cap: floor_2_room_1_g3 2.250 -> 0.900 m/s (configured 0.900)
[WARN] [1788605324.475766, 462.566000]: Room viewpoint speed cap: floor_2_room_1_g4 2.250 -> 0.900 m/s (configured 0.900)
[WARN] [1788605370.981747, 492.676000]: Room viewpoint speed cap: floor_2_room_2_g3 2.250 -> 0.900 m/s (configured 0.900)
[WARN] [1788605382.747446, 500.298000]: Room viewpoint speed cap: floor_2_room_2_g4 2.250 -> 0.900 m/s (configured 0.900)
[WARN] [1788605415.378640, 521.390000]: Room viewpoint speed cap: floor_2_room_3_g3 2.250 -> 0.900 m/s (configured 0.900)
[WARN] [1788605436.207709, 534.882000]: Room viewpoint speed cap: floor_2_room_3_g4 2.250 -> 0.900 m/s (configured 0.900)
[INFO] [1788605502.721835, 577.834000]: SCAN explored all three floors; stair descent owns the return.
[INFO] [1788604603.551020, 1.004000]: Bootstrap armed: stand@1.0s state-gated RL max_wait=25.0s repeat=120.0s start_t=1.0
[INFO] [1788604610.400030, 5.404000]: Requesting RL /cmd_vel through /joy (repeating).
[INFO] [1788604627.640740, 16.504000]: Bootstrap observed locomotion_ready; releasing /joy.
[INFO] [1788604596.354361, 0.000000]: scanplanner_pointcloud_bridge: /scan -> /registered_scan at <= 5.0 Hz
[INFO] [1788604617.397527, 9.902000]: scanplanner_pointcloud_bridge: published 50 clouds (391 points)
[INFO] [1788604632.931979, 19.904000]: scanplanner_pointcloud_bridge: published 100 clouds (423 points)
[INFO] [1788604648.588013, 29.904000]: scanplanner_pointcloud_bridge: published 150 clouds (776 points)
[INFO] [1788604664.357228, 39.908000]: scanplanner_pointcloud_bridge: published 200 clouds (755 points)
[INFO] [1788604680.168827, 49.908000]: scanplanner_pointcloud_bridge: published 250 clouds (762 points)
[INFO] [1788604695.786031, 59.908000]: scanplanner_pointcloud_bridge: published 300 clouds (743 points)
[INFO] [1788604711.396013, 69.908000]: scanplanner_pointcloud_bridge: published 350 clouds (773 points)
[INFO] [1788604727.042729, 79.910000]: scanplanner_pointcloud_bridge: published 400 clouds (770 points)
[INFO] [1788604743.165554, 89.912000]: scanplanner_pointcloud_bridge: published 450 clouds (763 points)
[INFO] [1788604758.703499, 99.908000]: scanplanner_pointcloud_bridge: published 500 clouds (762 points)
[INFO] [1788604774.153620, 109.908000]: scanplanner_pointcloud_bridge: published 550 clouds (771 points)
[INFO] [1788604789.685846, 119.910000]: scanplanner_pointcloud_bridge: published 600 clouds (774 points)
[INFO] [1788604805.205515, 129.910000]: scanplanner_pointcloud_bridge: published 650 clouds (764 points)
[INFO] [1788604820.698616, 139.910000]: scanplanner_pointcloud_bridge: published 700 clouds (761 points)
[INFO] [1788604836.332485, 149.910000]: scanplanner_pointcloud_bridge: published 750 clouds (768 points)
[INFO] [1788604851.988549, 159.910000]: scanplanner_pointcloud_bridge: published 800 clouds (762 points)
[INFO] [1788604868.126570, 169.910000]: scanplanner_pointcloud_bridge: published 850 clouds (769 points)
[INFO] [1788604883.949808, 179.910000]: scanplanner_pointcloud_bridge: published 900 clouds (768 points)
[INFO] [1788604899.556358, 189.910000]: scanplanner_pointcloud_bridge: published 950 clouds (645 points)
[INFO] [1788604915.439584, 199.910000]: scanplanner_pointcloud_bridge: published 1000 clouds (764 points)
[INFO] [1788604931.010959, 209.908000]: scanplanner_pointcloud_bridge: published 1050 clouds (709 points)
[INFO] [1788604946.620901, 219.910000]: scanplanner_pointcloud_bridge: published 1100 clouds (767 points)
[INFO] [1788604962.094906, 229.908000]: scanplanner_pointcloud_bridge: published 1150 clouds (742 points)
[INFO] [1788604977.673549, 239.910000]: scanplanner_pointcloud_bridge: published 1200 clouds (768 points)
[INFO] [1788604993.180611, 249.910000]: scanplanner_pointcloud_bridge: published 1250 clouds (755 points)
[INFO] [1788605008.731454, 259.910000]: scanplanner_pointcloud_bridge: published 1300 clouds (763 points)
[INFO] [1788605024.347686, 269.910000]: scanplanner_pointcloud_bridge: published 1350 clouds (767 points)
[INFO] [1788605039.942410, 279.908000]: scanplanner_pointcloud_bridge: published 1400 clouds (761 points)
[INFO] [1788605055.546324, 289.910000]: scanplanner_pointcloud_bridge: published 1450 clouds (780 points)
[INFO] [1788605071.022913, 299.910000]: scanplanner_pointcloud_bridge: published 1500 clouds (766 points)
[INFO] [1788605086.747204, 309.908000]: scanplanner_pointcloud_bridge: published 1550 clouds (766 points)
[INFO] [1788605102.213128, 319.908000]: scanplanner_pointcloud_bridge: published 1600 clouds (756 points)
[INFO] [1788605117.723950, 329.908000]: scanplanner_pointcloud_bridge: published 1650 clouds (768 points)
[INFO] [1788605133.209043, 339.908000]: scanplanner_pointcloud_bridge: published 1700 clouds (766 points)
[INFO] [1788605148.803987, 349.912000]: scanplanner_pointcloud_bridge: published 1750 clouds (767 points)
[INFO] [1788605164.604106, 359.912000]: scanplanner_pointcloud_bridge: published 1800 clouds (777 points)
[INFO] [1788605180.476744, 369.916000]: scanplanner_pointcloud_bridge: published 1850 clouds (765 points)
[INFO] [1788605196.369778, 379.916000]: scanplanner_pointcloud_bridge: published 1900 clouds (660 points)
[INFO] [1788605212.089566, 389.918000]: scanplanner_pointcloud_bridge: published 1950 clouds (791 points)
[INFO] [1788605227.642175, 399.916000]: scanplanner_pointcloud_bridge: published 2000 clouds (727 points)
[INFO] [1788605243.059945, 409.916000]: scanplanner_pointcloud_bridge: published 2050 clouds (761 points)
[INFO] [1788605258.514119, 419.918000]: scanplanner_pointcloud_bridge: published 2100 clouds (771 points)
[INFO] [1788605273.990357, 429.916000]: scanplanner_pointcloud_bridge: published 2150 clouds (767 points)
[INFO] [1788605289.473671, 439.918000]: scanplanner_pointcloud_bridge: published 2200 clouds (760 points)
[INFO] [1788605304.942542, 449.920000]: scanplanner_pointcloud_bridge: published 2250 clouds (763 points)
[INFO] [1788605320.383322, 459.918000]: scanplanner_pointcloud_bridge: published 2300 clouds (768 points)
[INFO] [1788605335.839938, 469.920000]: scanplanner_pointcloud_bridge: published 2350 clouds (764 points)
[INFO] [1788605351.283038, 479.918000]: scanplanner_pointcloud_bridge: published 2400 clouds (775 points)
[INFO] [1788605366.696908, 489.918000]: scanplanner_pointcloud_bridge: published 2450 clouds (765 points)
[INFO] [1788605382.163121, 499.920000]: scanplanner_pointcloud_bridge: published 2500 clouds (760 points)
[INFO] [1788605397.625998, 509.918000]: scanplanner_pointcloud_bridge: published 2550 clouds (761 points)
[INFO] [1788605413.090155, 519.918000]: scanplanner_pointcloud_bridge: published 2600 clouds (766 points)
[INFO] [1788605428.563757, 529.920000]: scanplanner_pointcloud_bridge: published 2650 clouds (772 points)
[INFO] [1788605444.023215, 539.920000]: scanplanner_pointcloud_bridge: published 2700 clouds (753 points)
[INFO] [1788605459.519180, 549.920000]: scanplanner_pointcloud_bridge: published 2750 clouds (745 points)
[INFO] [1788605475.009273, 559.918000]: scanplanner_pointcloud_bridge: published 2800 clouds (646 points)
[INFO] [1788605490.477334, 569.920000]: scanplanner_pointcloud_bridge: published 2850 clouds (768 points)
[INFO] [1788605505.959584, 579.920000]: scanplanner_pointcloud_bridge: published 2900 clouds (767 points)
[INFO] [1788605521.413162, 589.918000]: scanplanner_pointcloud_bridge: published 2950 clouds (772 points)
[INFO] [1788605536.889872, 599.918000]: scanplanner_pointcloud_bridge: published 3000 clouds (723 points)
[INFO] [1788605552.510075, 609.920000]: scanplanner_pointcloud_bridge: published 3050 clouds (742 points)
[WARN] [1788605510.638834, 582.946000]: Descent tilt 0.497 rad: capping flight speed at 0.55 m/s.
[WARN] [1788605513.516055, 584.806000]: Descent tilt 0.494 rad: capping flight speed at 0.55 m/s.
[WARN] [1788605530.755880, 595.948000]: Descent tilt 0.480 rad: capping flight speed at 0.55 m/s.
[WARN] [1788605533.502729, 597.726000]: Descent tilt 0.499 rad: capping flight speed at 0.55 m/s.
[WARN] [1788605533.780813, 597.906000]: Descent severe tilt 0.609 rad: emergency speed cap 0.30 m/s.
[WARN] [1788605536.688624, 599.788000]: Descent tilt 0.480 rad: capping flight speed at 0.55 m/s.
[WARN] [1788605538.578036, 601.012000]: Descent tilt 0.480 rad: capping flight speed at 0.55 m/s.
[WARN] [1788605546.530595, 606.126000]: Segment turn left safe position (x=-3.822, y=1.952); zero command and re-centering before continuing turn.
[WARN] [1788605560.365381, 614.926000]: Descent tilt 0.502 rad: capping flight speed at 0.55 m/s.
[WARN] [1788605563.978240, 617.246000]: Descent tilt 0.493 rad: capping flight speed at 0.55 m/s.
[INFO] [1788605563.389520, 616.868000]: DSTPUB phase=STAIR_DESCENT_FLIGHT_B world=(0.055,0.597,0.033) body=(0.600,-0.000,0.033) truth_z=1.889 drop=1.023 pitch=1.0deg seg=26
[0m[INFO] [1788604597.680579128]: Livox plugin Load complete with 800 rays[0m
[0m[INFO] [1788604597.681826794]: <initialOrientationAsReference> is unset, using default value of false to comply with REP 145 (world as orientation reference)[0m
[0m[INFO] [1788604597.681842355]: <robotNamespace> set to: //[0m
[0m[INFO] [1788604597.681853247]: <topicName> set to: /livox/imu[0m
[0m[INFO] [1788604597.681857667]: <frameName> set to: livox_imu_link[0m
[0m[INFO] [1788604597.681867697]: <updateRateHZ> set to: 1000[0m
[0m[INFO] [1788604597.681873000]: <gaussianNoise> set to: 0[0m
[0m[INFO] [1788604597.681884392]: <xyzOffset> set to: 0 0 0[0m
[0m[INFO] [1788604597.681891209]: <rpyOffset> set to: 0 -0 0[0m
[0m[INFO] [1788604598.969380746]: Camera Plugin: Using the 'robotNamespace' param: '/'[0m
[0m[INFO] [1788604598.971750302]: Camera Plugin (ns = /)  <tf_prefix_>, set to ""[0m
[0m[INFO] [1788604598.977180171]: Updating LinkState: reference_frame is empty/world/map, using inertial frame[0m
[0m[INFO] [1788604598.978392441]: Camera Plugin: Using the 'robotNamespace' param: '/'[0m
[0m[INFO] [1788604598.979517398]: Updating LinkState: reference_frame is empty/world/map, using inertial frame[0m
[0m[INFO] [1788604598.980263761]: Camera Plugin (ns = /)  <tf_prefix_>, set to ""[0m
[0m[INFO] [1788604599.808972379]: Loading gazebo_ros_control plugin[0m
[0m[INFO] [1788604599.809027273]: Starting gazebo_ros_control plugin in namespace: /a1_gazebo[0m
[0m[INFO] [1788604599.809548494]: gazebo_ros_control plugin is waiting for model URDF in parameter [/robot_description] on the ROS param server.[0m
[0m[INFO] [1788604599.923777560]: Loaded gazebo_ros_control.[0m
[INFO] [1788604597.338744, 0.000000]: building_generator_classic_control ready

auto-starting new master
[1mprocess[master]: started with pid [232576][0m
[1mROS_MASTER_URI=http://localhost:11311[0m
]2;/home/quinn/0904/threefloor_stress5_repro_20260827/work/mounts/SimEnv/src/simenv_bridge/launch/scanplanner_three_floor_rl.launch http://localhost:11311
[1msetting /run_id to aafa36a4-a915-11f1-9447-05c1f50d701d[0m
[1mprocess[rosout-1]: started with pid [232586][0m
started core service [/rosout]
[1mprocess[gazebo-2]: started with pid [232594][0m
[1mprocess[urdf_spawner-3]: started with pid [232597][0m
[1mprocess[state_from_gazebo-4]: started with pid [232600][0m
[1mprocess[a1_gazebo/controller_spawner-5]: started with pid [232601][0m
[1mprocess[robot_state_publisher-6]: started with pid [232603][0m
[1mprocess[unpause_after_controllers-7]: started with pid [232607][0m
[1mprocess[building_control-8]: started with pid [232609][0m
[1mprocess[open_mapping_entrance-9]: started with pid [232610][0m
[1mprocess[junior_ctrl-10]: started with pid [232615][0m
[1mprocess[scanplanner_pointcloud_bridge-11]: started with pid [232617][0m
[1mprocess[scan_planner_node-12]: started with pid [232619][0m
[1mprocess[closed_loop_controller-13]: started with pid [232620][0m
[1mprocess[scanplanner_plane_rl_bootstrap-14]: started with pid [232621][0m
[1mprocess[rl_floor_command_mux-15]: started with pid [232622][0m
[1mprocess[stair_transition_manager-16]: started with pid [232627][0m
[1mprocess[second_to_third_floor_stair_manager-17]: started with pid [232629][0m
[1mprocess[stair_descent_manager-18]: started with pid [232630][0m
[1mprocess[scanplanner_three_floor_goal_sequencer-19]: started with pid [232632][0m
[1mprocess[scanplanner_red_ball_detector-20]: started with pid [232633][0m
[1mprocess[three_floor_rl_mission_supervisor-21]: started with pid [232636][0m
[1m[open_mapping_entrance-9] process has finished cleanly
log file: /home/quinn/.ros/log/aafa36a4-a915-11f1-9447-05c1f50d701d/open_mapping_entrance-9*.log[0m
[1m[urdf_spawner-3] process has finished cleanly
log file: /home/quinn/.ros/log/aafa36a4-a915-11f1-9447-05c1f50d701d/urdf_spawner-3*.log[0m
[1m[unpause_after_controllers-7] process has finished cleanly
log file: /home/quinn/.ros/log/aafa36a4-a915-11f1-9447-05c1f50d701d/unpause_after_controllers-7*.log[0m
[1m[stair_transition_manager-16] process has finished cleanly
log file: /home/quinn/.ros/log/aafa36a4-a915-11f1-9447-05c1f50d701d/stair_transition_manager-16*.log[0m
[1m[second_to_third_floor_stair_manager-17] process has finished cleanly
log file: /home/quinn/.ros/log/aafa36a4-a915-11f1-9447-05c1f50d701d/second_to_third_floor_stair_manager-17*.log[0m
[three_floor_rl_mission_supervisor-21] killing on exit
[scanplanner_red_ball_detector-20] killing on exit
[scanplanner_three_floor_goal_sequencer-19] killing on exit
[stair_descent_manager-18] killing on exit
[rl_floor_command_mux-15] killing on exit
[scanplanner_plane_rl_bootstrap-14] killing on exit
[closed_loop_controller-13] killing on exit
[scan_planner_node-12] killing on exit
[scanplanner_pointcloud_bridge-11] killing on exit
[junior_ctrl-10] killing on exit
[building_control-8] killing on exit
[robot_state_publisher-6] killing on exit
[a1_gazebo/controller_spawner-5] killing on exit
[state_from_gazebo-4] killing on exit
[gazebo-2] killing on exit
[rosout-1] killing on exit
[master] killing on exit
shutting down processing monitor...
... shutting down processing monitor complete
[1mdone[0m
