xacro: in-order processing became default in ROS Melodic. You can drop the option.
... logging to /home/quinn/.ros/log/8975108c-a922-11f1-9447-05c1f50d701d/roslaunch-Legion-251459.log
Checking log directory for disk usage. This may take a while.
Press Ctrl-C to interrupt
Done checking log file disk usage. Usage is <1GB.
]2;/home/quinn/0904/threefloor_stress5_repro_20260827/work/mounts/SimEnv/src/simenv_bridge/launch/scanplanner_three_floor_rl.launch
[1mstarted roslaunch server http://Legion:42071/[0m

SUMMARY
========

CLEAR PARAMETERS
 * /scan_planner_node/

PARAMETERS
 * /a1_gazebo/FL_calf_controller/joint: FL_calf_joint
 * /a1_gazebo/FL_calf_controller/pid/d: 8.0
 * /a1_gazebo/FL_calf_controller/pid/i: 0.0
 * /a1_gazebo/FL_calf_controller/pid/p: 300.0
 * /a1_gazebo/FL_calf_controller/type: unitree_legged_co...
 * /a1_gazebo/FL_hip_controller/joint: FL_hip_joint
 * /a1_gazebo/FL_hip_controller/pid/d: 5.0
 * /a1_gazebo/FL_hip_controller/pid/i: 0.0
 * /a1_gazebo/FL_hip_controller/pid/p: 100.0
 * /a1_gazebo/FL_hip_controller/type: unitree_legged_co...
 * /a1_gazebo/FL_thigh_controller/joint: FL_thigh_joint
 * /a1_gazebo/FL_thigh_controller/pid/d: 8.0
 * /a1_gazebo/FL_thigh_controller/pid/i: 0.0
 * /a1_gazebo/FL_thigh_controller/pid/p: 300.0
 * /a1_gazebo/FL_thigh_controller/type: unitree_legged_co...
 * /a1_gazebo/FR_calf_controller/joint: FR_calf_joint
 * /a1_gazebo/FR_calf_controller/pid/d: 8.0
 * /a1_gazebo/FR_calf_controller/pid/i: 0.0
 * /a1_gazebo/FR_calf_controller/pid/p: 300.0
 * /a1_gazebo/FR_calf_controller/type: unitree_legged_co...
 * /a1_gazebo/FR_hip_controller/joint: FR_hip_joint
 * /a1_gazebo/FR_hip_controller/pid/d: 5.0
 * /a1_gazebo/FR_hip_controller/pid/i: 0.0
 * /a1_gazebo/FR_hip_controller/pid/p: 100.0
 * /a1_gazebo/FR_hip_controller/type: unitree_legged_co...
 * /a1_gazebo/FR_thigh_controller/joint: FR_thigh_joint
 * /a1_gazebo/FR_thigh_controller/pid/d: 8.0
 * /a1_gazebo/FR_thigh_controller/pid/i: 0.0
 * /a1_gazebo/FR_thigh_controller/pid/p: 300.0
 * /a1_gazebo/FR_thigh_controller/type: unitree_legged_co...
 * /a1_gazebo/RL_calf_controller/joint: RL_calf_joint
 * /a1_gazebo/RL_calf_controller/pid/d: 8.0
 * /a1_gazebo/RL_calf_controller/pid/i: 0.0
 * /a1_gazebo/RL_calf_controller/pid/p: 300.0
 * /a1_gazebo/RL_calf_controller/type: unitree_legged_co...
 * /a1_gazebo/RL_hip_controller/joint: RL_hip_joint
 * /a1_gazebo/RL_hip_controller/pid/d: 5.0
 * /a1_gazebo/RL_hip_controller/pid/i: 0.0
 * /a1_gazebo/RL_hip_controller/pid/p: 100.0
 * /a1_gazebo/RL_hip_controller/type: unitree_legged_co...
 * /a1_gazebo/RL_thigh_controller/joint: RL_thigh_joint
 * /a1_gazebo/RL_thigh_controller/pid/d: 8.0
 * /a1_gazebo/RL_thigh_controller/pid/i: 0.0
 * /a1_gazebo/RL_thigh_controller/pid/p: 300.0
 * /a1_gazebo/RL_thigh_controller/type: unitree_legged_co...
 * /a1_gazebo/RR_calf_controller/joint: RR_calf_joint
 * /a1_gazebo/RR_calf_controller/pid/d: 8.0
 * /a1_gazebo/RR_calf_controller/pid/i: 0.0
 * /a1_gazebo/RR_calf_controller/pid/p: 300.0
 * /a1_gazebo/RR_calf_controller/type: unitree_legged_co...
 * /a1_gazebo/RR_hip_controller/joint: RR_hip_joint
 * /a1_gazebo/RR_hip_controller/pid/d: 5.0
 * /a1_gazebo/RR_hip_controller/pid/i: 0.0
 * /a1_gazebo/RR_hip_controller/pid/p: 100.0
 * /a1_gazebo/RR_hip_controller/type: unitree_legged_co...
 * /a1_gazebo/RR_thigh_controller/joint: RR_thigh_joint
 * /a1_gazebo/RR_thigh_controller/pid/d: 8.0
 * /a1_gazebo/RR_thigh_controller/pid/i: 0.0
 * /a1_gazebo/RR_thigh_controller/pid/p: 300.0
 * /a1_gazebo/RR_thigh_controller/type: unitree_legged_co...
 * /a1_gazebo/joint_limits/FL_calf_joint/has_position_limits: False
 * /a1_gazebo/joint_limits/FR_calf_joint/has_position_limits: False
 * /a1_gazebo/joint_limits/RL_calf_joint/has_position_limits: False
 * /a1_gazebo/joint_limits/RR_calf_joint/has_position_limits: False
 * /a1_gazebo/joint_state_controller/publish_rate: 1000
 * /a1_gazebo/joint_state_controller/type: joint_state_contr...
 * /body_pose_topic: /Odometry_gazebo
 * /closed_loop_controller/finish_dist: 0.15
 * /closed_loop_controller/heading_error_threshold: 0.8
 * /closed_loop_controller/kp_pos: 0.8
 * /closed_loop_controller/kp_yaw: 1.5
 * /closed_loop_controller/max_vx: 2.05
 * /closed_loop_controller/max_vy: 0.35
 * /closed_loop_controller/max_vyaw: 1.0
 * /closed_loop_controller/time_forward: 0.8
 * /gazebo/enable_ros_network: True
 * /rl_floor_command_mux/command_timeout_sec: 0.4
 * /rl_floor_command_mux/linear_acceleration: 2.2
 * /rl_floor_command_mux/linear_deceleration: 2.0
 * /rl_floor_command_mux/max_forward: 2.25
 * /rl_floor_command_mux/max_lateral: 0.75
 * /rl_floor_command_mux/max_reverse: 0.2
 * /rl_floor_command_mux/max_yaw: 3.0
 * /rl_floor_command_mux/output_topic: /cmd_vel
 * /rl_floor_command_mux/planner_topic: /scanplanner/plan...
 * /rl_floor_command_mux/rate: 30.0
 * /rl_floor_command_mux/yaw_acceleration: 2.4
 * /rl_floor_command_mux/yaw_slowdown: 1.05
 * /rl_floor_command_mux/yaw_translation_stop: 1.3
 * /robot_description: <?xml version="1....
 * /robot_name: a1
 * /rosdistro: noetic
 * /rosversion: 1.17.4
 * /scan_planner_node/fsm/emergency_time_: 1.0
 * /scan_planner_node/fsm/fail_safe: True
 * /scan_planner_node/fsm/is_real_world: True
 * /scan_planner_node/fsm/manual_goal_use_current_height: True
 * /scan_planner_node/fsm/max_replan_fail_count: 1000
 * /scan_planner_node/fsm/navi_mode: 1
 * /scan_planner_node/fsm/planning_horizon: 7.5
 * /scan_planner_node/fsm/thresh_no_replan: 0.1
 * /scan_planner_node/fsm/thresh_replan: 1.0
 * /scan_planner_node/grid_map/cloud_is_world: True
 * /scan_planner_node/grid_map/cx: 317.19
 * /scan_planner_node/grid_map/cy: 256.48
 * /scan_planner_node/grid_map/depth_filter_margin: 1
 * /scan_planner_node/grid_map/depth_filter_maxdist: 3.0
 * /scan_planner_node/grid_map/depth_filter_mindist: 0.3
 * /scan_planner_node/grid_map/double_cylinder_offset: 0.18
 * /scan_planner_node/grid_map/double_cylinder_radius: 0.25
 * /scan_planner_node/grid_map/fx: 609.59
 * /scan_planner_node/grid_map/fy: 609.22
 * /scan_planner_node/grid_map/k_depth_scaling_factor: 1000.0
 * /scan_planner_node/grid_map/map_sliding_thresh: 0.2
 * /scan_planner_node/grid_map/max_ray_length: 5.0
 * /scan_planner_node/grid_map/need_extrinsic: True
 * /scan_planner_node/grid_map/obstacles_inflation_z_down: 0.4
 * /scan_planner_node/grid_map/obstacles_inflation_z_up: 0.1
 * /scan_planner_node/grid_map/p_hit: 0.85
 * /scan_planner_node/grid_map/p_max: 0.98
 * /scan_planner_node/grid_map/p_min: 0.12
 * /scan_planner_node/grid_map/p_miss: 0.3
 * /scan_planner_node/grid_map/p_occ: 0.8
 * /scan_planner_node/grid_map/resolution: 0.05
 * /scan_planner_node/grid_map/sensor_type: lidar
 * /scan_planner_node/grid_map/skip_pixel: 2
 * /scan_planner_node/grid_map/sliding_map_size_x: 10.0
 * /scan_planner_node/grid_map/sliding_map_size_y: 10.0
 * /scan_planner_node/grid_map/sliding_map_size_z: 5.0
 * /scan_planner_node/grid_map/vis_height: 0.3
 * /scan_planner_node/manager/control_points_distance: 0.2
 * /scan_planner_node/manager/feasibility_tolerance: 0.5
 * /scan_planner_node/manager/max_acc: 1.1
 * /scan_planner_node/manager/max_jerk: 4.0
 * /scan_planner_node/manager/max_vel: 2.05
 * /scan_planner_node/manager/planning_horizon: 7.5
 * /scan_planner_node/optimization/acc_tolerance: 1.0
 * /scan_planner_node/optimization/dist0: 0.2
 * /scan_planner_node/optimization/lambda_collision: 1.0
 * /scan_planner_node/optimization/lambda_feasibility: 0.1
 * /scan_planner_node/optimization/lambda_fitness: 1.0
 * /scan_planner_node/optimization/lambda_smooth: 1.0
 * /scan_planner_node/optimization/max_acc: 1.1
 * /scan_planner_node/optimization/max_vel: 2.05
 * /scan_planner_node/optimization/vel_tolerance: 1.0
 * /scanplanner_plane_rl_bootstrap/fixed_stand_max_duration_sec: 25.0
 * /scanplanner_plane_rl_bootstrap/release_after_rl_request: True
 * /scanplanner_plane_rl_bootstrap/rl_repeat_seconds: 120.0
 * /scanplanner_plane_rl_bootstrap/stand_after_seconds: 1.0
 * /scanplanner_pointcloud_bridge/input: /scan
 * /scanplanner_pointcloud_bridge/laser_blind: 0.5
 * /scanplanner_pointcloud_bridge/maximum_rate_hz: 5.0
 * /scanplanner_pointcloud_bridge/maximum_vertical_angle_deg: 55
 * /scanplanner_pointcloud_bridge/minimum_vertical_angle_deg: -7
 * /scanplanner_pointcloud_bridge/odom_topic: /Odometry_gazebo
 * /scanplanner_pointcloud_bridge/output: /registered_scan
 * /scanplanner_pointcloud_bridge/world_frame: map
 * /scanplanner_red_ball_detector/camera_info_topic: /recording_camera...
 * /scanplanner_red_ball_detector/camera_ready_topic: /simenv/recording...
 * /scanplanner_red_ball_detector/confirm_count: 3
 * /scanplanner_red_ball_detector/depth_topic: /real_sense/depth...
 * /scanplanner_red_ball_detector/floor_height_m: 2.6
 * /scanplanner_red_ball_detector/ground_range_scale: 0.95
 * /scanplanner_red_ball_detector/image_topic: /recording_camera...
 * /scanplanner_red_ball_detector/layout_metadata: /tmp/simenv_bridg...
 * /scanplanner_red_ball_detector/maximum_processing_rate_hz: 0.0
 * /scanplanner_red_ball_detector/merge_radius: 1.1
 * /scanplanner_red_ball_detector/out_json: /home/quinn/0904/...
 * /scanplanner_red_ball_detector/require_room_boundary_during_scan: True
 * /scanplanner_red_ball_detector/room_boundary_margin_m: 0.5
 * /scanplanner_red_ball_detector/scan_active_topic: /scanplanner/room...
 * /scanplanner_red_ball_detector/use_depth: True
 * /scanplanner_three_floor_goal_sequencer/direct_plane_distance_gain: 1.25
 * /scanplanner_three_floor_goal_sequencer/direct_plane_max_lateral_speed_mps: 0.75
 * /scanplanner_three_floor_goal_sequencer/direct_plane_min_forward_speed: 0.3
 * /scanplanner_three_floor_goal_sequencer/direct_plane_translation_heading_limit_rad: 1.45
 * /scanplanner_three_floor_goal_sequencer/direct_plane_yaw_rate: 1.15
 * /scanplanner_three_floor_goal_sequencer/direct_stair_yaw_rate: 0.35
 * /scanplanner_three_floor_goal_sequencer/entrance_fixed_heading_release_rad: 0.2
 * /scanplanner_three_floor_goal_sequencer/entrance_lateral_gain: 0.6
 * /scanplanner_three_floor_goal_sequencer/entrance_max_lateral_speed_mps: 0.12
 * /scanplanner_three_floor_goal_sequencer/entrance_progress_timeout_sec: 5.0
 * /scanplanner_three_floor_goal_sequencer/entrance_recovery_hold_sec: 1.0
 * /scanplanner_three_floor_goal_sequencer/entrance_recovery_max_attempts: 2
 * /scanplanner_three_floor_goal_sequencer/entrance_speed_scale: 1.45
 * /scanplanner_three_floor_goal_sequencer/floor_control_settle_sec: 0.15
 * /scanplanner_three_floor_goal_sequencer/handoff_timeout_sec: 300.0
 * /scanplanner_three_floor_goal_sequencer/manager_release_settle_sec: 0.1
 * /scanplanner_three_floor_goal_sequencer/maximum_floor_speed: 2.25
 * /scanplanner_three_floor_goal_sequencer/maximum_replans: 2
 * /scanplanner_three_floor_goal_sequencer/minimum_upright_duration_sec: 0.6
 * /scanplanner_three_floor_goal_sequencer/minimum_upright_z: 0.55
 * /scanplanner_three_floor_goal_sequencer/mission_config: /tmp/simenv_bridg...
 * /scanplanner_three_floor_goal_sequencer/output_dir: /home/quinn/0904/...
 * /scanplanner_three_floor_goal_sequencer/plane_attitude_hold_upright_z: 0.9
 * /scanplanner_three_floor_goal_sequencer/plane_attitude_slowdown_upright_z: 0.97
 * /scanplanner_three_floor_goal_sequencer/plane_fast_takeover: True
 * /scanplanner_three_floor_goal_sequencer/plane_fast_takeover_blend_seconds: 0.5
 * /scanplanner_three_floor_goal_sequencer/plane_fast_takeover_zero_hold_seconds: 0.15
 * /scanplanner_three_floor_goal_sequencer/plane_motion_start_ramp_initial_speed_mps: 0.3
 * /scanplanner_three_floor_goal_sequencer/plane_motion_start_ramp_minimum_upright_z: 0.985
 * /scanplanner_three_floor_goal_sequencer/plane_motion_start_ramp_seconds: 3.0
 * /scanplanner_three_floor_goal_sequencer/policy_timeout_sec: 35.0
 * /scanplanner_three_floor_goal_sequencer/progress_timeout_sec: 45.0
 * /scanplanner_three_floor_goal_sequencer/room_scan_settle_sec: 0.1
 * /scanplanner_three_floor_goal_sequencer/room_scan_timeout_sec: 30.0
 * /scanplanner_three_floor_goal_sequencer/room_scan_turn_rad: 1.9
 * /scanplanner_three_floor_goal_sequencer/room_scan_yaw_rate: 2.8
 * /scanplanner_three_floor_goal_sequencer/room_tolerance: 0.4
 * /scanplanner_three_floor_goal_sequencer/speed_scale: 2.6
 * /scanplanner_three_floor_goal_sequencer/stage_announcement_hold_sec: 0.15
 * /scanplanner_three_floor_goal_sequencer/startup_timeout_sec: 240.0
 * /scanplanner_three_floor_goal_sequencer/waypoint_timeout_sec: 150.0
 * /second_to_third_floor_stair_manager/ascent_maximum_speed_mps: 0.8
 * /second_to_third_floor_stair_manager/ascent_speed_mps: 0.8
 * /second_to_third_floor_stair_manager/ascent_timeout_sec: 45.0
 * /second_to_third_floor_stair_manager/auto_start: False
 * /second_to_third_floor_stair_manager/command_topic: /cmd_vel
 * /second_to_third_floor_stair_manager/enable_truth_return_gate: False
 * /second_to_third_floor_stair_manager/enable_visual_stair_alignment: False
 * /second_to_third_floor_stair_manager/entry_alignment_yaw_rate_rps: 0.4
 * /second_to_third_floor_stair_manager/flight_a_height_gain_m: 1.05
 * /second_to_third_floor_stair_manager/flight_b_timeout_sec: 22.0
 * /second_to_third_floor_stair_manager/height_plot_basename: 21_truth_stair_he...
 * /second_to_third_floor_stair_manager/hold_rl_during_ascent: True
 * /second_to_third_floor_stair_manager/landing_cross_distance_m: 0.95
 * /second_to_third_floor_stair_manager/landing_cross_speed_mps: 0.75
 * /second_to_third_floor_stair_manager/landing_heading_tolerance_rad: 0.15
 * /second_to_third_floor_stair_manager/landing_timeout_sec: 30.0
 * /second_to_third_floor_stair_manager/landing_turn_angle_rad: -2.4
 * /second_to_third_floor_stair_manager/landing_turn_speed_rps: 1.2
 * /second_to_third_floor_stair_manager/mission_failure_token: SECOND_FLOOR_EXPL...
 * /second_to_third_floor_stair_manager/mission_trigger_token: SECOND_FLOOR_EXPL...
 * /second_to_third_floor_stair_manager/mission_trigger_topic: /simenv/second_fl...
 * /second_to_third_floor_stair_manager/odom_topic: /Odometry_gazebo
 * /second_to_third_floor_stair_manager/offline_stair_model_sdf: /tmp/simenv_bridg...
 * /second_to_third_floor_stair_manager/offline_truth_layout_metadata: /tmp/simenv_bridg...
 * /second_to_third_floor_stair_manager/output_dir: /home/quinn/0904/...
 * /second_to_third_floor_stair_manager/plane_policy: /home/quinn/0904/...
 * /second_to_third_floor_stair_manager/policy_warmup_seconds: 0.2
 * /second_to_third_floor_stair_manager/pre_ascent_rl_fast_blend_seconds: 0.5
 * /second_to_third_floor_stair_manager/pre_ascent_rl_fast_takeover: True
 * /second_to_third_floor_stair_manager/pre_ascent_rl_fast_zero_hold_seconds: 0.15
 * /second_to_third_floor_stair_manager/pre_ascent_rl_settle_seconds: 0.6
 * /second_to_third_floor_stair_manager/pre_ascent_stand_seconds: 0.0
 * /second_to_third_floor_stair_manager/second_floor_handoff_timeout_sec: 90.0
 * /second_to_third_floor_stair_manager/second_floor_stable_seconds: 0.5
 * /second_to_third_floor_stair_manager/source_floor_index: 1
 * /second_to_third_floor_stair_manager/stair_policy: /home/quinn/0904/...
 * /second_to_third_floor_stair_manager/state_topic: /simenv/second_to...
 * /second_to_third_floor_stair_manager/target_floor_number: 3
 * /second_to_third_floor_stair_manager/total_height_gain_m: 2.2
 * /second_to_third_floor_stair_manager/trajectory_plot_basename: 21_f2_to_third_fl...
 * /second_to_third_floor_stair_manager/transition_log_basename: second_to_third_f...
 * /second_to_third_floor_stair_manager/transition_plot_basename: 21_second_to_thir...
 * /second_to_third_floor_stair_manager/truth_entry_final_speed_mps: 0.55
 * /second_to_third_floor_stair_manager/truth_entry_guide: True
 * /second_to_third_floor_stair_manager/truth_entry_guide_min_speed_mps: 0.25
 * /second_to_third_floor_stair_manager/truth_entry_guide_speed_mps: 0.45
 * /second_to_third_floor_stair_manager/truth_entry_timeout_sec: 120.0
 * /second_to_third_floor_stair_manager/truth_fixed_two_flight_profile: True
 * /second_to_third_floor_stair_manager/truth_flight_a_backslide_recovery_hold_seconds: 1.5
 * /second_to_third_floor_stair_manager/truth_flight_a_backslide_recovery_max_attempts: 2
 * /second_to_third_floor_stair_manager/truth_flight_a_backslide_recovery_ramp_seconds: 1.0
 * /second_to_third_floor_stair_manager/truth_flight_a_backslide_recovery_ramp_speed_mps: 0.4
 * /second_to_third_floor_stair_manager/truth_flight_a_climb_ramp_seconds: 1.2
 * /second_to_third_floor_stair_manager/truth_flight_a_near_edge_strong_center_error_m: 0.24
 * /second_to_third_floor_stair_manager/truth_flight_a_policy_capture_max_joint_velocity_rms: 0.18
 * /second_to_third_floor_stair_manager/truth_flight_a_policy_fast_fixed_stand: True
 * /second_to_third_floor_stair_manager/truth_flight_a_policy_fast_fixed_stand_duration_seconds: 0.5
 * /second_to_third_floor_stair_manager/truth_flight_a_policy_fast_fixed_stand_minimum_elapsed_seconds: 0.5
 * /second_to_third_floor_stair_manager/truth_flight_a_policy_fast_fixed_stand_minimum_gain_ratio: 0.75
 * /second_to_third_floor_stair_manager/truth_flight_a_policy_fast_fixed_stand_settle_seconds: 0.0
 * /second_to_third_floor_stair_manager/truth_flight_a_policy_fast_fixed_stand_stable_seconds: 0.5
 * /second_to_third_floor_stair_manager/truth_flight_a_policy_fixed_stand_ready_timeout_sec: 12.0
 * /second_to_third_floor_stair_manager/truth_flight_a_policy_require_fixed_stand_ready: True
 * /second_to_third_floor_stair_manager/truth_flight_a_policy_settle_seconds: 0.35
 * /second_to_third_floor_stair_manager/truth_flight_a_policy_settle_timeout_sec: 8.0
 * /second_to_third_floor_stair_manager/truth_flight_a_policy_stand_seconds: 0.1
 * /second_to_third_floor_stair_manager/truth_flight_a_policy_use_default_stand_target: False
 * /second_to_third_floor_stair_manager/truth_flight_a_rearward_slip_max_climb_speed_mps: 0.12
 * /second_to_third_floor_stair_manager/truth_flight_a_rearward_slip_speed_mps: 0.3
 * /second_to_third_floor_stair_manager/truth_flight_a_recovery_center_speed_mps: 0.22
 * /second_to_third_floor_stair_manager/truth_flight_a_recovery_forward_speed_mps: 0.6
 * /second_to_third_floor_stair_manager/truth_flight_a_require_fresh_ready: True
 * /second_to_third_floor_stair_manager/truth_flight_a_stall_release_seconds: 1.5
 * /second_to_third_floor_stair_manager/truth_flight_a_strong_recovery_forward_speed_mps: 0.4
 * /second_to_third_floor_stair_manager/truth_flight_b_max_yaw_rate_rps: 0.1
 * /second_to_third_floor_stair_manager/truth_flight_b_near_edge_strong_center_error_m: 0.24
 * /second_to_third_floor_stair_manager/truth_flight_b_pitch_min_height_gain_m: 0.08
 * /second_to_third_floor_stair_manager/truth_flight_b_pitch_rate_min_abs_rad: 0.6
 * /second_to_third_floor_stair_manager/truth_flight_b_pitch_rate_trigger_rps: 1.6
 * /second_to_third_floor_stair_manager/truth_flight_b_pitch_rate_window_sec: 0.18
 * /second_to_third_floor_stair_manager/truth_flight_b_pitch_recovery_max_attempts: 2
 * /second_to_third_floor_stair_manager/truth_flight_b_rearward_slip_speed_mps: 0.3
 * /second_to_third_floor_stair_manager/truth_flight_b_recovery_forward_speed_mps: 0.6
 * /second_to_third_floor_stair_manager/truth_flight_b_recovery_hold_seconds: 4.0
 * /second_to_third_floor_stair_manager/truth_flight_b_severe_pitch_detect_seconds: 0.1
 * /second_to_third_floor_stair_manager/truth_flight_b_severe_pitch_rad: 0.8
 * /second_to_third_floor_stair_manager/truth_flight_b_strong_recovery_forward_speed_mps: 0.4
 * /second_to_third_floor_stair_manager/truth_landing_recenter_speed_mps: 0.75
 * /second_to_third_floor_stair_manager/truth_two_stage_guide: True
 * /second_to_third_floor_stair_manager/truth_upper_floor_exit_clearance_m: 0.8
 * /second_to_third_floor_stair_manager/two_flight_stair: True
 * /second_to_third_floor_stair_manager/upper_floor_handoff_complete_phase: THIRD_FLOOR_HANDO...
 * /second_to_third_floor_stair_manager/upper_floor_handoff_timeout_phase: THIRD_FLOOR_HANDO...
 * /second_to_third_floor_stair_manager/upper_floor_reached_phase: THIRD_FLOOR_REACHED
 * /second_to_third_floor_stair_manager/upper_floor_ready_token: THIRD_FLOOR_EXPLO...
 * /second_to_third_floor_stair_manager/upper_floor_settle_phase: THIRD_FLOOR_SETTLE
 * /second_to_third_floor_stair_manager/upper_floor_state_topic: /simenv/third_flo...
 * /second_to_third_floor_stair_manager/upper_landing_clearance_grace_sec: 15.0
 * /second_to_third_floor_stair_manager/wait_for_second_floor_handoff: True
 * /second_to_third_floor_stair_manager/world_frame_ascent: True
 * /simenv/plane_tilt_guard_release_rad: 0.1
 * /simenv/plane_tilt_guard_stop_rad: 0.27
 * /simenv/plane_tilt_guard_warning_rad: 0.14
 * /stair_descent_manager/command_topic: /cmd_vel
 * /stair_descent_manager/descent_maximum_speed_mps: 0.8
 * /stair_descent_manager/descent_segment_timeout_sec: 600.0
 * /stair_descent_manager/descent_speed_mps: 0.8
 * /stair_descent_manager/end_floor_number: 1
 * /stair_descent_manager/mission_trigger_token: THIRD_FLOOR_EXPLO...
 * /stair_descent_manager/mission_trigger_topic: /simenv/third_flo...
 * /stair_descent_manager/odom_topic: /Odometry_gazebo
 * /stair_descent_manager/offline_stair_model_sdf: /tmp/simenv_bridg...
 * /stair_descent_manager/offline_truth_layout_metadata: /tmp/simenv_bridg...
 * /stair_descent_manager/output_dir: /home/quinn/0904/...
 * /stair_descent_manager/policy_switch_fast_fixed_stand: True
 * /stair_descent_manager/policy_switch_fast_fixed_stand_duration_seconds: 0.5
 * /stair_descent_manager/policy_switch_fast_fixed_stand_minimum_elapsed_seconds: 0.5
 * /stair_descent_manager/policy_switch_fast_fixed_stand_minimum_gain_ratio: 0.75
 * /stair_descent_manager/policy_switch_fast_fixed_stand_settle_seconds: 0.0
 * /stair_descent_manager/policy_switch_fast_fixed_stand_stable_seconds: 0.5
 * /stair_descent_manager/policy_switch_fixed_stand_timeout_sec: 12.0
 * /stair_descent_manager/policy_switch_max_joint_velocity_rms: 0.35
 * /stair_descent_manager/policy_switch_queue_hold_seconds: 0.25
 * /stair_descent_manager/policy_switch_reentry_timeout_sec: 20.0
 * /stair_descent_manager/policy_switch_settle_seconds: 0.45
 * /stair_descent_manager/policy_switch_settle_timeout_sec: 6.0
 * /stair_descent_manager/policy_warmup_seconds: 0.75
 * /stair_descent_manager/pre_descent_stand_seconds: 0.25
 * /stair_descent_manager/segment_one_log_basename: third_to_second_f...
 * /stair_descent_manager/segment_two_log_basename: second_to_first_f...
 * /stair_descent_manager/skip_entry_guide: True
 * /stair_descent_manager/stair_policy: /home/quinn/0904/...
 * /stair_descent_manager/start_floor_number: 3
 * /stair_descent_manager/state_topic: /simenv/third_to_...
 * /stair_descent_manager/transition_log_basename: stair_descent.json
 * /stair_descent_manager/truth_descent_backoff_escalation_m: 0.15
 * /stair_descent_manager/truth_descent_east_align_minimum_x_speed_mps: 0.3
 * /stair_descent_manager/truth_descent_east_align_tread_drop_m: 0.05
 * /stair_descent_manager/truth_descent_entry_guide_speed_mps: 1.15
 * /stair_descent_manager/truth_descent_final_landing_max_body_height_m: 1.0
 * /stair_descent_manager/truth_descent_final_landing_max_tilt_rad: 0.45
 * /stair_descent_manager/truth_descent_final_landing_min_body_height_m: 0.2
 * /stair_descent_manager/truth_descent_final_landing_minimum_upright_z: 0.75
 * /stair_descent_manager/truth_descent_final_landing_settle_seconds: 1.0
 * /stair_descent_manager/truth_descent_final_landing_timeout_sec: 20.0
 * /stair_descent_manager/truth_descent_flight_a_end_y: 1.75
 * /stair_descent_manager/truth_descent_flight_center_correction_error_m: 0.22
 * /stair_descent_manager/truth_descent_flight_center_correction_speed_mps: 0.5
 * /stair_descent_manager/truth_descent_flight_center_correction_yaw_rate_rps: 0.2
 * /stair_descent_manager/truth_descent_flight_center_steer_gain: 1.0
 * /stair_descent_manager/truth_descent_flight_center_steer_max_rad: 0.24
 * /stair_descent_manager/truth_descent_flight_end_slowdown_drop_m: 0.95
 * /stair_descent_manager/truth_descent_flight_end_speed_mps: 0.6
 * /stair_descent_manager/truth_descent_flight_heading_correction_error_rad: 0.22
 * /stair_descent_manager/truth_descent_flight_heading_correction_speed_mps: 0.4
 * /stair_descent_manager/truth_descent_flight_heading_correction_yaw_rate_rps: 0.3
 * /stair_descent_manager/truth_descent_flight_heading_gain: 0.55
 * /stair_descent_manager/truth_descent_flight_initial_hold_drop_m: 0.18
 * /stair_descent_manager/truth_descent_flight_initial_ramp_end_drop_m: 0.45
 * /stair_descent_manager/truth_descent_flight_initial_speed_mps: 0.55
 * /stair_descent_manager/truth_descent_flight_max_yaw_rate_rps: 0.14
 * /stair_descent_manager/truth_descent_flight_severe_tilt_hold_sec: 0.8
 * /stair_descent_manager/truth_descent_flight_severe_tilt_rad: 0.6
 * /stair_descent_manager/truth_descent_flight_severe_tilt_speed_mps: 0.3
 * /stair_descent_manager/truth_descent_flight_tilt_hold_sec: 0.6
 * /stair_descent_manager/truth_descent_flight_tilt_slowdown_rad: 0.48
 * /stair_descent_manager/truth_descent_flight_tilt_speed_mps: 0.55
 * /stair_descent_manager/truth_descent_gain_up_drop_m: 0.35
 * /stair_descent_manager/truth_descent_landing_heading_tolerance_rad: 0.18
 * /stair_descent_manager/truth_descent_landing_minimum_x_speed_mps: 0.3
 * /stair_descent_manager/truth_descent_landing_minimum_yaw_rate_rps: 0.34
 * /stair_descent_manager/truth_descent_landing_position_tolerance_m: 0.12
 * /stair_descent_manager/truth_descent_landing_recenter_speed_mps: 0.4
 * /stair_descent_manager/truth_descent_landing_settle_seconds: 1.5
 * /stair_descent_manager/truth_descent_landing_slip_max_attempts: 4
 * /stair_descent_manager/truth_descent_landing_turn_speed_rps: 1.2
 * /stair_descent_manager/truth_descent_max_center_error_m: 0.4
 * /stair_descent_manager/truth_descent_minimum_upright_z: 0.55
 * /stair_descent_manager/truth_descent_segment_turn_alignment_minimum_speed_mps: 0.3
 * /stair_descent_manager/truth_descent_segment_turn_alignment_progress_min_m: 0.025
 * /stair_descent_manager/truth_descent_segment_turn_alignment_progress_timeout_sec: 3.0
 * /stair_descent_manager/truth_descent_segment_turn_drift_limit_m: 0.4
 * /stair_descent_manager/truth_descent_segment_turn_lateral_speed_mps: 0.4
 * /stair_descent_manager/truth_descent_segment_turn_position_tolerance_m: 0.16
 * /stair_descent_manager/truth_descent_segment_turn_progress_min_improvement_rad: 0.11
 * /stair_descent_manager/truth_descent_segment_turn_progress_timeout_sec: 2.8
 * /stair_descent_manager/truth_descent_segment_turn_side_speed_mps: 0.4
 * /stair_descent_manager/truth_descent_segment_turn_x_safe_tolerance_m: 0.25
 * /stair_descent_manager/truth_descent_segment_turn_y_safe_high_m: 1.95
 * /stair_descent_manager/truth_descent_segment_turn_yaw_rate_rps: 1.0
 * /stair_descent_manager/truth_descent_side_slip_pause_sec: 0.5
 * /stair_descent_manager/truth_descent_stall_seconds: 3.0
 * /stair_descent_manager/truth_descent_step_pause_interval_m: 0.18
 * /stair_descent_manager/truth_descent_step_pause_seconds: 0.0
 * /stair_descent_manager/truth_descent_trigger_timeout_sec: 2400.0
 * /stair_descent_manager/truth_descent_turn_forward_speed_mps: 0.08
 * /stair_descent_manager/truth_descent_turn_forward_y_limit_m: 4.82
 * /stair_descent_manager/truth_descent_turn_start_y: 5.05
 * /stair_descent_manager/truth_entry_guide: True
 * /stair_descent_manager/truth_two_stage_guide: True
 * /stair_transition_manager/ascent_maximum_speed_mps: 0.8
 * /stair_transition_manager/ascent_speed_mps: 0.8
 * /stair_transition_manager/ascent_timeout_sec: 70.0
 * /stair_transition_manager/auto_start: False
 * /stair_transition_manager/command_topic: /cmd_vel
 * /stair_transition_manager/enable_truth_return_gate: False
 * /stair_transition_manager/enable_visual_stair_alignment: False
 * /stair_transition_manager/entry_alignment_yaw_rate_rps: 0.4
 * /stair_transition_manager/flight_a_height_gain_m: 1.05
 * /stair_transition_manager/flight_b_timeout_sec: 70.0
 * /stair_transition_manager/hold_rl_during_ascent: True
 * /stair_transition_manager/landing_cross_distance_m: 0.95
 * /stair_transition_manager/landing_cross_speed_mps: 0.75
 * /stair_transition_manager/landing_heading_tolerance_rad: 0.15
 * /stair_transition_manager/landing_timeout_sec: 30.0
 * /stair_transition_manager/landing_turn_angle_rad: -2.4
 * /stair_transition_manager/landing_turn_speed_rps: 1.2
 * /stair_transition_manager/odom_topic: /Odometry_gazebo
 * /stair_transition_manager/offline_stair_model_sdf: /tmp/simenv_bridg...
 * /stair_transition_manager/offline_truth_layout_metadata: /tmp/simenv_bridg...
 * /stair_transition_manager/output_dir: /home/quinn/0904/...
 * /stair_transition_manager/plane_policy: /home/quinn/0904/...
 * /stair_transition_manager/policy_warmup_seconds: 0.2
 * /stair_transition_manager/pre_ascent_rl_fast_blend_seconds: 0.5
 * /stair_transition_manager/pre_ascent_rl_fast_takeover: True
 * /stair_transition_manager/pre_ascent_rl_fast_zero_hold_seconds: 0.15
 * /stair_transition_manager/pre_ascent_rl_settle_seconds: 0.6
 * /stair_transition_manager/pre_ascent_stand_seconds: 0.0
 * /stair_transition_manager/second_floor_handoff_timeout_sec: 90.0
 * /stair_transition_manager/second_floor_stable_seconds: 0.5
 * /stair_transition_manager/stair_policy: /home/quinn/0904/...
 * /stair_transition_manager/total_height_gain_m: 2.2
 * /stair_transition_manager/truth_entry_final_speed_mps: 0.55
 * /stair_transition_manager/truth_entry_guide: True
 * /stair_transition_manager/truth_entry_guide_min_speed_mps: 0.25
 * /stair_transition_manager/truth_entry_guide_speed_mps: 0.45
 * /stair_transition_manager/truth_entry_timeout_sec: 120.0
 * /stair_transition_manager/truth_fixed_two_flight_profile: True
 * /stair_transition_manager/truth_flight_a_backslide_recovery_hold_seconds: 1.5
 * /stair_transition_manager/truth_flight_a_backslide_recovery_max_attempts: 2
 * /stair_transition_manager/truth_flight_a_backslide_recovery_ramp_seconds: 1.0
 * /stair_transition_manager/truth_flight_a_backslide_recovery_ramp_speed_mps: 0.4
 * /stair_transition_manager/truth_flight_a_climb_ramp_seconds: 1.2
 * /stair_transition_manager/truth_flight_a_near_edge_strong_center_error_m: 0.24
 * /stair_transition_manager/truth_flight_a_policy_capture_max_joint_velocity_rms: 0.18
 * /stair_transition_manager/truth_flight_a_policy_fast_fixed_stand: True
 * /stair_transition_manager/truth_flight_a_policy_fast_fixed_stand_duration_seconds: 0.5
 * /stair_transition_manager/truth_flight_a_policy_fast_fixed_stand_minimum_elapsed_seconds: 0.5
 * /stair_transition_manager/truth_flight_a_policy_fast_fixed_stand_minimum_gain_ratio: 0.75
 * /stair_transition_manager/truth_flight_a_policy_fast_fixed_stand_settle_seconds: 0.0
 * /stair_transition_manager/truth_flight_a_policy_fast_fixed_stand_stable_seconds: 0.5
 * /stair_transition_manager/truth_flight_a_policy_fixed_stand_ready_timeout_sec: 12.0
 * /stair_transition_manager/truth_flight_a_policy_require_fixed_stand_ready: True
 * /stair_transition_manager/truth_flight_a_policy_settle_seconds: 0.35
 * /stair_transition_manager/truth_flight_a_policy_settle_timeout_sec: 8.0
 * /stair_transition_manager/truth_flight_a_policy_stand_seconds: 0.1
 * /stair_transition_manager/truth_flight_a_policy_use_default_stand_target: False
 * /stair_transition_manager/truth_flight_a_prediction_horizon_sec: 1.1
 * /stair_transition_manager/truth_flight_a_rearward_slip_max_climb_speed_mps: 0.12
 * /stair_transition_manager/truth_flight_a_rearward_slip_speed_mps: 0.3
 * /stair_transition_manager/truth_flight_a_recovery_center_speed_mps: 0.22
 * /stair_transition_manager/truth_flight_a_recovery_forward_speed_mps: 0.6
 * /stair_transition_manager/truth_flight_a_require_fresh_ready: True
 * /stair_transition_manager/truth_flight_a_stall_release_seconds: 1.5
 * /stair_transition_manager/truth_flight_a_strong_recovery_forward_speed_mps: 0.4
 * /stair_transition_manager/truth_flight_b_max_yaw_rate_rps: 0.1
 * /stair_transition_manager/truth_flight_b_near_edge_strong_center_error_m: 0.24
 * /stair_transition_manager/truth_flight_b_pitch_min_height_gain_m: 0.08
 * /stair_transition_manager/truth_flight_b_pitch_rate_min_abs_rad: 0.6
 * /stair_transition_manager/truth_flight_b_pitch_rate_trigger_rps: 1.6
 * /stair_transition_manager/truth_flight_b_pitch_rate_window_sec: 0.18
 * /stair_transition_manager/truth_flight_b_pitch_recovery_max_attempts: 2
 * /stair_transition_manager/truth_flight_b_rearward_slip_speed_mps: 0.3
 * /stair_transition_manager/truth_flight_b_recovery_forward_speed_mps: 0.6
 * /stair_transition_manager/truth_flight_b_recovery_hold_seconds: 4.0
 * /stair_transition_manager/truth_flight_b_severe_pitch_detect_seconds: 0.1
 * /stair_transition_manager/truth_flight_b_severe_pitch_rad: 0.8
 * /stair_transition_manager/truth_flight_b_strong_recovery_forward_speed_mps: 0.4
 * /stair_transition_manager/truth_landing_recenter_speed_mps: 0.75
 * /stair_transition_manager/truth_two_stage_guide: True
 * /stair_transition_manager/two_flight_stair: True
 * /stair_transition_manager/upper_landing_clearance_grace_sec: 15.0
 * /stair_transition_manager/wait_for_second_floor_handoff: True
 * /stair_transition_manager/world_frame_ascent: True
 * /state_from_gazebo/robot_name: a1
 * /three_floor_rl_mission_supervisor/lobby_heading_stable_sec: 0.3
 * /three_floor_rl_mission_supervisor/lobby_initial_forward_speed_mps: 0.4
 * /three_floor_rl_mission_supervisor/lobby_linear_acceleration_mps2: 1.0
 * /three_floor_rl_mission_supervisor/minimum_upright_duration_sec: 0.6
 * /three_floor_rl_mission_supervisor/minimum_upright_z: 0.55
 * /three_floor_rl_mission_supervisor/mission_config: /tmp/simenv_bridg...
 * /three_floor_rl_mission_supervisor/mission_timeout_sec: 1800.0
 * /three_floor_rl_mission_supervisor/output_dir: /home/quinn/0904/...
 * /three_floor_rl_mission_supervisor/plane_fast_takeover: True
 * /three_floor_rl_mission_supervisor/plane_fast_takeover_blend_seconds: 0.5
 * /three_floor_rl_mission_supervisor/plane_fast_takeover_zero_hold_seconds: 0.15
 * /three_floor_rl_mission_supervisor/plane_motion_start_ramp_initial_speed_mps: 0.3
 * /three_floor_rl_mission_supervisor/plane_motion_start_ramp_minimum_upright_z: 0.985
 * /three_floor_rl_mission_supervisor/plane_motion_start_ramp_seconds: 3.0
 * /three_floor_rl_mission_supervisor/progress_timeout_sec: 20.0
 * /unpause_after_controllers/controller_namespace: /a1_gazebo
 * /unpause_after_controllers/load_window_seconds: 2.0
 * /unpause_after_controllers/timeout: 120
 * /use_sim_time: True
 * /world_file: /tmp/simenv_bridg...

NODES
  /
    building_control (building_generator_classic/building_generator_classic_control)
    closed_loop_controller (scan_planner/closed_loop_controller)
    gazebo (gazebo_ros/gzserver)
    junior_ctrl (simenv_bridge/classic_trotting_controller.py)
    open_mapping_entrance (simenv_competitor/open_mapping_entrance.py)
    rl_floor_command_mux (simenv_bridge/rl_floor_command_mux.py)
    robot_state_publisher (robot_state_publisher/robot_state_publisher)
    scan_planner_node (scan_planner/scan_planner_node)
    scanplanner_plane_rl_bootstrap (simenv_competitor/controller_mode_bootstrap.py)
    scanplanner_pointcloud_bridge (simenv_bridge/scanplanner_pointcloud_bridge.py)
    scanplanner_red_ball_detector (simenv_bridge/danger_detector.py)
    scanplanner_three_floor_goal_sequencer (simenv_bridge/scanplanner_three_floor_goal_sequencer.py)
    second_to_third_floor_stair_manager (simenv_bridge/stair_transition_manager.py)
    stair_descent_manager (simenv_bridge/stair_descent_manager.py)
    stair_transition_manager (simenv_bridge/stair_transition_manager.py)
    state_from_gazebo (unitree_guide/state_from_gazebo)
    three_floor_rl_mission_supervisor (simenv_bridge/three_floor_rl_mission_supervisor.py)
    unpause_after_controllers (simenv_competitor/unpause_after_controllers.py)
    urdf_spawner (gazebo_ros/spawn_model)
  /a1_gazebo/
    controller_spawner (controller_manager/spawner)
[33m[WARN] [1788610123.349050184]: [closed_loop_controller] ready.[0m
hit: 1.7346
miss: -0.847298
min log: -1.99243
max: 3.89182
thresh log: 1.38629
Using junior_ctrl: /home/quinn/0904/SimEnv-master/devel/lib/unitree_guide/junior_ctrl
Waiting for Gazebo A1 joint state and trunk IMU before junior_ctrl
[31m[ERROR] [1788610124.568969826]: GetModelState: model [a1_gazebo] does not exist[0m
[0m[INFO] [1788610123.682136728]: Finished loading Gazebo ROS API Plugin.[0m
[0m[INFO] [1788610123.685408595]: waitForService: Service [/gazebo/set_physics_properties] has not been advertised, waiting...[0m
[0m[INFO] [1788610124.441262921]: waitForService: Service [/gazebo/set_physics_properties] is now available.[0m
[0m[INFO] [1788610124.448979314]: Physics dynamic reconfigure ready.[0m
[0m[INFO] [1788610124.770280601]: <initialOrientationAsReference> is unset, using default value of false to comply with REP 145 (world as orientation reference)[0m
[0m[INFO] [1788610124.770314676]: <robotNamespace> set to: //[0m
[0m[INFO] [1788610124.770321183]: <topicName> set to: trunk_imu[0m
[0m[INFO] [1788610124.770325698]: <frameName> set to: imu_link[0m
[0m[INFO] [1788610124.770342760]: <updateRateHZ> set to: 1000[0m
[0m[INFO] [1788610124.770349657]: <gaussianNoise> set to: 0[0m
[0m[INFO] [1788610124.770365448]: <xyzOffset> set to: 0 0 0[0m
[0m[INFO] [1788610124.770379148]: <rpyOffset> set to: 0 -0 0[0m
[0m[INFO] [1788610124.794149137]: load csv file name:/home/quinn/0904/runtime_assets/SimEnv/src/unitree_guide/unitree_ros/robots/a1_description/scan_mode/mid360_stable.csv[0m
data size:2500
[livox] csv rows=2500
[0m[INFO] [1788610124.795680959]: ros topic name:/scan[0m
[0m[INFO] [1788610124.796579016]: scan info size:2500[0m
[livox] before RayPlugin::Load
[livox] after RayPlugin::Load
[livox] before CreateCollision
[livox] after CreateCollision
[0m[INFO] [1788610124.796967172]: sample:800[0m
[0m[INFO] [1788610124.796974442]: downsample:1[0m
[livox] before rayShape Load/Init samples=800
[livox] after rayShape Init
[INFO] [1788610123.573368, 0.000000]: Waiting to open mapping entrance main_entrance
[INFO] [1788610126.240987, 0.000000]: Mapping entrance ready: door 'main_entrance' set to open
[INFO] [1788610123.669257, 0.000000]: Loading model XML from ros parameter robot_description
[INFO] [1788610123.675189, 0.000000]: Waiting for service /gazebo/spawn_urdf_model
[INFO] [1788610124.583294, 0.000000]: Calling service /gazebo/spawn_urdf_model
[INFO] [1788610126.234640, 0.000000]: Spawn status: SpawnModel: Successfully spawned entity
[INFO] [1788610126.235736, 0.000000]: Waiting for service /gazebo/set_model_configuration
[INFO] [1788610126.237973, 0.000000]: temporary hack to **fix** the -J joint position option (issue #93), sleeping for 1 second to avoid race condition.
[INFO] [1788610127.240823, 0.000000]: Calling service /gazebo/set_model_configuration
[INFO] [1788610127.243776, 0.000000]: Set model configuration status: SetModelConfiguration: success
[INFO] [1788610129.223560, 0.000000]: Gazebo unpaused after 2.0 s paused controller-load window
[INFO] [1788610129.226367, 0.002000]: All 13 A1 controllers reached running state
A1 sensors and 12 joint controllers are ready; starting classic junior_ctrl
[INFO] Realtime scheduler disabled. Set UNITREE_ENABLE_REALTIME=1 to request SCHED_FIFO.
The control interface for ROS Gazebo simulation
robot_name: a1
controller dt: 0.004 s, frequency: 250.000 Hz
classic gait profile=trot period=0.550s stance_ratio=0.650
/home/quinn/0904/runtime_assets/SimEnv/src/unitree_guide/logs/policy_act_inference_plane.pt
cuda::is_available():0
RL inference device: cpu (requested=hybrid, policy=plane)
[INFO] RL policy resident in preload cache: /home/quinn/0904/runtime_assets/SimEnv/src/unitree_guide/logs/policy_act_inference_plane.pt
cuda::is_available():0
RL inference device: cpu (requested=hybrid, policy=plane)
load model is successed!
load model to device!
[INFO] UNITREE_RL_PRELOAD_PLANE_POLICY already cached: /home/quinn/0904/runtime_assets/SimEnv/src/unitree_guide/logs/policy_act_inference_plane.pt
cuda::is_available():0
[WARNING] UNITREE_RL_DEVICE=hybrid selected CUDA for this policy but CUDA is unavailable; using CPU.
RL inference device: cpu (requested=hybrid, policy=stair)
[INFO] RL policy resident in preload cache: /home/quinn/0904/runtime_assets/SimEnv/src/unitree_guide/logs/policy_act_inference_stair.pt
[INFO] UNITREE_RL_PRELOAD_STAIR_POLICY preloaded: /home/quinn/0904/runtime_assets/SimEnv/src/unitree_guide/logs/policy_act_inference_stair.pt
[INFO] RL observation source: trunk IMU and joint states (no ground truth).
[INFO] Autonomous startup: entering fixed stand (hold until /joy RL).
Switched from passive to fixed stand
Warning: TF_REPEATED_DATA ignoring data with redundant timestamp for frame sliding_map (parent world) at time 1.078000 according to authority /scan_planner_node
         at line 277 in /tmp/binarydeb/ros-noetic-tf2-0.7.10/src/buffer_core.cpp
[0m[INFO] [1788610130.887341955, 1.078000000]: [SCANReplanFSM] Set RViz goal height from initial body_pose z: 0.057[0m
[FSM]: state: INIT
wait for goal.
[FSM]: state: INIT
wait for goal.
[FSM]: state: INIT
wait for goal.
[FSM]: state: INIT
wait for goal.
[INFO] Hold-stand released; RL requested.
Switched from fixed stand to RL
[INFO] Entered RL /cmd_vel mode.
[FSM]: state: INIT
wait for goal.
[FSM]: state: INIT
wait for goal.
[FSM]: state: INIT
wait for goal.
[FSM]: state: INIT
wait for goal.
[FSM]: state: INIT
wait for goal.
[FSM]: state: INIT
wait for goal.
[0m[INFO] [1788610137.695994265, 5.456000000]: RL policy input vx=0.000 vy=0.000 wz=0.000 action_rms=0.315 ready=0 userCmd=0 kbd=0 raw=0.000,0.000,0.000 grav=-0.01,0.00,-0.98[0m
[0m[INFO] [1788610140.841600642, 7.472000000]: RL policy input vx=0.000 vy=0.000 wz=0.000 action_rms=0.209 ready=0 userCmd=0 kbd=0 raw=0.000,0.000,0.000 grav=-0.00,0.07,-0.98[0m
[0m[INFO] [1788610143.955642720, 9.478000000]: RL policy input vx=0.000 vy=0.000 wz=0.000 action_rms=0.148 ready=0 userCmd=0 kbd=0 raw=0.000,0.000,0.000 grav=0.00,0.00,-0.98[0m
[0m[INFO] [1788610146.179683638, 10.914000000]: RL locomotion_ready latched after 5.51 s takeover and 5.46 s stable hold[0m
cuda::is_available():0
[WARNING] UNITREE_RL_DEVICE=hybrid selected CUDA for this policy but CUDA is unavailable; using CPU.
RL inference device: cpu (requested=hybrid, policy=stair)
[INFO] RL policy hot-switched from preload cache: /home/quinn/0904/runtime_assets/SimEnv/src/unitree_guide/logs/policy_act_inference_stair.pt
[FSM]: state: INIT
wait for goal.
[FSM]: state: INIT
wait for goal.
[FSM]: state: INIT
wait for goal.
[FSM]: state: INIT
wait for goal.
[FSM]: state: INIT
wait for goal.
[FSM]: state: INIT
wait for goal.
[FSM]: state: INIT
wait for goal.
[FSM]: state: INIT
wait for goal.
[FSM]: state: INIT
wait for goal.
[FSM]: state: INIT
wait for goal.
[FSM]: state: INIT
wait for goal.
[FSM]: state: INIT
wait for goal.
[FSM]: state: INIT
wait for goal.
[FSM]: state: INIT
wait for goal.
[FSM]: state: INIT
wait for goal.
[33m[WARN] [1788610170.354411752, 26.316000000]: Using one-shot plane RL takeover profile: blend 0.50 s, zero hold 0.15 s[0m
[0m[INFO] [1788610147.081454188, 11.496000000]: RL policy input vx=0.000 vy=0.000 wz=0.000 action_rms=0.157 ready=0 userCmd=0 kbd=0 raw=0.000,0.000,0.000 grav=-0.01,0.01,-0.98[0m
[0m[INFO] [1788610150.185288326, 13.498000000]: RL policy input vx=0.000 vy=0.000 wz=0.000 action_rms=0.147 ready=0 userCmd=0 kbd=0 raw=0.000,0.000,0.000 grav=-0.01,0.02,-0.98[0m
[0m[INFO] [1788610153.298877040, 15.506000000]: RL policy input vx=0.000 vy=0.000 wz=0.000 action_rms=0.146 ready=0 userCmd=0 kbd=0 raw=0.000,0.000,0.000 grav=-0.02,0.02,-0.98[0m
[0m[INFO] [1788610154.783024959, 16.452000000]: RL locomotion_ready latched after 5.51 s takeover and 5.25 s stable hold[0m
[0m[INFO] [1788610156.430349428, 17.516000000]: RL policy input vx=0.348 vy=-0.001 wz=0.011 action_rms=0.168 ready=1 userCmd=0 kbd=0 raw=0.348,-0.001,0.011 grav=-0.02,0.02,-0.98[0m
[0m[INFO] [1788610159.612629440, 19.536000000]: RL policy input vx=0.522 vy=-0.004 wz=-0.015 action_rms=0.209 ready=1 userCmd=0 kbd=0 raw=0.522,-0.004,-0.015 grav=-0.01,-0.02,-0.98[0m
[0m[INFO] [1788610162.771410399, 21.552000000]: RL policy input vx=0.414 vy=-0.073 wz=-0.046 action_rms=0.180 ready=1 userCmd=0 kbd=0 raw=0.414,-0.073,-0.046 grav=0.00,0.02,-0.98[0m
[0m[INFO] [1788610165.981862293, 23.568000000]: RL policy input vx=0.420 vy=-0.005 wz=-0.040 action_rms=0.139 ready=1 userCmd=0 kbd=0 raw=0.420,-0.005,-0.040 grav=0.01,0.02,-0.98[0m
[0m[INFO] [1788610169.183138577, 25.584000000]: RL policy input vx=0.420 vy=0.015 wz=-0.034 action_rms=0.164 ready=1 userCmd=0 kbd=0 raw=0.420,0.015,-0.034 grav=0.22,0.05,-0.95[0m
cuda::is_available():0
RL inference device: cpu (requested=hybrid, policy=plane)
[INFO] RL policy hot-switched from preload cache: /home/quinn/0904/runtime_assets/SimEnv/src/unitree_guide/logs/policy_act_inference_plane.pt
[FSM]: state: INIT
wait for goal.
[FSM]: state: INIT
wait for goal.
[FSM]: state: INIT
wait for goal.
[FSM]: state: INIT
wait for goal.
[33m[WARN] [1788610177.847823804, 31.000000000]: Plane tilt guard scaling cmd_vel by 0.99 at tilt 0.142 rad[0m
[FSM]: state: INIT
wait for goal.
[FSM]: state: INIT
wait for goal.
[FSM]: state: INIT
wait for goal.
[FSM]: state: INIT
wait for goal.
[FSM]: state: INIT
wait for goal.
[FSM]: state: INIT
wait for goal.
[FSM]: state: INIT
wait for goal.
[FSM]: state: INIT
wait for goal.
[FSM]: state: INIT
wait for goal.
[FSM]: state: INIT
wait for goal.
[FSM]: state: INIT
wait for goal.
[FSM]: state: INIT
wait for goal.
[FSM]: state: INIT
wait for goal.
[FSM]: state: INIT
wait for goal.
[FSM]: state: INIT
wait for goal.
[FSM]: state: INIT
wait for goal.
[FSM]: state: INIT
wait for goal.
[FSM]: state: INIT
wait for goal.
[FSM]: state: INIT
wait for goal.
[FSM]: state: INIT
wait for goal.
[FSM]: state: INIT
wait for goal.
[FSM]: state: INIT
wait for goal.
[FSM]: state: INIT
wait for goal.
[FSM]: state: INIT
wait for goal.
[FSM]: state: INIT
wait for goal.
[FSM]: state: INIT
wait for goal.
[FSM]: state: INIT
wait for goal.
[FSM]: state: INIT
wait for goal.
[FSM]: state: INIT
wait for goal.
[FSM]: state: INIT
wait for goal.
[FSM]: state: INIT
wait for goal.
[FSM]: state: INIT
wait for goal.
[FSM]: state: INIT
wait for goal.
[FSM]: state: INIT
wait for goal.
[FSM]: state: INIT
wait for goal.
[FSM]: state: INIT
wait for goal.
[FSM]: state: INIT
wait for goal.
[FSM]: state: INIT
wait for goal.
[FSM]: state: INIT
wait for goal.
[0m[INFO] [1788610171.387491393, 26.964000000]: RL locomotion_ready latched after 0.65 s takeover and 0.39 s stable hold[0m
[0m[INFO] [1788610172.384380253, 27.584000000]: RL policy input vx=0.885 vy=-0.061 wz=-0.076 action_rms=0.251 ready=1 userCmd=0 kbd=0 raw=0.885,-0.061,-0.076 grav=-0.03,-0.02,-0.98[0m
[0m[INFO] [1788610175.610257645, 29.598000000]: RL policy input vx=2.250 vy=-0.013 wz=-0.007 action_rms=0.330 ready=1 userCmd=0 kbd=0 raw=2.250,-0.013,-0.007 grav=0.04,0.01,-0.98[0m
[0m[INFO] [1788610178.835338314, 31.614000000]: RL policy input vx=2.250 vy=0.017 wz=0.008 action_rms=0.356 ready=1 userCmd=0 kbd=0 raw=2.250,0.017,0.008 grav=0.03,0.02,-0.98[0m
[0m[INFO] [1788610182.062582869, 33.630000000]: RL policy input vx=2.250 vy=0.046 wz=0.023 action_rms=0.226 ready=1 userCmd=0 kbd=0 raw=2.250,0.046,0.023 grav=-0.01,-0.07,-0.98[0m
[0m[INFO] [1788610185.265490432, 35.648000000]: RL policy input vx=1.343 vy=0.099 wz=0.083 action_rms=0.233 ready=1 userCmd=0 kbd=0 raw=1.343,0.099,0.083 grav=0.03,-0.02,-0.98[0m
[0m[INFO] [1788610188.381769931, 37.654000000]: RL policy input vx=0.000 vy=0.000 wz=0.398 action_rms=0.156 ready=1 userCmd=0 kbd=0 raw=0.000,0.000,0.398 grav=0.02,-0.00,-0.98[0m
[0m[INFO] [1788610191.493842594, 39.670000000]: RL policy input vx=0.450 vy=0.000 wz=0.040 action_rms=0.192 ready=1 userCmd=0 kbd=0 raw=0.450,0.000,0.040 grav=0.00,-0.02,-0.98[0m
[0m[INFO] [1788610194.598993359, 41.670000000]: RL policy input vx=0.450 vy=0.000 wz=-0.016 action_rms=0.243 ready=1 userCmd=0 kbd=0 raw=0.450,0.000,-0.016 grav=0.01,-0.01,-0.98[0m
[0m[INFO] [1788610197.724286044, 43.674000000]: RL policy input vx=0.894 vy=-0.107 wz=-0.131 action_rms=0.179 ready=1 userCmd=0 kbd=0 raw=0.894,-0.107,-0.131 grav=-0.01,-0.04,-0.98[0m
[0m[INFO] [1788610200.845264759, 45.684000000]: RL policy input vx=0.900 vy=-0.012 wz=-0.015 action_rms=0.258 ready=1 userCmd=0 kbd=0 raw=0.900,-0.012,-0.015 grav=0.00,-0.02,-0.98[0m
[0m[INFO] [1788610203.954540508, 47.688000000]: RL policy input vx=0.082 vy=0.000 wz=0.125 action_rms=0.229 ready=1 userCmd=0 kbd=0 raw=0.082,0.000,0.125 grav=0.02,-0.02,-0.98[0m
[0m[INFO] [1788610207.076348591, 49.688000000]: RL policy input vx=0.000 vy=0.000 wz=2.016 action_rms=0.177 ready=1 userCmd=0 kbd=0 raw=0.000,0.000,2.016 grav=0.04,0.01,-0.98[0m
[0m[INFO] [1788610210.248202393, 51.698000000]: RL policy input vx=0.590 vy=-0.550 wz=-0.825 action_rms=0.218 ready=1 userCmd=0 kbd=0 raw=0.590,-0.550,-0.825 grav=-0.04,0.03,-0.98[0m
[0m[INFO] [1788610213.379080194, 53.704000000]: RL policy input vx=0.897 vy=-0.072 wz=-0.088 action_rms=0.294 ready=1 userCmd=0 kbd=0 raw=0.897,-0.072,-0.088 grav=-0.01,-0.05,-0.98[0m
[0m[INFO] [1788610216.523143748, 55.712000000]: RL policy input vx=0.000 vy=0.000 wz=-2.623 action_rms=0.185 ready=1 userCmd=0 kbd=0 raw=0.000,0.000,-2.623 grav=0.01,-0.01,-0.98[0m
[0m[INFO] [1788610219.703352532, 57.730000000]: RL policy input vx=2.029 vy=-0.607 wz=-0.317 action_rms=0.465 ready=1 userCmd=0 kbd=0 raw=2.029,-0.607,-0.317 grav=-0.08,-0.13,-0.97[0m
[0m[INFO] [1788610222.833602805, 59.744000000]: RL policy input vx=0.450 vy=0.000 wz=-0.047 action_rms=0.179 ready=1 userCmd=0 kbd=0 raw=0.450,0.000,-0.047 grav=0.01,-0.02,-0.98[0m
[0m[INFO] [1788610225.976750948, 61.748000000]: RL policy input vx=0.450 vy=0.000 wz=-0.039 action_rms=0.211 ready=1 userCmd=0 kbd=0 raw=0.450,0.000,-0.039 grav=0.01,-0.01,-0.98[0m
[0m[INFO] [1788610229.122357507, 63.756000000]: RL policy input vx=0.414 vy=0.004 wz=0.012 action_rms=0.197 ready=1 userCmd=0 kbd=0 raw=0.414,0.004,0.012 grav=0.02,-0.02,-0.98[0m
[0m[INFO] [1788610232.296353816, 65.774000000]: RL policy input vx=0.450 vy=0.000 wz=-0.009 action_rms=0.274 ready=1 userCmd=0 kbd=0 raw=0.450,0.000,-0.009 grav=0.00,-0.02,-0.98[0m
[0m[INFO] [1788610235.449298298, 67.780000000]: RL policy input vx=0.858 vy=0.273 wz=0.339 action_rms=0.182 ready=1 userCmd=0 kbd=0 raw=0.858,0.273,0.339 grav=-0.01,0.00,-0.98[0m
[0m[INFO] [1788610238.582826789, 69.798000000]: RL policy input vx=0.899 vy=0.032 wz=0.039 action_rms=0.359 ready=1 userCmd=0 kb[FSM]: state: INIT
wait for goal.
[FSM]: state: INIT
wait for goal.
[FSM]: state: INIT
wait for goal.
[FSM]: state: INIT
wait for goal.
[FSM]: state: INIT
wait for goal.
[FSM]: state: INIT
wait for goal.
[FSM]: state: INIT
wait for goal.
[FSM]: state: INIT
wait for goal.
[FSM]: state: INIT
wait for goal.
[FSM]: state: INIT
wait for goal.
[FSM]: state: INIT
wait for goal.
[FSM]: state: INIT
wait for goal.
[FSM]: state: INIT
wait for goal.
[FSM]: state: INIT
wait for goal.
[FSM]: state: INIT
wait for goal.
[33m[WARN] [1788610261.453886081, 84.372000000]: Plane tilt guard scaling cmd_vel by 0.98 at tilt 0.143 rad[0m
[FSM]: state: INIT
wait for goal.
[FSM]: state: INIT
wait for goal.
[FSM]: state: INIT
wait for goal.
[FSM]: state: INIT
wait for goal.
[FSM]: state: INIT
wait for goal.
[FSM]: state: INIT
wait for goal.
[FSM]: state: INIT
wait for goal.
[FSM]: state: INIT
wait for goal.
[FSM]: state: INIT
wait for goal.
[FSM]: state: INIT
wait for goal.
[FSM]: state: INIT
wait for goal.
[FSM]: state: INIT
wait for goal.
[FSM]: state: INIT
wait for goal.
[FSM]: state: INIT
wait for goal.
[FSM]: state: INIT
wait for goal.
[FSM]: state: INIT
wait for goal.
[FSM]: state: INIT
wait for goal.
[FSM]: state: INIT
wait for goal.
[FSM]: state: INIT
wait for goal.
[FSM]: state: INIT
wait for goal.
[FSM]: state: INIT
wait for goal.
[FSM]: state: INIT
wait for goal.
[FSM]: state: INIT
wait for goal.
[FSM]: state: INIT
wait for goal.
[FSM]: state: INIT
wait for goal.
[FSM]: state: INIT
wait for goal.
[FSM]: state: INIT
wait for goal.
[FSM]: state: INIT
wait for goal.
[FSM]: state: INIT
wait for goal.
[FSM]: state: INIT
wait for goal.
[FSM]: state: INIT
wait for goal.
d=0 raw=0.899,0.032,0.039 grav=-0.01,-0.02,-0.98[0m
[0m[INFO] [1788610241.687883803, 71.800000000]: RL policy input vx=0.900 vy=0.005 wz=0.006 action_rms=0.192 ready=1 userCmd=0 kbd=0 raw=0.900,0.005,0.006 grav=-0.00,-0.01,-0.98[0m
[0m[INFO] [1788610244.794256691, 73.800000000]: RL policy input vx=0.000 vy=0.000 wz=-2.507 action_rms=0.339 ready=1 userCmd=0 kbd=0 raw=0.000,0.000,-2.507 grav=0.02,-0.00,-0.98[0m
[0m[INFO] [1788610247.957647208, 75.804000000]: RL policy input vx=0.000 vy=0.000 wz=0.494 action_rms=0.168 ready=1 userCmd=0 kbd=0 raw=0.000,0.000,0.494 grav=0.02,0.03,-0.98[0m
[0m[INFO] [1788610251.103263050, 77.806000000]: RL policy input vx=0.528 vy=0.156 wz=0.317 action_rms=0.272 ready=1 userCmd=0 kbd=0 raw=0.528,0.156,0.317 grav=0.03,0.08,-0.98[0m
[0m[INFO] [1788610254.253859787, 79.812000000]: RL policy input vx=0.296 vy=0.051 wz=0.186 action_rms=0.167 ready=1 userCmd=0 kbd=0 raw=0.296,0.051,0.186 grav=0.02,0.01,-0.98[0m
[0m[INFO] [1788610257.421732157, 81.816000000]: RL policy input vx=0.000 vy=0.000 wz=0.568 action_rms=0.152 ready=1 userCmd=0 kbd=0 raw=0.000,0.000,0.568 grav=0.03,0.01,-0.98[0m
[0m[INFO] [1788610260.576124762, 83.822000000]: RL policy input vx=0.681 vy=0.429 wz=1.541 action_rms=0.295 ready=1 userCmd=0 kbd=0 raw=0.681,0.429,1.541 grav=0.00,-0.01,-0.98[0m
[0m[INFO] [1788610263.768341719, 85.836000000]: RL policy input vx=0.285 vy=-0.092 wz=-0.343 action_rms=0.187 ready=1 userCmd=0 kbd=0 raw=0.285,-0.092,-0.343 grav=0.04,-0.03,-0.98[0m
[0m[INFO] [1788610266.926195428, 87.836000000]: RL policy input vx=0.449 vy=0.000 wz=0.088 action_rms=0.168 ready=1 userCmd=0 kbd=0 raw=0.449,0.000,0.088 grav=0.00,-0.03,-0.98[0m
[0m[INFO] [1788610270.086584844, 89.854000000]: RL policy input vx=0.450 vy=0.000 wz=0.005 action_rms=0.280 ready=1 userCmd=0 kbd=0 raw=0.450,0.000,0.005 grav=0.00,-0.02,-0.98[0m
[0m[INFO] [1788610273.259989511, 91.870000000]: RL policy input vx=0.175 vy=-0.294 wz=-1.137 action_rms=0.332 ready=1 userCmd=0 kbd=0 raw=0.175,-0.294,-1.137 grav=0.02,0.02,-0.98[0m
[0m[INFO] [1788610276.433388652, 93.882000000]: RL policy input vx=2.226 vy=-0.330 wz=-0.162 action_rms=0.375 ready=1 userCmd=0 kbd=0 raw=2.226,-0.330,-0.162 grav=0.01,0.01,-0.98[0m
[0m[INFO] [1788610279.544164635, 95.898000000]: RL policy input vx=2.248 vy=-0.091 wz=-0.044 action_rms=0.349 ready=1 userCmd=0 kbd=0 raw=2.248,-0.091,-0.044 grav=-0.00,-0.01,-0.98[0m
[0m[INFO] [1788610282.638372107, 97.904000000]: RL policy input vx=2.250 vy=0.020 wz=0.010 action_rms=0.281 ready=1 userCmd=0 kbd=0 raw=2.250,0.020,0.010 grav=0.00,-0.04,-0.98[0m
[0m[INFO] [1788610285.747791019, 99.922000000]: RL policy input vx=2.111 vy=0.005 wz=0.003 action_rms=0.275 ready=1 userCmd=0 kbd=0 raw=2.111,0.005,0.003 grav=-0.01,0.01,-0.98[0m
[0m[INFO] [1788610288.834617938, 101.926000000]: RL policy input vx=0.000 vy=0.000 wz=0.549 action_rms=0.166 ready=1 userCmd=0 kbd=0 raw=0.000,0.000,0.549 grav=0.03,0.03,-0.98[0m
[0m[INFO] [1788610291.924459061, 103.926000000]: RL policy input vx=0.449 vy=0.000 wz=0.063 action_rms=0.181 ready=1 userCmd=0 kbd=0 raw=0.449,0.000,0.063 grav=0.01,-0.01,-0.98[0m
[0m[INFO] [1788610295.039357222, 105.932000000]: RL policy input vx=0.450 vy=0.000 wz=-0.005 action_rms=0.246 ready=1 userCmd=0 kbd=0 raw=0.450,0.000,-0.005 grav=0.01,-0.02,-0.98[0m
[0m[INFO] [1788610298.136115141, 107.936000000]: RL policy input vx=0.890 vy=-0.136 wz=-0.167 action_rms=0.358 ready=1 userCmd=0 kbd=0 raw=0.890,-0.136,-0.167 grav=-0.00,-0.05,-0.98[0m
[0m[INFO] [1788610301.235080154, 109.948000000]: RL policy input vx=0.900 vy=-0.010 wz=-0.012 action_rms=0.194 ready=1 userCmd=0 kbd=0 raw=0.900,-0.010,-0.012 grav=-0.01,-0.03,-0.98[0m
[0m[INFO] [1788610304.340449424, 111.960000000]: RL policy input vx=0.360 vy=-0.009 wz=-0.029 action_rms=0.181 ready=1 userCmd=0 kbd=0 raw=0.360,-0.009,-0.029 grav=0.02,-0.02,-0.98[0m
[0m[INFO] [1788610307.473178072, 113.980000000]: RL policy input vx=0.000 vy=0.000 wz=2.900 action_rms=0.366 ready=1 userCmd=0 kbd=0 raw=0.000,0.000,2.900 grav=0.01,0.01,-0.98[0m
[0m[INFO] [1788610310.585[FSM]: state: INIT
wait for goal.
[FSM]: state: INIT
wait for goal.
[FSM]: state: INIT
wait for goal.
[FSM]: state: INIT
wait for goal.
[FSM]: state: INIT
wait for goal.
[FSM]: state: INIT
wait for goal.
[FSM]: state: INIT
wait for goal.
[FSM]: state: INIT
wait for goal.
[FSM]: state: INIT
wait for goal.
[FSM]: state: INIT
wait for goal.
[FSM]: state: INIT
wait for goal.
[FSM]: state: INIT
wait for goal.
[FSM]: state: INIT
wait for goal.
[FSM]: state: INIT
wait for goal.
[FSM]: state: INIT
wait for goal.
[FSM]: state: INIT
wait for goal.
[FSM]: state: INIT
wait for goal.
[FSM]: state: INIT
wait for goal.
[FSM]: state: INIT
wait for goal.
[FSM]: state: INIT
wait for goal.
[FSM]: state: INIT
wait for goal.
[FSM]: state: INIT
wait for goal.
[FSM]: state: INIT
wait for goal.
[FSM]: state: INIT
wait for goal.
[FSM]: state: INIT
wait for goal.
[FSM]: state: INIT
wait for goal.
[FSM]: state: INIT
wait for goal.
[FSM]: state: INIT
wait for goal.
[FSM]: state: INIT
wait for goal.
[FSM]: state: INIT
wait for goal.
[FSM]: state: INIT
wait for goal.
[FSM]: state: INIT
wait for goal.
[FSM]: state: INIT
wait for goal.
[FSM]: state: INIT
wait for goal.
[FSM]: state: INIT
wait for goal.
[FSM]: state: INIT
wait for goal.
[FSM]: state: INIT
wait for goal.
[FSM]: state: INIT
wait for goal.
[FSM]: state: INIT
wait for goal.
[FSM]: state: INIT
wait for goal.
[FSM]: state: INIT
wait for goal.
[FSM]: state: INIT
wait for goal.
[33m[WARN] [1788610375.061448660, 157.286000000]: Plane tilt guard scaling cmd_vel by 1.00 at tilt 0.140 rad[0m
[FSM]: state: INIT
wait for goal.
[FSM]: state: INIT
wait for goal.
[FSM]: state: INIT
wait for goal.
785910, 115.994000000]: RL policy input vx=0.000 vy=0.000 wz=-1.350 action_rms=0.175 ready=1 userCmd=0 kbd=0 raw=0.000,0.000,-1.350 grav=0.01,0.01,-0.98[0m
[0m[INFO] [1788610313.702022823, 118.000000000]: RL policy input vx=0.893 vy=-0.116 wz=-0.142 action_rms=0.264 ready=1 userCmd=0 kbd=0 raw=0.893,-0.116,-0.142 grav=-0.01,-0.04,-0.98[0m
[0m[INFO] [1788610316.839477304, 120.002000000]: RL policy input vx=0.000 vy=0.000 wz=-0.870 action_rms=0.239 ready=1 userCmd=0 kbd=0 raw=0.000,0.000,-0.870 grav=0.03,-0.04,-0.98[0m
[0m[INFO] [1788610320.009549030, 122.010000000]: RL policy input vx=0.874 vy=-0.750 wz=-1.178 action_rms=0.281 ready=1 userCmd=0 kbd=0 raw=0.874,-0.750,-1.178 grav=-0.04,0.04,-0.98[0m
[0m[INFO] [1788610323.120522482, 124.012000000]: RL policy input vx=0.449 vy=0.000 wz=-0.068 action_rms=0.233 ready=1 userCmd=0 kbd=0 raw=0.449,0.000,-0.068 grav=0.02,-0.02,-0.98[0m
[0m[INFO] [1788610326.244889003, 126.018000000]: RL policy input vx=0.450 vy=0.000 wz=-0.034 action_rms=0.159 ready=1 userCmd=0 kbd=0 raw=0.450,0.000,-0.034 grav=0.01,-0.02,-0.98[0m
[0m[INFO] [1788610329.357034275, 128.020000000]: RL policy input vx=1.069 vy=0.045 wz=0.047 action_rms=0.375 ready=1 userCmd=0 kbd=0 raw=1.069,0.045,0.047 grav=-0.03,-0.02,-0.98[0m
[0m[INFO] [1788610332.492771336, 130.036000000]: RL policy input vx=0.450 vy=0.000 wz=0.002 action_rms=0.174 ready=1 userCmd=0 kbd=0 raw=0.450,0.000,0.002 grav=0.01,-0.01,-0.98[0m
[0m[INFO] [1788610335.626177083, 132.036000000]: RL policy input vx=0.450 vy=0.000 wz=-0.028 action_rms=0.240 ready=1 userCmd=0 kbd=0 raw=0.450,0.000,-0.028 grav=0.01,-0.01,-0.98[0m
[0m[INFO] [1788610338.726158045, 134.040000000]: RL policy input vx=1.177 vy=0.474 wz=0.287 action_rms=0.191 ready=1 userCmd=0 kbd=0 raw=1.177,0.474,0.287 grav=-0.01,-0.04,-0.98[0m
[0m[INFO] [1788610341.828251091, 136.050000000]: RL policy input vx=0.860 vy=0.265 wz=0.329 action_rms=0.372 ready=1 userCmd=0 kbd=0 raw=0.860,0.265,0.329 grav=-0.02,0.02,-0.98[0m
[0m[INFO] [1788610344.952198210, 138.070000000]: RL policy input vx=0.899 vy=0.036 wz=0.045 action_rms=0.192 ready=1 userCmd=0 kbd=0 raw=0.899,0.036,0.045 grav=-0.00,-0.01,-0.98[0m
[0m[INFO] [1788610348.080532400, 140.086000000]: RL policy input vx=0.449 vy=-0.004 wz=-0.010 action_rms=0.249 ready=1 userCmd=0 kbd=0 raw=0.449,-0.004,-0.010 grav=0.01,-0.02,-0.98[0m
[0m[INFO] [1788610351.194571846, 142.096000000]: RL policy input vx=0.000 vy=0.000 wz=2.900 action_rms=0.126 ready=1 userCmd=0 kbd=0 raw=0.000,0.000,2.900 grav=0.03,0.00,-0.98[0m
[0m[INFO] [1788610354.286016206, 144.102000000]: RL policy input vx=0.908 vy=0.750 wz=0.760 action_rms=0.191 ready=1 userCmd=0 kbd=0 raw=0.908,0.750,0.760 grav=-0.02,0.02,-0.98[0m
[0m[INFO] [1788610357.398764623, 146.108000000]: RL policy input vx=0.793 vy=0.750 wz=0.834 action_rms=0.416 ready=1 userCmd=0 kbd=0 raw=0.793,0.750,0.834 grav=-0.02,-0.03,-0.98[0m
[0m[INFO] [1788610360.482441925, 148.110000000]: RL policy input vx=0.583 vy=0.274 wz=0.484 action_rms=0.155 ready=1 userCmd=0 kbd=0 raw=0.583,0.274,0.484 grav=0.02,0.10,-0.97[0m
[0m[INFO] [1788610363.615554546, 150.112000000]: RL policy input vx=0.875 vy=0.212 wz=0.262 action_rms=0.233 ready=1 userCmd=0 kbd=0 raw=0.875,0.212,0.262 grav=-0.00,0.06,-0.98[0m
[0m[INFO] [1788610366.882818145, 152.112000000]: RL policy input vx=0.899 vy=0.034 wz=0.042 action_rms=0.199 ready=1 userCmd=0 kbd=0 raw=0.899,0.034,0.042 grav=-0.00,-0.01,-0.98[0m
[0m[INFO] [1788610370.173776921, 154.120000000]: RL policy input vx=0.000 vy=0.000 wz=-2.743 action_rms=0.208 ready=1 userCmd=0 kbd=0 raw=0.000,0.000,-2.743 grav=0.02,0.00,-0.98[0m
[0m[INFO] [1788610373.284691513, 156.134000000]: RL policy input vx=0.737 vy=-0.750 wz=-0.873 action_rms=0.198 ready=1 userCmd=0 kbd=0 raw=0.737,-0.750,-0.873 grav=-0.03,0.00,-0.98[0m
[0m[INFO] [1788610376.379933883, 158.138000000]: RL policy input vx=0.296 vy=-0.046 wz=-0.168 action_rms=0.241 ready=1 userCmd=0 kbd=0 raw=0.296,-0.046,-0.168 grav=0.04,-0.03,-0.98[0m
[0m[INFO] [1788610379.486936181, 160.144000000]: RL policy input vx=0.000 vy=0.000 [FSM]: state: INIT
wait for goal.
[FSM]: state: INIT
wait for goal.
[FSM]: state: INIT
wait for goal.
[FSM]: state: INIT
wait for goal.
[FSM]: state: INIT
wait for goal.
[FSM]: state: INIT
wait for goal.
[FSM]: state: INIT
wait for goal.
[FSM]: state: INIT
wait for goal.
[FSM]: state: INIT
wait for goal.
[FSM]: state: INIT
wait for goal.
[FSM]: state: INIT
wait for goal.
[FSM]: state: INIT
wait for goal.
[FSM]: state: INIT
wait for goal.
[FSM]: state: INIT
wait for goal.
[FSM]: state: INIT
wait for goal.
[FSM]: state: INIT
wait for goal.
[FSM]: state: INIT
wait for goal.
[FSM]: state: INIT
wait for goal.
[FSM]: state: INIT
wait for goal.
[FSM]: state: INIT
wait for goal.
[FSM]: state: INIT
wait for goal.
[FSM]: state: INIT
wait for goal.
[FSM]: state: INIT
wait for goal.
[FSM]: state: INIT
wait for goal.
[FSM]: state: INIT
wait for goal.
[FSM]: state: INIT
wait for goal.
[FSM]: state: INIT
wait for goal.
[FSM]: state: INIT
wait for goal.
[FSM]: state: INIT
wait for goal.
[FSM]: state: INIT
wait for goal.
[FSM]: state: INIT
wait for goal.
[FSM]: state: INIT
wait for goal.
[FSM]: state: INIT
wait for goal.
wz=-0.450 action_rms=0.229 ready=1 userCmd=0 kbd=0 raw=0.000,0.000,-0.450 grav=0.03,-0.01,-0.98[0m
[0m[INFO] [1788610382.604407121, 162.160000000]: RL policy input vx=0.000 vy=0.000 wz=-0.231 action_rms=0.203 ready=1 userCmd=0 kbd=0 raw=0.000,0.000,-0.231 grav=-0.00,0.00,-0.98[0m
[0m[INFO] [1788610385.692882825, 164.162000000]: RL policy input vx=0.449 vy=0.000 wz=-0.076 action_rms=0.163 ready=1 userCmd=0 kbd=0 raw=0.449,0.000,-0.076 grav=0.01,-0.02,-0.98[0m
[0m[INFO] [1788610388.801865441, 166.168000000]: RL policy input vx=0.638 vy=0.024 wz=0.030 action_rms=0.247 ready=1 userCmd=0 kbd=0 raw=0.638,0.024,0.030 grav=0.01,-0.01,-0.98[0m
[0m[INFO] [1788610391.917658058, 168.174000000]: RL policy input vx=1.887 vy=0.750 wz=0.411 action_rms=0.391 ready=1 userCmd=0 kbd=0 raw=1.887,0.750,0.411 grav=-0.03,0.04,-0.98[0m
[0m[INFO] [1788610395.108772290, 170.194000000]: RL policy input vx=2.248 vy=0.084 wz=0.041 action_rms=0.339 ready=1 userCmd=0 kbd=0 raw=2.248,0.084,0.041 grav=0.03,0.04,-0.98[0m
[0m[INFO] [1788610398.270158622, 172.194000000]: RL policy input vx=2.249 vy=-0.051 wz=-0.025 action_rms=0.256 ready=1 userCmd=0 kbd=0 raw=2.249,-0.051,-0.025 grav=0.01,0.00,-0.98[0m
[0m[INFO] [1788610401.431207781, 174.206000000]: RL policy input vx=2.249 vy=0.048 wz=0.024 action_rms=0.374 ready=1 userCmd=0 kbd=0 raw=2.249,0.048,0.024 grav=-0.02,-0.11,-0.97[0m
[0m[INFO] [1788610404.579078675, 176.208000000]: RL policy input vx=2.250 vy=0.022 wz=0.011 action_rms=0.326 ready=1 userCmd=0 kbd=0 raw=2.250,0.022,0.011 grav=0.02,0.03,-0.98[0m
[0m[INFO] [1788610407.746478350, 178.218000000]: RL policy input vx=2.246 vy=0.129 wz=0.063 action_rms=0.297 ready=1 userCmd=0 kbd=0 raw=2.246,0.129,0.063 grav=-0.01,-0.06,-0.98[0m
[0m[INFO] [1788610410.875609426, 180.218000000]: RL policy input vx=1.823 vy=-0.314 wz=-0.188 action_rms=0.232 ready=1 userCmd=0 kbd=0 raw=1.823,-0.314,-0.188 grav=-0.03,-0.08,-0.98[0m
[0m[INFO] [1788610414.028532774, 182.220000000]: RL policy input vx=1.850 vy=0.007 wz=0.004 action_rms=0.313 ready=1 userCmd=0 kbd=0 raw=1.850,0.007,0.004 grav=-0.03,-0.08,-0.98[0m
[0m[INFO] [1788610417.133902097, 184.222000000]: RL policy input vx=1.366 vy=0.135 wz=0.109 action_rms=0.157 ready=1 userCmd=0 kbd=0 raw=1.366,0.135,0.109 grav=-0.01,-0.09,-0.98[0m
[0m[INFO] [1788610420.256637247, 186.236000000]: RL policy input vx=0.000 vy=0.000 wz=-0.405 action_rms=0.145 ready=1 userCmd=0 kbd=0 raw=0.000,0.000,-0.405 grav=0.00,0.01,-0.98[0m
[0m[INFO] [1788610423.343462478, 188.236000000]: RL policy input vx=1.430 vy=0.000 wz=-0.007 action_rms=0.295 ready=1 userCmd=0 kbd=0 raw=1.430,0.000,-0.007 grav=-0.04,0.09,-0.98[0m
[0m[INFO] [1788610426.432577822, 190.238000000]: RL policy input vx=0.000 vy=0.000 wz=-1.000 action_rms=0.131 ready=1 userCmd=0 kbd=0 raw=0.000,0.000,-1.000 grav=0.04,-0.03,-0.98[0m
[0m[INFO] [1788610429.571416164, 192.254000000]: RL policy input vx=0.000 vy=0.000 wz=-0.220 action_rms=0.144 ready=1 userCmd=0 kbd=0 raw=0.000,0.000,-0.220 grav=0.01,-0.00,-0.98[0m
Switched from RL to fixed stand
infer_thread退出!
[33m[WARN] [1788610432.069253810, 193.868000000]: Using one-shot captured-pose FixedStand profile: ramp 0.50 s, settle 0.00 s, ready after 0.50 s + 0.50 s stable, minimum gain 0.75[0m
[INFO] Using /stand_target_joints param stance.
[FSM]: state: INIT
wait for goal.
Switched from fixed stand to RL
[INFO] Entered RL /cmd_vel mode.
[33m[WARN] [1788610433.358214889, 194.694000000]: Using one-shot stair RL takeover profile: blend 0.50 s, zero hold 0.15 s[0m
cuda::is_available():0
[WARNING] UNITREE_RL_DEVICE=hybrid selected CUDA for this policy but CUDA is unavailable; using CPU.
RL inference device: cpu (requested=hybrid, policy=stair)
[INFO] RL policy activated from preload cache at FixedStand entry boundary: /home/quinn/0904/runtime_assets/SimEnv/src/unitree_guide/logs/policy_act_inference_stair.pt
[FSM]: state: INIT
wait for goal.
[FSM]: state: INIT
wait for goal.
[FSM]: state: INIT
wait for goal.
[FSM]: state: INIT
wait for goal.
[FSM]: state: INIT
wait for goal.
[FSM]: state: INIT
wait for goal.
[FSM]: state: INIT
wait for goal.
[FSM]: state: INIT
wait for goal.
[FSM]: state: INIT
wait for goal.
[FSM]: state: INIT
wait for goal.
[FSM]: state: INIT
wait for goal.
[FSM]: state: INIT
wait for goal.
[FSM]: state: INIT
wait for goal.
[FSM]: state: INIT
wait for goal.
[FSM]: state: INIT
wait for goal.
[FSM]: state: INIT
wait for goal.
[FSM]: state: INIT
wait for goal.
[FSM]: state: INIT
wait for goal.
[FSM]: state: INIT
wait for goal.
[FSM]: state: INIT
wait for goal.
[FSM]: state: INIT
wait for goal.
[FSM]: state: INIT
wait for goal.
[FSM]: state: INIT
wait for goal.
[33m[WARN] [1788610468.762704932, 217.502000000]: Using one-shot plane RL takeover profile: blend 0.50 s, zero hold 0.15 s[0m
[0m[INFO] [1788610433.360267751, 194.696000000]: RL policy input vx=0.000 vy=0.000 wz=0.000 action_rms=0.202 ready=0 userCmd=0 kbd=0 raw=0.000,0.000,0.000 grav=0.00,0.01,-0.98[0m
[0m[INFO] [1788610434.384504465, 195.354000000]: RL locomotion_ready latched after 0.66 s takeover and 0.66 s stable hold[0m
[0m[INFO] [1788610436.488645512, 196.706000000]: RL policy input vx=0.798 vy=-0.054 wz=-0.014 action_rms=0.222 ready=1 userCmd=0 kbd=0 raw=0.798,-0.054,-0.014 grav=-0.23,-0.12,-0.95[0m
[0m[INFO] [1788610439.605587856, 198.726000000]: RL policy input vx=0.573 vy=0.282 wz=0.037 action_rms=0.379 ready=1 userCmd=0 kbd=0 raw=0.573,0.282,0.037 grav=-0.45,0.04,-0.87[0m
[0m[INFO] [1788610442.716149565, 200.730000000]: RL policy input vx=0.792 vy=0.115 wz=0.051 action_rms=0.373 ready=1 userCmd=0 kbd=0 raw=0.792,0.115,0.051 grav=-0.38,0.03,-0.90[0m
[0m[INFO] [1788610445.832444748, 202.742000000]: RL policy input vx=0.058 vy=-0.748 wz=-1.200 action_rms=0.169 ready=1 userCmd=8 kbd=0 raw=0.058,-0.748,-1.200 grav=-0.08,-0.03,-0.98[0m
[0m[INFO] [1788610448.939217113, 204.748000000]: RL policy input vx=0.411 vy=-0.081 wz=-0.240 action_rms=0.138 ready=1 userCmd=0 kbd=0 raw=0.411,-0.081,-0.240 grav=0.02,-0.02,-0.98[0m
[0m[INFO] [1788610452.040064747, 206.754000000]: RL policy input vx=0.000 vy=0.000 wz=-0.802 action_rms=0.166 ready=1 userCmd=0 kbd=0 raw=0.000,0.000,-0.802 grav=-0.01,-0.00,-0.98[0m
[0m[INFO] [1788610455.152254329, 208.768000000]: RL policy input vx=0.000 vy=0.000 wz=-0.240 action_rms=0.168 ready=1 userCmd=0 kbd=0 raw=0.000,0.000,-0.240 grav=-0.03,0.02,-0.98[0m
[0m[INFO] [1788610458.283895725, 210.772000000]: RL policy input vx=0.786 vy=-0.150 wz=-0.066 action_rms=0.548 ready=1 userCmd=0 kbd=0 raw=0.786,-0.150,-0.066 grav=-0.05,-0.11,-0.97[0m
[0m[INFO] [1788610461.385960921, 212.778000000]: RL policy input vx=0.798 vy=0.059 wz=0.026 action_rms=0.455 ready=1 userCmd=0 kbd=0 raw=0.798,0.059,0.026 grav=-0.37,-0.04,-0.91[0m
[0m[INFO] [1788610464.496566813, 214.788000000]: RL policy input vx=0.605 vy=-0.183 wz=0.010 action_rms=0.466 ready=1 userCmd=0 kbd=0 raw=0.605,-0.183,0.010 grav=-0.48,0.00,-0.86[0m
[0m[INFO] [1788610467.644553177, 216.792000000]: RL policy input vx=0.611 vy=-0.163 wz=0.021 action_rms=0.271 ready=1 userCmd=0 kbd=0 raw=0.611,-0.163,0.021 grav=-0.23,0.08,-0.95[0m
cuda::is_available():0
RL inference device: cpu (requested=hybrid, policy=plane)
[INFO] RL policy hot-switched from preload cache: /home/quinn/0904/runtime_assets/SimEnv/src/unitree_guide/logs/policy_act_inference_plane.pt
[FSM]: state: INIT
wait for goal.
[INFO] [1788610430.759062, 193.020000]: Robot is already 0.04 m from the pre-riser pose; skipping the corridor/side legs.
[INFO] [1788610430.762407, 193.020000]: Pre-ascent residual heading error -0.110 rad (visual_depth=False, bearing=none).
[INFO] [1788610431.655887, 193.600000]: Pre-ascent stand target set from flight-A pre-reload capture entry sample
[INFO] [1788610431.659046, 193.602000]: Flight-A plane gait settled at joint RMS 0.084; holding FixedStand for at least 0.1 s at snapshot pose before queued stair-policy entry.
[INFO] [1788610433.089335, 194.522000]: Flight-A FixedStand readiness gate complete; queued the stair policy for State_RL entry and retaining stand ownership for 0.25 s.
[INFO] [1788610433.347023, 194.686000]: Flight-A policy request has been queued under FixedStand; requesting RL so State_RL loads it before inference starts.
[INFO] [1788610434.395340, 195.360000]: Fresh RL readiness confirmed after the flight-A FixedStand boundary; starting the climb ramp.
[INFO] [1788610434.424122, 195.380000]: Flight-A fresh RL readiness observed; ascent clocks reset and 1.2 s climb ramp started.
[INFO] [1788610434.428584, 195.382000]: STPUB phase=STAIR_ASCENT world=(0.022,0.002,-0.033) body=(0.000,-0.023,-0.033) truth_z=0.312 pose=0.312351736665025
[INFO] [1788610436.015002, 196.400000]: STPUB phase=STAIR_ASCENT world=(0.028,0.800,-0.021) body=(0.797,-0.075,-0.021) truth_z=0.335 pose=0.3354198757802849
[INFO] [1788610437.589584, 197.420000]: STPUB phase=STAIR_ASCENT world=(0.032,0.800,0.016) body=(0.801,0.004,0.016) truth_z=0.496 pose=0.4955099651077827
[INFO] [1788610439.163795, 198.440000]: STPUB phase=STAIR_ASCENT world=(0.220,0.600,0.038) body=(0.620,-0.154,0.038) truth_z=0.730 pose=0.7296667385627775
[INFO] [1788610440.743836, 199.460000]: STPUB phase=STAIR_ASCENT world=(-0.220,0.600,0.048) body=(0.564,0.301,0.048) truth_z=0.915 pose=0.9153602320587322
[INFO] [1788610442.326500, 200.480000]: STPUB phase=STAIR_ASCENT world=(0.000,0.800,0.059) body=(0.789,0.135,0.059) truth_z=1.122 pose=1.121791206382784
[INFO] [1788610443.903377, 201.500000]: STPUB phase=STAIR_ASCENT world=(0.000,0.800,0.018) body=(0.799,0.040,0.018) truth_z=1.335 pose=1.335494552379135
[INFO] [1788610445.483995, 202.520000]: STPUB phase=STAIR_ASCENT world=(0.220,0.600,0.030) body=(0.617,-0.168,0.030) truth_z=1.588 pose=1.587533686211134
[INFO] [1788610445.639760, 202.620000]: Intermediate landing entered at y=4.76 m; starting moving turn.
[INFO] [1788610447.072303, 203.540000]: STPUB phase=STAIR_LANDING_TURN world=(0.750,0.000,-0.740) body=(0.587,-0.467,-0.740) truth_z=1.611 pose=1.611358046982177
[INFO] [1788610448.646832, 204.560000]: STPUB phase=STAIR_LANDING_TURN world=(0.501,0.000,-0.256) body=(0.487,-0.116,-0.256) truth_z=1.615 pose=1.6148029586779429
[INFO] [1788610450.218086, 205.580000]: STPUB phase=STAIR_LANDING_TURN world=(0.300,0.000,-0.102) body=(0.299,-0.028,-0.102) truth_z=1.617 pose=1.6165606672713153
[INFO] [1788610451.797954, 206.600000]: STPUB phase=STAIR_LANDING_TURN world=(0.000,0.000,-0.941) body=(0.000,0.000,-0.941) truth_z=1.624 pose=1.6240035800529438
[INFO] [1788610453.373958, 207.620000]: STPUB phase=STAIR_LANDING_TURN world=(0.000,0.000,-0.372) body=(0.000,0.000,-0.372) truth_z=1.622 pose=1.6224606081071045
[INFO] [1788610454.955449, 208.640000]: STPUB phase=STAIR_LANDING_TURN world=(0.000,0.000,-0.240) body=(0.000,0.000,-0.240) truth_z=1.632 pose=1.631741439322655
[INFO] [1788610456.538762, 209.660000]: STPUB phase=STAIR_LANDING_TURN world=(0.000,0.000,-0.240) body=(0.000,0.000,-0.240) truth_z=1.637 pose=1.6372105841344406
[INFO] [1788610457.232288, 210.100000]: Flight-B entry aligned: x error=-0.015 m, heading error=-0.150 rad.
[INFO] [1788610457.233748, 210.100000]: Flight-B entry joints saved (12 dofs) -> /home/quinn/0904/results/official_gui_rtf065_s20260821_20260905_200801/flight_b_entry_joints_0.json
[INFO] [1788610457.264062, 210.120000]: ASCENT_B gate: entry_guide=True truth_pose=True start_z=0.312 profile=True heading=-1.571 pose_z=1.6382335496408291 truth_z=1.6382335496408291
[INFO] [1788610457.267735, 210.122000]: Pre-ascent RL settle: holding zero command until motion is stable for 0.6 s before FixedStand.
[INFO] [1788610457.271288, 210.124000]: Pre-ascent RL settle active: stable 0.00/0.60 s.
[INFO] [1788610457.896749, 210.520000]: Pre-ascent RL motion settled for 0.63 s; settle-only gate complete (FixedStand disabled).
[INFO] [1788610458.142551, 210.680000]: STPUB phase=STAIR_ASCENT_B world=(0.000,-0.800,-0.071) body=(0.784,-0.161,-0.071) truth_z=1.645 pose=1.644767775224778
[INFO] [1788610458.854976, 211.140000]: ASCENT_B gate: entry_guide=True truth_pose=True start_z=0.312 profile=True heading=-1.571 pose_z=1.6508982255306626 truth_z=1.6508982255306626
[INFO] [1788610459.723590, 211.700000]: STPUB phase=STAIR_ASCENT_B world=(-0.036,-0.800,-0.031) body=(0.794,-0.107,-0.031) truth_z=1.765 pose=1.7648131445339752
[INFO] [1788610460.429298, 212.160000]: ASCENT_B gate: entry_guide=True truth_pose=True start_z=0.312 profile=True heading=-1.571 pose_z=1.8789895912481929 truth_z=1.8789895912481929
[INFO] [1788610461.296142, 212.720000]: STPUB phase=STAIR_ASCENT_B world=(0.000,-0.800,0.025) body=(0.798,0.057,0.025) truth_z=1.994 pose=1.993831289714634
[INFO] [1788610462.012238, 213.180000]: ASCENT_B gate: entry_guide=True truth_pose=True start_z=0.312 profile=True heading=-1.571 pose_z=2.0907492631572966 truth_z=2.0907492631572966
[INFO] [1788610462.878201, 213.740000]: STPUB phase=STAIR_ASCENT_B world=(0.000,-0.800,0.029) body=(0.797,0.067,0.029) truth_z=2.204 pose=2.203762833934584
[INFO] [1788610463.587924, 214.200000]: ASCENT_B gate: entry_guide=True truth_pose=True start_z=0.312 profile=True heading=-1.571 pose_z=2.302165959291742 truth_z=2.302165959291742
[INFO] [1788610464.452306, 214.760000]: STPUB phase=STAIR_ASCENT_B world=(-0.200,-0.600,0.010) body=(0.605,-0.183,0.010) truth_z=2.409 pose=2.4088007968426286
[INFO] [1788610465.178360, 215.220000]: ASCENT_B gate: entry_guide=True truth_pose=True start_z=0.312 profile=True heading=-1.571 pose_z=2.5188369425191888 truth_z=2.5188369425191888
[INFO] [1788610466.050774, 215.780000]: STPUB phase=STAIR_ASCENT_B world=(0.200,-0.600,0.018) body=(0.589,0.230,0.018) truth_z=2.688 pose=2.688197801043039
[INFO] [1788610466.774128, 216.240000]: ASCENT_B gate: entry_guide=True truth_pose=True start_z=0.312 profile=True heading=-1.571 pose_z=2.8236063036837806 truth_z=2.8236063036837806
[INFO] [1788610467.657314, 216.800000]: STPUB phase=STAIR_ASCENT_B world=(-0.200,-0.600,0.020) body=(0.610,-0.165,0.020) truth_z=2.896 pose=2.8959253090923607
[INFO] [1788610468.157555, 217.120000]: Upper landing entered: gain=2.59 m, clearance=0.00 m; stabilizing for 0.5 s.
[INFO] [1788610468.664867, 217.440000]: Floor-2 landing confirmed after two flights: gain=2.60 m clearance=0.12 m.
[INFO] [1788610469.861583, 218.204000]: Plane policy acknowledged on the upper landing; releasing stair controller ownership.
[FSM]: state: INIT
wait for goal.
[FSM]: state: INIT
wait for goal.
[FSM]: state: INIT
wait for goal.
[FSM]: state: INIT
wait for goal.
[FSM]: state: INIT
wait for goal.
[FSM]: state: INIT
wait for goal.
[FSM]: state: INIT
wait for goal.
[FSM]: state: INIT
wait for goal.
[FSM]: state: INIT
wait for goal.
[FSM]: state: INIT
wait for goal.
[FSM]: state: INIT
wait for goal.
[FSM]: state: INIT
wait for goal.
[FSM]: state: INIT
wait for goal.
[FSM]: state: INIT
wait for goal.
[FSM]: state: INIT
wait for goal.
[FSM]: state: INIT
wait for goal.
[FSM]: state: INIT
wait for goal.
[FSM]: state: INIT
wait for goal.
[FSM]: state: INIT
wait for goal.
[FSM]: state: INIT
wait for goal.
[FSM]: state: INIT
wait for goal.
[FSM]: state: INIT
wait for goal.
[FSM]: state: INIT
wait for goal.
[FSM]: state: INIT
wait for goal.
[FSM]: state: INIT
wait for goal.
[FSM]: state: INIT
wait for goal.
[FSM]: state: INIT
wait for goal.
[FSM]: state: INIT
wait for goal.
[FSM]: state: INIT
wait for goal.
[FSM]: state: INIT
wait for goal.
[FSM]: state: INIT
wait for goal.
[FSM]: state: INIT
wait for goal.
[FSM]: state: INIT
wait for goal.
[FSM]: state: INIT
wait for goal.
[FSM]: state: INIT
wait for goal.
[FSM]: state: INIT
wait for goal.
[33m[WARN] [1788610525.922004356, 254.060000000]: Plane tilt guard scaling cmd_vel by 0.95 at tilt 0.147 rad[0m
[FSM]: state: INIT
wait for goal.
[FSM]: state: INIT
wait for goal.
[FSM]: state: INIT
wait for goal.
[FSM]: state: INIT
wait for goal.
[FSM]: state: INIT
wait for goal.
[FSM]: state: INIT
wait for goal.
[0m[INFO] [1788610469.783645588, 218.154000000]: RL locomotion_ready latched after 0.65 s takeover and 0.39 s stable hold[0m
[0m[INFO] [1788610470.788897809, 218.796000000]: RL policy input vx=0.000 vy=0.000 wz=1.011 action_rms=0.163 ready=1 userCmd=0 kbd=0 raw=0.000,0.000,1.011 grav=-0.02,-0.00,-0.98[0m
[0m[INFO] [1788610473.944909321, 220.812000000]: RL policy input vx=0.000 vy=0.000 wz=0.203 action_rms=0.166 ready=1 userCmd=0 kbd=0 raw=0.000,0.000,0.203 grav=0.01,-0.02,-0.98[0m
[0m[INFO] [1788610477.085637110, 222.818000000]: RL policy input vx=0.000 vy=0.000 wz=1.150 action_rms=0.246 ready=1 userCmd=0 kbd=0 raw=0.000,0.000,1.150 grav=0.04,-0.02,-0.98[0m
[0m[INFO] [1788610480.209827726, 224.824000000]: RL policy input vx=0.224 vy=0.000 wz=0.167 action_rms=0.164 ready=1 userCmd=0 kbd=0 raw=0.224,0.000,0.167 grav=0.01,-0.00,-0.98[0m
[0m[INFO] [1788610483.367507425, 226.844000000]: RL policy input vx=2.246 vy=0.000 wz=0.062 action_rms=0.341 ready=1 userCmd=0 kbd=0 raw=2.246,0.000,0.062 grav=0.04,0.03,-0.98[0m
[0m[INFO] [1788610486.510250592, 228.844000000]: RL policy input vx=2.250 vy=0.000 wz=0.002 action_rms=0.324 ready=1 userCmd=0 kbd=0 raw=2.250,0.000,0.002 grav=0.01,-0.01,-0.98[0m
[0m[INFO] [1788610489.618831437, 230.846000000]: RL policy input vx=2.250 vy=0.000 wz=0.021 action_rms=0.231 ready=1 userCmd=0 kbd=0 raw=2.250,0.000,0.021 grav=-0.01,-0.07,-0.98[0m
[0m[INFO] [1788610492.783409581, 232.866000000]: RL policy input vx=0.564 vy=0.745 wz=1.015 action_rms=0.232 ready=1 userCmd=0 kbd=0 raw=0.564,0.745,1.015 grav=0.06,-0.10,-0.97[0m
[0m[INFO] [1788610495.936666421, 234.886000000]: RL policy input vx=0.000 vy=0.000 wz=0.188 action_rms=0.142 ready=1 userCmd=0 kbd=0 raw=0.000,0.000,0.188 grav=0.02,-0.01,-0.98[0m
[0m[INFO] [1788610499.076796501, 236.888000000]: RL policy input vx=0.450 vy=0.000 wz=0.020 action_rms=0.296 ready=1 userCmd=0 kbd=0 raw=0.450,0.000,0.020 grav=-0.00,-0.02,-0.98[0m
[0m[INFO] [1788610502.199577846, 238.888000000]: RL policy input vx=0.889 vy=-0.143 wz=-0.175 action_rms=0.185 ready=1 userCmd=0 kbd=0 raw=0.889,-0.143,-0.175 grav=-0.01,0.01,-0.98[0m
[0m[INFO] [1788610505.353215675, 240.902000000]: RL policy input vx=0.900 vy=-0.015 wz=-0.019 action_rms=0.173 ready=1 userCmd=0 kbd=0 raw=0.900,-0.015,-0.019 grav=-0.00,-0.02,-0.98[0m
[0m[INFO] [1788610508.486666146, 242.904000000]: RL policy input vx=0.887 vy=0.001 wz=0.001 action_rms=0.355 ready=1 userCmd=0 kbd=0 raw=0.887,0.001,0.001 grav=-0.02,-0.03,-0.98[0m
[0m[INFO] [1788610511.643016221, 244.924000000]: RL policy input vx=0.000 vy=0.000 wz=2.900 action_rms=0.489 ready=1 userCmd=0 kbd=0 raw=0.000,0.000,2.900 grav=0.00,0.02,-0.98[0m
[0m[INFO] [1788610514.771645584, 246.940000000]: RL policy input vx=0.000 vy=0.000 wz=-1.500 action_rms=0.185 ready=1 userCmd=0 kbd=0 raw=0.000,0.000,-1.500 grav=-0.00,-0.01,-0.98[0m
[0m[INFO] [1788610517.883266216, 248.950000000]: RL policy input vx=0.868 vy=-0.238 wz=-0.294 action_rms=0.173 ready=1 userCmd=0 kbd=0 raw=0.868,-0.238,-0.294 grav=-0.02,-0.06,-0.98[0m
[0m[INFO] [1788610521.046938444, 250.968000000]: RL policy input vx=0.495 vy=-0.028 wz=-0.063 action_rms=0.126 ready=1 userCmd=0 kbd=0 raw=0.495,-0.028,-0.063 grav=0.02,-0.03,-0.98[0m
[0m[INFO] [1788610524.212751731, 252.972000000]: RL policy input vx=0.000 vy=0.000 wz=-2.900 action_rms=0.184 ready=1 userCmd=0 kbd=0 raw=0.000,0.000,-2.900 grav=-0.00,0.01,-0.98[0m
[0m[INFO] [1788610527.350597920, 254.976000000]: RL policy input vx=1.051 vy=0.370 wz=0.372 action_rms=0.359 ready=1 userCmd=0 kbd=0 raw=1.051,0.370,0.372 grav=0.04,-0.07,-0.98[0m
[0m[INFO] [1788610530.505493123, 256.996000000]: RL policy input vx=0.000 vy=0.000 wz=-0.450 action_rms=0.149 ready=1 userCmd=0 kbd=0 raw=0.000,0.000,-0.450 grav=0.01,-0.01,-0.98[0m
[0m[INFO] [1788610533.641560118, 259.010000000]: RL policy input vx=0.446 vy=0.000 wz=-0.152 action_rms=0.245 ready=1 userCmd=0 kbd=0 raw=0.446,0.000,-0.152 grav=-0.04,0.03,-0.98[0m
[0m[INFO] [1788610536.763496930, 261.024000000]: RL policy input vx=0.449 vy=0.000 wz=-0.061 action_rms=0.201 ready=1[FSM]: state: INIT
wait for goal.
[FSM]: state: INIT
wait for goal.
[FSM]: state: INIT
wait for goal.
[FSM]: state: INIT
wait for goal.
[FSM]: state: INIT
wait for goal.
[FSM]: state: INIT
wait for goal.
[FSM]: state: INIT
wait for goal.
[FSM]: state: INIT
wait for goal.
[FSM]: state: INIT
wait for goal.
[FSM]: state: INIT
wait for goal.
[FSM]: state: INIT
wait for goal.
[FSM]: state: INIT
wait for goal.
[FSM]: state: INIT
wait for goal.
[FSM]: state: INIT
wait for goal.
[FSM]: state: INIT
wait for goal.
[INFO] [1788610123.722841, 0.000000]: danger_detector: loaded 12 room boundaries; scan margin=0.50 m
[INFO] [1788610129.406684, 0.118000]: danger_detector: first rendered RGB frame ready (320x240)
[INFO] [1788610154.840749, 16.490000]: danger_detector: exploration clock started after preparation
[INFO] [1788610206.767011, 49.492000]: danger_detector: scan batch label=floor_0_room_0_g3 raw=0 min_points=3 clusters=[]
[INFO] [1788610218.300219, 56.828000]: danger_detector: scan batch label=floor_0_room_0_g4 raw=0 min_points=3 clusters=[]
[INFO] [1788610246.600685, 74.934000]: danger_detector: scan batch label=floor_0_room_1_g3 raw=0 min_points=3 clusters=[]
[INFO] [1788610260.053418, 83.484000]: danger_detector: scan batch label=floor_0_room_1_g4 raw=0 min_points=3 clusters=[]
[INFO] [1788610307.718635, 114.138000]: danger_detector: scan batch label=floor_0_room_2_g3 raw=0 min_points=3 clusters=[]
[INFO] [1788610319.357912, 121.588000]: danger_detector: scan batch label=floor_0_room_2_g4 raw=0 min_points=3 clusters=[]
[INFO] [1788610351.593941, 142.356000]: danger_detector: scan batch label=floor_0_room_3_g3 raw=0 min_points=3 clusters=[]
[INFO] [1788610370.107848, 154.080000]: danger_detector: confirmed red sphere #1 at [2.3185, 34.043, 0.15], t=137.59s, stage=floor_1_exploration
[INFO] [1788610371.881085, 155.228000]: danger_detector: scan batch label=floor_0_room_3_g4 raw=7 min_points=3 clusters=[(2.219360709697548, 34.07505534669495)]
[INFO] [1788610510.025218, 243.886000]: danger_detector: confirmed red sphere #2 at [-7.1343, 16.1767, 2.75], t=227.40s, stage=floor_2_exploration
[INFO] [1788610510.445687, 244.154000]: danger_detector: confirmed red sphere #3 at [-7.5491, 15.0102, 2.75], t=227.67s, stage=floor_2_exploration
[INFO] [1788610512.712030, 245.614000]: danger_detector: scan batch label=floor_1_room_0_g3 raw=20 min_points=3 clusters=[(-7.141214170257784, 16.180240127258593), (-7.195278311274803, 16.21846941848476), (-7.7338679134376065, 14.971406773808283)]
[INFO] [1788610524.211649, 252.970000]: danger_detector: confirmed red sphere #4 at [-8.8754, 15.6732, 2.75], t=236.48s, stage=floor_2_exploration
[INFO] [1788610524.212738, 252.972000]: danger_detector: merged cross-view duplicate track 4 into track 3, distance=1.298m
[INFO] [1788610524.609887, 253.224000]: danger_detector: confirmed red sphere #5 at [-8.4735, 17.2188, 2.75], t=236.74s, stage=floor_2_exploration
[INFO] [1788610524.611307, 253.224000]: danger_detector: merged cross-view duplicate track 5 into track 2, distance=1.781m
[INFO] [1788610524.612296, 253.226000]: danger_detector: merged cross-view duplicate track 4 into track 3, distance=1.306m
[INFO] [1788610524.853298, 253.382000]: danger_detector: scan batch label=floor_1_room_0_g4 raw=14 min_points=3 clusters=[(-8.795043962182298, 15.630557056915567), (-6.932290866111469, 15.987182128848225), (-8.626863618165306, 17.350618298948984)]
[INFO] [1788610524.855138, 253.382000]: danger_detector: merged cross-view duplicate track 5 into track 2, distance=1.781m
[INFO] [1788610524.856767, 253.384000]: danger_detector: merged cross-view duplicate track 4 into track 3, distance=1.306m
[INFO] [1788610525.822153, 253.996000]: danger_detector: merged cross-view duplicate track 5 into track 2, distance=1.781m
[INFO] [1788610525.824033, 253.998000]: danger_detector: merged cross-view duplicate track 4 into track 3, distance=1.306m
[INFO] [1788610527.835768, 255.286000]: danger_detector: merged cross-view duplicate track 5 into track 2, distance=1.781m
[INFO] [1788610527.836664, 255.288000]: danger_detector: merged cross-view duplicate track 4 into track 3, distance=1.306m
[INFO] [1788610529.765881, 256.520000]: danger_detector: merged cross-view duplicate track 5 into track 2, distance=1.781m
[INFO] [1788610529.766815, 256.520000]: danger_detector: merged cross-view duplicate track 4 into track 3, distance=1.306m
[INFO] [1788610531.733947, 257.780000]: danger_detector: merged cross-view duplicate track 5 into track 2, distance=1.781m
[INFO] [1788610531.735173, 257.782000]: danger_detector: merged cross-view duplicate track 4 into track 3, distance=1.306m
[INFO] [1788610533.658536, 259.022000]: danger_detector: merged cross-view duplicate track 5 into track 2, distance=1.781m
[INFO] [1788610533.660252, 259.022000]: danger_detector: merged cross-view duplicate track 4 into track 3, distance=1.306m
[INFO] [1788610535.591361, 260.266000]: danger_detector: merged cross-view duplicate track 5 into track 2, distance=1.781m
[INFO] [1788610535.592477, 260.268000]: danger_detector: merged cross-view duplicate track 4 into track 3, distance=1.306m
[INFO] [1788610537.541101, 261.526000]: danger_detector: merged cross-view duplicate track 5 into track 2, distance=1.781m
[INFO] [1788610537.542001, 261.526000]: danger_detector: merged cross-view duplicate track 4 into track 3, distance=1.306m
[INFO] [1788610539.485984, 262.776000]: danger_detector: merged cross-view duplicate track 5 into track 2, distance=1.781m
[INFO] [1788610539.486942, 262.776000]: danger_detector: merged cross-view duplicate track 4 into track 3, distance=1.306m
[INFO] [1788610541.424843, 264.024000]: danger_detector: merged cross-view duplicate track 5 into track 2, distance=1.781m
[INFO] [1788610541.425737, 264.024000]: danger_detector: merged cross-view duplicate track 4 into track 3, distance=1.306m
[INFO] [1788610543.364658, 265.268000]: danger_detector: merged cross-view duplicate track 5 into track 2, distance=1.781m
[INFO] [1788610543.365811, 265.268000]: danger_detector: merged cross-view duplicate track 4 into track 3, distance=1.306m
[INFO] [1788610545.331693, 266.524000]: danger_detector: merged cross-view duplicate track 5 into track 2, distance=1.781m
[INFO] [1788610545.333068, 266.526000]: danger_detector: merged cross-view duplicate track 4 into track 3, distance=1.306m
[INFO] [1788610547.288339, 267.778000]: danger_detector: merged cross-view duplicate track 5 into track 2, distance=1.781m
[INFO] [1788610547.289655, 267.780000]: danger_detector: merged cross-view duplicate track 4 into track 3, distance=1.306m
[INFO] [1788610549.232365, 269.028000]: danger_detector: merged cross-view duplicate track 5 into track 2, distance=1.781m
[INFO] [1788610549.233446, 269.028000]: danger_detector: merged cross-view duplicate track 4 into track 3, distance=1.306m
[INFO] [1788610551.149807, 270.270000]: danger_detector: merged cross-view duplicate track 5 into track 2, distance=1.781m
[INFO] [1788610551.150734, 270.270000]: danger_detector: merged cross-view duplicate track 4 into track 3, distance=1.306m
[INFO] [1788610553.086334, 271.524000]: danger_detector: merged cross-view duplicate track 5 into track 2, distance=1.781m
[INFO] [1788610553.087568, 271.524000]: danger_detector: merged cross-view duplicate track 4 into track 3, distance=1.306m
[INFO] [1788610555.048701, 272.780000]: danger_detector: merged cross-view duplicate track 5 into track 2, distance=1.781m
[INFO] [1788610555.050065, 272.782000]: danger_detector: merged cross-view duplicate track 4 into track 3, distance=1.306m
[INFO] [1788610556.304491, 273.590000]: danger_detector: confirmed red sphere #6 at [6.8751, 13.1684, 2.75], t=257.10s, stage=floor_2_exploration
[INFO] [1788610556.305623, 273.590000]: danger_detector: merged cross-view duplicate track 5 into track 2, distance=1.781m
[INFO] [1788610556.306238, 273.592000]: danger_detector: merged cross-view duplicate track 4 into track 3, distance=1.306m
[INFO] [1788610556.983706, 274.022000]: danger_detector: merged cross-view duplicate track 5 into track 2, distance=1.781m
[INFO] [1788610556.985089, 274.024000]: danger_detector: merged cross-view duplicate track 4 into track 3, distance=1.306m
[INFO] [1788610557.601791, 274.408000]: danger_detector: scan batch label=floor_1_room_1_g3 raw=6 min_points=3 clusters=[(6.803411758970874, 13.380218676157714)]
[INFO] [1788610557.605389, 274.410000]: danger_detector: merged cross-view duplicate track 5 into track 2, distance=1.781m
[INFO] [1788610557.608354, 274.412000]: danger_detector: merged cross-view duplicate track 4 into track 3, distance=1.306m
[FSM]: state: INIT
wait for goal.
[FSM]: state: INIT
wait for goal.
[FSM]: state: INIT
wait for goal.
[FSM]: state: INIT
wait for goal.
[FSM]: state: INIT
wait for goal.
[FSM]: state: INIT
wait for goal.
[FSM]: state: INIT
wait for goal.
[FSM]: state: INIT
wait for goal.
[FSM]: state: INIT
wait for goal.
[FSM]: state: INIT
wait for goal.
[FSM]: state: INIT
wait for goal.
[FSM]: state: INIT
wait for goal.
[FSM]: state: INIT
wait for goal.
[FSM]: state: INIT
wait for goal.
[FSM]: state: INIT
wait for goal.
[FSM]: state: INIT
wait for goal.
[FSM]: state: INIT
wait for goal.
[FSM]: state: INIT
wait for goal.
[FSM]: state: INIT
wait for goal.
[FSM]: state: INIT
wait for goal.
[FSM]: state: INIT
wait for goal.
[FSM]: state: INIT
wait for goal.
[FSM]: state: INIT
wait for goal.
[FSM]: state: INIT
wait for goal.
[FSM]: state: INIT
wait for goal.
[FSM]: state: INIT
wait for goal.
[FSM]: state: INIT
wait for goal.
[FSM]: state: INIT
wait for goal.
[FSM]: state: INIT
wait for goal.
[FSM]: state: INIT
wait for goal.
 userCmd=0 kbd=0 raw=0.449,0.000,-0.061 grav=0.01,-0.02,-0.98[0m
[0m[INFO] [1788610539.879289198, 263.028000000]: RL policy input vx=0.763 vy=0.045 wz=0.065 action_rms=0.155 ready=1 userCmd=0 kbd=0 raw=0.763,0.045,0.065 grav=-0.00,-0.02,-0.98[0m
[0m[INFO] [1788610543.004643828, 265.034000000]: RL policy input vx=0.450 vy=0.000 wz=0.006 action_rms=0.256 ready=1 userCmd=0 kbd=0 raw=0.450,0.000,0.006 grav=0.00,-0.02,-0.98[0m
[0m[INFO] [1788610546.136689246, 267.046000000]: RL policy input vx=0.450 vy=0.000 wz=-0.042 action_rms=0.172 ready=1 userCmd=0 kbd=0 raw=0.450,0.000,-0.042 grav=0.01,-0.02,-0.98[0m
[0m[INFO] [1788610549.273160357, 269.054000000]: RL policy input vx=0.899 vy=0.047 wz=0.057 action_rms=0.323 ready=1 userCmd=0 kbd=0 raw=0.899,0.047,0.057 grav=-0.01,-0.01,-0.98[0m
[0m[INFO] [1788610552.384639462, 271.068000000]: RL policy input vx=0.900 vy=0.003 wz=0.004 action_rms=0.164 ready=1 userCmd=0 kbd=0 raw=0.900,0.003,0.004 grav=-0.00,-0.01,-0.98[0m
[0m[INFO] [1788610555.516935321, 273.084000000]: RL policy input vx=0.000 vy=0.000 wz=-1.864 action_rms=0.170 ready=1 userCmd=0 kbd=0 raw=0.000,0.000,-1.864 grav=0.02,0.01,-0.98[0m
[0m[INFO] [1788610558.662778540, 275.090000000]: RL policy input vx=0.000 vy=0.000 wz=-0.284 action_rms=0.140 ready=1 userCmd=0 kbd=0 raw=0.000,0.000,-0.284 grav=0.01,0.00,-0.98[0m
[0m[INFO] [1788610561.842482865, 277.096000000]: RL policy input vx=0.776 vy=0.456 wz=0.585 action_rms=0.167 ready=1 userCmd=0 kbd=0 raw=0.776,0.456,0.585 grav=-0.02,0.05,-0.98[0m
[0m[INFO] [1788610564.949463857, 279.108000000]: RL policy input vx=0.899 vy=0.049 wz=0.060 action_rms=0.365 ready=1 userCmd=0 kbd=0 raw=0.899,0.049,0.060 grav=-0.01,0.00,-0.98[0m
[0m[INFO] [1788610568.073614215, 281.114000000]: RL policy input vx=0.000 vy=0.000 wz=2.900 action_rms=0.340 ready=1 userCmd=0 kbd=0 raw=0.000,0.000,2.900 grav=0.00,0.01,-0.98[0m
[0m[INFO] [1788610571.187670175, 283.114000000]: RL policy input vx=1.881 vy=-0.191 wz=-0.114 action_rms=0.205 ready=1 userCmd=0 kbd=0 raw=1.881,-0.191,-0.114 grav=-0.00,0.07,-0.98[0m
[0m[INFO] [1788610574.302974400, 285.114000000]: RL policy input vx=0.000 vy=0.000 wz=0.254 action_rms=0.170 ready=1 userCmd=0 kbd=0 raw=0.000,0.000,0.254 grav=0.01,-0.03,-0.98[0m
[0m[INFO] [1788610577.429030382, 287.116000000]: RL policy input vx=0.450 vy=0.000 wz=0.028 action_rms=0.285 ready=1 userCmd=0 kbd=0 raw=0.450,0.000,0.028 grav=0.00,-0.01,-0.98[0m
[0m[INFO] [1788610580.566657576, 289.132000000]: RL policy input vx=0.300 vy=0.000 wz=-0.028 action_rms=0.157 ready=1 userCmd=0 kbd=0 raw=0.300,0.000,-0.028 grav=0.02,-0.01,-0.98[0m
[0m[INFO] [1788610583.692372935, 291.142000000]: RL policy input vx=1.126 vy=-0.450 wz=-0.418 action_rms=0.186 ready=1 userCmd=0 kbd=0 raw=1.126,-0.450,-0.418 grav=-0.03,-0.04,-0.98[0m
[0m[INFO] [1788610586.829999902, 293.146000000]: RL policy input vx=2.243 vy=-0.179 wz=-0.087 action_rms=0.421 ready=1 userCmd=0 kbd=0 raw=2.243,-0.179,-0.087 grav=-0.04,-0.09,-0.98[0m
[0m[INFO] [1788610589.935896371, 295.156000000]: RL policy input vx=2.249 vy=0.070 wz=0.034 action_rms=0.444 ready=1 userCmd=0 kbd=0 raw=2.249,0.070,0.034 grav=0.02,-0.03,-0.98[0m
[0m[INFO] [1788610593.034166080, 297.168000000]: RL policy input vx=2.249 vy=0.055 wz=0.027 action_rms=0.378 ready=1 userCmd=0 kbd=0 raw=2.249,0.055,0.027 grav=0.01,-0.02,-0.98[0m
[0m[INFO] [1788610596.133139411, 299.180000000]: RL policy input vx=0.484 vy=0.449 wz=0.823 action_rms=0.314 ready=1 userCmd=0 kbd=0 raw=0.484,0.449,0.823 grav=0.04,-0.03,-0.98[0m
[0m[INFO] [1788610599.277411242, 301.196000000]: RL policy input vx=0.446 vy=0.000 wz=0.149 action_rms=0.192 ready=1 userCmd=0 kbd=0 raw=0.446,0.000,0.149 grav=0.00,-0.00,-0.98[0m
[0m[INFO] [1788610602.452625955, 303.216000000]: RL policy input vx=0.450 vy=0.000 wz=0.011 action_rms=0.200 ready=1 userCmd=0 kbd=0 raw=0.450,0.000,0.011 grav=0.00,-0.02,-0.98[0m
[0m[INFO] [1788610605.597606516, 305.218000000]: RL policy input vx=0.893 vy=-0.109 wz=-0.134 action_rms=0.192 ready=1 userCmd=0 kbd=0 raw=0.893,-0.109,-0.134 grav=-0.02,-0.00,-0.98[0m[FSM]: state: INIT
wait for goal.
[FSM]: state: INIT
wait for goal.
[FSM]: state: INIT
wait for goal.
[FSM]: state: INIT
wait for goal.
[FSM]: state: INIT
wait for goal.
[FSM]: state: INIT
wait for goal.
[FSM]: state: INIT
wait for goal.
[FSM]: state: INIT
wait for goal.
[FSM]: state: INIT
wait for goal.
[FSM]: state: INIT
wait for goal.
[FSM]: state: INIT
wait for goal.
[INFO] [1788610559.303300, 275.506000]: danger_detector: merged cross-view duplicate track 5 into track 2, distance=1.781m
[INFO] [1788610559.304292, 275.506000]: danger_detector: merged cross-view duplicate track 4 into track 3, distance=1.306m
[INFO] [1788610561.244121, 276.726000]: danger_detector: merged cross-view duplicate track 5 into track 2, distance=1.781m
[INFO] [1788610561.245931, 276.728000]: danger_detector: merged cross-view duplicate track 4 into track 3, distance=1.306m
[INFO] [1788610563.230079, 277.994000]: danger_detector: merged cross-view duplicate track 5 into track 2, distance=1.781m
[INFO] [1788610563.232433, 277.996000]: danger_detector: merged cross-view duplicate track 4 into track 3, distance=1.306m
[INFO] [1788610565.133111, 279.224000]: danger_detector: merged cross-view duplicate track 5 into track 2, distance=1.781m
[INFO] [1788610565.134141, 279.226000]: danger_detector: merged cross-view duplicate track 4 into track 3, distance=1.306m
[INFO] [1788610567.103586, 280.502000]: danger_detector: merged cross-view duplicate track 5 into track 2, distance=1.781m
[INFO] [1788610567.104896, 280.504000]: danger_detector: merged cross-view duplicate track 4 into track 3, distance=1.306m
[INFO] [1788610569.038240, 281.734000]: danger_detector: merged cross-view duplicate track 5 into track 2, distance=1.781m
[INFO] [1788610569.039455, 281.734000]: danger_detector: merged cross-view duplicate track 4 into track 3, distance=1.306m
[INFO] [1788610569.544094, 282.056000]: danger_detector: scan batch label=floor_1_room_1_g4 raw=7 min_points=3 clusters=[(6.96132177897371, 14.075613758388613)]
[INFO] [1788610569.545119, 282.056000]: danger_detector: merged cross-view duplicate track 5 into track 2, distance=1.781m
[INFO] [1788610569.545701, 282.056000]: danger_detector: merged cross-view duplicate track 4 into track 3, distance=1.306m
[INFO] [1788610571.254230, 283.158000]: danger_detector: merged cross-view duplicate track 5 into track 2, distance=1.781m
[INFO] [1788610571.255289, 283.158000]: danger_detector: merged cross-view duplicate track 4 into track 3, distance=1.306m
[INFO] [1788610573.202039, 284.408000]: danger_detector: merged cross-view duplicate track 5 into track 2, distance=1.781m
[INFO] [1788610573.202951, 284.410000]: danger_detector: merged cross-view duplicate track 4 into track 3, distance=1.306m
[INFO] [1788610575.232713, 285.714000]: danger_detector: merged cross-view duplicate track 5 into track 2, distance=1.781m
[INFO] [1788610575.234017, 285.714000]: danger_detector: merged cross-view duplicate track 4 into track 3, distance=1.306m
[INFO] [1788610577.182900, 286.960000]: danger_detector: merged cross-view duplicate track 5 into track 2, distance=1.781m
[INFO] [1788610577.183980, 286.962000]: danger_detector: merged cross-view duplicate track 4 into track 3, distance=1.306m
[INFO] [1788610579.140091, 288.214000]: danger_detector: merged cross-view duplicate track 5 into track 2, distance=1.781m
[INFO] [1788610579.142283, 288.214000]: danger_detector: merged cross-view duplicate track 4 into track 3, distance=1.306m
[INFO] [1788610581.066109, 289.458000]: danger_detector: merged cross-view duplicate track 5 into track 2, distance=1.781m
[INFO] [1788610581.066913, 289.458000]: danger_detector: merged cross-view duplicate track 4 into track 3, distance=1.306m
[INFO] [1788610583.029739, 290.718000]: danger_detector: merged cross-view duplicate track 5 into track 2, distance=1.781m
[INFO] [1788610583.031593, 290.720000]: danger_detector: merged cross-view duplicate track 4 into track 3, distance=1.306m
[INFO] [1788610585.001539, 291.968000]: danger_detector: merged cross-view duplicate track 5 into track 2, distance=1.781m
[INFO] [1788610585.002725, 291.970000]: danger_detector: merged cross-view duplicate track 4 into track 3, distance=1.306m
[INFO] [1788610588.181775, 294.022000]: danger_detector: merged cross-view duplicate track 5 into track 2, distance=1.781m
[INFO] [1788610588.182718, 294.024000]: danger_detector: merged cross-view duplicate track 4 into track 3, distance=1.306m
[INFO] [1788610591.162867, 295.952000]: danger_detector: merged cross-view duplicate track 5 into track 2, distance=1.781m
[INFO] [1788610591.164161, 295.954000]: danger_detector: merged cross-view duplicate track 4 into track 3, distance=1.306m
[INFO] [1788610594.224809, 297.940000]: danger_detector: merged cross-view duplicate track 5 into track 2, distance=1.781m
[INFO] [1788610594.225754, 297.940000]: danger_detector: merged cross-view duplicate track 4 into track 3, distance=1.306m
[INFO] [1788610597.247183, 299.902000]: danger_detector: merged cross-view duplicate track 5 into track 2, distance=1.781m
[INFO] [1788610597.249299, 299.904000]: danger_detector: merged cross-view duplicate track 4 into track 3, distance=1.306m
[INFO] [1788610599.224764, 301.160000]: danger_detector: merged cross-view duplicate track 5 into track 2, distance=1.781m
[INFO] [1788610599.225913, 301.162000]: danger_detector: merged cross-view duplicate track 4 into track 3, distance=1.306m
[INFO] [1788610601.184486, 302.410000]: danger_detector: merged cross-view duplicate track 5 into track 2, distance=1.781m
[INFO] [1788610601.185978, 302.412000]: danger_detector: merged cross-view duplicate track 4 into track 3, distance=1.306m
[INFO] [1788610603.138260, 303.656000]: danger_detector: merged cross-view duplicate track 5 into track 2, distance=1.781m
[INFO] [1788610603.139588, 303.658000]: danger_detector: merged cross-view duplicate track 4 into track 3, distance=1.306m
[INFO] [1788610605.122965, 304.914000]: danger_detector: merged cross-view duplicate track 5 into track 2, distance=1.781m
[INFO] [1788610605.124657, 304.916000]: danger_detector: merged cross-view duplicate track 4 into track 3, distance=1.306m
[INFO] [1788610607.088704, 306.160000]: danger_detector: merged cross-view duplicate track 5 into track 2, distance=1.781m
[INFO] [1788610607.090150, 306.162000]: danger_detector: merged cross-view duplicate track 4 into track 3, distance=1.306m
[INFO] [1788610609.040198, 307.412000]: danger_detector: merged cross-view duplicate track 5 into track 2, distance=1.781m
[INFO] [1788610609.041986, 307.414000]: danger_detector: merged cross-view duplicate track 4 into track 3, distance=1.306m
[INFO] [1788610610.997156, 308.664000]: danger_detector: merged cross-view duplicate track 5 into track 2, distance=1.781m
[INFO] [1788610610.998667, 308.664000]: danger_detector: merged cross-view duplicate track 4 into track 3, distance=1.306m
[INFO] [1788610612.925343, 309.910000]: danger_detector: merged cross-view duplicate track 5 into track 2, distance=1.781m
[INFO] [1788610612.927557, 309.912000]: danger_detector: merged cross-view duplicate track 4 into track 3, distance=1.306m
[INFO] [1788610614.911942, 311.178000]: danger_detector: merged cross-view duplicate track 5 into track 2, distance=1.781m
[INFO] [1788610614.913152, 311.180000]: danger_detector: merged cross-view duplicate track 4 into track 3, distance=1.306m
[INFO] [1788610615.741775, 311.710000]: danger_detector: scan batch label=floor_1_room_2_g3 raw=0 min_points=3 clusters=[]
[INFO] [1788610615.745044, 311.712000]: danger_detector: merged cross-view duplicate track 5 into track 2, distance=1.781m
[INFO] [1788610615.748040, 311.714000]: danger_detector: merged cross-view duplicate track 4 into track 3, distance=1.306m
[INFO] [1788610617.203268, 312.652000]: danger_detector: merged cross-view duplicate track 5 into track 2, distance=1.781m
[INFO] [1788610617.204632, 312.652000]: danger_detector: merged cross-view duplicate track 4 into track 3, distance=1.306m
[INFO] [1788610619.480029, 314.114000]: danger_detector: merged cross-view duplicate track 5 into track 2, distance=1.781m
[INFO] [1788610619.481548, 314.116000]: danger_detector: merged cross-view duplicate track 4 into track 3, distance=1.306m
[INFO] [1788610621.653625, 315.510000]: danger_detector: merged cross-view duplicate track 5 into track 2, distance=1.781m
[INFO] [1788610621.654487, 315.510000]: danger_detector: merged cross-view duplicate track 4 into track 3, distance=1.306m
[FSM]: state: INIT
wait for goal.
[FSM]: state: INIT
wait for goal.
[FSM]: state: INIT
wait for goal.
[FSM]: state: INIT
wait for goal.
[33m[WARN] [1788610628.861144073, 320.154000000]: Plane tilt guard scaling cmd_vel by 1.00 at tilt 0.140 rad[0m
[FSM]: state: INIT
wait for goal.
[FSM]: state: INIT
wait for goal.
[FSM]: state: INIT
wait for goal.
[FSM]: state: INIT
wait for goal.
[FSM]: state: INIT
wait for goal.
[FSM]: state: INIT
wait for goal.
[FSM]: state: INIT
wait for goal.
[FSM]: state: INIT
wait for goal.
[FSM]: state: INIT
wait for goal.
[FSM]: state: INIT
wait for goal.
[FSM]: state: INIT
wait for goal.
[FSM]: state: INIT
wait for goal.
[FSM]: state: INIT
wait for goal.
[FSM]: state: INIT
wait for goal.
[FSM]: state: INIT
wait for goal.
[FSM]: state: INIT
wait for goal.
[FSM]: state: INIT
wait for goal.
[FSM]: state: INIT
wait for goal.
[FSM]: state: INIT
wait for goal.
[FSM]: state: INIT
wait for goal.
[FSM]: state: INIT
wait for goal.
[FSM]: state: INIT
wait for goal.
[FSM]: state: INIT
wait for goal.
[FSM]: state: INIT
wait for goal.
[FSM]: state: INIT
wait for goal.
[FSM]: state: INIT
wait for goal.
[FSM]: state: INIT
wait for goal.
[FSM]: state: INIT
wait for goal.
[33m[WARN] [1788610672.961364154, 348.308000000]: Plane tilt guard scaling cmd_vel by 0.97 at tilt 0.144 rad[0m
[FSM]: state: INIT
wait for goal.
[FSM]: state: INIT
wait for goal.
[FSM]: state: INIT
wait for goal.

[0m[INFO] [1788610608.754868484, 307.228000000]: RL policy input vx=0.900 vy=-0.009 wz=-0.011 action_rms=0.159 ready=1 userCmd=0 kbd=0 raw=0.900,-0.009,-0.011 grav=-0.00,-0.03,-0.98[0m
[0m[INFO] [1788610611.871825793, 309.230000000]: RL policy input vx=0.693 vy=-0.011 wz=-0.018 action_rms=0.335 ready=1 userCmd=0 kbd=0 raw=0.693,-0.011,-0.018 grav=0.01,-0.03,-0.98[0m
[0m[INFO] [1788610615.002329369, 311.238000000]: RL policy input vx=0.000 vy=0.000 wz=2.900 action_rms=0.343 ready=1 userCmd=0 kbd=0 raw=0.000,0.000,2.900 grav=0.02,0.01,-0.98[0m
[0m[INFO] [1788610618.122610313, 313.248000000]: RL policy input vx=0.000 vy=0.000 wz=-1.500 action_rms=0.282 ready=1 userCmd=0 kbd=0 raw=0.000,0.000,-1.500 grav=0.01,-0.00,-0.98[0m
[0m[INFO] [1788610621.249218733, 315.248000000]: RL policy input vx=0.879 vy=-0.193 wz=-0.238 action_rms=0.142 ready=1 userCmd=0 kbd=0 raw=0.879,-0.193,-0.238 grav=0.00,-0.06,-0.98[0m
[0m[INFO] [1788610624.350376237, 317.254000000]: RL policy input vx=0.391 vy=-0.015 wz=-0.043 action_rms=0.244 ready=1 userCmd=0 kbd=0 raw=0.391,-0.015,-0.043 grav=0.01,-0.04,-0.98[0m
[0m[INFO] [1788610627.481753128, 319.260000000]: RL policy input vx=0.000 vy=0.000 wz=-2.900 action_rms=0.212 ready=1 userCmd=0 kbd=0 raw=0.000,0.000,-2.900 grav=0.00,0.01,-0.98[0m
[0m[INFO] [1788610630.608958127, 321.270000000]: RL policy input vx=0.672 vy=0.215 wz=0.341 action_rms=0.196 ready=1 userCmd=0 kbd=0 raw=0.672,0.215,0.341 grav=0.03,0.00,-0.98[0m
[0m[INFO] [1788610633.740554862, 323.282000000]: RL policy input vx=0.000 vy=0.000 wz=-0.421 action_rms=0.138 ready=1 userCmd=0 kbd=0 raw=0.000,0.000,-0.421 grav=0.01,-0.01,-0.98[0m
[0m[INFO] [1788610636.884621981, 325.292000000]: RL policy input vx=0.448 vy=0.000 wz=-0.100 action_rms=0.246 ready=1 userCmd=0 kbd=0 raw=0.448,0.000,-0.100 grav=0.00,-0.01,-0.98[0m
[0m[INFO] [1788610640.056305635, 327.304000000]: RL policy input vx=0.449 vy=0.000 wz=-0.072 action_rms=0.216 ready=1 userCmd=0 kbd=0 raw=0.449,0.000,-0.072 grav=0.01,-0.02,-0.98[0m
[0m[INFO] [1788610643.218003012, 329.312000000]: RL policy input vx=0.450 vy=0.000 wz=0.042 action_rms=0.195 ready=1 userCmd=0 kbd=0 raw=0.450,0.000,0.042 grav=0.02,-0.02,-0.98[0m
[0m[INFO] [1788610646.418864276, 331.330000000]: RL policy input vx=0.450 vy=0.000 wz=-0.000 action_rms=0.247 ready=1 userCmd=0 kbd=0 raw=0.450,0.000,-0.000 grav=0.01,-0.01,-0.98[0m
[0m[INFO] [1788610649.581051129, 333.336000000]: RL policy input vx=0.882 vy=0.181 wz=0.223 action_rms=0.209 ready=1 userCmd=0 kbd=0 raw=0.882,0.181,0.223 grav=-0.01,0.00,-0.98[0m
[0m[INFO] [1788610652.701676734, 335.342000000]: RL policy input vx=0.900 vy=0.025 wz=0.031 action_rms=0.247 ready=1 userCmd=0 kbd=0 raw=0.900,0.025,0.031 grav=-0.00,-0.01,-0.98[0m
[0m[INFO] [1788610655.866284380, 337.358000000]: RL policy input vx=0.642 vy=-0.002 wz=-0.004 action_rms=0.134 ready=1 userCmd=0 kbd=0 raw=0.642,-0.002,-0.004 grav=0.01,-0.02,-0.98[0m
[0m[INFO] [1788610659.014817129, 339.376000000]: RL policy input vx=0.000 vy=0.000 wz=-2.900 action_rms=0.185 ready=1 userCmd=0 kbd=0 raw=0.000,0.000,-2.900 grav=0.00,0.02,-0.98[0m
[0m[INFO] [1788610662.143393017, 341.388000000]: RL policy input vx=0.000 vy=0.000 wz=1.500 action_rms=0.159 ready=1 userCmd=0 kbd=0 raw=0.000,0.000,1.500 grav=0.01,-0.01,-0.98[0m
[0m[INFO] [1788610665.336346741, 343.396000000]: RL policy input vx=0.884 vy=0.170 wz=0.210 action_rms=0.175 ready=1 userCmd=0 kbd=0 raw=0.884,0.170,0.210 grav=-0.00,0.05,-0.98[0m
[0m[INFO] [1788610668.457749586, 345.406000000]: RL policy input vx=0.314 vy=0.004 wz=0.015 action_rms=0.224 ready=1 userCmd=0 kbd=0 raw=0.314,0.004,0.015 grav=0.02,-0.01,-0.98[0m
[0m[INFO] [1788610671.588414665, 347.420000000]: RL policy input vx=0.000 vy=0.000 wz=2.900 action_rms=0.118 ready=1 userCmd=0 kbd=0 raw=0.000,0.000,2.900 grav=0.02,0.01,-0.98[0m
[0m[INFO] [1788610674.696022615, 349.426000000]: RL policy input vx=0.454 vy=-0.058 wz=-0.140 action_rms=0.126 ready=1 userCmd=0 kbd=0 raw=0.454,-0.058,-0.140 grav=0.04,-0.06,-0.98[0m
[0m[INFO] [1788610677.797597520, 351.430000000]: RL pol[FSM]: state: INIT
wait for goal.
[INFO] [1788610623.539812, 316.730000]: danger_detector: merged cross-view duplicate track 5 into track 2, distance=1.781m
[INFO] [1788610623.540797, 316.730000]: danger_detector: merged cross-view duplicate track 4 into track 3, distance=1.306m
[INFO] [1788610625.645587, 318.086000]: danger_detector: merged cross-view duplicate track 5 into track 2, distance=1.781m
[INFO] [1788610625.646383, 318.086000]: danger_detector: merged cross-view duplicate track 4 into track 3, distance=1.306m
[INFO] [1788610627.570942, 319.316000]: danger_detector: merged cross-view duplicate track 5 into track 2, distance=1.781m
[INFO] [1788610627.571727, 319.318000]: danger_detector: merged cross-view duplicate track 4 into track 3, distance=1.306m
[INFO] [1788610627.782402, 319.454000]: danger_detector: scan batch label=floor_1_room_2_g4 raw=0 min_points=3 clusters=[]
[INFO] [1788610627.783944, 319.454000]: danger_detector: merged cross-view duplicate track 5 into track 2, distance=1.781m
[INFO] [1788610627.785405, 319.456000]: danger_detector: merged cross-view duplicate track 4 into track 3, distance=1.306m
[INFO] [1788610629.663707, 320.666000]: danger_detector: merged cross-view duplicate track 5 into track 2, distance=1.781m
[INFO] [1788610629.664989, 320.666000]: danger_detector: merged cross-view duplicate track 4 into track 3, distance=1.306m
[INFO] [1788610631.618965, 321.914000]: danger_detector: merged cross-view duplicate track 5 into track 2, distance=1.781m
[INFO] [1788610631.620198, 321.916000]: danger_detector: merged cross-view duplicate track 4 into track 3, distance=1.306m
[INFO] [1788610633.583735, 323.184000]: danger_detector: merged cross-view duplicate track 5 into track 2, distance=1.781m
[INFO] [1788610633.584877, 323.184000]: danger_detector: merged cross-view duplicate track 4 into track 3, distance=1.306m
[INFO] [1788610635.530322, 324.422000]: danger_detector: merged cross-view duplicate track 5 into track 2, distance=1.781m
[INFO] [1788610635.531502, 324.424000]: danger_detector: merged cross-view duplicate track 4 into track 3, distance=1.306m
[INFO] [1788610637.475988, 325.670000]: danger_detector: merged cross-view duplicate track 5 into track 2, distance=1.781m
[INFO] [1788610637.477011, 325.672000]: danger_detector: merged cross-view duplicate track 4 into track 3, distance=1.306m
[INFO] [1788610639.463986, 326.924000]: danger_detector: merged cross-view duplicate track 5 into track 2, distance=1.781m
[INFO] [1788610639.464903, 326.926000]: danger_detector: merged cross-view duplicate track 4 into track 3, distance=1.306m
[INFO] [1788610641.423376, 328.170000]: danger_detector: merged cross-view duplicate track 5 into track 2, distance=1.781m
[INFO] [1788610641.425514, 328.172000]: danger_detector: merged cross-view duplicate track 4 into track 3, distance=1.306m
[INFO] [1788610643.390182, 329.418000]: danger_detector: merged cross-view duplicate track 5 into track 2, distance=1.781m
[INFO] [1788610643.391165, 329.418000]: danger_detector: merged cross-view duplicate track 4 into track 3, distance=1.306m
[INFO] [1788610645.361721, 330.662000]: danger_detector: merged cross-view duplicate track 5 into track 2, distance=1.781m
[INFO] [1788610645.362865, 330.662000]: danger_detector: merged cross-view duplicate track 4 into track 3, distance=1.306m
[INFO] [1788610647.349435, 331.916000]: danger_detector: merged cross-view duplicate track 5 into track 2, distance=1.781m
[INFO] [1788610647.350511, 331.918000]: danger_detector: merged cross-view duplicate track 4 into track 3, distance=1.306m
[INFO] [1788610649.310301, 333.164000]: danger_detector: merged cross-view duplicate track 5 into track 2, distance=1.781m
[INFO] [1788610649.311554, 333.164000]: danger_detector: merged cross-view duplicate track 4 into track 3, distance=1.306m
[INFO] [1788610651.273032, 334.424000]: danger_detector: merged cross-view duplicate track 5 into track 2, distance=1.781m
[INFO] [1788610651.276119, 334.428000]: danger_detector: merged cross-view duplicate track 4 into track 3, distance=1.306m
[INFO] [1788610653.198355, 335.662000]: danger_detector: merged cross-view duplicate track 5 into track 2, distance=1.781m
[INFO] [1788610653.199425, 335.664000]: danger_detector: merged cross-view duplicate track 4 into track 3, distance=1.306m
[INFO] [1788610655.183546, 336.920000]: danger_detector: merged cross-view duplicate track 5 into track 2, distance=1.781m
[INFO] [1788610655.184624, 336.922000]: danger_detector: merged cross-view duplicate track 4 into track 3, distance=1.306m
[INFO] [1788610657.122918, 338.164000]: danger_detector: merged cross-view duplicate track 5 into track 2, distance=1.781m
[INFO] [1788610657.123883, 338.166000]: danger_detector: merged cross-view duplicate track 4 into track 3, distance=1.306m
[INFO] [1788610659.082870, 339.420000]: danger_detector: merged cross-view duplicate track 5 into track 2, distance=1.781m
[INFO] [1788610659.083723, 339.420000]: danger_detector: merged cross-view duplicate track 4 into track 3, distance=1.306m
[INFO] [1788610659.737726, 339.830000]: danger_detector: scan batch label=floor_1_room_3_g3 raw=0 min_points=3 clusters=[]
[INFO] [1788610659.739063, 339.830000]: danger_detector: merged cross-view duplicate track 5 into track 2, distance=1.781m
[INFO] [1788610659.739963, 339.832000]: danger_detector: merged cross-view duplicate track 4 into track 3, distance=1.306m
[INFO] [1788610661.710719, 341.106000]: danger_detector: merged cross-view duplicate track 5 into track 2, distance=1.781m
[INFO] [1788610661.711745, 341.108000]: danger_detector: merged cross-view duplicate track 4 into track 3, distance=1.306m
[INFO] [1788610663.885814, 342.468000]: danger_detector: merged cross-view duplicate track 5 into track 2, distance=1.781m
[INFO] [1788610663.887016, 342.470000]: danger_detector: merged cross-view duplicate track 4 into track 3, distance=1.306m
[INFO] [1788610665.851335, 343.724000]: danger_detector: merged cross-view duplicate track 5 into track 2, distance=1.781m
[INFO] [1788610665.852314, 343.724000]: danger_detector: merged cross-view duplicate track 4 into track 3, distance=1.306m
[INFO] [1788610668.159042, 345.212000]: danger_detector: merged cross-view duplicate track 5 into track 2, distance=1.781m
[INFO] [1788610668.159971, 345.214000]: danger_detector: merged cross-view duplicate track 4 into track 3, distance=1.306m
[INFO] [1788610670.259234, 346.562000]: danger_detector: merged cross-view duplicate track 5 into track 2, distance=1.781m
[INFO] [1788610670.280907, 346.576000]: danger_detector: merged cross-view duplicate track 4 into track 3, distance=1.306m
[INFO] [1788610671.780506, 347.546000]: danger_detector: scan batch label=floor_1_room_3_g4 raw=0 min_points=3 clusters=[]
[INFO] [1788610671.781630, 347.546000]: danger_detector: merged cross-view duplicate track 5 into track 2, distance=1.781m
[INFO] [1788610671.782241, 347.546000]: danger_detector: merged cross-view duplicate track 4 into track 3, distance=1.306m
[INFO] [1788610672.510214, 348.018000]: danger_detector: merged cross-view duplicate track 5 into track 2, distance=1.781m
[INFO] [1788610672.511461, 348.018000]: danger_detector: merged cross-view duplicate track 4 into track 3, distance=1.306m
[INFO] [1788610674.432611, 349.256000]: danger_detector: merged cross-view duplicate track 5 into track 2, distance=1.781m
[INFO] [1788610674.433449, 349.256000]: danger_detector: merged cross-view duplicate track 4 into track 3, distance=1.306m
[INFO] [1788610676.377003, 350.514000]: danger_detector: merged cross-view duplicate track 5 into track 2, distance=1.781m
[INFO] [1788610676.378166, 350.514000]: danger_detector: merged cross-view duplicate track 4 into track 3, distance=1.306m
[INFO] [1788610678.306340, 351.758000]: danger_detector: merged cross-view duplicate track 5 into track 2, distance=1.781m
[INFO] [1788610678.309374, 351.760000]: danger_detector: merged cross-view duplicate track 4 into track 3, distance=1.306m
[INFO] [1788610680.240853, 353.012000]: danger_detector: merged cross-view duplicate track 5 into track 2, distance=1.781m
[FSM]: state: INIT
wait for goal.
[FSM]: state: INIT
wait for goal.
[FSM]: state: INIT
wait for goal.
[FSM]: state: INIT
wait for goal.
[33m[WARN] [1788610685.832799377, 356.630000000]: Plane tilt guard scaling cmd_vel by 0.97 at tilt 0.143 rad[0m
[FSM]: state: INIT
wait for goal.
[FSM]: state: INIT
wait for goal.
[FSM]: state: INIT
wait for goal.
[FSM]: state: INIT
wait for goal.
[FSM]: state: INIT
wait for goal.
[FSM]: state: INIT
wait for goal.
[33m[WARN] [1788610694.937224157, 362.404000000]: Plane tilt guard scaling cmd_vel by 1.00 at tilt 0.141 rad[0m
[FSM]: state: INIT
wait for goal.
[FSM]: state: INIT
wait for goal.
[FSM]: state: INIT
wait for goal.
[FSM]: state: INIT
wait for goal.
[33m[WARN] [1788610702.159462351, 367.016000000]: Plane tilt guard scaling cmd_vel by 0.98 at tilt 0.142 rad[0m
[FSM]: state: INIT
wait for goal.
[FSM]: state: INIT
wait for goal.
[FSM]: state: INIT
wait for goal.
[FSM]: state: INIT
wait for goal.
[FSM]: state: INIT
wait for goal.
[FSM]: state: INIT
wait for goal.
[FSM]: state: INIT
wait for goal.
[FSM]: state: INIT
wait for goal.
[FSM]: state: INIT
wait for goal.
[FSM]: state: INIT
wait for goal.
[FSM]: state: INIT
wait for goal.
[FSM]: state: INIT
wait for goal.
[FSM]: state: INIT
wait for goal.
[FSM]: state: INIT
wait for goal.
[FSM]: state: INIT
wait for goal.
[FSM]: state: INIT
wait for goal.
icy input vx=0.448 vy=0.000 wz=0.096 action_rms=0.169 ready=1 userCmd=0 kbd=0 raw=0.448,0.000,0.096 grav=-0.01,-0.01,-0.98[0m
[0m[INFO] [1788610680.901190443, 353.442000000]: RL policy input vx=0.450 vy=0.000 wz=0.000 action_rms=0.290 ready=1 userCmd=0 kbd=0 raw=0.450,0.000,0.000 grav=0.01,-0.01,-0.98[0m
[0m[INFO] [1788610684.007445636, 355.454000000]: RL policy input vx=0.136 vy=0.450 wz=1.150 action_rms=0.167 ready=1 userCmd=0 kbd=0 raw=0.136,0.450,1.150 grav=0.02,-0.06,-0.98[0m
[0m[INFO] [1788610687.138403239, 357.454000000]: RL policy input vx=2.229 vy=0.303 wz=0.149 action_rms=0.246 ready=1 userCmd=0 kbd=0 raw=2.229,0.303,0.149 grav=-0.00,0.07,-0.98[0m
[0m[INFO] [1788610690.324772374, 359.458000000]: RL policy input vx=2.250 vy=-0.039 wz=-0.019 action_rms=0.398 ready=1 userCmd=0 kbd=0 raw=2.250,-0.039,-0.019 grav=-0.01,-0.04,-0.98[0m
[0m[INFO] [1788610693.462519502, 361.458000000]: RL policy input vx=2.250 vy=-0.032 wz=-0.016 action_rms=0.354 ready=1 userCmd=0 kbd=0 raw=2.250,-0.032,-0.016 grav=0.02,0.01,-0.98[0m
[0m[INFO] [1788610696.607676270, 363.472000000]: RL policy input vx=2.247 vy=0.122 wz=0.059 action_rms=0.211 ready=1 userCmd=0 kbd=0 raw=2.247,0.122,0.059 grav=-0.03,-0.09,-0.98[0m
[0m[INFO] [1788610699.765137482, 365.478000000]: RL policy input vx=2.250 vy=-0.013 wz=-0.006 action_rms=0.364 ready=1 userCmd=0 kbd=0 raw=2.250,-0.013,-0.006 grav=-0.00,0.01,-0.98[0m
[0m[INFO] [1788610702.909205117, 367.490000000]: RL policy input vx=1.142 vy=-0.350 wz=-0.327 action_rms=0.194 ready=1 userCmd=0 kbd=0 raw=1.142,-0.350,-0.327 grav=0.03,-0.02,-0.98[0m
[0m[INFO] [1788610706.016106345, 369.498000000]: RL policy input vx=1.845 vy=-0.137 wz=-0.081 action_rms=0.273 ready=1 userCmd=0 kbd=0 raw=1.845,-0.137,-0.081 grav=0.01,-0.02,-0.98[0m
[0m[INFO] [1788610709.110037222, 371.502000000]: RL policy input vx=1.850 vy=0.022 wz=0.013 action_rms=0.308 ready=1 userCmd=0 kbd=0 raw=1.850,0.022,0.013 grav=-0.01,-0.04,-0.98[0m
[0m[INFO] [1788610712.212023550, 373.510000000]: RL policy input vx=0.000 vy=0.000 wz=-0.850 action_rms=0.124 ready=1 userCmd=0 kbd=0 raw=0.000,0.000,-0.850 grav=0.02,0.01,-0.98[0m
[0m[INFO] [1788610715.308137995, 375.510000000]: RL policy input vx=0.000 vy=0.000 wz=-0.019 action_rms=0.157 ready=1 userCmd=0 kbd=0 raw=0.000,0.000,-0.019 grav=-0.00,-0.01,-0.98[0m
[0m[INFO] [1788610718.417890097, 377.530000000]: RL policy input vx=1.429 vy=0.000 wz=-0.034 action_rms=0.275 ready=1 userCmd=0 kbd=0 raw=1.429,0.000,-0.034 grav=0.01,-0.04,-0.98[0m
[0m[INFO] [1788610721.524767297, 379.540000000]: RL policy input vx=0.000 vy=0.000 wz=-1.000 action_rms=0.147 ready=1 userCmd=0 kbd=0 raw=0.000,0.000,-1.000 grav=0.01,0.01,-0.98[0m
[0m[INFO] [1788610724.680331126, 381.552000000]: RL policy input vx=0.000 vy=0.000 wz=-0.150 action_rms=0.153 ready=1 userCmd=0 kbd=0 raw=0.000,0.000,-0.150 grav=-0.00,0.01,-0.98[0m
Switched from RL to fixed stand
infer_thread退出!
[33m[WARN] [1788610726.502334631, 382.688000000]: Using one-shot captured-pose FixedStand profile: ramp 0.50 s, settle 0.00 s, ready after 0.50 s + 0.50 s stable, minimum gain 0.75[0m
[INFO] Using /stand_target_joints param stance.
[FSM]: state: INIT
wait for goal.
Switched from fixed stand to RL
[INFO] Entered RL /cmd_vel mode.
[33m[WARN] [1788610727.785661656, 383.486000000]: Using one-shot stair RL takeover profile: blend 0.50 s, zero hold 0.15 s[0m
cuda::is_available():0
[WARNING] UNITREE_RL_DEVICE=hybrid selected CUDA for this policy but CUDA is unavailable; using CPU.
RL inference device: cpu (requested=hybrid, policy=stair)
[INFO] RL policy activated from preload cache at FixedStand entry boundary: /home/quinn/0904/runtime_assets/SimEnv/src/unitree_guide/logs/policy_act_inference_stair.pt
[FSM]: state: INIT
wait for goal.
[FSM]: state: INIT
wait for goal.
[FSM]: state: INIT
wait for goal.
[FSM]: state: INIT
wait for goal.
[FSM]: state: INIT
wait for goal.
[FSM]: state: INIT
wait for goal.
[FSM]: state: INIT
wait for goal.
[FSM]: state: INIT
wait for goal.
[FSM]: state: INIT
wait for goal.
[FSM]: state: INIT
wait for goal.
[FSM]: state: INIT
wait for goal.
[FSM]: state: INIT
wait for goal.
[INFO] [1788610680.242705, 353.014000]: danger_detector: merged cross-view duplicate track 4 into track 3, distance=1.306m
[INFO] [1788610682.166233, 354.258000]: danger_detector: merged cross-view duplicate track 5 into track 2, distance=1.781m
[INFO] [1788610682.167928, 354.260000]: danger_detector: merged cross-view duplicate track 4 into track 3, distance=1.306m
[INFO] [1788610684.098844, 355.514000]: danger_detector: merged cross-view duplicate track 5 into track 2, distance=1.781m
[INFO] [1788610684.099726, 355.514000]: danger_detector: merged cross-view duplicate track 4 into track 3, distance=1.306m
[INFO] [1788610686.053164, 356.770000]: danger_detector: merged cross-view duplicate track 5 into track 2, distance=1.781m
[INFO] [1788610686.054317, 356.772000]: danger_detector: merged cross-view duplicate track 4 into track 3, distance=1.306m
[INFO] [1788610688.043437, 358.020000]: danger_detector: merged cross-view duplicate track 5 into track 2, distance=1.781m
[INFO] [1788610688.044481, 358.020000]: danger_detector: merged cross-view duplicate track 4 into track 3, distance=1.306m
[INFO] [1788610690.027238, 359.270000]: danger_detector: merged cross-view duplicate track 5 into track 2, distance=1.781m
[INFO] [1788610690.029166, 359.272000]: danger_detector: merged cross-view duplicate track 4 into track 3, distance=1.306m
[INFO] [1788610691.985362, 360.514000]: danger_detector: merged cross-view duplicate track 5 into track 2, distance=1.781m
[INFO] [1788610691.986480, 360.514000]: danger_detector: merged cross-view duplicate track 4 into track 3, distance=1.306m
[INFO] [1788610693.933338, 361.762000]: danger_detector: merged cross-view duplicate track 5 into track 2, distance=1.781m
[INFO] [1788610693.934669, 361.764000]: danger_detector: merged cross-view duplicate track 4 into track 3, distance=1.306m
[INFO] [1788610695.898341, 363.018000]: danger_detector: merged cross-view duplicate track 5 into track 2, distance=1.781m
[INFO] [1788610695.899970, 363.018000]: danger_detector: merged cross-view duplicate track 4 into track 3, distance=1.306m
[INFO] [1788610697.853138, 364.262000]: danger_detector: merged cross-view duplicate track 5 into track 2, distance=1.781m
[INFO] [1788610697.854237, 364.264000]: danger_detector: merged cross-view duplicate track 4 into track 3, distance=1.306m
[INFO] [1788610699.828156, 365.518000]: danger_detector: merged cross-view duplicate track 5 into track 2, distance=1.781m
[INFO] [1788610699.829022, 365.518000]: danger_detector: merged cross-view duplicate track 4 into track 3, distance=1.306m
[INFO] [1788610701.758904, 366.760000]: danger_detector: merged cross-view duplicate track 5 into track 2, distance=1.781m
[INFO] [1788610701.760916, 366.762000]: danger_detector: merged cross-view duplicate track 4 into track 3, distance=1.306m
[INFO] [1788610703.723813, 368.018000]: danger_detector: merged cross-view duplicate track 5 into track 2, distance=1.781m
[INFO] [1788610703.724888, 368.018000]: danger_detector: merged cross-view duplicate track 4 into track 3, distance=1.306m
[INFO] [1788610705.643692, 369.260000]: danger_detector: merged cross-view duplicate track 5 into track 2, distance=1.781m
[INFO] [1788610705.644737, 369.260000]: danger_detector: merged cross-view duplicate track 4 into track 3, distance=1.306m
[INFO] [1788610707.578819, 370.512000]: danger_detector: merged cross-view duplicate track 5 into track 2, distance=1.781m
[INFO] [1788610707.580184, 370.512000]: danger_detector: merged cross-view duplicate track 4 into track 3, distance=1.306m
[INFO] [1788610709.502694, 371.758000]: danger_detector: merged cross-view duplicate track 5 into track 2, distance=1.781m
[INFO] [1788610709.504539, 371.760000]: danger_detector: merged cross-view duplicate track 4 into track 3, distance=1.306m
[INFO] [1788610711.455164, 373.018000]: danger_detector: merged cross-view duplicate track 5 into track 2, distance=1.781m
[INFO] [1788610711.456278, 373.020000]: danger_detector: merged cross-view duplicate track 4 into track 3, distance=1.306m
[INFO] [1788610713.367955, 374.254000]: danger_detector: merged cross-view duplicate track 5 into track 2, distance=1.781m
[INFO] [1788610713.369430, 374.256000]: danger_detector: merged cross-view duplicate track 4 into track 3, distance=1.306m
[INFO] [1788610715.312181, 375.512000]: danger_detector: merged cross-view duplicate track 5 into track 2, distance=1.781m
[INFO] [1788610715.313522, 375.512000]: danger_detector: merged cross-view duplicate track 4 into track 3, distance=1.306m
[INFO] [1788610717.215515, 376.748000]: danger_detector: merged cross-view duplicate track 5 into track 2, distance=1.781m
[INFO] [1788610717.216501, 376.750000]: danger_detector: merged cross-view duplicate track 4 into track 3, distance=1.306m
[INFO] [1788610719.146935, 378.004000]: danger_detector: merged cross-view duplicate track 5 into track 2, distance=1.781m
[INFO] [1788610719.148026, 378.004000]: danger_detector: merged cross-view duplicate track 4 into track 3, distance=1.306m
[INFO] [1788610721.086581, 379.258000]: danger_detector: merged cross-view duplicate track 5 into track 2, distance=1.781m
[INFO] [1788610721.087683, 379.260000]: danger_detector: merged cross-view duplicate track 4 into track 3, distance=1.306m
[INFO] [1788610723.063114, 380.526000]: danger_detector: merged cross-view duplicate track 5 into track 2, distance=1.781m
[INFO] [1788610723.064226, 380.526000]: danger_detector: merged cross-view duplicate track 4 into track 3, distance=1.306m
[INFO] [1788610725.031066, 381.772000]: danger_detector: merged cross-view duplicate track 5 into track 2, distance=1.781m
[INFO] [1788610725.031979, 381.772000]: danger_detector: merged cross-view duplicate track 4 into track 3, distance=1.306m
[INFO] [1788610727.042277, 383.020000]: danger_detector: merged cross-view duplicate track 5 into track 2, distance=1.781m
[INFO] [1788610727.043182, 383.020000]: danger_detector: merged cross-view duplicate track 4 into track 3, distance=1.306m
[INFO] [1788610729.025446, 384.266000]: danger_detector: merged cross-view duplicate track 5 into track 2, distance=1.781m
[INFO] [1788610729.027538, 384.266000]: danger_detector: merged cross-view duplicate track 4 into track 3, distance=1.306m
[INFO] [1788610731.057782, 385.528000]: danger_detector: merged cross-view duplicate track 5 into track 2, distance=1.781m
[INFO] [1788610731.058745, 385.528000]: danger_detector: merged cross-view duplicate track 4 into track 3, distance=1.306m
[INFO] [1788610733.448152, 387.068000]: danger_detector: merged cross-view duplicate track 5 into track 2, distance=1.781m
[INFO] [1788610733.449055, 387.068000]: danger_detector: merged cross-view duplicate track 4 into track 3, distance=1.306m
[INFO] [1788610736.486651, 389.032000]: danger_detector: merged cross-view duplicate track 5 into track 2, distance=1.781m
[INFO] [1788610736.487855, 389.034000]: danger_detector: merged cross-view duplicate track 4 into track 3, distance=1.306m
[INFO] [1788610739.178570, 390.766000]: danger_detector: merged cross-view duplicate track 5 into track 2, distance=1.781m
[INFO] [1788610739.180087, 390.768000]: danger_detector: merged cross-view duplicate track 4 into track 3, distance=1.306m
[INFO] [1788610741.300195, 392.124000]: danger_detector: merged cross-view duplicate track 5 into track 2, distance=1.781m
[INFO] [1788610741.301752, 392.126000]: danger_detector: merged cross-view duplicate track 4 into track 3, distance=1.306m
[INFO] [1788610743.276427, 393.394000]: danger_detector: merged cross-view duplicate track 5 into track 2, distance=1.781m
[INFO] [1788610743.277449, 393.394000]: danger_detector: merged cross-view duplicate track 4 into track 3, distance=1.306m
[INFO] [1788610745.181997, 394.622000]: danger_detector: merged cross-view duplicate track 5 into track 2, distance=1.781m
[INFO] [1788610745.183992, 394.624000]: danger_detector: merged cross-view duplicate track 4 into track 3, distance=1.306m
[INFO] [1788610747.131686, 395.880000]: danger_detector: merged cross-view duplicate track 5 into track 2, distance=1.781m
[FSM]: state: INIT
wait for goal.
[FSM]: state: INIT
wait for goal.
[FSM]: state: INIT
wait for goal.
[FSM]: state: INIT
wait for goal.
[FSM]: state: INIT
wait for goal.
[FSM]: state: INIT
wait for goal.
[FSM]: state: INIT
wait for goal.
[FSM]: state: INIT
wait for goal.
[FSM]: state: INIT
wait for goal.
[FSM]: state: INIT
wait for goal.
[FSM]: state: INIT
wait for goal.
[33m[WARN] [1788610763.661163155, 406.542000000]: Using one-shot plane RL takeover profile: blend 0.50 s, zero hold 0.15 s[0m
[0m[INFO] [1788610727.918762512, 383.568000000]: RL policy input vx=0.000 vy=0.000 wz=0.000 action_rms=0.148 ready=0 userCmd=0 kbd=0 raw=0.000,0.000,0.000 grav=-0.00,0.01,-0.98[0m
[0m[INFO] [1788610728.842851214, 384.148000000]: RL locomotion_ready latched after 0.66 s takeover and 0.66 s stable hold[0m
[0m[INFO] [1788610731.125559609, 385.572000000]: RL policy input vx=0.796 vy=-0.075 wz=-0.033 action_rms=0.388 ready=1 userCmd=0 kbd=0 raw=0.796,-0.075,-0.033 grav=-0.15,-0.16,-0.95[0m
[0m[INFO] [1788610734.255847899, 387.590000000]: RL policy input vx=0.797 vy=0.066 wz=0.029 action_rms=0.682 ready=1 userCmd=0 kbd=0 raw=0.797,0.066,0.029 grav=-0.36,-0.01,-0.91[0m
[0m[INFO] [1788610737.357817561, 389.590000000]: RL policy input vx=0.795 vy=0.085 wz=0.037 action_rms=0.539 ready=1 userCmd=0 kbd=0 raw=0.795,0.085,0.037 grav=-0.36,0.01,-0.91[0m
[0m[INFO] [1788610740.481918903, 391.600000000]: RL policy input vx=0.346 vy=-0.665 wz=-1.200 action_rms=0.160 ready=1 userCmd=0 kbd=0 raw=0.346,-0.665,-1.200 grav=-0.06,0.06,-0.98[0m
[0m[INFO] [1788610743.598748180, 393.602000000]: RL policy input vx=0.297 vy=-0.043 wz=-0.157 action_rms=0.160 ready=1 userCmd=0 kbd=0 raw=0.297,-0.043,-0.157 grav=0.01,-0.00,-0.98[0m
[0m[INFO] [1788610746.699662194, 395.602000000]: RL policy input vx=0.000 vy=0.000 wz=-0.568 action_rms=0.158 ready=1 userCmd=0 kbd=0 raw=0.000,0.000,-0.568 grav=-0.03,0.03,-0.98[0m
[0m[INFO] [1788610749.824612566, 397.614000000]: RL policy input vx=0.000 vy=0.000 wz=-0.240 action_rms=0.170 ready=1 userCmd=0 kbd=0 raw=0.000,0.000,-0.240 grav=-0.05,0.02,-0.98[0m
[0m[INFO] [1788610752.970789903, 399.632000000]: RL policy input vx=0.565 vy=-0.284 wz=-0.051 action_rms=0.367 ready=1 userCmd=0 kbd=0 raw=0.565,-0.284,-0.051 grav=-0.20,-0.15,-0.95[0m
[0m[INFO] [1788610756.088410186, 401.650000000]: RL policy input vx=0.588 vy=0.122 wz=0.071 action_rms=0.641 ready=1 userCmd=0 kbd=0 raw=0.588,0.122,0.071 grav=-0.53,-0.01,-0.82[0m
[0m[INFO] [1788610759.188344667, 403.654000000]: RL policy input vx=0.400 vy=0.300 wz=0.000 action_rms=0.496 ready=1 userCmd=0 kbd=0 raw=0.400,0.300,0.000 grav=-0.41,-0.11,-0.88[0m
[0m[INFO] [1788610762.296384023, 405.670000000]: RL policy input vx=0.800 vy=0.002 wz=0.001 action_rms=0.676 ready=1 userCmd=0 kbd=0 raw=0.800,0.002,0.001 grav=-0.23,0.04,-0.95[0m
cuda::is_available():0
RL inference device: cpu (requested=hybrid, policy=plane)
[INFO] RL policy hot-switched from preload cache: /home/quinn/0904/runtime_assets/SimEnv/src/unitree_guide/logs/policy_act_inference_plane.pt
[FSM]: state: INIT
wait for goal.
[INFO] [1788610725.151669, 381.846000]: Floor-2 stair controller armed by SECOND_FLOOR_EXPLORATION_COMPLETE.
[INFO] [1788610725.171485, 381.860000]: Robot is already 0.04 m from the pre-riser pose; skipping the corridor/side legs.
[INFO] [1788610725.172534, 381.860000]: Pre-ascent residual heading error -0.112 rad (visual_depth=False, bearing=none).
[INFO] [1788610726.074198, 382.420000]: Pre-ascent stand target set from flight-A pre-reload capture entry sample
[INFO] [1788610726.079022, 382.424000]: Flight-A plane gait settled at joint RMS 0.130; holding FixedStand for at least 0.1 s at snapshot pose before queued stair-policy entry.
[INFO] [1788610727.523226, 383.320000]: Flight-A FixedStand readiness gate complete; queued the stair policy for State_RL entry and retaining stand ownership for 0.25 s.
[INFO] [1788610727.777223, 383.480000]: Flight-A policy request has been queued under FixedStand; requesting RL so State_RL loads it before inference starts.
[INFO] [1788610728.870455, 384.164000]: Fresh RL readiness confirmed after the flight-A FixedStand boundary; starting the climb ramp.
[INFO] [1788610728.892362, 384.180000]: Flight-A fresh RL readiness observed; ascent clocks reset and 1.2 s climb ramp started.
[INFO] [1788610728.894313, 384.180000]: STPUB phase=STAIR_ASCENT world=(0.000,0.001,-0.029) body=(0.001,-0.000,-0.029) truth_z=2.912 pose=2.9121352810462913
[INFO] [1788610730.534634, 385.200000]: STPUB phase=STAIR_ASCENT world=(0.027,0.800,-0.027) body=(0.796,-0.088,-0.027) truth_z=2.934 pose=2.934345969398033
[INFO] [1788610732.130282, 386.220000]: STPUB phase=STAIR_ASCENT world=(0.025,0.800,0.015) body=(0.800,0.010,0.015) truth_z=3.114 pose=3.114461603781999
[INFO] [1788610733.715838, 387.240000]: STPUB phase=STAIR_ASCENT world=(0.220,0.600,0.022) body=(0.613,-0.181,0.022) truth_z=3.347 pose=3.3472548503544033
[INFO] [1788610735.291734, 388.260000]: STPUB phase=STAIR_ASCENT world=(0.000,0.800,0.030) body=(0.797,0.068,0.030) truth_z=3.592 pose=3.592080694904878
[INFO] [1788610736.870239, 389.280000]: STPUB phase=STAIR_ASCENT world=(0.000,0.600,0.023) body=(0.599,0.040,0.023) truth_z=3.811 pose=3.8114269838554207
[INFO] [1788610738.451056, 390.300000]: STPUB phase=STAIR_ASCENT world=(0.023,0.800,0.033) body=(0.799,0.051,0.033) truth_z=4.043 pose=4.043069891240399
[INFO] [1788610739.731909, 391.120000]: Intermediate landing entered at y=4.75 m; starting moving turn.
[INFO] [1788610740.044892, 391.320000]: STPUB phase=STAIR_LANDING_TURN world=(0.750,0.000,-1.200) body=(0.131,-0.738,-1.200) truth_z=4.215 pose=4.215171648083608
[INFO] [1788610741.634151, 392.340000]: STPUB phase=STAIR_LANDING_TURN world=(0.750,0.000,-0.533) body=(0.664,-0.349,-0.533) truth_z=4.213 pose=4.213036635177491
[INFO] [1788610743.224987, 393.360000]: STPUB phase=STAIR_LANDING_TURN world=(0.373,0.000,-0.240) body=(0.367,-0.065,-0.240) truth_z=4.214 pose=4.213995705558649
[INFO] [1788610744.803679, 394.380000]: STPUB phase=STAIR_LANDING_TURN world=(0.300,0.000,-1.200) body=(0.300,0.007,-1.200) truth_z=4.215 pose=4.214541251228429
[INFO] [1788610746.381624, 395.400000]: STPUB phase=STAIR_LANDING_TURN world=(0.000,0.000,-0.676) body=(0.000,0.000,-0.676) truth_z=4.218 pose=4.218377631683879
[INFO] [1788610747.966527, 396.420000]: STPUB phase=STAIR_LANDING_TURN world=(0.000,0.000,-0.302) body=(0.000,0.000,-0.302) truth_z=4.223 pose=4.223293922833912
[INFO] [1788610749.555704, 397.440000]: STPUB phase=STAIR_LANDING_TURN world=(0.000,0.000,-0.240) body=(0.000,0.000,-0.240) truth_z=4.232 pose=4.232297183096164
[INFO] [1788610751.139262, 398.460000]: STPUB phase=STAIR_LANDING_TURN world=(0.000,0.000,-0.240) body=(0.000,0.000,-0.240) truth_z=4.237 pose=4.23712858683468
[INFO] [1788610751.483049, 398.680000]: Flight-B entry aligned: x error=-0.012 m, heading error=-0.150 rad.
[INFO] [1788610751.484454, 398.680000]: Flight-B entry joints saved (12 dofs) -> /home/quinn/0904/results/official_gui_rtf065_s20260821_20260905_200801/flight_b_entry_joints_1.json
[INFO] [1788610751.513655, 398.700000]: ASCENT_B gate: entry_guide=True truth_pose=True start_z=2.912 profile=True heading=-1.571 pose_z=4.237657825375012 truth_z=4.237657825375012
[INFO] [1788610751.514690, 398.700000]: Pre-ascent RL settle: holding zero command until motion is stable for 0.6 s before FixedStand.
[INFO] [1788610751.515710, 398.700000]: Pre-ascent RL settle active: stable 0.00/0.60 s.
[INFO] [1788610752.135023, 399.100000]: Pre-ascent RL motion settled for 0.62 s; settle-only gate complete (FixedStand disabled).
[INFO] [1788610752.732965, 399.480000]: STPUB phase=STAIR_ASCENT_B world=(0.000,-0.800,-0.064) body=(0.787,-0.146,-0.064) truth_z=4.253 pose=4.25257643113927
[INFO] [1788610753.106270, 399.720000]: ASCENT_B gate: entry_guide=True truth_pose=True start_z=2.912 profile=True heading=-1.571 pose_z=4.2595784409577275 truth_z=4.2595784409577275
[INFO] [1788610754.317832, 400.500000]: STPUB phase=STAIR_ASCENT_B world=(-0.036,-0.800,-0.026) body=(0.795,-0.096,-0.026) truth_z=4.413 pose=4.412573005525031
[INFO] [1788610754.687222, 400.740000]: ASCENT_B gate: entry_guide=True truth_pose=True start_z=2.912 profile=True heading=-1.571 pose_z=4.442440331797423 truth_z=4.442440331797423
[INFO] [1788610755.887844, 401.520000]: STPUB phase=STAIR_ASCENT_B world=(0.200,-0.600,0.068) body=(0.550,0.312,0.068) truth_z=4.564 pose=4.563677669464336
[INFO] [1788610756.256983, 401.760000]: ASCENT_B gate: entry_guide=True truth_pose=True start_z=2.912 profile=True heading=-1.571 pose_z=4.626361590179613 truth_z=4.626361590179613
[INFO] [1788610757.467667, 402.540000]: STPUB phase=STAIR_ASCENT_B world=(-0.200,-0.600,0.061) body=(0.626,-0.093,0.061) truth_z=4.780 pose=4.780165986686698
[INFO] [1788610757.837452, 402.780000]: ASCENT_B gate: entry_guide=True truth_pose=True start_z=2.912 profile=True heading=-1.571 pose_z=4.853101674052599 truth_z=4.853101674052599
[INFO] [1788610759.041151, 403.560000]: STPUB phase=STAIR_ASCENT_B world=(0.200,-0.600,0.014) body=(0.591,0.224,0.014) truth_z=5.000 pose=4.9999309650130765
[INFO] [1788610759.410586, 403.800000]: ASCENT_B gate: entry_guide=True truth_pose=True start_z=2.912 profile=True heading=-1.571 pose_z=5.073479629518449 truth_z=5.073479629518449
[INFO] [1788610760.612548, 404.580000]: STPUB phase=STAIR_ASCENT_B world=(0.000,-0.800,-0.002) body=(0.800,-0.005,-0.002) truth_z=5.212 pose=5.211418504593898
[INFO] [1788610760.981727, 404.820000]: ASCENT_B gate: entry_guide=True truth_pose=True start_z=2.912 profile=True heading=-1.571 pose_z=5.324060402024816 truth_z=5.324060402024816
[INFO] [1788610762.182446, 405.600000]: STPUB phase=STAIR_ASCENT_B world=(-0.200,-0.600,-0.003) body=(0.598,-0.205,-0.003) truth_z=5.472 pose=5.472399630808188
[INFO] [1788610762.564821, 405.840000]: ASCENT_B gate: entry_guide=True truth_pose=True start_z=2.912 profile=True heading=-1.571 pose_z=5.501298918947972 truth_z=5.501298918947972
[INFO] [1788610763.067422, 406.160000]: Upper landing entered: gain=2.59 m, clearance=0.01 m; stabilizing for 0.5 s.
[INFO] [1788610763.594969, 406.500000]: Floor-3 landing confirmed after two flights: gain=2.60 m clearance=0.13 m.
[INFO] [1788610764.760498, 407.244000]: Plane policy acknowledged on the upper landing; releasing stair controller ownership.
[FSM]: state: INIT
wait for goal.
[FSM]: state: INIT
wait for goal.
[FSM]: state: INIT
wait for goal.
[FSM]: state: INIT
wait for goal.
[FSM]: state: INIT
wait for goal.
[FSM]: state: INIT
wait for goal.
[FSM]: state: INIT
wait for goal.
[FSM]: state: INIT
wait for goal.
[FSM]: state: INIT
wait for goal.
[FSM]: state: INIT
wait for goal.
[FSM]: state: INIT
wait for goal.
[FSM]: state: INIT
wait for goal.
[FSM]: state: INIT
wait for goal.
[FSM]: state: INIT
wait for goal.
[FSM]: state: INIT
wait for goal.
[FSM]: state: INIT
wait for goal.
[FSM]: state: INIT
wait for goal.
[FSM]: state: INIT
wait for goal.
[FSM]: state: INIT
wait for goal.
[FSM]: state: INIT
wait for goal.
[FSM]: state: INIT
wait for goal.
[FSM]: state: INIT
wait for goal.
[FSM]: state: INIT
wait for goal.
[FSM]: state: INIT
wait for goal.
[FSM]: state: INIT
wait for goal.
[FSM]: state: INIT
wait for goal.
[FSM]: state: INIT
wait for goal.
[FSM]: state: INIT
wait for goal.
[FSM]: state: INIT
wait for goal.
[FSM]: state: INIT
wait for goal.
[INFO] [1788610747.132554, 395.880000]: danger_detector: merged cross-view duplicate track 4 into track 3, distance=1.306m
[INFO] [1788610749.084922, 397.134000]: danger_detector: merged cross-view duplicate track 5 into track 2, distance=1.781m
[INFO] [1788610749.085987, 397.134000]: danger_detector: merged cross-view duplicate track 4 into track 3, distance=1.306m
[INFO] [1788610751.006381, 398.374000]: danger_detector: merged cross-view duplicate track 5 into track 2, distance=1.781m
[INFO] [1788610751.007262, 398.374000]: danger_detector: merged cross-view duplicate track 4 into track 3, distance=1.306m
[INFO] [1788610752.977221, 399.636000]: danger_detector: merged cross-view duplicate track 5 into track 2, distance=1.781m
[INFO] [1788610752.977993, 399.636000]: danger_detector: merged cross-view duplicate track 4 into track 3, distance=1.306m
[INFO] [1788610755.890997, 401.520000]: danger_detector: merged cross-view duplicate track 5 into track 2, distance=1.781m
[INFO] [1788610755.893213, 401.522000]: danger_detector: merged cross-view duplicate track 4 into track 3, distance=1.306m
[INFO] [1788610759.148093, 403.628000]: danger_detector: merged cross-view duplicate track 5 into track 2, distance=1.781m
[INFO] [1788610759.149532, 403.630000]: danger_detector: merged cross-view duplicate track 4 into track 3, distance=1.306m
[INFO] [1788610762.083033, 405.534000]: danger_detector: merged cross-view duplicate track 5 into track 2, distance=1.781m
[INFO] [1788610762.084374, 405.536000]: danger_detector: merged cross-view duplicate track 4 into track 3, distance=1.306m
[INFO] [1788610763.958538, 406.730000]: danger_detector: merged cross-view duplicate track 5 into track 2, distance=1.781m
[INFO] [1788610763.959519, 406.732000]: danger_detector: merged cross-view duplicate track 4 into track 3, distance=1.306m
[INFO] [1788610765.878683, 407.968000]: danger_detector: merged cross-view duplicate track 5 into track 2, distance=1.781m
[INFO] [1788610765.880028, 407.970000]: danger_detector: merged cross-view duplicate track 4 into track 3, distance=1.306m
[INFO] [1788610767.828124, 409.228000]: danger_detector: merged cross-view duplicate track 5 into track 2, distance=1.781m
[INFO] [1788610767.828987, 409.228000]: danger_detector: merged cross-view duplicate track 4 into track 3, distance=1.306m
[INFO] [1788610769.786257, 410.478000]: danger_detector: merged cross-view duplicate track 5 into track 2, distance=1.781m
[INFO] [1788610769.787043, 410.478000]: danger_detector: merged cross-view duplicate track 4 into track 3, distance=1.306m
[INFO] [1788610771.761826, 411.722000]: danger_detector: merged cross-view duplicate track 5 into track 2, distance=1.781m
[INFO] [1788610771.762927, 411.722000]: danger_detector: merged cross-view duplicate track 4 into track 3, distance=1.306m
[INFO] [1788610773.749900, 412.986000]: danger_detector: merged cross-view duplicate track 5 into track 2, distance=1.781m
[INFO] [1788610773.750993, 412.986000]: danger_detector: merged cross-view duplicate track 4 into track 3, distance=1.306m
[INFO] [1788610775.702081, 414.230000]: danger_detector: merged cross-view duplicate track 5 into track 2, distance=1.781m
[INFO] [1788610775.703106, 414.232000]: danger_detector: merged cross-view duplicate track 4 into track 3, distance=1.306m
[INFO] [1788610777.715714, 415.484000]: danger_detector: merged cross-view duplicate track 5 into track 2, distance=1.781m
[INFO] [1788610777.717174, 415.486000]: danger_detector: merged cross-view duplicate track 4 into track 3, distance=1.306m
[INFO] [1788610779.685791, 416.724000]: danger_detector: merged cross-view duplicate track 5 into track 2, distance=1.781m
[INFO] [1788610779.687106, 416.724000]: danger_detector: merged cross-view duplicate track 4 into track 3, distance=1.306m
[INFO] [1788610781.671070, 417.968000]: danger_detector: merged cross-view duplicate track 5 into track 2, distance=1.781m
[INFO] [1788610781.672945, 417.970000]: danger_detector: merged cross-view duplicate track 4 into track 3, distance=1.306m
[INFO] [1788610783.678800, 419.224000]: danger_detector: merged cross-view duplicate track 5 into track 2, distance=1.781m
[INFO] [1788610783.680648, 419.226000]: danger_detector: merged cross-view duplicate track 4 into track 3, distance=1.306m
[INFO] [1788610785.664506, 420.478000]: danger_detector: merged cross-view duplicate track 5 into track 2, distance=1.781m
[INFO] [1788610785.665822, 420.478000]: danger_detector: merged cross-view duplicate track 4 into track 3, distance=1.306m
[INFO] [1788610787.649163, 421.734000]: danger_detector: merged cross-view duplicate track 5 into track 2, distance=1.781m
[INFO] [1788610787.650755, 421.734000]: danger_detector: merged cross-view duplicate track 4 into track 3, distance=1.306m
[INFO] [1788610789.588536, 422.972000]: danger_detector: merged cross-view duplicate track 5 into track 2, distance=1.781m
[INFO] [1788610789.589531, 422.972000]: danger_detector: merged cross-view duplicate track 4 into track 3, distance=1.306m
[INFO] [1788610791.534673, 424.222000]: danger_detector: merged cross-view duplicate track 5 into track 2, distance=1.781m
[INFO] [1788610791.535595, 424.224000]: danger_detector: merged cross-view duplicate track 4 into track 3, distance=1.306m
[INFO] [1788610793.473235, 425.472000]: danger_detector: merged cross-view duplicate track 5 into track 2, distance=1.781m
[INFO] [1788610793.474892, 425.474000]: danger_detector: merged cross-view duplicate track 4 into track 3, distance=1.306m
[INFO] [1788610795.410829, 426.722000]: danger_detector: merged cross-view duplicate track 5 into track 2, distance=1.781m
[INFO] [1788610795.413134, 426.724000]: danger_detector: merged cross-view duplicate track 4 into track 3, distance=1.306m
[INFO] [1788610797.347031, 427.972000]: danger_detector: merged cross-view duplicate track 5 into track 2, distance=1.781m
[INFO] [1788610797.349114, 427.972000]: danger_detector: merged cross-view duplicate track 4 into track 3, distance=1.306m
[INFO] [1788610799.286025, 429.220000]: danger_detector: merged cross-view duplicate track 5 into track 2, distance=1.781m
[INFO] [1788610799.288398, 429.222000]: danger_detector: merged cross-view duplicate track 4 into track 3, distance=1.306m
[INFO] [1788610801.220586, 430.468000]: danger_detector: merged cross-view duplicate track 5 into track 2, distance=1.781m
[INFO] [1788610801.222602, 430.470000]: danger_detector: merged cross-view duplicate track 4 into track 3, distance=1.306m
[INFO] [1788610803.156015, 431.722000]: danger_detector: merged cross-view duplicate track 5 into track 2, distance=1.781m
[INFO] [1788610803.157006, 431.722000]: danger_detector: merged cross-view duplicate track 4 into track 3, distance=1.306m
[INFO] [1788610805.086936, 432.970000]: danger_detector: merged cross-view duplicate track 5 into track 2, distance=1.781m
[INFO] [1788610805.088976, 432.972000]: danger_detector: merged cross-view duplicate track 4 into track 3, distance=1.306m
[INFO] [1788610807.023465, 434.222000]: danger_detector: merged cross-view duplicate track 5 into track 2, distance=1.781m
[INFO] [1788610807.025221, 434.224000]: danger_detector: merged cross-view duplicate track 4 into track 3, distance=1.306m
[INFO] [1788610807.828887, 434.742000]: danger_detector: scan batch label=floor_2_room_0_g3 raw=0 min_points=3 clusters=[]
[INFO] [1788610807.830263, 434.742000]: danger_detector: merged cross-view duplicate track 5 into track 2, distance=1.781m
[INFO] [1788610807.831763, 434.744000]: danger_detector: merged cross-view duplicate track 4 into track 3, distance=1.306m
[INFO] [1788610808.956039, 435.462000]: danger_detector: merged cross-view duplicate track 5 into track 2, distance=1.781m
[INFO] [1788610808.957496, 435.464000]: danger_detector: merged cross-view duplicate track 4 into track 3, distance=1.306m
[INFO] [1788610810.949221, 436.728000]: danger_detector: merged cross-view duplicate track 5 into track 2, distance=1.781m
[INFO] [1788610810.950233, 436.728000]: danger_detector: merged cross-view duplicate track 4 into track 3, distance=1.306m
[FSM]: state: INIT
wait for goal.
[FSM]: state: INIT
wait for goal.
[FSM]: state: INIT
wait for goal.
[FSM]: state: INIT
wait for goal.
[FSM]: state: INIT
wait for goal.
[FSM]: state: INIT
wait for goal.
[33m[WARN] [1788610821.053092075, 443.186000000]: Plane tilt guard scaling cmd_vel by 0.98 at tilt 0.143 rad[0m
[FSM]: state: INIT
wait for goal.
[FSM]: state: INIT
wait for goal.
[FSM]: state: INIT
wait for goal.
[FSM]: state: INIT
wait for goal.
[FSM]: state: INIT
wait for goal.
[FSM]: state: INIT
wait for goal.
[0m[INFO] [1788610764.681331915, 407.196000000]: RL locomotion_ready latched after 0.65 s takeover and 0.39 s stable hold[0m
[0m[INFO] [1788610765.421222912, 407.672000000]: RL policy input vx=0.000 vy=0.000 wz=0.369 action_rms=0.148 ready=1 userCmd=0 kbd=0 raw=0.000,0.000,0.369 grav=-0.01,-0.00,-0.98[0m
[0m[INFO] [1788610768.542074982, 409.690000000]: RL policy input vx=0.000 vy=0.000 wz=0.234 action_rms=0.151 ready=1 userCmd=0 kbd=0 raw=0.000,0.000,0.234 grav=0.02,-0.02,-0.98[0m
[0m[INFO] [1788610771.733843683, 411.706000000]: RL policy input vx=0.000 vy=0.000 wz=1.150 action_rms=0.200 ready=1 userCmd=0 kbd=0 raw=0.000,0.000,1.150 grav=0.05,-0.03,-0.98[0m
[0m[INFO] [1788610774.893437507, 413.716000000]: RL policy input vx=0.224 vy=0.000 wz=0.168 action_rms=0.153 ready=1 userCmd=0 kbd=0 raw=0.224,0.000,0.168 grav=0.01,-0.01,-0.98[0m
[0m[INFO] [1788610778.106009748, 415.732000000]: RL policy input vx=2.249 vy=0.000 wz=0.028 action_rms=0.361 ready=1 userCmd=0 kbd=0 raw=2.249,0.000,0.028 grav=0.01,0.04,-0.98[0m
[0m[INFO] [1788610781.309133799, 417.742000000]: RL policy input vx=2.247 vy=0.000 wz=0.056 action_rms=0.290 ready=1 userCmd=0 kbd=0 raw=2.247,0.000,0.056 grav=0.04,-0.02,-0.98[0m
[0m[INFO] [1788610784.518790803, 419.756000000]: RL policy input vx=2.249 vy=0.000 wz=0.027 action_rms=0.288 ready=1 userCmd=0 kbd=0 raw=2.249,0.000,0.027 grav=0.02,-0.01,-0.98[0m
[0m[INFO] [1788610787.712379384, 421.774000000]: RL policy input vx=0.670 vy=0.750 wz=0.926 action_rms=0.159 ready=1 userCmd=0 kbd=0 raw=0.670,0.750,0.926 grav=0.07,-0.08,-0.97[0m
[0m[INFO] [1788610790.859571518, 423.788000000]: RL policy input vx=0.000 vy=0.000 wz=0.234 action_rms=0.149 ready=1 userCmd=0 kbd=0 raw=0.000,0.000,0.234 grav=0.02,-0.02,-0.98[0m
[0m[INFO] [1788610793.983670656, 425.804000000]: RL policy input vx=0.450 vy=0.000 wz=0.031 action_rms=0.275 ready=1 userCmd=0 kbd=0 raw=0.450,0.000,0.031 grav=0.01,-0.02,-0.98[0m
[0m[INFO] [1788610797.116326309, 427.824000000]: RL policy input vx=0.887 vy=-0.147 wz=-0.181 action_rms=0.177 ready=1 userCmd=0 kbd=0 raw=0.887,-0.147,-0.181 grav=0.00,0.00,-0.98[0m
[0m[INFO] [1788610800.235292524, 429.834000000]: RL policy input vx=0.900 vy=-0.018 wz=-0.022 action_rms=0.146 ready=1 userCmd=0 kbd=0 raw=0.900,-0.018,-0.022 grav=-0.01,-0.02,-0.98[0m
[0m[INFO] [1788610803.359912319, 431.854000000]: RL policy input vx=0.900 vy=-0.007 wz=-0.008 action_rms=0.364 ready=1 userCmd=0 kbd=0 raw=0.900,-0.007,-0.008 grav=-0.01,-0.02,-0.98[0m
[0m[INFO] [1788610806.481790388, 433.874000000]: RL policy input vx=0.000 vy=0.000 wz=2.900 action_rms=0.434 ready=1 userCmd=0 kbd=0 raw=0.000,0.000,2.900 grav=-0.01,0.03,-0.98[0m
[0m[INFO] [1788610809.620064675, 435.886000000]: RL policy input vx=0.000 vy=0.000 wz=-1.492 action_rms=0.207 ready=1 userCmd=0 kbd=0 raw=0.000,0.000,-1.492 grav=0.01,-0.01,-0.98[0m
[0m[INFO] [1788610812.795635984, 437.904000000]: RL policy input vx=0.849 vy=-0.300 wz=-0.373 action_rms=0.204 ready=1 userCmd=0 kbd=0 raw=0.849,-0.300,-0.373 grav=-0.01,-0.06,-0.98[0m
[0m[INFO] [1788610815.923270754, 439.906000000]: RL policy input vx=0.781 vy=-0.035 wz=-0.049 action_rms=0.167 ready=1 userCmd=0 kbd=0 raw=0.781,-0.035,-0.049 grav=-0.00,-0.03,-0.98[0m
[0m[INFO] [1788610819.057955766, 441.906000000]: RL policy input vx=0.000 vy=0.000 wz=-2.900 action_rms=0.186 ready=1 userCmd=0 kbd=0 raw=0.000,0.000,-2.900 grav=0.00,0.02,-0.98[0m
[0m[INFO] [1788610822.200841460, 443.910000000]: RL policy input vx=1.518 vy=0.436 wz=0.308 action_rms=0.406 ready=1 userCmd=0 kbd=0 raw=1.518,0.436,0.308 grav=0.01,0.02,-0.98[0m
[0m[INFO] [1788610825.374042805, 445.928000000]: RL policy input vx=0.000 vy=0.000 wz=-0.450 action_rms=0.159 ready=1 userCmd=0 kbd=0 raw=0.000,0.000,-0.450 grav=0.01,-0.00,-0.98[0m
[0m[INFO] [1788610828.526204572, 447.932000000]: RL policy input vx=0.447 vy=0.000 wz=-0.132 action_rms=0.272 ready=1 userCmd=0 kbd=0 raw=0.447,0.000,-0.132 grav=-0.03,-0.01,-0.98[0m
[0m[INFO] [1788610831.690335775, 449.940000000]: RL policy input vx=0.449 vy=0.000 wz=-0.054 action_rms=0.169 ready=[FSM]: state: INIT
wait for goal.
[FSM]: state: INIT
wait for goal.
[FSM]: state: INIT
wait for goal.
[FSM]: state: INIT
wait for goal.
[FSM]: state: INIT
wait for goal.
[FSM]: state: INIT
wait for goal.
[FSM]: state: INIT
wait for goal.
[FSM]: state: INIT
wait for goal.
[FSM]: state: INIT
wait for goal.
[FSM]: state: INIT
wait for goal.
[FSM]: state: INIT
wait for goal.
[FSM]: state: INIT
wait for goal.
[FSM]: state: INIT
wait for goal.
[FSM]: state: INIT
wait for goal.
[FSM]: state: INIT
wait for goal.
[FSM]: state: INIT
wait for goal.
[FSM]: state: INIT
wait for goal.
[FSM]: state: INIT
wait for goal.
[FSM]: state: INIT
wait for goal.
[FSM]: state: INIT
wait for goal.
[FSM]: state: INIT
wait for goal.
[FSM]: state: INIT
wait for goal.
[33m[WARN] [1788610865.044912194, 471.224000000]: Plane tilt guard scaling cmd_vel by 0.98 at tilt 0.142 rad[0m
[FSM]: state: INIT
wait for goal.
[INFO] [1788610812.905876, 437.974000]: danger_detector: merged cross-view duplicate track 5 into track 2, distance=1.781m
[INFO] [1788610812.907047, 437.974000]: danger_detector: merged cross-view duplicate track 4 into track 3, distance=1.306m
[INFO] [1788610814.855114, 439.226000]: danger_detector: merged cross-view duplicate track 5 into track 2, distance=1.781m
[INFO] [1788610814.856185, 439.228000]: danger_detector: merged cross-view duplicate track 4 into track 3, distance=1.306m
[INFO] [1788610816.833676, 440.484000]: danger_detector: merged cross-view duplicate track 5 into track 2, distance=1.781m
[INFO] [1788610816.835594, 440.486000]: danger_detector: merged cross-view duplicate track 4 into track 3, distance=1.306m
[INFO] [1788610818.774534, 441.724000]: danger_detector: merged cross-view duplicate track 5 into track 2, distance=1.781m
[INFO] [1788610818.776359, 441.724000]: danger_detector: merged cross-view duplicate track 4 into track 3, distance=1.306m
[INFO] [1788610819.988029, 442.500000]: danger_detector: scan batch label=floor_2_room_0_g4 raw=0 min_points=3 clusters=[]
[INFO] [1788610819.990515, 442.502000]: danger_detector: merged cross-view duplicate track 5 into track 2, distance=1.781m
[INFO] [1788610819.992020, 442.504000]: danger_detector: merged cross-view duplicate track 4 into track 3, distance=1.306m
[INFO] [1788610820.749200, 442.988000]: danger_detector: merged cross-view duplicate track 5 into track 2, distance=1.781m
[INFO] [1788610820.750296, 442.988000]: danger_detector: merged cross-view duplicate track 4 into track 3, distance=1.306m
[INFO] [1788610822.700457, 444.226000]: danger_detector: merged cross-view duplicate track 5 into track 2, distance=1.781m
[INFO] [1788610822.701552, 444.226000]: danger_detector: merged cross-view duplicate track 4 into track 3, distance=1.306m
[INFO] [1788610824.668531, 445.480000]: danger_detector: merged cross-view duplicate track 5 into track 2, distance=1.781m
[INFO] [1788610824.669568, 445.480000]: danger_detector: merged cross-view duplicate track 4 into track 3, distance=1.306m
[INFO] [1788610826.633434, 446.726000]: danger_detector: merged cross-view duplicate track 5 into track 2, distance=1.781m
[INFO] [1788610826.634613, 446.728000]: danger_detector: merged cross-view duplicate track 4 into track 3, distance=1.306m
[INFO] [1788610828.614119, 447.988000]: danger_detector: merged cross-view duplicate track 5 into track 2, distance=1.781m
[INFO] [1788610828.615651, 447.990000]: danger_detector: merged cross-view duplicate track 4 into track 3, distance=1.306m
[INFO] [1788610830.574271, 449.224000]: danger_detector: merged cross-view duplicate track 5 into track 2, distance=1.781m
[INFO] [1788610830.575414, 449.226000]: danger_detector: merged cross-view duplicate track 4 into track 3, distance=1.306m
[INFO] [1788610832.536749, 450.472000]: danger_detector: merged cross-view duplicate track 5 into track 2, distance=1.781m
[INFO] [1788610832.538069, 450.474000]: danger_detector: merged cross-view duplicate track 4 into track 3, distance=1.306m
[INFO] [1788610834.496489, 451.724000]: danger_detector: merged cross-view duplicate track 5 into track 2, distance=1.781m
[INFO] [1788610834.499034, 451.726000]: danger_detector: merged cross-view duplicate track 4 into track 3, distance=1.306m
[INFO] [1788610836.442114, 452.978000]: danger_detector: merged cross-view duplicate track 5 into track 2, distance=1.781m
[INFO] [1788610836.443313, 452.978000]: danger_detector: merged cross-view duplicate track 4 into track 3, distance=1.306m
[INFO] [1788610838.390022, 454.224000]: danger_detector: merged cross-view duplicate track 5 into track 2, distance=1.781m
[INFO] [1788610838.391025, 454.224000]: danger_detector: merged cross-view duplicate track 4 into track 3, distance=1.306m
[INFO] [1788610840.343732, 455.478000]: danger_detector: merged cross-view duplicate track 5 into track 2, distance=1.781m
[INFO] [1788610840.345356, 455.480000]: danger_detector: merged cross-view duplicate track 4 into track 3, distance=1.306m
[INFO] [1788610842.306953, 456.724000]: danger_detector: merged cross-view duplicate track 5 into track 2, distance=1.781m
[INFO] [1788610842.308018, 456.724000]: danger_detector: merged cross-view duplicate track 4 into track 3, distance=1.306m
[INFO] [1788610844.240644, 457.974000]: danger_detector: merged cross-view duplicate track 5 into track 2, distance=1.781m
[INFO] [1788610844.241846, 457.974000]: danger_detector: merged cross-view duplicate track 4 into track 3, distance=1.306m
[INFO] [1788610846.196461, 459.226000]: danger_detector: merged cross-view duplicate track 5 into track 2, distance=1.781m
[INFO] [1788610846.198137, 459.228000]: danger_detector: merged cross-view duplicate track 4 into track 3, distance=1.306m
[INFO] [1788610848.155173, 460.474000]: danger_detector: merged cross-view duplicate track 5 into track 2, distance=1.781m
[INFO] [1788610848.156268, 460.476000]: danger_detector: merged cross-view duplicate track 4 into track 3, distance=1.306m
[INFO] [1788610850.109890, 461.724000]: danger_detector: merged cross-view duplicate track 5 into track 2, distance=1.781m
[INFO] [1788610850.110840, 461.726000]: danger_detector: merged cross-view duplicate track 4 into track 3, distance=1.306m
[INFO] [1788610852.090934, 462.978000]: danger_detector: merged cross-view duplicate track 5 into track 2, distance=1.781m
[INFO] [1788610852.092337, 462.978000]: danger_detector: merged cross-view duplicate track 4 into track 3, distance=1.306m
[INFO] [1788610852.149065, 463.016000]: danger_detector: scan batch label=floor_2_room_1_g3 raw=0 min_points=3 clusters=[]
[INFO] [1788610852.153778, 463.018000]: danger_detector: merged cross-view duplicate track 5 into track 2, distance=1.781m
[INFO] [1788610852.156328, 463.020000]: danger_detector: merged cross-view duplicate track 4 into track 3, distance=1.306m
[INFO] [1788610854.064817, 464.236000]: danger_detector: merged cross-view duplicate track 5 into track 2, distance=1.781m
[INFO] [1788610854.065970, 464.236000]: danger_detector: merged cross-view duplicate track 4 into track 3, distance=1.306m
[INFO] [1788610856.033632, 465.476000]: danger_detector: merged cross-view duplicate track 5 into track 2, distance=1.781m
[INFO] [1788610856.035570, 465.476000]: danger_detector: merged cross-view duplicate track 4 into track 3, distance=1.306m
[INFO] [1788610857.993876, 466.724000]: danger_detector: merged cross-view duplicate track 5 into track 2, distance=1.781m
[INFO] [1788610857.994888, 466.726000]: danger_detector: merged cross-view duplicate track 4 into track 3, distance=1.306m
[INFO] [1788610859.956669, 467.976000]: danger_detector: merged cross-view duplicate track 5 into track 2, distance=1.781m
[INFO] [1788610859.957792, 467.976000]: danger_detector: merged cross-view duplicate track 4 into track 3, distance=1.306m
[INFO] [1788610861.920130, 469.230000]: danger_detector: merged cross-view duplicate track 5 into track 2, distance=1.781m
[INFO] [1788610861.921700, 469.232000]: danger_detector: merged cross-view duplicate track 4 into track 3, distance=1.306m
[INFO] [1788610863.875270, 470.480000]: danger_detector: merged cross-view duplicate track 5 into track 2, distance=1.781m
[INFO] [1788610863.877459, 470.482000]: danger_detector: merged cross-view duplicate track 4 into track 3, distance=1.306m
[INFO] [1788610863.905600, 470.500000]: danger_detector: scan batch label=floor_2_room_1_g4 raw=0 min_points=3 clusters=[]
[INFO] [1788610863.906853, 470.500000]: danger_detector: merged cross-view duplicate track 5 into track 2, distance=1.781m
[INFO] [1788610863.907777, 470.502000]: danger_detector: merged cross-view duplicate track 4 into track 3, distance=1.306m
[INFO] [1788610865.839083, 471.724000]: danger_detector: merged cross-view duplicate track 5 into track 2, distance=1.781m
[INFO] [1788610865.840666, 471.724000]: danger_detector: merged cross-view duplicate track 4 into track 3, distance=1.306m
[INFO] [1788610867.807145, 472.976000]: danger_detector: merged cross-view duplicate track 5 into track 2, distance=1.781m
[FSM]: state: INIT
wait for goal.
[FSM]: state: INIT
wait for goal.
[FSM]: state: INIT
wait for goal.
[FSM]: state: INIT
wait for goal.
[FSM]: state: INIT
wait for goal.
[FSM]: state: INIT
wait for goal.
[FSM]: state: INIT
wait for goal.
[FSM]: state: INIT
wait for goal.
[33m[WARN] [1788610879.660210546, 480.550000000]: Plane tilt guard scaling cmd_vel by 0.90 at tilt 0.152 rad[0m
[FSM]: state: INIT
wait for goal.
[FSM]: state: INIT
wait for goal.
[FSM]: state: INIT
wait for goal.
[FSM]: state: INIT
wait for goal.
[FSM]: state: INIT
wait for goal.
[FSM]: state: INIT
wait for goal.
[FSM]: state: INIT
wait for goal.
[FSM]: state: INIT
wait for goal.
[FSM]: state: INIT
wait for goal.
[FSM]: state: INIT
wait for goal.
[FSM]: state: INIT
wait for goal.
[FSM]: state: INIT
wait for goal.
[FSM]: state: INIT
wait for goal.
[FSM]: state: INIT
wait for goal.
1 userCmd=0 kbd=0 raw=0.449,0.000,-0.054 grav=0.01,-0.02,-0.98[0m
[0m[INFO] [1788610834.838348927, 451.942000000]: RL policy input vx=0.628 vy=-0.006 wz=-0.011 action_rms=0.145 ready=1 userCmd=0 kbd=0 raw=0.628,-0.006,-0.011 grav=0.01,0.01,-0.98[0m
[0m[INFO] [1788610837.951844097, 453.944000000]: RL policy input vx=0.450 vy=0.000 wz=0.004 action_rms=0.282 ready=1 userCmd=0 kbd=0 raw=0.450,0.000,0.004 grav=0.00,-0.02,-0.98[0m
[0m[INFO] [1788610841.102532476, 455.960000000]: RL policy input vx=0.788 vy=0.316 wz=0.361 action_rms=0.172 ready=1 userCmd=0 kbd=0 raw=0.788,0.316,0.361 grav=0.01,-0.01,-0.98[0m
[0m[INFO] [1788610844.250129909, 457.980000000]: RL policy input vx=0.899 vy=0.038 wz=0.046 action_rms=0.170 ready=1 userCmd=0 kbd=0 raw=0.899,0.038,0.046 grav=-0.01,-0.01,-0.98[0m
[0m[INFO] [1788610847.390534177, 459.990000000]: RL policy input vx=0.900 vy=-0.004 wz=-0.004 action_rms=0.302 ready=1 userCmd=0 kbd=0 raw=0.900,-0.004,-0.004 grav=-0.00,-0.02,-0.98[0m
[0m[INFO] [1788610850.536049157, 461.998000000]: RL policy input vx=0.000 vy=0.000 wz=-2.893 action_rms=0.195 ready=1 userCmd=0 kbd=0 raw=0.000,0.000,-2.893 grav=0.00,0.02,-0.98[0m
[0m[INFO] [1788610853.686193354, 463.998000000]: RL policy input vx=0.000 vy=0.000 wz=0.856 action_rms=0.144 ready=1 userCmd=0 kbd=0 raw=0.000,0.000,0.856 grav=0.02,-0.01,-0.98[0m
[0m[INFO] [1788610856.867460475, 466.000000000]: RL policy input vx=0.851 vy=0.293 wz=0.365 action_rms=0.306 ready=1 userCmd=0 kbd=0 raw=0.851,0.293,0.365 grav=-0.00,0.07,-0.98[0m
[0m[INFO] [1788610859.996474544, 468.002000000]: RL policy input vx=0.711 vy=0.031 wz=0.047 action_rms=0.192 ready=1 userCmd=0 kbd=0 raw=0.711,0.031,0.047 grav=0.00,-0.02,-0.98[0m
[0m[INFO] [1788610863.130464555, 470.006000000]: RL policy input vx=0.000 vy=0.000 wz=2.900 action_rms=0.409 ready=1 userCmd=0 kbd=0 raw=0.000,0.000,2.900 grav=0.01,0.01,-0.98[0m
[0m[INFO] [1788610866.298999393, 472.014000000]: RL policy input vx=0.964 vy=-0.134 wz=-0.155 action_rms=0.386 ready=1 userCmd=0 kbd=0 raw=0.964,-0.134,-0.155 grav=0.02,-0.03,-0.98[0m
[0m[INFO] [1788610869.448158907, 474.020000000]: RL policy input vx=0.224 vy=0.000 wz=0.163 action_rms=0.166 ready=1 userCmd=0 kbd=0 raw=0.224,0.000,0.163 grav=0.01,-0.02,-0.98[0m
[0m[INFO] [1788610872.576212414, 476.024000000]: RL policy input vx=0.450 vy=0.000 wz=0.020 action_rms=0.283 ready=1 userCmd=0 kbd=0 raw=0.450,0.000,0.020 grav=0.01,-0.02,-0.98[0m
[0m[INFO] [1788610875.719732287, 478.042000000]: RL policy input vx=0.439 vy=0.000 wz=-0.395 action_rms=0.163 ready=1 userCmd=0 kbd=0 raw=0.439,0.000,-0.395 grav=-0.01,0.00,-0.98[0m
[0m[INFO] [1788610878.887299703, 480.056000000]: RL policy input vx=1.907 vy=-0.450 wz=-0.252 action_rms=0.193 ready=1 userCmd=0 kbd=0 raw=1.907,-0.450,-0.252 grav=-0.03,-0.04,-0.98[0m
[0m[INFO] [1788610881.998561221, 482.062000000]: RL policy input vx=2.245 vy=-0.153 wz=-0.075 action_rms=0.235 ready=1 userCmd=0 kbd=0 raw=2.245,-0.153,-0.075 grav=0.00,-0.08,-0.98[0m
[0m[INFO] [1788610885.083105496, 484.064000000]: RL policy input vx=2.250 vy=-0.004 wz=-0.002 action_rms=0.350 ready=1 userCmd=0 kbd=0 raw=2.250,-0.004,-0.002 grav=-0.01,0.01,-0.98[0m
[0m[INFO] [1788610888.197561027, 486.084000000]: RL policy input vx=2.242 vy=0.184 wz=0.090 action_rms=0.283 ready=1 userCmd=0 kbd=0 raw=2.242,0.184,0.090 grav=-0.02,-0.09,-0.98[0m
[0m[INFO] [1788610891.300789202, 488.090000000]: RL policy input vx=0.000 vy=0.000 wz=0.807 action_rms=0.238 ready=1 userCmd=0 kbd=0 raw=0.000,0.000,0.807 grav=0.02,0.06,-0.98[0m
[0m[INFO] [1788610894.409507946, 490.102000000]: RL policy input vx=0.449 vy=0.000 wz=0.087 action_rms=0.166 ready=1 userCmd=0 kbd=0 raw=0.449,0.000,0.087 grav=-0.01,-0.01,-0.98[0m
[0m[INFO] [1788610897.511352109, 492.116000000]: RL policy input vx=0.450 vy=0.000 wz=-0.001 action_rms=0.289 ready=1 userCmd=0 kbd=0 raw=0.450,0.000,-0.001 grav=0.00,-0.02,-0.98[0m
[0m[INFO] [1788610900.617459137, 494.130000000]: RL policy input vx=0.872 vy=-0.223 wz=-0.276 action_rms=0.309 ready=1 userCmd=0 kbd=0 raw=0.872,-0.223,-0.276 grav=-0.02,-0.03[FSM]: state: INIT
wait for goal.
[FSM]: state: INIT
wait for goal.
[FSM]: state: INIT
wait for goal.
[FSM]: state: INIT
wait for goal.
[FSM]: state: INIT
wait for goal.
[FSM]: state: INIT
wait for goal.
[FSM]: state: INIT
wait for goal.
[FSM]: state: INIT
wait for goal.
[FSM]: state: INIT
wait for goal.
[FSM]: state: INIT
wait for goal.
[FSM]: state: INIT
wait for goal.
[FSM]: state: INIT
wait for goal.
[FSM]: state: INIT
wait for goal.
[FSM]: state: INIT
wait for goal.
[FSM]: state: INIT
wait for goal.
[FSM]: state: INIT
wait for goal.
[INFO] [1788610867.808503, 472.978000]: danger_detector: merged cross-view duplicate track 4 into track 3, distance=1.306m
[INFO] [1788610869.760669, 474.220000]: danger_detector: merged cross-view duplicate track 5 into track 2, distance=1.781m
[INFO] [1788610869.761775, 474.220000]: danger_detector: merged cross-view duplicate track 4 into track 3, distance=1.306m
[INFO] [1788610871.715571, 475.470000]: danger_detector: merged cross-view duplicate track 5 into track 2, distance=1.781m
[INFO] [1788610871.716933, 475.470000]: danger_detector: merged cross-view duplicate track 4 into track 3, distance=1.306m
[INFO] [1788610873.673863, 476.724000]: danger_detector: merged cross-view duplicate track 5 into track 2, distance=1.781m
[INFO] [1788610873.675569, 476.726000]: danger_detector: merged cross-view duplicate track 4 into track 3, distance=1.306m
[INFO] [1788610875.614241, 477.972000]: danger_detector: merged cross-view duplicate track 5 into track 2, distance=1.781m
[INFO] [1788610875.616229, 477.974000]: danger_detector: merged cross-view duplicate track 4 into track 3, distance=1.306m
[INFO] [1788610877.584088, 479.234000]: danger_detector: merged cross-view duplicate track 5 into track 2, distance=1.781m
[INFO] [1788610877.585104, 479.234000]: danger_detector: merged cross-view duplicate track 4 into track 3, distance=1.306m
[INFO] [1788610879.544389, 480.478000]: danger_detector: merged cross-view duplicate track 5 into track 2, distance=1.781m
[INFO] [1788610879.546441, 480.478000]: danger_detector: merged cross-view duplicate track 4 into track 3, distance=1.306m
[INFO] [1788610881.526291, 481.756000]: danger_detector: merged cross-view duplicate track 5 into track 2, distance=1.781m
[INFO] [1788610881.527410, 481.756000]: danger_detector: merged cross-view duplicate track 4 into track 3, distance=1.306m
[INFO] [1788610883.434954, 482.994000]: danger_detector: merged cross-view duplicate track 5 into track 2, distance=1.781m
[INFO] [1788610883.435760, 482.994000]: danger_detector: merged cross-view duplicate track 4 into track 3, distance=1.306m
[INFO] [1788610885.372943, 484.252000]: danger_detector: merged cross-view duplicate track 5 into track 2, distance=1.781m
[INFO] [1788610885.373780, 484.252000]: danger_detector: merged cross-view duplicate track 4 into track 3, distance=1.306m
[INFO] [1788610887.276778, 485.488000]: danger_detector: merged cross-view duplicate track 5 into track 2, distance=1.781m
[INFO] [1788610887.277989, 485.490000]: danger_detector: merged cross-view duplicate track 4 into track 3, distance=1.306m
[INFO] [1788610889.220631, 486.746000]: danger_detector: merged cross-view duplicate track 5 into track 2, distance=1.781m
[INFO] [1788610889.221585, 486.746000]: danger_detector: merged cross-view duplicate track 4 into track 3, distance=1.306m
[INFO] [1788610891.113656, 487.972000]: danger_detector: merged cross-view duplicate track 5 into track 2, distance=1.781m
[INFO] [1788610891.115624, 487.974000]: danger_detector: merged cross-view duplicate track 4 into track 3, distance=1.306m
[INFO] [1788610893.046615, 489.218000]: danger_detector: merged cross-view duplicate track 5 into track 2, distance=1.781m
[INFO] [1788610893.048061, 489.218000]: danger_detector: merged cross-view duplicate track 4 into track 3, distance=1.306m
[INFO] [1788610894.974835, 490.468000]: danger_detector: merged cross-view duplicate track 5 into track 2, distance=1.781m
[INFO] [1788610894.976615, 490.468000]: danger_detector: merged cross-view duplicate track 4 into track 3, distance=1.306m
[INFO] [1788610896.889464, 491.712000]: danger_detector: merged cross-view duplicate track 5 into track 2, distance=1.781m
[INFO] [1788610896.890339, 491.712000]: danger_detector: merged cross-view duplicate track 4 into track 3, distance=1.306m
[INFO] [1788610898.812869, 492.960000]: danger_detector: merged cross-view duplicate track 5 into track 2, distance=1.781m
[INFO] [1788610898.814282, 492.962000]: danger_detector: merged cross-view duplicate track 4 into track 3, distance=1.306m
[INFO] [1788610900.753149, 494.218000]: danger_detector: merged cross-view duplicate track 5 into track 2, distance=1.781m
[INFO] [1788610900.754545, 494.220000]: danger_detector: merged cross-view duplicate track 4 into track 3, distance=1.306m
[INFO] [1788610902.702164, 495.474000]: danger_detector: merged cross-view duplicate track 5 into track 2, distance=1.781m
[INFO] [1788610902.703480, 495.474000]: danger_detector: merged cross-view duplicate track 4 into track 3, distance=1.306m
[INFO] [1788610904.637733, 496.722000]: danger_detector: merged cross-view duplicate track 5 into track 2, distance=1.781m
[INFO] [1788610904.639425, 496.724000]: danger_detector: merged cross-view duplicate track 4 into track 3, distance=1.306m
[INFO] [1788610906.585120, 497.980000]: danger_detector: merged cross-view duplicate track 5 into track 2, distance=1.781m
[INFO] [1788610906.586273, 497.980000]: danger_detector: merged cross-view duplicate track 4 into track 3, distance=1.306m
[INFO] [1788610908.497107, 499.216000]: danger_detector: merged cross-view duplicate track 5 into track 2, distance=1.781m
[INFO] [1788610908.498532, 499.216000]: danger_detector: merged cross-view duplicate track 4 into track 3, distance=1.306m
[INFO] [1788610910.474333, 500.480000]: danger_detector: merged cross-view duplicate track 5 into track 2, distance=1.781m
[INFO] [1788610910.475550, 500.482000]: danger_detector: merged cross-view duplicate track 4 into track 3, distance=1.306m
[INFO] [1788610910.821912, 500.698000]: danger_detector: scan batch label=floor_2_room_2_g3 raw=0 min_points=3 clusters=[]
[INFO] [1788610910.823663, 500.698000]: danger_detector: merged cross-view duplicate track 5 into track 2, distance=1.781m
[INFO] [1788610910.824970, 500.700000]: danger_detector: merged cross-view duplicate track 4 into track 3, distance=1.306m
[INFO] [1788610912.450276, 501.744000]: danger_detector: merged cross-view duplicate track 5 into track 2, distance=1.781m
[INFO] [1788610912.451198, 501.746000]: danger_detector: merged cross-view duplicate track 4 into track 3, distance=1.306m
[INFO] [1788610914.390149, 502.980000]: danger_detector: merged cross-view duplicate track 5 into track 2, distance=1.781m
[INFO] [1788610914.390942, 502.982000]: danger_detector: merged cross-view duplicate track 4 into track 3, distance=1.306m
[INFO] [1788610916.336479, 504.224000]: danger_detector: merged cross-view duplicate track 5 into track 2, distance=1.781m
[INFO] [1788610916.337301, 504.224000]: danger_detector: merged cross-view duplicate track 4 into track 3, distance=1.306m
[INFO] [1788610918.332165, 505.482000]: danger_detector: merged cross-view duplicate track 5 into track 2, distance=1.781m
[INFO] [1788610918.333014, 505.484000]: danger_detector: merged cross-view duplicate track 4 into track 3, distance=1.306m
[INFO] [1788610920.301549, 506.726000]: danger_detector: merged cross-view duplicate track 5 into track 2, distance=1.781m
[INFO] [1788610920.302445, 506.726000]: danger_detector: merged cross-view duplicate track 4 into track 3, distance=1.306m
[INFO] [1788610922.165922, 507.924000]: danger_detector: scan batch label=floor_2_room_2_g4 raw=0 min_points=3 clusters=[]
[INFO] [1788610922.167820, 507.926000]: danger_detector: merged cross-view duplicate track 5 into track 2, distance=1.781m
[INFO] [1788610922.168623, 507.926000]: danger_detector: merged cross-view duplicate track 4 into track 3, distance=1.306m
[INFO] [1788610922.292285, 508.006000]: danger_detector: merged cross-view duplicate track 5 into track 2, distance=1.781m
[INFO] [1788610922.293306, 508.006000]: danger_detector: merged cross-view duplicate track 4 into track 3, distance=1.306m
[INFO] [1788610924.224336, 509.230000]: danger_detector: merged cross-view duplicate track 5 into track 2, distance=1.781m
[INFO] [1788610924.225648, 509.232000]: danger_detector: merged cross-view duplicate track 4 into track 3, distance=1.306m
[INFO] [1788610926.196881, 510.484000]: danger_detector: merged cross-view duplicate track 5 into track 2, distance=1.781m
[FSM]: state: INIT
wait for goal.
[FSM]: state: INIT
wait for goal.
[FSM]: state: INIT
wait for goal.
[FSM]: state: INIT
wait for goal.
[FSM]: state: INIT
wait for goal.
[FSM]: state: INIT
wait for goal.
[FSM]: state: INIT
wait for goal.
[FSM]: state: INIT
wait for goal.
[FSM]: state: INIT
wait for goal.
[FSM]: state: INIT
wait for goal.
[FSM]: state: INIT
wait for goal.
[FSM]: state: INIT
wait for goal.
[FSM]: state: INIT
wait for goal.
[FSM]: state: INIT
wait for goal.
[FSM]: state: INIT
wait for goal.
[FSM]: state: INIT
wait for goal.
[FSM]: state: INIT
wait for goal.
[FSM]: state: INIT
wait for goal.
[FSM]: state: INIT
wait for goal.
[FSM]: state: INIT
wait for goal.
[FSM]: state: INIT
wait for goal.
[FSM]: state: INIT
wait for goal.
[FSM]: state: INIT
wait for goal.
[FSM]: state: INIT
wait for goal.
[FSM]: state: INIT
wait for goal.
[FSM]: state: INIT
wait for goal.
[FSM]: state: INIT
wait for goal.
[FSM]: state: INIT
wait for goal.
[FSM]: state: INIT
wait for goal.
[FSM]: state: INIT
wait for goal.
,-0.98[0m
[0m[INFO] [1788610903.730423570, 496.140000000]: RL policy input vx=0.900 vy=-0.018 wz=-0.022 action_rms=0.344 ready=1 userCmd=0 kbd=0 raw=0.900,-0.018,-0.022 grav=0.00,-0.03,-0.98[0m
[0m[INFO] [1788610906.840735359, 498.146000000]: RL policy input vx=0.659 vy=-0.010 wz=-0.017 action_rms=0.140 ready=1 userCmd=0 kbd=0 raw=0.659,-0.010,-0.017 grav=0.01,-0.02,-0.98[0m
[0m[INFO] [1788610909.959151123, 500.152000000]: RL policy input vx=0.000 vy=0.000 wz=2.900 action_rms=0.293 ready=1 userCmd=0 kbd=0 raw=0.000,0.000,2.900 grav=0.01,0.01,-0.98[0m
[0m[INFO] [1788610913.087108108, 502.156000000]: RL policy input vx=0.000 vy=0.000 wz=-1.500 action_rms=0.235 ready=1 userCmd=0 kbd=0 raw=0.000,0.000,-1.500 grav=0.00,-0.01,-0.98[0m
[0m[INFO] [1788610916.238361506, 504.160000000]: RL policy input vx=0.887 vy=-0.153 wz=-0.188 action_rms=0.354 ready=1 userCmd=0 kbd=0 raw=0.887,-0.153,-0.188 grav=-0.01,-0.05,-0.98[0m
[0m[INFO] [1788610919.410241579, 506.164000000]: RL policy input vx=0.090 vy=0.000 wz=-0.150 action_rms=0.258 ready=1 userCmd=0 kbd=0 raw=0.090,0.000,-0.150 grav=0.02,-0.02,-0.98[0m
[0m[INFO] [1788610922.555077800, 508.176000000]: RL policy input vx=0.428 vy=-0.460 wz=-1.785 action_rms=0.245 ready=1 userCmd=0 kbd=0 raw=0.428,-0.460,-1.785 grav=0.01,0.01,-0.98[0m
[0m[INFO] [1788610925.726352589, 510.184000000]: RL policy input vx=0.449 vy=0.000 wz=-0.067 action_rms=0.234 ready=1 userCmd=0 kbd=0 raw=0.449,0.000,-0.067 grav=0.04,-0.02,-0.98[0m
[0m[INFO] [1788610928.855913542, 512.184000000]: RL policy input vx=0.450 vy=0.000 wz=-0.023 action_rms=0.158 ready=1 userCmd=0 kbd=0 raw=0.450,0.000,-0.023 grav=0.01,-0.01,-0.98[0m
[0m[INFO] [1788610931.995592639, 514.194000000]: RL policy input vx=1.299 vy=0.019 wz=0.016 action_rms=0.390 ready=1 userCmd=0 kbd=0 raw=1.299,0.019,0.016 grav=-0.03,0.04,-0.98[0m
[0m[INFO] [1788610935.138876107, 516.210000000]: RL policy input vx=0.450 vy=0.000 wz=0.005 action_rms=0.159 ready=1 userCmd=0 kbd=0 raw=0.450,0.000,0.005 grav=0.01,-0.02,-0.98[0m
[0m[INFO] [1788610938.266715983, 518.216000000]: RL policy input vx=0.450 vy=0.000 wz=-0.025 action_rms=0.282 ready=1 userCmd=0 kbd=0 raw=0.450,0.000,-0.025 grav=0.01,-0.01,-0.98[0m
[0m[INFO] [1788610941.393428394, 520.216000000]: RL policy input vx=0.284 vy=-0.096 wz=-0.359 action_rms=0.243 ready=1 userCmd=0 kbd=0 raw=0.284,-0.096,-0.359 grav=0.02,-0.05,-0.98[0m
[0m[INFO] [1788610944.537267629, 522.226000000]: RL policy input vx=0.826 vy=0.357 wz=0.449 action_rms=0.262 ready=1 userCmd=0 kbd=0 raw=0.826,0.357,0.449 grav=-0.02,-0.04,-0.98[0m
[0m[INFO] [1788610947.693549368, 524.242000000]: RL policy input vx=0.899 vy=0.042 wz=0.051 action_rms=0.279 ready=1 userCmd=0 kbd=0 raw=0.899,0.042,0.051 grav=-0.00,-0.02,-0.98[0m
[0m[INFO] [1788610950.835276615, 526.254000000]: RL policy input vx=0.704 vy=0.006 wz=0.009 action_rms=0.157 ready=1 userCmd=0 kbd=0 raw=0.704,0.006,0.009 grav=0.00,-0.02,-0.98[0m
[0m[INFO] [1788610953.942333838, 528.256000000]: RL policy input vx=0.000 vy=0.000 wz=2.900 action_rms=0.199 ready=1 userCmd=0 kbd=0 raw=0.000,0.000,2.900 grav=0.03,0.01,-0.98[0m
[0m[INFO] [1788610957.117498727, 530.276000000]: RL policy input vx=0.366 vy=0.565 wz=1.105 action_rms=0.377 ready=1 userCmd=0 kbd=0 raw=0.366,0.565,1.105 grav=0.00,-0.02,-0.98[0m
[0m[INFO] [1788610960.248994872, 532.286000000]: RL policy input vx=0.248 vy=0.450 wz=1.150 action_rms=0.362 ready=1 userCmd=0 kbd=0 raw=0.248,0.450,1.150 grav=0.01,-0.01,-0.98[0m
[0m[INFO] [1788610963.348993427, 534.296000000]: RL policy input vx=0.745 vy=0.689 wz=0.821 action_rms=0.452 ready=1 userCmd=0 kbd=0 raw=0.745,0.689,0.821 grav=-0.00,-0.02,-0.98[0m
[0m[INFO] [1788610966.472811165, 536.304000000]: RL policy input vx=0.845 vy=0.310 wz=0.387 action_rms=0.316 ready=1 userCmd=0 kbd=0 raw=0.845,0.310,0.387 grav=-0.01,0.07,-0.98[0m
[0m[INFO] [1788610969.641447606, 538.316000000]: RL policy input vx=0.899 vy=0.039 wz=0.047 action_rms=0.251 ready=1 userCmd=0 kbd=0 raw=0.899,0.039,0.047 grav=-0.00,-0.02,-0.98[0m
[0m[INFO] [1788610972.787434150, 540.322000000]:[FSM]: state: INIT
wait for goal.
[FSM]: state: INIT
wait for goal.
[FSM]: state: INIT
wait for goal.
[FSM]: state: INIT
wait for goal.
[FSM]: state: INIT
wait for goal.
[FSM]: state: INIT
wait for goal.
[INFO] [1788610926.198519, 510.484000]: danger_detector: merged cross-view duplicate track 4 into track 3, distance=1.306m
[INFO] [1788610928.134660, 511.722000]: danger_detector: merged cross-view duplicate track 5 into track 2, distance=1.781m
[INFO] [1788610928.135751, 511.722000]: danger_detector: merged cross-view duplicate track 4 into track 3, distance=1.306m
[INFO] [1788610930.086613, 512.974000]: danger_detector: merged cross-view duplicate track 5 into track 2, distance=1.781m
[INFO] [1788610930.087560, 512.974000]: danger_detector: merged cross-view duplicate track 4 into track 3, distance=1.306m
[INFO] [1788610932.040231, 514.222000]: danger_detector: merged cross-view duplicate track 5 into track 2, distance=1.781m
[INFO] [1788610932.041133, 514.224000]: danger_detector: merged cross-view duplicate track 4 into track 3, distance=1.306m
[INFO] [1788610933.983631, 515.474000]: danger_detector: merged cross-view duplicate track 5 into track 2, distance=1.781m
[INFO] [1788610933.984714, 515.476000]: danger_detector: merged cross-view duplicate track 4 into track 3, distance=1.306m
[INFO] [1788610935.944176, 516.722000]: danger_detector: merged cross-view duplicate track 5 into track 2, distance=1.781m
[INFO] [1788610935.945491, 516.724000]: danger_detector: merged cross-view duplicate track 4 into track 3, distance=1.306m
[INFO] [1788610937.890357, 517.976000]: danger_detector: merged cross-view duplicate track 5 into track 2, distance=1.781m
[INFO] [1788610937.891291, 517.976000]: danger_detector: merged cross-view duplicate track 4 into track 3, distance=1.306m
[INFO] [1788610939.844012, 519.224000]: danger_detector: merged cross-view duplicate track 5 into track 2, distance=1.781m
[INFO] [1788610939.845186, 519.226000]: danger_detector: merged cross-view duplicate track 4 into track 3, distance=1.306m
[INFO] [1788610941.815169, 520.480000]: danger_detector: merged cross-view duplicate track 5 into track 2, distance=1.781m
[INFO] [1788610941.816792, 520.480000]: danger_detector: merged cross-view duplicate track 4 into track 3, distance=1.306m
[INFO] [1788610943.778666, 521.736000]: danger_detector: merged cross-view duplicate track 5 into track 2, distance=1.781m
[INFO] [1788610943.780138, 521.736000]: danger_detector: merged cross-view duplicate track 4 into track 3, distance=1.306m
[INFO] [1788610945.712917, 522.976000]: danger_detector: merged cross-view duplicate track 5 into track 2, distance=1.781m
[INFO] [1788610945.714049, 522.976000]: danger_detector: merged cross-view duplicate track 4 into track 3, distance=1.306m
[INFO] [1788610947.671666, 524.228000]: danger_detector: merged cross-view duplicate track 5 into track 2, distance=1.781m
[INFO] [1788610947.672832, 524.228000]: danger_detector: merged cross-view duplicate track 4 into track 3, distance=1.306m
[INFO] [1788610949.602887, 525.472000]: danger_detector: merged cross-view duplicate track 5 into track 2, distance=1.781m
[INFO] [1788610949.604476, 525.474000]: danger_detector: merged cross-view duplicate track 4 into track 3, distance=1.306m
[INFO] [1788610951.577830, 526.726000]: danger_detector: merged cross-view duplicate track 5 into track 2, distance=1.781m
[INFO] [1788610951.579112, 526.728000]: danger_detector: merged cross-view duplicate track 4 into track 3, distance=1.306m
[INFO] [1788610953.539917, 527.994000]: danger_detector: merged cross-view duplicate track 5 into track 2, distance=1.781m
[INFO] [1788610953.540873, 527.994000]: danger_detector: merged cross-view duplicate track 4 into track 3, distance=1.306m
[INFO] [1788610954.656532, 528.714000]: danger_detector: confirmed red sphere #7 at [2.9978, 25.5502, 5.35], t=512.23s, stage=floor_3_exploration
[INFO] [1788610954.657625, 528.714000]: danger_detector: merged cross-view duplicate track 5 into track 2, distance=1.781m
[INFO] [1788610954.658151, 528.714000]: danger_detector: merged cross-view duplicate track 4 into track 3, distance=1.306m
[INFO] [1788610954.875073, 528.854000]: danger_detector: scan batch label=floor_2_room_3_g3 raw=5 min_points=3 clusters=[(2.8632358781195695, 25.476482068312265)]
[INFO] [1788610954.877536, 528.854000]: danger_detector: merged cross-view duplicate track 5 into track 2, distance=1.781m
[INFO] [1788610954.879617, 528.856000]: danger_detector: merged cross-view duplicate track 4 into track 3, distance=1.306m
[INFO] [1788610955.467996, 529.226000]: danger_detector: merged cross-view duplicate track 5 into track 2, distance=1.781m
[INFO] [1788610955.469015, 529.228000]: danger_detector: merged cross-view duplicate track 4 into track 3, distance=1.306m
[INFO] [1788610957.427277, 530.476000]: danger_detector: merged cross-view duplicate track 5 into track 2, distance=1.781m
[INFO] [1788610957.428968, 530.478000]: danger_detector: merged cross-view duplicate track 4 into track 3, distance=1.306m
[INFO] [1788610959.372822, 531.726000]: danger_detector: merged cross-view duplicate track 5 into track 2, distance=1.781m
[INFO] [1788610959.373946, 531.728000]: danger_detector: merged cross-view duplicate track 4 into track 3, distance=1.306m
[INFO] [1788610961.355493, 533.000000]: danger_detector: merged cross-view duplicate track 5 into track 2, distance=1.781m
[INFO] [1788610961.356361, 533.000000]: danger_detector: merged cross-view duplicate track 4 into track 3, distance=1.306m
[INFO] [1788610963.260630, 534.238000]: danger_detector: merged cross-view duplicate track 5 into track 2, distance=1.781m
[INFO] [1788610963.261786, 534.238000]: danger_detector: merged cross-view duplicate track 4 into track 3, distance=1.306m
[INFO] [1788610965.177169, 535.480000]: danger_detector: merged cross-view duplicate track 5 into track 2, distance=1.781m
[INFO] [1788610965.178892, 535.480000]: danger_detector: merged cross-view duplicate track 4 into track 3, distance=1.306m
[INFO] [1788610967.140020, 536.720000]: danger_detector: merged cross-view duplicate track 5 into track 2, distance=1.781m
[INFO] [1788610967.141105, 536.722000]: danger_detector: merged cross-view duplicate track 4 into track 3, distance=1.306m
[INFO] [1788610969.099253, 537.972000]: danger_detector: merged cross-view duplicate track 5 into track 2, distance=1.781m
[INFO] [1788610969.100227, 537.974000]: danger_detector: merged cross-view duplicate track 4 into track 3, distance=1.306m
[INFO] [1788610971.062867, 539.222000]: danger_detector: merged cross-view duplicate track 5 into track 2, distance=1.781m
[INFO] [1788610971.064178, 539.222000]: danger_detector: merged cross-view duplicate track 4 into track 3, distance=1.306m
[INFO] [1788610973.026352, 540.476000]: danger_detector: merged cross-view duplicate track 5 into track 2, distance=1.781m
[INFO] [1788610973.027424, 540.478000]: danger_detector: merged cross-view duplicate track 4 into track 3, distance=1.306m
[INFO] [1788610974.976619, 541.730000]: danger_detector: merged cross-view duplicate track 5 into track 2, distance=1.781m
[INFO] [1788610974.979180, 541.732000]: danger_detector: merged cross-view duplicate track 4 into track 3, distance=1.306m
[INFO] [1788610975.004318, 541.748000]: danger_detector: scan batch label=floor_2_room_3_g4 raw=0 min_points=3 clusters=[]
[INFO] [1788610975.007198, 541.750000]: danger_detector: merged cross-view duplicate track 5 into track 2, distance=1.781m
[INFO] [1788610975.008977, 541.750000]: danger_detector: merged cross-view duplicate track 4 into track 3, distance=1.306m
[INFO] [1788610976.956956, 542.984000]: danger_detector: merged cross-view duplicate track 5 into track 2, distance=1.781m
[INFO] [1788610976.958229, 542.986000]: danger_detector: merged cross-view duplicate track 4 into track 3, distance=1.306m
[INFO] [1788610978.914895, 544.224000]: danger_detector: merged cross-view duplicate track 5 into track 2, distance=1.781m
[INFO] [1788610978.916848, 544.226000]: danger_detector: merged cross-view duplicate track 4 into track 3, distance=1.306m
[INFO] [1788610980.907099, 545.490000]: danger_detector: merged cross-view duplicate track 5 into track 2, distance=1.781m
[INFO] [1788610980.908324, 545.490000]: danger_detector: merged cross-view duplicate track 4 into track 3, distance=1.306m
[FSM]: state: INIT
wait for goal.
[FSM]: state: INIT
wait for goal.
[FSM]: state: INIT
wait for goal.
[FSM]: state: INIT
wait for goal.
[FSM]: state: INIT
wait for goal.
[FSM]: state: INIT
wait for goal.
[FSM]: state: INIT
wait for goal.
[FSM]: state: INIT
wait for goal.
[33m[WARN] [1788610995.727107888, 555.002000000]: Plane tilt guard scaling cmd_vel by 0.98 at tilt 0.143 rad[0m
[FSM]: state: INIT
wait for goal.
[FSM]: state: INIT
wait for goal.
[FSM]: state: INIT
wait for goal.
[FSM]: state: INIT
wait for goal.
[FSM]: state: INIT
wait for goal.
[FSM]: state: INIT
wait for goal.
[FSM]: state: INIT
wait for goal.
[FSM]: state: INIT
wait for goal.
[FSM]: state: INIT
wait for goal.
[33m[WARN] [1788611009.335279417, 563.700000000]: Plane tilt guard scaling cmd_vel by 0.88 at tilt 0.155 rad[0m
[FSM]: state: INIT
wait for goal.
[FSM]: state: INIT
wait for goal.
[FSM]: state: INIT
wait for goal.
[FSM]: state: INIT
wait for goal.
[FSM]: state: INIT
wait for goal.
[FSM]: state: INIT
wait for goal.
[FSM]: state: INIT
wait for goal.
[FSM]: state: INIT
wait for goal.
[FSM]: state: INIT
wait for goal.
[FSM]: state: INIT
wait for goal.
[FSM]: state: INIT
wait for goal.
[FSM]: state: INIT
wait for goal.
[FSM]: state: INIT
wait for goal.
[FSM]: state: INIT
wait for goal.
[FSM]: state: INIT
wait for goal.
[FSM]: state: INIT
wait for goal.
 RL policy input vx=0.000 vy=0.000 wz=-1.504 action_rms=0.295 ready=1 userCmd=0 kbd=0 raw=0.000,0.000,-1.504 grav=0.02,-0.01,-0.98[0m
[0m[INFO] [1788610975.934972050, 542.332000000]: RL policy input vx=0.235 vy=-0.450 wz=-1.150 action_rms=0.286 ready=1 userCmd=0 kbd=0 raw=0.235,-0.450,-1.150 grav=-0.02,0.05,-0.98[0m
[0m[INFO] [1788610979.097732624, 544.342000000]: RL policy input vx=0.364 vy=-0.058 wz=-0.174 action_rms=0.160 ready=1 userCmd=0 kbd=0 raw=0.364,-0.058,-0.174 grav=0.07,-0.07,-0.97[0m
[0m[INFO] [1788610982.278683371, 546.362000000]: RL policy input vx=0.284 vy=0.098 wz=0.364 action_rms=0.150 ready=1 userCmd=0 kbd=0 raw=0.284,0.098,0.364 grav=0.03,0.02,-0.98[0m
[0m[INFO] [1788610985.431277809, 548.368000000]: RL policy input vx=0.000 vy=0.000 wz=-0.341 action_rms=0.163 ready=1 userCmd=0 kbd=0 raw=0.000,0.000,-0.341 grav=0.00,0.00,-0.98[0m
[0m[INFO] [1788610988.548234705, 550.376000000]: RL policy input vx=0.448 vy=0.000 wz=-0.091 action_rms=0.253 ready=1 userCmd=0 kbd=0 raw=0.448,0.000,-0.091 grav=-0.00,-0.00,-0.98[0m
[0m[INFO] [1788610991.672917865, 552.392000000]: RL policy input vx=0.449 vy=0.000 wz=-0.072 action_rms=0.202 ready=1 userCmd=0 kbd=0 raw=0.449,0.000,-0.072 grav=0.00,-0.02,-0.98[0m
[0m[INFO] [1788610994.780397686, 554.398000000]: RL policy input vx=0.824 vy=0.750 wz=0.812 action_rms=0.274 ready=1 userCmd=0 kbd=0 raw=0.824,0.750,0.812 grav=-0.03,-0.00,-0.98[0m
[0m[INFO] [1788610997.972603321, 556.408000000]: RL policy input vx=2.240 vy=0.209 wz=0.103 action_rms=0.274 ready=1 userCmd=0 kbd=0 raw=2.240,0.209,0.103 grav=-0.03,-0.08,-0.98[0m
[0m[INFO] [1788611001.103827232, 558.410000000]: RL policy input vx=2.249 vy=0.057 wz=0.028 action_rms=0.479 ready=1 userCmd=0 kbd=0 raw=2.249,0.057,0.028 grav=0.01,-0.00,-0.98[0m
[0m[INFO] [1788611004.255966168, 560.428000000]: RL policy input vx=2.249 vy=0.066 wz=0.032 action_rms=0.355 ready=1 userCmd=0 kbd=0 raw=2.249,0.066,0.032 grav=-0.04,-0.07,-0.98[0m
[0m[INFO] [1788611007.385591060, 562.440000000]: RL policy input vx=2.248 vy=0.090 wz=0.044 action_rms=0.458 ready=1 userCmd=0 kbd=0 raw=2.248,0.090,0.044 grav=0.01,-0.01,-0.98[0m
[0m[INFO] [1788611010.491501568, 564.446000000]: RL policy input vx=2.235 vy=0.259 wz=0.127 action_rms=0.290 ready=1 userCmd=0 kbd=0 raw=2.235,0.259,0.127 grav=0.04,-0.02,-0.98[0m
[0m[INFO] [1788611013.605645729, 566.450000000]: RL policy input vx=1.430 vy=-0.350 wz=-0.264 action_rms=0.197 ready=1 userCmd=0 kbd=0 raw=1.430,-0.350,-0.264 grav=-0.02,-0.01,-0.98[0m
[0m[INFO] [1788611016.723508093, 568.466000000]: RL policy input vx=1.846 vy=-0.119 wz=-0.071 action_rms=0.300 ready=1 userCmd=0 kbd=0 raw=1.846,-0.119,-0.071 grav=-0.00,-0.03,-0.98[0m
[0m[INFO] [1788611019.822993911, 570.472000000]: RL policy input vx=1.828 vy=-0.010 wz=-0.006 action_rms=0.331 ready=1 userCmd=0 kbd=0 raw=1.828,-0.010,-0.006 grav=-0.01,-0.03,-0.98[0m
[0m[INFO] [1788611022.918911091, 572.480000000]: RL policy input vx=0.000 vy=0.000 wz=-0.601 action_rms=0.141 ready=1 userCmd=0 kbd=0 raw=0.000,0.000,-0.601 grav=0.01,0.01,-0.98[0m
[0m[INFO] [1788611026.023209593, 574.488000000]: RL policy input vx=0.794 vy=0.000 wz=-0.056 action_rms=0.196 ready=1 userCmd=0 kbd=0 raw=0.794,0.000,-0.056 grav=-0.03,0.00,-0.98[0m
[0m[INFO] [1788611029.121275912, 576.494000000]: RL policy input vx=0.000 vy=0.000 wz=-1.000 action_rms=0.264 ready=1 userCmd=0 kbd=0 raw=0.000,0.000,-1.000 grav=0.04,-0.02,-0.98[0m
[0m[INFO] [1788611032.253347867, 578.502000000]: RL policy input vx=0.000 vy=0.000 wz=-0.235 action_rms=0.196 ready=1 userCmd=0 kbd=0 raw=0.000,0.000,-0.235 grav=-0.00,-0.00,-0.98[0m
Switched from RL to fixed stand
infer_thread退出!
[33m[WARN] [1788611034.374232834, 579.822000000]: Using one-shot captured-pose FixedStand profile: ramp 0.50 s, settle 0.00 s, ready after 0.50 s + 0.50 s stable, minimum gain 0.75[0m
[INFO] Using /stand_target_joints param stance.
[FSM]: state: INIT
wait for goal.
Switched from fixed stand to RL
[INFO] Entered RL /cmd_vel mode.
[33m[WARN] [1788611035.687790298, 580.664000000]: Using one-shot stair RL takeover profile: blend 0.75 s, zero hold 0.25 s[0m
cuda::is_available():0
[WARNING] UNITREE_RL_DEVICE=hybrid selected CUDA for this policy but CUDA is unavailable; using CPU.
RL inference device: cpu (requested=hybrid, policy=stair)
[INFO] RL policy activated from preload cache at FixedStand entry boundary: /home/quinn/0904/runtime_assets/SimEnv/src/unitree_guide/logs/policy_act_inference_stair.pt
[FSM]: state: INIT
wait for goal.
[FSM]: state: INIT
wait for goal.
[FSM]: state: INIT
wait for goal.
[FSM]: state: INIT
wait for goal.
[FSM]: state: INIT
wait for goal.
[FSM]: state: INIT
wait for goal.
[FSM]: state: INIT
wait for goal.
[INFO] [1788610982.867555, 546.734000]: danger_detector: merged cross-view duplicate track 5 into track 2, distance=1.781m
[INFO] [1788610982.869089, 546.736000]: danger_detector: merged cross-view duplicate track 4 into track 3, distance=1.306m
[INFO] [1788610984.825867, 547.976000]: danger_detector: merged cross-view duplicate track 5 into track 2, distance=1.781m
[INFO] [1788610984.827312, 547.978000]: danger_detector: merged cross-view duplicate track 4 into track 3, distance=1.306m
[INFO] [1788610986.757630, 549.222000]: danger_detector: merged cross-view duplicate track 5 into track 2, distance=1.781m
[INFO] [1788610986.759059, 549.224000]: danger_detector: merged cross-view duplicate track 4 into track 3, distance=1.306m
[INFO] [1788610988.697928, 550.472000]: danger_detector: merged cross-view duplicate track 5 into track 2, distance=1.781m
[INFO] [1788610988.699808, 550.474000]: danger_detector: merged cross-view duplicate track 4 into track 3, distance=1.306m
[INFO] [1788610990.633746, 551.724000]: danger_detector: merged cross-view duplicate track 5 into track 2, distance=1.781m
[INFO] [1788610990.635387, 551.726000]: danger_detector: merged cross-view duplicate track 4 into track 3, distance=1.306m
[INFO] [1788610992.568425, 552.970000]: danger_detector: merged cross-view duplicate track 5 into track 2, distance=1.781m
[INFO] [1788610992.570538, 552.972000]: danger_detector: merged cross-view duplicate track 4 into track 3, distance=1.306m
[INFO] [1788610994.515351, 554.226000]: danger_detector: merged cross-view duplicate track 5 into track 2, distance=1.781m
[INFO] [1788610994.516414, 554.228000]: danger_detector: merged cross-view duplicate track 4 into track 3, distance=1.306m
[INFO] [1788610996.491055, 555.482000]: danger_detector: merged cross-view duplicate track 5 into track 2, distance=1.781m
[INFO] [1788610996.493010, 555.484000]: danger_detector: merged cross-view duplicate track 4 into track 3, distance=1.306m
[INFO] [1788610998.477414, 556.728000]: danger_detector: merged cross-view duplicate track 5 into track 2, distance=1.781m
[INFO] [1788610998.478309, 556.728000]: danger_detector: merged cross-view duplicate track 4 into track 3, distance=1.306m
[INFO] [1788611000.425692, 557.974000]: danger_detector: merged cross-view duplicate track 5 into track 2, distance=1.781m
[INFO] [1788611000.427500, 557.976000]: danger_detector: merged cross-view duplicate track 4 into track 3, distance=1.306m
[INFO] [1788611002.370844, 559.224000]: danger_detector: merged cross-view duplicate track 5 into track 2, distance=1.781m
[INFO] [1788611002.372771, 559.226000]: danger_detector: merged cross-view duplicate track 4 into track 3, distance=1.306m
[INFO] [1788611004.328217, 560.474000]: danger_detector: merged cross-view duplicate track 5 into track 2, distance=1.781m
[INFO] [1788611004.329134, 560.474000]: danger_detector: merged cross-view duplicate track 4 into track 3, distance=1.306m
[INFO] [1788611006.277822, 561.728000]: danger_detector: merged cross-view duplicate track 5 into track 2, distance=1.781m
[INFO] [1788611006.278738, 561.728000]: danger_detector: merged cross-view duplicate track 4 into track 3, distance=1.306m
[INFO] [1788611008.215522, 562.976000]: danger_detector: merged cross-view duplicate track 5 into track 2, distance=1.781m
[INFO] [1788611008.217083, 562.978000]: danger_detector: merged cross-view duplicate track 4 into track 3, distance=1.306m
[INFO] [1788611010.157907, 564.230000]: danger_detector: merged cross-view duplicate track 5 into track 2, distance=1.781m
[INFO] [1788611010.158790, 564.230000]: danger_detector: merged cross-view duplicate track 4 into track 3, distance=1.306m
[INFO] [1788611012.117408, 565.492000]: danger_detector: merged cross-view duplicate track 5 into track 2, distance=1.781m
[INFO] [1788611012.118863, 565.494000]: danger_detector: merged cross-view duplicate track 4 into track 3, distance=1.306m
[INFO] [1788611014.034904, 566.728000]: danger_detector: merged cross-view duplicate track 5 into track 2, distance=1.781m
[INFO] [1788611014.036506, 566.730000]: danger_detector: merged cross-view duplicate track 4 into track 3, distance=1.306m
[INFO] [1788611015.956470, 567.970000]: danger_detector: merged cross-view duplicate track 5 into track 2, distance=1.781m
[INFO] [1788611015.957628, 567.972000]: danger_detector: merged cross-view duplicate track 4 into track 3, distance=1.306m
[INFO] [1788611017.885210, 569.218000]: danger_detector: merged cross-view duplicate track 5 into track 2, distance=1.781m
[INFO] [1788611017.887893, 569.220000]: danger_detector: merged cross-view duplicate track 4 into track 3, distance=1.306m
[INFO] [1788611019.816246, 570.466000]: danger_detector: merged cross-view duplicate track 5 into track 2, distance=1.781m
[INFO] [1788611019.818811, 570.468000]: danger_detector: merged cross-view duplicate track 4 into track 3, distance=1.306m
[INFO] [1788611021.746093, 571.720000]: danger_detector: merged cross-view duplicate track 5 into track 2, distance=1.781m
[INFO] [1788611021.747355, 571.720000]: danger_detector: merged cross-view duplicate track 4 into track 3, distance=1.306m
[INFO] [1788611023.671735, 572.962000]: danger_detector: merged cross-view duplicate track 5 into track 2, distance=1.781m
[INFO] [1788611023.673197, 572.964000]: danger_detector: merged cross-view duplicate track 4 into track 3, distance=1.306m
[INFO] [1788611025.607010, 574.216000]: danger_detector: merged cross-view duplicate track 5 into track 2, distance=1.781m
[INFO] [1788611025.609386, 574.218000]: danger_detector: merged cross-view duplicate track 4 into track 3, distance=1.306m
[INFO] [1788611027.539673, 575.468000]: danger_detector: merged cross-view duplicate track 5 into track 2, distance=1.781m
[INFO] [1788611027.541522, 575.470000]: danger_detector: merged cross-view duplicate track 4 into track 3, distance=1.306m
[INFO] [1788611029.480583, 576.726000]: danger_detector: merged cross-view duplicate track 5 into track 2, distance=1.781m
[INFO] [1788611029.482160, 576.728000]: danger_detector: merged cross-view duplicate track 4 into track 3, distance=1.306m
[INFO] [1788611031.424927, 577.980000]: danger_detector: merged cross-view duplicate track 5 into track 2, distance=1.781m
[INFO] [1788611031.425835, 577.980000]: danger_detector: merged cross-view duplicate track 4 into track 3, distance=1.306m
[INFO] [1788611033.425211, 579.228000]: danger_detector: merged cross-view duplicate track 5 into track 2, distance=1.781m
[INFO] [1788611033.426656, 579.230000]: danger_detector: merged cross-view duplicate track 4 into track 3, distance=1.306m
[INFO] [1788611035.409055, 580.486000]: danger_detector: merged cross-view duplicate track 5 into track 2, distance=1.781m
[INFO] [1788611035.410285, 580.488000]: danger_detector: merged cross-view duplicate track 4 into track 3, distance=1.306m
[INFO] [1788611037.355918, 581.728000]: danger_detector: merged cross-view duplicate track 5 into track 2, distance=1.781m
[INFO] [1788611037.356836, 581.728000]: danger_detector: merged cross-view duplicate track 4 into track 3, distance=1.306m
[INFO] [1788611039.310930, 582.984000]: danger_detector: merged cross-view duplicate track 5 into track 2, distance=1.781m
[INFO] [1788611039.312122, 582.984000]: danger_detector: merged cross-view duplicate track 4 into track 3, distance=1.306m
[INFO] [1788611041.276177, 584.228000]: danger_detector: merged cross-view duplicate track 5 into track 2, distance=1.781m
[INFO] [1788611041.277106, 584.228000]: danger_detector: merged cross-view duplicate track 4 into track 3, distance=1.306m
[INFO] [1788611043.286947, 585.484000]: danger_detector: merged cross-view duplicate track 5 into track 2, distance=1.781m
[INFO] [1788611043.288514, 585.486000]: danger_detector: merged cross-view duplicate track 4 into track 3, distance=1.306m
[INFO] [1788611045.263387, 586.730000]: danger_detector: merged cross-view duplicate track 5 into track 2, distance=1.781m
[INFO] [1788611045.264585, 586.730000]: danger_detector: merged cross-view duplicate track 4 into track 3, distance=1.306m
[FSM]: state: INIT
wait for goal.
[FSM]: state: INIT
wait for goal.
[FSM]: state: INIT
wait for goal.
[FSM]: state: INIT
wait for goal.
[FSM]: state: INIT
wait for goal.
[FSM]: state: INIT
wait for goal.
[FSM]: state: INIT
wait for goal.
[FSM]: state: INIT
wait for goal.
[FSM]: state: INIT
wait for goal.
[FSM]: state: INIT
wait for goal.
[FSM]: state: INIT
wait for goal.
[FSM]: state: INIT
wait for goal.
[FSM]: state: INIT
wait for goal.
[FSM]: state: INIT
wait for goal.
[FSM]: state: INIT
wait for goal.
[FSM]: state: INIT
wait for goal.
[FSM]: state: INIT
wait for goal.
[FSM]: state: INIT
wait for goal.
[FSM]: state: INIT
wait for goal.
[FSM]: state: INIT
wait for goal.
[FSM]: state: INIT
wait for goal.
[FSM]: state: INIT
wait for goal.
[FSM]: state: INIT
wait for goal.
[FSM]: state: INIT
wait for goal.
[FSM]: state: INIT
wait for goal.
[FSM]: state: INIT
wait for goal.
[FSM]: state: INIT
wait for goal.
[FSM]: state: INIT
wait for goal.
[FSM]: state: INIT
wait for goal.
[FSM]: state: INIT
wait for goal.
[0m[INFO] [1788611035.690073738, 580.666000000]: RL policy input vx=0.000 vy=0.000 wz=0.000 action_rms=0.172 ready=0 userCmd=0 kbd=0 raw=0.000,0.000,0.000 grav=-0.01,-0.04,-0.98[0m
[0m[INFO] [1788611037.265256448, 581.670000000]: RL locomotion_ready latched after 1.01 s takeover and 1.00 s stable hold[0m
[0m[INFO] [1788611038.840999002, 582.682000000]: RL policy input vx=0.550 vy=0.000 wz=-0.084 action_rms=0.163 ready=1 userCmd=0 kbd=0 raw=0.550,0.000,-0.084 grav=-0.03,0.03,-0.98[0m
[0m[INFO] [1788611042.005658985, 584.688000000]: RL policy input vx=0.500 vy=0.000 wz=-0.065 action_rms=0.276 ready=1 userCmd=8 kbd=0 raw=0.500,0.000,-0.065 grav=0.39,0.02,-0.90[0m
[0m[INFO] [1788611045.200716358, 586.694000000]: RL policy input vx=0.500 vy=0.000 wz=-0.050 action_rms=0.271 ready=1 userCmd=0 kbd=0 raw=0.500,0.000,-0.050 grav=0.43,-0.06,-0.88[0m
[0m[INFO] [1788611048.378916562, 588.698000000]: RL policy input vx=0.500 vy=0.000 wz=-0.029 action_rms=0.281 ready=1 userCmd=0 kbd=0 raw=0.500,0.000,-0.029 grav=0.40,0.11,-0.89[0m
[0m[INFO] [1788611051.579068767, 590.712000000]: RL policy input vx=0.500 vy=0.000 wz=-0.024 action_rms=0.214 ready=1 userCmd=8 kbd=0 raw=0.500,0.000,-0.024 grav=0.35,-0.01,-0.92[0m
[0m[INFO] [1788611054.774230670, 592.726000000]: RL policy input vx=0.000 vy=0.000 wz=0.000 action_rms=0.153 ready=1 userCmd=0 kbd=0 raw=0.000,0.000,0.000 grav=-0.00,0.02,-0.98[0m
[0m[INFO] [1788611057.935472621, 594.728000000]: RL policy input vx=0.313 vy=0.249 wz=1.200 action_rms=0.170 ready=1 userCmd=0 kbd=0 raw=0.313,0.249,1.200 grav=-0.01,0.06,-0.98[0m
[0m[INFO] [1788611061.054774728, 596.736000000]: RL policy input vx=0.108 vy=-0.385 wz=0.340 action_rms=0.129 ready=1 userCmd=0 kbd=0 raw=0.108,-0.385,0.340 grav=0.02,-0.00,-0.98[0m
[0m[INFO] [1788611064.158626464, 598.746000000]: RL policy input vx=0.550 vy=0.000 wz=0.028 action_rms=0.195 ready=1 userCmd=0 kbd=0 raw=0.550,0.000,0.028 grav=-0.02,-0.02,-0.98[0m
[0m[INFO] [1788611067.262724588, 600.754000000]: RL policy input vx=0.550 vy=0.000 wz=-0.023 action_rms=0.235 ready=1 userCmd=0 kbd=0 raw=0.550,0.000,-0.023 grav=0.47,-0.06,-0.86[0m
[0m[INFO] [1788611070.359080068, 602.754000000]: RL policy input vx=0.800 vy=0.000 wz=-0.016 action_rms=0.227 ready=1 userCmd=0 kbd=0 raw=0.800,0.000,-0.016 grav=0.41,-0.02,-0.89[0m
[0m[INFO] [1788611073.458967144, 604.766000000]: RL policy input vx=0.600 vy=-0.000 wz=-0.029 action_rms=0.298 ready=1 userCmd=0 kbd=0 raw=0.600,-0.000,-0.029 grav=0.35,0.05,-0.91[0m
[0m[INFO] [1788611076.580614578, 606.780000000]: RL policy input vx=-0.299 vy=0.121 wz=0.000 action_rms=0.132 ready=1 userCmd=0 kbd=0 raw=-0.299,0.121,0.000 grav=-0.02,-0.01,-0.98[0m
[0m[INFO] [1788611079.697299748, 608.792000000]: RL policy input vx=-0.143 vy=-0.374 wz=-1.000 action_rms=0.144 ready=1 userCmd=0 kbd=0 raw=-0.143,-0.374,-1.000 grav=-0.02,0.03,-0.98[0m
[0m[INFO] [1788611082.861571938, 610.802000000]: RL policy input vx=0.000 vy=0.000 wz=0.000 action_rms=0.144 ready=1 userCmd=0 kbd=0 raw=0.000,0.000,0.000 grav=-0.04,-0.02,-0.98[0m
[0m[INFO] [1788611086.068597367, 612.806000000]: RL policy input vx=-0.040 vy=-0.398 wz=0.000 action_rms=0.181 ready=1 userCmd=0 kbd=0 raw=-0.040,-0.398,0.000 grav=-0.01,0.01,-0.98[0m
[0m[INFO] [1788611089.289025310, 614.816000000]: RL policy input vx=0.550 vy=0.000 wz=-0.040 action_rms=0.193 ready=1 userCmd=8 kbd=0 raw=0.550,0.000,-0.040 grav=-0.02,-0.01,-0.98[0m
[0m[INFO] [1788611092.522334409, 616.834000000]: RL policy input vx=0.550 vy=0.000 wz=-0.031 action_rms=0.237 ready=1 userCmd=0 kbd=0 raw=0.550,0.000,-0.031 grav=0.33,0.01,-0.92[0m
stop the controller
des manager
terminate called after throwing an instance of 'boost::wrapexcept<boost::lock_error>'
  what():  boost: mutex lock failed in pthread_mutex_lock: Invalid argument
[ERROR] [1788611091.978560, 616.502000]: Three-floor RL mission failed: exploration_deadline_exceeded_600.0s
[INFO] [1788611047.246218, 587.986000]: danger_detector: merged cross-view duplicate track 5 into track 2, distance=1.781m
[INFO] [1788611047.247401, 587.988000]: danger_detector: merged cross-view duplicate track 4 into track 3, distance=1.306m
[INFO] [1788611049.228217, 589.228000]: danger_detector: merged cross-view duplicate track 5 into track 2, distance=1.781m
[INFO] [1788611049.229238, 589.228000]: danger_detector: merged cross-view duplicate track 4 into track 3, distance=1.306m
[INFO] [1788611051.220470, 590.486000]: danger_detector: merged cross-view duplicate track 5 into track 2, distance=1.781m
[INFO] [1788611051.221983, 590.486000]: danger_detector: merged cross-view duplicate track 4 into track 3, distance=1.306m
[INFO] [1788611053.197953, 591.728000]: danger_detector: merged cross-view duplicate track 5 into track 2, distance=1.781m
[INFO] [1788611053.198770, 591.728000]: danger_detector: merged cross-view duplicate track 4 into track 3, distance=1.306m
[INFO] [1788611055.183010, 592.984000]: danger_detector: merged cross-view duplicate track 5 into track 2, distance=1.781m
[INFO] [1788611055.184045, 592.986000]: danger_detector: merged cross-view duplicate track 4 into track 3, distance=1.306m
[INFO] [1788611057.146868, 594.226000]: danger_detector: merged cross-view duplicate track 5 into track 2, distance=1.781m
[INFO] [1788611057.147985, 594.226000]: danger_detector: merged cross-view duplicate track 4 into track 3, distance=1.306m
[INFO] [1788611059.080919, 595.464000]: danger_detector: merged cross-view duplicate track 5 into track 2, distance=1.781m
[INFO] [1788611059.082668, 595.466000]: danger_detector: merged cross-view duplicate track 4 into track 3, distance=1.306m
[INFO] [1788611061.037830, 596.726000]: danger_detector: merged cross-view duplicate track 5 into track 2, distance=1.781m
[INFO] [1788611061.038770, 596.726000]: danger_detector: merged cross-view duplicate track 4 into track 3, distance=1.306m
[INFO] [1788611062.961571, 597.968000]: danger_detector: merged cross-view duplicate track 5 into track 2, distance=1.781m
[INFO] [1788611062.963584, 597.970000]: danger_detector: merged cross-view duplicate track 4 into track 3, distance=1.306m
[INFO] [1788611064.884670, 599.216000]: danger_detector: merged cross-view duplicate track 5 into track 2, distance=1.781m
[INFO] [1788611064.885711, 599.216000]: danger_detector: merged cross-view duplicate track 4 into track 3, distance=1.306m
[INFO] [1788611066.824605, 600.470000]: danger_detector: merged cross-view duplicate track 5 into track 2, distance=1.781m
[INFO] [1788611066.826103, 600.470000]: danger_detector: merged cross-view duplicate track 4 into track 3, distance=1.306m
[INFO] [1788611068.763613, 601.724000]: danger_detector: merged cross-view duplicate track 5 into track 2, distance=1.781m
[INFO] [1788611068.764609, 601.724000]: danger_detector: merged cross-view duplicate track 4 into track 3, distance=1.306m
[INFO] [1788611070.697332, 602.972000]: danger_detector: merged cross-view duplicate track 5 into track 2, distance=1.781m
[INFO] [1788611070.698882, 602.974000]: danger_detector: merged cross-view duplicate track 4 into track 3, distance=1.306m
[INFO] [1788611072.612897, 604.218000]: danger_detector: merged cross-view duplicate track 5 into track 2, distance=1.781m
[INFO] [1788611072.614305, 604.218000]: danger_detector: merged cross-view duplicate track 4 into track 3, distance=1.306m
[INFO] [1788611074.545640, 605.468000]: danger_detector: merged cross-view duplicate track 5 into track 2, distance=1.781m
[INFO] [1788611074.547431, 605.468000]: danger_detector: merged cross-view duplicate track 4 into track 3, distance=1.306m
[INFO] [1788611076.477084, 606.714000]: danger_detector: merged cross-view duplicate track 5 into track 2, distance=1.781m
[INFO] [1788611076.478231, 606.714000]: danger_detector: merged cross-view duplicate track 4 into track 3, distance=1.306m
[INFO] [1788611078.428686, 607.972000]: danger_detector: merged cross-view duplicate track 5 into track 2, distance=1.781m
[INFO] [1788611078.431315, 607.974000]: danger_detector: merged cross-view duplicate track 4 into track 3, distance=1.306m
[INFO] [1788611080.366598, 609.222000]: danger_detector: merged cross-view duplicate track 5 into track 2, distance=1.781m
[INFO] [1788611080.368163, 609.224000]: danger_detector: merged cross-view duplicate track 4 into track 3, distance=1.306m
[INFO] [1788611082.362401, 610.494000]: danger_detector: merged cross-view duplicate track 5 into track 2, distance=1.781m
[INFO] [1788611082.363579, 610.496000]: danger_detector: merged cross-view duplicate track 4 into track 3, distance=1.306m
[INFO] [1788611084.340020, 611.726000]: danger_detector: merged cross-view duplicate track 5 into track 2, distance=1.781m
[INFO] [1788611084.340901, 611.728000]: danger_detector: merged cross-view duplicate track 4 into track 3, distance=1.306m
[INFO] [1788611086.365490, 612.988000]: danger_detector: merged cross-view duplicate track 5 into track 2, distance=1.781m
[INFO] [1788611086.366437, 612.990000]: danger_detector: merged cross-view duplicate track 4 into track 3, distance=1.306m
[INFO] [1788611088.354728, 614.228000]: danger_detector: merged cross-view duplicate track 5 into track 2, distance=1.781m
[INFO] [1788611088.355753, 614.230000]: danger_detector: merged cross-view duplicate track 4 into track 3, distance=1.306m
[INFO] [1788611090.352364, 615.488000]: danger_detector: merged cross-view duplicate track 5 into track 2, distance=1.781m
[INFO] [1788611090.353354, 615.488000]: danger_detector: merged cross-view duplicate track 4 into track 3, distance=1.306m
[INFO] [1788611091.974521, 616.500000]: danger_detector: merged cross-view duplicate track 5 into track 2, distance=1.781m
[INFO] [1788611091.976846, 616.502000]: danger_detector: merged cross-view duplicate track 4 into track 3, distance=1.306m
[INFO] [1788611091.984608, 616.506000]: danger_detector: wrote 7 confirmed red-ball detections -> /home/quinn/0904/results/official_gui_rtf065_s20260821_20260905_200801/red_ball_detections.json
[WARN] [1788610195.331201, 42.134000]: Room viewpoint speed cap: floor_0_room_0_g3 2.250 -> 0.900 m/s (configured 0.900)
[WARN] [1788610206.969944, 49.620000]: Room viewpoint speed cap: floor_0_room_0_g4 2.250 -> 0.900 m/s (configured 0.900)
[WARN] [1788610234.967794, 67.470000]: Room viewpoint speed cap: floor_0_room_1_g3 2.250 -> 0.900 m/s (configured 0.900)
[WARN] [1788610254.233957, 79.798000]: Room viewpoint speed cap: floor_0_room_1_g4 2.250 -> 0.900 m/s (configured 0.900)
[WARN] [1788610296.186189, 106.676000]: Room viewpoint speed cap: floor_0_room_2_g3 2.250 -> 0.900 m/s (configured 0.900)
[WARN] [1788610307.925470, 114.270000]: Room viewpoint speed cap: floor_0_room_2_g4 2.250 -> 0.900 m/s (configured 0.900)
[WARN] [1788610340.863574, 135.428000]: Room viewpoint speed cap: floor_0_room_3_g3 2.250 -> 0.900 m/s (configured 0.900)
[WARN] [1788610361.546687, 148.798000]: Room viewpoint speed cap: floor_0_room_3_g4 2.250 -> 0.900 m/s (configured 0.900)
[WARN] [1788610501.773206, 238.612000]: Room viewpoint speed cap: floor_1_room_0_g3 2.250 -> 0.900 m/s (configured 0.900)
[WARN] [1788610512.915756, 245.740000]: Room viewpoint speed cap: floor_1_room_0_g4 2.250 -> 0.900 m/s (configured 0.900)
[WARN] [1788610546.262890, 267.122000]: Room viewpoint speed cap: floor_1_room_1_g3 2.250 -> 0.900 m/s (configured 0.900)
[WARN] [1788610557.812297, 274.538000]: Room viewpoint speed cap: floor_1_room_1_g4 2.250 -> 0.900 m/s (configured 0.900)
[WARN] [1788610604.805889, 304.716000]: Room viewpoint speed cap: floor_1_room_2_g3 2.250 -> 0.900 m/s (configured 0.900)
[WARN] [1788610615.950667, 311.840000]: Room viewpoint speed cap: floor_1_room_2_g4 2.250 -> 0.900 m/s (configured 0.900)
[WARN] [1788610648.503935, 332.644000]: Room viewpoint speed cap: floor_1_room_3_g3 2.250 -> 0.900 m/s (configured 0.900)
[WARN] [1788610659.948339, 339.962000]: Room viewpoint speed cap: floor_1_room_3_g4 2.250 -> 0.900 m/s (configured 0.900)
[WARN] [1788610796.891886, 427.680000]: Room viewpoint speed cap: floor_2_room_0_g3 2.250 -> 0.900 m/s (configured 0.900)
[WARN] [1788610808.052655, 434.886000]: Room viewpoint speed cap: floor_2_room_0_g4 2.250 -> 0.900 m/s (configured 0.900)
[WARN] [1788610840.914460, 455.842000]: Room viewpoint speed cap: floor_2_room_1_g3 2.250 -> 0.900 m/s (configured 0.900)
[WARN] [1788610852.369758, 463.156000]: Room viewpoint speed cap: floor_2_room_1_g4 2.250 -> 0.900 m/s (configured 0.900)
[WARN] [1788610899.284934, 493.268000]: Room viewpoint speed cap: floor_2_room_2_g3 2.250 -> 0.900 m/s (configured 0.900)
[WARN] [1788610911.032977, 500.834000]: Room viewpoint speed cap: floor_2_room_2_g4 2.250 -> 0.900 m/s (configured 0.900)
[WARN] [1788610943.941007, 521.842000]: Room viewpoint speed cap: floor_2_room_3_g3 2.250 -> 0.900 m/s (configured 0.900)
[WARN] [1788610964.972356, 535.348000]: Room viewpoint speed cap: floor_2_room_3_g4 2.250 -> 0.900 m/s (configured 0.900)
[INFO] [1788611032.997909, 578.966000]: SCAN explored all three floors; stair descent owns the return.
[INFO] [1788610130.772846, 1.002000]: Bootstrap armed: stand@1.0s state-gated RL max_wait=25.0s repeat=120.0s start_t=1.0
[INFO] [1788610137.610735, 5.402000]: Requesting RL /cmd_vel through /joy (repeating).
[INFO] [1788610154.859180, 16.502000]: Bootstrap observed locomotion_ready; releasing /joy.
[INFO] [1788610123.659713, 0.000000]: scanplanner_pointcloud_bridge: /scan -> /registered_scan at <= 5.0 Hz
[INFO] [1788610144.613555, 9.902000]: scanplanner_pointcloud_bridge: published 50 clouds (390 points)
[INFO] [1788610160.190045, 19.906000]: scanplanner_pointcloud_bridge: published 100 clouds (416 points)
[INFO] [1788610176.102277, 29.910000]: scanplanner_pointcloud_bridge: published 150 clouds (787 points)
[INFO] [1788610191.869589, 39.910000]: scanplanner_pointcloud_bridge: published 200 clouds (763 points)
[INFO] [1788610207.417760, 49.910000]: scanplanner_pointcloud_bridge: published 250 clouds (763 points)
[INFO] [1788610223.098718, 59.910000]: scanplanner_pointcloud_bridge: published 300 clouds (766 points)
[INFO] [1788610238.757768, 69.910000]: scanplanner_pointcloud_bridge: published 350 clouds (768 points)
[INFO] [1788610254.415823, 79.912000]: scanplanner_pointcloud_bridge: published 400 clouds (759 points)
[INFO] [1788610270.180742, 89.912000]: scanplanner_pointcloud_bridge: published 450 clouds (763 points)
[INFO] [1788610285.730278, 99.912000]: scanplanner_pointcloud_bridge: published 500 clouds (776 points)
[INFO] [1788610301.180491, 109.912000]: scanplanner_pointcloud_bridge: published 550 clouds (772 points)
[INFO] [1788610316.701170, 119.912000]: scanplanner_pointcloud_bridge: published 600 clouds (755 points)
[INFO] [1788610332.300434, 129.912000]: scanplanner_pointcloud_bridge: published 650 clouds (763 points)
[INFO] [1788610347.817195, 139.914000]: scanplanner_pointcloud_bridge: published 700 clouds (769 points)
[INFO] [1788610363.300090, 149.914000]: scanplanner_pointcloud_bridge: published 750 clouds (768 points)
[INFO] [1788610379.125697, 159.914000]: scanplanner_pointcloud_bridge: published 800 clouds (760 points)
[INFO] [1788610394.671572, 169.914000]: scanplanner_pointcloud_bridge: published 850 clouds (769 points)
[INFO] [1788610410.398477, 179.914000]: scanplanner_pointcloud_bridge: published 900 clouds (770 points)
[INFO] [1788610425.934914, 189.916000]: scanplanner_pointcloud_bridge: published 950 clouds (666 points)
[INFO] [1788610441.458421, 199.916000]: scanplanner_pointcloud_bridge: published 1000 clouds (734 points)
[INFO] [1788610456.941098, 209.914000]: scanplanner_pointcloud_bridge: published 1050 clouds (635 points)
[INFO] [1788610472.537734, 219.916000]: scanplanner_pointcloud_bridge: published 1100 clouds (626 points)
[INFO] [1788610488.170917, 229.916000]: scanplanner_pointcloud_bridge: published 1150 clouds (776 points)
[INFO] [1788610503.828321, 239.918000]: scanplanner_pointcloud_bridge: published 1200 clouds (770 points)
[INFO] [1788610519.391647, 249.916000]: scanplanner_pointcloud_bridge: published 1250 clouds (769 points)
[INFO] [1788610535.044657, 259.916000]: scanplanner_pointcloud_bridge: published 1300 clouds (746 points)
[INFO] [1788610550.600669, 269.916000]: scanplanner_pointcloud_bridge: published 1350 clouds (770 points)
[INFO] [1788610566.196404, 279.916000]: scanplanner_pointcloud_bridge: published 1400 clouds (761 points)
[INFO] [1788610581.777521, 289.916000]: scanplanner_pointcloud_bridge: published 1450 clouds (752 points)
[INFO] [1788610597.266936, 299.916000]: scanplanner_pointcloud_bridge: published 1500 clouds (757 points)
[INFO] [1788610612.935102, 309.916000]: scanplanner_pointcloud_bridge: published 1550 clouds (758 points)
[INFO] [1788610628.492950, 319.914000]: scanplanner_pointcloud_bridge: published 1600 clouds (776 points)
[INFO] [1788610644.183745, 329.918000]: scanplanner_pointcloud_bridge: published 1650 clouds (765 points)
[INFO] [1788610659.879130, 339.918000]: scanplanner_pointcloud_bridge: published 1700 clouds (773 points)
[INFO] [1788610675.461748, 349.920000]: scanplanner_pointcloud_bridge: published 1750 clouds (759 points)
[INFO] [1788610691.058633, 359.920000]: scanplanner_pointcloud_bridge: published 1800 clouds (777 points)
[INFO] [1788610706.666520, 369.920000]: scanplanner_pointcloud_bridge: published 1850 clouds (779 points)
[INFO] [1788610722.108423, 379.918000]: scanplanner_pointcloud_bridge: published 1900 clouds (592 points)
[INFO] [1788610737.864077, 389.918000]: scanplanner_pointcloud_bridge: published 1950 clouds (757 points)
[INFO] [1788610753.420621, 399.920000]: scanplanner_pointcloud_bridge: published 2000 clouds (696 points)
[INFO] [1788610768.910244, 409.922000]: scanplanner_pointcloud_bridge: published 2050 clouds (668 points)
[INFO] [1788610784.787192, 419.926000]: scanplanner_pointcloud_bridge: published 2100 clouds (771 points)
[INFO] [1788610800.372603, 429.924000]: scanplanner_pointcloud_bridge: published 2150 clouds (770 points)
[INFO] [1788610815.959627, 439.928000]: scanplanner_pointcloud_bridge: published 2200 clouds (770 points)
[INFO] [1788610831.672054, 449.928000]: scanplanner_pointcloud_bridge: published 2250 clouds (765 points)
[INFO] [1788610847.292649, 459.926000]: scanplanner_pointcloud_bridge: published 2300 clouds (769 points)
[INFO] [1788610863.007015, 469.926000]: scanplanner_pointcloud_bridge: published 2350 clouds (764 points)
[INFO] [1788610878.680507, 479.926000]: scanplanner_pointcloud_bridge: published 2400 clouds (775 points)
[INFO] [1788610894.139444, 489.926000]: scanplanner_pointcloud_bridge: published 2450 clouds (768 points)
[INFO] [1788610909.604588, 499.926000]: scanplanner_pointcloud_bridge: published 2500 clouds (763 points)
[INFO] [1788610925.312330, 509.926000]: scanplanner_pointcloud_bridge: published 2550 clouds (750 points)
[INFO] [1788610940.942719, 519.926000]: scanplanner_pointcloud_bridge: published 2600 clouds (757 points)
[INFO] [1788610956.572828, 529.926000]: scanplanner_pointcloud_bridge: published 2650 clouds (760 points)
[INFO] [1788610972.167174, 539.926000]: scanplanner_pointcloud_bridge: published 2700 clouds (760 points)
[INFO] [1788610987.852833, 549.928000]: scanplanner_pointcloud_bridge: published 2750 clouds (771 points)
[INFO] [1788611003.481230, 559.930000]: scanplanner_pointcloud_bridge: published 2800 clouds (769 points)
[INFO] [1788611018.982793, 569.928000]: scanplanner_pointcloud_bridge: published 2850 clouds (766 points)
[INFO] [1788611034.547057, 579.930000]: scanplanner_pointcloud_bridge: published 2900 clouds (766 points)
[INFO] [1788611050.339337, 589.930000]: scanplanner_pointcloud_bridge: published 2950 clouds (782 points)
[INFO] [1788611065.993261, 599.930000]: scanplanner_pointcloud_bridge: published 3000 clouds (759 points)
[INFO] [1788611081.464611, 609.930000]: scanplanner_pointcloud_bridge: published 3050 clouds (652 points)
[WARN] [1788611042.494081, 584.990000]: Descent tilt 0.481 rad: capping flight speed at 0.55 m/s.
[WARN] [1788611044.148872, 586.022000]: Descent tilt 0.509 rad: capping flight speed at 0.55 m/s.
[WARN] [1788611045.738386, 587.026000]: Descent tilt 0.493 rad: capping flight speed at 0.55 m/s.
[WARN] [1788611047.710054, 588.272000]: Descent tilt 0.482 rad: capping flight speed at 0.55 m/s.
[WARN] [1788611049.317059, 589.278000]: Descent tilt 0.507 rad: capping flight speed at 0.55 m/s.
[WARN] [1788611051.963390, 590.948000]: Descent tilt 0.481 rad: capping flight speed at 0.55 m/s.
[WARN] [1788611066.058978, 599.968000]: Descent tilt 0.484 rad: capping flight speed at 0.55 m/s.
[WARN] [1788611067.597294, 600.970000]: Descent tilt 0.513 rad: capping flight speed at 0.55 m/s.
[WARN] [1788611071.703653, 603.628000]: Descent tilt 0.485 rad: capping flight speed at 0.55 m/s.
[WARN] [1788611076.502252, 606.728000]: Segment turn left safe position (x=-3.830, y=1.700); zero command and re-centering before continuing turn.
[WARN] [1788611080.293618, 609.168000]: Segment turn left safe position (x=-3.803, y=1.953); zero command and re-centering before continuing turn.
[WARN] [1788611091.542319, 616.228000]: Descent tilt 0.499 rad: capping flight speed at 0.55 m/s.
[WARN] [1788611093.710536, 617.570000]: Descent tilt 0.494 rad: capping flight speed at 0.55 m/s.
[INFO] [1788611032.972650, 578.948000]: DSTPUB phase=STAIR_DESCENT_PRE_ALIGN world=(0.300,0.000,-0.169) body=(-0.056,-0.295,-0.169) truth_z=5.514 drop=0.000 pitch=0.0deg seg=0
[INFO] [1788611033.946015, 579.548000]: Descent policy boundary captured joint RMS 0.067.
[INFO] [1788611033.958592, 579.556000]: Descent plane gait settled; entering FixedStand before the stair-policy load.
[INFO] [1788611035.399694, 580.480000]: Descent FixedStand is ready; stair policy queued.
[INFO] [1788611035.679165, 580.658000]: Descent stair policy queued under FixedStand; requesting fresh stair-RL entry.
[INFO] [1788611037.299819, 581.692000]: Descent stair RL fresh readiness confirmed; warming up 0.8 s.
[INFO] [1788611038.318622, 582.348000]: Descent FLIGHT_B start: z=5.514 drop gate 1.05 m.
[INFO] [1788611038.355576, 582.372000]: DSTPUB phase=STAIR_DESCENT_FLIGHT_B world=(-0.104,0.540,-0.082) body=(0.550,0.000,-0.082) truth_z=5.514 drop=0.000 pitch=0.0deg seg=-1
[INFO] [1788611039.938981, 583.388000]: DSTPUB phase=STAIR_DESCENT_FLIGHT_B world=(-0.077,0.545,-0.088) body=(0.550,0.000,-0.088) truth_z=5.513 drop=0.001 pitch=0.0deg seg=0
[INFO] [1788611041.558070, 584.408000]: DSTPUB phase=STAIR_DESCENT_FLIGHT_B world=(-0.051,0.548,-0.083) body=(0.550,0.000,-0.083) truth_z=5.341 drop=0.173 pitch=0.0deg seg=24
[INFO] [1788611043.201824, 585.428000]: DSTPUB phase=STAIR_DESCENT_FLIGHT_B world=(-0.012,0.500,-0.063) body=(0.500,0.000,-0.063) truth_z=5.115 drop=0.399 pitch=0.0deg seg=22
[INFO] [1788611044.818292, 586.448000]: DSTPUB phase=STAIR_DESCENT_FLIGHT_B world=(0.019,0.500,-0.029) body=(0.500,0.000,-0.029) truth_z=4.991 drop=0.524 pitch=0.0deg seg=23
[INFO] [1788611046.439053, 587.472000]: DSTPUB phase=STAIR_DESCENT_FLIGHT_B world=(0.013,0.500,-0.035) body=(0.500,0.000,-0.035) truth_z=4.864 drop=0.650 pitch=0.0deg seg=20
[INFO] [1788611048.042500, 588.488000]: DSTPUB phase=STAIR_DESCENT_FLIGHT_B world=(0.020,0.500,-0.028) body=(0.500,0.000,-0.028) truth_z=4.643 drop=0.871 pitch=0.0deg seg=32
[INFO] [1788611049.668405, 589.510000]: DSTPUB phase=STAIR_DESCENT_FLIGHT_B world=(0.012,0.500,-0.037) body=(0.500,0.000,-0.037) truth_z=4.480 drop=1.034 pitch=0.0deg seg=29
[INFO] [1788611051.269066, 590.512000]: DSTPUB phase=STAIR_DESCENT_FLIGHT_B world=(0.026,0.499,-0.021) body=(0.500,0.000,-0.021) truth_z=4.353 drop=1.161 pitch=0.0deg seg=24
[INFO] [1788611052.881267, 591.528000]: DSTPUB phase=STAIR_DESCENT_FLIGHT_B world=(0.037,0.549,0.004) body=(0.550,0.000,0.004) truth_z=4.198 drop=1.316 pitch=0.0deg seg=22
[INFO] [1788611053.895520, 592.168000]: Flight-B descent complete: drop=1.32 m y=5.05; starting landing turn.
[INFO] [1788611056.301016, 593.688000]: DSTPUB phase=STAIR_DESCENT_TURN world=(-0.400,0.000,0.675) body=(-0.008,0.400,0.675) truth_z=4.213 drop=1.301 pitch=0.0deg seg=-1
[INFO] [1788611057.901125, 594.708000]: DSTPUB phase=STAIR_DESCENT_TURN world=(-0.400,0.000,1.200) body=(0.313,0.249,1.200) truth_z=4.209 drop=1.305 pitch=0.0deg seg=0
[INFO] [1788611059.507028, 595.732000]: DSTPUB phase=STAIR_DESCENT_TURN world=(-0.400,0.000,1.066) body=(0.330,-0.226,1.066) truth_z=4.215 drop=1.299 pitch=0.0deg seg=1
[INFO] [1788611061.070936, 596.748000]: DSTPUB phase=STAIR_DESCENT_TURN world=(-0.400,0.000,0.340) body=(0.108,-0.385,0.340) truth_z=4.214 drop=1.300 pitch=0.0deg seg=0
[INFO] [1788611061.444600, 596.988000]: Descent landing heading captured at error 0.173 rad; using shortest-path hold while x aligns.
[INFO] [1788611062.621897, 597.750000]: DSTPUB phase=STAIR_DESCENT_TURN world=(-0.300,0.028,0.058) body=(-0.012,-0.301,0.058) truth_z=4.212 drop=1.302 pitch=0.0deg seg=0
[INFO] [1788611063.824300, 598.528000]: Descent FLIGHT_A start: z=5.514 drop gate 2.45 m.
[INFO] [1788611063.826428, 598.530000]: Descent landing aligned: x err=-0.119 m, heading err=0.007 rad; starting flight A.
[INFO] [1788611064.200306, 598.770000]: DSTPUB phase=STAIR_DESCENT_FLIGHT_A world=(0.005,-0.550,0.027) body=(0.550,0.000,0.027) truth_z=4.213 drop=1.301 pitch=0.0deg seg=-1
[INFO] [1788611065.750562, 599.774000]: DSTPUB phase=STAIR_DESCENT_FLIGHT_A world=(0.013,-0.550,0.023) body=(0.550,-0.000,0.023) truth_z=4.094 drop=1.420 pitch=0.0deg seg=18
[INFO] [1788611067.315446, 600.788000]: DSTPUB phase=STAIR_DESCENT_FLIGHT_A world=(0.040,-0.549,-0.024) body=(0.550,0.000,-0.024) truth_z=3.906 drop=1.608 pitch=0.0deg seg=29
[INFO] [1788611068.908119, 601.808000]: DSTPUB phase=STAIR_DESCENT_FLIGHT_A world=(0.050,-0.798,-0.041) body=(0.800,0.000,-0.041) truth_z=3.699 drop=1.815 pitch=0.0deg seg=21
[INFO] [1788611070.455347, 602.810000]: DSTPUB phase=STAIR_DESCENT_FLIGHT_A world=(-0.013,-0.800,-0.001) body=(0.800,-0.000,-0.001) truth_z=3.354 drop=2.161 pitch=0.0deg seg=22
[INFO] [1788611072.016027, 603.828000]: DSTPUB phase=STAIR_DESCENT_FLIGHT_A world=(-0.035,-0.549,0.003) body=(0.550,-0.000,0.003) truth_z=3.069 drop=2.445 pitch=0.0deg seg=25
[INFO] [1788611073.585794, 604.848000]: DSTPUB phase=STAIR_DESCENT_FLIGHT_A world=(0.013,-0.600,-0.035) body=(0.600,0.000,-0.035) truth_z=2.922 drop=2.592 pitch=0.0deg seg=19
[INFO] [1788611073.948555, 605.080000]: Segment 1 (F3->F2) complete: drop=2.62 m, elapsed 41.4 s; turning on F2 landing for segment 2.
[INFO] [1788611076.252533, 606.568000]: Segment turn aligned (x err=0.122 m, y=1.702 in band [1.70, 1.95]); starting 180 deg turn.
[INFO] [1788611076.265645, 606.574000]: DSTPUB phase=STAIR_DESCENT_SEGMENT_TURN world=(-0.290,-0.015,-0.240) body=(0.004,-0.290,-0.240) truth_z=2.915 drop=0.000 pitch=1.0deg seg=0
[INFO] [1788611076.653693, 606.828000]: Segment turn aligned (x err=0.134 m, y=1.701 in band [1.70, 1.95]); starting 180 deg turn.
[INFO] [1788611077.835366, 607.590000]: DSTPUB phase=STAIR_DESCENT_SEGMENT_TURN world=(-0.196,0.142,-0.840) body=(-0.063,-0.234,-0.840) truth_z=2.914 drop=0.000 pitch=1.0deg seg=0
[INFO] [1788611079.409238, 608.608000]: DSTPUB phase=STAIR_DESCENT_SEGMENT_TURN world=(0.054,0.384,-1.000) body=(-0.158,-0.355,-1.000) truth_z=2.914 drop=0.000 pitch=1.0deg seg=-1
[INFO] [1788611080.496703, 609.308000]: Segment turn aligned (x err=0.097 m, y=1.949 in band [1.70, 1.95]); starting 180 deg turn.
[INFO] [1788611080.992861, 609.628000]: DSTPUB phase=STAIR_DESCENT_SEGMENT_TURN world=(0.247,0.314,-1.000) body=(-0.060,-0.395,-1.000) truth_z=2.926 drop=0.000 pitch=1.0deg seg=0
[INFO] [1788611082.578182, 610.628000]: Segment turn complete; standing before descent segment 2.
[INFO] [1788611082.844285, 610.788000]: East-align to flight-b center x=-2.48 before segment 2 flight-b (x=-3.58).
[INFO] [1788611082.873481, 610.810000]: East-align south done (y=1.882); moving east to x=-2.48.
[INFO] [1788611082.875836, 610.810000]: DSTPUB phase=STAIR_DESCENT_EAST_ALIGN world=(0.000,-0.400,-0.365) body=(-0.393,0.073,-0.365) truth_z=2.916 drop=0.000 pitch=1.0deg seg=-2
[INFO] [1788611084.503751, 611.828000]: DSTPUB phase=STAIR_DESCENT_EAST_ALIGN world=(0.400,-0.003,0.000) body=(-0.033,-0.399,0.000) truth_z=2.915 drop=0.000 pitch=1.0deg seg=0
[INFO] [1788611086.139050, 612.848000]: DSTPUB phase=STAIR_DESCENT_EAST_ALIGN world=(0.400,-0.010,0.000) body=(-0.041,-0.398,0.000) truth_z=2.916 drop=0.000 pitch=1.0deg seg=0
[INFO] [1788611087.763370, 613.868000]: DSTPUB phase=STAIR_DESCENT_EAST_ALIGN world=(0.301,-0.012,0.000) body=(-0.036,-0.299,0.000) truth_z=2.913 drop=0.000 pitch=1.0deg seg=0
[INFO] [1788611089.124632, 614.712000]: East-align complete (x=-2.643, y=1.869); starting segment-2 flight-b.
[INFO] [1788611089.140094, 614.720000]: Descent FLIGHT_B start: z=2.912 drop gate 1.05 m.
[INFO] [1788611089.403719, 614.888000]: DSTPUB phase=STAIR_DESCENT_FLIGHT_B world=(-0.043,0.548,-0.039) body=(0.550,-0.000,-0.039) truth_z=2.914 drop=-0.002 pitch=1.0deg seg=0
[INFO] [1788611091.030037, 615.908000]: DSTPUB phase=STAIR_DESCENT_FLIGHT_B world=(-0.014,0.550,-0.022) body=(0.550,-0.000,-0.022) truth_z=2.806 drop=0.106 pitch=1.0deg seg=15
[INFO] [1788611092.662459, 616.920000]: DSTPUB phase=STAIR_DESCENT_FLIGHT_B world=(-0.006,0.621,-0.016) body=(0.621,0.000,-0.016) truth_z=2.655 drop=0.257 pitch=1.0deg seg=20
[INFO] [1788610124.557112, 0.000000]: building_generator_classic_control ready
[0m[INFO] [1788610124.913932607]: Livox plugin Load complete with 800 rays[0m
[0m[INFO] [1788610124.915152118]: <initialOrientationAsReference> is unset, using default value of false to comply with REP 145 (world as orientation reference)[0m
[0m[INFO] [1788610124.915167605]: <robotNamespace> set to: //[0m
[0m[INFO] [1788610124.915172344]: <topicName> set to: /livox/imu[0m
[0m[INFO] [1788610124.915177127]: <frameName> set to: livox_imu_link[0m
[0m[INFO] [1788610124.915195538]: <updateRateHZ> set to: 1000[0m
[0m[INFO] [1788610124.915201042]: <gaussianNoise> set to: 0[0m
[0m[INFO] [1788610124.915211248]: <xyzOffset> set to: 0 0 0[0m
[0m[INFO] [1788610124.915217987]: <rpyOffset> set to: 0 -0 0[0m
[0m[INFO] [1788610126.229738233]: Camera Plugin: Using the 'robotNamespace' param: '/'[0m
[0m[INFO] [1788610126.232055605]: Camera Plugin (ns = /)  <tf_prefix_>, set to ""[0m
[0m[INFO] [1788610126.237944691]: Updating LinkState: reference_frame is empty/world/map, using inertial frame[0m
[0m[INFO] [1788610126.240526755]: Updating LinkState: reference_frame is empty/world/map, using inertial frame[0m
[0m[INFO] [1788610126.266082692]: Camera Plugin: Using the 'robotNamespace' param: '/'[0m
[0m[INFO] [1788610126.267922463]: Camera Plugin (ns = /)  <tf_prefix_>, set to ""[0m
[0m[INFO] [1788610127.088069062]: Loading gazebo_ros_control plugin[0m
[0m[INFO] [1788610127.088125107]: Starting gazebo_ros_control plugin in namespace: /a1_gazebo[0m
[0m[INFO] [1788610127.088550881]: gazebo_ros_control plugin is waiting for model URDF in parameter [/robot_description] on the ROS param server.[0m
[0m[INFO] [1788610127.202556443]: Loaded gazebo_ros_control.[0m

auto-starting new master
[1mprocess[master]: started with pid [251476][0m
[1mROS_MASTER_URI=http://localhost:11311[0m
]2;/home/quinn/0904/threefloor_stress5_repro_20260827/work/mounts/SimEnv/src/simenv_bridge/launch/scanplanner_three_floor_rl.launch http://localhost:11311
[1msetting /run_id to 8975108c-a922-11f1-9447-05c1f50d701d[0m
[1mprocess[rosout-1]: started with pid [251486][0m
started core service [/rosout]
[1mprocess[gazebo-2]: started with pid [251494][0m
[1mprocess[urdf_spawner-3]: started with pid [251497][0m
[1mprocess[state_from_gazebo-4]: started with pid [251500][0m
[1mprocess[a1_gazebo/controller_spawner-5]: started with pid [251501][0m
[1mprocess[robot_state_publisher-6]: started with pid [251502][0m
[1mprocess[unpause_after_controllers-7]: started with pid [251507][0m
[1mprocess[building_control-8]: started with pid [251509][0m
[1mprocess[open_mapping_entrance-9]: started with pid [251514][0m
[1mprocess[junior_ctrl-10]: started with pid [251516][0m
[1mprocess[scanplanner_pointcloud_bridge-11]: started with pid [251517][0m
[1mprocess[scan_planner_node-12]: started with pid [251519][0m
[1mprocess[closed_loop_controller-13]: started with pid [251520][0m
[1mprocess[scanplanner_plane_rl_bootstrap-14]: started with pid [251521][0m
[1mprocess[rl_floor_command_mux-15]: started with pid [251523][0m
[1mprocess[stair_transition_manager-16]: started with pid [251528][0m
[1mprocess[second_to_third_floor_stair_manager-17]: started with pid [251529][0m
[1mprocess[stair_descent_manager-18]: started with pid [251531][0m
[1mprocess[scanplanner_three_floor_goal_sequencer-19]: started with pid [251532][0m
[1mprocess[scanplanner_red_ball_detector-20]: started with pid [251535][0m
[1mprocess[three_floor_rl_mission_supervisor-21]: started with pid [251536][0m
[1m[open_mapping_entrance-9] process has finished cleanly
log file: /home/quinn/.ros/log/8975108c-a922-11f1-9447-05c1f50d701d/open_mapping_entrance-9*.log[0m
[1m[urdf_spawner-3] process has finished cleanly
log file: /home/quinn/.ros/log/8975108c-a922-11f1-9447-05c1f50d701d/urdf_spawner-3*.log[0m
[1m[unpause_after_controllers-7] process has finished cleanly
log file: /home/quinn/.ros/log/8975108c-a922-11f1-9447-05c1f50d701d/unpause_after_controllers-7*.log[0m
[1m[stair_transition_manager-16] process has finished cleanly
log file: /home/quinn/.ros/log/8975108c-a922-11f1-9447-05c1f50d701d/stair_transition_manager-16*.log[0m
[1m[second_to_third_floor_stair_manager-17] process has finished cleanly
log file: /home/quinn/.ros/log/8975108c-a922-11f1-9447-05c1f50d701d/second_to_third_floor_stair_manager-17*.log[0m
[three_floor_rl_mission_supervisor-21] killing on exit
[scanplanner_red_ball_detector-20] killing on exit
[scanplanner_three_floor_goal_sequencer-19] killing on exit
[stair_descent_manager-18] killing on exit
[rl_floor_command_mux-15] killing on exit
[scanplanner_plane_rl_bootstrap-14] killing on exit
[closed_loop_controller-13] killing on exit
[scan_planner_node-12] killing on exit
[scanplanner_pointcloud_bridge-11] killing on exit
[junior_ctrl-10] killing on exit
[building_control-8] killing on exit
[robot_state_publisher-6] killing on exit
[a1_gazebo/controller_spawner-5] killing on exit
[state_from_gazebo-4] killing on exit
[gazebo-2] killing on exit
[rosout-1] killing on exit
[master] killing on exit
shutting down processing monitor...
... shutting down processing monitor complete
[1mdone[0m
