xacro: in-order processing became default in ROS Melodic. You can drop the option.
... logging to /home/quinn/.ros/log/45090204-a8dd-11f1-9447-05c1f50d701d/roslaunch-Legion-168510.log
Checking log directory for disk usage. This may take a while.
Press Ctrl-C to interrupt
Done checking log file disk usage. Usage is <1GB.
]2;/home/quinn/0904/threefloor_stress5_repro_20260827/work/mounts/SimEnv/src/simenv_bridge/launch/scanplanner_three_floor_rl.launch
[1mstarted roslaunch server http://Legion:36519/[0m

SUMMARY
========

CLEAR PARAMETERS
 * /scan_planner_node/

PARAMETERS
 * /a1_gazebo/FL_calf_controller/joint: FL_calf_joint
 * /a1_gazebo/FL_calf_controller/pid/d: 8.0
 * /a1_gazebo/FL_calf_controller/pid/i: 0.0
 * /a1_gazebo/FL_calf_controller/pid/p: 300.0
 * /a1_gazebo/FL_calf_controller/type: unitree_legged_co...
 * /a1_gazebo/FL_hip_controller/joint: FL_hip_joint
 * /a1_gazebo/FL_hip_controller/pid/d: 5.0
 * /a1_gazebo/FL_hip_controller/pid/i: 0.0
 * /a1_gazebo/FL_hip_controller/pid/p: 100.0
 * /a1_gazebo/FL_hip_controller/type: unitree_legged_co...
 * /a1_gazebo/FL_thigh_controller/joint: FL_thigh_joint
 * /a1_gazebo/FL_thigh_controller/pid/d: 8.0
 * /a1_gazebo/FL_thigh_controller/pid/i: 0.0
 * /a1_gazebo/FL_thigh_controller/pid/p: 300.0
 * /a1_gazebo/FL_thigh_controller/type: unitree_legged_co...
 * /a1_gazebo/FR_calf_controller/joint: FR_calf_joint
 * /a1_gazebo/FR_calf_controller/pid/d: 8.0
 * /a1_gazebo/FR_calf_controller/pid/i: 0.0
 * /a1_gazebo/FR_calf_controller/pid/p: 300.0
 * /a1_gazebo/FR_calf_controller/type: unitree_legged_co...
 * /a1_gazebo/FR_hip_controller/joint: FR_hip_joint
 * /a1_gazebo/FR_hip_controller/pid/d: 5.0
 * /a1_gazebo/FR_hip_controller/pid/i: 0.0
 * /a1_gazebo/FR_hip_controller/pid/p: 100.0
 * /a1_gazebo/FR_hip_controller/type: unitree_legged_co...
 * /a1_gazebo/FR_thigh_controller/joint: FR_thigh_joint
 * /a1_gazebo/FR_thigh_controller/pid/d: 8.0
 * /a1_gazebo/FR_thigh_controller/pid/i: 0.0
 * /a1_gazebo/FR_thigh_controller/pid/p: 300.0
 * /a1_gazebo/FR_thigh_controller/type: unitree_legged_co...
 * /a1_gazebo/RL_calf_controller/joint: RL_calf_joint
 * /a1_gazebo/RL_calf_controller/pid/d: 8.0
 * /a1_gazebo/RL_calf_controller/pid/i: 0.0
 * /a1_gazebo/RL_calf_controller/pid/p: 300.0
 * /a1_gazebo/RL_calf_controller/type: unitree_legged_co...
 * /a1_gazebo/RL_hip_controller/joint: RL_hip_joint
 * /a1_gazebo/RL_hip_controller/pid/d: 5.0
 * /a1_gazebo/RL_hip_controller/pid/i: 0.0
 * /a1_gazebo/RL_hip_controller/pid/p: 100.0
 * /a1_gazebo/RL_hip_controller/type: unitree_legged_co...
 * /a1_gazebo/RL_thigh_controller/joint: RL_thigh_joint
 * /a1_gazebo/RL_thigh_controller/pid/d: 8.0
 * /a1_gazebo/RL_thigh_controller/pid/i: 0.0
 * /a1_gazebo/RL_thigh_controller/pid/p: 300.0
 * /a1_gazebo/RL_thigh_controller/type: unitree_legged_co...
 * /a1_gazebo/RR_calf_controller/joint: RR_calf_joint
 * /a1_gazebo/RR_calf_controller/pid/d: 8.0
 * /a1_gazebo/RR_calf_controller/pid/i: 0.0
 * /a1_gazebo/RR_calf_controller/pid/p: 300.0
 * /a1_gazebo/RR_calf_controller/type: unitree_legged_co...
 * /a1_gazebo/RR_hip_controller/joint: RR_hip_joint
 * /a1_gazebo/RR_hip_controller/pid/d: 5.0
 * /a1_gazebo/RR_hip_controller/pid/i: 0.0
 * /a1_gazebo/RR_hip_controller/pid/p: 100.0
 * /a1_gazebo/RR_hip_controller/type: unitree_legged_co...
 * /a1_gazebo/RR_thigh_controller/joint: RR_thigh_joint
 * /a1_gazebo/RR_thigh_controller/pid/d: 8.0
 * /a1_gazebo/RR_thigh_controller/pid/i: 0.0
 * /a1_gazebo/RR_thigh_controller/pid/p: 300.0
 * /a1_gazebo/RR_thigh_controller/type: unitree_legged_co...
 * /a1_gazebo/joint_limits/FL_calf_joint/has_position_limits: False
 * /a1_gazebo/joint_limits/FR_calf_joint/has_position_limits: False
 * /a1_gazebo/joint_limits/RL_calf_joint/has_position_limits: False
 * /a1_gazebo/joint_limits/RR_calf_joint/has_position_limits: False
 * /a1_gazebo/joint_state_controller/publish_rate: 1000
 * /a1_gazebo/joint_state_controller/type: joint_state_contr...
 * /body_pose_topic: /Odometry_gazebo
 * /closed_loop_controller/finish_dist: 0.15
 * /closed_loop_controller/heading_error_threshold: 0.8
 * /closed_loop_controller/kp_pos: 0.8
 * /closed_loop_controller/kp_yaw: 1.5
 * /closed_loop_controller/max_vx: 2.05
 * /closed_loop_controller/max_vy: 0.35
 * /closed_loop_controller/max_vyaw: 1.0
 * /closed_loop_controller/time_forward: 0.8
 * /gazebo/enable_ros_network: True
 * /rl_floor_command_mux/command_timeout_sec: 0.4
 * /rl_floor_command_mux/linear_acceleration: 2.2
 * /rl_floor_command_mux/linear_deceleration: 2.0
 * /rl_floor_command_mux/max_forward: 2.25
 * /rl_floor_command_mux/max_lateral: 0.75
 * /rl_floor_command_mux/max_reverse: 0.2
 * /rl_floor_command_mux/max_yaw: 3.0
 * /rl_floor_command_mux/output_topic: /cmd_vel
 * /rl_floor_command_mux/planner_topic: /scanplanner/plan...
 * /rl_floor_command_mux/rate: 30.0
 * /rl_floor_command_mux/yaw_acceleration: 2.4
 * /rl_floor_command_mux/yaw_slowdown: 1.05
 * /rl_floor_command_mux/yaw_translation_stop: 1.3
 * /robot_description: <?xml version="1....
 * /robot_name: a1
 * /rosdistro: noetic
 * /rosversion: 1.17.4
 * /scan_planner_node/fsm/emergency_time_: 1.0
 * /scan_planner_node/fsm/fail_safe: True
 * /scan_planner_node/fsm/is_real_world: True
 * /scan_planner_node/fsm/manual_goal_use_current_height: True
 * /scan_planner_node/fsm/max_replan_fail_count: 1000
 * /scan_planner_node/fsm/navi_mode: 1
 * /scan_planner_node/fsm/planning_horizon: 7.5
 * /scan_planner_node/fsm/thresh_no_replan: 0.1
 * /scan_planner_node/fsm/thresh_replan: 1.0
 * /scan_planner_node/grid_map/cloud_is_world: True
 * /scan_planner_node/grid_map/cx: 317.19
 * /scan_planner_node/grid_map/cy: 256.48
 * /scan_planner_node/grid_map/depth_filter_margin: 1
 * /scan_planner_node/grid_map/depth_filter_maxdist: 3.0
 * /scan_planner_node/grid_map/depth_filter_mindist: 0.3
 * /scan_planner_node/grid_map/double_cylinder_offset: 0.18
 * /scan_planner_node/grid_map/double_cylinder_radius: 0.25
 * /scan_planner_node/grid_map/fx: 609.59
 * /scan_planner_node/grid_map/fy: 609.22
 * /scan_planner_node/grid_map/k_depth_scaling_factor: 1000.0
 * /scan_planner_node/grid_map/map_sliding_thresh: 0.2
 * /scan_planner_node/grid_map/max_ray_length: 5.0
 * /scan_planner_node/grid_map/need_extrinsic: True
 * /scan_planner_node/grid_map/obstacles_inflation_z_down: 0.4
 * /scan_planner_node/grid_map/obstacles_inflation_z_up: 0.1
 * /scan_planner_node/grid_map/p_hit: 0.85
 * /scan_planner_node/grid_map/p_max: 0.98
 * /scan_planner_node/grid_map/p_min: 0.12
 * /scan_planner_node/grid_map/p_miss: 0.3
 * /scan_planner_node/grid_map/p_occ: 0.8
 * /scan_planner_node/grid_map/resolution: 0.05
 * /scan_planner_node/grid_map/sensor_type: lidar
 * /scan_planner_node/grid_map/skip_pixel: 2
 * /scan_planner_node/grid_map/sliding_map_size_x: 10.0
 * /scan_planner_node/grid_map/sliding_map_size_y: 10.0
 * /scan_planner_node/grid_map/sliding_map_size_z: 5.0
 * /scan_planner_node/grid_map/vis_height: 0.3
 * /scan_planner_node/manager/control_points_distance: 0.2
 * /scan_planner_node/manager/feasibility_tolerance: 0.5
 * /scan_planner_node/manager/max_acc: 1.1
 * /scan_planner_node/manager/max_jerk: 4.0
 * /scan_planner_node/manager/max_vel: 2.05
 * /scan_planner_node/manager/planning_horizon: 7.5
 * /scan_planner_node/optimization/acc_tolerance: 1.0
 * /scan_planner_node/optimization/dist0: 0.2
 * /scan_planner_node/optimization/lambda_collision: 1.0
 * /scan_planner_node/optimization/lambda_feasibility: 0.1
 * /scan_planner_node/optimization/lambda_fitness: 1.0
 * /scan_planner_node/optimization/lambda_smooth: 1.0
 * /scan_planner_node/optimization/max_acc: 1.1
 * /scan_planner_node/optimization/max_vel: 2.05
 * /scan_planner_node/optimization/vel_tolerance: 1.0
 * /scanplanner_plane_rl_bootstrap/fixed_stand_max_duration_sec: 25.0
 * /scanplanner_plane_rl_bootstrap/release_after_rl_request: True
 * /scanplanner_plane_rl_bootstrap/rl_repeat_seconds: 120.0
 * /scanplanner_plane_rl_bootstrap/stand_after_seconds: 1.0
 * /scanplanner_pointcloud_bridge/input: /scan
 * /scanplanner_pointcloud_bridge/laser_blind: 0.5
 * /scanplanner_pointcloud_bridge/maximum_rate_hz: 5.0
 * /scanplanner_pointcloud_bridge/maximum_vertical_angle_deg: 55
 * /scanplanner_pointcloud_bridge/minimum_vertical_angle_deg: -7
 * /scanplanner_pointcloud_bridge/odom_topic: /Odometry_gazebo
 * /scanplanner_pointcloud_bridge/output: /registered_scan
 * /scanplanner_pointcloud_bridge/world_frame: map
 * /scanplanner_red_ball_detector/camera_info_topic: /recording_camera...
 * /scanplanner_red_ball_detector/camera_ready_topic: /simenv/recording...
 * /scanplanner_red_ball_detector/confirm_count: 3
 * /scanplanner_red_ball_detector/depth_topic: /real_sense/depth...
 * /scanplanner_red_ball_detector/floor_height_m: 2.6
 * /scanplanner_red_ball_detector/ground_range_scale: 0.95
 * /scanplanner_red_ball_detector/image_topic: /recording_camera...
 * /scanplanner_red_ball_detector/layout_metadata: /tmp/simenv_bridg...
 * /scanplanner_red_ball_detector/maximum_processing_rate_hz: 0.0
 * /scanplanner_red_ball_detector/merge_radius: 1.1
 * /scanplanner_red_ball_detector/out_json: /home/quinn/0904/...
 * /scanplanner_red_ball_detector/require_room_boundary_during_scan: True
 * /scanplanner_red_ball_detector/room_boundary_margin_m: 0.5
 * /scanplanner_red_ball_detector/scan_active_topic: /scanplanner/room...
 * /scanplanner_red_ball_detector/use_depth: True
 * /scanplanner_three_floor_goal_sequencer/direct_plane_distance_gain: 1.25
 * /scanplanner_three_floor_goal_sequencer/direct_plane_max_lateral_speed_mps: 0.75
 * /scanplanner_three_floor_goal_sequencer/direct_plane_min_forward_speed: 0.3
 * /scanplanner_three_floor_goal_sequencer/direct_plane_translation_heading_limit_rad: 1.45
 * /scanplanner_three_floor_goal_sequencer/direct_plane_yaw_rate: 1.15
 * /scanplanner_three_floor_goal_sequencer/direct_stair_yaw_rate: 0.35
 * /scanplanner_three_floor_goal_sequencer/entrance_fixed_heading_release_rad: 0.2
 * /scanplanner_three_floor_goal_sequencer/entrance_lateral_gain: 0.6
 * /scanplanner_three_floor_goal_sequencer/entrance_max_lateral_speed_mps: 0.12
 * /scanplanner_three_floor_goal_sequencer/entrance_progress_timeout_sec: 5.0
 * /scanplanner_three_floor_goal_sequencer/entrance_recovery_hold_sec: 1.0
 * /scanplanner_three_floor_goal_sequencer/entrance_recovery_max_attempts: 2
 * /scanplanner_three_floor_goal_sequencer/entrance_speed_scale: 1.45
 * /scanplanner_three_floor_goal_sequencer/floor_control_settle_sec: 0.15
 * /scanplanner_three_floor_goal_sequencer/handoff_timeout_sec: 300.0
 * /scanplanner_three_floor_goal_sequencer/manager_release_settle_sec: 0.1
 * /scanplanner_three_floor_goal_sequencer/maximum_floor_speed: 2.25
 * /scanplanner_three_floor_goal_sequencer/maximum_replans: 2
 * /scanplanner_three_floor_goal_sequencer/minimum_upright_duration_sec: 0.6
 * /scanplanner_three_floor_goal_sequencer/minimum_upright_z: 0.55
 * /scanplanner_three_floor_goal_sequencer/mission_config: /tmp/simenv_bridg...
 * /scanplanner_three_floor_goal_sequencer/output_dir: /home/quinn/0904/...
 * /scanplanner_three_floor_goal_sequencer/plane_attitude_hold_upright_z: 0.9
 * /scanplanner_three_floor_goal_sequencer/plane_attitude_slowdown_upright_z: 0.97
 * /scanplanner_three_floor_goal_sequencer/plane_fast_takeover: True
 * /scanplanner_three_floor_goal_sequencer/plane_fast_takeover_blend_seconds: 0.5
 * /scanplanner_three_floor_goal_sequencer/plane_fast_takeover_zero_hold_seconds: 0.15
 * /scanplanner_three_floor_goal_sequencer/plane_motion_start_ramp_initial_speed_mps: 0.3
 * /scanplanner_three_floor_goal_sequencer/plane_motion_start_ramp_minimum_upright_z: 0.985
 * /scanplanner_three_floor_goal_sequencer/plane_motion_start_ramp_seconds: 3.0
 * /scanplanner_three_floor_goal_sequencer/policy_timeout_sec: 35.0
 * /scanplanner_three_floor_goal_sequencer/progress_timeout_sec: 45.0
 * /scanplanner_three_floor_goal_sequencer/room_scan_settle_sec: 0.1
 * /scanplanner_three_floor_goal_sequencer/room_scan_timeout_sec: 30.0
 * /scanplanner_three_floor_goal_sequencer/room_scan_turn_rad: 1.9
 * /scanplanner_three_floor_goal_sequencer/room_scan_yaw_rate: 2.8
 * /scanplanner_three_floor_goal_sequencer/room_tolerance: 0.4
 * /scanplanner_three_floor_goal_sequencer/speed_scale: 2.6
 * /scanplanner_three_floor_goal_sequencer/stage_announcement_hold_sec: 0.15
 * /scanplanner_three_floor_goal_sequencer/startup_timeout_sec: 240.0
 * /scanplanner_three_floor_goal_sequencer/waypoint_timeout_sec: 150.0
 * /second_to_third_floor_stair_manager/ascent_maximum_speed_mps: 0.8
 * /second_to_third_floor_stair_manager/ascent_speed_mps: 0.8
 * /second_to_third_floor_stair_manager/ascent_timeout_sec: 45.0
 * /second_to_third_floor_stair_manager/auto_start: False
 * /second_to_third_floor_stair_manager/command_topic: /cmd_vel
 * /second_to_third_floor_stair_manager/enable_truth_return_gate: False
 * /second_to_third_floor_stair_manager/enable_visual_stair_alignment: False
 * /second_to_third_floor_stair_manager/entry_alignment_yaw_rate_rps: 0.4
 * /second_to_third_floor_stair_manager/flight_a_height_gain_m: 1.05
 * /second_to_third_floor_stair_manager/flight_b_timeout_sec: 22.0
 * /second_to_third_floor_stair_manager/height_plot_basename: 21_truth_stair_he...
 * /second_to_third_floor_stair_manager/hold_rl_during_ascent: True
 * /second_to_third_floor_stair_manager/landing_cross_distance_m: 0.95
 * /second_to_third_floor_stair_manager/landing_cross_speed_mps: 0.75
 * /second_to_third_floor_stair_manager/landing_heading_tolerance_rad: 0.15
 * /second_to_third_floor_stair_manager/landing_timeout_sec: 30.0
 * /second_to_third_floor_stair_manager/landing_turn_angle_rad: -2.4
 * /second_to_third_floor_stair_manager/landing_turn_speed_rps: 1.2
 * /second_to_third_floor_stair_manager/mission_failure_token: SECOND_FLOOR_EXPL...
 * /second_to_third_floor_stair_manager/mission_trigger_token: SECOND_FLOOR_EXPL...
 * /second_to_third_floor_stair_manager/mission_trigger_topic: /simenv/second_fl...
 * /second_to_third_floor_stair_manager/odom_topic: /Odometry_gazebo
 * /second_to_third_floor_stair_manager/offline_stair_model_sdf: /tmp/simenv_bridg...
 * /second_to_third_floor_stair_manager/offline_truth_layout_metadata: /tmp/simenv_bridg...
 * /second_to_third_floor_stair_manager/output_dir: /home/quinn/0904/...
 * /second_to_third_floor_stair_manager/plane_policy: /home/quinn/0904/...
 * /second_to_third_floor_stair_manager/policy_warmup_seconds: 0.2
 * /second_to_third_floor_stair_manager/pre_ascent_rl_fast_blend_seconds: 0.5
 * /second_to_third_floor_stair_manager/pre_ascent_rl_fast_takeover: True
 * /second_to_third_floor_stair_manager/pre_ascent_rl_fast_zero_hold_seconds: 0.15
 * /second_to_third_floor_stair_manager/pre_ascent_rl_settle_seconds: 0.6
 * /second_to_third_floor_stair_manager/pre_ascent_stand_seconds: 0.0
 * /second_to_third_floor_stair_manager/second_floor_handoff_timeout_sec: 90.0
 * /second_to_third_floor_stair_manager/second_floor_stable_seconds: 0.5
 * /second_to_third_floor_stair_manager/source_floor_index: 1
 * /second_to_third_floor_stair_manager/stair_policy: /home/quinn/0904/...
 * /second_to_third_floor_stair_manager/state_topic: /simenv/second_to...
 * /second_to_third_floor_stair_manager/target_floor_number: 3
 * /second_to_third_floor_stair_manager/total_height_gain_m: 2.2
 * /second_to_third_floor_stair_manager/trajectory_plot_basename: 21_f2_to_third_fl...
 * /second_to_third_floor_stair_manager/transition_log_basename: second_to_third_f...
 * /second_to_third_floor_stair_manager/transition_plot_basename: 21_second_to_thir...
 * /second_to_third_floor_stair_manager/truth_entry_final_speed_mps: 0.55
 * /second_to_third_floor_stair_manager/truth_entry_guide: True
 * /second_to_third_floor_stair_manager/truth_entry_guide_min_speed_mps: 0.25
 * /second_to_third_floor_stair_manager/truth_entry_guide_speed_mps: 0.45
 * /second_to_third_floor_stair_manager/truth_entry_timeout_sec: 120.0
 * /second_to_third_floor_stair_manager/truth_fixed_two_flight_profile: True
 * /second_to_third_floor_stair_manager/truth_flight_a_backslide_recovery_hold_seconds: 1.5
 * /second_to_third_floor_stair_manager/truth_flight_a_backslide_recovery_max_attempts: 2
 * /second_to_third_floor_stair_manager/truth_flight_a_backslide_recovery_ramp_seconds: 1.0
 * /second_to_third_floor_stair_manager/truth_flight_a_backslide_recovery_ramp_speed_mps: 0.4
 * /second_to_third_floor_stair_manager/truth_flight_a_climb_ramp_seconds: 1.2
 * /second_to_third_floor_stair_manager/truth_flight_a_near_edge_strong_center_error_m: 0.24
 * /second_to_third_floor_stair_manager/truth_flight_a_policy_capture_max_joint_velocity_rms: 0.18
 * /second_to_third_floor_stair_manager/truth_flight_a_policy_fast_fixed_stand: True
 * /second_to_third_floor_stair_manager/truth_flight_a_policy_fast_fixed_stand_duration_seconds: 0.5
 * /second_to_third_floor_stair_manager/truth_flight_a_policy_fast_fixed_stand_minimum_elapsed_seconds: 0.5
 * /second_to_third_floor_stair_manager/truth_flight_a_policy_fast_fixed_stand_minimum_gain_ratio: 0.75
 * /second_to_third_floor_stair_manager/truth_flight_a_policy_fast_fixed_stand_settle_seconds: 0.0
 * /second_to_third_floor_stair_manager/truth_flight_a_policy_fast_fixed_stand_stable_seconds: 0.5
 * /second_to_third_floor_stair_manager/truth_flight_a_policy_fixed_stand_ready_timeout_sec: 12.0
 * /second_to_third_floor_stair_manager/truth_flight_a_policy_require_fixed_stand_ready: True
 * /second_to_third_floor_stair_manager/truth_flight_a_policy_settle_seconds: 0.35
 * /second_to_third_floor_stair_manager/truth_flight_a_policy_settle_timeout_sec: 8.0
 * /second_to_third_floor_stair_manager/truth_flight_a_policy_stand_seconds: 0.1
 * /second_to_third_floor_stair_manager/truth_flight_a_policy_use_default_stand_target: False
 * /second_to_third_floor_stair_manager/truth_flight_a_rearward_slip_max_climb_speed_mps: 0.12
 * /second_to_third_floor_stair_manager/truth_flight_a_rearward_slip_speed_mps: 0.3
 * /second_to_third_floor_stair_manager/truth_flight_a_recovery_center_speed_mps: 0.22
 * /second_to_third_floor_stair_manager/truth_flight_a_recovery_forward_speed_mps: 0.6
 * /second_to_third_floor_stair_manager/truth_flight_a_require_fresh_ready: True
 * /second_to_third_floor_stair_manager/truth_flight_a_stall_release_seconds: 1.5
 * /second_to_third_floor_stair_manager/truth_flight_a_strong_recovery_forward_speed_mps: 0.4
 * /second_to_third_floor_stair_manager/truth_flight_b_max_yaw_rate_rps: 0.1
 * /second_to_third_floor_stair_manager/truth_flight_b_near_edge_strong_center_error_m: 0.24
 * /second_to_third_floor_stair_manager/truth_flight_b_pitch_min_height_gain_m: 0.08
 * /second_to_third_floor_stair_manager/truth_flight_b_pitch_rate_min_abs_rad: 0.6
 * /second_to_third_floor_stair_manager/truth_flight_b_pitch_rate_trigger_rps: 1.6
 * /second_to_third_floor_stair_manager/truth_flight_b_pitch_rate_window_sec: 0.18
 * /second_to_third_floor_stair_manager/truth_flight_b_pitch_recovery_max_attempts: 2
 * /second_to_third_floor_stair_manager/truth_flight_b_rearward_slip_speed_mps: 0.3
 * /second_to_third_floor_stair_manager/truth_flight_b_recovery_forward_speed_mps: 0.6
 * /second_to_third_floor_stair_manager/truth_flight_b_recovery_hold_seconds: 4.0
 * /second_to_third_floor_stair_manager/truth_flight_b_severe_pitch_detect_seconds: 0.1
 * /second_to_third_floor_stair_manager/truth_flight_b_severe_pitch_rad: 0.8
 * /second_to_third_floor_stair_manager/truth_flight_b_strong_recovery_forward_speed_mps: 0.4
 * /second_to_third_floor_stair_manager/truth_landing_recenter_speed_mps: 0.75
 * /second_to_third_floor_stair_manager/truth_two_stage_guide: True
 * /second_to_third_floor_stair_manager/truth_upper_floor_exit_clearance_m: 0.8
 * /second_to_third_floor_stair_manager/two_flight_stair: True
 * /second_to_third_floor_stair_manager/upper_floor_handoff_complete_phase: THIRD_FLOOR_HANDO...
 * /second_to_third_floor_stair_manager/upper_floor_handoff_timeout_phase: THIRD_FLOOR_HANDO...
 * /second_to_third_floor_stair_manager/upper_floor_reached_phase: THIRD_FLOOR_REACHED
 * /second_to_third_floor_stair_manager/upper_floor_ready_token: THIRD_FLOOR_EXPLO...
 * /second_to_third_floor_stair_manager/upper_floor_settle_phase: THIRD_FLOOR_SETTLE
 * /second_to_third_floor_stair_manager/upper_floor_state_topic: /simenv/third_flo...
 * /second_to_third_floor_stair_manager/upper_landing_clearance_grace_sec: 15.0
 * /second_to_third_floor_stair_manager/wait_for_second_floor_handoff: True
 * /second_to_third_floor_stair_manager/world_frame_ascent: True
 * /simenv/plane_tilt_guard_release_rad: 0.1
 * /simenv/plane_tilt_guard_stop_rad: 0.27
 * /simenv/plane_tilt_guard_warning_rad: 0.14
 * /stair_descent_manager/command_topic: /cmd_vel
 * /stair_descent_manager/descent_maximum_speed_mps: 0.8
 * /stair_descent_manager/descent_segment_timeout_sec: 600.0
 * /stair_descent_manager/descent_speed_mps: 0.8
 * /stair_descent_manager/end_floor_number: 1
 * /stair_descent_manager/mission_trigger_token: THIRD_FLOOR_EXPLO...
 * /stair_descent_manager/mission_trigger_topic: /simenv/third_flo...
 * /stair_descent_manager/odom_topic: /Odometry_gazebo
 * /stair_descent_manager/offline_stair_model_sdf: /tmp/simenv_bridg...
 * /stair_descent_manager/offline_truth_layout_metadata: /tmp/simenv_bridg...
 * /stair_descent_manager/output_dir: /home/quinn/0904/...
 * /stair_descent_manager/policy_switch_fast_fixed_stand: True
 * /stair_descent_manager/policy_switch_fast_fixed_stand_duration_seconds: 0.5
 * /stair_descent_manager/policy_switch_fast_fixed_stand_minimum_elapsed_seconds: 0.5
 * /stair_descent_manager/policy_switch_fast_fixed_stand_minimum_gain_ratio: 0.75
 * /stair_descent_manager/policy_switch_fast_fixed_stand_settle_seconds: 0.0
 * /stair_descent_manager/policy_switch_fast_fixed_stand_stable_seconds: 0.5
 * /stair_descent_manager/policy_switch_fixed_stand_timeout_sec: 12.0
 * /stair_descent_manager/policy_switch_max_joint_velocity_rms: 0.35
 * /stair_descent_manager/policy_switch_queue_hold_seconds: 0.25
 * /stair_descent_manager/policy_switch_reentry_timeout_sec: 20.0
 * /stair_descent_manager/policy_switch_settle_seconds: 0.45
 * /stair_descent_manager/policy_switch_settle_timeout_sec: 6.0
 * /stair_descent_manager/policy_warmup_seconds: 0.75
 * /stair_descent_manager/pre_descent_stand_seconds: 0.25
 * /stair_descent_manager/segment_one_log_basename: third_to_second_f...
 * /stair_descent_manager/segment_two_log_basename: second_to_first_f...
 * /stair_descent_manager/skip_entry_guide: True
 * /stair_descent_manager/stair_policy: /home/quinn/0904/...
 * /stair_descent_manager/start_floor_number: 3
 * /stair_descent_manager/state_topic: /simenv/third_to_...
 * /stair_descent_manager/transition_log_basename: stair_descent.json
 * /stair_descent_manager/truth_descent_backoff_escalation_m: 0.15
 * /stair_descent_manager/truth_descent_east_align_minimum_x_speed_mps: 0.3
 * /stair_descent_manager/truth_descent_east_align_tread_drop_m: 0.05
 * /stair_descent_manager/truth_descent_entry_guide_speed_mps: 1.15
 * /stair_descent_manager/truth_descent_final_landing_max_body_height_m: 1.0
 * /stair_descent_manager/truth_descent_final_landing_max_tilt_rad: 0.45
 * /stair_descent_manager/truth_descent_final_landing_min_body_height_m: 0.2
 * /stair_descent_manager/truth_descent_final_landing_minimum_upright_z: 0.75
 * /stair_descent_manager/truth_descent_final_landing_settle_seconds: 1.0
 * /stair_descent_manager/truth_descent_final_landing_timeout_sec: 20.0
 * /stair_descent_manager/truth_descent_flight_a_end_y: 1.75
 * /stair_descent_manager/truth_descent_flight_center_correction_error_m: 0.22
 * /stair_descent_manager/truth_descent_flight_center_correction_speed_mps: 0.5
 * /stair_descent_manager/truth_descent_flight_center_correction_yaw_rate_rps: 0.2
 * /stair_descent_manager/truth_descent_flight_center_steer_gain: 1.0
 * /stair_descent_manager/truth_descent_flight_center_steer_max_rad: 0.24
 * /stair_descent_manager/truth_descent_flight_end_slowdown_drop_m: 0.95
 * /stair_descent_manager/truth_descent_flight_end_speed_mps: 0.6
 * /stair_descent_manager/truth_descent_flight_heading_correction_error_rad: 0.22
 * /stair_descent_manager/truth_descent_flight_heading_correction_speed_mps: 0.4
 * /stair_descent_manager/truth_descent_flight_heading_correction_yaw_rate_rps: 0.3
 * /stair_descent_manager/truth_descent_flight_heading_gain: 0.55
 * /stair_descent_manager/truth_descent_flight_initial_hold_drop_m: 0.18
 * /stair_descent_manager/truth_descent_flight_initial_ramp_end_drop_m: 0.45
 * /stair_descent_manager/truth_descent_flight_initial_speed_mps: 0.55
 * /stair_descent_manager/truth_descent_flight_max_yaw_rate_rps: 0.14
 * /stair_descent_manager/truth_descent_flight_severe_tilt_hold_sec: 0.8
 * /stair_descent_manager/truth_descent_flight_severe_tilt_rad: 0.6
 * /stair_descent_manager/truth_descent_flight_severe_tilt_speed_mps: 0.3
 * /stair_descent_manager/truth_descent_flight_tilt_hold_sec: 0.6
 * /stair_descent_manager/truth_descent_flight_tilt_slowdown_rad: 0.48
 * /stair_descent_manager/truth_descent_flight_tilt_speed_mps: 0.55
 * /stair_descent_manager/truth_descent_gain_up_drop_m: 0.35
 * /stair_descent_manager/truth_descent_landing_heading_tolerance_rad: 0.18
 * /stair_descent_manager/truth_descent_landing_minimum_x_speed_mps: 0.3
 * /stair_descent_manager/truth_descent_landing_minimum_yaw_rate_rps: 0.34
 * /stair_descent_manager/truth_descent_landing_position_tolerance_m: 0.12
 * /stair_descent_manager/truth_descent_landing_recenter_speed_mps: 0.4
 * /stair_descent_manager/truth_descent_landing_settle_seconds: 1.5
 * /stair_descent_manager/truth_descent_landing_slip_max_attempts: 4
 * /stair_descent_manager/truth_descent_landing_turn_speed_rps: 1.2
 * /stair_descent_manager/truth_descent_max_center_error_m: 0.4
 * /stair_descent_manager/truth_descent_minimum_upright_z: 0.55
 * /stair_descent_manager/truth_descent_segment_turn_alignment_minimum_speed_mps: 0.3
 * /stair_descent_manager/truth_descent_segment_turn_alignment_progress_min_m: 0.025
 * /stair_descent_manager/truth_descent_segment_turn_alignment_progress_timeout_sec: 3.0
 * /stair_descent_manager/truth_descent_segment_turn_drift_limit_m: 0.4
 * /stair_descent_manager/truth_descent_segment_turn_lateral_speed_mps: 0.4
 * /stair_descent_manager/truth_descent_segment_turn_position_tolerance_m: 0.16
 * /stair_descent_manager/truth_descent_segment_turn_progress_min_improvement_rad: 0.11
 * /stair_descent_manager/truth_descent_segment_turn_progress_timeout_sec: 2.8
 * /stair_descent_manager/truth_descent_segment_turn_side_speed_mps: 0.4
 * /stair_descent_manager/truth_descent_segment_turn_x_safe_tolerance_m: 0.25
 * /stair_descent_manager/truth_descent_segment_turn_y_safe_high_m: 1.95
 * /stair_descent_manager/truth_descent_segment_turn_yaw_rate_rps: 1.0
 * /stair_descent_manager/truth_descent_side_slip_pause_sec: 0.5
 * /stair_descent_manager/truth_descent_stall_seconds: 3.0
 * /stair_descent_manager/truth_descent_step_pause_interval_m: 0.18
 * /stair_descent_manager/truth_descent_step_pause_seconds: 0.0
 * /stair_descent_manager/truth_descent_trigger_timeout_sec: 2400.0
 * /stair_descent_manager/truth_descent_turn_forward_speed_mps: 0.08
 * /stair_descent_manager/truth_descent_turn_forward_y_limit_m: 4.82
 * /stair_descent_manager/truth_descent_turn_start_y: 5.05
 * /stair_descent_manager/truth_entry_guide: True
 * /stair_descent_manager/truth_two_stage_guide: True
 * /stair_transition_manager/ascent_maximum_speed_mps: 0.8
 * /stair_transition_manager/ascent_speed_mps: 0.8
 * /stair_transition_manager/ascent_timeout_sec: 70.0
 * /stair_transition_manager/auto_start: False
 * /stair_transition_manager/command_topic: /cmd_vel
 * /stair_transition_manager/enable_truth_return_gate: False
 * /stair_transition_manager/enable_visual_stair_alignment: False
 * /stair_transition_manager/entry_alignment_yaw_rate_rps: 0.4
 * /stair_transition_manager/flight_a_height_gain_m: 1.05
 * /stair_transition_manager/flight_b_timeout_sec: 70.0
 * /stair_transition_manager/hold_rl_during_ascent: True
 * /stair_transition_manager/landing_cross_distance_m: 0.95
 * /stair_transition_manager/landing_cross_speed_mps: 0.75
 * /stair_transition_manager/landing_heading_tolerance_rad: 0.15
 * /stair_transition_manager/landing_timeout_sec: 30.0
 * /stair_transition_manager/landing_turn_angle_rad: -2.4
 * /stair_transition_manager/landing_turn_speed_rps: 1.2
 * /stair_transition_manager/odom_topic: /Odometry_gazebo
 * /stair_transition_manager/offline_stair_model_sdf: /tmp/simenv_bridg...
 * /stair_transition_manager/offline_truth_layout_metadata: /tmp/simenv_bridg...
 * /stair_transition_manager/output_dir: /home/quinn/0904/...
 * /stair_transition_manager/plane_policy: /home/quinn/0904/...
 * /stair_transition_manager/policy_warmup_seconds: 0.2
 * /stair_transition_manager/pre_ascent_rl_fast_blend_seconds: 0.5
 * /stair_transition_manager/pre_ascent_rl_fast_takeover: True
 * /stair_transition_manager/pre_ascent_rl_fast_zero_hold_seconds: 0.15
 * /stair_transition_manager/pre_ascent_rl_settle_seconds: 0.6
 * /stair_transition_manager/pre_ascent_stand_seconds: 0.0
 * /stair_transition_manager/second_floor_handoff_timeout_sec: 90.0
 * /stair_transition_manager/second_floor_stable_seconds: 0.5
 * /stair_transition_manager/stair_policy: /home/quinn/0904/...
 * /stair_transition_manager/total_height_gain_m: 2.2
 * /stair_transition_manager/truth_entry_final_speed_mps: 0.55
 * /stair_transition_manager/truth_entry_guide: True
 * /stair_transition_manager/truth_entry_guide_min_speed_mps: 0.25
 * /stair_transition_manager/truth_entry_guide_speed_mps: 0.45
 * /stair_transition_manager/truth_entry_timeout_sec: 120.0
 * /stair_transition_manager/truth_fixed_two_flight_profile: True
 * /stair_transition_manager/truth_flight_a_backslide_recovery_hold_seconds: 1.5
 * /stair_transition_manager/truth_flight_a_backslide_recovery_max_attempts: 2
 * /stair_transition_manager/truth_flight_a_backslide_recovery_ramp_seconds: 1.0
 * /stair_transition_manager/truth_flight_a_backslide_recovery_ramp_speed_mps: 0.4
 * /stair_transition_manager/truth_flight_a_climb_ramp_seconds: 1.2
 * /stair_transition_manager/truth_flight_a_near_edge_strong_center_error_m: 0.24
 * /stair_transition_manager/truth_flight_a_policy_capture_max_joint_velocity_rms: 0.18
 * /stair_transition_manager/truth_flight_a_policy_fast_fixed_stand: True
 * /stair_transition_manager/truth_flight_a_policy_fast_fixed_stand_duration_seconds: 0.5
 * /stair_transition_manager/truth_flight_a_policy_fast_fixed_stand_minimum_elapsed_seconds: 0.5
 * /stair_transition_manager/truth_flight_a_policy_fast_fixed_stand_minimum_gain_ratio: 0.75
 * /stair_transition_manager/truth_flight_a_policy_fast_fixed_stand_settle_seconds: 0.0
 * /stair_transition_manager/truth_flight_a_policy_fast_fixed_stand_stable_seconds: 0.5
 * /stair_transition_manager/truth_flight_a_policy_fixed_stand_ready_timeout_sec: 12.0
 * /stair_transition_manager/truth_flight_a_policy_require_fixed_stand_ready: True
 * /stair_transition_manager/truth_flight_a_policy_settle_seconds: 0.35
 * /stair_transition_manager/truth_flight_a_policy_settle_timeout_sec: 8.0
 * /stair_transition_manager/truth_flight_a_policy_stand_seconds: 0.1
 * /stair_transition_manager/truth_flight_a_policy_use_default_stand_target: False
 * /stair_transition_manager/truth_flight_a_prediction_horizon_sec: 1.1
 * /stair_transition_manager/truth_flight_a_rearward_slip_max_climb_speed_mps: 0.12
 * /stair_transition_manager/truth_flight_a_rearward_slip_speed_mps: 0.3
 * /stair_transition_manager/truth_flight_a_recovery_center_speed_mps: 0.22
 * /stair_transition_manager/truth_flight_a_recovery_forward_speed_mps: 0.6
 * /stair_transition_manager/truth_flight_a_require_fresh_ready: True
 * /stair_transition_manager/truth_flight_a_stall_release_seconds: 1.5
 * /stair_transition_manager/truth_flight_a_strong_recovery_forward_speed_mps: 0.4
 * /stair_transition_manager/truth_flight_b_max_yaw_rate_rps: 0.1
 * /stair_transition_manager/truth_flight_b_near_edge_strong_center_error_m: 0.24
 * /stair_transition_manager/truth_flight_b_pitch_min_height_gain_m: 0.08
 * /stair_transition_manager/truth_flight_b_pitch_rate_min_abs_rad: 0.6
 * /stair_transition_manager/truth_flight_b_pitch_rate_trigger_rps: 1.6
 * /stair_transition_manager/truth_flight_b_pitch_rate_window_sec: 0.18
 * /stair_transition_manager/truth_flight_b_pitch_recovery_max_attempts: 2
 * /stair_transition_manager/truth_flight_b_rearward_slip_speed_mps: 0.3
 * /stair_transition_manager/truth_flight_b_recovery_forward_speed_mps: 0.6
 * /stair_transition_manager/truth_flight_b_recovery_hold_seconds: 4.0
 * /stair_transition_manager/truth_flight_b_severe_pitch_detect_seconds: 0.1
 * /stair_transition_manager/truth_flight_b_severe_pitch_rad: 0.8
 * /stair_transition_manager/truth_flight_b_strong_recovery_forward_speed_mps: 0.4
 * /stair_transition_manager/truth_landing_recenter_speed_mps: 0.75
 * /stair_transition_manager/truth_two_stage_guide: True
 * /stair_transition_manager/two_flight_stair: True
 * /stair_transition_manager/upper_landing_clearance_grace_sec: 15.0
 * /stair_transition_manager/wait_for_second_floor_handoff: True
 * /stair_transition_manager/world_frame_ascent: True
 * /state_from_gazebo/robot_name: a1
 * /three_floor_rl_mission_supervisor/lobby_heading_stable_sec: 0.3
 * /three_floor_rl_mission_supervisor/lobby_initial_forward_speed_mps: 0.4
 * /three_floor_rl_mission_supervisor/lobby_linear_acceleration_mps2: 1.0
 * /three_floor_rl_mission_supervisor/minimum_upright_duration_sec: 0.6
 * /three_floor_rl_mission_supervisor/minimum_upright_z: 0.55
 * /three_floor_rl_mission_supervisor/mission_config: /tmp/simenv_bridg...
 * /three_floor_rl_mission_supervisor/mission_timeout_sec: 1800.0
 * /three_floor_rl_mission_supervisor/output_dir: /home/quinn/0904/...
 * /three_floor_rl_mission_supervisor/plane_fast_takeover: True
 * /three_floor_rl_mission_supervisor/plane_fast_takeover_blend_seconds: 0.5
 * /three_floor_rl_mission_supervisor/plane_fast_takeover_zero_hold_seconds: 0.15
 * /three_floor_rl_mission_supervisor/plane_motion_start_ramp_initial_speed_mps: 0.3
 * /three_floor_rl_mission_supervisor/plane_motion_start_ramp_minimum_upright_z: 0.985
 * /three_floor_rl_mission_supervisor/plane_motion_start_ramp_seconds: 3.0
 * /three_floor_rl_mission_supervisor/progress_timeout_sec: 20.0
 * /unpause_after_controllers/controller_namespace: /a1_gazebo
 * /unpause_after_controllers/load_window_seconds: 2.0
 * /unpause_after_controllers/timeout: 120
 * /use_sim_time: True
 * /world_file: /tmp/simenv_bridg...

NODES
  /
    building_control (building_generator_classic/building_generator_classic_control)
    closed_loop_controller (scan_planner/closed_loop_controller)
    gazebo (gazebo_ros/gzserver)
    junior_ctrl (simenv_bridge/classic_trotting_controller.py)
    open_mapping_entrance (simenv_competitor/open_mapping_entrance.py)
    rl_floor_command_mux (simenv_bridge/rl_floor_command_mux.py)
    robot_state_publisher (robot_state_publisher/robot_state_publisher)
    scan_planner_node (scan_planner/scan_planner_node)
    scanplanner_plane_rl_bootstrap (simenv_competitor/controller_mode_bootstrap.py)
    scanplanner_pointcloud_bridge (simenv_bridge/scanplanner_pointcloud_bridge.py)
    scanplanner_red_ball_detector (simenv_bridge/danger_detector.py)
    scanplanner_three_floor_goal_sequencer (simenv_bridge/scanplanner_three_floor_goal_sequencer.py)
    second_to_third_floor_stair_manager (simenv_bridge/stair_transition_manager.py)
    stair_descent_manager (simenv_bridge/stair_descent_manager.py)
    stair_transition_manager (simenv_bridge/stair_transition_manager.py)
    state_from_gazebo (unitree_guide/state_from_gazebo)
    three_floor_rl_mission_supervisor (simenv_bridge/three_floor_rl_mission_supervisor.py)
    unpause_after_controllers (simenv_competitor/unpause_after_controllers.py)
    urdf_spawner (gazebo_ros/spawn_model)
  /a1_gazebo/
    controller_spawner (controller_manager/spawner)
[33m[WARN] [1788580373.258465261]: [closed_loop_controller] ready.[0m
hit: 1.7346
miss: -0.847298
min log: -1.99243
max: 3.89182
thresh log: 1.38629
Using junior_ctrl: /home/quinn/0904/SimEnv-master/devel/lib/unitree_guide/junior_ctrl
Waiting for Gazebo A1 joint state and trunk IMU before junior_ctrl
[31m[ERROR] [1788580374.417123350]: GetModelState: model [a1_gazebo] does not exist[0m
[0m[INFO] [1788580373.638118114]: Finished loading Gazebo ROS API Plugin.[0m
[0m[INFO] [1788580373.642203791]: waitForService: Service [/gazebo/set_physics_properties] has not been advertised, waiting...[0m
[0m[INFO] [1788580374.361695013]: waitForService: Service [/gazebo/set_physics_properties] is now available.[0m
[0m[INFO] [1788580374.373067349]: Physics dynamic reconfigure ready.[0m
[0m[INFO] [1788580374.588661134]: <initialOrientationAsReference> is unset, using default value of false to comply with REP 145 (world as orientation reference)[0m
[0m[INFO] [1788580374.588695598]: <robotNamespace> set to: //[0m
[0m[INFO] [1788580374.588702624]: <topicName> set to: trunk_imu[0m
[0m[INFO] [1788580374.588707521]: <frameName> set to: imu_link[0m
[0m[INFO] [1788580374.588725115]: <updateRateHZ> set to: 1000[0m
[0m[INFO] [1788580374.588732199]: <gaussianNoise> set to: 0[0m
[0m[INFO] [1788580374.588748307]: <xyzOffset> set to: 0 0 0[0m
[0m[INFO] [1788580374.588764047]: <rpyOffset> set to: 0 -0 0[0m
[0m[INFO] [1788580374.609464243]: load csv file name:/home/quinn/0904/runtime_assets/SimEnv/src/unitree_guide/unitree_ros/robots/a1_description/scan_mode/mid360_stable.csv[0m
data size:2500
[livox] csv rows=2500
[0m[INFO] [1788580374.610954201]: ros topic name:/scan[0m
[0m[INFO] [1788580374.611595445]: scan info size:2500[0m
[livox] before RayPlugin::Load
[livox] after RayPlugin::Load
[livox] before CreateCollision
[livox] after CreateCollision
[0m[INFO] [1788580374.611966109]: sample:800[0m
[0m[INFO] [1788580374.611974633]: downsample:1[0m
[livox] before rayShape Load/Init samples=800
[livox] after rayShape Init
[INFO] [1788580373.512603, 0.000000]: Waiting to open mapping entrance main_entrance
[INFO] [1788580376.166964, 0.000000]: Mapping entrance ready: door 'main_entrance' set to open
[INFO] [1788580373.498572, 0.000000]: Loading model XML from ros parameter robot_description
[INFO] [1788580373.505008, 0.000000]: Waiting for service /gazebo/spawn_urdf_model
[INFO] [1788580374.411462, 0.000000]: Calling service /gazebo/spawn_urdf_model
[INFO] [1788580376.161936, 0.000000]: Spawn status: SpawnModel: Successfully spawned entity
[INFO] [1788580376.163324, 0.000000]: Waiting for service /gazebo/set_model_configuration
[INFO] [1788580376.165339, 0.000000]: temporary hack to **fix** the -J joint position option (issue #93), sleeping for 1 second to avoid race condition.
[INFO] [1788580377.167455, 0.000000]: Calling service /gazebo/set_model_configuration
[INFO] [1788580377.170116, 0.000000]: Set model configuration status: SetModelConfiguration: success
[INFO] [1788580379.154119, 0.000000]: Gazebo unpaused after 2.0 s paused controller-load window
[INFO] [1788580379.160685, 0.006000]: All 13 A1 controllers reached running state
A1 sensors and 12 joint controllers are ready; starting classic junior_ctrl
[INFO] Realtime scheduler disabled. Set UNITREE_ENABLE_REALTIME=1 to request SCHED_FIFO.
The control interface for ROS Gazebo simulation
robot_name: a1
controller dt: 0.004 s, frequency: 250.000 Hz
classic gait profile=trot period=0.550s stance_ratio=0.650
/home/quinn/0904/runtime_assets/SimEnv/src/unitree_guide/logs/policy_act_inference_plane.pt
cuda::is_available():0
RL inference device: cpu (requested=hybrid, policy=plane)
[INFO] RL policy resident in preload cache: /home/quinn/0904/runtime_assets/SimEnv/src/unitree_guide/logs/policy_act_inference_plane.pt
cuda::is_available():0
RL inference device: cpu (requested=hybrid, policy=plane)
load model is successed!
load model to device!
[INFO] UNITREE_RL_PRELOAD_PLANE_POLICY already cached: /home/quinn/0904/runtime_assets/SimEnv/src/unitree_guide/logs/policy_act_inference_plane.pt
cuda::is_available():0
[WARNING] UNITREE_RL_DEVICE=hybrid selected CUDA for this policy but CUDA is unavailable; using CPU.
RL inference device: cpu (requested=hybrid, policy=stair)
[INFO] RL policy resident in preload cache: /home/quinn/0904/runtime_assets/SimEnv/src/unitree_guide/logs/policy_act_inference_stair.pt
[INFO] UNITREE_RL_PRELOAD_STAIR_POLICY preloaded: /home/quinn/0904/runtime_assets/SimEnv/src/unitree_guide/logs/policy_act_inference_stair.pt
[INFO] RL observation source: trunk IMU and joint states (no ground truth).
[INFO] Autonomous startup: entering fixed stand (hold until /joy RL).
Switched from passive to fixed stand
[0m[INFO] [1788580380.313952337, 1.146000000]: [SCANReplanFSM] Set RViz goal height from initial body_pose z: 0.057[0m
[FSM]: state: INIT
wait for goal.
[FSM]: state: INIT
wait for goal.
[FSM]: state: INIT
wait for goal.
[FSM]: state: INIT
wait for goal.
[FSM]: state: INIT
wait for goal.
[FSM]: state: INIT
wait for goal.
[INFO] Hold-stand released; RL requested.
Switched from fixed stand to RL
[INFO] Entered RL /cmd_vel mode.
[FSM]: state: INIT
wait for goal.
[FSM]: state: INIT
wait for goal.
[FSM]: state: INIT
wait for goal.
[FSM]: state: INIT
wait for goal.
[FSM]: state: INIT
wait for goal.
[FSM]: state: INIT
wait for goal.
[0m[INFO] [1788580387.517285023, 8.072000000]: RL policy input vx=0.000 vy=0.000 wz=0.000 action_rms=0.315 ready=0 userCmd=0 kbd=0 raw=0.000,0.000,0.000 grav=-0.01,0.00,-0.98[0m
[0m[INFO] [1788580389.601717257, 10.082000000]: RL policy input vx=0.000 vy=0.000 wz=0.000 action_rms=0.209 ready=0 userCmd=0 kbd=0 raw=0.000,0.000,0.000 grav=-0.00,0.07,-0.98[0m
[0m[INFO] [1788580391.705442112, 12.084000000]: RL policy input vx=0.000 vy=0.000 wz=0.000 action_rms=0.143 ready=0 userCmd=0 kbd=0 raw=0.000,0.000,0.000 grav=0.00,-0.00,-0.98[0m
[0m[INFO] [1788580393.200506802, 13.514000000]: RL locomotion_ready latched after 5.50 s takeover and 5.41 s stable hold[0m
cuda::is_available():0
[WARNING] UNITREE_RL_DEVICE=hybrid selected CUDA for this policy but CUDA is unavailable; using CPU.
RL inference device: cpu (requested=hybrid, policy=stair)
[INFO] RL policy hot-switched from preload cache: /home/quinn/0904/runtime_assets/SimEnv/src/unitree_guide/logs/policy_act_inference_stair.pt
[FSM]: state: INIT
wait for goal.
[FSM]: state: INIT
wait for goal.
[FSM]: state: INIT
wait for goal.
[FSM]: state: INIT
wait for goal.
[FSM]: state: INIT
wait for goal.
[FSM]: state: INIT
wait for goal.
[FSM]: state: INIT
wait for goal.
[FSM]: state: INIT
wait for goal.
[FSM]: state: INIT
wait for goal.
[FSM]: state: INIT
wait for goal.
[FSM]: state: INIT
wait for goal.
[FSM]: state: INIT
wait for goal.
[FSM]: state: INIT
wait for goal.
[FSM]: state: INIT
wait for goal.
[FSM]: state: INIT
wait for goal.
[33m[WARN] [1788580409.236434990, 29.100000000]: Using one-shot plane RL takeover profile: blend 0.50 s, zero hold 0.15 s[0m
[FSM]: state: INIT
wait for goal.
[0m[INFO] [1788580393.788775189, 14.088000000]: RL policy input vx=0.000 vy=0.000 wz=0.000 action_rms=0.143 ready=0 userCmd=0 kbd=0 raw=0.000,0.000,0.000 grav=0.00,0.01,-0.98[0m
[0m[INFO] [1788580395.848196616, 16.104000000]: RL policy input vx=0.000 vy=0.000 wz=0.000 action_rms=0.144 ready=0 userCmd=0 kbd=0 raw=0.000,0.000,0.000 grav=-0.01,0.03,-0.98[0m
[0m[INFO] [1788580397.915755619, 18.104000000]: RL policy input vx=0.000 vy=0.000 wz=0.000 action_rms=0.144 ready=0 userCmd=0 kbd=0 raw=0.000,0.000,0.000 grav=-0.02,0.03,-0.98[0m
[0m[INFO] [1788580398.904954072, 19.064000000]: RL locomotion_ready latched after 5.51 s takeover and 5.10 s stable hold[0m
[0m[INFO] [1788580400.002999528, 20.120000000]: RL policy input vx=0.348 vy=-0.011 wz=-0.001 action_rms=0.174 ready=1 userCmd=0 kbd=0 raw=0.348,-0.011,-0.001 grav=0.00,0.04,-0.98[0m
[0m[INFO] [1788580402.077751472, 22.128000000]: RL policy input vx=0.521 vy=-0.027 wz=-0.043 action_rms=0.489 ready=1 userCmd=0 kbd=0 raw=0.521,-0.027,-0.043 grav=0.07,-0.10,-0.97[0m
[0m[INFO] [1788580404.146250815, 24.132000000]: RL policy input vx=0.419 vy=-0.041 wz=-0.021 action_rms=0.174 ready=1 userCmd=0 kbd=0 raw=0.419,-0.041,-0.021 grav=0.01,0.03,-0.98[0m
[0m[INFO] [1788580406.187683114, 26.132000000]: RL policy input vx=0.420 vy=-0.010 wz=-0.039 action_rms=0.213 ready=1 userCmd=0 kbd=0 raw=0.420,-0.010,-0.039 grav=-0.00,0.02,-0.98[0m
[0m[INFO] [1788580408.246543178, 28.132000000]: RL policy input vx=0.420 vy=0.012 wz=-0.038 action_rms=0.172 ready=1 userCmd=0 kbd=0 raw=0.420,0.012,-0.038 grav=0.20,0.00,-0.96[0m
cuda::is_available():0
RL inference device: cpu (requested=hybrid, policy=plane)
[INFO] RL policy hot-switched from preload cache: /home/quinn/0904/runtime_assets/SimEnv/src/unitree_guide/logs/policy_act_inference_plane.pt
[FSM]: state: INIT
wait for goal.
[FSM]: state: INIT
wait for goal.
[FSM]: state: INIT
wait for goal.
[FSM]: state: INIT
wait for goal.
[FSM]: state: INIT
wait for goal.
[FSM]: state: INIT
wait for goal.
[FSM]: state: INIT
wait for goal.
[33m[WARN] [1788580416.536186184, 36.158000000]: Plane tilt guard scaling cmd_vel by 0.93 at tilt 0.149 rad[0m
[FSM]: state: INIT
wait for goal.
[FSM]: state: INIT
wait for goal.
[FSM]: state: INIT
wait for goal.
[FSM]: state: INIT
wait for goal.
[FSM]: state: INIT
wait for goal.
[FSM]: state: INIT
wait for goal.
[FSM]: state: INIT
wait for goal.
[FSM]: state: INIT
wait for goal.
[FSM]: state: INIT
wait for goal.
[FSM]: state: INIT
wait for goal.
[FSM]: state: INIT
wait for goal.
[FSM]: state: INIT
wait for goal.
[FSM]: state: INIT
wait for goal.
[FSM]: state: INIT
wait for goal.
[FSM]: state: INIT
wait for goal.
[FSM]: state: INIT
wait for goal.
[FSM]: state: INIT
wait for goal.
[FSM]: state: INIT
wait for goal.
[FSM]: state: INIT
wait for goal.
[FSM]: state: INIT
wait for goal.
[FSM]: state: INIT
wait for goal.
[FSM]: state: INIT
wait for goal.
[FSM]: state: INIT
wait for goal.
[FSM]: state: INIT
wait for goal.
[FSM]: state: INIT
wait for goal.
[33m[WARN] [1788580443.431896576, 61.846000000]: Plane tilt guard scaling cmd_vel by 0.92 at tilt 0.151 rad[0m
[FSM]: state: INIT
wait for goal.
[FSM]: state: INIT
wait for goal.
[FSM]: state: INIT
wait for goal.
[FSM]: state: INIT
wait for goal.
[FSM]: state: INIT
wait for goal.
[FSM]: state: INIT
wait for goal.
[FSM]: state: INIT
wait for goal.
[FSM]: state: INIT
wait for goal.
[FSM]: state: INIT
wait for goal.
[FSM]: state: INIT
wait for goal.
[FSM]: state: INIT
wait for goal.
[0m[INFO] [1788580409.912588553, 29.764000000]: RL locomotion_ready latched after 0.66 s takeover and 0.27 s stable hold[0m
[0m[INFO] [1788580410.308177258, 30.146000000]: RL policy input vx=0.151 vy=-0.045 wz=-0.100 action_rms=0.147 ready=1 userCmd=0 kbd=0 raw=0.151,-0.045,-0.100 grav=-0.00,-0.00,-0.98[0m
[0m[INFO] [1788580412.400506547, 32.164000000]: RL policy input vx=1.863 vy=-0.029 wz=-0.017 action_rms=0.316 ready=1 userCmd=0 kbd=0 raw=1.863,-0.029,-0.017 grav=-0.03,-0.04,-0.98[0m
[0m[INFO] [1788580414.488665353, 34.168000000]: RL policy input vx=2.248 vy=0.097 wz=0.048 action_rms=0.314 ready=1 userCmd=0 kbd=0 raw=2.248,0.097,0.048 grav=0.01,-0.02,-0.98[0m
[0m[INFO] [1788580416.556739298, 36.178000000]: RL policy input vx=1.563 vy=0.131 wz=0.064 action_rms=0.346 ready=1 userCmd=0 kbd=0 raw=2.242,0.188,0.092 grav=-0.06,-0.17,-0.96[0m
[0m[INFO] [1788580418.635034920, 38.196000000]: RL policy input vx=2.232 vy=0.285 wz=0.140 action_rms=0.410 ready=1 userCmd=0 kbd=0 raw=2.232,0.285,0.140 grav=-0.00,0.01,-0.98[0m
[0m[INFO] [1788580420.707921073, 40.206000000]: RL policy input vx=0.000 vy=0.000 wz=0.679 action_rms=0.121 ready=1 userCmd=0 kbd=0 raw=0.000,0.000,0.679 grav=0.03,0.04,-0.98[0m
[0m[INFO] [1788580422.874323525, 42.228000000]: RL policy input vx=0.449 vy=0.000 wz=0.075 action_rms=0.192 ready=1 userCmd=0 kbd=0 raw=0.449,0.000,0.075 grav=-0.00,-0.02,-0.98[0m
[0m[INFO] [1788580425.041392423, 44.246000000]: RL policy input vx=0.450 vy=0.000 wz=-0.004 action_rms=0.289 ready=1 userCmd=0 kbd=0 raw=0.450,0.000,-0.004 grav=0.01,-0.02,-0.98[0m
[0m[INFO] [1788580427.214221577, 46.250000000]: RL policy input vx=0.898 vy=-0.057 wz=-0.070 action_rms=0.207 ready=1 userCmd=0 kbd=0 raw=0.898,-0.057,-0.070 grav=-0.01,-0.04,-0.98[0m
[0m[INFO] [1788580429.409912699, 48.254000000]: RL policy input vx=0.900 vy=-0.006 wz=-0.007 action_rms=0.343 ready=1 userCmd=0 kbd=0 raw=0.900,-0.006,-0.007 grav=-0.01,-0.03,-0.98[0m
[0m[INFO] [1788580431.574475287, 50.256000000]: RL policy input vx=0.300 vy=-0.005 wz=-0.019 action_rms=0.257 ready=1 userCmd=0 kbd=0 raw=0.300,-0.005,-0.019 grav=0.02,-0.03,-0.98[0m
[0m[INFO] [1788580433.660598499, 52.276000000]: RL policy input vx=0.000 vy=0.000 wz=2.900 action_rms=0.195 ready=1 userCmd=0 kbd=0 raw=0.000,0.000,2.900 grav=0.04,0.01,-0.98[0m
[0m[INFO] [1788580435.718844761, 54.292000000]: RL policy input vx=0.000 vy=0.000 wz=1.500 action_rms=0.206 ready=1 userCmd=0 kbd=0 raw=0.000,0.000,1.500 grav=0.01,-0.01,-0.98[0m
[0m[INFO] [1788580437.785060240, 56.302000000]: RL policy input vx=0.864 vy=0.253 wz=0.313 action_rms=0.153 ready=1 userCmd=0 kbd=0 raw=0.864,0.253,0.313 grav=-0.01,0.06,-0.98[0m
[0m[INFO] [1788580439.823646940, 58.304000000]: RL policy input vx=0.762 vy=0.031 wz=0.045 action_rms=0.340 ready=1 userCmd=0 kbd=0 raw=0.762,0.031,0.045 grav=-0.01,-0.02,-0.98[0m
[0m[INFO] [1788580441.876384610, 60.314000000]: RL policy input vx=0.000 vy=0.000 wz=-2.900 action_rms=0.340 ready=1 userCmd=0 kbd=0 raw=0.000,0.000,-2.900 grav=-0.00,-0.00,-0.98[0m
[0m[INFO] [1788580443.911319916, 62.316000000]: RL policy input vx=0.263 vy=0.453 wz=0.255 action_rms=0.217 ready=1 userCmd=0 kbd=0 raw=0.263,0.453,0.255 grav=-0.00,-0.04,-0.98[0m
[0m[INFO] [1788580445.994314214, 64.334000000]: RL policy input vx=0.290 vy=0.078 wz=0.289 action_rms=0.250 ready=1 userCmd=0 kbd=0 raw=0.290,0.078,0.289 grav=0.05,0.01,-0.98[0m
[0m[INFO] [1788580448.034515816, 66.336000000]: RL policy input vx=0.000 vy=0.000 wz=-0.214 action_rms=0.158 ready=1 userCmd=0 kbd=0 raw=0.000,0.000,-0.214 grav=0.00,0.01,-0.98[0m
[0m[INFO] [1788580450.084615272, 68.340000000]: RL policy input vx=0.449 vy=0.000 wz=-0.065 action_rms=0.157 ready=1 userCmd=0 kbd=0 raw=0.449,0.000,-0.065 grav=0.01,-0.01,-0.98[0m
[0m[INFO] [1788580452.123433886, 70.342000000]: RL policy input vx=0.446 vy=0.086 wz=0.051 action_rms=0.177 ready=1 userCmd=0 kbd=0 raw=0.446,0.086,0.051 grav=0.02,-0.02,-0.98[0m
[0m[INFO] [1788580454.195986962, 72.358000000]: RL policy input vx=0.450 vy=0.000 wz=0.016 action_rms=0.152 ready=1 userCmd=0 kbd=0 raw[FSM]: state: INIT
wait for goal.
[FSM]: state: INIT
wait for goal.
[FSM]: state: INIT
wait for goal.
[FSM]: state: INIT
wait for goal.
[FSM]: state: INIT
wait for goal.
[FSM]: state: INIT
wait for goal.
[FSM]: state: INIT
wait for goal.
[FSM]: state: INIT
wait for goal.
[FSM]: state: INIT
wait for goal.
[FSM]: state: INIT
wait for goal.
[FSM]: state: INIT
wait for goal.
[FSM]: state: INIT
wait for goal.
[FSM]: state: INIT
wait for goal.
[FSM]: state: INIT
wait for goal.
[FSM]: state: INIT
wait for goal.
[FSM]: state: INIT
wait for goal.
[FSM]: state: INIT
wait for goal.
[FSM]: state: INIT
wait for goal.
[FSM]: state: INIT
wait for goal.
[FSM]: state: INIT
wait for goal.
[FSM]: state: INIT
wait for goal.
[FSM]: state: INIT
wait for goal.
[FSM]: state: INIT
wait for goal.
[FSM]: state: INIT
wait for goal.
[FSM]: state: INIT
wait for goal.
[FSM]: state: INIT
wait for goal.
[FSM]: state: INIT
wait for goal.
[FSM]: state: INIT
wait for goal.
[FSM]: state: INIT
wait for goal.
[FSM]: state: INIT
wait for goal.
[FSM]: state: INIT
wait for goal.
[FSM]: state: INIT
wait for goal.
[FSM]: state: INIT
wait for goal.
[FSM]: state: INIT
wait for goal.
[FSM]: state: INIT
wait for goal.
[FSM]: state: INIT
wait for goal.
[FSM]: state: INIT
wait for goal.
[FSM]: state: INIT
wait for goal.
[FSM]: state: INIT
wait for goal.
[33m[WARN] [1788580494.823912150, 112.014000000]: Plane tilt guard scaling cmd_vel by 0.99 at tilt 0.141 rad[0m
[FSM]: state: INIT
wait for goal.
[FSM]: state: INIT
wait for goal.
[FSM]: state: INIT
wait for goal.
[FSM]: state: INIT
wait for goal.
[FSM]: state: INIT
wait for goal.
[33m[WARN] [1788580499.716347666, 116.832000000]: Plane tilt guard scaling cmd_vel by 0.85 at tilt 0.159 rad[0m
[FSM]: state: INIT
wait for goal.
[FSM]: state: INIT
wait for goal.
=0.450,0.000,0.016 grav=0.01,-0.02,-0.98[0m
[0m[INFO] [1788580456.255295465, 74.364000000]: RL policy input vx=0.450 vy=0.000 wz=-0.019 action_rms=0.238 ready=1 userCmd=0 kbd=0 raw=0.450,0.000,-0.019 grav=0.01,-0.02,-0.98[0m
[0m[INFO] [1788580458.326374717, 76.376000000]: RL policy input vx=0.302 vy=-0.076 wz=-0.271 action_rms=0.156 ready=1 userCmd=0 kbd=0 raw=0.302,-0.076,-0.271 grav=0.02,-0.08,-0.98[0m
[0m[INFO] [1788580460.383658926, 78.382000000]: RL policy input vx=0.451 vy=0.167 wz=0.221 action_rms=0.228 ready=1 userCmd=0 kbd=0 raw=0.451,0.167,0.221 grav=0.03,-0.01,-0.98[0m
[0m[INFO] [1788580462.445786126, 80.398000000]: RL policy input vx=0.898 vy=0.061 wz=0.074 action_rms=0.350 ready=1 userCmd=0 kbd=0 raw=0.898,0.061,0.074 grav=-0.00,-0.01,-0.98[0m
[0m[INFO] [1788580464.505799431, 82.412000000]: RL policy input vx=0.900 vy=0.006 wz=0.007 action_rms=0.150 ready=1 userCmd=0 kbd=0 raw=0.900,0.006,0.007 grav=0.00,-0.02,-0.98[0m
[0m[INFO] [1788580466.546207300, 84.424000000]: RL policy input vx=0.000 vy=0.000 wz=2.514 action_rms=0.130 ready=1 userCmd=0 kbd=0 raw=0.000,0.000,2.514 grav=0.01,-0.01,-0.98[0m
[0m[INFO] [1788580468.613505740, 86.434000000]: RL policy input vx=0.152 vy=0.450 wz=1.150 action_rms=0.256 ready=1 userCmd=0 kbd=0 raw=0.152,0.450,1.150 grav=0.01,-0.01,-0.98[0m
[0m[INFO] [1788580470.659976997, 88.450000000]: RL policy input vx=0.190 vy=0.292 wz=0.505 action_rms=0.206 ready=1 userCmd=0 kbd=0 raw=0.190,0.292,0.505 grav=0.03,0.00,-0.98[0m
[0m[INFO] [1788580472.705840472, 90.450000000]: RL policy input vx=0.574 vy=0.413 wz=0.667 action_rms=0.160 ready=1 userCmd=0 kbd=0 raw=0.574,0.413,0.667 grav=0.03,0.00,-0.98[0m
[0m[INFO] [1788580474.744708307, 92.458000000]: RL policy input vx=0.783 vy=0.445 wz=0.568 action_rms=0.164 ready=1 userCmd=0 kbd=0 raw=0.783,0.445,0.568 grav=-0.01,0.03,-0.98[0m
[0m[INFO] [1788580476.824088473, 94.468000000]: RL policy input vx=0.899 vy=0.048 wz=0.059 action_rms=0.368 ready=1 userCmd=0 kbd=0 raw=0.899,0.048,0.059 grav=-0.01,-0.01,-0.98[0m
[0m[INFO] [1788580478.908016081, 96.482000000]: RL policy input vx=0.000 vy=0.000 wz=-0.418 action_rms=0.164 ready=1 userCmd=0 kbd=0 raw=0.000,0.000,-0.418 grav=0.03,-0.02,-0.98[0m
[0m[INFO] [1788580480.973364409, 98.484000000]: RL policy input vx=0.000 vy=0.000 wz=-2.655 action_rms=0.171 ready=1 userCmd=0 kbd=0 raw=0.000,0.000,-2.655 grav=0.01,-0.02,-0.98[0m
[0m[INFO] [1788580483.056245190, 100.492000000]: RL policy input vx=0.889 vy=-0.018 wz=-0.033 action_rms=0.239 ready=1 userCmd=0 kbd=0 raw=0.889,-0.018,-0.033 grav=0.09,-0.08,-0.97[0m
[0m[INFO] [1788580485.134409488, 102.494000000]: RL policy input vx=0.147 vy=0.000 wz=0.155 action_rms=0.258 ready=1 userCmd=0 kbd=0 raw=0.147,0.000,0.155 grav=0.03,0.02,-0.98[0m
[0m[INFO] [1788580487.179285319, 104.508000000]: RL policy input vx=0.000 vy=0.000 wz=-0.404 action_rms=0.150 ready=1 userCmd=0 kbd=0 raw=0.000,0.000,-0.404 grav=0.00,0.00,-0.98[0m
[0m[INFO] [1788580489.219183626, 106.508000000]: RL policy input vx=0.448 vy=0.000 wz=-0.099 action_rms=0.151 ready=1 userCmd=0 kbd=0 raw=0.448,0.000,-0.099 grav=0.00,-0.01,-0.98[0m
[0m[INFO] [1788580491.274249200, 108.516000000]: RL policy input vx=0.449 vy=0.000 wz=-0.069 action_rms=0.289 ready=1 userCmd=0 kbd=0 raw=0.449,0.000,-0.069 grav=0.01,-0.02,-0.98[0m
[0m[INFO] [1788580493.318099701, 110.532000000]: RL policy input vx=0.545 vy=-0.450 wz=-0.757 action_rms=0.187 ready=1 userCmd=0 kbd=0 raw=0.545,-0.450,-0.757 grav=-0.02,0.01,-0.98[0m
[0m[INFO] [1788580495.355032445, 112.542000000]: RL policy input vx=2.238 vy=-0.231 wz=-0.113 action_rms=0.342 ready=1 userCmd=0 kbd=0 raw=2.238,-0.231,-0.113 grav=-0.01,-0.01,-0.98[0m
[0m[INFO] [1788580497.415630337, 114.556000000]: RL policy input vx=2.248 vy=0.091 wz=0.044 action_rms=0.329 ready=1 userCmd=0 kbd=0 raw=2.248,0.091,0.044 grav=0.05,0.01,-0.98[0m
[0m[INFO] [1788580499.450068793, 116.570000000]: RL policy input vx=2.239 vy=0.223 wz=0.109 action_rms=0.253 ready=1 userCmd=0 kbd=0 raw=2.239,0.223,0.109 grav=0.03,-0.08,-0.98[0m
[0m[INFO] [1788580501.487894647, [FSM]: state: INIT
wait for goal.
[FSM]: state: INIT
wait for goal.
[FSM]: state: INIT
wait for goal.
[FSM]: state: INIT
wait for goal.
[FSM]: state: INIT
wait for goal.
[FSM]: state: INIT
wait for goal.
[FSM]: state: INIT
wait for goal.
[FSM]: state: INIT
wait for goal.
[FSM]: state: INIT
wait for goal.
[FSM]: state: INIT
wait for goal.
[FSM]: state: INIT
wait for goal.
[FSM]: state: INIT
wait for goal.
[FSM]: state: INIT
wait for goal.
[FSM]: state: INIT
wait for goal.
[FSM]: state: INIT
wait for goal.
[FSM]: state: INIT
wait for goal.
[FSM]: state: INIT
wait for goal.
[FSM]: state: INIT
wait for goal.
[FSM]: state: INIT
wait for goal.
[FSM]: state: INIT
wait for goal.
[FSM]: state: INIT
wait for goal.
[FSM]: state: INIT
wait for goal.
[FSM]: state: INIT
wait for goal.
[FSM]: state: INIT
wait for goal.
[33m[WARN] [1788580526.693599098, 142.710000000]: Plane tilt guard scaling cmd_vel by 0.99 at tilt 0.142 rad[0m
[FSM]: state: INIT
wait for goal.
[FSM]: state: INIT
wait for goal.
[FSM]: state: INIT
wait for goal.
[FSM]: state: INIT
wait for goal.
[FSM]: state: INIT
wait for goal.
[FSM]: state: INIT
wait for goal.
[FSM]: state: INIT
wait for goal.
[FSM]: state: INIT
wait for goal.
[FSM]: state: INIT
wait for goal.
[FSM]: state: INIT
wait for goal.
[FSM]: state: INIT
wait for goal.
[FSM]: state: INIT
wait for goal.
[FSM]: state: INIT
wait for goal.
[FSM]: state: INIT
wait for goal.
[FSM]: state: INIT
wait for goal.
[FSM]: state: INIT
wait for goal.
[FSM]: state: INIT
wait for goal.
[FSM]: state: INIT
wait for goal.
[FSM]: state: INIT
wait for goal.
[FSM]: state: INIT
wait for goal.
118.580000000]: RL policy input vx=0.602 vy=0.648 wz=0.763 action_rms=0.254 ready=1 userCmd=0 kbd=0 raw=0.602,0.648,0.763 grav=0.12,-0.05,-0.97[0m
[0m[INFO] [1788580503.555348689, 120.584000000]: RL policy input vx=0.171 vy=0.000 wz=0.172 action_rms=0.170 ready=1 userCmd=0 kbd=0 raw=0.171,0.000,0.172 grav=0.01,-0.01,-0.98[0m
[0m[INFO] [1788580505.703374330, 122.602000000]: RL policy input vx=0.450 vy=0.000 wz=0.016 action_rms=0.236 ready=1 userCmd=0 kbd=0 raw=0.450,0.000,0.016 grav=0.00,-0.02,-0.98[0m
[0m[INFO] [1788580507.871427883, 124.606000000]: RL policy input vx=0.884 vy=-0.168 wz=-0.207 action_rms=0.182 ready=1 userCmd=0 kbd=0 raw=0.884,-0.168,-0.207 grav=-0.01,0.00,-0.98[0m
[0m[INFO] [1788580510.036523526, 126.610000000]: RL policy input vx=0.900 vy=-0.020 wz=-0.024 action_rms=0.373 ready=1 userCmd=0 kbd=0 raw=0.900,-0.020,-0.024 grav=-0.01,-0.03,-0.98[0m
[0m[INFO] [1788580512.216618473, 128.624000000]: RL policy input vx=0.900 vy=-0.001 wz=-0.002 action_rms=0.343 ready=1 userCmd=0 kbd=0 raw=0.900,-0.001,-0.002 grav=-0.01,-0.03,-0.98[0m
[0m[INFO] [1788580514.355001088, 130.634000000]: RL policy input vx=0.000 vy=0.000 wz=2.710 action_rms=0.354 ready=1 userCmd=0 kbd=0 raw=0.000,0.000,2.710 grav=0.02,-0.00,-0.98[0m
[0m[INFO] [1788580516.405642085, 132.640000000]: RL policy input vx=0.000 vy=0.000 wz=0.204 action_rms=0.168 ready=1 userCmd=0 kbd=0 raw=0.000,0.000,0.204 grav=0.01,-0.01,-0.98[0m
[0m[INFO] [1788580518.437968056, 134.644000000]: RL policy input vx=0.096 vy=-0.190 wz=-1.214 action_rms=0.213 ready=1 userCmd=0 kbd=0 raw=0.096,-0.190,-1.214 grav=0.00,0.02,-0.98[0m
[0m[INFO] [1788580520.511349300, 136.660000000]: RL policy input vx=0.895 vy=-0.097 wz=-0.118 action_rms=0.172 ready=1 userCmd=0 kbd=0 raw=0.895,-0.097,-0.118 grav=-0.00,-0.05,-0.98[0m
[0m[INFO] [1788580522.562057345, 138.662000000]: RL policy input vx=0.000 vy=0.000 wz=-0.572 action_rms=0.201 ready=1 userCmd=0 kbd=0 raw=0.000,0.000,-0.572 grav=0.03,-0.04,-0.98[0m
[0m[INFO] [1788580524.599900673, 140.664000000]: RL policy input vx=0.000 vy=0.000 wz=-2.496 action_rms=0.410 ready=1 userCmd=0 kbd=0 raw=0.000,0.000,-2.496 grav=0.02,-0.00,-0.98[0m
[0m[INFO] [1788580526.654070469, 142.670000000]: RL policy input vx=1.347 vy=0.750 wz=0.529 action_rms=0.386 ready=1 userCmd=0 kbd=0 raw=1.347,0.750,0.529 grav=-0.00,0.10,-0.97[0m
[0m[INFO] [1788580528.695886555, 144.670000000]: RL policy input vx=0.000 vy=0.000 wz=-0.450 action_rms=0.212 ready=1 userCmd=0 kbd=0 raw=0.000,0.000,-0.450 grav=0.02,0.00,-0.98[0m
[0m[INFO] [1788580530.729009110, 146.682000000]: RL policy input vx=0.447 vy=0.000 wz=-0.124 action_rms=0.180 ready=1 userCmd=0 kbd=0 raw=0.447,0.000,-0.124 grav=-0.03,-0.03,-0.98[0m
[0m[INFO] [1788580532.772095204, 148.698000000]: RL policy input vx=0.449 vy=0.000 wz=-0.063 action_rms=0.163 ready=1 userCmd=0 kbd=0 raw=0.449,0.000,-0.063 grav=0.01,-0.02,-0.98[0m
[0m[INFO] [1788580534.810849184, 150.708000000]: RL policy input vx=0.609 vy=0.029 wz=0.052 action_rms=0.234 ready=1 userCmd=0 kbd=0 raw=0.609,0.029,0.052 grav=0.01,-0.03,-0.98[0m
[0m[INFO] [1788580536.842466368, 152.714000000]: RL policy input vx=0.450 vy=0.000 wz=0.005 action_rms=0.155 ready=1 userCmd=0 kbd=0 raw=0.450,0.000,0.005 grav=0.01,-0.01,-0.98[0m
[0m[INFO] [1788580538.902438935, 154.732000000]: RL policy input vx=0.853 vy=0.289 wz=0.359 action_rms=0.179 ready=1 userCmd=0 kbd=0 raw=0.853,0.289,0.359 grav=-0.00,-0.02,-0.98[0m
[0m[INFO] [1788580540.948009490, 156.742000000]: RL policy input vx=0.899 vy=0.034 wz=0.042 action_rms=0.283 ready=1 userCmd=0 kbd=0 raw=0.899,0.034,0.042 grav=-0.00,-0.01,-0.98[0m
[0m[INFO] [1788580542.982574815, 158.752000000]: RL policy input vx=0.900 vy=0.009 wz=0.011 action_rms=0.139 ready=1 userCmd=0 kbd=0 raw=0.900,0.009,0.011 grav=0.00,-0.02,-0.98[0m
[0m[INFO] [1788580545.050563527, 160.770000000]: RL policy input vx=0.000 vy=0.000 wz=-2.047 action_rms=0.325 ready=1 userCmd=0 kbd=0 raw=0.000,0.000,-2.047 grav=0.01,-0.01,-0.98[0m
[0m[INFO] [1788580547.107433778, 162.784000000]: RL policy input vx=0.000 vy=0.000 wz=-1.[FSM]: state: INIT
wait for goal.
[FSM]: state: INIT
wait for goal.
[FSM]: state: INIT
wait for goal.
[FSM]: state: INIT
wait for goal.
[FSM]: state: INIT
wait for goal.
[FSM]: state: INIT
wait for goal.
[FSM]: state: INIT
wait for goal.
[FSM]: state: INIT
wait for goal.
[FSM]: state: INIT
wait for goal.
[FSM]: state: INIT
wait for goal.
[FSM]: state: INIT
wait for goal.
[FSM]: state: INIT
wait for goal.
[FSM]: state: INIT
wait for goal.
[33m[WARN] [1788580560.402947596, 175.724000000]: Plane tilt guard scaling cmd_vel by 0.92 at tilt 0.150 rad[0m
[FSM]: state: INIT
wait for goal.
[FSM]: state: INIT
wait for goal.
[FSM]: state: INIT
wait for goal.
[FSM]: state: INIT
wait for goal.
[FSM]: state: INIT
wait for goal.
[FSM]: state: INIT
wait for goal.
[FSM]: state: INIT
wait for goal.
[FSM]: state: INIT
wait for goal.
[FSM]: state: INIT
wait for goal.
[FSM]: state: INIT
wait for goal.
[FSM]: state: INIT
wait for goal.
[FSM]: state: INIT
wait for goal.
[33m[WARN] [1788580572.569425782, 187.614000000]: Plane tilt guard scaling cmd_vel by 1.00 at tilt 0.140 rad[0m
[FSM]: state: INIT
wait for goal.
[33m[WARN] [1788580573.928275920, 188.930000000]: Plane tilt guard scaling cmd_vel by 1.00 at tilt 0.140 rad[0m
[FSM]: state: INIT
wait for goal.
[FSM]: state: INIT
wait for goal.
[FSM]: state: INIT
wait for goal.
[33m[WARN] [1788580576.405052410, 191.342000000]: Plane tilt guard scaling cmd_vel by 0.93 at tilt 0.149 rad[0m
[FSM]: state: INIT
wait for goal.
[33m[WARN] [1788580577.751361022, 192.650000000]: Plane tilt guard scaling cmd_vel by 1.00 at tilt 0.140 rad[0m
[FSM]: state: INIT
wait for goal.
[33m[WARN] [1788580578.781838242, 193.654000000]: Plane tilt guard scaling cmd_vel by 0.88 at tilt 0.155 rad[0m
[FSM]: state: INIT
wait for goal.
[FSM]: state: INIT
wait for goal.
[FSM]: state: INIT
wait for goal.
[FSM]: state: INIT
wait for goal.
[FSM]: state: INIT
wait for goal.
[33m[WARN] [1788580584.144660606, 198.868000000]: Plane tilt guard scaling cmd_vel by 0.88 at tilt 0.155 rad[0m
[FSM]: state: INIT
wait for goal.
[FSM]: state: INIT
wait for goal.
[FSM]: state: INIT
wait for goal.
[FSM]: state: INIT
wait for goal.
[FSM]: state: INIT
wait for goal.
[FSM]: state: INIT
wait for goal.
[FSM]: state: INIT
wait for goal.
[FSM]: state: INIT
wait for goal.
015 action_rms=0.141 ready=1 userCmd=0 kbd=0 raw=0.000,0.000,-1.015 grav=0.01,-0.00,-0.98[0m
[0m[INFO] [1788580549.165014158, 164.792000000]: RL policy input vx=0.000 vy=0.000 wz=1.500 action_rms=0.258 ready=1 userCmd=0 kbd=0 raw=0.000,0.000,1.500 grav=0.00,-0.00,-0.98[0m
[0m[INFO] [1788580551.240470533, 166.808000000]: RL policy input vx=0.889 vy=0.138 wz=0.169 action_rms=0.183 ready=1 userCmd=0 kbd=0 raw=0.889,0.138,0.169 grav=-0.00,0.03,-0.98[0m
[0m[INFO] [1788580553.294689281, 168.820000000]: RL policy input vx=0.300 vy=-0.009 wz=-0.032 action_rms=0.151 ready=1 userCmd=0 kbd=0 raw=0.300,-0.009,-0.032 grav=0.03,-0.01,-0.98[0m
[0m[INFO] [1788580555.341286602, 170.824000000]: RL policy input vx=0.000 vy=0.000 wz=2.900 action_rms=0.419 ready=1 userCmd=0 kbd=0 raw=0.000,0.000,2.900 grav=0.01,0.02,-0.98[0m
[0m[INFO] [1788580557.389034886, 172.828000000]: RL policy input vx=0.000 vy=0.000 wz=-1.677 action_rms=0.325 ready=1 userCmd=0 kbd=0 raw=0.000,0.000,-1.677 grav=0.00,-0.00,-0.98[0m
[0m[INFO] [1788580559.463219979, 174.842000000]: RL policy input vx=0.088 vy=-0.088 wz=-2.646 action_rms=0.274 ready=1 userCmd=0 kbd=0 raw=0.088,-0.088,-2.646 grav=0.00,-0.00,-0.98[0m
[0m[INFO] [1788580561.549717938, 176.854000000]: RL policy input vx=0.614 vy=0.523 wz=0.775 action_rms=0.184 ready=1 userCmd=0 kbd=0 raw=0.614,0.523,0.775 grav=0.04,-0.01,-0.98[0m
[0m[INFO] [1788580563.572378895, 178.854000000]: RL policy input vx=0.446 vy=0.000 wz=-0.138 action_rms=0.180 ready=1 userCmd=0 kbd=0 raw=0.446,0.000,-0.138 grav=-0.02,-0.01,-0.98[0m
[0m[INFO] [1788580565.611179557, 180.856000000]: RL policy input vx=0.449 vy=0.000 wz=-0.052 action_rms=0.152 ready=1 userCmd=0 kbd=0 raw=0.449,0.000,-0.052 grav=0.01,-0.01,-0.98[0m
[0m[INFO] [1788580567.662094541, 182.872000000]: RL policy input vx=0.290 vy=0.000 wz=0.522 action_rms=0.296 ready=1 userCmd=0 kbd=0 raw=0.290,0.000,0.522 grav=-0.01,-0.03,-0.98[0m
[0m[INFO] [1788580569.724238581, 184.884000000]: RL policy input vx=2.198 vy=0.483 wz=0.236 action_rms=0.475 ready=1 userCmd=0 kbd=0 raw=2.198,0.483,0.236 grav=-0.00,0.10,-0.97[0m
[0m[INFO] [1788580571.823877082, 186.900000000]: RL policy input vx=2.248 vy=0.097 wz=0.047 action_rms=0.413 ready=1 userCmd=0 kbd=0 raw=2.248,0.097,0.047 grav=-0.02,-0.08,-0.98[0m
[0m[INFO] [1788580573.908154028, 188.912000000]: RL policy input vx=2.240 vy=0.214 wz=0.105 action_rms=0.388 ready=1 userCmd=0 kbd=0 raw=2.240,0.214,0.105 grav=-0.00,-0.08,-0.98[0m
[0m[INFO] [1788580575.981997235, 190.934000000]: RL policy input vx=2.245 vy=0.147 wz=0.072 action_rms=0.355 ready=1 userCmd=0 kbd=0 raw=2.245,0.147,0.072 grav=-0.02,0.01,-0.98[0m
[0m[INFO] [1788580578.052187798, 192.942000000]: RL policy input vx=2.238 vy=0.230 wz=0.113 action_rms=0.359 ready=1 userCmd=0 kbd=0 raw=2.238,0.230,0.113 grav=0.01,-0.03,-0.98[0m
[0m[INFO] [1788580580.105326630, 194.946000000]: RL policy input vx=0.733 vy=-0.016 wz=0.026 action_rms=0.323 ready=1 userCmd=0 kbd=0 raw=0.733,-0.016,0.026 grav=0.10,0.01,-0.97[0m
[0m[INFO] [1788580582.192045173, 196.962000000]: RL policy input vx=1.837 vy=-0.216 wz=-0.129 action_rms=0.311 ready=1 userCmd=0 kbd=0 raw=1.837,-0.216,-0.129 grav=-0.00,-0.03,-0.98[0m
[0m[INFO] [1788580584.251179343, 198.972000000]: RL policy input vx=1.847 vy=-0.107 wz=-0.064 action_rms=0.269 ready=1 userCmd=0 kbd=0 raw=1.847,-0.107,-0.064 grav=0.03,-0.07,-0.98[0m
[0m[INFO] [1788580586.292670092, 200.982000000]: RL policy input vx=0.000 vy=0.000 wz=-0.598 action_rms=0.216 ready=1 userCmd=0 kbd=0 raw=0.000,0.000,-0.598 grav=0.07,-0.03,-0.98[0m
[0m[INFO] [1788580588.363525440, 203.002000000]: RL policy input vx=0.000 vy=0.000 wz=-0.249 action_rms=0.152 ready=1 userCmd=0 kbd=0 raw=0.000,0.000,-0.249 grav=0.00,0.01,-0.98[0m
[0m[INFO] [1788580590.475297992, 205.010000000]: RL policy input vx=1.430 vy=0.000 wz=0.005 action_rms=0.428 ready=1 userCmd=0 kbd=0 raw=1.430,0.000,0.005 grav=-0.05,0.05,-0.98[0m
[0m[INFO] [1788580592.557758416, 207.012000000]: RL policy input vx=0.000 vy=0.000 wz=-1.000 action_rms=0.230 ready=1 userCmd=0 kbd=0 raw=0.000,0.000[FSM]: state: INIT
wait for goal.
[FSM]: state: INIT
wait for goal.
[FSM]: state: INIT
wait for goal.
[FSM]: state: INIT
wait for goal.
,-1.000 grav=0.02,-0.00,-0.98[0m
[0m[INFO] [1788580594.647157760, 209.034000000]: RL policy input vx=0.000 vy=0.000 wz=-0.201 action_rms=0.158 ready=1 userCmd=0 kbd=0 raw=0.000,0.000,-0.201 grav=-0.00,-0.00,-0.98[0m
Switched from RL to fixed stand
[0m[INFO] [1788580596.041397395, 210.378000000]: RL locomotion_ready latched after 181.28 s takeover and 1.68 s stable hold[0m
infer_thread退出!
[33m[WARN] [1788580596.462238934, 210.776000000]: Using one-shot captured-pose FixedStand profile: ramp 0.50 s, settle 0.00 s, ready after 0.50 s + 0.50 s stable, minimum gain 0.75[0m
[INFO] Using /stand_target_joints param stance.
[FSM]: state: INIT
wait for goal.
Switched from fixed stand to RL
[INFO] Entered RL /cmd_vel mode.
[33m[WARN] [1788580597.790660188, 212.054000000]: Using one-shot stair RL takeover profile: blend 0.50 s, zero hold 0.15 s[0m
cuda::is_available():0
[WARNING] UNITREE_RL_DEVICE=hybrid selected CUDA for this policy but CUDA is unavailable; using CPU.
RL inference device: cpu (requested=hybrid, policy=stair)
[INFO] RL policy activated from preload cache at FixedStand entry boundary: /home/quinn/0904/runtime_assets/SimEnv/src/unitree_guide/logs/policy_act_inference_stair.pt
[FSM]: state: INIT
wait for goal.
[FSM]: state: INIT
wait for goal.
[FSM]: state: INIT
wait for goal.
[FSM]: state: INIT
wait for goal.
[FSM]: state: INIT
wait for goal.
[FSM]: state: INIT
wait for goal.
[FSM]: state: INIT
wait for goal.
[FSM]: state: INIT
wait for goal.
[FSM]: state: INIT
wait for goal.
[FSM]: state: INIT
wait for goal.
[FSM]: state: INIT
wait for goal.
[FSM]: state: INIT
wait for goal.
[FSM]: state: INIT
wait for goal.
[FSM]: state: INIT
wait for goal.
[FSM]: state: INIT
wait for goal.
[FSM]: state: INIT
wait for goal.
[FSM]: state: INIT
wait for goal.
[FSM]: state: INIT
wait for goal.
[FSM]: state: INIT
wait for goal.
[FSM]: state: INIT
wait for goal.
[FSM]: state: INIT
wait for goal.
[FSM]: state: INIT
wait for goal.
[FSM]: state: INIT
wait for goal.
[FSM]: state: INIT
wait for goal.
[FSM]: state: INIT
wait for goal.
[33m[WARN] [1788580622.912922546, 236.528000000]: Using one-shot plane RL takeover profile: blend 0.50 s, zero hold 0.15 s[0m
[0m[INFO] [1788580597.792157553, 212.054000000]: RL policy input vx=0.000 vy=0.000 wz=0.000 action_rms=0.244 ready=0 userCmd=0 kbd=0 raw=0.000,0.000,0.000 grav=0.03,0.07,-0.98[0m
[0m[INFO] [1788580598.473912325, 212.708000000]: RL locomotion_ready latched after 0.66 s takeover and 0.65 s stable hold[0m
[0m[INFO] [1788580599.872261392, 214.058000000]: RL policy input vx=0.619 vy=0.158 wz=-0.036 action_rms=0.324 ready=1 userCmd=0 kbd=0 raw=0.619,0.158,-0.036 grav=-0.10,-0.09,-0.97[0m
[0m[INFO] [1788580601.942102522, 216.074000000]: RL policy input vx=0.798 vy=0.052 wz=0.023 action_rms=0.349 ready=1 userCmd=0 kbd=0 raw=0.798,0.052,0.023 grav=-0.38,-0.09,-0.90[0m
[0m[INFO] [1788580604.036952725, 218.092000000]: RL policy input vx=0.800 vy=0.017 wz=0.008 action_rms=0.415 ready=1 userCmd=0 kbd=0 raw=0.800,0.017,0.008 grav=-0.39,0.09,-0.90[0m
[0m[INFO] [1788580606.083740557, 220.096000000]: RL policy input vx=0.799 vy=0.040 wz=0.017 action_rms=0.582 ready=1 userCmd=0 kbd=0 raw=0.799,0.040,0.017 grav=-0.28,-0.01,-0.94[0m
[0m[INFO] [1788580608.135495812, 222.098000000]: RL policy input vx=0.585 vy=-0.161 wz=-0.296 action_rms=0.249 ready=1 userCmd=0 kbd=0 raw=0.585,-0.161,-0.296 grav=0.02,-0.03,-0.98[0m
[0m[INFO] [1788580610.202158375, 224.112000000]: RL policy input vx=0.000 vy=0.000 wz=-1.158 action_rms=0.205 ready=1 userCmd=0 kbd=0 raw=0.000,0.000,-1.158 grav=-0.02,0.03,-0.98[0m
[0m[INFO] [1788580612.272375697, 226.126000000]: RL policy input vx=0.000 vy=0.000 wz=-0.245 action_rms=0.159 ready=1 userCmd=8 kbd=0 raw=0.000,0.000,-0.245 grav=-0.03,0.03,-0.98[0m
[0m[INFO] [1788580614.334489489, 228.134000000]: RL policy input vx=0.781 vy=-0.171 wz=-0.076 action_rms=0.245 ready=1 userCmd=0 kbd=0 raw=0.781,-0.171,-0.076 grav=-0.03,-0.06,-0.98[0m
[0m[INFO] [1788580616.394405023, 230.136000000]: RL policy input vx=0.798 vy=0.052 wz=0.023 action_rms=0.493 ready=1 userCmd=0 kbd=0 raw=0.798,0.052,0.023 grav=-0.39,-0.01,-0.90[0m
[0m[INFO] [1788580618.461625502, 232.142000000]: RL policy input vx=0.605 vy=-0.185 wz=0.009 action_rms=0.520 ready=1 userCmd=8 kbd=0 raw=0.605,-0.185,0.009 grav=-0.41,-0.01,-0.89[0m
[0m[INFO] [1788580620.499453500, 234.144000000]: RL policy input vx=0.556 vy=0.302 wz=0.062 action_rms=0.437 ready=1 userCmd=8 kbd=0 raw=0.556,0.302,0.062 grav=-0.42,0.05,-0.88[0m
[0m[INFO] [1788580622.542352239, 236.160000000]: RL policy input vx=0.000 vy=0.000 wz=0.000 action_rms=0.134 ready=1 userCmd=0 kbd=0 raw=0.000,0.000,0.000 grav=0.02,0.02,-0.98[0m
cuda::is_available():0
RL inference device: cpu (requested=hybrid, policy=plane)
[INFO] RL policy hot-switched from preload cache: /home/quinn/0904/runtime_assets/SimEnv/src/unitree_guide/logs/policy_act_inference_plane.pt
[FSM]: state: INIT
wait for goal.
[INFO] [1788580595.328694, 209.700000]: Robot is already 0.05 m from the pre-riser pose; skipping the corridor/side legs.
[INFO] [1788580595.330339, 209.700000]: Pre-ascent residual heading error -0.112 rad (visual_depth=False, bearing=none).
[INFO] [1788580596.025043, 210.360000]: Pre-ascent stand target set from flight-A pre-reload capture entry sample
[INFO] [1788580596.034193, 210.370000]: Flight-A plane gait settled at joint RMS 0.146; holding FixedStand for at least 0.1 s at snapshot pose before queued stair-policy entry.
[INFO] [1788580597.527144, 211.802000]: Flight-A FixedStand readiness gate complete; queued the stair policy for State_RL entry and retaining stand ownership for 0.25 s.
[INFO] [1788580597.780111, 212.042000]: Flight-A policy request has been queued under FixedStand; requesting RL so State_RL loads it before inference starts.
[INFO] [1788580598.487672, 212.720000]: Fresh RL readiness confirmed after the flight-A FixedStand boundary; starting the climb ramp.
[INFO] [1788580598.506089, 212.740000]: Flight-A fresh RL readiness observed; ascent clocks reset and 1.2 s climb ramp started.
[INFO] [1788580598.507280, 212.740000]: STPUB phase=STAIR_ASCENT world=(0.032,0.001,-0.054) body=(-0.004,-0.032,-0.054) truth_z=0.310 pose=0.3102752802506989
[INFO] [1788580599.566263, 213.760000]: STPUB phase=STAIR_ASCENT world=(0.036,0.707,-0.036) body=(0.699,-0.107,-0.036) truth_z=0.333 pose=0.3326218334567388
[INFO] [1788580600.620283, 214.780000]: STPUB phase=STAIR_ASCENT world=(0.000,0.800,-0.018) body=(0.799,-0.042,-0.018) truth_z=0.453 pose=0.45339688998369165
[INFO] [1788580601.660887, 215.800000]: STPUB phase=STAIR_ASCENT world=(0.000,0.800,0.006) body=(0.800,0.013,0.006) truth_z=0.681 pose=0.6813892300052384
[INFO] [1788580602.719991, 216.820000]: STPUB phase=STAIR_ASCENT world=(0.000,0.800,0.015) body=(0.799,0.035,0.015) truth_z=0.864 pose=0.8635295313207318
[INFO] [1788580603.773637, 217.840000]: STPUB phase=STAIR_ASCENT world=(0.000,0.800,0.001) body=(0.800,0.002,0.001) truth_z=1.122 pose=1.122428835188233
[INFO] [1788580604.824625, 218.860000]: STPUB phase=STAIR_ASCENT world=(0.000,0.800,0.039) body=(0.795,0.088,0.039) truth_z=1.325 pose=1.3248868720548785
[INFO] [1788580605.862798, 219.880000]: STPUB phase=STAIR_ASCENT world=(0.000,0.800,0.011) body=(0.800,0.026,0.011) truth_z=1.552 pose=1.5522266754215648
[INFO] [1788580606.254226, 220.260000]: Intermediate landing entered at y=4.76 m; starting moving turn.
[INFO] [1788580606.907398, 220.900000]: STPUB phase=STAIR_LANDING_TURN world=(0.750,0.000,-1.057) body=(0.430,-0.615,-1.057) truth_z=1.617 pose=1.6165090747762716
[INFO] [1788580607.951055, 221.920000]: STPUB phase=STAIR_LANDING_TURN world=(0.694,0.000,-0.363) body=(0.657,-0.225,-0.363) truth_z=1.607 pose=1.6070104780448127
[INFO] [1788580608.986565, 222.940000]: STPUB phase=STAIR_LANDING_TURN world=(0.300,0.000,-0.130) body=(0.298,-0.035,-0.130) truth_z=1.617 pose=1.6167920098111686
[INFO] [1788580610.047146, 223.960000]: STPUB phase=STAIR_LANDING_TURN world=(0.000,0.000,-1.200) body=(0.000,0.000,-1.200) truth_z=1.616 pose=1.6155128037140665
[INFO] [1788580611.089618, 224.980000]: STPUB phase=STAIR_LANDING_TURN world=(0.000,0.000,-0.513) body=(0.000,0.000,-0.513) truth_z=1.625 pose=1.6254654819328624
[INFO] [1788580612.138691, 226.000000]: STPUB phase=STAIR_LANDING_TURN world=(0.000,0.000,-0.258) body=(0.000,0.000,-0.258) truth_z=1.627 pose=1.6267793329051319
[INFO] [1788580613.192112, 227.020000]: STPUB phase=STAIR_LANDING_TURN world=(0.000,0.000,-0.240) body=(0.000,0.000,-0.240) truth_z=1.637 pose=1.6367918812060371
[INFO] [1788580613.496125, 227.320000]: Flight-B entry aligned: x error=0.005 m, heading error=-0.149 rad.
[INFO] [1788580613.497557, 227.320000]: Flight-B entry joints saved (12 dofs) -> /home/quinn/0904/results/official_gui_s20260818_20260905_115210/flight_b_entry_joints_0.json
[INFO] [1788580613.516544, 227.340000]: ASCENT_B gate: entry_guide=True truth_pose=True start_z=0.310 profile=True heading=-1.571 pose_z=1.6380279237286277 truth_z=1.6380279237286277
[INFO] [1788580613.519665, 227.342000]: Pre-ascent RL settle: holding zero command until motion is stable for 0.6 s before FixedStand.
[INFO] [1788580613.521330, 227.344000]: Pre-ascent RL settle active: stable 0.00/0.60 s.
[INFO] [1788580614.137027, 227.940000]: Pre-ascent RL motion settled for 0.62 s; settle-only gate complete (FixedStand disabled).
[INFO] [1788580614.239286, 228.040000]: STPUB phase=STAIR_ASCENT_B world=(0.000,-0.800,-0.082) body=(0.778,-0.187,-0.082) truth_z=1.638 pose=1.637901207585305
[INFO] [1788580614.565410, 228.360000]: ASCENT_B gate: entry_guide=True truth_pose=True start_z=0.310 profile=True heading=-1.571 pose_z=1.6311576296855175 truth_z=1.6311576296855175
[INFO] [1788580615.292275, 229.060000]: STPUB phase=STAIR_ASCENT_B world=(0.000,-0.600,-0.025) body=(0.599,-0.042,-0.025) truth_z=1.731 pose=1.7306453127889723
[INFO] [1788580615.622310, 229.380000]: ASCENT_B gate: entry_guide=True truth_pose=True start_z=0.310 profile=True heading=-1.571 pose_z=1.8028944025294662 truth_z=1.8028944025294662
[INFO] [1788580616.336678, 230.080000]: STPUB phase=STAIR_ASCENT_B world=(0.000,-0.800,0.020) body=(0.799,0.046,0.020) truth_z=1.886 pose=1.885797753628918
[INFO] [1788580616.659721, 230.400000]: ASCENT_B gate: entry_guide=True truth_pose=True start_z=0.310 profile=True heading=-1.571 pose_z=1.9931697162274176 truth_z=1.9931697162274176
[INFO] [1788580617.386309, 231.100000]: STPUB phase=STAIR_ASCENT_B world=(-0.047,-0.800,-0.007) body=(0.799,-0.063,-0.007) truth_z=2.102 pose=2.1022478144174115
[INFO] [1788580617.720121, 231.420000]: ASCENT_B gate: entry_guide=True truth_pose=True start_z=0.310 profile=True heading=-1.571 pose_z=2.1760187534029036 truth_z=2.1760187534029036
[INFO] [1788580618.438812, 232.120000]: STPUB phase=STAIR_ASCENT_B world=(-0.200,-0.600,0.009) body=(0.605,-0.185,0.009) truth_z=2.310 pose=2.309515340910882
[INFO] [1788580618.760736, 232.440000]: ASCENT_B gate: entry_guide=True truth_pose=True start_z=0.310 profile=True heading=-1.571 pose_z=2.3663364886971725 truth_z=2.3663364886971725
[INFO] [1788580619.466730, 233.140000]: STPUB phase=STAIR_ASCENT_B world=(0.200,-0.600,0.015) body=(0.591,0.226,0.015) truth_z=2.520 pose=2.5198588514172817
[INFO] [1788580619.797341, 233.460000]: ASCENT_B gate: entry_guide=True truth_pose=True start_z=0.310 profile=True heading=-1.571 pose_z=2.5876901283227096 truth_z=2.5876901283227096
[INFO] [1788580620.515441, 234.160000]: STPUB phase=STAIR_ASCENT_B world=(0.300,-0.400,0.062) body=(0.341,0.365,0.062) truth_z=2.680 pose=2.6800524721923886
[INFO] [1788580620.842282, 234.480000]: ASCENT_B gate: entry_guide=True truth_pose=True start_z=0.310 profile=True heading=-1.571 pose_z=2.691564714503671 truth_z=2.691564714503671
[INFO] [1788580621.550651, 235.180000]: STPUB phase=STAIR_ASCENT_B world=(0.000,-0.600,0.056) body=(0.592,0.096,0.056) truth_z=2.849 pose=2.849341588017915
[INFO] [1788580621.873333, 235.500000]: ASCENT_B gate: entry_guide=True truth_pose=True start_z=0.310 profile=True heading=-1.571 pose_z=2.889932732261689 truth_z=2.889932732261689
[INFO] [1788580622.338765, 235.960000]: Upper landing entered: gain=2.60 m, clearance=0.00 m; stabilizing for 0.5 s.
[INFO] [1788580622.843469, 236.460000]: Floor-2 landing confirmed after two flights: gain=2.61 m clearance=0.14 m.
[INFO] [1788580623.612066, 237.224000]: Plane policy acknowledged on the upper landing; releasing stair controller ownership.
[FSM]: state: INIT
wait for goal.
[FSM]: state: INIT
wait for goal.
[FSM]: state: INIT
wait for goal.
[FSM]: state: INIT
wait for goal.
[FSM]: state: INIT
wait for goal.
[FSM]: state: INIT
wait for goal.
[FSM]: state: INIT
wait for goal.
[FSM]: state: INIT
wait for goal.
[FSM]: state: INIT
wait for goal.
[FSM]: state: INIT
wait for goal.
[33m[WARN] [1788580634.032214748, 247.404000000]: Plane tilt guard scaling cmd_vel by 0.97 at tilt 0.144 rad[0m
[FSM]: state: INIT
wait for goal.
[FSM]: state: INIT
wait for goal.
[FSM]: state: INIT
wait for goal.
[FSM]: state: INIT
wait for goal.
[FSM]: state: INIT
wait for goal.
[33m[WARN] [1788580639.003920254, 252.198000000]: Plane tilt guard scaling cmd_vel by 0.99 at tilt 0.141 rad[0m
[FSM]: state: INIT
wait for goal.
[FSM]: state: INIT
wait for goal.
[FSM]: state: INIT
wait for goal.
[FSM]: state: INIT
wait for goal.
[FSM]: state: INIT
wait for goal.
[FSM]: state: INIT
wait for goal.
[FSM]: state: INIT
wait for goal.
[FSM]: state: INIT
wait for goal.
[FSM]: state: INIT
wait for goal.
[FSM]: state: INIT
wait for goal.
[FSM]: state: INIT
wait for goal.
[FSM]: state: INIT
wait for goal.
[FSM]: state: INIT
wait for goal.
[FSM]: state: INIT
wait for goal.
[FSM]: state: INIT
wait for goal.
[FSM]: state: INIT
wait for goal.
[FSM]: state: INIT
wait for goal.
[FSM]: state: INIT
wait for goal.
[FSM]: state: INIT
wait for goal.
[FSM]: state: INIT
wait for goal.
[FSM]: state: INIT
wait for goal.
[FSM]: state: INIT
wait for goal.
[33m[WARN] [1788580661.708072556, 274.296000000]: Plane tilt guard scaling cmd_vel by 0.90 at tilt 0.153 rad[0m
[FSM]: state: INIT
wait for goal.
[33m[WARN] [1788580662.940118808, 275.496000000]: Plane tilt guard scaling cmd_vel by 0.78 at tilt 0.169 rad[0m
[FSM]: state: INIT
wait for goal.
[FSM]: state: INIT
wait for goal.
[FSM]: state: INIT
wait for goal.
[FSM]: state: INIT
wait for goal.
[FSM]: state: INIT
wait for goal.
[0m[INFO] [1788580623.565082354, 237.178000000]: RL locomotion_ready latched after 0.65 s takeover and 0.24 s stable hold[0m
[0m[INFO] [1788580624.565369730, 238.174000000]: RL policy input vx=0.000 vy=0.000 wz=1.132 action_rms=0.150 ready=1 userCmd=0 kbd=0 raw=0.000,0.000,1.132 grav=0.01,0.00,-0.98[0m
[0m[INFO] [1788580626.609654289, 240.182000000]: RL policy input vx=0.000 vy=0.000 wz=0.211 action_rms=0.151 ready=1 userCmd=0 kbd=0 raw=0.000,0.000,0.211 grav=0.02,-0.02,-0.98[0m
[0m[INFO] [1788580628.671372045, 242.194000000]: RL policy input vx=0.164 vy=0.000 wz=0.894 action_rms=0.118 ready=1 userCmd=0 kbd=0 raw=0.164,0.000,0.894 grav=0.02,-0.04,-0.98[0m
[0m[INFO] [1788580630.736545139, 244.212000000]: RL policy input vx=0.000 vy=0.000 wz=0.196 action_rms=0.147 ready=1 userCmd=0 kbd=0 raw=0.000,0.000,0.196 grav=0.01,-0.02,-0.98[0m
[0m[INFO] [1788580632.801610085, 246.212000000]: RL policy input vx=2.248 vy=0.000 wz=0.052 action_rms=0.330 ready=1 userCmd=0 kbd=0 raw=2.248,0.000,0.052 grav=0.00,0.02,-0.98[0m
[0m[INFO] [1788580634.879798773, 248.226000000]: RL policy input vx=2.245 vy=0.000 wz=0.070 action_rms=0.412 ready=1 userCmd=0 kbd=0 raw=2.245,0.000,0.070 grav=0.03,0.01,-0.98[0m
[0m[INFO] [1788580636.970419696, 250.226000000]: RL policy input vx=2.245 vy=0.000 wz=0.072 action_rms=0.445 ready=1 userCmd=0 kbd=0 raw=2.245,0.000,0.072 grav=-0.05,-0.07,-0.98[0m
[0m[INFO] [1788580639.049379842, 252.240000000]: RL policy input vx=0.529 vy=0.229 wz=0.896 action_rms=0.211 ready=1 userCmd=0 kbd=0 raw=0.529,0.229,0.896 grav=0.12,-0.13,-0.96[0m
[0m[INFO] [1788580641.102393853, 254.242000000]: RL policy input vx=0.448 vy=0.000 wz=0.093 action_rms=0.180 ready=1 userCmd=0 kbd=0 raw=0.448,0.000,0.093 grav=-0.00,0.00,-0.98[0m
[0m[INFO] [1788580643.185668411, 256.254000000]: RL policy input vx=0.450 vy=0.000 wz=0.012 action_rms=0.285 ready=1 userCmd=0 kbd=0 raw=0.450,0.000,0.012 grav=0.01,-0.02,-0.98[0m
[0m[INFO] [1788580645.302615983, 258.266000000]: RL policy input vx=0.895 vy=-0.095 wz=-0.116 action_rms=0.158 ready=1 userCmd=0 kbd=0 raw=0.895,-0.095,-0.116 grav=-0.01,-0.02,-0.98[0m
[0m[INFO] [1788580647.389051244, 260.268000000]: RL policy input vx=0.900 vy=-0.007 wz=-0.009 action_rms=0.342 ready=1 userCmd=0 kbd=0 raw=0.900,-0.007,-0.009 grav=-0.01,-0.03,-0.98[0m
[0m[INFO] [1788580649.474450157, 262.278000000]: RL policy input vx=0.351 vy=-0.013 wz=-0.041 action_rms=0.138 ready=1 userCmd=0 kbd=0 raw=0.351,-0.013,-0.041 grav=0.02,-0.02,-0.98[0m
[0m[INFO] [1788580651.517641715, 264.278000000]: RL policy input vx=0.000 vy=0.000 wz=2.900 action_rms=0.407 ready=1 userCmd=0 kbd=0 raw=0.000,0.000,2.900 grav=0.02,0.04,-0.98[0m
[0m[INFO] [1788580653.552057682, 266.282000000]: RL policy input vx=0.000 vy=0.000 wz=1.500 action_rms=0.173 ready=1 userCmd=0 kbd=0 raw=0.000,0.000,1.500 grav=0.01,-0.00,-0.98[0m
[0m[INFO] [1788580655.603845769, 268.294000000]: RL policy input vx=0.825 vy=0.361 wz=0.454 action_rms=0.223 ready=1 userCmd=0 kbd=0 raw=0.825,0.361,0.454 grav=-0.01,0.09,-0.98[0m
[0m[INFO] [1788580657.638443678, 270.302000000]: RL policy input vx=0.898 vy=0.054 wz=0.066 action_rms=0.359 ready=1 userCmd=0 kbd=0 raw=0.898,0.054,0.066 grav=-0.00,-0.02,-0.98[0m
[0m[INFO] [1788580659.695334176, 272.318000000]: RL policy input vx=0.000 vy=0.000 wz=-2.611 action_rms=0.358 ready=1 userCmd=0 kbd=0 raw=0.000,0.000,-2.611 grav=0.00,0.01,-0.98[0m
[0m[INFO] [1788580661.753322771, 274.340000000]: RL policy input vx=0.678 vy=0.750 wz=-0.372 action_rms=0.307 ready=1 userCmd=0 kbd=0 raw=0.678,0.750,-0.372 grav=-0.05,-0.11,-0.97[0m
[0m[INFO] [1788580663.802940443, 276.346000000]: RL policy input vx=0.372 vy=0.571 wz=1.059 action_rms=0.200 ready=1 userCmd=0 kbd=0 raw=0.372,0.571,1.059 grav=0.01,-0.12,-0.97[0m
[0m[INFO] [1788580665.848261298, 278.356000000]: RL policy input vx=0.000 vy=0.000 wz=-0.450 action_rms=0.133 ready=1 userCmd=0 kbd=0 raw=0.000,0.000,-0.450 grav=0.05,-0.02,-0.98[0m
[0m[INFO] [1788580667.881871226, 280.356000000]: RL policy input vx=0.000 vy=0.000 wz=-0.431 action_rms=0.146 ready=1 userCmd=0 [FSM]: state: INIT
wait for goal.
[FSM]: state: INIT
wait for goal.
[FSM]: state: INIT
wait for goal.
[FSM]: state: INIT
wait for goal.
[FSM]: state: INIT
wait for goal.
[FSM]: state: INIT
wait for goal.
[FSM]: state: INIT
wait for goal.
[FSM]: state: INIT
wait for goal.
[FSM]: state: INIT
wait for goal.
[FSM]: state: INIT
wait for goal.
[FSM]: state: INIT
wait for goal.
[FSM]: state: INIT
wait for goal.
[FSM]: state: INIT
wait for goal.
[FSM]: state: INIT
wait for goal.
[FSM]: state: INIT
wait for goal.
[FSM]: state: INIT
wait for goal.
[FSM]: state: INIT
wait for goal.
[FSM]: state: INIT
wait for goal.
[FSM]: state: INIT
wait for goal.
[FSM]: state: INIT
wait for goal.
[FSM]: state: INIT
wait for goal.
[FSM]: state: INIT
wait for goal.
[FSM]: state: INIT
wait for goal.
[FSM]: state: INIT
wait for goal.
[FSM]: state: INIT
wait for goal.
[FSM]: state: INIT
wait for goal.
[FSM]: state: INIT
wait for goal.
[FSM]: state: INIT
wait for goal.
[FSM]: state: INIT
wait for goal.
[FSM]: state: INIT
wait for goal.
[FSM]: state: INIT
wait for goal.
[FSM]: state: INIT
wait for goal.
[FSM]: state: INIT
wait for goal.
[FSM]: state: INIT
wait for goal.
[FSM]: state: INIT
wait for goal.
[FSM]: state: INIT
wait for goal.
[FSM]: state: INIT
wait for goal.
[FSM]: state: INIT
wait for goal.
[FSM]: state: INIT
wait for goal.
[FSM]: state: INIT
wait for goal.
[FSM]: state: INIT
wait for goal.
[FSM]: state: INIT
wait for goal.
[FSM]: state: INIT
wait for goal.
[FSM]: state: INIT
wait for goal.
[FSM]: state: INIT
wait for goal.
[FSM]: state: INIT
wait for goal.
kbd=0 raw=0.000,0.000,-0.431 grav=0.00,0.00,-0.98[0m
[0m[INFO] [1788580669.915307820, 282.362000000]: RL policy input vx=0.448 vy=0.000 wz=-0.098 action_rms=0.246 ready=1 userCmd=0 kbd=0 raw=0.448,0.000,-0.098 grav=-0.01,-0.01,-0.98[0m
[0m[INFO] [1788580671.964646037, 284.370000000]: RL policy input vx=0.449 vy=0.000 wz=-0.070 action_rms=0.266 ready=1 userCmd=0 kbd=0 raw=0.449,0.000,-0.070 grav=0.01,-0.02,-0.98[0m
[0m[INFO] [1788580674.008820984, 286.378000000]: RL policy input vx=0.450 vy=0.000 wz=0.051 action_rms=0.142 ready=1 userCmd=0 kbd=0 raw=0.450,0.000,0.051 grav=0.03,-0.00,-0.98[0m
[0m[INFO] [1788580676.063020117, 288.396000000]: RL policy input vx=0.450 vy=0.000 wz=-0.011 action_rms=0.279 ready=1 userCmd=0 kbd=0 raw=0.450,0.000,-0.011 grav=0.01,-0.01,-0.98[0m
[0m[INFO] [1788580678.126414180, 290.412000000]: RL policy input vx=0.864 vy=-0.710 wz=-0.756 action_rms=0.190 ready=1 userCmd=0 kbd=0 raw=0.864,-0.710,-0.756 grav=-0.02,-0.01,-0.98[0m
[0m[INFO] [1788580680.168368625, 292.426000000]: RL policy input vx=0.827 vy=0.119 wz=0.178 action_rms=0.281 ready=1 userCmd=0 kbd=0 raw=0.827,0.119,0.178 grav=0.00,0.00,-0.98[0m
[0m[INFO] [1788580682.205164989, 294.432000000]: RL policy input vx=0.892 vy=0.118 wz=0.144 action_rms=0.171 ready=1 userCmd=0 kbd=0 raw=0.892,0.118,0.144 grav=-0.01,0.01,-0.98[0m
[0m[INFO] [1788580684.244140716, 296.432000000]: RL policy input vx=0.900 vy=0.007 wz=0.008 action_rms=0.373 ready=1 userCmd=0 kbd=0 raw=0.900,0.007,0.008 grav=-0.01,-0.02,-0.98[0m
[0m[INFO] [1788580686.293331373, 298.444000000]: RL policy input vx=0.000 vy=0.000 wz=0.658 action_rms=0.187 ready=1 userCmd=0 kbd=0 raw=0.000,0.000,0.658 grav=0.03,-0.01,-0.98[0m
[0m[INFO] [1788580688.338723393, 300.446000000]: RL policy input vx=0.000 vy=0.000 wz=2.313 action_rms=0.191 ready=1 userCmd=0 kbd=0 raw=0.000,0.000,2.313 grav=0.01,0.00,-0.98[0m
[0m[INFO] [1788580690.412434331, 302.460000000]: RL policy input vx=0.757 vy=0.196 wz=0.303 action_rms=0.342 ready=1 userCmd=0 kbd=0 raw=0.757,0.196,0.303 grav=0.01,0.03,-0.98[0m
[0m[INFO] [1788580692.438221894, 304.464000000]: RL policy input vx=0.607 vy=0.152 wz=0.290 action_rms=0.246 ready=1 userCmd=0 kbd=0 raw=0.607,0.152,0.290 grav=0.03,0.06,-0.98[0m
[0m[INFO] [1788580694.493056465, 306.472000000]: RL policy input vx=0.288 vy=0.083 wz=0.310 action_rms=0.180 ready=1 userCmd=0 kbd=0 raw=0.288,0.083,0.310 grav=0.02,0.03,-0.98[0m
[0m[INFO] [1788580696.579505646, 308.484000000]: RL policy input vx=0.894 vy=0.104 wz=0.127 action_rms=0.208 ready=1 userCmd=0 kbd=0 raw=0.894,0.104,0.127 grav=0.00,0.01,-0.98[0m
[0m[INFO] [1788580698.747037360, 310.484000000]: RL policy input vx=0.614 vy=0.013 wz=0.023 action_rms=0.160 ready=1 userCmd=0 kbd=0 raw=0.614,0.013,0.023 grav=0.00,-0.03,-0.98[0m
[0m[INFO] [1788580700.858904989, 312.488000000]: RL policy input vx=0.000 vy=0.000 wz=-2.900 action_rms=0.173 ready=1 userCmd=0 kbd=0 raw=0.000,0.000,-2.900 grav=0.00,0.02,-0.98[0m
[0m[INFO] [1788580702.885835465, 314.488000000]: RL policy input vx=1.995 vy=-0.699 wz=-0.348 action_rms=0.284 ready=1 userCmd=0 kbd=0 raw=1.995,-0.699,-0.348 grav=-0.03,-0.10,-0.97[0m
[0m[INFO] [1788580704.959416742, 316.498000000]: RL policy input vx=0.898 vy=0.479 wz=0.539 action_rms=0.167 ready=1 userCmd=0 kbd=0 raw=0.898,0.479,0.539 grav=0.01,0.08,-0.98[0m
[0m[INFO] [1788580706.996965789, 318.510000000]: RL policy input vx=0.000 vy=0.000 wz=-0.450 action_rms=0.191 ready=1 userCmd=0 kbd=0 raw=0.000,0.000,-0.450 grav=0.00,-0.01,-0.98[0m
[0m[INFO] [1788580709.058703147, 320.516000000]: RL policy input vx=0.145 vy=0.000 wz=-0.165 action_rms=0.193 ready=1 userCmd=0 kbd=0 raw=0.145,0.000,-0.165 grav=-0.00,-0.00,-0.98[0m
[0m[INFO] [1788580711.091314776, 322.522000000]: RL policy input vx=0.449 vy=0.000 wz=-0.068 action_rms=0.155 ready=1 userCmd=0 kbd=0 raw=0.449,0.000,-0.068 grav=0.01,-0.02,-0.98[0m
[0m[INFO] [1788580713.138608242, 324.538000000]: RL policy input vx=0.633 vy=0.000 wz=-0.035 action_rms=0.326 ready=1 userCmd=0 kbd=0 raw=0.633,0.000,-0.035 grav=-0.02,-0.03,-0.98[0m
[0m[INFO] [1788[FSM]: state: INIT
wait for goal.
[33m[WARN] [1788580715.997364190, 327.318000000]: Plane tilt guard scaling cmd_vel by 0.97 at tilt 0.144 rad[0m
[FSM]: state: INIT
wait for goal.
[FSM]: state: INIT
wait for goal.
[FSM]: state: INIT
wait for goal.
[FSM]: state: INIT
wait for goal.
[FSM]: state: INIT
wait for goal.
[FSM]: state: INIT
wait for goal.
[FSM]: state: INIT
wait for goal.
[FSM]: state: INIT
wait for goal.
[FSM]: state: INIT
wait for goal.
[FSM]: state: INIT
wait for goal.
[FSM]: state: INIT
wait for goal.
[FSM]: state: INIT
wait for goal.
[FSM]: state: INIT
wait for goal.
[FSM]: state: INIT
wait for goal.
[FSM]: state: INIT
wait for goal.
[FSM]: state: INIT
wait for goal.
[FSM]: state: INIT
wait for goal.
[FSM]: state: INIT
wait for goal.
[FSM]: state: INIT
wait for goal.
[FSM]: state: INIT
wait for goal.
[FSM]: state: INIT
wait for goal.
[FSM]: state: INIT
wait for goal.
[FSM]: state: INIT
wait for goal.
[FSM]: state: INIT
wait for goal.
[FSM]: state: INIT
wait for goal.
[FSM]: state: INIT
wait for goal.
[FSM]: state: INIT
wait for goal.
[FSM]: state: INIT
wait for goal.
[FSM]: state: INIT
wait for goal.
[33m[WARN] [1788580746.048515087, 356.808000000]: Plane tilt guard scaling cmd_vel by 0.99 at tilt 0.141 rad[0m
[FSM]: state: INIT
wait for goal.
[FSM]: state: INIT
wait for goal.
[FSM]: state: INIT
wait for goal.
[FSM]: state: INIT
wait for goal.
[FSM]: state: INIT
wait for goal.
[FSM]: state: INIT
wait for goal.
[FSM]: state: INIT
wait for goal.
[FSM]: state: INIT
wait for goal.
[FSM]: state: INIT
wait for goal.
[FSM]: state: INIT
wait for goal.
[FSM]: state: INIT
wait for goal.
[FSM]: state: INIT
wait for goal.
[FSM]: state: INIT
wait for goal.
[FSM]: state: INIT
wait for goal.
580715.187827287, 326.548000000]: RL policy input vx=1.663 vy=-0.450 wz=-0.279 action_rms=0.235 ready=1 userCmd=0 kbd=0 raw=1.663,-0.450,-0.279 grav=-0.04,-0.05,-0.98[0m
[0m[INFO] [1788580717.242913399, 328.548000000]: RL policy input vx=2.249 vy=-0.061 wz=-0.030 action_rms=0.322 ready=1 userCmd=0 kbd=0 raw=2.249,-0.061,-0.030 grav=-0.00,-0.01,-0.98[0m
[0m[INFO] [1788580719.268636542, 330.550000000]: RL policy input vx=2.250 vy=-0.008 wz=-0.004 action_rms=0.219 ready=1 userCmd=0 kbd=0 raw=2.250,-0.008,-0.004 grav=-0.03,-0.09,-0.98[0m
[0m[INFO] [1788580721.296644018, 332.554000000]: RL policy input vx=2.234 vy=0.268 wz=0.131 action_rms=0.360 ready=1 userCmd=0 kbd=0 raw=2.234,0.268,0.131 grav=-0.03,-0.10,-0.97[0m
[0m[INFO] [1788580723.342421911, 334.570000000]: RL policy input vx=0.126 vy=0.046 wz=0.735 action_rms=0.148 ready=1 userCmd=0 kbd=0 raw=0.126,0.046,0.735 grav=0.04,0.04,-0.98[0m
[0m[INFO] [1788580725.394379113, 336.578000000]: RL policy input vx=0.449 vy=0.000 wz=0.084 action_rms=0.199 ready=1 userCmd=0 kbd=0 raw=0.449,0.000,0.084 grav=-0.01,-0.02,-0.98[0m
[0m[INFO] [1788580727.461044873, 338.594000000]: RL policy input vx=0.450 vy=0.000 wz=-0.003 action_rms=0.291 ready=1 userCmd=0 kbd=0 raw=0.450,0.000,-0.003 grav=0.00,-0.02,-0.98[0m
[0m[INFO] [1788580729.519839777, 340.594000000]: RL policy input vx=0.878 vy=-0.199 wz=-0.245 action_rms=0.344 ready=1 userCmd=0 kbd=0 raw=0.878,-0.199,-0.245 grav=-0.02,-0.05,-0.98[0m
[0m[INFO] [1788580731.562791589, 342.594000000]: RL policy input vx=0.900 vy=-0.020 wz=-0.024 action_rms=0.303 ready=1 userCmd=0 kbd=0 raw=0.900,-0.020,-0.024 grav=-0.00,-0.04,-0.98[0m
[0m[INFO] [1788580733.633748666, 344.612000000]: RL policy input vx=0.493 vy=-0.002 wz=-0.005 action_rms=0.147 ready=1 userCmd=0 kbd=0 raw=0.493,-0.002,-0.005 grav=0.01,-0.02,-0.98[0m
[0m[INFO] [1788580735.686937365, 346.622000000]: RL policy input vx=0.000 vy=0.000 wz=2.900 action_rms=0.381 ready=1 userCmd=0 kbd=0 raw=0.000,0.000,2.900 grav=0.02,0.01,-0.98[0m
[0m[INFO] [1788580737.732582744, 348.636000000]: RL policy input vx=0.000 vy=0.000 wz=-0.763 action_rms=0.144 ready=1 userCmd=0 kbd=0 raw=0.000,0.000,-0.763 grav=0.02,-0.01,-0.98[0m
[0m[INFO] [1788580739.778870611, 350.642000000]: RL policy input vx=0.768 vy=-0.469 wz=-0.604 action_rms=0.400 ready=1 userCmd=0 kbd=0 raw=0.768,-0.469,-0.604 grav=-0.04,-0.03,-0.98[0m
[0m[INFO] [1788580741.824591232, 352.662000000]: RL policy input vx=0.898 vy=-0.065 wz=-0.079 action_rms=0.271 ready=1 userCmd=0 kbd=0 raw=0.898,-0.065,-0.079 grav=-0.00,-0.03,-0.98[0m
[0m[INFO] [1788580743.871931992, 354.674000000]: RL policy input vx=0.000 vy=0.000 wz=-2.454 action_rms=0.390 ready=1 userCmd=0 kbd=0 raw=0.000,0.000,-2.454 grav=0.00,-0.01,-0.98[0m
[0m[INFO] [1788580745.928581791, 356.690000000]: RL policy input vx=1.735 vy=0.070 wz=-0.363 action_rms=0.252 ready=1 userCmd=0 kbd=0 raw=1.735,0.070,-0.363 grav=-0.04,-0.06,-0.98[0m
[0m[INFO] [1788580747.984895671, 358.702000000]: RL policy input vx=0.000 vy=0.000 wz=-0.450 action_rms=0.189 ready=1 userCmd=0 kbd=0 raw=0.000,0.000,-0.450 grav=0.02,0.01,-0.98[0m
[0m[INFO] [1788580750.043243380, 360.716000000]: RL policy input vx=0.447 vy=0.000 wz=-0.119 action_rms=0.302 ready=1 userCmd=0 kbd=0 raw=0.447,0.000,-0.119 grav=-0.02,-0.02,-0.98[0m
[0m[INFO] [1788580752.085939164, 362.730000000]: RL policy input vx=0.449 vy=0.000 wz=-0.060 action_rms=0.159 ready=1 userCmd=0 kbd=0 raw=0.449,0.000,-0.060 grav=0.01,-0.02,-0.98[0m
[0m[INFO] [1788580754.152440980, 364.744000000]: RL policy input vx=0.523 vy=0.016 wz=0.037 action_rms=0.274 ready=1 userCmd=0 kbd=0 raw=0.523,0.016,0.037 grav=-0.00,-0.04,-0.98[0m
[0m[INFO] [1788580756.218464958, 366.746000000]: RL policy input vx=0.450 vy=0.000 wz=0.001 action_rms=0.196 ready=1 userCmd=0 kbd=0 raw=0.450,0.000,0.001 grav=0.01,-0.01,-0.98[0m
[0m[INFO] [1788580758.265129530, 368.762000000]: RL policy input vx=0.847 vy=0.304 wz=0.379 action_rms=0.178 ready=1 userCmd=0 kbd=0 raw=0.847,0.304,0.379 grav=0.00,-0.03,-0.98[0m
[0m[INFO] [1788580760.314956128, 370.770000000]: RL [FSM]: state: INIT
wait for goal.
[FSM]: state: INIT
wait for goal.
[FSM]: state: INIT
wait for goal.
[FSM]: state: INIT
wait for goal.
[FSM]: state: INIT
wait for goal.
[FSM]: state: INIT
wait for goal.
[FSM]: state: INIT
wait for goal.
[FSM]: state: INIT
wait for goal.
[FSM]: state: INIT
wait for goal.
[FSM]: state: INIT
wait for goal.
[FSM]: state: INIT
wait for goal.
[FSM]: state: INIT
wait for goal.
[FSM]: state: INIT
wait for goal.
[FSM]: state: INIT
wait for goal.
[FSM]: state: INIT
wait for goal.
[FSM]: state: INIT
wait for goal.
[33m[WARN] [1788580776.151949896, 386.322000000]: Plane tilt guard scaling cmd_vel by 0.97 at tilt 0.144 rad[0m
[FSM]: state: INIT
wait for goal.
[FSM]: state: INIT
wait for goal.
[FSM]: state: INIT
wait for goal.
[FSM]: state: INIT
wait for goal.
[FSM]: state: INIT
wait for goal.
[FSM]: state: INIT
wait for goal.
[FSM]: state: INIT
wait for goal.
[FSM]: state: INIT
wait for goal.
[FSM]: state: INIT
wait for goal.
[FSM]: state: INIT
wait for goal.
[FSM]: state: INIT
wait for goal.
[FSM]: state: INIT
wait for goal.
[33m[WARN] [1788580788.579285647, 398.400000000]: Plane tilt guard scaling cmd_vel by 0.93 at tilt 0.149 rad[0m
[FSM]: state: INIT
wait for goal.
[33m[WARN] [1788580789.921122966, 399.702000000]: Plane tilt guard scaling cmd_vel by 0.86 at tilt 0.159 rad[0m
[FSM]: state: INIT
wait for goal.
[FSM]: state: INIT
wait for goal.
[FSM]: state: INIT
wait for goal.
[33m[WARN] [1788580793.163141275, 402.830000000]: Plane tilt guard scaling cmd_vel by 0.94 at tilt 0.147 rad[0m
[FSM]: state: INIT
wait for goal.
[FSM]: state: INIT
wait for goal.
[FSM]: state: INIT
wait for goal.
[FSM]: state: INIT
wait for goal.
[FSM]: state: INIT
wait for goal.
[FSM]: state: INIT
wait for goal.
[FSM]: state: INIT
wait for goal.
[33m[WARN] [1788580799.803450714, 409.228000000]: Plane tilt guard scaling cmd_vel by 0.95 at tilt 0.146 rad[0m
[FSM]: state: INIT
wait for goal.
[FSM]: state: INIT
wait for goal.
[FSM]: state: INIT
wait for goal.
[FSM]: state: INIT
wait for goal.
[FSM]: state: INIT
wait for goal.
policy input vx=0.899 vy=0.036 wz=0.044 action_rms=0.308 ready=1 userCmd=0 kbd=0 raw=0.899,0.036,0.044 grav=-0.01,-0.02,-0.98[0m
[0m[INFO] [1788580762.368338296, 372.786000000]: RL policy input vx=0.900 vy=0.005 wz=0.006 action_rms=0.190 ready=1 userCmd=0 kbd=0 raw=0.900,0.005,0.006 grav=0.01,-0.03,-0.98[0m
[0m[INFO] [1788580764.410744868, 374.798000000]: RL policy input vx=0.000 vy=0.000 wz=-1.865 action_rms=0.167 ready=1 userCmd=0 kbd=0 raw=0.000,0.000,-1.865 grav=0.01,0.02,-0.98[0m
[0m[INFO] [1788580766.457524301, 376.812000000]: RL policy input vx=0.000 vy=0.000 wz=-1.106 action_rms=0.147 ready=1 userCmd=0 kbd=0 raw=0.000,0.000,-1.106 grav=0.01,-0.00,-0.98[0m
[0m[INFO] [1788580768.479862953, 378.820000000]: RL policy input vx=0.000 vy=0.000 wz=-1.500 action_rms=0.155 ready=1 userCmd=0 kbd=0 raw=0.000,0.000,-1.500 grav=0.01,0.00,-0.98[0m
[0m[INFO] [1788580770.533708382, 380.826000000]: RL policy input vx=0.865 vy=-0.248 wz=-0.307 action_rms=0.237 ready=1 userCmd=0 kbd=0 raw=0.865,-0.248,-0.307 grav=-0.02,-0.08,-0.98[0m
[0m[INFO] [1788580772.576080126, 382.836000000]: RL policy input vx=0.589 vy=-0.026 wz=-0.048 action_rms=0.232 ready=1 userCmd=0 kbd=0 raw=0.589,-0.026,-0.048 grav=0.01,-0.03,-0.98[0m
[0m[INFO] [1788580774.637539735, 384.846000000]: RL policy input vx=0.000 vy=0.000 wz=2.900 action_rms=0.199 ready=1 userCmd=0 kbd=0 raw=0.000,0.000,2.900 grav=0.03,0.02,-0.98[0m
[0m[INFO] [1788580776.706595545, 386.854000000]: RL policy input vx=0.660 vy=-0.750 wz=-0.586 action_rms=0.158 ready=1 userCmd=0 kbd=0 raw=0.660,-0.750,-0.586 grav=0.02,-0.00,-0.98[0m
[0m[INFO] [1788580778.786855664, 388.866000000]: RL policy input vx=0.000 vy=0.000 wz=0.326 action_rms=0.161 ready=1 userCmd=0 kbd=0 raw=0.000,0.000,0.326 grav=0.04,-0.01,-0.98[0m
[0m[INFO] [1788580780.857810787, 390.870000000]: RL policy input vx=0.450 vy=0.000 wz=0.045 action_rms=0.157 ready=1 userCmd=0 kbd=0 raw=0.450,0.000,0.045 grav=0.01,-0.01,-0.98[0m
[0m[INFO] [1788580782.918400275, 392.878000000]: RL policy input vx=0.450 vy=0.000 wz=-0.013 action_rms=0.194 ready=1 userCmd=0 kbd=0 raw=0.450,0.000,-0.013 grav=0.01,-0.01,-0.98[0m
[0m[INFO] [1788580784.973546339, 394.880000000]: RL policy input vx=0.743 vy=0.750 wz=0.869 action_rms=0.180 ready=1 userCmd=0 kbd=0 raw=0.743,0.750,0.869 grav=-0.01,0.01,-0.98[0m
[0m[INFO] [1788580787.032492089, 396.894000000]: RL policy input vx=2.245 vy=0.151 wz=0.074 action_rms=0.355 ready=1 userCmd=0 kbd=0 raw=2.245,0.151,0.074 grav=0.03,0.06,-0.98[0m
[0m[INFO] [1788580789.106502660, 398.906000000]: RL policy input vx=2.242 vy=0.186 wz=0.091 action_rms=0.289 ready=1 userCmd=0 kbd=0 raw=2.242,0.186,0.091 grav=-0.04,-0.03,-0.98[0m
[0m[INFO] [1788580791.186937954, 400.926000000]: RL policy input vx=2.230 vy=0.301 wz=0.148 action_rms=0.431 ready=1 userCmd=0 kbd=0 raw=2.230,0.301,0.148 grav=0.04,0.09,-0.97[0m
[0m[INFO] [1788580793.273349373, 402.936000000]: RL policy input vx=2.238 vy=0.234 wz=0.115 action_rms=0.292 ready=1 userCmd=0 kbd=0 raw=2.238,0.234,0.115 grav=0.02,-0.07,-0.98[0m
[0m[INFO] [1788580795.355116512, 404.942000000]: RL policy input vx=2.246 vy=0.139 wz=0.068 action_rms=0.316 ready=1 userCmd=0 kbd=0 raw=2.246,0.139,0.068 grav=0.04,0.02,-0.98[0m
[0m[INFO] [1788580797.457428646, 406.960000000]: RL policy input vx=1.451 vy=-0.350 wz=-0.249 action_rms=0.389 ready=1 userCmd=0 kbd=0 raw=1.451,-0.350,-0.249 grav=-0.04,-0.06,-0.98[0m
[0m[INFO] [1788580799.531791588, 408.960000000]: RL policy input vx=1.845 vy=-0.140 wz=-0.084 action_rms=0.296 ready=1 userCmd=0 kbd=0 raw=1.845,-0.140,-0.084 grav=0.03,-0.05,-0.98[0m
[0m[INFO] [1788580801.604299324, 410.960000000]: RL policy input vx=1.622 vy=0.133 wz=0.094 action_rms=0.270 ready=1 userCmd=0 kbd=0 raw=1.622,0.133,0.094 grav=-0.01,-0.13,-0.97[0m
[0m[INFO] [1788580803.673143242, 412.978000000]: RL policy input vx=0.000 vy=0.000 wz=-0.659 action_rms=0.223 ready=1 userCmd=0 kbd=0 raw=0.000,0.000,-0.659 grav=0.00,0.01,-0.98[0m
[0m[INFO] [1788580805.762133516, 414.990000000]: RL policy input vx=0.296 vy=0.000 wz=-0.171 action_rms=0.181 ready=[FSM]: state: INIT
wait for goal.
[FSM]: state: INIT
wait for goal.
[FSM]: state: INIT
wait for goal.
[FSM]: state: INIT
wait for goal.
[FSM]: state: INIT
wait for goal.
[FSM]: state: INIT
wait for goal.
[FSM]: state: INIT
wait for goal.
1 userCmd=0 kbd=0 raw=0.296,0.000,-0.171 grav=-0.01,0.00,-0.98[0m
[0m[INFO] [1788580807.863875078, 417.008000000]: RL policy input vx=1.362 vy=0.000 wz=-0.031 action_rms=0.386 ready=1 userCmd=0 kbd=0 raw=1.362,0.000,-0.031 grav=-0.01,-0.05,-0.98[0m
[0m[INFO] [1788580809.930577723, 419.018000000]: RL policy input vx=0.000 vy=0.000 wz=-0.894 action_rms=0.194 ready=1 userCmd=0 kbd=0 raw=0.000,0.000,-0.894 grav=0.01,-0.00,-0.98[0m
[0m[INFO] [1788580812.002103115, 421.018000000]: RL policy input vx=0.000 vy=0.000 wz=0.000 action_rms=0.140 ready=1 userCmd=0 kbd=0 raw=0.000,0.000,0.000 grav=0.00,-0.00,-0.98[0m
Switched from RL to fixed stand
[FSM]: state: INIT
wait for goal.
infer_thread退出!
[33m[WARN] [1788580813.242226606, 422.214000000]: Using one-shot captured-pose FixedStand profile: ramp 0.50 s, settle 0.00 s, ready after 0.50 s + 0.50 s stable, minimum gain 0.75[0m
[INFO] Using /stand_target_joints param stance.
[FSM]: state: INIT
wait for goal.
Switched from fixed stand to RL
[INFO] Entered RL /cmd_vel mode.
[33m[WARN] [1788580814.529409904, 423.452000000]: Using one-shot stair RL takeover profile: blend 0.50 s, zero hold 0.15 s[0m
cuda::is_available():0
[WARNING] UNITREE_RL_DEVICE=hybrid selected CUDA for this policy but CUDA is unavailable; using CPU.
RL inference device: cpu (requested=hybrid, policy=stair)
[INFO] RL policy activated from preload cache at FixedStand entry boundary: /home/quinn/0904/runtime_assets/SimEnv/src/unitree_guide/logs/policy_act_inference_stair.pt
[FSM]: state: INIT
wait for goal.
[FSM]: state: INIT
wait for goal.
[FSM]: state: INIT
wait for goal.
[FSM]: state: INIT
wait for goal.
[FSM]: state: INIT
wait for goal.
[FSM]: state: INIT
wait for goal.
[FSM]: state: INIT
wait for goal.
[FSM]: state: INIT
wait for goal.
[FSM]: state: INIT
wait for goal.
[FSM]: state: INIT
wait for goal.
[FSM]: state: INIT
wait for goal.
[FSM]: state: INIT
wait for goal.
[FSM]: state: INIT
wait for goal.
[FSM]: state: INIT
wait for goal.
[FSM]: state: INIT
wait for goal.
[FSM]: state: INIT
wait for goal.
[FSM]: state: INIT
wait for goal.
[FSM]: state: INIT
wait for goal.
[FSM]: state: INIT
wait for goal.
[FSM]: state: INIT
wait for goal.
[FSM]: state: INIT
wait for goal.
[FSM]: state: INIT
wait for goal.
[33m[WARN] [1788580837.301215623, 445.706000000]: Using one-shot plane RL takeover profile: blend 0.50 s, zero hold 0.15 s[0m
[0m[INFO] [1788580814.532591024, 423.456000000]: RL policy input vx=0.000 vy=0.000 wz=0.000 action_rms=0.200 ready=0 userCmd=0 kbd=0 raw=0.000,0.000,0.000 grav=-0.00,-0.01,-0.98[0m
[0m[INFO] [1788580815.212616893, 424.112000000]: RL locomotion_ready latched after 0.66 s takeover and 0.66 s stable hold[0m
[0m[INFO] [1788580816.614444305, 425.474000000]: RL policy input vx=0.798 vy=-0.063 wz=-0.016 action_rms=0.514 ready=1 userCmd=0 kbd=0 raw=0.798,-0.063,-0.016 grav=-0.05,-0.21,-0.96[0m
[0m[INFO] [1788580818.698245562, 427.488000000]: RL policy input vx=0.564 vy=-0.300 wz=-0.048 action_rms=0.495 ready=1 userCmd=0 kbd=0 raw=0.564,-0.300,-0.048 grav=-0.29,-0.13,-0.93[0m
[0m[INFO] [1788580820.734531292, 429.492000000]: RL policy input vx=0.584 vy=-0.260 wz=-0.024 action_rms=0.794 ready=1 userCmd=0 kbd=0 raw=0.584,-0.260,-0.024 grav=-0.48,0.01,-0.85[0m
[0m[INFO] [1788580822.810388968, 431.508000000]: RL policy input vx=0.320 vy=-0.679 wz=-1.200 action_rms=0.266 ready=1 userCmd=0 kbd=0 raw=0.320,-0.679,-1.200 grav=-0.03,-0.01,-0.98[0m
[0m[INFO] [1788580824.861607212, 433.522000000]: RL policy input vx=0.298 vy=-0.038 wz=-0.141 action_rms=0.162 ready=1 userCmd=0 kbd=0 raw=0.298,-0.038,-0.141 grav=0.00,0.00,-0.98[0m
[0m[INFO] [1788580826.894977837, 435.522000000]: RL policy input vx=0.000 vy=0.000 wz=-0.558 action_rms=0.157 ready=1 userCmd=8 kbd=0 raw=0.000,0.000,-0.558 grav=-0.02,0.03,-0.98[0m
[0m[INFO] [1788580828.945548549, 437.532000000]: RL policy input vx=0.000 vy=0.000 wz=0.000 action_rms=0.140 ready=1 userCmd=0 kbd=0 raw=0.000,0.000,0.000 grav=-0.02,0.03,-0.98[0m
[0m[INFO] [1788580831.006128670, 439.540000000]: RL policy input vx=0.399 vy=0.301 wz=0.001 action_rms=0.416 ready=1 userCmd=8 kbd=0 raw=0.399,0.301,0.001 grav=-0.52,-0.02,-0.83[0m
[0m[INFO] [1788580833.053147938, 441.552000000]: RL policy input vx=0.589 vy=0.231 wz=0.018 action_rms=0.677 ready=1 userCmd=0 kbd=0 raw=0.589,0.231,0.018 grav=-0.46,-0.14,-0.85[0m
[0m[INFO] [1788580835.108305229, 443.570000000]: RL policy input vx=0.587 vy=0.235 wz=0.021 action_rms=0.605 ready=1 userCmd=0 kbd=0 raw=0.587,0.235,0.021 grav=-0.42,-0.17,-0.87[0m
[0m[INFO] [1788580837.178698682, 445.586000000]: RL policy input vx=0.000 vy=0.000 wz=0.000 action_rms=0.152 ready=1 userCmd=0 kbd=0 raw=0.000,0.000,0.000 grav=0.01,0.02,-0.98[0m
cuda::is_available():0
RL inference device: cpu (requested=hybrid, policy=plane)
[INFO] RL policy hot-switched from preload cache: /home/quinn/0904/runtime_assets/SimEnv/src/unitree_guide/logs/policy_act_inference_plane.pt
[FSM]: state: INIT
wait for goal.
[FSM]: state: INIT
wait for goal.
[INFO] [1788580812.112754, 421.126000]: Floor-2 stair controller armed by SECOND_FLOOR_EXPLORATION_COMPLETE.
[INFO] [1788580812.131905, 421.140000]: Robot is already 0.06 m from the pre-riser pose; skipping the corridor/side legs.
[INFO] [1788580812.132795, 421.140000]: Pre-ascent residual heading error -0.111 rad (visual_depth=False, bearing=none).
[INFO] [1788580812.792540, 421.780000]: Flight-A body settled for 0.37 s; waiting for joint RMS capture window <= 0.180 (current=0.270).
[INFO] [1788580812.832820, 421.820000]: Pre-ascent stand target set from flight-A pre-reload capture entry sample
[INFO] [1788580812.837238, 421.824000]: Flight-A plane gait settled at joint RMS 0.160; holding FixedStand for at least 0.1 s at snapshot pose before queued stair-policy entry.
[INFO] [1788580814.252785, 423.184000]: Flight-A FixedStand readiness gate complete; queued the stair policy for State_RL entry and retaining stand ownership for 0.25 s.
[INFO] [1788580814.519232, 423.442000]: Flight-A policy request has been queued under FixedStand; requesting RL so State_RL loads it before inference starts.
[INFO] [1788580815.222521, 424.122000]: Fresh RL readiness confirmed after the flight-A FixedStand boundary; starting the climb ramp.
[INFO] [1788580815.243895, 424.140000]: Flight-A fresh RL readiness observed; ascent clocks reset and 1.2 s climb ramp started.
[INFO] [1788580815.246350, 424.142000]: STPUB phase=STAIR_ASCENT world=(0.035,0.001,-0.034) body=(-0.002,-0.035,-0.034) truth_z=2.912 pose=2.911876230009605
[INFO] [1788580816.291719, 425.160000]: STPUB phase=STAIR_ASCENT world=(0.031,0.699,-0.028) body=(0.694,-0.087,-0.028) truth_z=2.929 pose=2.9291156469228623
[INFO] [1788580817.334610, 426.180000]: STPUB phase=STAIR_ASCENT world=(0.038,0.800,-0.017) body=(0.797,-0.077,-0.017) truth_z=3.042 pose=3.041465593551118
[INFO] [1788580818.396940, 427.200000]: STPUB phase=STAIR_ASCENT world=(0.000,0.600,-0.016) body=(0.599,-0.027,-0.016) truth_z=3.319 pose=3.3187668080147876
[INFO] [1788580819.448510, 428.220000]: STPUB phase=STAIR_ASCENT world=(0.051,0.800,-0.046) body=(0.786,-0.155,-0.046) truth_z=3.554 pose=3.5538683403874507
[INFO] [1788580820.481086, 429.240000]: STPUB phase=STAIR_ASCENT world=(0.045,0.800,-0.026) body=(0.795,-0.103,-0.026) truth_z=3.824 pose=3.8235742235610553
[INFO] [1788580821.517612, 430.260000]: STPUB phase=STAIR_ASCENT world=(0.047,0.800,-0.039) body=(0.790,-0.136,-0.039) truth_z=4.096 pose=4.096175886644171
[INFO] [1788580822.175234, 430.900000]: Intermediate landing entered at y=4.76 m; starting moving turn.
[INFO] [1788580822.577003, 431.280000]: STPUB phase=STAIR_LANDING_TURN world=(0.750,0.000,-1.200) body=(0.131,-0.738,-1.200) truth_z=4.229 pose=4.2289145589249095
[INFO] [1788580823.613425, 432.300000]: STPUB phase=STAIR_LANDING_TURN world=(0.750,0.000,-0.516) body=(0.669,-0.339,-0.516) truth_z=4.215 pose=4.215289782564166
[INFO] [1788580824.657068, 433.320000]: STPUB phase=STAIR_LANDING_TURN world=(0.350,0.000,-0.240) body=(0.345,-0.057,-0.240) truth_z=4.210 pose=4.210413352411684
[INFO] [1788580825.696145, 434.340000]: STPUB phase=STAIR_LANDING_TURN world=(0.300,0.000,-1.200) body=(0.299,0.019,-1.200) truth_z=4.215 pose=4.21451373701649
[INFO] [1788580826.730052, 435.360000]: STPUB phase=STAIR_LANDING_TURN world=(0.000,0.000,-0.649) body=(0.000,0.000,-0.649) truth_z=4.219 pose=4.218615716607827
[INFO] [1788580827.761645, 436.380000]: STPUB phase=STAIR_LANDING_TURN world=(0.000,0.000,-0.314) body=(0.000,0.000,-0.314) truth_z=4.231 pose=4.23065846162253
[INFO] [1788580828.788022, 437.380000]: Flight-B entry aligned: x error=-0.060 m, heading error=-0.150 rad.
[INFO] [1788580828.788966, 437.380000]: Flight-B entry joints saved (12 dofs) -> /home/quinn/0904/results/official_gui_s20260818_20260905_115210/flight_b_entry_joints_1.json
[INFO] [1788580828.808134, 437.400000]: ASCENT_B gate: entry_guide=True truth_pose=True start_z=2.912 profile=True heading=-1.571 pose_z=4.222079375136539 truth_z=4.222079375136539
[INFO] [1788580828.810584, 437.402000]: Pre-ascent RL settle: holding zero command until motion is stable for 0.6 s before FixedStand.
[INFO] [1788580828.812709, 437.404000]: Pre-ascent RL settle active: stable 0.00/0.60 s.
[INFO] [1788580829.428928, 438.000000]: Pre-ascent RL motion settled for 0.62 s; settle-only gate complete (FixedStand disabled).
[INFO] [1788580829.448277, 438.020000]: STPUB phase=STAIR_ASCENT_B world=(-0.032,-0.800,-0.077) body=(0.774,-0.206,-0.077) truth_z=4.218 pose=4.218058922280491
[INFO] [1788580829.863733, 438.420000]: ASCENT_B gate: entry_guide=True truth_pose=True start_z=2.912 profile=True heading=-1.571 pose_z=4.247316474751511 truth_z=4.247316474751511
[INFO] [1788580830.500878, 439.040000]: STPUB phase=STAIR_ASCENT_B world=(0.000,-0.600,-0.038) body=(0.597,-0.065,-0.038) truth_z=4.325 pose=4.3245240515525865
[INFO] [1788580830.904546, 439.440000]: ASCENT_B gate: entry_guide=True truth_pose=True start_z=2.912 profile=True heading=-1.571 pose_z=4.408148563597816 truth_z=4.408148563597816
[INFO] [1788580831.531008, 440.060000]: STPUB phase=STAIR_ASCENT_B world=(0.200,-0.600,0.030) body=(0.581,0.250,0.030) truth_z=4.519 pose=4.5189620134900474
[INFO] [1788580831.935112, 440.460000]: ASCENT_B gate: entry_guide=True truth_pose=True start_z=2.912 profile=True heading=-1.571 pose_z=4.628110917531858 truth_z=4.628110917531858
[INFO] [1788580832.574509, 441.080000]: STPUB phase=STAIR_ASCENT_B world=(-0.028,-0.800,0.014) body=(0.800,0.004,0.014) truth_z=4.775 pose=4.7746813738721805
[INFO] [1788580832.979110, 441.480000]: ASCENT_B gate: entry_guide=True truth_pose=True start_z=2.912 profile=True heading=-1.571 pose_z=4.872670187087093 truth_z=4.872670187087093
[INFO] [1788580833.603480, 442.100000]: STPUB phase=STAIR_ASCENT_B world=(0.200,-0.600,0.004) body=(0.598,0.206,0.004) truth_z=4.997 pose=4.996915724622848
[INFO] [1788580834.019220, 442.500000]: ASCENT_B gate: entry_guide=True truth_pose=True start_z=2.912 profile=True heading=-1.571 pose_z=5.048883651165933 truth_z=5.048883651165933
[INFO] [1788580834.655221, 443.120000]: STPUB phase=STAIR_ASCENT_B world=(0.200,-0.600,0.032) body=(0.579,0.254,0.032) truth_z=5.193 pose=5.192416008942731
[INFO] [1788580835.058253, 443.520000]: ASCENT_B gate: entry_guide=True truth_pose=True start_z=2.912 profile=True heading=-1.571 pose_z=5.270836727655723 truth_z=5.270836727655723
[INFO] [1788580835.696172, 444.140000]: STPUB phase=STAIR_ASCENT_B world=(0.000,-0.600,0.005) body=(0.600,0.009,0.005) truth_z=5.407 pose=5.406528294516962
[INFO] [1788580836.097873, 444.540000]: ASCENT_B gate: entry_guide=True truth_pose=True start_z=2.912 profile=True heading=-1.571 pose_z=5.474801298835679 truth_z=5.474801298835679
[INFO] [1788580836.733883, 445.160000]: STPUB phase=STAIR_ASCENT_B world=(0.000,-0.800,-0.011) body=(0.800,-0.025,-0.011) truth_z=5.506 pose=5.505507990499975
[INFO] [1788580836.772990, 445.200000]: Upper landing entered: gain=2.60 m, clearance=0.01 m; stabilizing for 0.5 s.
[INFO] [1788580837.275567, 445.680000]: Floor-3 landing confirmed after two flights: gain=2.60 m clearance=0.12 m.
[INFO] [1788580838.100651, 446.466000]: Plane policy acknowledged on the upper landing; releasing stair controller ownership.
[FSM]: state: INIT
wait for goal.
[FSM]: state: INIT
wait for goal.
[FSM]: state: INIT
wait for goal.
[FSM]: state: INIT
wait for goal.
[FSM]: state: INIT
wait for goal.
[FSM]: state: INIT
wait for goal.
[FSM]: state: INIT
wait for goal.
[FSM]: state: INIT
wait for goal.
[33m[WARN] [1788580847.634911500, 455.756000000]: Plane tilt guard scaling cmd_vel by 0.99 at tilt 0.141 rad[0m
[FSM]: state: INIT
wait for goal.
[FSM]: state: INIT
wait for goal.
[FSM]: state: INIT
wait for goal.
[FSM]: state: INIT
wait for goal.
[FSM]: state: INIT
wait for goal.
[FSM]: state: INIT
wait for goal.
[FSM]: state: INIT
wait for goal.
[FSM]: state: INIT
wait for goal.
[FSM]: state: INIT
wait for goal.
[FSM]: state: INIT
wait for goal.
[FSM]: state: INIT
wait for goal.
[FSM]: state: INIT
wait for goal.
[FSM]: state: INIT
wait for goal.
[FSM]: state: INIT
wait for goal.
[FSM]: state: INIT
wait for goal.
[FSM]: state: INIT
wait for goal.
[FSM]: state: INIT
wait for goal.
[FSM]: state: INIT
wait for goal.
[FSM]: state: INIT
wait for goal.
[FSM]: state: INIT
wait for goal.
[FSM]: state: INIT
wait for goal.
[FSM]: state: INIT
wait for goal.
[FSM]: state: INIT
wait for goal.
[FSM]: state: INIT
wait for goal.
[FSM]: state: INIT
wait for goal.
[FSM]: state: INIT
wait for goal.
[FSM]: state: INIT
wait for goal.
[FSM]: state: INIT
wait for goal.
[FSM]: state: INIT
wait for goal.
[FSM]: state: INIT
wait for goal.
[FSM]: state: INIT
wait for goal.
[FSM]: state: INIT
wait for goal.
[FSM]: state: INIT
wait for goal.
[FSM]: state: INIT
wait for goal.
[0m[INFO] [1788580838.000196415, 446.370000000]: RL locomotion_ready latched after 0.66 s takeover and 0.29 s stable hold[0m
[0m[INFO] [1788580839.244445078, 447.592000000]: RL policy input vx=0.000 vy=0.000 wz=1.150 action_rms=0.271 ready=1 userCmd=0 kbd=0 raw=0.000,0.000,1.150 grav=0.01,0.00,-0.98[0m
[0m[INFO] [1788580841.295196657, 449.592000000]: RL policy input vx=0.385 vy=0.000 wz=0.146 action_rms=0.165 ready=1 userCmd=0 kbd=0 raw=0.385,0.000,0.146 grav=0.00,-0.01,-0.98[0m
[0m[INFO] [1788580843.346889524, 451.598000000]: RL policy input vx=0.000 vy=0.000 wz=1.150 action_rms=0.209 ready=1 userCmd=0 kbd=0 raw=0.000,0.000,1.150 grav=0.04,-0.04,-0.98[0m
[0m[INFO] [1788580845.386049084, 453.610000000]: RL policy input vx=0.371 vy=0.000 wz=0.144 action_rms=0.196 ready=1 userCmd=0 kbd=0 raw=0.371,0.000,0.144 grav=0.00,-0.01,-0.98[0m
[0m[INFO] [1788580847.481158684, 455.614000000]: RL policy input vx=2.250 vy=0.000 wz=0.004 action_rms=0.323 ready=1 userCmd=0 kbd=0 raw=2.250,0.000,0.004 grav=-0.00,0.02,-0.98[0m
[0m[INFO] [1788580849.632246078, 457.622000000]: RL policy input vx=2.249 vy=0.000 wz=0.026 action_rms=0.221 ready=1 userCmd=0 kbd=0 raw=2.249,0.000,0.026 grav=-0.01,-0.09,-0.98[0m
[0m[INFO] [1788580851.757279643, 459.630000000]: RL policy input vx=2.240 vy=0.000 wz=0.106 action_rms=0.343 ready=1 userCmd=0 kbd=0 raw=2.240,0.000,0.106 grav=0.01,0.01,-0.98[0m
[0m[INFO] [1788580853.830386915, 461.642000000]: RL policy input vx=0.000 vy=0.000 wz=0.314 action_rms=0.195 ready=1 userCmd=0 kbd=0 raw=0.000,0.000,0.314 grav=0.09,-0.07,-0.97[0m
[0m[INFO] [1788580855.899535611, 463.646000000]: RL policy input vx=0.178 vy=0.000 wz=0.585 action_rms=0.192 ready=1 userCmd=0 kbd=0 raw=0.178,0.000,0.585 grav=0.03,0.01,-0.98[0m
[0m[INFO] [1788580858.039342948, 465.658000000]: RL policy input vx=0.449 vy=0.000 wz=0.065 action_rms=0.154 ready=1 userCmd=0 kbd=0 raw=0.449,0.000,0.065 grav=0.00,-0.02,-0.98[0m
[0m[INFO] [1788580860.179169743, 467.674000000]: RL policy input vx=0.450 vy=0.000 wz=-0.004 action_rms=0.190 ready=1 userCmd=0 kbd=0 raw=0.450,0.000,-0.004 grav=0.01,-0.02,-0.98[0m
[0m[INFO] [1788580862.321200487, 469.676000000]: RL policy input vx=0.899 vy=-0.046 wz=-0.056 action_rms=0.170 ready=1 userCmd=0 kbd=0 raw=0.899,-0.046,-0.056 grav=-0.01,-0.02,-0.98[0m
[0m[INFO] [1788580864.440648448, 471.680000000]: RL policy input vx=0.900 vy=0.003 wz=0.004 action_rms=0.349 ready=1 userCmd=0 kbd=0 raw=0.900,0.003,0.004 grav=-0.01,-0.03,-0.98[0m
[0m[INFO] [1788580866.577231830, 473.692000000]: RL policy input vx=0.000 vy=0.000 wz=0.501 action_rms=0.161 ready=1 userCmd=0 kbd=0 raw=0.000,0.000,0.501 grav=0.03,-0.01,-0.98[0m
[0m[INFO] [1788580868.674314324, 475.704000000]: RL policy input vx=0.000 vy=0.000 wz=2.403 action_rms=0.470 ready=1 userCmd=0 kbd=0 raw=0.000,0.000,2.403 grav=0.02,0.01,-0.98[0m
[0m[INFO] [1788580870.735772563, 477.704000000]: RL policy input vx=0.000 vy=0.000 wz=1.500 action_rms=0.357 ready=1 userCmd=0 kbd=0 raw=0.000,0.000,1.500 grav=0.01,-0.00,-0.98[0m
[0m[INFO] [1788580872.813840689, 479.716000000]: RL policy input vx=0.869 vy=0.234 wz=0.289 action_rms=0.184 ready=1 userCmd=0 kbd=0 raw=0.869,0.234,0.289 grav=-0.00,0.06,-0.98[0m
[0m[INFO] [1788580874.863531526, 481.722000000]: RL policy input vx=0.722 vy=0.033 wz=0.050 action_rms=0.235 ready=1 userCmd=0 kbd=0 raw=0.722,0.033,0.050 grav=-0.00,-0.03,-0.98[0m
[0m[INFO] [1788580876.973246478, 483.740000000]: RL policy input vx=0.000 vy=0.000 wz=-2.900 action_rms=0.187 ready=1 userCmd=0 kbd=0 raw=0.000,0.000,-2.900 grav=0.01,0.00,-0.98[0m
[0m[INFO] [1788580879.027735191, 485.742000000]: RL policy input vx=0.620 vy=0.750 wz=0.285 action_rms=0.147 ready=1 userCmd=0 kbd=0 raw=0.620,0.750,0.285 grav=-0.02,-0.07,-0.98[0m
[0m[INFO] [1788580881.076829552, 487.758000000]: RL policy input vx=0.293 vy=0.062 wz=0.230 action_rms=0.273 ready=1 userCmd=0 kbd=0 raw=0.293,0.062,0.230 grav=0.04,0.01,-0.98[0m
[0m[INFO] [1788580883.123161779, 489.770000000]: RL policy input vx=0.000 vy=0.000 wz=-0.194 action_rms=0.158 ready=1 userCmd=0 kbd=0 raw=0[FSM]: state: INIT
wait for goal.
[FSM]: state: INIT
wait for goal.
[FSM]: state: INIT
wait for goal.
[FSM]: state: INIT
wait for goal.
[FSM]: state: INIT
wait for goal.
[FSM]: state: INIT
wait for goal.
[FSM]: state: INIT
wait for goal.
[FSM]: state: INIT
wait for goal.
[FSM]: state: INIT
wait for goal.
[FSM]: state: INIT
wait for goal.
[FSM]: state: INIT
wait for goal.
[FSM]: state: INIT
wait for goal.
[FSM]: state: INIT
wait for goal.
[FSM]: state: INIT
wait for goal.
[FSM]: state: INIT
wait for goal.
[FSM]: state: INIT
wait for goal.
[FSM]: state: INIT
wait for goal.
[FSM]: state: INIT
wait for goal.
[FSM]: state: INIT
wait for goal.
[FSM]: state: INIT
wait for goal.
[FSM]: state: INIT
wait for goal.
[FSM]: state: INIT
wait for goal.
[FSM]: state: INIT
wait for goal.
[FSM]: state: INIT
wait for goal.
[FSM]: state: INIT
wait for goal.
[FSM]: state: INIT
wait for goal.
[FSM]: state: INIT
wait for goal.
[33m[WARN] [1788580911.171738951, 517.006000000]: Plane tilt guard scaling cmd_vel by 0.99 at tilt 0.141 rad[0m
[FSM]: state: INIT
wait for goal.
[FSM]: state: INIT
wait for goal.
[FSM]: state: INIT
wait for goal.
[FSM]: state: INIT
wait for goal.
[FSM]: state: INIT
wait for goal.
[FSM]: state: INIT
wait for goal.
[FSM]: state: INIT
wait for goal.
[FSM]: state: INIT
wait for goal.
[FSM]: state: INIT
wait for goal.
[FSM]: state: INIT
wait for goal.
[FSM]: state: INIT
wait for goal.
[33m[WARN] [1788580922.090007019, 527.314000000]: Plane tilt guard scaling cmd_vel by 0.89 at tilt 0.154 rad[0m
[FSM]: state: INIT
wait for goal.
[FSM]: state: INIT
wait for goal.
[FSM]: state: INIT
wait for goal.
[FSM]: state: INIT
wait for goal.
[33m[WARN] [1788580926.306144026, 531.490000000]: Plane tilt guard scaling cmd_vel by 0.99 at tilt 0.142 rad[0m
[FSM]: state: INIT
wait for goal.
[FSM]: state: INIT
wait for goal.
[FSM]: state: INIT
wait for goal.
[FSM]: state: INIT
wait for goal.
.000,0.000,-0.194 grav=0.00,0.01,-0.98[0m
[0m[INFO] [1788580885.148169056, 491.770000000]: RL policy input vx=0.449 vy=0.000 wz=-0.071 action_rms=0.219 ready=1 userCmd=0 kbd=0 raw=0.449,0.000,-0.071 grav=0.01,-0.02,-0.98[0m
[0m[INFO] [1788580887.207063465, 493.788000000]: RL policy input vx=0.451 vy=0.095 wz=0.068 action_rms=0.237 ready=1 userCmd=0 kbd=0 raw=0.451,0.095,0.068 grav=0.02,-0.02,-0.98[0m
[0m[INFO] [1788580889.252522206, 495.804000000]: RL policy input vx=0.450 vy=0.000 wz=0.022 action_rms=0.158 ready=1 userCmd=0 kbd=0 raw=0.450,0.000,0.022 grav=0.02,-0.01,-0.98[0m
[0m[INFO] [1788580891.302945094, 497.812000000]: RL policy input vx=0.450 vy=0.000 wz=-0.009 action_rms=0.164 ready=1 userCmd=0 kbd=0 raw=0.450,0.000,-0.009 grav=0.01,-0.01,-0.98[0m
[0m[INFO] [1788580893.364685863, 499.826000000]: RL policy input vx=0.895 vy=0.098 wz=0.120 action_rms=0.157 ready=1 userCmd=0 kbd=0 raw=0.895,0.098,0.120 grav=-0.00,0.01,-0.98[0m
[0m[INFO] [1788580895.399754511, 501.842000000]: RL policy input vx=0.900 vy=0.011 wz=0.014 action_rms=0.296 ready=1 userCmd=0 kbd=0 raw=0.900,0.011,0.014 grav=-0.00,-0.02,-0.98[0m
[0m[INFO] [1788580897.460198512, 503.858000000]: RL policy input vx=0.344 vy=-0.006 wz=-0.020 action_rms=0.271 ready=1 userCmd=0 kbd=0 raw=0.344,-0.006,-0.020 grav=0.02,-0.02,-0.98[0m
[0m[INFO] [1788580899.505257058, 505.862000000]: RL policy input vx=0.000 vy=0.000 wz=-2.900 action_rms=0.173 ready=1 userCmd=0 kbd=0 raw=0.000,0.000,-2.900 grav=0.00,-0.00,-0.98[0m
[0m[INFO] [1788580901.584526800, 507.874000000]: RL policy input vx=0.000 vy=0.000 wz=1.150 action_rms=0.150 ready=1 userCmd=0 kbd=0 raw=0.000,0.000,1.150 grav=0.01,0.00,-0.98[0m
[0m[INFO] [1788580903.695932532, 509.876000000]: RL policy input vx=1.016 vy=0.555 wz=0.550 action_rms=0.269 ready=1 userCmd=0 kbd=0 raw=1.016,0.555,0.550 grav=-0.02,0.04,-0.98[0m
[0m[INFO] [1788580905.844710848, 511.892000000]: RL policy input vx=0.376 vy=0.091 wz=0.262 action_rms=0.183 ready=1 userCmd=0 kbd=0 raw=0.376,0.091,0.262 grav=0.02,0.02,-0.98[0m
[0m[INFO] [1788580907.914090683, 513.894000000]: RL policy input vx=0.295 vy=0.054 wz=0.198 action_rms=0.181 ready=1 userCmd=0 kbd=0 raw=0.295,0.054,0.198 grav=0.02,0.00,-0.98[0m
[0m[INFO] [1788580910.001714519, 515.900000000]: RL policy input vx=0.000 vy=0.000 wz=2.900 action_rms=0.181 ready=1 userCmd=0 kbd=0 raw=0.000,0.000,2.900 grav=0.05,0.01,-0.98[0m
[0m[INFO] [1788580912.115401365, 517.908000000]: RL policy input vx=0.699 vy=-0.750 wz=-0.902 action_rms=0.190 ready=1 userCmd=0 kbd=0 raw=0.699,-0.750,-0.902 grav=-0.00,-0.01,-0.98[0m
[0m[INFO] [1788580914.269424975, 519.916000000]: RL policy input vx=0.000 vy=0.000 wz=0.291 action_rms=0.194 ready=1 userCmd=0 kbd=0 raw=0.000,0.000,0.291 grav=0.03,-0.03,-0.98[0m
[0m[INFO] [1788580916.431285686, 521.928000000]: RL policy input vx=0.450 vy=0.000 wz=0.037 action_rms=0.157 ready=1 userCmd=0 kbd=0 raw=0.450,0.000,0.037 grav=0.01,-0.01,-0.98[0m
[0m[INFO] [1788580918.577195959, 523.946000000]: RL policy input vx=0.300 vy=0.000 wz=-0.023 action_rms=0.175 ready=1 userCmd=0 kbd=0 raw=0.300,0.000,-0.023 grav=0.01,-0.02,-0.98[0m
[0m[INFO] [1788580920.684908295, 525.954000000]: RL policy input vx=0.912 vy=-0.450 wz=-0.504 action_rms=0.415 ready=1 userCmd=0 kbd=0 raw=0.912,-0.450,-0.504 grav=-0.03,-0.03,-0.98[0m
[0m[INFO] [1788580922.751185947, 527.968000000]: RL policy input vx=2.235 vy=-0.262 wz=-0.128 action_rms=0.343 ready=1 userCmd=0 kbd=0 raw=2.235,-0.262,-0.128 grav=0.00,-0.02,-0.98[0m
[0m[INFO] [1788580924.784889310, 529.976000000]: RL policy input vx=2.250 vy=0.027 wz=0.013 action_rms=0.364 ready=1 userCmd=0 kbd=0 raw=2.250,0.027,0.013 grav=-0.01,-0.01,-0.98[0m
[0m[INFO] [1788580926.801457564, 531.980000000]: RL policy input vx=2.237 vy=0.245 wz=0.120 action_rms=0.293 ready=1 userCmd=0 kbd=0 raw=2.237,0.245,0.120 grav=-0.03,-0.02,-0.98[0m
[0m[INFO] [1788580928.825998109, 533.992000000]: RL policy input vx=0.412 vy=0.562 wz=1.032 action_rms=0.284 ready=1 userCmd=0 kbd=0 raw=0.412,0.562,1.032 grav=0.07,-0.03,-0.98[0m
[0m[INFO] [1788580930.8[FSM]: state: INIT
wait for goal.
[FSM]: state: INIT
wait for goal.
[FSM]: state: INIT
wait for goal.
[FSM]: state: INIT
wait for goal.
[FSM]: state: INIT
wait for goal.
[FSM]: state: INIT
wait for goal.
[FSM]: state: INIT
wait for goal.
[FSM]: state: INIT
wait for goal.
[FSM]: state: INIT
wait for goal.
[FSM]: state: INIT
wait for goal.
[FSM]: state: INIT
wait for goal.
[FSM]: state: INIT
wait for goal.
[FSM]: state: INIT
wait for goal.
[FSM]: state: INIT
wait for goal.
[FSM]: state: INIT
wait for goal.
[FSM]: state: INIT
wait for goal.
[FSM]: state: INIT
wait for goal.
[FSM]: state: INIT
wait for goal.
[FSM]: state: INIT
wait for goal.
[FSM]: state: INIT
wait for goal.
[FSM]: state: INIT
wait for goal.
[33m[WARN] [1788580951.761132892, 556.436000000]: Plane tilt guard scaling cmd_vel by 0.98 at tilt 0.142 rad[0m
[FSM]: state: INIT
wait for goal.
[FSM]: state: INIT
wait for goal.
[FSM]: state: INIT
wait for goal.
[FSM]: state: INIT
wait for goal.
[FSM]: state: INIT
wait for goal.
[FSM]: state: INIT
wait for goal.
[FSM]: state: INIT
wait for goal.
[FSM]: state: INIT
wait for goal.
[FSM]: state: INIT
wait for goal.
[FSM]: state: INIT
wait for goal.
[FSM]: state: INIT
wait for goal.
[FSM]: state: INIT
wait for goal.
[FSM]: state: INIT
wait for goal.
[FSM]: state: INIT
wait for goal.
[FSM]: state: INIT
wait for goal.
[FSM]: state: INIT
wait for goal.
[FSM]: state: INIT
wait for goal.
[FSM]: state: INIT
wait for goal.
[FSM]: state: INIT
wait for goal.
[FSM]: state: INIT
wait for goal.
[FSM]: state: INIT
wait for goal.
[FSM]: state: INIT
wait for goal.
[FSM]: state: INIT
wait for goal.
[FSM]: state: INIT
wait for goal.
55065474, 535.994000000]: RL policy input vx=0.446 vy=0.000 wz=0.144 action_rms=0.176 ready=1 userCmd=0 kbd=0 raw=0.446,0.000,0.144 grav=0.00,-0.00,-0.98[0m
[0m[INFO] [1788580932.880481725, 537.996000000]: RL policy input vx=0.450 vy=0.000 wz=0.012 action_rms=0.224 ready=1 userCmd=0 kbd=0 raw=0.450,0.000,0.012 grav=0.01,-0.02,-0.98[0m
[0m[INFO] [1788580934.921391531, 540.004000000]: RL policy input vx=0.890 vy=-0.131 wz=-0.160 action_rms=0.212 ready=1 userCmd=0 kbd=0 raw=0.890,-0.131,-0.160 grav=-0.02,-0.02,-0.98[0m
[0m[INFO] [1788580936.953782672, 542.022000000]: RL policy input vx=0.900 vy=-0.012 wz=-0.015 action_rms=0.161 ready=1 userCmd=0 kbd=0 raw=0.900,-0.012,-0.015 grav=0.01,-0.02,-0.98[0m
[0m[INFO] [1788580938.983633362, 544.024000000]: RL policy input vx=0.743 vy=-0.003 wz=-0.004 action_rms=0.151 ready=1 userCmd=0 kbd=0 raw=0.743,-0.003,-0.004 grav=0.01,-0.02,-0.98[0m
[0m[INFO] [1788580941.002312380, 546.026000000]: RL policy input vx=0.000 vy=0.000 wz=2.900 action_rms=0.201 ready=1 userCmd=0 kbd=0 raw=0.000,0.000,2.900 grav=0.03,0.00,-0.98[0m
[0m[INFO] [1788580943.039405548, 548.030000000]: RL policy input vx=0.000 vy=0.000 wz=-0.434 action_rms=0.156 ready=1 userCmd=0 kbd=0 raw=0.000,0.000,-0.434 grav=0.02,-0.00,-0.98[0m
[0m[INFO] [1788580945.109373903, 550.038000000]: RL policy input vx=0.629 vy=-0.550 wz=-0.778 action_rms=0.170 ready=1 userCmd=0 kbd=0 raw=0.629,-0.550,-0.778 grav=-0.01,0.03,-0.98[0m
[0m[INFO] [1788580947.200821083, 552.040000000]: RL policy input vx=0.896 vy=-0.081 wz=-0.099 action_rms=0.273 ready=1 userCmd=0 kbd=0 raw=0.896,-0.081,-0.099 grav=0.01,-0.05,-0.98[0m
[0m[INFO] [1788580949.315377107, 554.056000000]: RL policy input vx=0.000 vy=0.000 wz=-1.341 action_rms=0.141 ready=1 userCmd=0 kbd=0 raw=0.000,0.000,-1.341 grav=0.03,-0.01,-0.98[0m
[0m[INFO] [1788580951.392945704, 556.072000000]: RL policy input vx=0.601 vy=0.151 wz=-1.604 action_rms=0.218 ready=1 userCmd=0 kbd=0 raw=0.601,0.151,-1.604 grav=-0.02,0.01,-0.98[0m
[0m[INFO] [1788580953.471658848, 558.084000000]: RL policy input vx=1.537 vy=0.525 wz=0.333 action_rms=0.293 ready=1 userCmd=0 kbd=0 raw=1.537,0.525,0.333 grav=-0.02,0.10,-0.97[0m
[0m[INFO] [1788580955.519466984, 560.094000000]: RL policy input vx=0.000 vy=0.000 wz=-0.387 action_rms=0.192 ready=1 userCmd=0 kbd=0 raw=0.000,0.000,-0.387 grav=0.01,-0.00,-0.98[0m
[0m[INFO] [1788580957.594034740, 562.100000000]: RL policy input vx=0.448 vy=0.000 wz=-0.098 action_rms=0.157 ready=1 userCmd=0 kbd=0 raw=0.448,0.000,-0.098 grav=-0.00,-0.01,-0.98[0m
[0m[INFO] [1788580959.632505831, 564.108000000]: RL policy input vx=0.449 vy=0.000 wz=-0.067 action_rms=0.199 ready=1 userCmd=0 kbd=0 raw=0.449,0.000,-0.067 grav=0.01,-0.01,-0.98[0m
[0m[INFO] [1788580961.665114617, 566.108000000]: RL policy input vx=0.449 vy=0.000 wz=0.052 action_rms=0.191 ready=1 userCmd=0 kbd=0 raw=0.449,0.000,0.052 grav=0.04,-0.02,-0.98[0m
[0m[INFO] [1788580963.700240964, 568.120000000]: RL policy input vx=0.450 vy=0.000 wz=-0.004 action_rms=0.154 ready=1 userCmd=0 kbd=0 raw=0.450,0.000,-0.004 grav=0.01,-0.01,-0.98[0m
[0m[INFO] [1788580965.738183938, 570.136000000]: RL policy input vx=0.873 vy=0.218 wz=0.269 action_rms=0.372 ready=1 userCmd=0 kbd=0 raw=0.873,0.218,0.269 grav=-0.02,-0.01,-0.98[0m
[0m[INFO] [1788580967.804229641, 572.144000000]: RL policy input vx=0.900 vy=0.024 wz=0.030 action_rms=0.204 ready=1 userCmd=0 kbd=0 raw=0.900,0.024,0.030 grav=-0.01,-0.01,-0.98[0m
[0m[INFO] [1788580969.850611153, 574.162000000]: RL policy input vx=0.814 vy=0.003 wz=0.004 action_rms=0.134 ready=1 userCmd=0 kbd=0 raw=0.814,0.003,0.004 grav=0.01,-0.02,-0.98[0m
[0m[INFO] [1788580971.909310763, 576.180000000]: RL policy input vx=0.000 vy=0.000 wz=-2.900 action_rms=0.188 ready=1 userCmd=0 kbd=0 raw=0.000,0.000,-2.900 grav=0.01,0.02,-0.98[0m
[0m[INFO] [1788580973.962175423, 578.194000000]: RL policy input vx=0.000 vy=0.000 wz=0.111 action_rms=0.158 ready=1 userCmd=0 kbd=0 raw=0.000,0.000,0.111 grav=0.01,0.00,-0.98[0m
[0m[INFO] [1788580976.010117458, 580.196000000]: RL policy input vx=0.441 vy=0[FSM]: state: INIT
wait for goal.
[FSM]: state: INIT
wait for goal.
[FSM]: state: INIT
wait for goal.
[FSM]: state: INIT
wait for goal.
[FSM]: state: INIT
wait for goal.
[FSM]: state: INIT
wait for goal.
[FSM]: state: INIT
wait for goal.
[FSM]: state: INIT
wait for goal.
[FSM]: state: INIT
wait for goal.
[FSM]: state: INIT
wait for goal.
[FSM]: state: INIT
wait for goal.
[FSM]: state: INIT
wait for goal.
[FSM]: state: INIT
wait for goal.
[FSM]: state: INIT
wait for goal.
[FSM]: state: INIT
wait for goal.
[FSM]: state: INIT
wait for goal.
[FSM]: state: INIT
wait for goal.
[33m[WARN] [1788580993.779333107, 597.684000000]: Plane tilt guard scaling cmd_vel by 0.87 at tilt 0.157 rad[0m
[FSM]: state: INIT
wait for goal.
[33m[WARN] [1788580995.173118535, 599.054000000]: Plane tilt guard scaling cmd_vel by 0.89 at tilt 0.154 rad[0m
[FSM]: state: INIT
wait for goal.
[FSM]: state: INIT
wait for goal.
[FSM]: state: INIT
wait for goal.
[33m[WARN] [1788580997.628922130, 601.478000000]: Plane tilt guard scaling cmd_vel by 1.00 at tilt 0.140 rad[0m
[FSM]: state: INIT
wait for goal.
[FSM]: state: INIT
wait for goal.
[FSM]: state: INIT
wait for goal.
[FSM]: state: INIT
wait for goal.
[33m[WARN] [1788581001.806841797, 605.590000000]: Plane tilt guard scaling cmd_vel by 0.79 at tilt 0.168 rad[0m
[FSM]: state: INIT
wait for goal.
[FSM]: state: INIT
wait for goal.
[FSM]: state: INIT
wait for goal.
[FSM]: state: INIT
wait for goal.
[33m[WARN] [1788581005.489623172, 609.222000000]: Plane tilt guard scaling cmd_vel by 0.96 at tilt 0.145 rad[0m
[FSM]: state: INIT
wait for goal.
[FSM]: state: INIT
wait for goal.
[FSM]: state: INIT
wait for goal.
[FSM]: state: INIT
wait for goal.
[FSM]: state: INIT
wait for goal.
[FSM]: state: INIT
wait for goal.
[FSM]: state: INIT
wait for goal.
[FSM]: state: INIT
wait for goal.
[FSM]: state: INIT
wait for goal.
[FSM]: state: INIT
wait for goal.
[FSM]: state: INIT
wait for goal.
[FSM]: state: INIT
wait for goal.
.550 wz=0.985 action_rms=0.166 ready=1 userCmd=0 kbd=0 raw=0.441,0.550,0.985 grav=0.01,-0.03,-0.98[0m
[0m[INFO] [1788580978.076330010, 582.200000000]: RL policy input vx=0.896 vy=0.080 wz=0.098 action_rms=0.188 ready=1 userCmd=0 kbd=0 raw=0.896,0.080,0.098 grav=0.00,0.00,-0.98[0m
[0m[INFO] [1788580980.101465831, 584.200000000]: RL policy input vx=0.000 vy=0.000 wz=1.070 action_rms=0.216 ready=1 userCmd=0 kbd=0 raw=0.000,0.000,1.070 grav=0.02,-0.01,-0.98[0m
[0m[INFO] [1788580982.146257699, 586.208000000]: RL policy input vx=0.221 vy=0.221 wz=1.929 action_rms=0.159 ready=1 userCmd=0 kbd=0 raw=0.221,0.221,1.929 grav=0.02,0.01,-0.98[0m
[0m[INFO] [1788580984.172945370, 588.212000000]: RL policy input vx=0.847 vy=-0.239 wz=-0.323 action_rms=0.426 ready=1 userCmd=0 kbd=0 raw=0.847,-0.239,-0.323 grav=-0.00,-0.06,-0.98[0m
[0m[INFO] [1788580986.209999227, 590.224000000]: RL policy input vx=0.447 vy=0.000 wz=0.131 action_rms=0.215 ready=1 userCmd=0 kbd=0 raw=0.447,0.000,0.131 grav=-0.01,0.00,-0.98[0m
[0m[INFO] [1788580988.252037761, 592.242000000]: RL policy input vx=0.450 vy=0.000 wz=-0.001 action_rms=0.167 ready=1 userCmd=0 kbd=0 raw=0.450,0.000,-0.001 grav=0.01,-0.02,-0.98[0m
[0m[INFO] [1788580990.280055007, 594.248000000]: RL policy input vx=0.393 vy=0.000 wz=0.377 action_rms=0.182 ready=1 userCmd=0 kbd=0 raw=0.393,0.000,0.377 grav=-0.00,-0.03,-0.98[0m
[0m[INFO] [1788580992.325330085, 596.268000000]: RL policy input vx=2.190 vy=0.515 wz=0.254 action_rms=0.241 ready=1 userCmd=0 kbd=0 raw=2.190,0.515,0.254 grav=-0.02,0.00,-0.98[0m
[0m[INFO] [1788580994.387749547, 598.278000000]: RL policy input vx=2.240 vy=0.211 wz=0.103 action_rms=0.360 ready=1 userCmd=0 kbd=0 raw=2.240,0.211,0.103 grav=-0.01,-0.04,-0.98[0m
[0m[INFO] [1788580996.426235296, 600.292000000]: RL policy input vx=2.246 vy=0.141 wz=0.069 action_rms=0.305 ready=1 userCmd=0 kbd=0 raw=2.246,0.141,0.069 grav=0.03,0.06,-0.98[0m
[0m[INFO] [1788580998.472036246, 602.308000000]: RL policy input vx=2.242 vy=0.190 wz=0.093 action_rms=0.339 ready=1 userCmd=0 kbd=0 raw=2.242,0.190,0.093 grav=-0.01,-0.00,-0.98[0m
[0m[INFO] [1788581000.519247942, 604.312000000]: RL policy input vx=2.248 vy=0.099 wz=0.049 action_rms=0.262 ready=1 userCmd=0 kbd=0 raw=2.248,0.099,0.049 grav=-0.00,-0.07,-0.98[0m
[0m[INFO] [1788581002.560569678, 606.326000000]: RL policy input vx=1.016 vy=0.183 wz=0.236 action_rms=0.305 ready=1 userCmd=0 kbd=0 raw=1.016,0.183,0.236 grav=0.08,-0.09,-0.97[0m
[0m[INFO] [1788581004.582135323, 608.326000000]: RL policy input vx=1.839 vy=-0.201 wz=-0.120 action_rms=0.309 ready=1 userCmd=0 kbd=0 raw=1.839,-0.201,-0.120 grav=0.01,-0.05,-0.98[0m
[0m[INFO] [1788581006.607612329, 610.326000000]: RL policy input vx=1.848 vy=-0.079 wz=-0.047 action_rms=0.212 ready=1 userCmd=0 kbd=0 raw=1.848,-0.079,-0.047 grav=0.02,-0.11,-0.97[0m
[0m[INFO] [1788581008.646329849, 612.340000000]: RL policy input vx=0.000 vy=0.000 wz=-1.000 action_rms=0.197 ready=1 userCmd=0 kbd=0 raw=0.000,0.000,-1.000 grav=0.07,-0.00,-0.98[0m
[0m[INFO] [1788581010.683473002, 614.348000000]: RL policy input vx=0.000 vy=0.000 wz=-0.239 action_rms=0.137 ready=1 userCmd=0 kbd=0 raw=0.000,0.000,-0.239 grav=0.01,0.00,-0.98[0m
[0m[INFO] [1788581012.717053533, 616.360000000]: RL policy input vx=1.225 vy=0.000 wz=-0.109 action_rms=0.227 ready=1 userCmd=0 kbd=0 raw=1.225,0.000,-0.109 grav=-0.01,-0.04,-0.98[0m
[0m[INFO] [1788581014.740612920, 618.362000000]: RL policy input vx=0.000 vy=0.000 wz=-0.600 action_rms=0.150 ready=1 userCmd=0 kbd=0 raw=0.000,0.000,-0.600 grav=0.01,0.01,-0.98[0m
[0m[INFO] [1788581016.789878660, 620.368000000]: RL policy input vx=0.000 vy=0.000 wz=0.000 action_rms=0.157 ready=1 userCmd=0 kbd=0 raw=0.000,0.000,0.000 grav=-0.00,-0.00,-0.98[0m
stop the controller
terminate called after throwing an instance of 'boost::wrapexcept<boost::lock_error>'
  what():  boost: mutex lock failed in pthread_mutex_lock: Invalid argument
des manager
[ERROR] [1788581015.903866, 619.504000]: Three-floor RL mission failed: upstream_failure:/scanplanner/route_state:{"floor": 3, "phase": "THREE_FLOOR_ROUTE_FAILED", "reason": "exploration_deadline_exceeded_600.0s", "wall_time": 1788581015.588}
[INFO] [1788580373.706400, 0.000000]: danger_detector: loaded 12 room boundaries; scan margin=0.50 m
[INFO] [1788580379.312342, 0.156000]: danger_detector: first rendered RGB frame ready (320x240)
[INFO] [1788580398.950940, 19.106000]: danger_detector: exploration clock started after preparation
[INFO] [1788580433.814486, 52.422000]: danger_detector: scan batch label=floor_0_room_0_g3 raw=0 min_points=3 clusters=[]
[INFO] [1788580442.643077, 61.064000]: danger_detector: scan batch label=floor_0_room_0_g4 raw=0 min_points=3 clusters=[]
[INFO] [1788580467.637854, 85.478000]: danger_detector: scan batch label=floor_0_room_1_g3 raw=0 min_points=3 clusters=[]
[INFO] [1788580480.908396, 98.418000]: danger_detector: scan batch label=floor_0_room_1_g4 raw=0 min_points=3 clusters=[]
[INFO] [1788580515.345538, 131.602000]: danger_detector: scan batch label=floor_0_room_2_g3 raw=0 min_points=3 clusters=[]
[INFO] [1788580524.476286, 140.542000]: danger_detector: scan batch label=floor_0_room_2_g4 raw=0 min_points=3 clusters=[]
[INFO] [1788580546.378574, 162.064000]: danger_detector: scan batch label=floor_0_room_3_g3 raw=0 min_points=3 clusters=[]
[INFO] [1788580555.510834, 170.992000]: danger_detector: scan batch label=floor_0_room_3_g4 raw=1 min_points=3 clusters=[]
[INFO] [1788580555.512162, 170.992000]: danger_detector: requested one bounded rescan for floor_0_room_3 at floor_0_room_3_g4
[INFO] [1788580558.290895, 173.702000]: danger_detector: confirmed red sphere #1 at [4.6895, 31.6907, 0.15], t=154.60s, stage=floor_1_exploration
[INFO] [1788580559.432083, 174.812000]: danger_detector: scan batch label=floor_0_room_3_g4 raw=3 min_points=3 clusters=[(4.626400062132523, 31.241074016750357)]
[INFO] [1788580651.697443, 264.456000]: danger_detector: confirmed red sphere #2 at [-2.9341, 14.0051, 2.75], t=245.35s, stage=floor_2_exploration
[INFO] [1788580652.015216, 264.766000]: danger_detector: scan batch label=floor_1_room_0_g3 raw=4 min_points=3 clusters=[(-2.876603793683528, 13.97479342278552)]
[INFO] [1788580660.746947, 273.352000]: danger_detector: scan batch label=floor_1_room_0_g4 raw=0 min_points=3 clusters=[]
[INFO] [1788580688.165746, 300.280000]: danger_detector: scan batch label=floor_1_room_1_g3 raw=0 min_points=3 clusters=[]
[INFO] [1788580700.446620, 312.082000]: danger_detector: confirmed red sphere #3 at [1.8922, 20.809, 2.75], t=292.98s, stage=floor_2_exploration
[INFO] [1788580701.437648, 313.064000]: danger_detector: scan batch label=floor_1_room_1_g4 raw=5 min_points=3 clusters=[(1.9084266051120475, 20.722102732321254)]
[INFO] [1788580736.287158, 347.214000]: danger_detector: scan batch label=floor_1_room_2_g3 raw=0 min_points=3 clusters=[]
[INFO] [1788580744.929718, 355.714000]: danger_detector: scan batch label=floor_1_room_2_g4 raw=0 min_points=3 clusters=[]
[INFO] [1788580764.707287, 375.092000]: danger_detector: confirmed red sphere #4 at [9.0088, 26.1976, 2.75], t=355.99s, stage=floor_2_exploration
[INFO] [1788580765.762865, 376.126000]: danger_detector: scan batch label=floor_1_room_3_g3 raw=5 min_points=3 clusters=[(8.766291172602736, 26.46282318851459)]
[INFO] [1788580774.575977, 384.786000]: danger_detector: confirmed red sphere #5 at [7.1633, 26.9543, 2.75], t=365.68s, stage=floor_2_exploration
[INFO] [1788580775.298739, 385.500000]: danger_detector: scan batch label=floor_1_room_3_g4 raw=5 min_points=3 clusters=[(7.037907658471207, 26.972148001241198)]
[INFO] [1788580868.527141, 475.562000]: danger_detector: scan batch label=floor_2_room_0_g3 raw=0 min_points=3 clusters=[]
[INFO] [1788580877.765440, 484.506000]: danger_detector: scan batch label=floor_2_room_0_g4 raw=0 min_points=3 clusters=[]
[INFO] [1788580899.909022, 506.258000]: danger_detector: scan batch label=floor_2_room_1_g3 raw=0 min_points=3 clusters=[]
[INFO] [1788580910.295676, 516.180000]: danger_detector: scan batch label=floor_2_room_1_g4 raw=0 min_points=3 clusters=[]
[INFO] [1788580941.677104, 546.690000]: danger_detector: scan batch label=floor_2_room_2_g3 raw=0 min_points=3 clusters=[]
[INFO] [1788580950.740518, 555.424000]: danger_detector: confirmed red sphere #6 at [-4.9427, 30.2205, 5.35], t=536.32s, stage=floor_3_exploration
[INFO] [1788580950.916572, 555.600000]: danger_detector: scan batch label=floor_2_room_2_g4 raw=5 min_points=3 clusters=[(-4.949179566768782, 30.245845396492847)]
[INFO] [1788580972.756133, 577.002000]: danger_detector: scan batch label=floor_2_room_3_g3 raw=0 min_points=3 clusters=[]
[INFO] [1788580981.624333, 585.692000]: danger_detector: confirmed red sphere #7 at [6.1033, 34.7015, 5.35], t=566.59s, stage=floor_3_exploration
[INFO] [1788580981.807609, 585.874000]: danger_detector: scan batch label=floor_2_room_3_g4 raw=4 min_points=3 clusters=[(6.118672924314611, 34.751495992149074)]
[INFO] [1788581015.590456, 619.194000]: danger_detector: wrote 7 confirmed red-ball detections -> /home/quinn/0904/results/official_gui_s20260818_20260905_115210/red_ball_detections.json
[WARN] [1788580425.985173, 45.110000]: Room viewpoint speed cap: floor_0_room_0_g3 2.250 -> 0.900 m/s (configured 0.900)
[WARN] [1788580434.017712, 52.624000]: Room viewpoint speed cap: floor_0_room_0_g4 2.250 -> 0.900 m/s (configured 0.900)
[WARN] [1788580460.314430, 78.314000]: Room viewpoint speed cap: floor_0_room_1_g3 2.250 -> 0.900 m/s (configured 0.900)
[WARN] [1788580474.085296, 91.804000]: Room viewpoint speed cap: floor_0_room_1_g4 2.250 -> 0.900 m/s (configured 0.900)
[WARN] [1788580507.621688, 124.368000]: Room viewpoint speed cap: floor_0_room_2_g3 2.250 -> 0.900 m/s (configured 0.900)
[WARN] [1788580515.550996, 131.804000]: Room viewpoint speed cap: floor_0_room_2_g4 2.250 -> 0.900 m/s (configured 0.900)
[WARN] [1788580538.653419, 154.486000]: Room viewpoint speed cap: floor_0_room_3_g3 2.250 -> 0.900 m/s (configured 0.900)
[WARN] [1788580546.586467, 162.266000]: Room viewpoint speed cap: floor_0_room_3_g4 2.250 -> 0.900 m/s (configured 0.900)
[WARN] [1788580644.390719, 257.396000]: Room viewpoint speed cap: floor_1_room_0_g3 2.250 -> 0.900 m/s (configured 0.900)
[WARN] [1788580652.221527, 264.970000]: Room viewpoint speed cap: floor_1_room_0_g4 2.250 -> 0.900 m/s (configured 0.900)
[WARN] [1788580680.847282, 293.102000]: Room viewpoint speed cap: floor_1_room_1_g3 2.250 -> 0.900 m/s (configured 0.900)
[WARN] [1788580694.515689, 306.494000]: Room viewpoint speed cap: floor_1_room_1_g4 2.250 -> 0.900 m/s (configured 0.900)
[WARN] [1788580728.466537, 339.572000]: Room viewpoint speed cap: floor_1_room_2_g3 2.250 -> 0.900 m/s (configured 0.900)
[WARN] [1788580736.508201, 347.424000]: Room viewpoint speed cap: floor_1_room_2_g4 2.250 -> 0.900 m/s (configured 0.900)
[WARN] [1788580758.040856, 368.540000]: Room viewpoint speed cap: floor_1_room_3_g3 2.250 -> 0.900 m/s (configured 0.900)
[WARN] [1788580765.971055, 376.330000]: Room viewpoint speed cap: floor_1_room_3_g4 2.250 -> 0.900 m/s (configured 0.900)
[WARN] [1788580860.903372, 468.342000]: Room viewpoint speed cap: floor_2_room_0_g3 2.250 -> 0.900 m/s (configured 0.900)
[WARN] [1788580868.737000, 475.764000]: Room viewpoint speed cap: floor_2_room_0_g4 2.250 -> 0.900 m/s (configured 0.900)
[WARN] [1788580892.085431, 498.568000]: Room viewpoint speed cap: floor_2_room_1_g3 2.250 -> 0.900 m/s (configured 0.900)
[WARN] [1788580906.182815, 512.220000]: Room viewpoint speed cap: floor_2_room_1_g4 2.250 -> 0.900 m/s (configured 0.900)
[WARN] [1788580934.455924, 539.546000]: Room viewpoint speed cap: floor_2_room_2_g3 2.250 -> 0.900 m/s (configured 0.900)
[WARN] [1788580941.888522, 546.900000]: Room viewpoint speed cap: floor_2_room_2_g4 2.250 -> 0.900 m/s (configured 0.900)
[WARN] [1788580965.132964, 569.534000]: Room viewpoint speed cap: floor_2_room_3_g3 2.250 -> 0.900 m/s (configured 0.900)
[WARN] [1788580972.979053, 577.216000]: Room viewpoint speed cap: floor_2_room_3_g4 2.250 -> 0.900 m/s (configured 0.900)
[ERROR] [1788581015.601369, 619.204000]: SCAN three-floor route failed on F3: exploration_deadline_exceeded_600.0s
[INFO] [1788580380.169959, 1.004000]: Bootstrap armed: stand@1.0s state-gated RL max_wait=25.0s repeat=120.0s start_t=1.0
[INFO] [1788580387.448481, 8.004000]: Requesting RL /cmd_vel through /joy (repeating).
[INFO] [1788580398.944069, 19.104000]: Bootstrap observed locomotion_ready; releasing /joy.
[INFO] [1788580373.571929, 0.000000]: scanplanner_pointcloud_bridge: /scan -> /registered_scan at <= 5.0 Hz
[INFO] [1788580389.423431, 9.904000]: scanplanner_pointcloud_bridge: published 50 clouds (377 points)
[INFO] [1788580399.889356, 20.008000]: scanplanner_pointcloud_bridge: published 100 clouds (392 points)
[INFO] [1788580410.270426, 30.110000]: scanplanner_pointcloud_bridge: published 150 clouds (680 points)
[INFO] [1788580420.610552, 40.110000]: scanplanner_pointcloud_bridge: published 200 clouds (761 points)
[INFO] [1788580431.531240, 50.212000]: scanplanner_pointcloud_bridge: published 250 clouds (757 points)
[INFO] [1788580441.872844, 60.310000]: scanplanner_pointcloud_bridge: published 300 clouds (775 points)
[INFO] [1788580452.197394, 70.412000]: scanplanner_pointcloud_bridge: published 350 clouds (758 points)
[INFO] [1788580462.560074, 80.512000]: scanplanner_pointcloud_bridge: published 400 clouds (768 points)
[INFO] [1788580472.974398, 90.712000]: scanplanner_pointcloud_bridge: published 450 clouds (766 points)
[INFO] [1788580483.395175, 100.812000]: scanplanner_pointcloud_bridge: published 500 clouds (738 points)
[INFO] [1788580493.701515, 110.912000]: scanplanner_pointcloud_bridge: published 550 clouds (777 points)
[INFO] [1788580503.909379, 120.914000]: scanplanner_pointcloud_bridge: published 600 clouds (765 points)
[INFO] [1788580514.646442, 130.912000]: scanplanner_pointcloud_bridge: published 650 clouds (767 points)
[INFO] [1788580524.861253, 140.914000]: scanplanner_pointcloud_bridge: published 700 clouds (773 points)
[INFO] [1788580535.020570, 150.914000]: scanplanner_pointcloud_bridge: published 750 clouds (765 points)
[INFO] [1788580545.297312, 161.014000]: scanplanner_pointcloud_bridge: published 800 clouds (770 points)
[INFO] [1788580555.634297, 171.114000]: scanplanner_pointcloud_bridge: published 850 clouds (761 points)
[INFO] [1788580565.980568, 181.214000]: scanplanner_pointcloud_bridge: published 900 clouds (768 points)
[INFO] [1788580576.375518, 191.314000]: scanplanner_pointcloud_bridge: published 950 clouds (679 points)
[INFO] [1788580586.635312, 201.320000]: scanplanner_pointcloud_bridge: published 1000 clouds (747 points)
[INFO] [1788580597.130561, 211.414000]: scanplanner_pointcloud_bridge: published 1050 clouds (584 points)
[INFO] [1788580607.535194, 221.514000]: scanplanner_pointcloud_bridge: published 1100 clouds (763 points)
[INFO] [1788580617.924640, 231.616000]: scanplanner_pointcloud_bridge: published 1150 clouds (713 points)
[INFO] [1788580628.390155, 241.916000]: scanplanner_pointcloud_bridge: published 1200 clouds (777 points)
[INFO] [1788580638.722158, 251.920000]: scanplanner_pointcloud_bridge: published 1250 clouds (763 points)
[INFO] [1788580649.217824, 262.022000]: scanplanner_pointcloud_bridge: published 1300 clouds (765 points)
[INFO] [1788580659.491169, 272.122000]: scanplanner_pointcloud_bridge: published 1350 clouds (765 points)
[INFO] [1788580669.775203, 282.222000]: scanplanner_pointcloud_bridge: published 1400 clouds (771 points)
[INFO] [1788580680.063242, 292.322000]: scanplanner_pointcloud_bridge: published 1450 clouds (768 points)
[INFO] [1788580690.477233, 302.524000]: scanplanner_pointcloud_bridge: published 1500 clouds (766 points)
[INFO] [1788580700.996972, 312.624000]: scanplanner_pointcloud_bridge: published 1550 clouds (771 points)
[INFO] [1788580711.301755, 322.724000]: scanplanner_pointcloud_bridge: published 1600 clouds (763 points)
[INFO] [1788580721.470788, 332.726000]: scanplanner_pointcloud_bridge: published 1650 clouds (776 points)
[INFO] [1788580731.901158, 342.926000]: scanplanner_pointcloud_bridge: published 1700 clouds (765 points)
[INFO] [1788580742.300138, 353.128000]: scanplanner_pointcloud_bridge: published 1750 clouds (770 points)
[INFO] [1788580752.596299, 363.226000]: scanplanner_pointcloud_bridge: published 1800 clouds (765 points)
[INFO] [1788580763.028572, 373.430000]: scanplanner_pointcloud_bridge: published 1850 clouds (767 points)
[INFO] [1788580773.287062, 383.530000]: scanplanner_pointcloud_bridge: published 1900 clouds (754 points)
[INFO] [1788580783.689152, 393.628000]: scanplanner_pointcloud_bridge: published 1950 clouds (764 points)
[INFO] [1788580794.004134, 403.630000]: scanplanner_pointcloud_bridge: published 2000 clouds (501 points)
[INFO] [1788580804.560807, 413.830000]: scanplanner_pointcloud_bridge: published 2050 clouds (768 points)
[INFO] [1788580814.919407, 423.830000]: scanplanner_pointcloud_bridge: published 2100 clouds (622 points)
[INFO] [1788580825.282457, 433.930000]: scanplanner_pointcloud_bridge: published 2150 clouds (726 points)
[INFO] [1788580835.585702, 444.034000]: scanplanner_pointcloud_bridge: published 2200 clouds (773 points)
[INFO] [1788580845.925022, 454.134000]: scanplanner_pointcloud_bridge: published 2250 clouds (777 points)
[INFO] [1788580856.524094, 464.234000]: scanplanner_pointcloud_bridge: published 2300 clouds (757 points)
[INFO] [1788580867.157845, 474.234000]: scanplanner_pointcloud_bridge: published 2350 clouds (762 points)
[INFO] [1788580877.592913, 484.334000]: scanplanner_pointcloud_bridge: published 2400 clouds (774 points)
[INFO] [1788580887.861073, 494.434000]: scanplanner_pointcloud_bridge: published 2450 clouds (778 points)
[INFO] [1788580898.153021, 504.536000]: scanplanner_pointcloud_bridge: published 2500 clouds (752 points)
[INFO] [1788580908.698713, 514.636000]: scanplanner_pointcloud_bridge: published 2550 clouds (760 points)
[INFO] [1788580919.309151, 524.636000]: scanplanner_pointcloud_bridge: published 2600 clouds (763 points)
[INFO] [1788580929.986096, 535.136000]: scanplanner_pointcloud_bridge: published 2650 clouds (756 points)
[INFO] [1788580940.406859, 545.436000]: scanplanner_pointcloud_bridge: published 2700 clouds (757 points)
[INFO] [1788580951.255911, 555.936000]: scanplanner_pointcloud_bridge: published 2750 clouds (774 points)
[INFO] [1788580961.492313, 565.936000]: scanplanner_pointcloud_bridge: published 2800 clouds (764 points)
[INFO] [1788580972.174577, 576.436000]: scanplanner_pointcloud_bridge: published 2850 clouds (769 points)
[INFO] [1788580982.682849, 586.736000]: scanplanner_pointcloud_bridge: published 2900 clouds (768 points)
[INFO] [1788580993.120772, 597.036000]: scanplanner_pointcloud_bridge: published 2950 clouds (786 points)
[INFO] [1788581003.479534, 607.236000]: scanplanner_pointcloud_bridge: published 3000 clouds (779 points)
[INFO] [1788581013.904451, 617.536000]: scanplanner_pointcloud_bridge: published 3050 clouds (758 points)
[0m[INFO] [1788580374.729914296]: Livox plugin Load complete with 800 rays[0m
[0m[INFO] [1788580374.731086774]: <initialOrientationAsReference> is unset, using default value of false to comply with REP 145 (world as orientation reference)[0m
[0m[INFO] [1788580374.731101339]: <robotNamespace> set to: //[0m
[0m[INFO] [1788580374.731109629]: <topicName> set to: /livox/imu[0m
[0m[INFO] [1788580374.731115139]: <frameName> set to: livox_imu_link[0m
[0m[INFO] [1788580374.731125017]: <updateRateHZ> set to: 1000[0m
[0m[INFO] [1788580374.731131467]: <gaussianNoise> set to: 0[0m
[0m[INFO] [1788580374.731142292]: <xyzOffset> set to: 0 0 0[0m
[0m[INFO] [1788580374.731150343]: <rpyOffset> set to: 0 -0 0[0m
[0m[INFO] [1788580376.156563236]: Camera Plugin: Using the 'robotNamespace' param: '/'[0m
[0m[INFO] [1788580376.158520256]: Camera Plugin (ns = /)  <tf_prefix_>, set to ""[0m
[0m[INFO] [1788580376.164309226]: Updating LinkState: reference_frame is empty/world/map, using inertial frame[0m
[0m[INFO] [1788580376.166522691]: Updating LinkState: reference_frame is empty/world/map, using inertial frame[0m
[0m[INFO] [1788580376.185590249]: Camera Plugin: Using the 'robotNamespace' param: '/'[0m
[0m[INFO] [1788580376.187193038]: Camera Plugin (ns = /)  <tf_prefix_>, set to ""[0m
[0m[INFO] [1788580377.004998516]: Loading gazebo_ros_control plugin[0m
[0m[INFO] [1788580377.005060359]: Starting gazebo_ros_control plugin in namespace: /a1_gazebo[0m
[0m[INFO] [1788580377.005602751]: gazebo_ros_control plugin is waiting for model URDF in parameter [/robot_description] on the ROS param server.[0m
[0m[INFO] [1788580377.122560347]: Loaded gazebo_ros_control.[0m
[INFO] [1788580374.459984, 0.000000]: building_generator_classic_control ready

auto-starting new master
[1mprocess[master]: started with pid [168527][0m
[1mROS_MASTER_URI=http://localhost:11311[0m
]2;/home/quinn/0904/threefloor_stress5_repro_20260827/work/mounts/SimEnv/src/simenv_bridge/launch/scanplanner_three_floor_rl.launch http://localhost:11311
[1msetting /run_id to 45090204-a8dd-11f1-9447-05c1f50d701d[0m
[1mprocess[rosout-1]: started with pid [168537][0m
started core service [/rosout]
[1mprocess[gazebo-2]: started with pid [168545][0m
[1mprocess[urdf_spawner-3]: started with pid [168549][0m
[1mprocess[state_from_gazebo-4]: started with pid [168551][0m
[1mprocess[a1_gazebo/controller_spawner-5]: started with pid [168552][0m
[1mprocess[robot_state_publisher-6]: started with pid [168553][0m
[1mprocess[unpause_after_controllers-7]: started with pid [168558][0m
[1mprocess[building_control-8]: started with pid [168560][0m
[1mprocess[open_mapping_entrance-9]: started with pid [168565][0m
[1mprocess[junior_ctrl-10]: started with pid [168567][0m
[1mprocess[scanplanner_pointcloud_bridge-11]: started with pid [168569][0m
[1mprocess[scan_planner_node-12]: started with pid [168570][0m
[1mprocess[closed_loop_controller-13]: started with pid [168571][0m
[1mprocess[scanplanner_plane_rl_bootstrap-14]: started with pid [168572][0m
[1mprocess[rl_floor_command_mux-15]: started with pid [168574][0m
[1mprocess[stair_transition_manager-16]: started with pid [168579][0m
[1mprocess[second_to_third_floor_stair_manager-17]: started with pid [168581][0m
[1mprocess[stair_descent_manager-18]: started with pid [168582][0m
[1mprocess[scanplanner_three_floor_goal_sequencer-19]: started with pid [168583][0m
[1mprocess[scanplanner_red_ball_detector-20]: started with pid [168584][0m
[1mprocess[three_floor_rl_mission_supervisor-21]: started with pid [168585][0m
[1m[open_mapping_entrance-9] process has finished cleanly
log file: /home/quinn/.ros/log/45090204-a8dd-11f1-9447-05c1f50d701d/open_mapping_entrance-9*.log[0m
[1m[urdf_spawner-3] process has finished cleanly
log file: /home/quinn/.ros/log/45090204-a8dd-11f1-9447-05c1f50d701d/urdf_spawner-3*.log[0m
[1m[unpause_after_controllers-7] process has finished cleanly
log file: /home/quinn/.ros/log/45090204-a8dd-11f1-9447-05c1f50d701d/unpause_after_controllers-7*.log[0m
[1m[stair_transition_manager-16] process has finished cleanly
log file: /home/quinn/.ros/log/45090204-a8dd-11f1-9447-05c1f50d701d/stair_transition_manager-16*.log[0m
[1m[second_to_third_floor_stair_manager-17] process has finished cleanly
log file: /home/quinn/.ros/log/45090204-a8dd-11f1-9447-05c1f50d701d/second_to_third_floor_stair_manager-17*.log[0m
[three_floor_rl_mission_supervisor-21] killing on exit
[scanplanner_red_ball_detector-20] killing on exit
[scanplanner_three_floor_goal_sequencer-19] killing on exit
[stair_descent_manager-18] killing on exit
[rl_floor_command_mux-15] killing on exit
[scanplanner_plane_rl_bootstrap-14] killing on exit
[closed_loop_controller-13] killing on exit
[scanplanner_pointcloud_bridge-11] killing on exit
[scan_planner_node-12] killing on exit
[junior_ctrl-10] killing on exit
[building_control-8] killing on exit
[robot_state_publisher-6] killing on exit
[a1_gazebo/controller_spawner-5] killing on exit
[state_from_gazebo-4] killing on exit
[gazebo-2] killing on exit
[rosout-1] killing on exit
[master] killing on exit
shutting down processing monitor...
... shutting down processing monitor complete
[1mdone[0m
