xacro: in-order processing became default in ROS Melodic. You can drop the option.
... logging to /root/.ros/log/0edf6610-a693-11f1-b249-0242ac110007/roslaunch-autodl-container-0b0b4098ff-c5d5b90e-961870.log
Checking log directory for disk usage. This may take a while.
Press Ctrl-C to interrupt
]2;/root/autodl-tmp/code/restore/0803b/0902overall/threefloor_stress5_repro_20260827/work/mounts/SimEnv/src/simenv_bridge/launch/scanplanner_three_floor_rl.launch
[1mstarted roslaunch server http://autodl-container-0b0b4098ff-c5d5b90e:38381/[0m

SUMMARY
========

CLEAR PARAMETERS
 * /scan_planner_node/

PARAMETERS
 * /a1_gazebo/FL_calf_controller/joint: FL_calf_joint
 * /a1_gazebo/FL_calf_controller/pid/d: 8.0
 * /a1_gazebo/FL_calf_controller/pid/i: 0.0
 * /a1_gazebo/FL_calf_controller/pid/p: 300.0
 * /a1_gazebo/FL_calf_controller/type: unitree_legged_co...
 * /a1_gazebo/FL_hip_controller/joint: FL_hip_joint
 * /a1_gazebo/FL_hip_controller/pid/d: 5.0
 * /a1_gazebo/FL_hip_controller/pid/i: 0.0
 * /a1_gazebo/FL_hip_controller/pid/p: 100.0
 * /a1_gazebo/FL_hip_controller/type: unitree_legged_co...
 * /a1_gazebo/FL_thigh_controller/joint: FL_thigh_joint
 * /a1_gazebo/FL_thigh_controller/pid/d: 8.0
 * /a1_gazebo/FL_thigh_controller/pid/i: 0.0
 * /a1_gazebo/FL_thigh_controller/pid/p: 300.0
 * /a1_gazebo/FL_thigh_controller/type: unitree_legged_co...
 * /a1_gazebo/FR_calf_controller/joint: FR_calf_joint
 * /a1_gazebo/FR_calf_controller/pid/d: 8.0
 * /a1_gazebo/FR_calf_controller/pid/i: 0.0
 * /a1_gazebo/FR_calf_controller/pid/p: 300.0
 * /a1_gazebo/FR_calf_controller/type: unitree_legged_co...
 * /a1_gazebo/FR_hip_controller/joint: FR_hip_joint
 * /a1_gazebo/FR_hip_controller/pid/d: 5.0
 * /a1_gazebo/FR_hip_controller/pid/i: 0.0
 * /a1_gazebo/FR_hip_controller/pid/p: 100.0
 * /a1_gazebo/FR_hip_controller/type: unitree_legged_co...
 * /a1_gazebo/FR_thigh_controller/joint: FR_thigh_joint
 * /a1_gazebo/FR_thigh_controller/pid/d: 8.0
 * /a1_gazebo/FR_thigh_controller/pid/i: 0.0
 * /a1_gazebo/FR_thigh_controller/pid/p: 300.0
 * /a1_gazebo/FR_thigh_controller/type: unitree_legged_co...
 * /a1_gazebo/RL_calf_controller/joint: RL_calf_joint
 * /a1_gazebo/RL_calf_controller/pid/d: 8.0
 * /a1_gazebo/RL_calf_controller/pid/i: 0.0
 * /a1_gazebo/RL_calf_controller/pid/p: 300.0
 * /a1_gazebo/RL_calf_controller/type: unitree_legged_co...
 * /a1_gazebo/RL_hip_controller/joint: RL_hip_joint
 * /a1_gazebo/RL_hip_controller/pid/d: 5.0
 * /a1_gazebo/RL_hip_controller/pid/i: 0.0
 * /a1_gazebo/RL_hip_controller/pid/p: 100.0
 * /a1_gazebo/RL_hip_controller/type: unitree_legged_co...
 * /a1_gazebo/RL_thigh_controller/joint: RL_thigh_joint
 * /a1_gazebo/RL_thigh_controller/pid/d: 8.0
 * /a1_gazebo/RL_thigh_controller/pid/i: 0.0
 * /a1_gazebo/RL_thigh_controller/pid/p: 300.0
 * /a1_gazebo/RL_thigh_controller/type: unitree_legged_co...
 * /a1_gazebo/RR_calf_controller/joint: RR_calf_joint
 * /a1_gazebo/RR_calf_controller/pid/d: 8.0
 * /a1_gazebo/RR_calf_controller/pid/i: 0.0
 * /a1_gazebo/RR_calf_controller/pid/p: 300.0
 * /a1_gazebo/RR_calf_controller/type: unitree_legged_co...
 * /a1_gazebo/RR_hip_controller/joint: RR_hip_joint
 * /a1_gazebo/RR_hip_controller/pid/d: 5.0
 * /a1_gazebo/RR_hip_controller/pid/i: 0.0
 * /a1_gazebo/RR_hip_controller/pid/p: 100.0
 * /a1_gazebo/RR_hip_controller/type: unitree_legged_co...
 * /a1_gazebo/RR_thigh_controller/joint: RR_thigh_joint
 * /a1_gazebo/RR_thigh_controller/pid/d: 8.0
 * /a1_gazebo/RR_thigh_controller/pid/i: 0.0
 * /a1_gazebo/RR_thigh_controller/pid/p: 300.0
 * /a1_gazebo/RR_thigh_controller/type: unitree_legged_co...
 * /a1_gazebo/joint_state_controller/publish_rate: 1000
 * /a1_gazebo/joint_state_controller/type: joint_state_contr...
 * /body_pose_topic: /Odometry_gazebo
 * /closed_loop_controller/finish_dist: 0.15
 * /closed_loop_controller/heading_error_threshold: 0.8
 * /closed_loop_controller/kp_pos: 0.8
 * /closed_loop_controller/kp_yaw: 1.5
 * /closed_loop_controller/max_vx: 2.05
 * /closed_loop_controller/max_vy: 0.35
 * /closed_loop_controller/max_vyaw: 1.0
 * /closed_loop_controller/time_forward: 0.8
 * /gazebo/enable_ros_network: True
 * /rl_floor_command_mux/command_timeout_sec: 0.4
 * /rl_floor_command_mux/linear_acceleration: 2.2
 * /rl_floor_command_mux/linear_deceleration: 2.0
 * /rl_floor_command_mux/max_forward: 2.25
 * /rl_floor_command_mux/max_lateral: 0.75
 * /rl_floor_command_mux/max_reverse: 0.2
 * /rl_floor_command_mux/max_yaw: 2.8
 * /rl_floor_command_mux/output_topic: /cmd_vel
 * /rl_floor_command_mux/planner_topic: /scanplanner/plan...
 * /rl_floor_command_mux/rate: 30.0
 * /rl_floor_command_mux/yaw_acceleration: 2.4
 * /rl_floor_command_mux/yaw_slowdown: 1.05
 * /rl_floor_command_mux/yaw_translation_stop: 1.3
 * /robot_description: <?xml version="1....
 * /robot_name: a1
 * /rosdistro: noetic
 * /rosversion: 1.17.4
 * /scan_planner_node/fsm/emergency_time_: 1.0
 * /scan_planner_node/fsm/fail_safe: True
 * /scan_planner_node/fsm/is_real_world: True
 * /scan_planner_node/fsm/manual_goal_use_current_height: True
 * /scan_planner_node/fsm/max_replan_fail_count: 1000
 * /scan_planner_node/fsm/navi_mode: 1
 * /scan_planner_node/fsm/planning_horizon: 7.5
 * /scan_planner_node/fsm/thresh_no_replan: 0.1
 * /scan_planner_node/fsm/thresh_replan: 1.0
 * /scan_planner_node/grid_map/cloud_is_world: True
 * /scan_planner_node/grid_map/cx: 317.19
 * /scan_planner_node/grid_map/cy: 256.48
 * /scan_planner_node/grid_map/depth_filter_margin: 1
 * /scan_planner_node/grid_map/depth_filter_maxdist: 3.0
 * /scan_planner_node/grid_map/depth_filter_mindist: 0.3
 * /scan_planner_node/grid_map/double_cylinder_offset: 0.18
 * /scan_planner_node/grid_map/double_cylinder_radius: 0.25
 * /scan_planner_node/grid_map/fx: 609.59
 * /scan_planner_node/grid_map/fy: 609.22
 * /scan_planner_node/grid_map/k_depth_scaling_factor: 1000.0
 * /scan_planner_node/grid_map/map_sliding_thresh: 0.2
 * /scan_planner_node/grid_map/max_ray_length: 5.0
 * /scan_planner_node/grid_map/need_extrinsic: True
 * /scan_planner_node/grid_map/obstacles_inflation_z_down: 0.4
 * /scan_planner_node/grid_map/obstacles_inflation_z_up: 0.1
 * /scan_planner_node/grid_map/p_hit: 0.85
 * /scan_planner_node/grid_map/p_max: 0.98
 * /scan_planner_node/grid_map/p_min: 0.12
 * /scan_planner_node/grid_map/p_miss: 0.3
 * /scan_planner_node/grid_map/p_occ: 0.8
 * /scan_planner_node/grid_map/resolution: 0.05
 * /scan_planner_node/grid_map/sensor_type: lidar
 * /scan_planner_node/grid_map/skip_pixel: 2
 * /scan_planner_node/grid_map/sliding_map_size_x: 10.0
 * /scan_planner_node/grid_map/sliding_map_size_y: 10.0
 * /scan_planner_node/grid_map/sliding_map_size_z: 5.0
 * /scan_planner_node/grid_map/vis_height: 0.3
 * /scan_planner_node/manager/control_points_distance: 0.2
 * /scan_planner_node/manager/feasibility_tolerance: 0.5
 * /scan_planner_node/manager/max_acc: 1.1
 * /scan_planner_node/manager/max_jerk: 4.0
 * /scan_planner_node/manager/max_vel: 2.05
 * /scan_planner_node/manager/planning_horizon: 7.5
 * /scan_planner_node/optimization/acc_tolerance: 1.0
 * /scan_planner_node/optimization/dist0: 0.2
 * /scan_planner_node/optimization/lambda_collision: 1.0
 * /scan_planner_node/optimization/lambda_feasibility: 0.1
 * /scan_planner_node/optimization/lambda_fitness: 1.0
 * /scan_planner_node/optimization/lambda_smooth: 1.0
 * /scan_planner_node/optimization/max_acc: 1.1
 * /scan_planner_node/optimization/max_vel: 2.05
 * /scan_planner_node/optimization/vel_tolerance: 1.0
 * /scanplanner_plane_rl_bootstrap/fixed_stand_max_duration_sec: 25.0
 * /scanplanner_plane_rl_bootstrap/release_after_rl_request: True
 * /scanplanner_plane_rl_bootstrap/rl_repeat_seconds: 120.0
 * /scanplanner_plane_rl_bootstrap/stand_after_seconds: 1.0
 * /scanplanner_pointcloud_bridge/input: /scan
 * /scanplanner_pointcloud_bridge/laser_blind: 0.5
 * /scanplanner_pointcloud_bridge/maximum_rate_hz: 5.0
 * /scanplanner_pointcloud_bridge/maximum_vertical_angle_deg: 55
 * /scanplanner_pointcloud_bridge/minimum_vertical_angle_deg: -7
 * /scanplanner_pointcloud_bridge/odom_topic: /Odometry_gazebo
 * /scanplanner_pointcloud_bridge/output: /registered_scan
 * /scanplanner_pointcloud_bridge/world_frame: map
 * /scanplanner_red_ball_detector/camera_info_topic: /recording_camera...
 * /scanplanner_red_ball_detector/camera_ready_topic: /simenv/recording...
 * /scanplanner_red_ball_detector/confirm_count: 3
 * /scanplanner_red_ball_detector/depth_topic: /real_sense/depth...
 * /scanplanner_red_ball_detector/floor_height_m: 2.6
 * /scanplanner_red_ball_detector/ground_range_scale: 0.95
 * /scanplanner_red_ball_detector/image_topic: /recording_camera...
 * /scanplanner_red_ball_detector/maximum_processing_rate_hz: 0.0
 * /scanplanner_red_ball_detector/merge_radius: 1.1
 * /scanplanner_red_ball_detector/out_json: /root/autodl-tmp/...
 * /scanplanner_red_ball_detector/scan_active_topic: /scanplanner/room...
 * /scanplanner_red_ball_detector/use_depth: True
 * /scanplanner_three_floor_goal_sequencer/direct_plane_distance_gain: 1.1
 * /scanplanner_three_floor_goal_sequencer/direct_plane_max_lateral_speed_mps: 0.75
 * /scanplanner_three_floor_goal_sequencer/direct_plane_min_forward_speed: 0.3
 * /scanplanner_three_floor_goal_sequencer/direct_plane_translation_heading_limit_rad: 1.45
 * /scanplanner_three_floor_goal_sequencer/direct_plane_yaw_rate: 1.15
 * /scanplanner_three_floor_goal_sequencer/direct_stair_yaw_rate: 0.35
 * /scanplanner_three_floor_goal_sequencer/entrance_fixed_heading_release_rad: 0.2
 * /scanplanner_three_floor_goal_sequencer/entrance_lateral_gain: 0.6
 * /scanplanner_three_floor_goal_sequencer/entrance_max_lateral_speed_mps: 0.12
 * /scanplanner_three_floor_goal_sequencer/entrance_progress_timeout_sec: 5.0
 * /scanplanner_three_floor_goal_sequencer/entrance_recovery_hold_sec: 1.0
 * /scanplanner_three_floor_goal_sequencer/entrance_recovery_max_attempts: 2
 * /scanplanner_three_floor_goal_sequencer/entrance_speed_scale: 1.45
 * /scanplanner_three_floor_goal_sequencer/floor_control_settle_sec: 0.15
 * /scanplanner_three_floor_goal_sequencer/handoff_timeout_sec: 300.0
 * /scanplanner_three_floor_goal_sequencer/manager_release_settle_sec: 0.1
 * /scanplanner_three_floor_goal_sequencer/maximum_floor_speed: 2.25
 * /scanplanner_three_floor_goal_sequencer/maximum_replans: 2
 * /scanplanner_three_floor_goal_sequencer/minimum_upright_duration_sec: 0.6
 * /scanplanner_three_floor_goal_sequencer/minimum_upright_z: 0.55
 * /scanplanner_three_floor_goal_sequencer/mission_config: /tmp/simenv_bridg...
 * /scanplanner_three_floor_goal_sequencer/output_dir: /root/autodl-tmp/...
 * /scanplanner_three_floor_goal_sequencer/plane_fast_takeover: True
 * /scanplanner_three_floor_goal_sequencer/plane_fast_takeover_blend_seconds: 0.5
 * /scanplanner_three_floor_goal_sequencer/plane_fast_takeover_zero_hold_seconds: 0.15
 * /scanplanner_three_floor_goal_sequencer/plane_motion_start_ramp_initial_speed_mps: 0.3
 * /scanplanner_three_floor_goal_sequencer/plane_motion_start_ramp_minimum_upright_z: 0.985
 * /scanplanner_three_floor_goal_sequencer/plane_motion_start_ramp_seconds: 3.0
 * /scanplanner_three_floor_goal_sequencer/policy_timeout_sec: 35.0
 * /scanplanner_three_floor_goal_sequencer/progress_timeout_sec: 45.0
 * /scanplanner_three_floor_goal_sequencer/room_scan_settle_sec: 0.1
 * /scanplanner_three_floor_goal_sequencer/room_scan_timeout_sec: 30.0
 * /scanplanner_three_floor_goal_sequencer/room_scan_turn_rad: 1.9
 * /scanplanner_three_floor_goal_sequencer/room_scan_yaw_rate: 2.8
 * /scanplanner_three_floor_goal_sequencer/room_tolerance: 0.4
 * /scanplanner_three_floor_goal_sequencer/speed_scale: 2.6
 * /scanplanner_three_floor_goal_sequencer/stage_announcement_hold_sec: 0.15
 * /scanplanner_three_floor_goal_sequencer/startup_timeout_sec: 240.0
 * /scanplanner_three_floor_goal_sequencer/waypoint_timeout_sec: 150.0
 * /second_to_third_floor_stair_manager/ascent_maximum_speed_mps: 0.8
 * /second_to_third_floor_stair_manager/ascent_speed_mps: 0.8
 * /second_to_third_floor_stair_manager/ascent_timeout_sec: 45.0
 * /second_to_third_floor_stair_manager/auto_start: False
 * /second_to_third_floor_stair_manager/command_topic: /cmd_vel
 * /second_to_third_floor_stair_manager/enable_truth_return_gate: False
 * /second_to_third_floor_stair_manager/enable_visual_stair_alignment: False
 * /second_to_third_floor_stair_manager/entry_alignment_yaw_rate_rps: 0.4
 * /second_to_third_floor_stair_manager/flight_a_height_gain_m: 1.05
 * /second_to_third_floor_stair_manager/flight_b_timeout_sec: 22.0
 * /second_to_third_floor_stair_manager/height_plot_basename: 21_truth_stair_he...
 * /second_to_third_floor_stair_manager/hold_rl_during_ascent: True
 * /second_to_third_floor_stair_manager/landing_cross_distance_m: 0.95
 * /second_to_third_floor_stair_manager/landing_cross_speed_mps: 0.75
 * /second_to_third_floor_stair_manager/landing_heading_tolerance_rad: 0.15
 * /second_to_third_floor_stair_manager/landing_timeout_sec: 30.0
 * /second_to_third_floor_stair_manager/landing_turn_angle_rad: -2.4
 * /second_to_third_floor_stair_manager/landing_turn_speed_rps: 1.2
 * /second_to_third_floor_stair_manager/mission_failure_token: SECOND_FLOOR_EXPL...
 * /second_to_third_floor_stair_manager/mission_trigger_token: SECOND_FLOOR_EXPL...
 * /second_to_third_floor_stair_manager/mission_trigger_topic: /simenv/second_fl...
 * /second_to_third_floor_stair_manager/odom_topic: /Odometry_gazebo
 * /second_to_third_floor_stair_manager/offline_stair_model_sdf: /tmp/simenv_bridg...
 * /second_to_third_floor_stair_manager/offline_truth_layout_metadata: /tmp/simenv_bridg...
 * /second_to_third_floor_stair_manager/output_dir: /root/autodl-tmp/...
 * /second_to_third_floor_stair_manager/plane_policy: /root/autodl-tmp/...
 * /second_to_third_floor_stair_manager/policy_warmup_seconds: 0.2
 * /second_to_third_floor_stair_manager/pre_ascent_rl_fast_blend_seconds: 0.5
 * /second_to_third_floor_stair_manager/pre_ascent_rl_fast_takeover: True
 * /second_to_third_floor_stair_manager/pre_ascent_rl_fast_zero_hold_seconds: 0.15
 * /second_to_third_floor_stair_manager/pre_ascent_rl_settle_seconds: 0.6
 * /second_to_third_floor_stair_manager/pre_ascent_stand_seconds: 0.0
 * /second_to_third_floor_stair_manager/second_floor_handoff_timeout_sec: 90.0
 * /second_to_third_floor_stair_manager/second_floor_stable_seconds: 0.5
 * /second_to_third_floor_stair_manager/source_floor_index: 1
 * /second_to_third_floor_stair_manager/stair_policy: /root/autodl-tmp/...
 * /second_to_third_floor_stair_manager/state_topic: /simenv/second_to...
 * /second_to_third_floor_stair_manager/target_floor_number: 3
 * /second_to_third_floor_stair_manager/total_height_gain_m: 2.2
 * /second_to_third_floor_stair_manager/trajectory_plot_basename: 21_f2_to_third_fl...
 * /second_to_third_floor_stair_manager/transition_log_basename: second_to_third_f...
 * /second_to_third_floor_stair_manager/transition_plot_basename: 21_second_to_thir...
 * /second_to_third_floor_stair_manager/truth_entry_final_speed_mps: 0.55
 * /second_to_third_floor_stair_manager/truth_entry_guide: True
 * /second_to_third_floor_stair_manager/truth_entry_guide_min_speed_mps: 0.25
 * /second_to_third_floor_stair_manager/truth_entry_guide_speed_mps: 0.45
 * /second_to_third_floor_stair_manager/truth_entry_timeout_sec: 120.0
 * /second_to_third_floor_stair_manager/truth_fixed_two_flight_profile: True
 * /second_to_third_floor_stair_manager/truth_flight_a_backslide_recovery_hold_seconds: 1.5
 * /second_to_third_floor_stair_manager/truth_flight_a_backslide_recovery_max_attempts: 2
 * /second_to_third_floor_stair_manager/truth_flight_a_backslide_recovery_ramp_seconds: 1.0
 * /second_to_third_floor_stair_manager/truth_flight_a_backslide_recovery_ramp_speed_mps: 0.4
 * /second_to_third_floor_stair_manager/truth_flight_a_climb_ramp_seconds: 1.2
 * /second_to_third_floor_stair_manager/truth_flight_a_near_edge_strong_center_error_m: 0.24
 * /second_to_third_floor_stair_manager/truth_flight_a_policy_capture_max_joint_velocity_rms: 0.18
 * /second_to_third_floor_stair_manager/truth_flight_a_policy_fast_fixed_stand: True
 * /second_to_third_floor_stair_manager/truth_flight_a_policy_fast_fixed_stand_duration_seconds: 0.5
 * /second_to_third_floor_stair_manager/truth_flight_a_policy_fast_fixed_stand_minimum_elapsed_seconds: 0.5
 * /second_to_third_floor_stair_manager/truth_flight_a_policy_fast_fixed_stand_minimum_gain_ratio: 0.75
 * /second_to_third_floor_stair_manager/truth_flight_a_policy_fast_fixed_stand_settle_seconds: 0.0
 * /second_to_third_floor_stair_manager/truth_flight_a_policy_fast_fixed_stand_stable_seconds: 0.5
 * /second_to_third_floor_stair_manager/truth_flight_a_policy_fixed_stand_ready_timeout_sec: 12.0
 * /second_to_third_floor_stair_manager/truth_flight_a_policy_require_fixed_stand_ready: True
 * /second_to_third_floor_stair_manager/truth_flight_a_policy_settle_seconds: 0.35
 * /second_to_third_floor_stair_manager/truth_flight_a_policy_settle_timeout_sec: 8.0
 * /second_to_third_floor_stair_manager/truth_flight_a_policy_stand_seconds: 0.1
 * /second_to_third_floor_stair_manager/truth_flight_a_policy_use_default_stand_target: False
 * /second_to_third_floor_stair_manager/truth_flight_a_rearward_slip_max_climb_speed_mps: 0.12
 * /second_to_third_floor_stair_manager/truth_flight_a_rearward_slip_speed_mps: 0.3
 * /second_to_third_floor_stair_manager/truth_flight_a_recovery_center_speed_mps: 0.22
 * /second_to_third_floor_stair_manager/truth_flight_a_recovery_forward_speed_mps: 0.6
 * /second_to_third_floor_stair_manager/truth_flight_a_require_fresh_ready: True
 * /second_to_third_floor_stair_manager/truth_flight_a_stall_release_seconds: 1.5
 * /second_to_third_floor_stair_manager/truth_flight_a_strong_recovery_forward_speed_mps: 0.4
 * /second_to_third_floor_stair_manager/truth_flight_b_max_yaw_rate_rps: 0.1
 * /second_to_third_floor_stair_manager/truth_flight_b_near_edge_strong_center_error_m: 0.24
 * /second_to_third_floor_stair_manager/truth_flight_b_pitch_min_height_gain_m: 0.08
 * /second_to_third_floor_stair_manager/truth_flight_b_pitch_rate_min_abs_rad: 0.6
 * /second_to_third_floor_stair_manager/truth_flight_b_pitch_rate_trigger_rps: 1.6
 * /second_to_third_floor_stair_manager/truth_flight_b_pitch_rate_window_sec: 0.18
 * /second_to_third_floor_stair_manager/truth_flight_b_pitch_recovery_max_attempts: 2
 * /second_to_third_floor_stair_manager/truth_flight_b_rearward_slip_speed_mps: 0.3
 * /second_to_third_floor_stair_manager/truth_flight_b_recovery_forward_speed_mps: 0.6
 * /second_to_third_floor_stair_manager/truth_flight_b_recovery_hold_seconds: 4.0
 * /second_to_third_floor_stair_manager/truth_flight_b_severe_pitch_detect_seconds: 0.1
 * /second_to_third_floor_stair_manager/truth_flight_b_severe_pitch_rad: 0.8
 * /second_to_third_floor_stair_manager/truth_flight_b_strong_recovery_forward_speed_mps: 0.4
 * /second_to_third_floor_stair_manager/truth_landing_recenter_speed_mps: 0.75
 * /second_to_third_floor_stair_manager/truth_two_stage_guide: True
 * /second_to_third_floor_stair_manager/truth_upper_floor_exit_clearance_m: 0.8
 * /second_to_third_floor_stair_manager/two_flight_stair: True
 * /second_to_third_floor_stair_manager/upper_floor_handoff_complete_phase: THIRD_FLOOR_HANDO...
 * /second_to_third_floor_stair_manager/upper_floor_handoff_timeout_phase: THIRD_FLOOR_HANDO...
 * /second_to_third_floor_stair_manager/upper_floor_reached_phase: THIRD_FLOOR_REACHED
 * /second_to_third_floor_stair_manager/upper_floor_ready_token: THIRD_FLOOR_EXPLO...
 * /second_to_third_floor_stair_manager/upper_floor_settle_phase: THIRD_FLOOR_SETTLE
 * /second_to_third_floor_stair_manager/upper_floor_state_topic: /simenv/third_flo...
 * /second_to_third_floor_stair_manager/upper_landing_clearance_grace_sec: 15.0
 * /second_to_third_floor_stair_manager/wait_for_second_floor_handoff: True
 * /second_to_third_floor_stair_manager/world_frame_ascent: True
 * /stair_descent_manager/command_topic: /cmd_vel
 * /stair_descent_manager/descent_maximum_speed_mps: 0.8
 * /stair_descent_manager/descent_segment_timeout_sec: 600.0
 * /stair_descent_manager/descent_speed_mps: 0.8
 * /stair_descent_manager/end_floor_number: 1
 * /stair_descent_manager/mission_trigger_token: THIRD_FLOOR_EXPLO...
 * /stair_descent_manager/mission_trigger_topic: /simenv/third_flo...
 * /stair_descent_manager/odom_topic: /Odometry_gazebo
 * /stair_descent_manager/offline_stair_model_sdf: /tmp/simenv_bridg...
 * /stair_descent_manager/offline_truth_layout_metadata: /tmp/simenv_bridg...
 * /stair_descent_manager/output_dir: /root/autodl-tmp/...
 * /stair_descent_manager/policy_switch_fast_fixed_stand: True
 * /stair_descent_manager/policy_switch_fast_fixed_stand_duration_seconds: 0.5
 * /stair_descent_manager/policy_switch_fast_fixed_stand_minimum_elapsed_seconds: 0.5
 * /stair_descent_manager/policy_switch_fast_fixed_stand_minimum_gain_ratio: 0.75
 * /stair_descent_manager/policy_switch_fast_fixed_stand_settle_seconds: 0.0
 * /stair_descent_manager/policy_switch_fast_fixed_stand_stable_seconds: 0.5
 * /stair_descent_manager/policy_switch_fixed_stand_timeout_sec: 12.0
 * /stair_descent_manager/policy_switch_max_joint_velocity_rms: 0.35
 * /stair_descent_manager/policy_switch_queue_hold_seconds: 0.25
 * /stair_descent_manager/policy_switch_reentry_timeout_sec: 20.0
 * /stair_descent_manager/policy_switch_settle_seconds: 0.45
 * /stair_descent_manager/policy_switch_settle_timeout_sec: 6.0
 * /stair_descent_manager/policy_warmup_seconds: 0.75
 * /stair_descent_manager/pre_descent_stand_seconds: 0.25
 * /stair_descent_manager/segment_one_log_basename: third_to_second_f...
 * /stair_descent_manager/segment_two_log_basename: second_to_first_f...
 * /stair_descent_manager/skip_entry_guide: True
 * /stair_descent_manager/stair_policy: /root/autodl-tmp/...
 * /stair_descent_manager/start_floor_number: 3
 * /stair_descent_manager/state_topic: /simenv/third_to_...
 * /stair_descent_manager/transition_log_basename: stair_descent.json
 * /stair_descent_manager/truth_descent_backoff_escalation_m: 0.15
 * /stair_descent_manager/truth_descent_east_align_minimum_x_speed_mps: 0.3
 * /stair_descent_manager/truth_descent_east_align_tread_drop_m: 0.05
 * /stair_descent_manager/truth_descent_entry_guide_speed_mps: 1.15
 * /stair_descent_manager/truth_descent_final_landing_max_body_height_m: 1.0
 * /stair_descent_manager/truth_descent_final_landing_max_tilt_rad: 0.45
 * /stair_descent_manager/truth_descent_final_landing_min_body_height_m: 0.2
 * /stair_descent_manager/truth_descent_final_landing_minimum_upright_z: 0.75
 * /stair_descent_manager/truth_descent_final_landing_settle_seconds: 1.0
 * /stair_descent_manager/truth_descent_final_landing_timeout_sec: 20.0
 * /stair_descent_manager/truth_descent_flight_a_end_y: 1.75
 * /stair_descent_manager/truth_descent_flight_center_correction_error_m: 0.22
 * /stair_descent_manager/truth_descent_flight_center_correction_speed_mps: 0.5
 * /stair_descent_manager/truth_descent_flight_center_correction_yaw_rate_rps: 0.2
 * /stair_descent_manager/truth_descent_flight_center_steer_gain: 1.0
 * /stair_descent_manager/truth_descent_flight_center_steer_max_rad: 0.24
 * /stair_descent_manager/truth_descent_flight_end_slowdown_drop_m: 0.95
 * /stair_descent_manager/truth_descent_flight_end_speed_mps: 0.6
 * /stair_descent_manager/truth_descent_flight_heading_correction_error_rad: 0.22
 * /stair_descent_manager/truth_descent_flight_heading_correction_speed_mps: 0.4
 * /stair_descent_manager/truth_descent_flight_heading_correction_yaw_rate_rps: 0.3
 * /stair_descent_manager/truth_descent_flight_heading_gain: 0.55
 * /stair_descent_manager/truth_descent_flight_initial_hold_drop_m: 0.18
 * /stair_descent_manager/truth_descent_flight_initial_ramp_end_drop_m: 0.45
 * /stair_descent_manager/truth_descent_flight_initial_speed_mps: 0.55
 * /stair_descent_manager/truth_descent_flight_max_yaw_rate_rps: 0.14
 * /stair_descent_manager/truth_descent_flight_severe_tilt_hold_sec: 0.8
 * /stair_descent_manager/truth_descent_flight_severe_tilt_rad: 0.6
 * /stair_descent_manager/truth_descent_flight_severe_tilt_speed_mps: 0.3
 * /stair_descent_manager/truth_descent_flight_tilt_hold_sec: 0.6
 * /stair_descent_manager/truth_descent_flight_tilt_slowdown_rad: 0.48
 * /stair_descent_manager/truth_descent_flight_tilt_speed_mps: 0.55
 * /stair_descent_manager/truth_descent_gain_up_drop_m: 0.35
 * /stair_descent_manager/truth_descent_landing_heading_tolerance_rad: 0.18
 * /stair_descent_manager/truth_descent_landing_minimum_x_speed_mps: 0.3
 * /stair_descent_manager/truth_descent_landing_minimum_yaw_rate_rps: 0.34
 * /stair_descent_manager/truth_descent_landing_position_tolerance_m: 0.12
 * /stair_descent_manager/truth_descent_landing_recenter_speed_mps: 0.4
 * /stair_descent_manager/truth_descent_landing_settle_seconds: 1.5
 * /stair_descent_manager/truth_descent_landing_slip_max_attempts: 4
 * /stair_descent_manager/truth_descent_landing_turn_speed_rps: 1.2
 * /stair_descent_manager/truth_descent_max_center_error_m: 0.4
 * /stair_descent_manager/truth_descent_minimum_upright_z: 0.55
 * /stair_descent_manager/truth_descent_segment_turn_alignment_minimum_speed_mps: 0.3
 * /stair_descent_manager/truth_descent_segment_turn_alignment_progress_min_m: 0.025
 * /stair_descent_manager/truth_descent_segment_turn_alignment_progress_timeout_sec: 3.0
 * /stair_descent_manager/truth_descent_segment_turn_drift_limit_m: 0.4
 * /stair_descent_manager/truth_descent_segment_turn_lateral_speed_mps: 0.4
 * /stair_descent_manager/truth_descent_segment_turn_position_tolerance_m: 0.16
 * /stair_descent_manager/truth_descent_segment_turn_progress_min_improvement_rad: 0.11
 * /stair_descent_manager/truth_descent_segment_turn_progress_timeout_sec: 2.8
 * /stair_descent_manager/truth_descent_segment_turn_side_speed_mps: 0.4
 * /stair_descent_manager/truth_descent_segment_turn_x_safe_tolerance_m: 0.25
 * /stair_descent_manager/truth_descent_segment_turn_y_safe_high_m: 1.95
 * /stair_descent_manager/truth_descent_segment_turn_yaw_rate_rps: 1.0
 * /stair_descent_manager/truth_descent_side_slip_pause_sec: 0.5
 * /stair_descent_manager/truth_descent_stall_seconds: 3.0
 * /stair_descent_manager/truth_descent_step_pause_interval_m: 0.18
 * /stair_descent_manager/truth_descent_step_pause_seconds: 0.0
 * /stair_descent_manager/truth_descent_trigger_timeout_sec: 2400.0
 * /stair_descent_manager/truth_descent_turn_forward_speed_mps: 0.08
 * /stair_descent_manager/truth_descent_turn_forward_y_limit_m: 4.82
 * /stair_descent_manager/truth_descent_turn_start_y: 5.05
 * /stair_descent_manager/truth_entry_guide: True
 * /stair_descent_manager/truth_two_stage_guide: True
 * /stair_transition_manager/ascent_maximum_speed_mps: 0.8
 * /stair_transition_manager/ascent_speed_mps: 0.8
 * /stair_transition_manager/ascent_timeout_sec: 70.0
 * /stair_transition_manager/auto_start: False
 * /stair_transition_manager/command_topic: /cmd_vel
 * /stair_transition_manager/enable_truth_return_gate: False
 * /stair_transition_manager/enable_visual_stair_alignment: False
 * /stair_transition_manager/entry_alignment_yaw_rate_rps: 0.4
 * /stair_transition_manager/flight_a_height_gain_m: 1.05
 * /stair_transition_manager/flight_b_timeout_sec: 70.0
 * /stair_transition_manager/hold_rl_during_ascent: True
 * /stair_transition_manager/landing_cross_distance_m: 0.95
 * /stair_transition_manager/landing_cross_speed_mps: 0.75
 * /stair_transition_manager/landing_heading_tolerance_rad: 0.15
 * /stair_transition_manager/landing_timeout_sec: 30.0
 * /stair_transition_manager/landing_turn_angle_rad: -2.4
 * /stair_transition_manager/landing_turn_speed_rps: 1.2
 * /stair_transition_manager/odom_topic: /Odometry_gazebo
 * /stair_transition_manager/offline_stair_model_sdf: /tmp/simenv_bridg...
 * /stair_transition_manager/offline_truth_layout_metadata: /tmp/simenv_bridg...
 * /stair_transition_manager/output_dir: /root/autodl-tmp/...
 * /stair_transition_manager/plane_policy: /root/autodl-tmp/...
 * /stair_transition_manager/policy_warmup_seconds: 0.2
 * /stair_transition_manager/pre_ascent_rl_fast_blend_seconds: 0.5
 * /stair_transition_manager/pre_ascent_rl_fast_takeover: True
 * /stair_transition_manager/pre_ascent_rl_fast_zero_hold_seconds: 0.15
 * /stair_transition_manager/pre_ascent_rl_settle_seconds: 0.6
 * /stair_transition_manager/pre_ascent_stand_seconds: 0.0
 * /stair_transition_manager/second_floor_handoff_timeout_sec: 90.0
 * /stair_transition_manager/second_floor_stable_seconds: 0.5
 * /stair_transition_manager/stair_policy: /root/autodl-tmp/...
 * /stair_transition_manager/total_height_gain_m: 2.2
 * /stair_transition_manager/truth_entry_final_speed_mps: 0.55
 * /stair_transition_manager/truth_entry_guide: True
 * /stair_transition_manager/truth_entry_guide_min_speed_mps: 0.25
 * /stair_transition_manager/truth_entry_guide_speed_mps: 0.45
 * /stair_transition_manager/truth_entry_timeout_sec: 120.0
 * /stair_transition_manager/truth_fixed_two_flight_profile: True
 * /stair_transition_manager/truth_flight_a_backslide_recovery_hold_seconds: 1.5
 * /stair_transition_manager/truth_flight_a_backslide_recovery_max_attempts: 2
 * /stair_transition_manager/truth_flight_a_backslide_recovery_ramp_seconds: 1.0
 * /stair_transition_manager/truth_flight_a_backslide_recovery_ramp_speed_mps: 0.4
 * /stair_transition_manager/truth_flight_a_climb_ramp_seconds: 1.2
 * /stair_transition_manager/truth_flight_a_near_edge_strong_center_error_m: 0.24
 * /stair_transition_manager/truth_flight_a_policy_capture_max_joint_velocity_rms: 0.18
 * /stair_transition_manager/truth_flight_a_policy_fast_fixed_stand: True
 * /stair_transition_manager/truth_flight_a_policy_fast_fixed_stand_duration_seconds: 0.5
 * /stair_transition_manager/truth_flight_a_policy_fast_fixed_stand_minimum_elapsed_seconds: 0.5
 * /stair_transition_manager/truth_flight_a_policy_fast_fixed_stand_minimum_gain_ratio: 0.75
 * /stair_transition_manager/truth_flight_a_policy_fast_fixed_stand_settle_seconds: 0.0
 * /stair_transition_manager/truth_flight_a_policy_fast_fixed_stand_stable_seconds: 0.5
 * /stair_transition_manager/truth_flight_a_policy_fixed_stand_ready_timeout_sec: 12.0
 * /stair_transition_manager/truth_flight_a_policy_require_fixed_stand_ready: True
 * /stair_transition_manager/truth_flight_a_policy_settle_seconds: 0.35
 * /stair_transition_manager/truth_flight_a_policy_settle_timeout_sec: 8.0
 * /stair_transition_manager/truth_flight_a_policy_stand_seconds: 0.1
 * /stair_transition_manager/truth_flight_a_policy_use_default_stand_target: False
 * /stair_transition_manager/truth_flight_a_prediction_horizon_sec: 1.1
 * /stair_transition_manager/truth_flight_a_rearward_slip_max_climb_speed_mps: 0.12
 * /stair_transition_manager/truth_flight_a_rearward_slip_speed_mps: 0.3
 * /stair_transition_manager/truth_flight_a_recovery_center_speed_mps: 0.22
 * /stair_transition_manager/truth_flight_a_recovery_forward_speed_mps: 0.6
 * /stair_transition_manager/truth_flight_a_require_fresh_ready: True
 * /stair_transition_manager/truth_flight_a_stall_release_seconds: 1.5
 * /stair_transition_manager/truth_flight_a_strong_recovery_forward_speed_mps: 0.4
 * /stair_transition_manager/truth_flight_b_max_yaw_rate_rps: 0.1
 * /stair_transition_manager/truth_flight_b_near_edge_strong_center_error_m: 0.24
 * /stair_transition_manager/truth_flight_b_pitch_min_height_gain_m: 0.08
 * /stair_transition_manager/truth_flight_b_pitch_rate_min_abs_rad: 0.6
 * /stair_transition_manager/truth_flight_b_pitch_rate_trigger_rps: 1.6
 * /stair_transition_manager/truth_flight_b_pitch_rate_window_sec: 0.18
 * /stair_transition_manager/truth_flight_b_pitch_recovery_max_attempts: 2
 * /stair_transition_manager/truth_flight_b_rearward_slip_speed_mps: 0.3
 * /stair_transition_manager/truth_flight_b_recovery_forward_speed_mps: 0.6
 * /stair_transition_manager/truth_flight_b_recovery_hold_seconds: 4.0
 * /stair_transition_manager/truth_flight_b_severe_pitch_detect_seconds: 0.1
 * /stair_transition_manager/truth_flight_b_severe_pitch_rad: 0.8
 * /stair_transition_manager/truth_flight_b_strong_recovery_forward_speed_mps: 0.4
 * /stair_transition_manager/truth_landing_recenter_speed_mps: 0.75
 * /stair_transition_manager/truth_two_stage_guide: True
 * /stair_transition_manager/two_flight_stair: True
 * /stair_transition_manager/upper_landing_clearance_grace_sec: 15.0
 * /stair_transition_manager/wait_for_second_floor_handoff: True
 * /stair_transition_manager/world_frame_ascent: True
 * /state_from_gazebo/robot_name: a1
 * /three_floor_rl_mission_supervisor/lobby_heading_stable_sec: 0.3
 * /three_floor_rl_mission_supervisor/lobby_initial_forward_speed_mps: 0.18
 * /three_floor_rl_mission_supervisor/lobby_linear_acceleration_mps2: 0.55
 * /three_floor_rl_mission_supervisor/minimum_upright_duration_sec: 0.6
 * /three_floor_rl_mission_supervisor/minimum_upright_z: 0.55
 * /three_floor_rl_mission_supervisor/mission_config: /tmp/simenv_bridg...
 * /three_floor_rl_mission_supervisor/mission_timeout_sec: 1800.0
 * /three_floor_rl_mission_supervisor/output_dir: /root/autodl-tmp/...
 * /three_floor_rl_mission_supervisor/plane_fast_takeover: True
 * /three_floor_rl_mission_supervisor/plane_fast_takeover_blend_seconds: 0.5
 * /three_floor_rl_mission_supervisor/plane_fast_takeover_zero_hold_seconds: 0.15
 * /three_floor_rl_mission_supervisor/plane_motion_start_ramp_initial_speed_mps: 0.3
 * /three_floor_rl_mission_supervisor/plane_motion_start_ramp_minimum_upright_z: 0.985
 * /three_floor_rl_mission_supervisor/plane_motion_start_ramp_seconds: 3.0
 * /three_floor_rl_mission_supervisor/progress_timeout_sec: 20.0
 * /unpause_after_controllers/controller_namespace: /a1_gazebo
 * /unpause_after_controllers/load_window_seconds: 2.0
 * /unpause_after_controllers/timeout: 120
 * /use_sim_time: True
 * /world_file: /tmp/simenv_bridg...

NODES
  /
    building_control (building_generator_classic/building_generator_classic_control)
    closed_loop_controller (scan_planner/closed_loop_controller)
    gazebo (gazebo_ros/gzserver)
    junior_ctrl (simenv_bridge/classic_trotting_controller.py)
    open_mapping_entrance (simenv_competitor/open_mapping_entrance.py)
    rl_floor_command_mux (simenv_bridge/rl_floor_command_mux.py)
    robot_state_publisher (robot_state_publisher/robot_state_publisher)
    scan_planner_node (scan_planner/scan_planner_node)
    scanplanner_plane_rl_bootstrap (simenv_competitor/controller_mode_bootstrap.py)
    scanplanner_pointcloud_bridge (simenv_bridge/scanplanner_pointcloud_bridge.py)
    scanplanner_red_ball_detector (simenv_bridge/danger_detector.py)
    scanplanner_three_floor_goal_sequencer (simenv_bridge/scanplanner_three_floor_goal_sequencer.py)
    second_to_third_floor_stair_manager (simenv_bridge/stair_transition_manager.py)
    stair_descent_manager (simenv_bridge/stair_descent_manager.py)
    stair_transition_manager (simenv_bridge/stair_transition_manager.py)
    state_from_gazebo (unitree_guide/state_from_gazebo)
    three_floor_rl_mission_supervisor (simenv_bridge/three_floor_rl_mission_supervisor.py)
    unpause_after_controllers (simenv_competitor/unpause_after_controllers.py)
    urdf_spawner (gazebo_ros/spawn_model)
  /a1_gazebo/
    controller_spawner (controller_manager/spawner)
[WARN] [1788328598.228874251]: [closed_loop_controller] ready.
hit: 1.7346
miss: -0.847298
min log: -1.99243
max: 3.89182
thresh log: 1.38629
Using junior_ctrl: /root/autodl-tmp/code/restore/0803b/0902overall/SimEnv-master/.portable/devel/lib/unitree_guide/junior_ctrl
Waiting for Gazebo A1 joint state and trunk IMU before junior_ctrl
[INFO] [1788328599.416554813]: Finished loading Gazebo ROS API Plugin.
[INFO] [1788328599.425212676]: waitForService: Service [/gazebo/set_physics_properties] has not been advertised, waiting...
[INFO] [1788328602.024640187]: waitForService: Service [/gazebo/set_physics_properties] is now available.
[INFO] [1788328602.053130861]: Physics dynamic reconfigure ready.
[INFO] [1788328602.447609616]: <initialOrientationAsReference> is unset, using default value of false to comply with REP 145 (world as orientation reference)
[INFO] [1788328602.447676344]: <robotNamespace> set to: //
[INFO] [1788328602.447687926]: <topicName> set to: trunk_imu
[INFO] [1788328602.447694910]: <frameName> set to: imu_link
[INFO] [1788328602.447726602]: <updateRateHZ> set to: 1000
[INFO] [1788328602.447739618]: <gaussianNoise> set to: 0
[INFO] [1788328602.447770034]: <xyzOffset> set to: 0 0 0
[INFO] [1788328602.447796883]: <rpyOffset> set to: 0 -0 0
[INFO] [1788328602.521697156]: load csv file name:/root/autodl-tmp/code/restore/0803b/0902overall/runtime_assets/SimEnv/src/unitree_guide/unitree_ros/robots/a1_description/scan_mode/mid360_stable.csv
cannot convert str:
data size:2500
[INFO] [1788328599.090493, 0.000000]: Waiting to open mapping entrance main_entrance
[INFO] [1788328604.021460, 0.000000]: Mapping entrance ready: door 'main_entrance' set to open
[INFO] [1788328599.060945, 0.000000]: Loading model XML from ros parameter robot_description
[INFO] [1788328599.076607, 0.000000]: Waiting for service /gazebo/spawn_urdf_model
[INFO] [1788328602.137225, 0.000000]: Calling service /gazebo/spawn_urdf_model
[INFO] [1788328604.011482, 0.000000]: Spawn status: SpawnModel: Successfully spawned entity
[INFO] [1788328604.014043, 0.000000]: Waiting for service /gazebo/set_model_configuration
[INFO] [1788328604.021415, 0.000000]: temporary hack to **fix** the -J joint position option (issue #93), sleeping for 1 second to avoid race condition.
[INFO] [1788328605.025561, 0.000000]: Calling service /gazebo/set_model_configuration
[INFO] [1788328605.034738, 0.000000]: Set model configuration status: SetModelConfiguration: success
[INFO] [1788328607.553303, 0.000000]: Gazebo unpaused after 2.0 s paused controller-load window
[INFO] [1788328607.560982, 0.006000]: All 13 A1 controllers reached running state
A1 sensors and 12 joint controllers are ready; starting classic junior_ctrl
[WARNING] Could not enable SCHED_FIFO scheduler: Operation not permitted. Controller will continue with the normal scheduler.
The control interface for ROS Gazebo simulation
robot_name: a1
controller dt: 0.004 s, frequency: 250.000 Hz
classic gait profile=trot period=0.550s stance_ratio=0.650
/root/autodl-tmp/code/restore/0803b/0902overall/runtime_assets/SimEnv/src/unitree_guide/logs/policy_act_inference_plane.pt
cuda::is_available():1
RL inference device: cpu (requested=hybrid, policy=plane)
[INFO] RL policy resident in preload cache: /root/autodl-tmp/code/restore/0803b/0902overall/runtime_assets/SimEnv/src/unitree_guide/logs/policy_act_inference_plane.pt
cuda::is_available():1
RL inference device: cpu (requested=hybrid, policy=plane)
load model is successed!
load model to device!
[INFO] UNITREE_RL_PRELOAD_PLANE_POLICY already cached: /root/autodl-tmp/code/restore/0803b/0902overall/runtime_assets/SimEnv/src/unitree_guide/logs/policy_act_inference_plane.pt
cuda::is_available():1
RL inference device: cuda (requested=hybrid, policy=stair)
[INFO] RL policy resident in preload cache: /root/autodl-tmp/code/restore/0803b/0902overall/runtime_assets/SimEnv/src/unitree_guide/logs/policy_act_inference_stair.pt
[INFO] UNITREE_RL_PRELOAD_STAIR_POLICY preloaded: /root/autodl-tmp/code/restore/0803b/0902overall/runtime_assets/SimEnv/src/unitree_guide/logs/policy_act_inference_stair.pt
[INFO] RL observation source: trunk IMU and joint states (no ground truth).
[INFO] Autonomous startup: entering fixed stand (hold until /joy RL).
Switched from passive to fixed stand
[INFO] [1788328609.253763864, 1.184000000]: [SCANReplanFSM] Set RViz goal height from initial body_pose z: 0.184
[FSM]: state: INIT
wait for goal.
[FSM]: state: INIT
wait for goal.
[FSM]: state: INIT
wait for goal.
[FSM]: state: INIT
wait for goal.
[INFO] Hold-stand released; RL requested.
Switched from fixed stand to RL
[INFO] Entered RL /cmd_vel mode.
[FSM]: state: INIT
wait for goal.
[FSM]: state: INIT
wait for goal.
[FSM]: state: INIT
wait for goal.
[FSM]: state: INIT
wait for goal.
[FSM]: state: INIT
wait for goal.
[FSM]: state: INIT
wait for goal.
[INFO] [1788328617.509968725, 6.363000000]: RL policy input vx=0.000 vy=0.000 wz=0.000 action_rms=0.321 ready=0 userCmd=0 kbd=0 raw=0.000,0.000,0.000 grav=-0.02,-0.00,-0.98
[INFO] [1788328621.154448605, 8.365000000]: RL policy input vx=0.000 vy=0.000 wz=0.000 action_rms=0.192 ready=0 userCmd=0 kbd=0 raw=0.000,0.000,0.000 grav=-0.02,0.06,-0.98
[INFO] [1788328625.138044360, 10.381000000]: RL policy input vx=0.000 vy=0.000 wz=0.000 action_rms=0.149 ready=0 userCmd=0 kbd=0 raw=0.000,0.000,0.000 grav=0.00,0.00,-0.98
[INFO] [1788328627.834371283, 11.718000000]: RL locomotion_ready latched after 5.50 s takeover and 5.35 s stable hold
cuda::is_available():1
RL inference device: cuda (requested=hybrid, policy=stair)
[INFO] RL policy hot-switched from preload cache: /root/autodl-tmp/code/restore/0803b/0902overall/runtime_assets/SimEnv/src/unitree_guide/logs/policy_act_inference_stair.pt
[FSM]: state: INIT
wait for goal.
[FSM]: state: INIT
wait for goal.
[FSM]: state: INIT
wait for goal.
[FSM]: state: INIT
wait for goal.
[FSM]: state: INIT
wait for goal.
[FSM]: state: INIT
wait for goal.
[FSM]: state: INIT
wait for goal.
[FSM]: state: INIT
wait for goal.
[FSM]: state: INIT
wait for goal.
[FSM]: state: INIT
wait for goal.
[FSM]: state: INIT
wait for goal.
[FSM]: state: INIT
wait for goal.
[FSM]: state: INIT
wait for goal.
[FSM]: state: INIT
wait for goal.
[FSM]: state: INIT
wait for goal.
[WARN] [1788328656.238523463, 27.351000000]: Using one-shot plane RL takeover profile: blend 0.50 s, zero hold 0.15 s
[FSM]: state: INIT
wait for goal.
[INFO] [1788328629.135113027, 12.389000000]: RL policy input vx=0.000 vy=0.000 wz=0.000 action_rms=0.148 ready=0 userCmd=0 kbd=0 raw=0.000,0.000,0.000 grav=0.01,0.01,-0.98
[INFO] [1788328632.959550566, 14.406000000]: RL policy input vx=0.000 vy=0.000 wz=0.000 action_rms=0.145 ready=0 userCmd=0 kbd=0 raw=0.000,0.000,0.000 grav=-0.01,0.02,-0.98
[INFO] [1788328636.732921025, 16.422000000]: RL policy input vx=0.000 vy=0.000 wz=0.000 action_rms=0.145 ready=0 userCmd=0 kbd=0 raw=0.000,0.000,0.000 grav=-0.01,0.02,-0.98
[INFO] [1788328638.071408739, 17.258000000]: RL locomotion_ready latched after 5.50 s takeover and 5.18 s stable hold
[INFO] [1788328640.238627468, 18.439000000]: RL policy input vx=0.348 vy=-0.013 wz=-0.006 action_rms=0.176 ready=1 userCmd=0 kbd=0 raw=0.348,-0.013,-0.006 grav=0.00,0.03,-0.98
[INFO] [1788328643.673706608, 20.443000000]: RL policy input vx=0.522 vy=0.009 wz=0.001 action_rms=0.497 ready=1 userCmd=0 kbd=0 raw=0.522,0.009,0.001 grav=0.03,-0.09,-0.98
[INFO] [1788328647.434650696, 22.456000000]: RL policy input vx=0.418 vy=-0.050 wz=-0.036 action_rms=0.160 ready=1 userCmd=0 kbd=0 raw=0.418,-0.050,-0.036 grav=-0.00,0.02,-0.98
[INFO] [1788328651.048302220, 24.476000000]: RL policy input vx=0.420 vy=0.003 wz=-0.028 action_rms=0.150 ready=1 userCmd=0 kbd=0 raw=0.420,0.003,-0.028 grav=-0.00,0.02,-0.98
[INFO] [1788328654.552424518, 26.483000000]: RL policy input vx=0.420 vy=0.009 wz=-0.056 action_rms=0.189 ready=1 userCmd=0 kbd=0 raw=0.420,0.009,-0.056 grav=0.19,0.01,-0.96
cuda::is_available():1
RL inference device: cpu (requested=hybrid, policy=plane)
[INFO] RL policy hot-switched from preload cache: /root/autodl-tmp/code/restore/0803b/0902overall/runtime_assets/SimEnv/src/unitree_guide/logs/policy_act_inference_plane.pt
[FSM]: state: INIT
wait for goal.
[FSM]: state: INIT
wait for goal.
[FSM]: state: INIT
wait for goal.
[FSM]: state: INIT
wait for goal.
[FSM]: state: INIT
wait for goal.
[FSM]: state: INIT
wait for goal.
[FSM]: state: INIT
wait for goal.
[FSM]: state: INIT
wait for goal.
[FSM]: state: INIT
wait for goal.
[FSM]: state: INIT
wait for goal.
[FSM]: state: INIT
wait for goal.
[FSM]: state: INIT
wait for goal.
[FSM]: state: INIT
wait for goal.
Warning: TF_REPEATED_DATA ignoring data with redundant timestamp for frame sliding_map (parent world) at time 42.787000 according to authority /scan_planner_node
         at line 277 in /tmp/binarydeb/ros-noetic-tf2-0.7.10/src/buffer_core.cpp
[FSM]: state: INIT
wait for goal.
[FSM]: state: INIT
wait for goal.
Warning: TF_REPEATED_DATA ignoring data with redundant timestamp for frame sliding_map (parent world) at time 44.387000 according to authority /scan_planner_node
         at line 277 in /tmp/binarydeb/ros-noetic-tf2-0.7.10/src/buffer_core.cpp
[FSM]: state: INIT
wait for goal.
[FSM]: state: INIT
wait for goal.
Warning: TF_REPEATED_DATA ignoring data with redundant timestamp for frame sliding_map (parent world) at time 47.192000 according to authority /scan_planner_node
         at line 277 in /tmp/binarydeb/ros-noetic-tf2-0.7.10/src/buffer_core.cpp
[FSM]: state: INIT
wait for goal.
[FSM]: state: INIT
wait for goal.
[FSM]: state: INIT
wait for goal.
Warning: TF_REPEATED_DATA ignoring data with redundant timestamp for frame sliding_map (parent world) at time 49.890000 according to authority /scan_planner_node
         at line 277 in /tmp/binarydeb/ros-noetic-tf2-0.7.10/src/buffer_core.cpp
Warning: TF_REPEATED_DATA ignoring data with redundant timestamp for frame sliding_map (parent world) at time 50.092000 according to authority /scan_planner_node
         at line 277 in /tmp/binarydeb/ros-noetic-tf2-0.7.10/src/buffer_core.cpp
Warning: TF_REPEATED_DATA ignoring data with redundant timestamp for frame sliding_map (parent world) at time 50.296000 according to authority /scan_planner_node
         at line 277 in /tmp/binarydeb/ros-noetic-tf2-0.7.10/src/buffer_core.cpp
Warning: TF_REPEATED_DATA ignoring data with redundant timestamp for frame sliding_map (parent world) at time 50.488000 according to authority /scan_planner_node
         at line 277 in /tmp/binarydeb/ros-noetic-tf2-0.7.10/src/buffer_core.cpp
Warning: TF_REPEATED_DATA ignoring data with redundant timestamp for frame sliding_map (parent world) at time 50.688000 according to authority /scan_planner_node
         at line 277 in /tmp/binarydeb/ros-noetic-tf2-0.7.10/src/buffer_core.cpp
Warning: TF_REPEATED_DATA ignoring data with redundant timestamp for frame sliding_map (parent world) at time 50.899000 according to authority /scan_planner_node
         at line 277 in /tmp/binarydeb/ros-noetic-tf2-0.7.10/src/buffer_core.cpp
[FSM]: state: INIT
wait for goal.
Warning: TF_REPEATED_DATA ignoring data with redundant timestamp for frame sliding_map (parent world) at time 51.097000 according to authority /scan_planner_node
         at line 277 in /tmp/binarydeb/ros-noetic-tf2-0.7.10/src/buffer_core.cpp
Warning: TF_REPEATED_DATA ignoring data with redundant timestamp for frame sliding_map (parent world) at time 51.690000 according to authority /scan_planner_node
         at line 277 in /tmp/binarydeb/ros-noetic-tf2-0.7.10/src/buffer_core.cpp
[FSM]: state: INIT
wait for goal.
[FSM]: state: INIT
wait for goal.
Warning: TF_REPEATED_DATA ignoring data with redundant timestamp for frame sliding_map (parent world) at time 54.091000 according to authority /scan_planner_node
         at line 277 in /tmp/binarydeb/ros-noetic-tf2-0.7.10/src/buffer_core.cpp
Warning: TF_REPEATED_DATA ignoring data with redundant timestamp for frame sliding_map (parent world) at time 54.291000 according to authority /scan_planner_node
         at line 277 in /tmp/binarydeb/ros-noetic-tf2-0.7.10/src/buffer_core.cpp
[FSM]: state: INIT
wait for goal.
[FSM]: state: INIT
wait for goal.
Warning: TF_REPEATED_DATA ignoring data with redundant timestamp for frame sliding_map (parent world) at time 55.892000 according to authority /scan_planner_node
         at line 277 in /tmp/binarydeb/ros-noetic-tf2-0.7.10/src/buffer_core.cpp
Warning: TF_REPEATED_DATA ignoring data with redundant timestamp for frame sliding_map (parent world) at time 56.095000 according to authority /scan_planner_node
         at line 277 in /tmp/binarydeb/ros-noetic-tf2-0.7.10/src/buffer_core.cpp
Warning: TF_REPEATED_DATA ignoring data with redundant timestamp for frame sliding_map (parent world) at time 56.295000 according to authority /scan_planner_node
         at line 277 in /tmp/binarydeb/ros-noetic-tf2-0.7.10/src/buffer_core.cpp
Warning: TF_REPEATED_DATA ignoring data with redundant timestamp for frame sliding_map (parent world) at time 56.497000 according to authority /scan_planner_node
         at line 277 in /tmp/binarydeb/ros-noetic-tf2-0.7.10/src/buffer_core.cpp
Warning: TF_REPEATED_DATA ignoring data with redundant timestamp for frame sliding_map (parent world) at time 56.688000 according to authority /scan_planner_node
         at line 277 in /tmp/binarydeb/ros-noetic-tf2-0.7.10/src/buffer_core.cpp
[FSM]: state: INIT
wait for goal.
Warning: TF_REPEATED_DATA ignoring data with redundant timestamp for frame sliding_map (parent world) at time 56.911000 according to authority /scan_planner_node
         at line 277 in /tmp/binarydeb/ros-noetic-tf2-0.7.10/src/buffer_core.cpp
Warning: TF_REPEATED_DATA ignoring data with redundant timestamp for frame sliding_map (parent world) at time 57.101000 according to authority /scan_planner_node
         at line 277 in /tmp/binarydeb/ros-noetic-tf2-0.7.10/src/buffer_core.cpp
Warning: TF_REPEATED_DATA ignoring data with redundant timestamp for frame sliding_map (parent world) at time 57.294000 according to authority /scan_planner_node
         at line 277 in /tmp/binarydeb/ros-noetic-tf2-0.7.10/src/buffer_core.cpp
Warning: TF_REPEATED_DATA ignoring data with redundant timestamp for frame sliding_map (parent world) at time 57.890000 according to authority /scan_planner_node
         at line 277 in /tmp/binarydeb/ros-noetic-tf2-0.7.10/src/buffer_core.cpp
[FSM]: state: INIT
wait for goal.
Warning: TF_REPEATED_DATA ignoring data with redundant timestamp for frame sliding_map (parent world) at time 58.090000 according to authority /scan_planner_node
         at line 277 in /tmp/binarydeb/ros-noetic-tf2-0.7.10/src/buffer_core.cpp
Warning: TF_REPEATED_DATA ignoring data with redundant timestamp for frame sliding_map (parent world) at time 58.288000 according to authority /scan_planner_node
         at line 277 in /tmp/binarydeb/ros-noetic-tf2-0.7.10/src/buffer_core.cpp
[FSM]: state: INIT
wait for goal.
[FSM]: state: INIT
wait for goal.
[FSM]: state: INIT
wait for goal.
Warning: TF_REPEATED_DATA ignoring data with redundant timestamp for frame sliding_map (parent world) at time 61.588000 according to authority /scan_planner_node
         at line 277 in /tmp/binarydeb/ros-noetic-tf2-0.7.10/src/buffer_core.cpp
Warning: TF_REPEATED_DATA ignoring data with redundant timestamp for frame sliding_map (parent world) at time 61.687000 according to authority /scan_planner_node
         at line 277 in /tmp/binarydeb/ros-noetic-tf2-0.7.10/src/buffer_core.cpp
Warning: TF_REPEATED_DATA ignoring data with redundant timestamp for frame sliding_map (parent world) at time 61.888000 according to authority /scan_planner_node
         at line 277 in /tmp/binarydeb/ros-noetic-tf2-0.7.10/src/buffer_core.cpp
Warning: TF_REPEATED_DATA ignoring data with redundant timestamp for frame sliding_map (parent world) at time 62.087000 according to authority /scan_planner_node
         at line 277 in /tmp/binarydeb/ros-noetic-tf2-0.7.10/src/buffer_core.cpp
Warning: TF_REPEATED_DATA ignoring data with redundant timestamp for frame sliding_map (parent world) at time 62.489000 according to authority /scan_planner_node
         at line 277 in /tmp/binarydeb/ros-noetic-tf2-0.7.10/src/buffer_core.cpp
[FSM]: state: INIT
wait for goal.
[FSM]: state: INIT
wait for goal.
[FSM]: state: INIT
wait for goal.
[FSM]: state: INIT
wait for goal.
Warning: TF_REPEATED_DATA ignoring data with redundant timestamp for frame sliding_map (parent world) at time 66.489000 according to authority /scan_planner_node
         at line 277 in /tmp/binarydeb/ros-noetic-tf2-0.7.10/src/buffer_core.cpp
[FSM]: state: INIT
wait for goal.
Warning: TF_REPEATED_DATA ignoring data with redundant timestamp for frame sliding_map (parent world) at time 67.710000 according to authority /scan_planner_node
         at line 277 in /tmp/binarydeb/ros-noetic-tf2-0.7.10/src/buffer_core.cpp
[FSM]: state: INIT
wait for goal.
[FSM]: state: INIT
wait for goal.
[FSM]: state: INIT
wait for goal.
Warning: TF_REPEATED_DATA ignoring data with redundant timestamp for frame sliding_map (parent world) at time 71.189000 according to authority /scan_planner_node
         at line 277 in /tmp/binarydeb/ros-noetic-tf2-0.7.10/src/buffer_core.cpp
Warning: TF_REPEATED_DATA ignoring data with redundant timestamp for frame sliding_map (parent world) at time 71.387000 according to authority /scan_planner_node
         at line 277 in /tmp/binarydeb/ros-noetic-tf2-0.7.10/src/buffer_core.cpp
Warning: TF_REPEATED_DATA ignoring data with redundant timestamp for frame sliding_map (parent world) at time 71.788000 according to authority /scan_planner_node
         at line 277 in /tmp/binarydeb/ros-noetic-tf2-0.7.10/src/buffer_core.cpp
[FSM]: state: INIT
wait for goal.
[INFO] [1788328657.745282584, 28.163000000]: RL locomotion_ready latched after 0.81 s takeover and 0.15 s stable hold
[INFO] [1788328658.424085278, 28.485000000]: RL policy input vx=0.544 vy=-0.001 wz=-0.002 action_rms=0.174 ready=1 userCmd=0 kbd=0 raw=0.544,-0.001,-0.002 grav=0.01,0.03,-0.98
[INFO] [1788328662.229996734, 30.502000000]: RL policy input vx=2.250 vy=0.045 wz=0.022 action_rms=0.347 ready=1 userCmd=0 kbd=0 raw=2.250,0.045,0.022 grav=0.05,0.03,-0.98
[INFO] [1788328665.862069185, 32.503000000]: RL policy input vx=2.250 vy=0.047 wz=0.023 action_rms=0.335 ready=1 userCmd=0 kbd=0 raw=2.250,0.047,0.023 grav=0.02,0.00,-0.98
[INFO] [1788328669.537177997, 34.505000000]: RL policy input vx=2.250 vy=-0.021 wz=-0.010 action_rms=0.283 ready=1 userCmd=0 kbd=0 raw=2.250,-0.021,-0.010 grav=-0.01,-0.06,-0.98
[INFO] [1788328672.914683927, 36.510000000]: RL policy input vx=2.058 vy=-0.057 wz=-0.030 action_rms=0.407 ready=1 userCmd=0 kbd=0 raw=2.058,-0.057,-0.030 grav=0.03,0.02,-0.98
[INFO] [1788328676.357766396, 38.519000000]: RL policy input vx=0.316 vy=0.136 wz=0.447 action_rms=0.232 ready=1 userCmd=0 kbd=0 raw=0.316,0.136,0.447 grav=0.01,0.01,-0.98
[INFO] [1788328679.694993104, 40.540000000]: RL policy input vx=0.447 vy=0.000 wz=0.125 action_rms=0.210 ready=1 userCmd=0 kbd=0 raw=0.447,0.000,0.125 grav=-0.00,-0.01,-0.98
[INFO] [1788328683.089818788, 42.558000000]: RL policy input vx=0.450 vy=0.000 wz=0.009 action_rms=0.202 ready=1 userCmd=0 kbd=0 raw=0.450,0.000,0.009 grav=0.01,-0.01,-0.98
[INFO] [1788328686.576761469, 44.573000000]: RL policy input vx=2.088 vy=0.492 wz=0.255 action_rms=0.265 ready=1 userCmd=0 kbd=0 raw=2.088,0.492,0.255 grav=-0.02,0.08,-0.98
[INFO] [1788328690.145958679, 46.585000000]: RL policy input vx=0.726 vy=0.051 wz=0.077 action_rms=0.340 ready=1 userCmd=0 kbd=0 raw=0.726,0.051,0.077 grav=0.02,-0.05,-0.98
[INFO] [1788328693.529999975, 48.588000000]: RL policy input vx=0.000 vy=0.000 wz=-2.550 action_rms=0.190 ready=1 userCmd=0 kbd=0 raw=0.000,0.000,-2.550 grav=0.01,0.02,-0.98
[INFO] [1788328696.734373769, 50.591000000]: RL policy input vx=0.000 vy=0.000 wz=0.511 action_rms=0.142 ready=1 userCmd=0 kbd=0 raw=0.000,0.000,0.511 grav=0.01,-0.00,-0.98
[INFO] [1788328699.999806251, 52.609000000]: RL policy input vx=1.740 vy=0.657 wz=0.397 action_rms=0.237 ready=1 userCmd=0 kbd=0 raw=1.740,0.657,0.397 grav=-0.02,0.06,-0.98
[INFO] [1788328703.264601916, 54.617000000]: RL policy input vx=0.298 vy=0.034 wz=0.126 action_rms=0.155 ready=1 userCmd=0 kbd=0 raw=0.298,0.034,0.126 grav=0.02,-0.00,-0.98
[INFO] [1788328706.481707092, 56.635000000]: RL policy input vx=0.000 vy=0.000 wz=2.339 action_rms=0.184 ready=1 userCmd=0 kbd=0 raw=0.000,0.000,2.339 grav=0.03,0.02,-0.98
[INFO] [1788328709.798870363, 58.647000000]: RL policy input vx=0.459 vy=0.057 wz=0.135 action_rms=0.263 ready=1 userCmd=0 kbd=0 raw=0.459,0.057,0.135 grav=0.02,-0.01,-0.98
[INFO] [1788328713.144000064, 60.662000000]: RL policy input vx=0.448 vy=0.000 wz=0.106 action_rms=0.165 ready=1 userCmd=0 kbd=0 raw=0.448,0.000,0.106 grav=-0.01,-0.03,-0.98
[INFO] [1788328716.376459517, 62.673000000]: RL policy input vx=0.450 vy=0.000 wz=0.006 action_rms=0.285 ready=1 userCmd=0 kbd=0 raw=0.450,0.000,0.006 grav=0.01,-0.01,-0.98
[INFO] [1788328719.603397999, 64.676000000]: RL policy input vx=0.717 vy=-0.001 wz=-0.002 action_rms=0.207 ready=1 userCmd=0 kbd=0 raw=0.717,-0.001,-0.002 grav=-0.01,-0.03,-0.98
[INFO] [1788328722.787937423, 66.676000000]: RL policy input vx=0.450 vy=0.000 wz=-0.020 action_rms=0.154 ready=1 userCmd=0 kbd=0 raw=0.450,0.000,-0.020 grav=0.01,-0.02,-0.98
[INFO] [1788328726.058996788, 68.684000000]: RL policy input vx=0.450 vy=0.000 wz=-0.020 action_rms=0.250 ready=1 userCmd=0 kbd=0 raw=0.450,0.000,-0.020 grav=0.01,-0.02,-0.98
[INFO] [1788328729.206474581, 70.689000000]: RL policy input vx=1.034 vy=-0.308 wz=-0.319 action_rms=0.221 ready=1 userCmd=0 kbd=0 raw=1.034,-0.308,-0.319 grav=0.02,-0.06,-0.98
[INFO] [1788328732.343695960, 72.698000000]: RL policy input vx=0.489 vy=0.266 wz=0.548 action_rms=0.287 ready=1 userCmd=0 kbd=0 raw=0.489,0.266,0.54[FSM]: state: INIT
wait for goal.
Warning: TF_REPEATED_DATA ignoring data with redundant timestamp for frame sliding_map (parent world) at time 74.193000 according to authority /scan_planner_node
         at line 277 in /tmp/binarydeb/ros-noetic-tf2-0.7.10/src/buffer_core.cpp
Warning: TF_REPEATED_DATA ignoring data with redundant timestamp for frame sliding_map (parent world) at time 74.392000 according to authority /scan_planner_node
         at line 277 in /tmp/binarydeb/ros-noetic-tf2-0.7.10/src/buffer_core.cpp
[FSM]: state: INIT
wait for goal.
Warning: TF_REPEATED_DATA ignoring data with redundant timestamp for frame sliding_map (parent world) at time 75.490000 according to authority /scan_planner_node
         at line 277 in /tmp/binarydeb/ros-noetic-tf2-0.7.10/src/buffer_core.cpp
[FSM]: state: INIT
wait for goal.
[FSM]: state: INIT
wait for goal.
[FSM]: state: INIT
wait for goal.
[FSM]: state: INIT
wait for goal.
Warning: TF_REPEATED_DATA ignoring data with redundant timestamp for frame sliding_map (parent world) at time 79.889000 according to authority /scan_planner_node
         at line 277 in /tmp/binarydeb/ros-noetic-tf2-0.7.10/src/buffer_core.cpp
Warning: TF_REPEATED_DATA ignoring data with redundant timestamp for frame sliding_map (parent world) at time 80.094000 according to authority /scan_planner_node
         at line 277 in /tmp/binarydeb/ros-noetic-tf2-0.7.10/src/buffer_core.cpp
[FSM]: state: INIT
wait for goal.
Warning: TF_REPEATED_DATA ignoring data with redundant timestamp for frame sliding_map (parent world) at time 80.694000 according to authority /scan_planner_node
         at line 277 in /tmp/binarydeb/ros-noetic-tf2-0.7.10/src/buffer_core.cpp
[FSM]: state: INIT
wait for goal.
Warning: TF_REPEATED_DATA ignoring data with redundant timestamp for frame sliding_map (parent world) at time 81.589000 according to authority /scan_planner_node
         at line 277 in /tmp/binarydeb/ros-noetic-tf2-0.7.10/src/buffer_core.cpp
Warning: TF_REPEATED_DATA ignoring data with redundant timestamp for frame sliding_map (parent world) at time 82.090000 according to authority /scan_planner_node
         at line 277 in /tmp/binarydeb/ros-noetic-tf2-0.7.10/src/buffer_core.cpp
[FSM]: state: INIT
wait for goal.
Warning: TF_REPEATED_DATA ignoring data with redundant timestamp for frame sliding_map (parent world) at time 83.589000 according to authority /scan_planner_node
         at line 277 in /tmp/binarydeb/ros-noetic-tf2-0.7.10/src/buffer_core.cpp
[FSM]: state: INIT
wait for goal.
Warning: TF_REPEATED_DATA ignoring data with redundant timestamp for frame sliding_map (parent world) at time 83.988000 according to authority /scan_planner_node
         at line 277 in /tmp/binarydeb/ros-noetic-tf2-0.7.10/src/buffer_core.cpp
[FSM]: state: INIT
wait for goal.
[FSM]: state: INIT
wait for goal.
Warning: TF_REPEATED_DATA ignoring data with redundant timestamp for frame sliding_map (parent world) at time 86.993000 according to authority /scan_planner_node
         at line 277 in /tmp/binarydeb/ros-noetic-tf2-0.7.10/src/buffer_core.cpp
[FSM]: state: INIT
wait for goal.
[FSM]: state: INIT
wait for goal.
[FSM]: state: INIT
wait for goal.
[FSM]: state: INIT
wait for goal.
Warning: TF_REPEATED_DATA ignoring data with redundant timestamp for frame sliding_map (parent world) at time 91.689000 according to authority /scan_planner_node
         at line 277 in /tmp/binarydeb/ros-noetic-tf2-0.7.10/src/buffer_core.cpp
[FSM]: state: INIT
wait for goal.
[FSM]: state: INIT
wait for goal.
[FSM]: state: INIT
wait for goal.
[FSM]: state: INIT
wait for goal.
[FSM]: state: INIT
wait for goal.
[FSM]: state: INIT
wait for goal.
[FSM]: state: INIT
wait for goal.
[FSM]: state: INIT
wait for goal.
[FSM]: state: INIT
wait for goal.
[FSM]: state: INIT
wait for goal.
[FSM]: state: INIT
wait for goal.
[FSM]: state: INIT
wait for goal.
[FSM]: state: INIT
wait for goal.
[FSM]: state: INIT
wait for goal.
[FSM]: state: INIT
wait for goal.
[FSM]: state: INIT
wait for goal.
[FSM]: state: INIT
wait for goal.
Warning: TF_REPEATED_DATA ignoring data with redundant timestamp for frame sliding_map (parent world) at time 110.292000 according to authority /scan_planner_node
         at line 277 in /tmp/binarydeb/ros-noetic-tf2-0.7.10/src/buffer_core.cpp
Warning: TF_REPEATED_DATA ignoring data with redundant timestamp for frame sliding_map (parent world) at time 110.488000 according to authority /scan_planner_node
         at line 277 in /tmp/binarydeb/ros-noetic-tf2-0.7.10/src/buffer_core.cpp
[FSM]: state: INIT
wait for goal.
Warning: TF_REPEATED_DATA ignoring data with redundant timestamp for frame sliding_map (parent world) at time 111.292000 according to authority /scan_planner_node
         at line 277 in /tmp/binarydeb/ros-noetic-tf2-0.7.10/src/buffer_core.cpp
[FSM]: state: INIT
wait for goal.
Warning: TF_REPEATED_DATA ignoring data with redundant timestamp for frame sliding_map (parent world) at time 113.094000 according to authority /scan_planner_node
         at line 277 in /tmp/binarydeb/ros-noetic-tf2-0.7.10/src/buffer_core.cpp
[FSM]: state: INIT
wait for goal.
Warning: TF_REPEATED_DATA ignoring data with redundant timestamp for frame sliding_map (parent world) at time 113.295000 according to authority /scan_planner_node
         at line 277 in /tmp/binarydeb/ros-noetic-tf2-0.7.10/src/buffer_core.cpp
Warning: TF_REPEATED_DATA ignoring data with redundant timestamp for frame sliding_map (parent world) at time 113.892000 according to authority /scan_planner_node
         at line 277 in /tmp/binarydeb/ros-noetic-tf2-0.7.10/src/buffer_core.cpp
[FSM]: state: INIT
wait for goal.
Warning: TF_REPEATED_DATA ignoring data with redundant timestamp for frame sliding_map (parent world) at time 114.896000 according to authority /scan_planner_node
         at line 277 in /tmp/binarydeb/ros-noetic-tf2-0.7.10/src/buffer_core.cpp
Warning: TF_REPEATED_DATA ignoring data with redundant timestamp for frame sliding_map (parent world) at time 115.098000 according to authority /scan_planner_node
         at line 277 in /tmp/binarydeb/ros-noetic-tf2-0.7.10/src/buffer_core.cpp
[FSM]: state: INIT
wait for goal.
Warning: TF_REPEATED_DATA ignoring data with redundant timestamp for frame sliding_map (parent world) at time 116.188000 according to authority /scan_planner_node
         at line 277 in /tmp/binarydeb/ros-noetic-tf2-0.7.10/src/buffer_core.cpp
Warning: TF_REPEATED_DATA ignoring data with redundant timestamp for frame sliding_map (parent world) at time 116.494000 according to authority /scan_planner_node
         at line 277 in /tmp/binarydeb/ros-noetic-tf2-0.7.10/src/buffer_core.cpp
[FSM]: state: INIT
wait for goal.
[FSM]: state: INIT
wait for goal.
[FSM]: state: INIT
wait for goal.
[FSM]: state: INIT
wait for goal.
8 grav=-0.01,-0.03,-0.98
[INFO] [1788328735.674728841, 74.704000000]: RL policy input vx=0.000 vy=0.000 wz=2.550 action_rms=0.110 ready=1 userCmd=0 kbd=0 raw=0.000,0.000,2.550 grav=0.01,-0.01,-0.98
[INFO] [1788328739.344988993, 76.723000000]: RL policy input vx=0.000 vy=0.000 wz=-1.150 action_rms=0.170 ready=1 userCmd=0 kbd=0 raw=0.000,0.000,-1.150 grav=0.02,-0.00,-0.98
[INFO] [1788328743.257840771, 78.736000000]: RL policy input vx=0.288 vy=-0.084 wz=-0.313 action_rms=0.159 ready=1 userCmd=0 kbd=0 raw=0.288,-0.084,-0.313 grav=0.02,-0.03,-0.98
[INFO] [1788328746.711511324, 80.743000000]: RL policy input vx=0.340 vy=-0.086 wz=-0.272 action_rms=0.265 ready=1 userCmd=0 kbd=0 raw=0.340,-0.086,-0.272 grav=0.02,-0.03,-0.98
[INFO] [1788328750.406727817, 82.753000000]: RL policy input vx=0.000 vy=0.000 wz=-2.550 action_rms=0.362 ready=1 userCmd=0 kbd=0 raw=0.000,0.000,-2.550 grav=-0.00,0.02,-0.98
[INFO] [1788328754.042666508, 84.755000000]: RL policy input vx=0.447 vy=0.000 wz=-0.118 action_rms=0.161 ready=1 userCmd=0 kbd=0 raw=0.447,0.000,-0.118 grav=0.00,-0.00,-0.98
[INFO] [1788328757.887234665, 86.758000000]: RL policy input vx=0.449 vy=0.000 wz=-0.059 action_rms=0.277 ready=1 userCmd=0 kbd=0 raw=0.449,0.000,-0.059 grav=0.01,-0.02,-0.98
[INFO] [1788328761.846175306, 88.775000000]: RL policy input vx=0.113 vy=-0.450 wz=-1.150 action_rms=0.181 ready=1 userCmd=0 kbd=0 raw=0.113,-0.450,-1.150 grav=0.01,0.03,-0.98
[INFO] [1788328765.512406934, 90.779000000]: RL policy input vx=2.220 vy=-0.366 wz=-0.180 action_rms=0.296 ready=1 userCmd=0 kbd=0 raw=2.220,-0.366,-0.180 grav=0.01,-0.09,-0.98
[INFO] [1788328768.987997329, 92.784000000]: RL policy input vx=2.247 vy=-0.122 wz=-0.060 action_rms=0.339 ready=1 userCmd=0 kbd=0 raw=2.247,-0.122,-0.060 grav=-0.03,-0.03,-0.98
[INFO] [1788328772.373399277, 94.785000000]: RL policy input vx=2.250 vy=0.010 wz=0.005 action_rms=0.233 ready=1 userCmd=0 kbd=0 raw=2.250,0.010,0.005 grav=-0.02,-0.09,-0.98
[INFO] [1788328775.668205332, 96.804000000]: RL policy input vx=1.332 vy=0.079 wz=0.065 action_rms=0.280 ready=1 userCmd=0 kbd=0 raw=1.332,0.079,0.065 grav=0.04,-0.01,-0.98
[INFO] [1788328779.087829829, 98.810000000]: RL policy input vx=0.000 vy=0.000 wz=0.678 action_rms=0.217 ready=1 userCmd=0 kbd=0 raw=0.000,0.000,0.678 grav=0.02,0.01,-0.98
[INFO] [1788328782.645850560, 100.810000000]: RL policy input vx=0.449 vy=0.000 wz=0.086 action_rms=0.295 ready=1 userCmd=0 kbd=0 raw=0.449,0.000,0.086 grav=-0.01,-0.01,-0.98
[INFO] [1788328786.454434627, 102.813000000]: RL policy input vx=0.450 vy=0.000 wz=-0.001 action_rms=0.162 ready=1 userCmd=0 kbd=0 raw=0.450,0.000,-0.001 grav=0.01,-0.01,-0.98
[INFO] [1788328790.439696474, 104.833000000]: RL policy input vx=2.105 vy=0.410 wz=0.212 action_rms=0.229 ready=1 userCmd=0 kbd=0 raw=2.105,0.410,0.212 grav=-0.03,0.00,-0.98
[INFO] [1788328793.978797606, 106.843000000]: RL policy input vx=0.598 vy=0.059 wz=0.108 action_rms=0.331 ready=1 userCmd=0 kbd=0 raw=0.598,0.059,0.108 grav=0.03,-0.02,-0.98
[INFO] [1788328797.973568973, 108.845000000]: RL policy input vx=0.000 vy=0.000 wz=-2.550 action_rms=0.126 ready=1 userCmd=0 kbd=0 raw=0.000,0.000,-2.550 grav=0.01,0.03,-0.98
[INFO] [1788328801.395025757, 110.861000000]: RL policy input vx=0.000 vy=0.000 wz=1.150 action_rms=0.162 ready=1 userCmd=0 kbd=0 raw=0.000,0.000,1.150 grav=0.01,0.01,-0.98
[INFO] [1788328805.088625909, 112.864000000]: RL policy input vx=0.688 vy=0.165 wz=0.258 action_rms=0.155 ready=1 userCmd=0 kbd=0 raw=0.688,0.165,0.258 grav=0.03,0.04,-0.98
[INFO] [1788328808.460423474, 114.885000000]: RL policy input vx=0.000 vy=0.000 wz=2.550 action_rms=0.165 ready=1 userCmd=0 kbd=0 raw=0.000,0.000,2.550 grav=0.01,-0.01,-0.98
[INFO] [1788328812.351661592, 116.889000000]: RL policy input vx=1.052 vy=0.750 wz=0.681 action_rms=0.181 ready=1 userCmd=0 kbd=0 raw=1.052,0.750,0.681 grav=-0.03,0.05,-0.98
[INFO] [1788328816.192121870, 118.893000000]: RL policy input vx=0.297 vy=0.042 wz=0.154 action_rms=0.147 ready=1 userCmd=0 kbd=0 raw=0.297,0.042,0.154 grav=0.03,-0.00,-0.98
[INFO] [1788328819.975439840, 120.894000000]: RL polWarning: TF_REPEATED_DATA ignoring data with redundant timestamp for frame sliding_map (parent world) at time 121.402000 according to authority /scan_planner_node
         at line 277 in /tmp/binarydeb/ros-noetic-tf2-0.7.10/src/buffer_core.cpp
[FSM]: state: INIT
wait for goal.
Warning: TF_REPEATED_DATA ignoring data with redundant timestamp for frame sliding_map (parent world) at time 122.204000 according to authority /scan_planner_node
         at line 277 in /tmp/binarydeb/ros-noetic-tf2-0.7.10/src/buffer_core.cpp
[FSM]: state: INIT
wait for goal.
[FSM]: state: INIT
wait for goal.
[FSM]: state: INIT
wait for goal.
[FSM]: state: INIT
wait for goal.
[FSM]: state: INIT
wait for goal.
Warning: TF_REPEATED_DATA ignoring data with redundant timestamp for frame sliding_map (parent world) at time 127.689000 according to authority /scan_planner_node
         at line 277 in /tmp/binarydeb/ros-noetic-tf2-0.7.10/src/buffer_core.cpp
[FSM]: state: INIT
wait for goal.
[FSM]: state: INIT
wait for goal.
Warning: TF_REPEATED_DATA ignoring data with redundant timestamp for frame sliding_map (parent world) at time 130.499000 according to authority /scan_planner_node
         at line 277 in /tmp/binarydeb/ros-noetic-tf2-0.7.10/src/buffer_core.cpp
[FSM]: state: INIT
wait for goal.
[FSM]: state: INIT
wait for goal.
Warning: TF_REPEATED_DATA ignoring data with redundant timestamp for frame sliding_map (parent world) at time 132.492000 according to authority /scan_planner_node
         at line 277 in /tmp/binarydeb/ros-noetic-tf2-0.7.10/src/buffer_core.cpp
[FSM]: state: INIT
wait for goal.
[FSM]: state: INIT
wait for goal.
Warning: TF_REPEATED_DATA ignoring data with redundant timestamp for frame sliding_map (parent world) at time 134.587000 according to authority /scan_planner_node
         at line 277 in /tmp/binarydeb/ros-noetic-tf2-0.7.10/src/buffer_core.cpp
Warning: TF_REPEATED_DATA ignoring data with redundant timestamp for frame sliding_map (parent world) at time 134.790000 according to authority /scan_planner_node
         at line 277 in /tmp/binarydeb/ros-noetic-tf2-0.7.10/src/buffer_core.cpp
[FSM]: state: INIT
wait for goal.
Warning: TF_REPEATED_DATA ignoring data with redundant timestamp for frame sliding_map (parent world) at time 135.492000 according to authority /scan_planner_node
         at line 277 in /tmp/binarydeb/ros-noetic-tf2-0.7.10/src/buffer_core.cpp
[FSM]: state: INIT
wait for goal.
[FSM]: state: INIT
wait for goal.
Warning: TF_REPEATED_DATA ignoring data with redundant timestamp for frame sliding_map (parent world) at time 138.505000 according to authority /scan_planner_node
         at line 277 in /tmp/binarydeb/ros-noetic-tf2-0.7.10/src/buffer_core.cpp
[FSM]: state: INIT
wait for goal.
Warning: TF_REPEATED_DATA ignoring data with redundant timestamp for frame sliding_map (parent world) at time 139.090000 according to authority /scan_planner_node
         at line 277 in /tmp/binarydeb/ros-noetic-tf2-0.7.10/src/buffer_core.cpp
Warning: TF_REPEATED_DATA ignoring data with redundant timestamp for frame sliding_map (parent world) at time 139.395000 according to authority /scan_planner_node
         at line 277 in /tmp/binarydeb/ros-noetic-tf2-0.7.10/src/buffer_core.cpp
[FSM]: state: INIT
wait for goal.
Warning: TF_REPEATED_DATA ignoring data with redundant timestamp for frame sliding_map (parent world) at time 140.392000 according to authority /scan_planner_node
         at line 277 in /tmp/binarydeb/ros-noetic-tf2-0.7.10/src/buffer_core.cpp
Warning: TF_REPEATED_DATA ignoring data with redundant timestamp for frame sliding_map (parent world) at time 140.594000 according to authority /scan_planner_node
         at line 277 in /tmp/binarydeb/ros-noetic-tf2-0.7.10/src/buffer_core.cpp
[FSM]: state: INIT
wait for goal.
[FSM]: state: INIT
wait for goal.
[FSM]: state: INIT
wait for goal.
[FSM]: state: INIT
wait for goal.
[FSM]: state: INIT
wait for goal.
Warning: TF_REPEATED_DATA ignoring data with redundant timestamp for frame sliding_map (parent world) at time 145.796000 according to authority /scan_planner_node
         at line 277 in /tmp/binarydeb/ros-noetic-tf2-0.7.10/src/buffer_core.cpp
[FSM]: state: INIT
wait for goal.
[FSM]: state: INIT
wait for goal.
[FSM]: state: INIT
wait for goal.
[FSM]: state: INIT
wait for goal.
[FSM]: state: INIT
wait for goal.
[FSM]: state: INIT
wait for goal.
[FSM]: state: INIT
wait for goal.
[FSM]: state: INIT
wait for goal.
[FSM]: state: INIT
wait for goal.
[FSM]: state: INIT
wait for goal.
[FSM]: state: INIT
wait for goal.
[FSM]: state: INIT
wait for goal.
[FSM]: state: INIT
wait for goal.
[FSM]: state: INIT
wait for goal.
[FSM]: state: INIT
wait for goal.
[FSM]: state: INIT
wait for goal.
[FSM]: state: INIT
wait for goal.
[FSM]: state: INIT
wait for goal.
[FSM]: state: INIT
wait for goal.
icy input vx=0.450 vy=0.000 wz=-0.033 action_rms=0.281 ready=1 userCmd=0 kbd=0 raw=0.450,0.000,-0.033 grav=0.01,-0.02,-0.98
[INFO] [1788328823.774918888, 122.897000000]: RL policy input vx=0.300 vy=0.000 wz=-0.067 action_rms=0.149 ready=1 userCmd=0 kbd=0 raw=0.300,0.000,-0.067 grav=0.01,-0.02,-0.98
[INFO] [1788328827.494745674, 124.917000000]: RL policy input vx=0.450 vy=0.000 wz=0.014 action_rms=0.279 ready=1 userCmd=0 kbd=0 raw=0.450,0.000,0.014 grav=0.01,-0.01,-0.98
[INFO] [1788328831.003187175, 126.917000000]: RL policy input vx=0.450 vy=0.000 wz=-0.013 action_rms=0.210 ready=1 userCmd=0 kbd=0 raw=0.450,0.000,-0.013 grav=0.01,-0.02,-0.98
[INFO] [1788328834.742337816, 128.930000000]: RL policy input vx=2.109 vy=0.273 wz=0.141 action_rms=0.289 ready=1 userCmd=0 kbd=0 raw=2.109,0.273,0.141 grav=-0.04,0.01,-0.98
[INFO] [1788328838.514963710, 130.939000000]: RL policy input vx=0.755 vy=0.041 wz=0.060 action_rms=0.307 ready=1 userCmd=0 kbd=0 raw=0.755,0.041,0.060 grav=0.03,-0.04,-0.98
[INFO] [1788328841.990826596, 132.961000000]: RL policy input vx=0.000 vy=0.000 wz=-2.550 action_rms=0.207 ready=1 userCmd=0 kbd=0 raw=0.000,0.000,-2.550 grav=0.01,0.00,-0.98
[INFO] [1788328845.573076346, 134.962000000]: RL policy input vx=0.000 vy=0.000 wz=0.819 action_rms=0.147 ready=1 userCmd=0 kbd=0 raw=0.000,0.000,0.819 grav=0.02,0.00,-0.98
[INFO] [1788328849.359509918, 136.978000000]: RL policy input vx=0.922 vy=0.262 wz=0.305 action_rms=0.360 ready=1 userCmd=0 kbd=0 raw=0.922,0.262,0.305 grav=0.02,0.07,-0.98
[INFO] [1788328852.859811114, 138.986000000]: RL policy input vx=0.000 vy=0.000 wz=2.550 action_rms=0.182 ready=1 userCmd=0 kbd=0 raw=0.000,0.000,2.550 grav=0.02,-0.01,-0.98
[INFO] [1788328856.382727214, 140.997000000]: RL policy input vx=1.420 vy=0.750 wz=0.534 action_rms=0.386 ready=1 userCmd=0 kbd=0 raw=1.420,0.750,0.534 grav=-0.01,-0.02,-0.98
[INFO] [1788328860.260296240, 143.005000000]: RL policy input vx=0.298 vy=0.032 wz=0.118 action_rms=0.267 ready=1 userCmd=0 kbd=0 raw=0.298,0.032,0.118 grav=0.02,-0.01,-0.98
[INFO] [1788328864.267104596, 145.005000000]: RL policy input vx=0.450 vy=0.000 wz=0.046 action_rms=0.163 ready=1 userCmd=0 kbd=0 raw=0.450,0.000,0.046 grav=0.01,-0.02,-0.98
[INFO] [1788328868.229945736, 147.009000000]: RL policy input vx=0.450 vy=0.000 wz=-0.011 action_rms=0.300 ready=1 userCmd=0 kbd=0 raw=0.450,0.000,-0.011 grav=0.01,-0.01,-0.98
[INFO] [1788328872.323200790, 149.031000000]: RL policy input vx=0.636 vy=0.750 wz=0.954 action_rms=0.177 ready=1 userCmd=0 kbd=0 raw=0.636,0.750,0.954 grav=-0.01,-0.03,-0.98
[INFO] [1788328876.335673554, 151.038000000]: RL policy input vx=2.242 vy=0.189 wz=0.092 action_rms=0.351 ready=1 userCmd=0 kbd=0 raw=2.242,0.189,0.092 grav=0.03,0.03,-0.98
[INFO] [1788328880.387030142, 153.053000000]: RL policy input vx=2.249 vy=0.048 wz=0.023 action_rms=0.308 ready=1 userCmd=0 kbd=0 raw=2.249,0.048,0.023 grav=0.03,-0.03,-0.98
[INFO] [1788328884.259856858, 155.057000000]: RL policy input vx=2.248 vy=-0.098 wz=-0.048 action_rms=0.456 ready=1 userCmd=0 kbd=0 raw=2.248,-0.098,-0.048 grav=-0.01,0.03,-0.98
[INFO] [1788328888.470317527, 157.060000000]: RL policy input vx=2.249 vy=0.050 wz=0.024 action_rms=0.402 ready=1 userCmd=0 kbd=0 raw=2.249,0.050,0.024 grav=-0.01,-0.02,-0.98
[INFO] [1788328892.247211804, 159.061000000]: RL policy input vx=2.249 vy=0.058 wz=0.029 action_rms=0.326 ready=1 userCmd=0 kbd=0 raw=2.249,0.058,0.029 grav=0.05,0.01,-0.98
[INFO] [1788328895.978487068, 161.061000000]: RL policy input vx=0.527 vy=0.035 wz=0.072 action_rms=0.233 ready=1 userCmd=0 kbd=0 raw=0.527,0.035,0.072 grav=0.03,-0.03,-0.98
[INFO] [1788328899.859799120, 163.074000000]: RL policy input vx=2.207 vy=-0.436 wz=-0.215 action_rms=0.347 ready=1 userCmd=0 kbd=0 raw=2.207,-0.436,-0.215 grav=0.03,0.02,-0.98
[INFO] [1788328904.041962830, 165.081000000]: RL policy input vx=1.530 vy=-0.082 wz=-0.059 action_rms=0.304 ready=1 userCmd=0 kbd=0 raw=1.530,-0.082,-0.059 grav=0.10,0.00,-0.98
[INFO] [1788328907.476919582, 167.093000000]: RL policy input vx=1.185 vy=-0.526 wz=-0.459 action_rms=0.270 ready=1 userCmd=0 kb[FSM]: state: INIT
wait for goal.
[FSM]: state: INIT
wait for goal.
[FSM]: state: INIT
wait for goal.
[FSM]: state: INIT
wait for goal.
[FSM]: state: INIT
wait for goal.
d=0 raw=1.185,-0.526,-0.459 grav=-0.01,-0.06,-0.98
[INFO] [1788328910.967722681, 169.098000000]: RL policy input vx=0.000 vy=0.000 wz=-1.071 action_rms=0.176 ready=1 userCmd=0 kbd=0 raw=0.000,0.000,-1.071 grav=0.02,-0.01,-0.98
[INFO] [1788328914.694853727, 171.103000000]: RL policy input vx=0.000 vy=0.000 wz=-0.267 action_rms=0.137 ready=1 userCmd=0 kbd=0 raw=0.000,0.000,-0.267 grav=0.01,0.01,-0.98
Switched from RL to fixed stand
[FSM]: state: INIT
wait for goal.
infer_thread退出!
[WARN] [1788328917.970609612, 172.752000000]: Using one-shot captured-pose FixedStand profile: ramp 0.50 s, settle 0.00 s, ready after 0.50 s + 0.50 s stable, minimum gain 0.75
[INFO] Using /stand_target_joints param stance.
Switched from fixed stand to RL
[INFO] Entered RL /cmd_vel mode.
[WARN] [1788328919.466476247, 173.461000000]: Using one-shot stair RL takeover profile: blend 0.50 s, zero hold 0.15 s
cuda::is_available():1
RL inference device: cuda (requested=hybrid, policy=stair)
[INFO] RL policy activated from preload cache at FixedStand entry boundary: /root/autodl-tmp/code/restore/0803b/0902overall/runtime_assets/SimEnv/src/unitree_guide/logs/policy_act_inference_stair.pt
[FSM]: state: INIT
wait for goal.
[FSM]: state: INIT
wait for goal.
[FSM]: state: INIT
wait for goal.
Warning: TF_REPEATED_DATA ignoring data with redundant timestamp for frame sliding_map (parent world) at time 176.788000 according to authority /scan_planner_node
         at line 277 in /tmp/binarydeb/ros-noetic-tf2-0.7.10/src/buffer_core.cpp
[FSM]: state: INIT
wait for goal.
[FSM]: state: INIT
wait for goal.
[FSM]: state: INIT
wait for goal.
[FSM]: state: INIT
wait for goal.
[FSM]: state: INIT
wait for goal.
[FSM]: state: INIT
wait for goal.
[FSM]: state: INIT
wait for goal.
[FSM]: state: INIT
wait for goal.
[FSM]: state: INIT
wait for goal.
[FSM]: state: INIT
wait for goal.
[FSM]: state: INIT
wait for goal.
[FSM]: state: INIT
wait for goal.
[FSM]: state: INIT
wait for goal.
[FSM]: state: INIT
wait for goal.
[FSM]: state: INIT
wait for goal.
[FSM]: state: INIT
wait for goal.
[FSM]: state: INIT
wait for goal.
[FSM]: state: INIT
wait for goal.
[WARN] [1788328960.992550763, 196.015000000]: Using one-shot plane RL takeover profile: blend 0.50 s, zero hold 0.15 s
[INFO] [1788328919.489486750, 173.480000000]: RL policy input vx=0.000 vy=0.000 wz=0.000 action_rms=0.198 ready=0 userCmd=8 kbd=0 raw=0.000,0.000,0.000 grav=-0.01,0.01,-0.98
[INFO] [1788328920.891502719, 174.124000000]: RL locomotion_ready latched after 0.67 s takeover and 0.64 s stable hold
[INFO] [1788328923.642809250, 175.484000000]: RL policy input vx=0.587 vy=-0.254 wz=-0.020 action_rms=0.542 ready=1 userCmd=8 kbd=0 raw=0.587,-0.254,-0.020 grav=-0.25,-0.01,-0.95
[INFO] [1788328927.600134490, 177.501000000]: RL policy input vx=0.795 vy=-0.093 wz=-0.028 action_rms=0.733 ready=1 userCmd=0 kbd=0 raw=0.795,-0.093,-0.028 grav=-0.31,-0.13,-0.92
[INFO] [1788328931.480355943, 179.507000000]: RL policy input vx=0.802 vy=-0.013 wz=0.017 action_rms=0.537 ready=1 userCmd=0 kbd=0 raw=0.802,-0.013,0.017 grav=-0.39,-0.01,-0.90
[INFO] [1788328935.286692459, 181.514000000]: RL policy input vx=0.055 vy=-0.748 wz=-1.200 action_rms=0.207 ready=1 userCmd=0 kbd=0 raw=0.055,-0.748,-1.200 grav=-0.05,0.02,-0.98
[INFO] [1788328939.011232828, 183.528000000]: RL policy input vx=0.413 vy=-0.078 wz=-0.240 action_rms=0.153 ready=1 userCmd=0 kbd=0 raw=0.413,-0.078,-0.240 grav=0.02,-0.03,-0.98
[INFO] [1788328942.728172757, 185.534000000]: RL policy input vx=0.000 vy=0.000 wz=-0.788 action_rms=0.162 ready=1 userCmd=0 kbd=0 raw=0.000,0.000,-0.788 grav=-0.02,0.03,-0.98
[INFO] [1788328946.263407097, 187.550000000]: RL policy input vx=0.000 vy=0.000 wz=-0.240 action_rms=0.161 ready=1 userCmd=0 kbd=0 raw=0.000,0.000,-0.240 grav=-0.03,0.03,-0.98
[INFO] [1788328949.860856693, 189.573000000]: RL policy input vx=0.598 vy=0.207 wz=0.004 action_rms=0.369 ready=1 userCmd=0 kbd=0 raw=0.598,0.207,0.004 grav=-0.40,0.01,-0.89
[INFO] [1788328953.397499420, 191.589000000]: RL policy input vx=0.792 vy=0.114 wz=0.050 action_rms=0.616 ready=1 userCmd=0 kbd=0 raw=0.792,0.114,0.050 grav=-0.44,0.05,-0.87
[INFO] [1788328956.934829959, 193.599000000]: RL policy input vx=0.800 vy=0.027 wz=0.012 action_rms=0.658 ready=1 userCmd=0 kbd=0 raw=0.800,0.027,0.012 grav=-0.36,-0.10,-0.91
[INFO] [1788328960.359728150, 195.611000000]: RL policy input vx=0.798 vy=0.060 wz=0.026 action_rms=0.183 ready=1 userCmd=0 kbd=0 raw=0.798,0.060,0.026 grav=-0.07,0.01,-0.98
cuda::is_available():1
RL inference device: cpu (requested=hybrid, policy=plane)
[INFO] RL policy hot-switched from preload cache: /root/autodl-tmp/code/restore/0803b/0902overall/runtime_assets/SimEnv/src/unitree_guide/logs/policy_act_inference_plane.pt
[FSM]: state: INIT
wait for goal.
[FSM]: state: INIT
wait for goal.
[FSM]: state: INIT
wait for goal.
[FSM]: state: INIT
wait for goal.
[INFO] [1788328916.436234, 171.980000]: Robot is already 0.04 m from the pre-riser pose; skipping the corridor/side legs.
[INFO] [1788328916.443187, 171.986000]: Pre-ascent residual heading error -0.113 rad (visual_depth=False, bearing=none).
[INFO] [1788328917.473656, 172.483000]: Pre-ascent stand target set from flight-A pre-reload capture entry sample
[INFO] [1788328917.493289, 172.503000]: Flight-A plane gait settled at joint RMS 0.135; holding FixedStand for at least 0.1 s at snapshot pose before queued stair-policy entry.
[INFO] [1788328919.171720, 173.325000]: Flight-A FixedStand readiness gate complete; queued the stair policy for State_RL entry and retaining stand ownership for 0.25 s.
[INFO] [1788328919.454026, 173.451000]: Flight-A policy request has been queued under FixedStand; requesting RL so State_RL loads it before inference starts.
[INFO] [1788328920.948652, 174.148000]: Fresh RL readiness confirmed after the flight-A FixedStand boundary; starting the climb ramp.
[INFO] [1788328920.960583, 174.160000]: Flight-A fresh RL readiness observed; ascent clocks reset and 1.2 s climb ramp started.
[INFO] [1788328920.968030, 174.164000]: STPUB phase=STAIR_ASCENT world=(0.023,0.003,-0.029) body=(0.001,-0.023,-0.029) truth_z=0.312 pose=0.3120600890370133
[INFO] [1788328923.060163, 175.180000]: STPUB phase=STAIR_ASCENT world=(0.036,0.800,-0.019) body=(0.797,-0.080,-0.019) truth_z=0.344 pose=0.3448088550869589
[INFO] [1788328924.959845, 176.208000]: STPUB phase=STAIR_ASCENT world=(0.051,0.800,-0.021) body=(0.795,-0.099,-0.021) truth_z=0.587 pose=0.5844060828282209
[INFO] [1788328927.018015, 177.220000]: STPUB phase=STAIR_ASCENT world=(-0.220,0.600,-0.020) body=(0.611,0.186,-0.020) truth_z=0.789 pose=0.788839561794728
[INFO] [1788328928.964565, 178.240000]: STPUB phase=STAIR_ASCENT world=(0.043,0.800,-0.020) body=(0.796,-0.088,-0.020) truth_z=0.994 pose=0.9961604369519081
[INFO] [1788328931.034393, 179.264000]: STPUB phase=STAIR_ASCENT world=(0.000,0.600,0.005) body=(0.600,0.008,0.005) truth_z=1.220 pose=1.2186205761752942
[INFO] [1788328932.981779, 180.265000]: STPUB phase=STAIR_ASCENT world=(0.044,0.800,0.020) body=(0.801,0.002,0.020) truth_z=1.458 pose=1.4579626343789414
[INFO] [1788328934.870470, 181.282000]: STPUB phase=STAIR_ASCENT world=(0.000,0.800,0.022) body=(0.798,0.049,0.022) truth_z=1.614 pose=1.6140491810555717
[INFO] [1788328935.064630, 181.382000]: Intermediate landing entered at y=4.77 m; starting moving turn.
[INFO] [1788328936.685484, 182.300000]: STPUB phase=STAIR_LANDING_TURN world=(0.750,0.000,-0.744) body=(0.585,-0.469,-0.744) truth_z=1.617 pose=1.6180528168379205
[INFO] [1788328938.616555, 183.320000]: STPUB phase=STAIR_LANDING_TURN world=(0.507,0.000,-0.260) body=(0.493,-0.119,-0.260) truth_z=1.609 pose=1.6095183439947778
[INFO] [1788328940.576207, 184.340000]: STPUB phase=STAIR_LANDING_TURN world=(0.300,0.000,-0.107) body=(0.299,-0.029,-0.107) truth_z=1.613 pose=1.612821084368511
[INFO] [1788328942.408123, 185.342000]: STPUB phase=STAIR_LANDING_TURN world=(0.000,0.000,-0.947) body=(0.000,0.000,-0.947) truth_z=1.618 pose=1.6182032986910455
[INFO] [1788328944.083577, 186.360000]: STPUB phase=STAIR_LANDING_TURN world=(0.000,0.000,-0.387) body=(0.000,0.000,-0.387) truth_z=1.625 pose=1.6253902644759592
[INFO] [1788328945.925115, 187.380000]: STPUB phase=STAIR_LANDING_TURN world=(0.000,0.000,-0.240) body=(0.000,0.000,-0.240) truth_z=1.628 pose=1.6281639507530838
[INFO] [1788328946.532658, 187.700000]: Flight-B entry aligned: x error=-0.047 m, heading error=-0.149 rad.
[INFO] [1788328946.539461, 187.706000]: Flight-B entry joints saved (12 dofs) -> /root/autodl-tmp/code/restore/0803b/0902overall/results/portable_accept_seed33/flight_b_entry_joints_0.json
[INFO] [1788328946.655249, 187.720000]: ASCENT_B gate: entry_guide=True truth_pose=True start_z=0.312 profile=True heading=-1.571 pose_z=1.6289792635050235 truth_z=1.6288716485290602
[INFO] [1788328946.660262, 187.723000]: Pre-ascent RL settle: holding zero command until motion is stable for 0.6 s before FixedStand.
[INFO] [1788328946.665810, 187.725000]: Pre-ascent RL settle active: stable 0.00/0.60 s.
[INFO] [1788328947.372390, 188.123000]: Pre-ascent RL motion settled for 0.64 s; settle-only gate complete (FixedStand disabled).
[INFO] [1788328947.785093, 188.385000]: STPUB phase=STAIR_ASCENT_B world=(-0.030,-0.800,-0.059) body=(0.784,-0.164,-0.059) truth_z=1.643 pose=1.641890246459289
[INFO] [1788328948.430461, 188.740000]: ASCENT_B gate: entry_guide=True truth_pose=True start_z=0.312 profile=True heading=-1.571 pose_z=1.6779945411775603 truth_z=1.6779880536834089
[INFO] [1788328949.574166, 189.400000]: STPUB phase=STAIR_ASCENT_B world=(-0.030,-0.800,-0.013) body=(0.798,-0.060,-0.013) truth_z=1.789 pose=1.7906891080052891
[INFO] [1788328950.142105, 189.760000]: ASCENT_B gate: entry_guide=True truth_pose=True start_z=0.312 profile=True heading=-1.571 pose_z=1.8812102481876731 truth_z=1.881585603280869
[INFO] [1788328951.290195, 190.420000]: STPUB phase=STAIR_ASCENT_B world=(-0.200,-0.600,0.026) body=(0.613,-0.154,0.026) truth_z=2.036 pose=2.0353201999903288
[INFO] [1788328951.964745, 190.781000]: ASCENT_B gate: entry_guide=True truth_pose=True start_z=0.312 profile=True heading=-1.571 pose_z=2.112585824136711 truth_z=2.112021320390582
[INFO] [1788328953.140651, 191.440000]: STPUB phase=STAIR_ASCENT_B world=(0.300,-0.400,0.031) body=(0.372,0.334,0.031) truth_z=2.222 pose=2.2178866359094322
[INFO] [1788328953.795887, 191.800000]: ASCENT_B gate: entry_guide=True truth_pose=True start_z=0.312 profile=True heading=-1.571 pose_z=2.2701295932564274 truth_z=2.27011617382725
[INFO] [1788328954.987149, 192.441000]: STPUB phase=STAIR_ASCENT_B world=(0.000,-0.800,0.010) body=(0.800,0.022,0.010) truth_z=2.391 pose=2.385199654113548
[INFO] [1788328955.637955, 192.820000]: ASCENT_B gate: entry_guide=True truth_pose=True start_z=0.312 profile=True heading=-1.571 pose_z=2.4768433769501206 truth_z=2.4768433769501206
[INFO] [1788328956.699748, 193.461000]: STPUB phase=STAIR_ASCENT_B world=(0.000,-0.600,0.021) body=(0.599,0.036,0.021) truth_z=2.635 pose=2.6320746338230494
[INFO] [1788328957.379805, 193.840000]: ASCENT_B gate: entry_guide=True truth_pose=True start_z=0.312 profile=True heading=-1.571 pose_z=2.700340072911149 truth_z=2.698756265219861
[INFO] [1788328958.461175, 194.481000]: STPUB phase=STAIR_ASCENT_B world=(-0.024,-0.800,0.019) body=(0.800,0.021,0.019) truth_z=2.832 pose=2.833877727170584
[INFO] [1788328959.038635, 194.841000]: ASCENT_B gate: entry_guide=True truth_pose=True start_z=0.312 profile=True heading=-1.571 pose_z=2.88496796603494 truth_z=2.8862399628397815
[INFO] [1788328960.099538, 195.500000]: STPUB phase=STAIR_ASCENT_B world=(0.000,-0.600,0.021) body=(0.599,0.036,0.021) truth_z=2.907 pose=2.9073636328578205
[INFO] [1788328960.395183, 195.640000]: Upper landing entered: gain=2.60 m, clearance=0.00 m; stabilizing for 0.5 s.
[INFO] [1788328960.896728, 195.940000]: Floor-2 landing confirmed after two flights: gain=2.60 m clearance=0.11 m.
[INFO] [1788328962.189782, 196.664000]: Plane policy acknowledged on the upper landing; releasing stair controller ownership.
[FSM]: state: INIT
wait for goal.
Warning: TF_REPEATED_DATA ignoring data with redundant timestamp for frame sliding_map (parent world) at time 200.893000 according to authority /scan_planner_node
         at line 277 in /tmp/binarydeb/ros-noetic-tf2-0.7.10/src/buffer_core.cpp
[FSM]: state: INIT
wait for goal.
[FSM]: state: INIT
wait for goal.
[FSM]: state: INIT
wait for goal.
[FSM]: state: INIT
wait for goal.
[FSM]: state: INIT
wait for goal.
[FSM]: state: INIT
wait for goal.
[FSM]: state: INIT
wait for goal.
[FSM]: state: INIT
wait for goal.
[FSM]: state: INIT
wait for goal.
[FSM]: state: INIT
wait for goal.
[FSM]: state: INIT
wait for goal.
[FSM]: state: INIT
wait for goal.
[FSM]: state: INIT
wait for goal.
[FSM]: state: INIT
wait for goal.
[FSM]: state: INIT
wait for goal.
Warning: TF_REPEATED_DATA ignoring data with redundant timestamp for frame sliding_map (parent world) at time 217.811000 according to authority /scan_planner_node
         at line 277 in /tmp/binarydeb/ros-noetic-tf2-0.7.10/src/buffer_core.cpp
Warning: TF_REPEATED_DATA ignoring data with redundant timestamp for frame sliding_map (parent world) at time 218.390000 according to authority /scan_planner_node
         at line 277 in /tmp/binarydeb/ros-noetic-tf2-0.7.10/src/buffer_core.cpp
[FSM]: state: INIT
wait for goal.
Warning: TF_REPEATED_DATA ignoring data with redundant timestamp for frame sliding_map (parent world) at time 218.697000 according to authority /scan_planner_node
         at line 277 in /tmp/binarydeb/ros-noetic-tf2-0.7.10/src/buffer_core.cpp
Warning: TF_REPEATED_DATA ignoring data with redundant timestamp for frame sliding_map (parent world) at time 219.091000 according to authority /scan_planner_node
         at line 277 in /tmp/binarydeb/ros-noetic-tf2-0.7.10/src/buffer_core.cpp
[FSM]: state: INIT
wait for goal.
Warning: TF_REPEATED_DATA ignoring data with redundant timestamp for frame sliding_map (parent world) at time 220.088000 according to authority /scan_planner_node
         at line 277 in /tmp/binarydeb/ros-noetic-tf2-0.7.10/src/buffer_core.cpp
Warning: TF_REPEATED_DATA ignoring data with redundant timestamp for frame sliding_map (parent world) at time 220.289000 according to authority /scan_planner_node
         at line 277 in /tmp/binarydeb/ros-noetic-tf2-0.7.10/src/buffer_core.cpp
Warning: TF_REPEATED_DATA ignoring data with redundant timestamp for frame sliding_map (parent world) at time 220.888000 according to authority /scan_planner_node
         at line 277 in /tmp/binarydeb/ros-noetic-tf2-0.7.10/src/buffer_core.cpp
[FSM]: state: INIT
wait for goal.
[FSM]: state: INIT
wait for goal.
[FSM]: state: INIT
wait for goal.
[FSM]: state: INIT
wait for goal.
[FSM]: state: INIT
wait for goal.
[FSM]: state: INIT
wait for goal.
[FSM]: state: INIT
wait for goal.
Warning: TF_REPEATED_DATA ignoring data with redundant timestamp for frame sliding_map (parent world) at time 227.690000 according to authority /scan_planner_node
         at line 277 in /tmp/binarydeb/ros-noetic-tf2-0.7.10/src/buffer_core.cpp
Warning: TF_REPEATED_DATA ignoring data with redundant timestamp for frame sliding_map (parent world) at time 228.092000 according to authority /scan_planner_node
         at line 277 in /tmp/binarydeb/ros-noetic-tf2-0.7.10/src/buffer_core.cpp
Warning: TF_REPEATED_DATA ignoring data with redundant timestamp for frame sliding_map (parent world) at time 228.288000 according to authority /scan_planner_node
         at line 277 in /tmp/binarydeb/ros-noetic-tf2-0.7.10/src/buffer_core.cpp
[FSM]: state: INIT
wait for goal.
[FSM]: state: INIT
wait for goal.
[FSM]: state: INIT
wait for goal.
[FSM]: state: INIT
wait for goal.
Warning: TF_REPEATED_DATA ignoring data with redundant timestamp for frame sliding_map (parent world) at time 232.695000 according to authority /scan_planner_node
         at line 277 in /tmp/binarydeb/ros-noetic-tf2-0.7.10/src/buffer_core.cpp
[FSM]: state: INIT
wait for goal.
[FSM]: state: INIT
wait for goal.
[FSM]: state: INIT
wait for goal.
[FSM]: state: INIT
wait for goal.
[FSM]: state: INIT
wait for goal.
[FSM]: state: INIT
wait for goal.
[FSM]: state: INIT
wait for goal.
[FSM]: state: INIT
wait for goal.
[INFO] [1788328962.183013289, 196.660000000]: RL locomotion_ready latched after 0.65 s takeover and 0.40 s stable hold
[INFO] [1788328963.858316326, 197.615000000]: RL policy input vx=0.000 vy=0.000 wz=1.150 action_rms=0.163 ready=1 userCmd=0 kbd=0 raw=0.000,0.000,1.150 grav=0.01,-0.00,-0.98
[INFO] [1788328967.514133820, 199.635000000]: RL policy input vx=0.907 vy=0.000 wz=0.147 action_rms=0.201 ready=1 userCmd=0 kbd=0 raw=0.907,0.000,0.147 grav=-0.01,-0.01,-0.98
[INFO] [1788328970.858521309, 201.638000000]: RL policy input vx=0.617 vy=0.750 wz=0.970 action_rms=0.162 ready=1 userCmd=0 kbd=0 raw=0.617,0.750,0.970 grav=-0.00,0.01,-0.98
[INFO] [1788328974.168285905, 203.641000000]: RL policy input vx=2.236 vy=0.248 wz=0.122 action_rms=0.467 ready=1 userCmd=0 kbd=0 raw=2.236,0.248,0.122 grav=0.00,0.04,-0.98
[INFO] [1788328978.055443109, 205.654000000]: RL policy input vx=2.247 vy=0.118 wz=0.058 action_rms=0.415 ready=1 userCmd=0 kbd=0 raw=2.247,0.118,0.058 grav=-0.03,-0.06,-0.98
[INFO] [1788328982.048200887, 207.663000000]: RL policy input vx=2.232 vy=0.284 wz=0.139 action_rms=0.378 ready=1 userCmd=0 kbd=0 raw=2.232,0.284,0.139 grav=0.02,0.04,-0.98
[INFO] [1788328985.611626003, 209.663000000]: RL policy input vx=0.543 vy=0.033 wz=0.067 action_rms=0.144 ready=1 userCmd=0 kbd=0 raw=0.543,0.033,0.067 grav=0.03,-0.02,-0.98
[INFO] [1788328988.992127927, 211.669000000]: RL policy input vx=0.000 vy=0.000 wz=0.312 action_rms=0.162 ready=1 userCmd=0 kbd=0 raw=0.000,0.000,0.312 grav=0.02,-0.01,-0.98
[INFO] [1788328992.522868444, 213.670000000]: RL policy input vx=0.450 vy=0.000 wz=0.032 action_rms=0.153 ready=1 userCmd=0 kbd=0 raw=0.450,0.000,0.032 grav=0.01,-0.02,-0.98
[INFO] [1788328996.059590735, 215.689000000]: RL policy input vx=0.450 vy=0.000 wz=-0.024 action_rms=0.281 ready=1 userCmd=0 kbd=0 raw=0.450,0.000,-0.024 grav=0.01,-0.01,-0.98
[INFO] [1788328999.576149302, 217.698000000]: RL policy input vx=2.137 vy=-0.189 wz=-0.097 action_rms=0.438 ready=1 userCmd=0 kbd=0 raw=2.137,-0.189,-0.097 grav=-0.03,-0.08,-0.98
[INFO] [1788329003.074352224, 219.710000000]: RL policy input vx=0.298 vy=-0.031 wz=-0.114 action_rms=0.265 ready=1 userCmd=0 kbd=0 raw=0.298,-0.031,-0.114 grav=0.02,-0.01,-0.98
[INFO] [1788329006.474615824, 221.724000000]: RL policy input vx=0.000 vy=0.000 wz=2.550 action_rms=0.400 ready=1 userCmd=0 kbd=0 raw=0.000,0.000,2.550 grav=0.00,0.01,-0.98
[INFO] [1788329009.760623336, 223.737000000]: RL policy input vx=0.353 vy=-0.564 wz=-1.112 action_rms=0.180 ready=1 userCmd=0 kbd=0 raw=0.353,-0.564,-1.112 grav=-0.02,0.02,-0.98
[INFO] [1788329013.247931266, 225.737000000]: RL policy input vx=0.364 vy=-0.071 wz=-0.212 action_rms=0.241 ready=1 userCmd=0 kbd=0 raw=0.364,-0.071,-0.212 grav=0.02,-0.04,-0.98
[INFO] [1788329016.610903811, 227.745000000]: RL policy input vx=0.000 vy=0.000 wz=-2.550 action_rms=0.188 ready=1 userCmd=0 kbd=0 raw=0.000,0.000,-2.550 grav=0.00,0.02,-0.98
[INFO] [1788329019.966557062, 229.764000000]: RL policy input vx=1.282 vy=-0.357 wz=-0.299 action_rms=0.223 ready=1 userCmd=0 kbd=0 raw=1.282,-0.357,-0.299 grav=0.01,-0.09,-0.98
[INFO] [1788329023.380261739, 231.766000000]: RL policy input vx=0.167 vy=0.000 wz=-0.169 action_rms=0.152 ready=1 userCmd=0 kbd=0 raw=0.167,0.000,-0.169 grav=0.03,-0.01,-0.98
[INFO] [1788329026.659563462, 233.771000000]: RL policy input vx=0.450 vy=0.000 wz=-0.050 action_rms=0.164 ready=1 userCmd=0 kbd=0 raw=0.450,0.000,-0.050 grav=0.01,-0.01,-0.98
[INFO] [1788329030.259812501, 235.779000000]: RL policy input vx=1.094 vy=0.078 wz=0.078 action_rms=0.203 ready=1 userCmd=0 kbd=0 raw=1.094,0.078,0.078 grav=-0.00,0.01,-0.98
[INFO] [1788329033.735178857, 237.796000000]: RL policy input vx=0.450 vy=0.000 wz=0.007 action_rms=0.181 ready=1 userCmd=0 kbd=0 raw=0.450,0.000,0.007 grav=0.00,-0.02,-0.98
[INFO] [1788329037.038298580, 239.803000000]: RL policy input vx=0.450 vy=0.000 wz=-0.024 action_rms=0.293 ready=1 userCmd=0 kbd=0 raw=0.450,0.000,-0.024 grav=0.01,-0.01,-0.98
[INFO] [1788329040.466885898, 241.804000000]: RL policy input vx=2.120 vy=-0.324 wz=-0.167 action_rms=0.383 ready=1 user[FSM]: state: INIT
wait for goal.
[FSM]: state: INIT
wait for goal.
Warning: TF_REPEATED_DATA ignoring data with redundant timestamp for frame sliding_map (parent world) at time 243.389000 according to authority /scan_planner_node
         at line 277 in /tmp/binarydeb/ros-noetic-tf2-0.7.10/src/buffer_core.cpp
[FSM]: state: INIT
wait for goal.
[FSM]: state: INIT
wait for goal.
Warning: TF_REPEATED_DATA ignoring data with redundant timestamp for frame sliding_map (parent world) at time 245.887000 according to authority /scan_planner_node
         at line 277 in /tmp/binarydeb/ros-noetic-tf2-0.7.10/src/buffer_core.cpp
Warning: TF_REPEATED_DATA ignoring data with redundant timestamp for frame sliding_map (parent world) at time 246.298000 according to authority /scan_planner_node
         at line 277 in /tmp/binarydeb/ros-noetic-tf2-0.7.10/src/buffer_core.cpp
[FSM]: state: INIT
wait for goal.
Warning: TF_REPEATED_DATA ignoring data with redundant timestamp for frame sliding_map (parent world) at time 247.092000 according to authority /scan_planner_node
         at line 277 in /tmp/binarydeb/ros-noetic-tf2-0.7.10/src/buffer_core.cpp
[FSM]: state: INIT
wait for goal.
[FSM]: state: INIT
wait for goal.
[FSM]: state: INIT
wait for goal.
Warning: TF_REPEATED_DATA ignoring data with redundant timestamp for frame sliding_map (parent world) at time 250.787000 according to authority /scan_planner_node
         at line 277 in /tmp/binarydeb/ros-noetic-tf2-0.7.10/src/buffer_core.cpp
[FSM]: state: INIT
wait for goal.
[FSM]: state: INIT
wait for goal.
Warning: TF_REPEATED_DATA ignoring data with redundant timestamp for frame sliding_map (parent world) at time 252.789000 according to authority /scan_planner_node
         at line 277 in /tmp/binarydeb/ros-noetic-tf2-0.7.10/src/buffer_core.cpp
[FSM]: state: INIT
wait for goal.
Warning: TF_REPEATED_DATA ignoring data with redundant timestamp for frame sliding_map (parent world) at time 253.389000 according to authority /scan_planner_node
         at line 277 in /tmp/binarydeb/ros-noetic-tf2-0.7.10/src/buffer_core.cpp
[FSM]: state: INIT
wait for goal.
[FSM]: state: INIT
wait for goal.
Warning: TF_REPEATED_DATA ignoring data with redundant timestamp for frame sliding_map (parent world) at time 256.387000 according to authority /scan_planner_node
         at line 277 in /tmp/binarydeb/ros-noetic-tf2-0.7.10/src/buffer_core.cpp
[FSM]: state: INIT
wait for goal.
[FSM]: state: INIT
wait for goal.
[FSM]: state: INIT
wait for goal.
[FSM]: state: INIT
wait for goal.
[FSM]: state: INIT
wait for goal.
[FSM]: state: INIT
wait for goal.
[FSM]: state: INIT
wait for goal.
[FSM]: state: INIT
wait for goal.
[FSM]: state: INIT
wait for goal.
[FSM]: state: INIT
wait for goal.
[FSM]: state: INIT
wait for goal.
[FSM]: state: INIT
wait for goal.
Warning: TF_REPEATED_DATA ignoring data with redundant timestamp for frame sliding_map (parent world) at time 269.291000 according to authority /scan_planner_node
         at line 277 in /tmp/binarydeb/ros-noetic-tf2-0.7.10/src/buffer_core.cpp
[FSM]: state: INIT
wait for goal.
[FSM]: state: INIT
wait for goal.
[FSM]: state: INIT
wait for goal.
[FSM]: state: INIT
wait for goal.
Warning: TF_REPEATED_DATA ignoring data with redundant timestamp for frame sliding_map (parent world) at time 273.688000 according to authority /scan_planner_node
         at line 277 in /tmp/binarydeb/ros-noetic-tf2-0.7.10/src/buffer_core.cpp
[FSM]: state: INIT
wait for goal.
[FSM]: state: INIT
wait for goal.
[FSM]: state: INIT
wait for goal.
Warning: TF_REPEATED_DATA ignoring data with redundant timestamp for frame sliding_map (parent world) at time 276.089000 according to authority /scan_planner_node
         at line 277 in /tmp/binarydeb/ros-noetic-tf2-0.7.10/src/buffer_core.cpp
[FSM]: state: INIT
wait for goal.
[FSM]: state: INIT
wait for goal.
[FSM]: state: INIT
wait for goal.
Warning: TF_REPEATED_DATA ignoring data with redundant timestamp for frame sliding_map (parent world) at time 279.487000 according to authority /scan_planner_node
         at line 277 in /tmp/binarydeb/ros-noetic-tf2-0.7.10/src/buffer_core.cpp
[FSM]: state: INIT
wait for goal.
[FSM]: state: INIT
wait for goal.
[FSM]: state: INIT
wait for goal.
Warning: TF_REPEATED_DATA ignoring data with redundant timestamp for frame sliding_map (parent world) at time 282.887000 according to authority /scan_planner_node
         at line 277 in /tmp/binarydeb/ros-noetic-tf2-0.7.10/src/buffer_core.cpp
[FSM]: state: INIT
wait for goal.
Warning: TF_REPEATED_DATA ignoring data with redundant timestamp for frame sliding_map (parent world) at time 283.691000 according to authority /scan_planner_node
         at line 277 in /tmp/binarydeb/ros-noetic-tf2-0.7.10/src/buffer_core.cpp
Warning: TF_REPEATED_DATA ignoring data with redundant timestamp for frame sliding_map (parent world) at time 284.797000 according to authority /scan_planner_node
         at line 277 in /tmp/binarydeb/ros-noetic-tf2-0.7.10/src/buffer_core.cpp
[FSM]: state: INIT
wait for goal.
[FSM]: state: INIT
wait for goal.
[FSM]: state: INIT
wait for goal.
Warning: TF_REPEATED_DATA ignoring data with redundant timestamp for frame sliding_map (parent world) at time 287.096000 according to authority /scan_planner_node
         at line 277 in /tmp/binarydeb/ros-noetic-tf2-0.7.10/src/buffer_core.cpp
Cmd=0 kbd=0 raw=2.120,-0.324,-0.167 grav=-0.07,-0.10,-0.97
[INFO] [1788329043.870767761, 243.809000000]: RL policy input vx=0.369 vy=0.009 wz=0.026 action_rms=0.181 ready=1 userCmd=0 kbd=0 raw=0.369,0.009,0.026 grav=0.03,-0.04,-0.98
[INFO] [1788329047.587404596, 245.820000000]: RL policy input vx=0.000 vy=0.000 wz=2.550 action_rms=0.343 ready=1 userCmd=0 kbd=0 raw=0.000,0.000,2.550 grav=0.01,0.03,-0.98
[INFO] [1788329050.943685469, 247.823000000]: RL policy input vx=0.000 vy=0.000 wz=-1.150 action_rms=0.186 ready=1 userCmd=0 kbd=0 raw=0.000,0.000,-1.150 grav=0.00,0.01,-0.98
[INFO] [1788329054.526730251, 249.836000000]: RL policy input vx=0.669 vy=-0.168 wz=-0.270 action_rms=0.281 ready=1 userCmd=0 kbd=0 raw=0.669,-0.168,-0.270 grav=0.02,-0.05,-0.98
[INFO] [1788329057.815210695, 251.838000000]: RL policy input vx=0.000 vy=0.000 wz=-2.550 action_rms=0.138 ready=1 userCmd=0 kbd=0 raw=0.000,0.000,-2.550 grav=0.02,-0.00,-0.98
[INFO] [1788329061.173584622, 253.841000000]: RL policy input vx=1.069 vy=-0.750 wz=-0.673 action_rms=0.258 ready=1 userCmd=0 kbd=0 raw=1.069,-0.750,-0.673 grav=-0.04,-0.04,-0.98
[INFO] [1788329064.694542412, 255.846000000]: RL policy input vx=0.297 vy=-0.042 wz=-0.156 action_rms=0.232 ready=1 userCmd=0 kbd=0 raw=0.297,-0.042,-0.156 grav=0.03,-0.03,-0.98
[INFO] [1788329068.356654917, 257.859000000]: RL policy input vx=0.450 vy=0.000 wz=-0.005 action_rms=0.157 ready=1 userCmd=0 kbd=0 raw=0.450,0.000,-0.005 grav=0.01,-0.02,-0.98
[INFO] [1788329071.978583007, 259.866000000]: RL policy input vx=0.299 vy=0.000 wz=-0.066 action_rms=0.251 ready=1 userCmd=0 kbd=0 raw=0.299,0.000,-0.066 grav=0.01,-0.01,-0.98
[INFO] [1788329075.509869398, 261.878000000]: RL policy input vx=1.361 vy=-0.750 wz=-0.554 action_rms=0.202 ready=1 userCmd=0 kbd=0 raw=1.361,-0.750,-0.554 grav=-0.04,-0.05,-0.98
[INFO] [1788329078.819094398, 263.890000000]: RL policy input vx=2.235 vy=-0.266 wz=-0.128 action_rms=0.307 ready=1 userCmd=0 kbd=0 raw=2.235,-0.266,-0.128 grav=0.05,-0.04,-0.98
[INFO] [1788329081.966596255, 265.899000000]: RL policy input vx=2.233 vy=-0.276 wz=-0.135 action_rms=0.305 ready=1 userCmd=0 kbd=0 raw=2.233,-0.276,-0.135 grav=0.05,0.02,-0.98
[INFO] [1788329085.150640435, 267.912000000]: RL policy input vx=2.249 vy=-0.075 wz=-0.036 action_rms=0.234 ready=1 userCmd=0 kbd=0 raw=2.249,-0.075,-0.036 grav=0.01,-0.07,-0.98
[INFO] [1788329088.270674092, 269.921000000]: RL policy input vx=0.528 vy=0.497 wz=0.790 action_rms=0.178 ready=1 userCmd=0 kbd=0 raw=0.528,0.497,0.790 grav=0.03,-0.03,-0.98
[INFO] [1788329091.215437044, 271.928000000]: RL policy input vx=0.000 vy=0.000 wz=0.266 action_rms=0.169 ready=1 userCmd=0 kbd=0 raw=0.000,0.000,0.266 grav=0.02,-0.00,-0.98
[INFO] [1788329094.189724370, 273.941000000]: RL policy input vx=0.450 vy=0.000 wz=0.033 action_rms=0.191 ready=1 userCmd=0 kbd=0 raw=0.450,0.000,0.033 grav=0.01,-0.02,-0.98
[INFO] [1788329097.450627549, 275.947000000]: RL policy input vx=0.373 vy=0.000 wz=-0.029 action_rms=0.152 ready=1 userCmd=0 kbd=0 raw=0.373,0.000,-0.029 grav=0.01,-0.02,-0.98
[INFO] [1788329100.750233975, 277.954000000]: RL policy input vx=1.631 vy=0.058 wz=0.039 action_rms=0.326 ready=1 userCmd=0 kbd=0 raw=1.631,0.058,0.039 grav=0.08,0.02,-0.98
[INFO] [1788329104.050356848, 279.970000000]: RL policy input vx=0.000 vy=0.000 wz=0.507 action_rms=0.149 ready=1 userCmd=0 kbd=0 raw=0.000,0.000,0.507 grav=0.02,-0.03,-0.98
[INFO] [1788329107.393462270, 281.978000000]: RL policy input vx=0.000 vy=0.000 wz=1.873 action_rms=0.120 ready=1 userCmd=0 kbd=0 raw=0.000,0.000,1.873 grav=0.01,-0.00,-0.98
[INFO] [1788329110.417628724, 283.987000000]: RL policy input vx=0.085 vy=-0.249 wz=-1.150 action_rms=0.241 ready=1 userCmd=0 kbd=0 raw=0.085,-0.249,-1.150 grav=0.00,0.01,-0.98
[INFO] [1788329113.950328062, 285.989000000]: RL policy input vx=0.501 vy=-0.114 wz=-0.246 action_rms=0.196 ready=1 userCmd=0 kbd=0 raw=0.501,-0.114,-0.246 grav=0.04,-0.05,-0.98
[INFO] [1788329117.490640462, 287.990000000]: RL policy input vx=0.000 vy=0.000 wz=-2.550 action_rms=0.361 ready=1 userCmd=0 kbd=0 raw=0.000,0.000,-2.550 grav=0.01,0.[FSM]: state: INIT
wait for goal.
Warning: TF_REPEATED_DATA ignoring data with redundant timestamp for frame sliding_map (parent world) at time 288.487000 according to authority /scan_planner_node
         at line 277 in /tmp/binarydeb/ros-noetic-tf2-0.7.10/src/buffer_core.cpp
Warning: TF_REPEATED_DATA ignoring data with redundant timestamp for frame sliding_map (parent world) at time 288.894000 according to authority /scan_planner_node
         at line 277 in /tmp/binarydeb/ros-noetic-tf2-0.7.10/src/buffer_core.cpp
[FSM]: state: INIT
wait for goal.
[FSM]: state: INIT
wait for goal.
[FSM]: state: INIT
wait for goal.
[FSM]: state: INIT
wait for goal.
Warning: TF_REPEATED_DATA ignoring data with redundant timestamp for frame sliding_map (parent world) at time 293.598000 according to authority /scan_planner_node
         at line 277 in /tmp/binarydeb/ros-noetic-tf2-0.7.10/src/buffer_core.cpp
[FSM]: state: INIT
wait for goal.
[FSM]: state: INIT
wait for goal.
[FSM]: state: INIT
wait for goal.
[FSM]: state: INIT
wait for goal.
[FSM]: state: INIT
wait for goal.
[FSM]: state: INIT
wait for goal.
[FSM]: state: INIT
wait for goal.
[FSM]: state: INIT
wait for goal.
[FSM]: state: INIT
wait for goal.
Warning: TF_REPEATED_DATA ignoring data with redundant timestamp for frame sliding_map (parent world) at time 302.591000 according to authority /scan_planner_node
         at line 277 in /tmp/binarydeb/ros-noetic-tf2-0.7.10/src/buffer_core.cpp
[FSM]: state: INIT
wait for goal.
Warning: TF_REPEATED_DATA ignoring data with redundant timestamp for frame sliding_map (parent world) at time 304.188000 according to authority /scan_planner_node
         at line 277 in /tmp/binarydeb/ros-noetic-tf2-0.7.10/src/buffer_core.cpp
[FSM]: state: INIT
wait for goal.
[FSM]: state: INIT
wait for goal.
[FSM]: state: INIT
wait for goal.
Warning: TF_REPEATED_DATA ignoring data with redundant timestamp for frame sliding_map (parent world) at time 307.401000 according to authority /scan_planner_node
         at line 277 in /tmp/binarydeb/ros-noetic-tf2-0.7.10/src/buffer_core.cpp
Warning: TF_REPEATED_DATA ignoring data with redundant timestamp for frame sliding_map (parent world) at time 307.789000 according to authority /scan_planner_node
         at line 277 in /tmp/binarydeb/ros-noetic-tf2-0.7.10/src/buffer_core.cpp
Warning: TF_REPEATED_DATA ignoring data with redundant timestamp for frame sliding_map (parent world) at time 307.988000 according to authority /scan_planner_node
         at line 277 in /tmp/binarydeb/ros-noetic-tf2-0.7.10/src/buffer_core.cpp
[FSM]: state: INIT
wait for goal.
Warning: TF_REPEATED_DATA ignoring data with redundant timestamp for frame sliding_map (parent world) at time 308.594000 according to authority /scan_planner_node
         at line 277 in /tmp/binarydeb/ros-noetic-tf2-0.7.10/src/buffer_core.cpp
[FSM]: state: INIT
wait for goal.
Warning: TF_REPEATED_DATA ignoring data with redundant timestamp for frame sliding_map (parent world) at time 309.590000 according to authority /scan_planner_node
         at line 277 in /tmp/binarydeb/ros-noetic-tf2-0.7.10/src/buffer_core.cpp
Warning: TF_REPEATED_DATA ignoring data with redundant timestamp for frame sliding_map (parent world) at time 310.191000 according to authority /scan_planner_node
         at line 277 in /tmp/binarydeb/ros-noetic-tf2-0.7.10/src/buffer_core.cpp
[FSM]: state: INIT
wait for goal.
[FSM]: state: INIT
wait for goal.
Warning: TF_REPEATED_DATA ignoring data with redundant timestamp for frame sliding_map (parent world) at time 311.891000 according to authority /scan_planner_node
         at line 277 in /tmp/binarydeb/ros-noetic-tf2-0.7.10/src/buffer_core.cpp
[FSM]: state: INIT
wait for goal.
Warning: TF_REPEATED_DATA ignoring data with redundant timestamp for frame sliding_map (parent world) at time 312.899000 according to authority /scan_planner_node
         at line 277 in /tmp/binarydeb/ros-noetic-tf2-0.7.10/src/buffer_core.cpp
[FSM]: state: INIT
wait for goal.
Warning: TF_REPEATED_DATA ignoring data with redundant timestamp for frame sliding_map (parent world) at time 314.691000 according to authority /scan_planner_node
         at line 277 in /tmp/binarydeb/ros-noetic-tf2-0.7.10/src/buffer_core.cpp
[FSM]: state: INIT
wait for goal.
[FSM]: state: INIT
wait for goal.
Warning: TF_REPEATED_DATA ignoring data with redundant timestamp for frame sliding_map (parent world) at time 316.789000 according to authority /scan_planner_node
         at line 277 in /tmp/binarydeb/ros-noetic-tf2-0.7.10/src/buffer_core.cpp
[FSM]: state: INIT
wait for goal.
[FSM]: state: INIT
wait for goal.
[FSM]: state: INIT
wait for goal.
[FSM]: state: INIT
wait for goal.
[FSM]: state: INIT
wait for goal.
[FSM]: state: INIT
wait for goal.
[FSM]: state: INIT
wait for goal.
[FSM]: state: INIT
wait for goal.
[FSM]: state: INIT
wait for goal.
[FSM]: state: INIT
wait for goal.
[FSM]: state: INIT
wait for goal.
[FSM]: state: INIT
wait for goal.
[FSM]: state: INIT
wait for goal.
[FSM]: state: INIT
wait for goal.
[FSM]: state: INIT
wait for goal.
[FSM]: state: INIT
wait for goal.
[FSM]: state: INIT
wait for goal.
[FSM]: state: INIT
wait for goal.
01,-0.98
[INFO] [1788329120.692897647, 289.995000000]: RL policy input vx=1.857 vy=-0.270 wz=-0.159 action_rms=0.242 ready=1 userCmd=0 kbd=0 raw=1.857,-0.270,-0.159 grav=-0.00,-0.04,-0.98
[INFO] [1788329123.847362894, 291.997000000]: RL policy input vx=0.231 vy=0.000 wz=-0.109 action_rms=0.155 ready=1 userCmd=0 kbd=0 raw=0.231,0.000,-0.109 grav=0.01,-0.01,-0.98
[INFO] [1788329127.195031685, 294.005000000]: RL policy input vx=0.446 vy=0.000 wz=-0.155 action_rms=0.235 ready=1 userCmd=0 kbd=0 raw=0.446,0.000,-0.155 grav=-0.02,0.02,-0.98
[INFO] [1788329130.694848949, 296.022000000]: RL policy input vx=0.449 vy=0.000 wz=-0.064 action_rms=0.155 ready=1 userCmd=0 kbd=0 raw=0.449,0.000,-0.064 grav=0.01,-0.01,-0.98
[INFO] [1788329134.361174536, 298.025000000]: RL policy input vx=0.934 vy=0.068 wz=0.080 action_rms=0.357 ready=1 userCmd=0 kbd=0 raw=0.934,0.068,0.080 grav=-0.02,-0.02,-0.98
[INFO] [1788329137.650187095, 300.034000000]: RL policy input vx=0.450 vy=0.000 wz=0.005 action_rms=0.157 ready=1 userCmd=0 kbd=0 raw=0.450,0.000,0.005 grav=0.01,-0.02,-0.98
[INFO] [1788329141.010520926, 302.047000000]: RL policy input vx=0.450 vy=0.000 wz=-0.022 action_rms=0.209 ready=1 userCmd=0 kbd=0 raw=0.450,0.000,-0.022 grav=0.01,-0.02,-0.98
[INFO] [1788329144.238273003, 304.052000000]: RL policy input vx=2.132 vy=0.238 wz=0.123 action_rms=0.265 ready=1 userCmd=0 kbd=0 raw=2.132,0.238,0.123 grav=-0.05,-0.00,-0.98
[INFO] [1788329147.738105683, 306.072000000]: RL policy input vx=0.337 vy=0.012 wz=0.040 action_rms=0.245 ready=1 userCmd=0 kbd=0 raw=0.337,0.012,0.040 grav=0.03,-0.02,-0.98
[INFO] [1788329151.159462884, 308.088000000]: RL policy input vx=0.000 vy=0.000 wz=-2.550 action_rms=0.230 ready=1 userCmd=0 kbd=0 raw=0.000,0.000,-2.550 grav=0.00,0.01,-0.98
[INFO] [1788329154.586785856, 310.100000000]: RL policy input vx=0.131 vy=0.450 wz=1.150 action_rms=0.156 ready=1 userCmd=0 kbd=0 raw=0.131,0.450,1.150 grav=0.00,-0.03,-0.98
[INFO] [1788329158.129177475, 312.121000000]: RL policy input vx=0.387 vy=0.072 wz=0.202 action_rms=0.145 ready=1 userCmd=0 kbd=0 raw=0.387,0.072,0.202 grav=0.03,-0.01,-0.98
[INFO] [1788329161.399945623, 314.123000000]: RL policy input vx=0.000 vy=0.000 wz=2.550 action_rms=0.139 ready=1 userCmd=0 kbd=0 raw=0.000,0.000,2.550 grav=0.01,0.00,-0.98
[INFO] [1788329164.851837826, 316.144000000]: RL policy input vx=1.552 vy=0.520 wz=0.356 action_rms=0.223 ready=1 userCmd=0 kbd=0 raw=1.552,0.520,0.356 grav=-0.01,0.06,-0.98
[INFO] [1788329168.834126879, 318.157000000]: RL policy input vx=0.449 vy=0.000 wz=-0.063 action_rms=0.181 ready=1 userCmd=0 kbd=0 raw=0.449,0.000,-0.063 grav=0.01,-0.01,-0.98
[INFO] [1788329172.619274424, 320.165000000]: RL policy input vx=0.450 vy=0.000 wz=-0.034 action_rms=0.270 ready=1 userCmd=0 kbd=0 raw=0.450,0.000,-0.034 grav=0.00,-0.02,-0.98
[INFO] [1788329176.491711861, 322.172000000]: RL policy input vx=0.553 vy=0.007 wz=0.014 action_rms=0.164 ready=1 userCmd=0 kbd=0 raw=0.553,0.007,0.014 grav=-0.00,-0.02,-0.98
[INFO] [1788329180.064872281, 324.173000000]: RL policy input vx=2.172 vy=0.587 wz=0.291 action_rms=0.393 ready=1 userCmd=0 kbd=0 raw=2.172,0.587,0.291 grav=-0.03,-0.03,-0.98
[INFO] [1788329183.839839244, 326.179000000]: RL policy input vx=2.250 vy=-0.044 wz=-0.022 action_rms=0.295 ready=1 userCmd=0 kbd=0 raw=2.250,-0.044,-0.022 grav=0.03,0.01,-0.98
[INFO] [1788329187.546499453, 328.191000000]: RL policy input vx=2.250 vy=0.039 wz=0.019 action_rms=0.469 ready=1 userCmd=0 kbd=0 raw=2.250,0.039,0.019 grav=0.00,0.00,-0.98
[INFO] [1788329191.333362434, 330.200000000]: RL policy input vx=2.249 vy=-0.052 wz=-0.025 action_rms=0.351 ready=1 userCmd=0 kbd=0 raw=2.249,-0.052,-0.025 grav=0.02,0.01,-0.98
[INFO] [1788329195.153866550, 332.208000000]: RL policy input vx=2.243 vy=0.179 wz=0.087 action_rms=0.284 ready=1 userCmd=0 kbd=0 raw=2.243,0.179,0.087 grav=0.04,-0.03,-0.98
[INFO] [1788329198.929065994, 334.224000000]: RL policy input vx=1.508 vy=0.034 wz=0.025 action_rms=0.194 ready=1 userCmd=0 kbd=0 raw=1.508,0.034,0.025 grav=0.03,-0.04,-0.98
[INFO] [1788329202.046229874, 336.230000000]: RL policy inp[FSM]: state: INIT
wait for goal.
[FSM]: state: INIT
wait for goal.
[FSM]: state: INIT
wait for goal.
[FSM]: state: INIT
wait for goal.
[FSM]: state: INIT
wait for goal.
[FSM]: state: INIT
wait for goal.
[FSM]: state: INIT
wait for goal.
[FSM]: state: INIT
wait for goal.
[FSM]: state: INIT
wait for goal.
[FSM]: state: INIT
wait for goal.
[FSM]: state: INIT
wait for goal.
ut vx=2.218 vy=-0.377 wz=-0.185 action_rms=0.283 ready=1 userCmd=0 kbd=0 raw=2.218,-0.377,-0.185 grav=0.01,-0.05,-0.98
[INFO] [1788329205.794886368, 338.248000000]: RL policy input vx=2.247 vy=-0.109 wz=-0.053 action_rms=0.289 ready=1 userCmd=0 kbd=0 raw=2.247,-0.109,-0.053 grav=0.02,0.00,-0.98
[INFO] [1788329208.982590899, 340.265000000]: RL policy input vx=0.000 vy=0.000 wz=-1.150 action_rms=0.153 ready=1 userCmd=0 kbd=0 raw=0.000,0.000,-1.150 grav=0.05,0.02,-0.98
[INFO] [1788329212.184920129, 342.279000000]: RL policy input vx=1.403 vy=-0.279 wz=-0.216 action_rms=0.385 ready=1 userCmd=0 kbd=0 raw=1.403,-0.279,-0.216 grav=-0.01,-0.07,-0.98
[INFO] [1788329215.838538585, 344.285000000]: RL policy input vx=0.299 vy=-0.029 wz=-0.107 action_rms=0.228 ready=1 userCmd=0 kbd=0 raw=0.299,-0.029,-0.107 grav=0.01,-0.02,-0.98
[INFO] [1788329219.354814700, 346.304000000]: RL policy input vx=0.000 vy=0.000 wz=-0.295 action_rms=0.200 ready=1 userCmd=0 kbd=0 raw=0.000,0.000,-0.295 grav=0.00,0.00,-0.98
Switched from RL to fixed stand
infer_thread退出!
[WARN] [1788329223.085366987, 348.188000000]: Using one-shot captured-pose FixedStand profile: ramp 0.50 s, settle 0.00 s, ready after 0.50 s + 0.50 s stable, minimum gain 0.75
[INFO] Using /stand_target_joints param stance.
[FSM]: state: INIT
wait for goal.
Switched from fixed stand to RL
[INFO] Entered RL /cmd_vel mode.
[WARN] [1788329224.492840446, 348.858000000]: Using one-shot stair RL takeover profile: blend 0.50 s, zero hold 0.15 s
cuda::is_available():1
RL inference device: cuda (requested=hybrid, policy=stair)
[INFO] RL policy activated from preload cache at FixedStand entry boundary: /root/autodl-tmp/code/restore/0803b/0902overall/runtime_assets/SimEnv/src/unitree_guide/logs/policy_act_inference_stair.pt
[FSM]: state: INIT
wait for goal.
[FSM]: state: INIT
wait for goal.
[FSM]: state: INIT
wait for goal.
[FSM]: state: INIT
wait for goal.
[FSM]: state: INIT
wait for goal.
[FSM]: state: INIT
wait for goal.
[FSM]: state: INIT
wait for goal.
[FSM]: state: INIT
wait for goal.
Warning: TF_REPEATED_DATA ignoring data with redundant timestamp for frame sliding_map (parent world) at time 357.599000 according to authority /scan_planner_node
         at line 277 in /tmp/binarydeb/ros-noetic-tf2-0.7.10/src/buffer_core.cpp
[FSM]: state: INIT
wait for goal.
[FSM]: state: INIT
wait for goal.
[FSM]: state: INIT
wait for goal.
[FSM]: state: INIT
wait for goal.
[FSM]: state: INIT
wait for goal.
[FSM]: state: INIT
wait for goal.
[FSM]: state: INIT
wait for goal.
Warning: TF_REPEATED_DATA ignoring data with redundant timestamp for frame sliding_map (parent world) at time 364.387000 according to authority /scan_planner_node
         at line 277 in /tmp/binarydeb/ros-noetic-tf2-0.7.10/src/buffer_core.cpp
[FSM]: state: INIT
wait for goal.
[FSM]: state: INIT
wait for goal.
[FSM]: state: INIT
wait for goal.
[FSM]: state: INIT
wait for goal.
[FSM]: state: INIT
wait for goal.
Warning: TF_REPEATED_DATA ignoring data with redundant timestamp for frame sliding_map (parent world) at time 370.091000 according to authority /scan_planner_node
         at line 277 in /tmp/binarydeb/ros-noetic-tf2-0.7.10/src/buffer_core.cpp
[FSM]: state: INIT
wait for goal.
[WARN] [1788329261.802324591, 371.115000000]: Using one-shot plane RL takeover profile: blend 0.50 s, zero hold 0.15 s
[INFO] [1788329224.527867387, 348.868000000]: RL policy input vx=0.000 vy=0.000 wz=0.000 action_rms=0.200 ready=0 userCmd=8 kbd=0 raw=0.000,0.000,0.000 grav=-0.00,-0.00,-0.98
[INFO] [1788329225.759239552, 349.508000000]: RL locomotion_ready latched after 0.65 s takeover and 0.64 s stable hold
[INFO] [1788329228.509408411, 350.885000000]: RL policy input vx=0.581 vy=-0.265 wz=-0.027 action_rms=0.532 ready=1 userCmd=8 kbd=0 raw=0.581,-0.265,-0.027 grav=-0.24,-0.04,-0.95
[INFO] [1788329231.787239173, 352.899000000]: RL policy input vx=0.596 vy=-0.070 wz=-0.041 action_rms=0.410 ready=1 userCmd=0 kbd=0 raw=0.596,-0.070,-0.041 grav=-0.23,-0.13,-0.94
[INFO] [1788329235.395910794, 354.917000000]: RL policy input vx=0.795 vy=-0.099 wz=-0.029 action_rms=0.479 ready=1 userCmd=0 kbd=0 raw=0.795,-0.099,-0.029 grav=-0.29,-0.04,-0.94
[INFO] [1788329238.959239943, 356.931000000]: RL policy input vx=0.468 vy=-0.586 wz=-0.987 action_rms=0.198 ready=1 userCmd=0 kbd=0 raw=0.468,-0.586,-0.987 grav=-0.04,-0.04,-0.98
[INFO] [1788329242.213357347, 358.931000000]: RL policy input vx=0.298 vy=-0.035 wz=-0.127 action_rms=0.146 ready=1 userCmd=8 kbd=0 raw=0.298,-0.035,-0.127 grav=0.01,0.01,-0.98
[INFO] [1788329245.527167975, 360.950000000]: RL policy input vx=0.000 vy=0.000 wz=-0.545 action_rms=0.155 ready=1 userCmd=0 kbd=0 raw=0.000,0.000,-0.545 grav=-0.02,0.02,-0.98
[INFO] [1788329248.836672775, 362.953000000]: RL policy input vx=0.000 vy=0.000 wz=-0.240 action_rms=0.196 ready=1 userCmd=0 kbd=0 raw=0.000,0.000,-0.240 grav=-0.03,0.02,-0.98
[INFO] [1788329252.225599792, 364.958000000]: RL policy input vx=0.583 vy=-0.246 wz=-0.027 action_rms=0.600 ready=1 userCmd=0 kbd=0 raw=0.583,-0.246,-0.027 grav=-0.39,-0.01,-0.90
[INFO] [1788329255.420757647, 366.977000000]: RL policy input vx=0.801 vy=-0.024 wz=0.009 action_rms=0.525 ready=1 userCmd=0 kbd=0 raw=0.801,-0.024,0.009 grav=-0.49,0.02,-0.85
[INFO] [1788329258.564948694, 368.983000000]: RL policy input vx=0.799 vy=0.049 wz=0.021 action_rms=0.549 ready=1 userCmd=0 kbd=0 raw=0.799,0.049,0.021 grav=-0.39,-0.10,-0.90
[INFO] [1788329261.631365399, 370.998000000]: RL policy input vx=0.000 vy=0.000 wz=0.000 action_rms=0.146 ready=1 userCmd=0 kbd=0 raw=0.000,0.000,0.000 grav=0.03,0.01,-0.98
cuda::is_available():1
RL inference device: cpu (requested=hybrid, policy=plane)
[INFO] RL policy hot-switched from preload cache: /root/autodl-tmp/code/restore/0803b/0902overall/runtime_assets/SimEnv/src/unitree_guide/logs/policy_act_inference_plane.pt
[FSM]: state: INIT
wait for goal.
[FSM]: state: INIT
wait for goal.
[FSM]: state: INIT
wait for goal.
[FSM]: state: INIT
wait for goal.
[FSM]: state: INIT
wait for goal.
Warning: TF_REPEATED_DATA ignoring data with redundant timestamp for frame sliding_map (parent world) at time 376.694000 according to authority /scan_planner_node
         at line 277 in /tmp/binarydeb/ros-noetic-tf2-0.7.10/src/buffer_core.cpp
[INFO] [1788329221.434942, 347.352000]: Floor-2 stair controller armed by SECOND_FLOOR_EXPLORATION_COMPLETE.
[INFO] [1788329221.447169, 347.360000]: Robot is already 0.04 m from the pre-riser pose; skipping the corridor/side legs.
[INFO] [1788329221.452351, 347.364000]: Pre-ascent residual heading error -0.110 rad (visual_depth=False, bearing=none).
[INFO] [1788329222.492438, 347.863000]: Flight-A body settled for 0.36 s; waiting for joint RMS capture window <= 0.180 (current=0.305).
[INFO] [1788329222.563173, 347.903000]: Pre-ascent stand target set from flight-A pre-reload capture entry sample
[INFO] [1788329222.583361, 347.914000]: Flight-A plane gait settled at joint RMS 0.146; holding FixedStand for at least 0.1 s at snapshot pose before queued stair-policy entry.
[INFO] [1788329224.252537, 348.739000]: Flight-A FixedStand readiness gate complete; queued the stair policy for State_RL entry and retaining stand ownership for 0.25 s.
[INFO] [1788329224.477279, 348.847000]: Flight-A policy request has been queued under FixedStand; requesting RL so State_RL loads it before inference starts.
[INFO] [1788329225.846348, 349.528000]: Fresh RL readiness confirmed after the flight-A FixedStand boundary; starting the climb ramp.
[INFO] [1788329225.861936, 349.540000]: Flight-A fresh RL readiness observed; ascent clocks reset and 1.2 s climb ramp started.
[INFO] [1788329225.866707, 349.542000]: STPUB phase=STAIR_ASCENT world=(0.024,0.003,-0.025) body=(0.001,-0.024,-0.025) truth_z=2.912 pose=2.9116875216879268
[INFO] [1788329227.948191, 350.560000]: STPUB phase=STAIR_ASCENT world=(0.024,0.800,-0.018) body=(0.798,-0.065,-0.018) truth_z=2.940 pose=2.939599076232606
[INFO] [1788329229.658929, 351.561000]: STPUB phase=STAIR_ASCENT world=(0.051,0.800,-0.024) body=(0.795,-0.105,-0.024) truth_z=3.186 pose=3.187826662446115
[INFO] [1788329231.281037, 352.571000]: STPUB phase=STAIR_ASCENT world=(0.220,0.600,-0.048) body=(0.564,-0.300,-0.048) truth_z=3.353 pose=3.3541830442438982
[INFO] [1788329233.047691, 353.581000]: STPUB phase=STAIR_ASCENT world=(0.027,0.800,-0.018) body=(0.798,-0.068,-0.018) truth_z=3.672 pose=3.6622137084065476
[INFO] [1788329234.773151, 354.602000]: STPUB phase=STAIR_ASCENT world=(0.000,0.800,-0.020) body=(0.799,-0.045,-0.020) truth_z=3.827 pose=3.8259089574338017
[INFO] [1788329236.640013, 355.620000]: STPUB phase=STAIR_ASCENT world=(0.046,0.800,-0.029) body=(0.793,-0.112,-0.029) truth_z=4.108 pose=4.107647980284649
[INFO] [1788329237.594066, 356.180000]: Intermediate landing entered at y=4.76 m; starting moving turn.
[INFO] [1788329238.392168, 356.621000]: STPUB phase=STAIR_LANDING_TURN world=(0.750,0.000,-1.200) body=(0.242,-0.710,-1.200) truth_z=4.215 pose=4.214783598126304
[INFO] [1788329240.112451, 357.640000]: STPUB phase=STAIR_LANDING_TURN world=(0.750,0.000,-0.451) body=(0.688,-0.299,-0.451) truth_z=4.217 pose=4.216215000681419
[INFO] [1788329241.765440, 358.643000]: STPUB phase=STAIR_LANDING_TURN world=(0.354,0.000,-0.157) body=(0.350,-0.050,-0.157) truth_z=4.214 pose=4.214299194063567
[INFO] [1788329243.388950, 359.660000]: STPUB phase=STAIR_LANDING_TURN world=(0.300,0.000,-1.200) body=(0.300,0.000,-1.200) truth_z=4.220 pose=4.219366483521035
[INFO] [1788329245.068903, 360.680000]: STPUB phase=STAIR_LANDING_TURN world=(0.000,0.000,-0.681) body=(0.000,0.000,-0.681) truth_z=4.217 pose=4.217116499259304
[INFO] [1788329246.776434, 361.700000]: STPUB phase=STAIR_LANDING_TURN world=(0.000,0.000,-0.314) body=(0.000,0.000,-0.314) truth_z=4.227 pose=4.22694941869099
[INFO] [1788329248.441890, 362.720000]: STPUB phase=STAIR_LANDING_TURN world=(0.000,0.000,-0.240) body=(0.000,0.000,-0.240) truth_z=4.237 pose=4.236872617775979
[INFO] [1788329249.558254, 363.360000]: Flight-B entry aligned: x error=-0.046 m, heading error=-0.149 rad.
[INFO] [1788329249.563613, 363.365000]: Flight-B entry joints saved (12 dofs) -> /root/autodl-tmp/code/restore/0803b/0902overall/results/portable_accept_seed33/flight_b_entry_joints_1.json
[INFO] [1788329249.580198, 363.380000]: ASCENT_B gate: entry_guide=True truth_pose=True start_z=2.912 profile=True heading=-1.571 pose_z=4.232170017306237 truth_z=4.232362518459886
[INFO] [1788329249.584190, 363.382000]: Pre-ascent RL settle: holding zero command until motion is stable for 0.6 s before FixedStand.
[INFO] [1788329249.589882, 363.387000]: Pre-ascent RL settle active: stable 0.00/0.60 s.
[INFO] [1788329250.225065, 363.721000]: Pre-ascent RL motion settled for 0.64 s; settle-only gate complete (FixedStand disabled).
[INFO] [1788329250.255422, 363.741000]: STPUB phase=STAIR_ASCENT_B world=(-0.029,-0.800,-0.064) body=(0.781,-0.174,-0.064) truth_z=4.229 pose=4.228765887419019
[INFO] [1788329251.340591, 364.381000]: ASCENT_B gate: entry_guide=True truth_pose=True start_z=2.912 profile=True heading=-1.571 pose_z=4.2640647422123275 truth_z=4.263530695653398
[INFO] [1788329251.927927, 364.760000]: STPUB phase=STAIR_ASCENT_B world=(-0.042,-0.800,-0.035) body=(0.792,-0.123,-0.035) truth_z=4.325 pose=4.323573014957194
[INFO] [1788329252.916941, 365.407000]: ASCENT_B gate: entry_guide=True truth_pose=True start_z=2.912 profile=True heading=-1.571 pose_z=4.4861191917544785 truth_z=4.486706588757537
[INFO] [1788329253.516962, 365.781000]: STPUB phase=STAIR_ASCENT_B world=(-0.200,-0.600,-0.020) body=(0.588,-0.234,-0.020) truth_z=4.579 pose=4.578561394375934
[INFO] [1788329254.571460, 366.420000]: ASCENT_B gate: entry_guide=True truth_pose=True start_z=2.912 profile=True heading=-1.571 pose_z=4.681200064551848 truth_z=4.68091928912055
[INFO] [1788329255.128963, 366.802000]: STPUB phase=STAIR_ASCENT_B world=(-0.200,-0.600,0.003) body=(0.602,-0.195,0.003) truth_z=4.764 pose=4.763522843134925
[INFO] [1788329256.155142, 367.440000]: ASCENT_B gate: entry_guide=True truth_pose=True start_z=2.912 profile=True heading=-1.571 pose_z=4.886307765750761 truth_z=4.887082932010664
[INFO] [1788329256.713339, 367.807000]: STPUB phase=STAIR_ASCENT_B world=(0.000,-0.600,0.040) body=(0.596,0.068,0.040) truth_z=4.942 pose=4.943167241504026
[INFO] [1788329257.723202, 368.441000]: ASCENT_B gate: entry_guide=True truth_pose=True start_z=2.912 profile=True heading=-1.571 pose_z=5.088160823539923 truth_z=5.09039836484659
[INFO] [1788329258.291037, 368.820000]: STPUB phase=STAIR_ASCENT_B world=(0.000,-0.800,0.028) body=(0.797,0.064,0.028) truth_z=5.175 pose=5.174814128639376
[INFO] [1788329259.292409, 369.461000]: ASCENT_B gate: entry_guide=True truth_pose=True start_z=2.912 profile=True heading=-1.571 pose_z=5.312129086762046 truth_z=5.316632099959394
[INFO] [1788329259.829664, 369.841000]: STPUB phase=STAIR_ASCENT_B world=(0.027,-0.800,0.030) body=(0.795,0.096,0.030) truth_z=5.385 pose=5.382029213684412
[INFO] [1788329260.794951, 370.481000]: ASCENT_B gate: entry_guide=True truth_pose=True start_z=2.912 profile=True heading=-1.571 pose_z=5.497587962030773 truth_z=5.496723590638837
[INFO] [1788329261.251664, 370.742000]: Upper landing entered: gain=2.59 m, clearance=0.00 m; stabilizing for 0.5 s.
[INFO] [1788329261.754877, 371.080000]: Floor-3 landing confirmed after two flights: gain=2.60 m clearance=0.11 m.
[INFO] [1788329262.996134, 371.823000]: Plane policy acknowledged on the upper landing; releasing stair controller ownership.
[FSM]: state: INIT
wait for goal.
Warning: TF_REPEATED_DATA ignoring data with redundant timestamp for frame sliding_map (parent world) at time 377.488000 according to authority /scan_planner_node
         at line 277 in /tmp/binarydeb/ros-noetic-tf2-0.7.10/src/buffer_core.cpp
[FSM]: state: INIT
wait for goal.
[FSM]: state: INIT
wait for goal.
[FSM]: state: INIT
wait for goal.
[FSM]: state: INIT
wait for goal.
[FSM]: state: INIT
wait for goal.
[FSM]: state: INIT
wait for goal.
[FSM]: state: INIT
wait for goal.
[FSM]: state: INIT
wait for goal.
[FSM]: state: INIT
wait for goal.
[FSM]: state: INIT
wait for goal.
[FSM]: state: INIT
wait for goal.
[FSM]: state: INIT
wait for goal.
[FSM]: state: INIT
wait for goal.
[FSM]: state: INIT
wait for goal.
[FSM]: state: INIT
wait for goal.
[FSM]: state: INIT
wait for goal.
[FSM]: state: INIT
wait for goal.
Warning: TF_REPEATED_DATA ignoring data with redundant timestamp for frame sliding_map (parent world) at time 396.488000 according to authority /scan_planner_node
         at line 277 in /tmp/binarydeb/ros-noetic-tf2-0.7.10/src/buffer_core.cpp
[FSM]: state: INIT
wait for goal.
[FSM]: state: INIT
wait for goal.
[FSM]: state: INIT
wait for goal.
[FSM]: state: INIT
wait for goal.
Warning: TF_REPEATED_DATA ignoring data with redundant timestamp for frame sliding_map (parent world) at time 400.893000 according to authority /scan_planner_node
         at line 277 in /tmp/binarydeb/ros-noetic-tf2-0.7.10/src/buffer_core.cpp
[FSM]: state: INIT
wait for goal.
[FSM]: state: INIT
wait for goal.
Warning: TF_REPEATED_DATA ignoring data with redundant timestamp for frame sliding_map (parent world) at time 403.290000 according to authority /scan_planner_node
         at line 277 in /tmp/binarydeb/ros-noetic-tf2-0.7.10/src/buffer_core.cpp
[FSM]: state: INIT
wait for goal.
Warning: TF_REPEATED_DATA ignoring data with redundant timestamp for frame sliding_map (parent world) at time 404.087000 according to authority /scan_planner_node
         at line 277 in /tmp/binarydeb/ros-noetic-tf2-0.7.10/src/buffer_core.cpp
[FSM]: state: INIT
wait for goal.
[FSM]: state: INIT
wait for goal.
[FSM]: state: INIT
wait for goal.
[FSM]: state: INIT
wait for goal.
[FSM]: state: INIT
wait for goal.
[FSM]: state: INIT
wait for goal.
[FSM]: state: INIT
wait for goal.
[FSM]: state: INIT
wait for goal.
[FSM]: state: INIT
wait for goal.
[FSM]: state: INIT
wait for goal.
[FSM]: state: INIT
wait for goal.
Warning: TF_REPEATED_DATA ignoring data with redundant timestamp for frame sliding_map (parent world) at time 416.287000 according to authority /scan_planner_node
         at line 277 in /tmp/binarydeb/ros-noetic-tf2-0.7.10/src/buffer_core.cpp
[INFO] [1788329262.896013003, 371.779000000]: RL locomotion_ready latched after 0.67 s takeover and 0.45 s stable hold
[INFO] [1788329264.977601190, 373.005000000]: RL policy input vx=0.000 vy=0.000 wz=1.008 action_rms=0.213 ready=1 userCmd=0 kbd=0 raw=0.000,0.000,1.008 grav=0.01,-0.00,-0.98
[INFO] [1788329268.535613457, 375.006000000]: RL policy input vx=1.033 vy=0.000 wz=0.128 action_rms=0.227 ready=1 userCmd=0 kbd=0 raw=1.033,0.000,0.128 grav=-0.03,-0.01,-0.98
[INFO] [1788329271.862818813, 377.015000000]: RL policy input vx=0.713 vy=0.750 wz=0.892 action_rms=0.181 ready=1 userCmd=0 kbd=0 raw=0.713,0.750,0.892 grav=0.01,0.01,-0.98
[INFO] [1788329275.730145246, 379.031000000]: RL policy input vx=2.248 vy=-0.086 wz=-0.042 action_rms=0.255 ready=1 userCmd=0 kbd=0 raw=2.248,-0.086,-0.042 grav=-0.00,-0.06,-0.98
[INFO] [1788329279.225401968, 381.032000000]: RL policy input vx=2.247 vy=-0.109 wz=-0.053 action_rms=0.424 ready=1 userCmd=0 kbd=0 raw=2.247,-0.109,-0.053 grav=0.04,0.02,-0.98
[INFO] [1788329282.695656440, 383.049000000]: RL policy input vx=2.248 vy=0.101 wz=0.049 action_rms=0.393 ready=1 userCmd=0 kbd=0 raw=2.248,0.101,0.049 grav=0.01,-0.06,-0.98
[INFO] [1788329286.107896842, 385.060000000]: RL policy input vx=0.843 vy=0.171 wz=0.220 action_rms=0.327 ready=1 userCmd=0 kbd=0 raw=0.843,0.171,0.220 grav=0.07,-0.02,-0.98
[INFO] [1788329289.562183421, 387.077000000]: RL policy input vx=0.000 vy=0.000 wz=0.534 action_rms=0.213 ready=1 userCmd=0 kbd=0 raw=0.000,0.000,0.534 grav=0.02,-0.00,-0.98
[INFO] [1788329292.937229357, 389.090000000]: RL policy input vx=0.449 vy=0.000 wz=0.058 action_rms=0.232 ready=1 userCmd=0 kbd=0 raw=0.449,0.000,0.058 grav=0.00,-0.02,-0.98
[INFO] [1788329296.411605264, 391.102000000]: RL policy input vx=0.450 vy=0.000 wz=-0.010 action_rms=0.157 ready=1 userCmd=0 kbd=0 raw=0.450,0.000,-0.010 grav=0.01,-0.01,-0.98
[INFO] [1788329299.630507025, 393.117000000]: RL policy input vx=2.127 vy=0.277 wz=0.142 action_rms=0.256 ready=1 userCmd=0 kbd=0 raw=2.127,0.277,0.142 grav=0.02,-0.02,-0.98
[INFO] [1788329303.033707689, 395.130000000]: RL policy input vx=0.350 vy=0.010 wz=0.033 action_rms=0.193 ready=1 userCmd=0 kbd=0 raw=0.350,0.010,0.033 grav=0.03,-0.02,-0.98
[INFO] [1788329306.265834661, 397.143000000]: RL policy input vx=0.000 vy=0.000 wz=-2.550 action_rms=0.366 ready=1 userCmd=0 kbd=0 raw=0.000,0.000,-2.550 grav=-0.01,0.01,-0.98
[INFO] [1788329309.739475741, 399.161000000]: RL policy input vx=0.156 vy=0.450 wz=1.150 action_rms=0.179 ready=1 userCmd=0 kbd=0 raw=0.156,0.450,1.150 grav=-0.00,-0.04,-0.98
[INFO] [1788329313.184139383, 401.174000000]: RL policy input vx=0.390 vy=0.083 wz=0.231 action_rms=0.281 ready=1 userCmd=0 kbd=0 raw=0.390,0.083,0.231 grav=0.03,-0.01,-0.98
[INFO] [1788329316.742070896, 403.191000000]: RL policy input vx=0.000 vy=0.000 wz=2.550 action_rms=0.304 ready=1 userCmd=0 kbd=0 raw=0.000,0.000,2.550 grav=0.01,0.02,-0.98
[INFO] [1788329320.146420567, 405.209000000]: RL policy input vx=1.404 vy=0.487 wz=0.367 action_rms=0.348 ready=1 userCmd=0 kbd=0 raw=1.404,0.487,0.367 grav=-0.01,0.10,-0.97
[INFO] [1788329323.362799679, 407.211000000]: RL policy input vx=0.449 vy=0.000 wz=-0.074 action_rms=0.177 ready=1 userCmd=0 kbd=0 raw=0.449,0.000,-0.074 grav=0.01,-0.00,-0.98
[INFO] [1788329326.533086169, 409.232000000]: RL policy input vx=0.450 vy=0.000 wz=-0.034 action_rms=0.166 ready=1 userCmd=0 kbd=0 raw=0.450,0.000,-0.034 grav=0.01,-0.01,-0.98
[INFO] [1788329329.789672110, 411.239000000]: RL policy input vx=1.073 vy=0.038 wz=0.039 action_rms=0.230 ready=1 userCmd=0 kbd=0 raw=1.073,0.038,0.039 grav=-0.01,0.02,-0.98
[INFO] [1788329332.875222058, 413.246000000]: RL policy input vx=0.450 vy=0.000 wz=0.011 action_rms=0.156 ready=1 userCmd=0 kbd=0 raw=0.450,0.000,0.011 grav=0.01,-0.02,-0.98
[INFO] [1788329335.983213017, 415.260000000]: RL policy input vx=0.450 vy=0.000 wz=-0.013 action_rms=0.207 ready=1 userCmd=0 kbd=0 raw=0.450,0.000,-0.013 grav=0.01,-0.01,-0.98
[INFO] [1788329339.174932238, 417.262000000]: RL policy input vx=2.144 vy=0.065 wz=0.033 action_rms=0.236 ready=1 userCmd=0 kbd=0 r[FSM]: state: INIT
wait for goal.
[FSM]: state: INIT
wait for goal.
[FSM]: state: INIT
wait for goal.
Warning: TF_REPEATED_DATA ignoring data with redundant timestamp for frame sliding_map (parent world) at time 420.087000 according to authority /scan_planner_node
         at line 277 in /tmp/binarydeb/ros-noetic-tf2-0.7.10/src/buffer_core.cpp
Warning: TF_REPEATED_DATA ignoring data with redundant timestamp for frame sliding_map (parent world) at time 420.489000 according to authority /scan_planner_node
         at line 277 in /tmp/binarydeb/ros-noetic-tf2-0.7.10/src/buffer_core.cpp
[FSM]: state: INIT
wait for goal.
Warning: TF_REPEATED_DATA ignoring data with redundant timestamp for frame sliding_map (parent world) at time 421.194000 according to authority /scan_planner_node
         at line 277 in /tmp/binarydeb/ros-noetic-tf2-0.7.10/src/buffer_core.cpp
Warning: TF_REPEATED_DATA ignoring data with redundant timestamp for frame sliding_map (parent world) at time 421.291000 according to authority /scan_planner_node
         at line 277 in /tmp/binarydeb/ros-noetic-tf2-0.7.10/src/buffer_core.cpp
[FSM]: state: INIT
wait for goal.
Warning: TF_REPEATED_DATA ignoring data with redundant timestamp for frame sliding_map (parent world) at time 422.291000 according to authority /scan_planner_node
         at line 277 in /tmp/binarydeb/ros-noetic-tf2-0.7.10/src/buffer_core.cpp
[FSM]: state: INIT
wait for goal.
Warning: TF_REPEATED_DATA ignoring data with redundant timestamp for frame sliding_map (parent world) at time 423.993000 according to authority /scan_planner_node
         at line 277 in /tmp/binarydeb/ros-noetic-tf2-0.7.10/src/buffer_core.cpp
[FSM]: state: INIT
wait for goal.
[FSM]: state: INIT
wait for goal.
[FSM]: state: INIT
wait for goal.
Warning: TF_REPEATED_DATA ignoring data with redundant timestamp for frame sliding_map (parent world) at time 426.902000 according to authority /scan_planner_node
         at line 277 in /tmp/binarydeb/ros-noetic-tf2-0.7.10/src/buffer_core.cpp
[FSM]: state: INIT
wait for goal.
Warning: TF_REPEATED_DATA ignoring data with redundant timestamp for frame sliding_map (parent world) at time 427.689000 according to authority /scan_planner_node
         at line 277 in /tmp/binarydeb/ros-noetic-tf2-0.7.10/src/buffer_core.cpp
Warning: TF_REPEATED_DATA ignoring data with redundant timestamp for frame sliding_map (parent world) at time 427.893000 according to authority /scan_planner_node
         at line 277 in /tmp/binarydeb/ros-noetic-tf2-0.7.10/src/buffer_core.cpp
Warning: TF_REPEATED_DATA ignoring data with redundant timestamp for frame sliding_map (parent world) at time 428.288000 according to authority /scan_planner_node
         at line 277 in /tmp/binarydeb/ros-noetic-tf2-0.7.10/src/buffer_core.cpp
Warning: TF_REPEATED_DATA ignoring data with redundant timestamp for frame sliding_map (parent world) at time 428.490000 according to authority /scan_planner_node
         at line 277 in /tmp/binarydeb/ros-noetic-tf2-0.7.10/src/buffer_core.cpp
[FSM]: state: INIT
wait for goal.
Warning: TF_REPEATED_DATA ignoring data with redundant timestamp for frame sliding_map (parent world) at time 428.891000 according to authority /scan_planner_node
         at line 277 in /tmp/binarydeb/ros-noetic-tf2-0.7.10/src/buffer_core.cpp
Warning: TF_REPEATED_DATA ignoring data with redundant timestamp for frame sliding_map (parent world) at time 429.288000 according to authority /scan_planner_node
         at line 277 in /tmp/binarydeb/ros-noetic-tf2-0.7.10/src/buffer_core.cpp
[FSM]: state: INIT
wait for goal.
[FSM]: state: INIT
wait for goal.
[FSM]: state: INIT
wait for goal.
[FSM]: state: INIT
wait for goal.
[FSM]: state: INIT
wait for goal.
[FSM]: state: INIT
wait for goal.
[FSM]: state: INIT
wait for goal.
[FSM]: state: INIT
wait for goal.
[FSM]: state: INIT
wait for goal.
[FSM]: state: INIT
wait for goal.
[FSM]: state: INIT
wait for goal.
[FSM]: state: INIT
wait for goal.
[FSM]: state: INIT
wait for goal.
[FSM]: state: INIT
wait for goal.
[FSM]: state: INIT
wait for goal.
[FSM]: state: INIT
wait for goal.
Warning: TF_REPEATED_DATA ignoring data with redundant timestamp for frame sliding_map (parent world) at time 446.789000 according to authority /scan_planner_node
         at line 277 in /tmp/binarydeb/ros-noetic-tf2-0.7.10/src/buffer_core.cpp
[FSM]: state: INIT
wait for goal.
Warning: TF_REPEATED_DATA ignoring data with redundant timestamp for frame sliding_map (parent world) at time 447.796000 according to authority /scan_planner_node
         at line 277 in /tmp/binarydeb/ros-noetic-tf2-0.7.10/src/buffer_core.cpp
[FSM]: state: INIT
wait for goal.
[FSM]: state: INIT
wait for goal.
[FSM]: state: INIT
wait for goal.
[FSM]: state: INIT
wait for goal.
[FSM]: state: INIT
wait for goal.
[FSM]: state: INIT
wait for goal.
[FSM]: state: INIT
wait for goal.
[FSM]: state: INIT
wait for goal.
[FSM]: state: INIT
wait for goal.
Warning: TF_REPEATED_DATA ignoring data with redundant timestamp for frame sliding_map (parent world) at time 458.188000 according to authority /scan_planner_node
         at line 277 in /tmp/binarydeb/ros-noetic-tf2-0.7.10/src/buffer_core.cpp
[FSM]: state: INIT
wait for goal.
[FSM]: state: INIT
wait for goal.
Warning: TF_REPEATED_DATA ignoring data with redundant timestamp for frame sliding_map (parent world) at time 460.003000 according to authority /scan_planner_node
         at line 277 in /tmp/binarydeb/ros-noetic-tf2-0.7.10/src/buffer_core.cpp
Warning: TF_REPEATED_DATA ignoring data with redundant timestamp for frame sliding_map (parent world) at time 460.587000 according to authority /scan_planner_node
         at line 277 in /tmp/binarydeb/ros-noetic-tf2-0.7.10/src/buffer_core.cpp
[FSM]: state: INIT
wait for goal.
[FSM]: state: INIT
wait for goal.
[FSM]: state: INIT
wait for goal.
[FSM]: state: INIT
wait for goal.
[FSM]: state: INIT
wait for goal.
Warning: TF_REPEATED_DATA ignoring data with redundant timestamp for frame sliding_map (parent world) at time 465.392000 according to authority /scan_planner_node
         at line 277 in /tmp/binarydeb/ros-noetic-tf2-0.7.10/src/buffer_core.cpp
aw=2.144,0.065,0.033 grav=-0.01,0.02,-0.98
[INFO] [1788329342.148863070, 419.264000000]: RL policy input vx=0.383 vy=0.012 wz=0.034 action_rms=0.152 ready=1 userCmd=0 kbd=0 raw=0.383,0.012,0.034 grav=0.03,-0.03,-0.98
[INFO] [1788329345.186465760, 421.265000000]: RL policy input vx=0.000 vy=0.000 wz=-2.550 action_rms=0.326 ready=1 userCmd=0 kbd=0 raw=0.000,0.000,-2.550 grav=0.01,0.01,-0.98
[INFO] [1788329348.561798473, 423.273000000]: RL policy input vx=0.000 vy=0.000 wz=1.150 action_rms=0.256 ready=1 userCmd=0 kbd=0 raw=0.000,0.000,1.150 grav=0.01,-0.00,-0.98
[INFO] [1788329351.952106134, 425.282000000]: RL policy input vx=0.648 vy=0.139 wz=0.232 action_rms=0.147 ready=1 userCmd=0 kbd=0 raw=0.648,0.139,0.232 grav=0.03,0.05,-0.98
[INFO] [1788329355.366120133, 427.299000000]: RL policy input vx=0.000 vy=0.000 wz=2.550 action_rms=0.159 ready=1 userCmd=0 kbd=0 raw=0.000,0.000,2.550 grav=0.01,-0.01,-0.98
[INFO] [1788329358.687065178, 429.313000000]: RL policy input vx=1.820 vy=0.750 wz=0.430 action_rms=0.272 ready=1 userCmd=0 kbd=0 raw=1.820,0.750,0.430 grav=-0.02,0.10,-0.98
[INFO] [1788329362.233993044, 431.324000000]: RL policy input vx=0.299 vy=0.028 wz=0.103 action_rms=0.169 ready=1 userCmd=0 kbd=0 raw=0.299,0.028,0.103 grav=0.03,-0.01,-0.98
[INFO] [1788329365.621933039, 433.326000000]: RL policy input vx=0.450 vy=0.000 wz=0.037 action_rms=0.228 ready=1 userCmd=0 kbd=0 raw=0.450,0.000,0.037 grav=0.00,-0.02,-0.98
[INFO] [1788329368.843993489, 435.326000000]: RL policy input vx=0.332 vy=0.000 wz=-0.034 action_rms=0.151 ready=1 userCmd=0 kbd=0 raw=0.332,0.000,-0.034 grav=0.01,-0.03,-0.98
[INFO] [1788329371.652994429, 437.342000000]: RL policy input vx=1.015 vy=-0.750 wz=-0.700 action_rms=0.305 ready=1 userCmd=0 kbd=0 raw=1.015,-0.750,-0.700 grav=-0.05,-0.01,-0.98
[INFO] [1788329374.792994862, 439.359000000]: RL policy input vx=2.236 vy=-0.251 wz=-0.123 action_rms=0.337 ready=1 userCmd=0 kbd=0 raw=2.236,-0.251,-0.123 grav=-0.03,-0.10,-0.97
[INFO] [1788329377.791786055, 441.380000000]: RL policy input vx=2.250 vy=-0.037 wz=-0.018 action_rms=0.343 ready=1 userCmd=0 kbd=0 raw=2.250,-0.037,-0.018 grav=0.03,0.02,-0.98
[INFO] [1788329380.677158778, 443.383000000]: RL policy input vx=2.240 vy=0.213 wz=0.104 action_rms=0.379 ready=1 userCmd=0 kbd=0 raw=2.240,0.213,0.104 grav=0.02,0.02,-0.98
[INFO] [1788329383.646017847, 445.391000000]: RL policy input vx=0.784 vy=0.081 wz=0.113 action_rms=0.304 ready=1 userCmd=0 kbd=0 raw=0.784,0.081,0.113 grav=0.04,-0.03,-0.98
[INFO] [1788329386.564370397, 447.408000000]: RL policy input vx=0.000 vy=0.000 wz=0.432 action_rms=0.180 ready=1 userCmd=0 kbd=0 raw=0.000,0.000,0.432 grav=0.02,-0.01,-0.98
[INFO] [1788329389.649959634, 449.428000000]: RL policy input vx=0.450 vy=0.000 wz=0.044 action_rms=0.161 ready=1 userCmd=0 kbd=0 raw=0.450,0.000,0.044 grav=0.00,-0.01,-0.98
[INFO] [1788329392.709446663, 451.428000000]: RL policy input vx=0.450 vy=0.000 wz=-0.001 action_rms=0.201 ready=1 userCmd=0 kbd=0 raw=0.450,0.000,-0.001 grav=0.01,-0.02,-0.98
[INFO] [1788329395.785022810, 453.429000000]: RL policy input vx=2.087 vy=-0.496 wz=-0.257 action_rms=0.270 ready=1 userCmd=0 kbd=0 raw=2.087,-0.496,-0.257 grav=-0.03,-0.05,-0.98
[INFO] [1788329398.807557343, 455.448000000]: RL policy input vx=0.300 vy=-0.008 wz=-0.031 action_rms=0.151 ready=1 userCmd=0 kbd=0 raw=0.300,-0.008,-0.031 grav=0.03,-0.04,-0.98
[INFO] [1788329401.890713271, 457.467000000]: RL policy input vx=0.000 vy=0.000 wz=2.550 action_rms=0.188 ready=1 userCmd=0 kbd=0 raw=0.000,0.000,2.550 grav=0.01,0.01,-0.98
[INFO] [1788329404.852946773, 459.480000000]: RL policy input vx=0.000 vy=0.000 wz=-1.150 action_rms=0.178 ready=1 userCmd=0 kbd=0 raw=0.000,0.000,-1.150 grav=-0.00,0.00,-0.98
[INFO] [1788329408.031519133, 461.491000000]: RL policy input vx=1.186 vy=-0.334 wz=-0.302 action_rms=0.272 ready=1 userCmd=0 kbd=0 raw=1.186,-0.334,-0.302 grav=-0.00,-0.05,-0.98
[INFO] [1788329411.271686854, 463.503000000]: RL policy input vx=0.000 vy=0.000 wz=-1.420 action_rms=0.156 ready=1 userCmd=0 kbd=0 raw=0.000,0.000,-1.420 grav=0.03,-0.04,-0.98
[INFO] [1788329414Warning: TF_REPEATED_DATA ignoring data with redundant timestamp for frame sliding_map (parent world) at time 465.587000 according to authority /scan_planner_node
         at line 277 in /tmp/binarydeb/ros-noetic-tf2-0.7.10/src/buffer_core.cpp
[FSM]: state: INIT
wait for goal.
[FSM]: state: INIT
wait for goal.
[FSM]: state: INIT
wait for goal.
[FSM]: state: INIT
wait for goal.
[FSM]: state: INIT
wait for goal.
[FSM]: state: INIT
wait for goal.
[FSM]: state: INIT
wait for goal.
[FSM]: state: INIT
wait for goal.
[FSM]: state: INIT
wait for goal.
[FSM]: state: INIT
wait for goal.
[FSM]: state: INIT
wait for goal.
[FSM]: state: INIT
wait for goal.
[FSM]: state: INIT
wait for goal.
[FSM]: state: INIT
wait for goal.
Warning: TF_REPEATED_DATA ignoring data with redundant timestamp for frame sliding_map (parent world) at time 480.892000 according to authority /scan_planner_node
         at line 277 in /tmp/binarydeb/ros-noetic-tf2-0.7.10/src/buffer_core.cpp
[FSM]: state: INIT
wait for goal.
[FSM]: state: INIT
wait for goal.
Warning: TF_REPEATED_DATA ignoring data with redundant timestamp for frame sliding_map (parent world) at time 483.191000 according to authority /scan_planner_node
         at line 277 in /tmp/binarydeb/ros-noetic-tf2-0.7.10/src/buffer_core.cpp
[FSM]: state: INIT
wait for goal.
[FSM]: state: INIT
wait for goal.
[FSM]: state: INIT
wait for goal.
Warning: TF_REPEATED_DATA ignoring data with redundant timestamp for frame sliding_map (parent world) at time 486.991000 according to authority /scan_planner_node
         at line 277 in /tmp/binarydeb/ros-noetic-tf2-0.7.10/src/buffer_core.cpp
[FSM]: state: INIT
wait for goal.
[FSM]: state: INIT
wait for goal.
Warning: TF_REPEATED_DATA ignoring data with redundant timestamp for frame sliding_map (parent world) at time 488.988000 according to authority /scan_planner_node
         at line 277 in /tmp/binarydeb/ros-noetic-tf2-0.7.10/src/buffer_core.cpp
Warning: TF_REPEATED_DATA ignoring data with redundant timestamp for frame sliding_map (parent world) at time 489.188000 according to authority /scan_planner_node
         at line 277 in /tmp/binarydeb/ros-noetic-tf2-0.7.10/src/buffer_core.cpp
[FSM]: state: INIT
wait for goal.
Warning: TF_REPEATED_DATA ignoring data with redundant timestamp for frame sliding_map (parent world) at time 489.390000 according to authority /scan_planner_node
         at line 277 in /tmp/binarydeb/ros-noetic-tf2-0.7.10/src/buffer_core.cpp
[FSM]: state: INIT
wait for goal.
[FSM]: state: INIT
wait for goal.
[FSM]: state: INIT
wait for goal.
[FSM]: state: INIT
wait for goal.
[FSM]: state: INIT
wait for goal.
[FSM]: state: INIT
wait for goal.
[FSM]: state: INIT
wait for goal.
[FSM]: state: INIT
wait for goal.
[FSM]: state: INIT
wait for goal.
[FSM]: state: INIT
wait for goal.
[FSM]: state: INIT
wait for goal.
[FSM]: state: INIT
wait for goal.
[FSM]: state: INIT
wait for goal.
[FSM]: state: INIT
wait for goal.
[FSM]: state: INIT
wait for goal.
[FSM]: state: INIT
wait for goal.
[FSM]: state: INIT
wait for goal.
[FSM]: state: INIT
wait for goal.
[FSM]: state: INIT
wait for goal.
[FSM]: state: INIT
wait for goal.
.367841146, 465.505000000]: RL policy input vx=0.489 vy=-0.489 wz=-1.181 action_rms=0.222 ready=1 userCmd=0 kbd=0 raw=0.489,-0.489,-1.181 grav=0.01,0.01,-0.98
[INFO] [1788329417.498903023, 467.508000000]: RL policy input vx=0.295 vy=-0.057 wz=-0.212 action_rms=0.275 ready=1 userCmd=0 kbd=0 raw=0.295,-0.057,-0.212 grav=0.03,-0.02,-0.98
[INFO] [1788329420.878643584, 469.519000000]: RL policy input vx=0.450 vy=0.000 wz=0.016 action_rms=0.170 ready=1 userCmd=0 kbd=0 raw=0.450,0.000,0.016 grav=0.01,-0.01,-0.98
[INFO] [1788329424.073965948, 471.526000000]: RL policy input vx=0.300 vy=0.000 wz=-0.035 action_rms=0.188 ready=1 userCmd=0 kbd=0 raw=0.300,0.000,-0.035 grav=0.02,-0.02,-0.98
[INFO] [1788329427.188845247, 473.533000000]: RL policy input vx=0.450 vy=0.000 wz=0.024 action_rms=0.287 ready=1 userCmd=0 kbd=0 raw=0.450,0.000,0.024 grav=0.01,-0.01,-0.98
[INFO] [1788329430.232262082, 475.542000000]: RL policy input vx=0.450 vy=0.000 wz=-0.016 action_rms=0.164 ready=1 userCmd=0 kbd=0 raw=0.450,0.000,-0.016 grav=0.01,-0.02,-0.98
[INFO] [1788329433.592658326, 477.554000000]: RL policy input vx=1.832 vy=0.044 wz=0.023 action_rms=0.373 ready=1 userCmd=0 kbd=0 raw=1.832,0.044,0.023 grav=-0.04,-0.03,-0.98
[INFO] [1788329436.865193922, 479.573000000]: RL policy input vx=0.662 vy=0.057 wz=0.095 action_rms=0.274 ready=1 userCmd=0 kbd=0 raw=0.662,0.057,0.095 grav=0.02,-0.04,-0.98
[INFO] [1788329439.981625250, 481.573000000]: RL policy input vx=0.000 vy=0.000 wz=-2.550 action_rms=0.200 ready=1 userCmd=0 kbd=0 raw=0.000,0.000,-2.550 grav=0.01,-0.01,-0.98
[INFO] [1788329443.293886284, 483.581000000]: RL policy input vx=0.000 vy=0.000 wz=0.425 action_rms=0.150 ready=1 userCmd=0 kbd=0 raw=0.000,0.000,0.425 grav=0.02,0.00,-0.98
[INFO] [1788329446.273251946, 485.582000000]: RL policy input vx=1.236 vy=0.750 wz=0.571 action_rms=0.296 ready=1 userCmd=0 kbd=0 raw=1.236,0.750,0.571 grav=-0.02,0.06,-0.98
[INFO] [1788329449.513076076, 487.596000000]: RL policy input vx=0.214 vy=0.000 wz=0.012 action_rms=0.263 ready=1 userCmd=0 kbd=0 raw=0.214,0.000,0.012 grav=0.01,-0.01,-0.98
[INFO] [1788329452.576860802, 489.606000000]: RL policy input vx=0.000 vy=0.000 wz=2.347 action_rms=0.427 ready=1 userCmd=0 kbd=0 raw=0.000,0.000,2.347 grav=0.01,0.01,-0.98
[INFO] [1788329455.593916175, 491.623000000]: RL policy input vx=0.733 vy=0.022 wz=0.033 action_rms=0.185 ready=1 userCmd=0 kbd=0 raw=0.733,0.022,0.033 grav=0.03,-0.02,-0.98
[INFO] [1788329458.632929180, 493.641000000]: RL policy input vx=0.000 vy=0.000 wz=0.321 action_rms=0.149 ready=1 userCmd=0 kbd=0 raw=0.000,0.000,0.321 grav=0.02,-0.03,-0.98
[INFO] [1788329461.806484216, 495.643000000]: RL policy input vx=0.450 vy=0.000 wz=0.039 action_rms=0.176 ready=1 userCmd=0 kbd=0 raw=0.450,0.000,0.039 grav=0.01,-0.03,-0.98
[INFO] [1788329464.824185622, 497.642000000]: RL policy input vx=0.318 vy=0.000 wz=-0.028 action_rms=0.271 ready=1 userCmd=0 kbd=0 raw=0.318,0.000,-0.028 grav=0.01,-0.02,-0.98
[INFO] [1788329467.937130342, 499.653000000]: RL policy input vx=1.040 vy=0.750 wz=0.687 action_rms=0.278 ready=1 userCmd=0 kbd=0 raw=1.040,0.750,0.687 grav=0.00,-0.02,-0.98
[INFO] [1788329471.266250042, 501.657000000]: RL policy input vx=2.249 vy=0.076 wz=0.037 action_rms=0.318 ready=1 userCmd=0 kbd=0 raw=2.249,0.076,0.037 grav=0.01,0.04,-0.98
[INFO] [1788329474.539516632, 503.662000000]: RL policy input vx=2.250 vy=-0.038 wz=-0.019 action_rms=0.267 ready=1 userCmd=0 kbd=0 raw=2.250,-0.038,-0.019 grav=-0.02,-0.03,-0.98
[INFO] [1788329477.695052183, 505.669000000]: RL policy input vx=2.248 vy=0.101 wz=0.049 action_rms=0.458 ready=1 userCmd=0 kbd=0 raw=2.248,0.101,0.049 grav=-0.02,-0.00,-0.98
[INFO] [1788329480.939414583, 507.682000000]: RL policy input vx=2.246 vy=0.132 wz=0.064 action_rms=0.349 ready=1 userCmd=0 kbd=0 raw=2.246,0.132,0.064 grav=-0.04,-0.11,-0.97
[INFO] [1788329483.975545632, 509.687000000]: RL policy input vx=2.248 vy=0.093 wz=0.046 action_rms=0.331 ready=1 userCmd=0 kbd=0 raw=2.248,0.093,0.046 grav=0.03,-0.02,-0.98
[INFO] [1788329487.019285741, 511.690000000]: RL policy input vx=2.060 vy=-0.657 wz=-0.326 a[FSM]: state: INIT
wait for goal.
[FSM]: state: INIT
wait for goal.
[FSM]: state: INIT
wait for goal.
[FSM]: state: INIT
wait for goal.
[FSM]: state: INIT
wait for goal.
[FSM]: state: INIT
wait for goal.
[FSM]: state: INIT
wait for goal.
[FSM]: state: INIT
wait for goal.
[FSM]: state: INIT
wait for goal.
[FSM]: state: INIT
wait for goal.
ction_rms=0.246 ready=1 userCmd=0 kbd=0 raw=2.060,-0.657,-0.326 grav=-0.03,0.01,-0.98
[INFO] [1788329490.013393697, 513.695000000]: RL policy input vx=2.241 vy=-0.204 wz=-0.100 action_rms=0.353 ready=1 userCmd=0 kbd=0 raw=2.241,-0.204,-0.100 grav=0.05,0.04,-0.98
[INFO] [1788329493.175326699, 515.696000000]: RL policy input vx=0.915 vy=0.050 wz=0.060 action_rms=0.214 ready=1 userCmd=0 kbd=0 raw=0.915,0.050,0.060 grav=0.08,-0.09,-0.97
[INFO] [1788329496.163783442, 517.711000000]: RL policy input vx=1.072 vy=-0.230 wz=-0.232 action_rms=0.333 ready=1 userCmd=0 kbd=0 raw=1.072,-0.230,-0.232 grav=0.02,0.00,-0.98
[INFO] [1788329499.454162774, 519.724000000]: RL policy input vx=0.000 vy=0.000 wz=-1.150 action_rms=0.144 ready=1 userCmd=0 kbd=0 raw=0.000,0.000,-1.150 grav=0.03,-0.00,-0.98
[INFO] [1788329502.519609364, 521.734000000]: RL policy input vx=0.000 vy=0.000 wz=0.000 action_rms=0.154 ready=1 userCmd=0 kbd=0 raw=0.000,0.000,0.000 grav=0.00,0.01,-0.98
Switched from RL to fixed stand
infer_thread退出!
[WARN] [1788329504.312157433, 522.862000000]: Using one-shot captured-pose FixedStand profile: ramp 0.50 s, settle 0.00 s, ready after 0.50 s + 0.50 s stable, minimum gain 0.75
[INFO] Using /stand_target_joints param stance.
[FSM]: state: INIT
wait for goal.
Switched from fixed stand to RL
[INFO] Entered RL /cmd_vel mode.
[WARN] [1788329505.703856930, 523.718000000]: Using one-shot stair RL takeover profile: blend 0.75 s, zero hold 0.25 s
cuda::is_available():1
RL inference device: cuda (requested=hybrid, policy=stair)
[INFO] RL policy activated from preload cache at FixedStand entry boundary: /root/autodl-tmp/code/restore/0803b/0902overall/runtime_assets/SimEnv/src/unitree_guide/logs/policy_act_inference_stair.pt
[FSM]: state: INIT
wait for goal.
[FSM]: state: INIT
wait for goal.
[FSM]: state: INIT
wait for goal.
[FSM]: state: INIT
wait for goal.
[FSM]: state: INIT
wait for goal.
Warning: TF_REPEATED_DATA ignoring data with redundant timestamp for frame sliding_map (parent world) at time 528.791000 according to authority /scan_planner_node
         at line 277 in /tmp/binarydeb/ros-noetic-tf2-0.7.10/src/buffer_core.cpp
[FSM]: state: INIT
wait for goal.
[FSM]: state: INIT
wait for goal.
[FSM]: state: INIT
wait for goal.
Warning: TF_REPEATED_DATA ignoring data with redundant timestamp for frame sliding_map (parent world) at time 532.794000 according to authority /scan_planner_node
         at line 277 in /tmp/binarydeb/ros-noetic-tf2-0.7.10/src/buffer_core.cpp
[FSM]: state: INIT
wait for goal.
[FSM]: state: INIT
wait for goal.
[FSM]: state: INIT
wait for goal.
[FSM]: state: INIT
wait for goal.
[FSM]: state: INIT
wait for goal.
[FSM]: state: INIT
wait for goal.
[FSM]: state: INIT
wait for goal.
[FSM]: state: INIT
wait for goal.
[FSM]: state: INIT
wait for goal.
[FSM]: state: INIT
wait for goal.
[FSM]: state: INIT
wait for goal.
[FSM]: state: INIT
wait for goal.
Warning: TF_REPEATED_DATA ignoring data with redundant timestamp for frame sliding_map (parent world) at time 545.203000 according to authority /scan_planner_node
         at line 277 in /tmp/binarydeb/ros-noetic-tf2-0.7.10/src/buffer_core.cpp
[FSM]: state: INIT
wait for goal.
[FSM]: state: INIT
wait for goal.
[FSM]: state: INIT
wait for goal.
[FSM]: state: INIT
wait for goal.
[FSM]: state: INIT
wait for goal.
[FSM]: state: INIT
wait for goal.
[FSM]: state: INIT
wait for goal.
[FSM]: state: INIT
wait for goal.
[FSM]: state: INIT
wait for goal.
[FSM]: state: INIT
wait for goal.
[FSM]: state: INIT
wait for goal.
[FSM]: state: INIT
wait for goal.
[FSM]: state: INIT
wait for goal.
[FSM]: state: INIT
wait for goal.
[FSM]: state: INIT
wait for goal.
[INFO] [1788329502.631744, 521.815000]: DSTPUB phase=STAIR_DESCENT_PRE_ALIGN world=(0.300,0.000,-0.163) body=(-0.054,-0.295,-0.163) truth_z=5.515 drop=0.000 pitch=0.0deg seg=0
[INFO] [1788329503.821487, 522.550000]: Descent policy boundary captured joint RMS 0.217.
[INFO] [1788329503.866811, 522.599000]: Descent plane gait settled; entering FixedStand before the stair-policy load.
[INFO] [1788329505.439672, 523.540000]: Descent FixedStand is ready; stair policy queued.
[INFO] [1788329505.685848, 523.670000]: Descent stair policy queued under FixedStand; requesting fresh stair-RL entry.
[INFO] [1788329507.480726, 524.784000]: Descent stair RL fresh readiness confirmed; warming up 0.8 s.
[INFO] [1788329508.492232, 525.375000]: Descent FLIGHT_B start: z=5.513 drop gate 1.05 m.
[INFO] [1788329508.559518, 525.418000]: DSTPUB phase=STAIR_DESCENT_FLIGHT_B world=(-0.104,0.540,-0.083) body=(0.550,0.000,-0.083) truth_z=5.513 drop=0.000 pitch=0.0deg seg=0
[INFO] [1788329510.220677, 526.448000]: DSTPUB phase=STAIR_DESCENT_FLIGHT_B world=(-0.079,0.544,-0.093) body=(0.550,0.000,-0.093) truth_z=5.512 drop=0.001 pitch=0.0deg seg=0
[INFO] [1788329511.999169, 527.453000]: DSTPUB phase=STAIR_DESCENT_FLIGHT_B world=(-0.040,0.549,-0.076) body=(0.550,0.000,-0.076) truth_z=5.313 drop=0.200 pitch=0.0deg seg=31
[INFO] [1788329513.894328, 528.464000]: DSTPUB phase=STAIR_DESCENT_FLIGHT_B world=(-0.012,0.739,-0.040) body=(0.739,0.000,-0.040) truth_z=5.128 drop=0.385 pitch=0.0deg seg=21
[INFO] [1788329515.753983, 529.469000]: DSTPUB phase=STAIR_DESCENT_FLIGHT_B world=(0.051,0.798,0.002) body=(0.800,0.000,0.002) truth_z=4.759 drop=0.754 pitch=0.0deg seg=24
[INFO] [1788329517.724630, 530.483000]: DSTPUB phase=STAIR_DESCENT_FLIGHT_B world=(0.028,0.599,0.024) body=(0.600,0.000,0.024) truth_z=4.465 drop=1.048 pitch=0.0deg seg=23
[INFO] [1788329519.561594, 531.486000]: DSTPUB phase=STAIR_DESCENT_FLIGHT_B world=(0.009,0.600,0.019) body=(0.600,0.000,0.019) truth_z=4.225 drop=1.288 pitch=0.0deg seg=21
[INFO] [1788329520.481260, 531.979000]: Flight-B descent complete: drop=1.32 m y=5.05; starting landing turn.
[INFO] [1788329523.159750, 533.487000]: DSTPUB phase=STAIR_DESCENT_TURN world=(-0.400,0.000,0.805) body=(0.015,0.400,0.805) truth_z=4.215 drop=1.298 pitch=0.0deg seg=-1
[INFO] [1788329524.830195, 534.495000]: DSTPUB phase=STAIR_DESCENT_TURN world=(-0.400,0.000,1.200) body=(0.325,0.234,1.200) truth_z=4.208 drop=1.304 pitch=0.0deg seg=-3
[INFO] [1788329526.482083, 535.517000]: DSTPUB phase=STAIR_DESCENT_TURN world=(-0.400,0.000,1.200) body=(0.371,-0.149,1.200) truth_z=4.211 drop=1.302 pitch=0.0deg seg=1
[INFO] [1788329528.116090, 536.541000]: DSTPUB phase=STAIR_DESCENT_TURN world=(-0.400,0.000,0.370) body=(0.132,-0.378,0.370) truth_z=4.218 drop=1.295 pitch=0.0deg seg=0
[INFO] [1788329528.660852, 536.943000]: Descent landing heading captured at error 0.178 rad; using shortest-path hold while x aligns.
[INFO] [1788329529.634598, 537.549000]: DSTPUB phase=STAIR_DESCENT_TURN world=(-0.400,0.019,0.065) body=(0.004,-0.400,0.065) truth_z=4.213 drop=1.300 pitch=0.0deg seg=0
[INFO] [1788329531.232985, 538.565000]: DSTPUB phase=STAIR_DESCENT_TURN world=(-0.317,0.030,-0.003) body=(-0.030,-0.317,-0.003) truth_z=4.212 drop=1.300 pitch=0.0deg seg=0
[INFO] [1788329532.967363, 539.577000]: DSTPUB phase=STAIR_DESCENT_TURN world=(-0.300,0.029,-0.024) body=(-0.035,-0.299,-0.024) truth_z=4.212 drop=1.300 pitch=0.0deg seg=0
[INFO] [1788329533.172427, 539.716000]: Descent FLIGHT_A start: z=5.513 drop gate 2.45 m.
[INFO] [1788329533.192596, 539.716000]: Descent landing aligned: x err=-0.116 m, heading err=-0.022 rad; starting flight A.
[INFO] [1788329534.572457, 540.582000]: DSTPUB phase=STAIR_DESCENT_FLIGHT_A world=(0.032,-0.549,-0.006) body=(0.550,-0.000,-0.006) truth_z=4.175 drop=1.338 pitch=0.0deg seg=7
[INFO] [1788329536.225773, 541.601000]: DSTPUB phase=STAIR_DESCENT_FLIGHT_A world=(0.014,-0.550,-0.012) body=(0.550,0.000,-0.012) truth_z=3.948 drop=1.565 pitch=0.0deg seg=23
[INFO] [1788329537.984721, 542.619000]: DSTPUB phase=STAIR_DESCENT_FLIGHT_A world=(0.010,-0.800,-0.002) body=(0.800,0.000,-0.002) truth_z=3.728 drop=1.784 pitch=0.0deg seg=26
[INFO] [1788329539.765819, 543.630000]: DSTPUB phase=STAIR_DESCENT_FLIGHT_A world=(-0.009,-0.800,0.002) body=(0.800,0.000,0.002) truth_z=3.479 drop=2.034 pitch=0.0deg seg=23
[INFO] [1788329541.523293, 544.652000]: DSTPUB phase=STAIR_DESCENT_FLIGHT_A world=(-0.054,-0.598,0.046) body=(0.600,0.000,0.046) truth_z=3.189 drop=2.324 pitch=0.0deg seg=26
[INFO] [1788329543.130996, 545.658000]: DSTPUB phase=STAIR_DESCENT_FLIGHT_A world=(-0.023,-0.600,0.046) body=(0.600,-0.000,0.046) truth_z=3.001 drop=2.512 pitch=0.0deg seg=23
[INFO] [1788329544.566719, 546.519000]: Segment 1 (F3->F2) complete: drop=2.62 m, elapsed 42.1 s; turning on F2 landing for segment 2.
[INFO] [1788329546.946659, 548.052000]: DSTPUB phase=STAIR_DESCENT_SEGMENT_TURN world=(0.283,0.283,0.000) body=(-0.263,0.302,0.000) truth_z=2.916 drop=0.000 pitch=1.0deg seg=-1
[INFO] [1788329548.412458, 548.948000]: Segment turn aligned (x err=0.145 m, y=1.702 in band [1.70, 1.95]); starting 180 deg turn.
[INFO] [1788329548.586841, 549.069000]: DSTPUB phase=STAIR_DESCENT_SEGMENT_TURN world=(-0.276,-0.035,-0.306) body=(0.011,-0.278,-0.306) truth_z=2.909 drop=0.000 pitch=1.0deg seg=0
[INFO] [1788329550.171770, 550.087000]: DSTPUB phase=STAIR_DESCENT_SEGMENT_TURN world=(-0.210,0.138,-0.906) body=(-0.057,-0.245,-0.906) truth_z=2.925 drop=0.000 pitch=1.0deg seg=0
[INFO] [1788329551.810808, 551.099000]: DSTPUB phase=STAIR_DESCENT_SEGMENT_TURN world=(0.300,0.000,0.000) body=(-0.238,0.183,0.000) truth_z=2.922 drop=0.000 pitch=1.0deg seg=0
[INFO] [1788329553.144892, 551.913000]: Segment turn aligned (x err=0.160 m, y=1.771 in band [1.70, 1.95]); starting 180 deg turn.
[INFO] [1788329553.494086, 552.120000]: DSTPUB phase=STAIR_DESCENT_SEGMENT_TURN world=(-0.061,0.348,-1.000) body=(-0.118,-0.333,-1.000) truth_z=2.921 drop=0.000 pitch=1.0deg seg=-1
[INFO] [1788329555.190478, 553.129000]: DSTPUB phase=STAIR_DESCENT_SEGMENT_TURN world=(0.190,0.352,-1.000) body=(-0.044,-0.398,-1.000) truth_z=2.922 drop=0.000 pitch=1.0deg seg=0
[INFO] [1788329555.656164, 553.359000]: Segment turn aligned (x err=0.054 m, y=1.947 in band [1.70, 1.95]); starting 180 deg turn.
[INFO] [1788329556.982315, 554.149000]: DSTPUB phase=STAIR_DESCENT_SEGMENT_TURN world=(0.321,0.223,-1.000) body=(0.006,-0.391,-1.000) truth_z=2.939 drop=0.000 pitch=1.0deg seg=-3
[INFO] [1788329557.957178, 554.714000]: Segment turn complete; standing before descent segment 2.
[INFO] [1788329558.260462, 554.840000]: East-align to flight-b center x=-2.48 before segment 2 flight-b (x=-3.61).
[INFO] [1788329558.728238, 555.079000]: East-align south done (y=1.890); moving east to x=-2.48.
[INFO] [1788329558.853075, 555.154000]: DSTPUB phase=STAIR_DESCENT_EAST_ALIGN world=(0.400,-0.016,-0.275) body=(-0.071,-0.394,-0.275) truth_z=2.932 drop=0.000 pitch=1.0deg seg=0
[INFO] [1788329560.874569, 556.182000]: DSTPUB phase=STAIR_DESCENT_EAST_ALIGN world=(0.400,0.003,0.000) body=(-0.028,-0.399,0.000) truth_z=2.916 drop=0.000 pitch=1.0deg seg=0
[INFO] [1788329562.754201, 557.189000]: DSTPUB phase=STAIR_DESCENT_EAST_ALIGN world=(0.400,-0.007,0.000) body=(-0.034,-0.399,0.000) truth_z=2.914 drop=0.000 pitch=1.0deg seg=0
[INFO] [1788329564.551723, 558.208000]: DSTPUB phase=STAIR_DESCENT_EAST_ALIGN world=(0.354,-0.014,0.000) body=(-0.042,-0.352,0.000) truth_z=2.914 drop=0.000 pitch=1.0deg seg=0
[INFO] [1788329566.371725, 559.212000]: DSTPUB phase=STAIR_DESCENT_EAST_ALIGN world=(0.300,-0.018,0.000) body=(-0.040,-0.298,0.000) truth_z=2.913 drop=0.000 pitch=1.0deg seg=0
[INFO] [1788329566.606914, 559.328000]: East-align complete (x=-2.644, y=1.871); starting segment-2 flight-b.
[INFO] [1788329566.655292, 559.341000]: Descent FLIGHT_B start: z=2.911 drop gate 1.05 m.
[INFO] [1788329568.283353, 560.230000]: DSTPUB phase=STAIR_DESCENT_FLIGHT_B world=(-0.034,0.549,-0.027) body=(0.550,-0.000,-0.027) truth_z=2.905 drop=0.005 pitch=1.0deg seg=2
[FSM]: state: INIT
wait for goal.
[FSM]: state: INIT
wait for goal.
Warning: TF_REPEATED_DATA ignoring data with redundant timestamp for frame sliding_map (parent world) at time 563.000000 according to authority /scan_planner_node
         at line 277 in /tmp/binarydeb/ros-noetic-tf2-0.7.10/src/buffer_core.cpp
[FSM]: state: INIT
wait for goal.
[FSM]: state: INIT
wait for goal.
[FSM]: state: INIT
wait for goal.
[FSM]: state: INIT
wait for goal.
[INFO] [1788329505.762158986, 523.741000000]: RL policy input vx=0.000 vy=0.000 wz=0.000 action_rms=0.165 ready=0 userCmd=0 kbd=0 raw=0.000,0.000,0.000 grav=0.00,-0.01,-0.98
[INFO] [1788329507.425904666, 524.742000000]: RL locomotion_ready latched after 1.02 s takeover and 1.02 s stable hold
[INFO] [1788329509.108099842, 525.760000000]: RL policy input vx=0.550 vy=0.000 wz=-0.087 action_rms=0.138 ready=1 userCmd=8 kbd=0 raw=0.550,0.000,-0.087 grav=-0.02,0.03,-0.98
[INFO] [1788329512.555358046, 527.761000000]: RL policy input vx=0.500 vy=0.000 wz=-0.070 action_rms=0.278 ready=1 userCmd=0 kbd=0 raw=0.500,0.000,-0.070 grav=0.41,0.05,-0.89
[INFO] [1788329516.279380085, 529.767000000]: RL policy input vx=0.800 vy=0.000 wz=0.006 action_rms=0.250 ready=1 userCmd=0 kbd=0 raw=0.800,0.000,0.006 grav=0.43,0.05,-0.88
[INFO] [1788329520.069046595, 531.767000000]: RL policy input vx=0.600 vy=-0.000 wz=0.010 action_rms=0.286 ready=1 userCmd=0 kbd=0 raw=0.600,-0.000,0.010 grav=0.25,0.09,-0.94
[INFO] [1788329523.665577830, 533.772000000]: RL policy input vx=0.074 vy=0.393 wz=1.035 action_rms=0.145 ready=1 userCmd=0 kbd=0 raw=0.074,0.393,1.035 grav=0.01,0.06,-0.98
[INFO] [1788329526.879871084, 535.790000000]: RL policy input vx=0.322 vy=-0.237 wz=1.031 action_rms=0.184 ready=1 userCmd=8 kbd=0 raw=0.322,-0.237,1.031 grav=0.02,0.04,-0.98
[INFO] [1788329529.978250629, 537.804000000]: RL policy input vx=-0.006 vy=-0.400 wz=0.040 action_rms=0.190 ready=1 userCmd=0 kbd=0 raw=-0.006,-0.400,0.040 grav=0.00,0.01,-0.98
[INFO] [1788329533.353822647, 539.822000000]: RL policy input vx=0.550 vy=0.000 wz=0.013 action_rms=0.188 ready=1 userCmd=8 kbd=0 raw=0.550,0.000,0.013 grav=-0.02,-0.02,-0.98
[INFO] [1788329536.683542744, 541.838000000]: RL policy input vx=0.619 vy=-0.000 wz=-0.018 action_rms=0.277 ready=1 userCmd=0 kbd=0 raw=0.619,-0.000,-0.018 grav=0.35,0.05,-0.91
[INFO] [1788329540.138982981, 543.850000000]: RL policy input vx=0.800 vy=-0.000 wz=-0.004 action_rms=0.320 ready=1 userCmd=0 kbd=0 raw=0.800,-0.000,-0.004 grav=0.37,-0.04,-0.91
[INFO] [1788329543.477408991, 545.871000000]: RL policy input vx=0.600 vy=0.000 wz=0.046 action_rms=0.276 ready=1 userCmd=0 kbd=0 raw=0.600,0.000,0.046 grav=0.42,0.17,-0.87
[INFO] [1788329546.632494990, 547.877000000]: RL policy input vx=0.000 vy=0.000 wz=0.000 action_rms=0.142 ready=1 userCmd=0 kbd=0 raw=0.000,0.000,0.000 grav=-0.03,0.01,-0.98
[INFO] [1788329549.874001083, 549.893000000]: RL policy input vx=-0.033 vy=-0.250 wz=-0.789 action_rms=0.183 ready=1 userCmd=8 kbd=0 raw=-0.033,-0.250,-0.789 grav=-0.03,-0.00,-0.98
[INFO] [1788329553.113608410, 551.895000000]: RL policy input vx=-0.239 vy=0.181 wz=0.000 action_rms=0.148 ready=1 userCmd=0 kbd=0 raw=-0.239,0.181,0.000 grav=0.01,0.04,-0.98
[INFO] [1788329556.548809787, 553.911000000]: RL policy input vx=-0.006 vy=-0.400 wz=-1.000 action_rms=0.251 ready=1 userCmd=0 kbd=0 raw=-0.006,-0.400,-1.000 grav=-0.01,-0.05,-0.98
[INFO] [1788329560.378700730, 555.913000000]: RL policy input vx=-0.019 vy=-0.400 wz=0.000 action_rms=0.174 ready=1 userCmd=0 kbd=0 raw=-0.019,-0.400,0.000 grav=0.01,0.01,-0.98
[INFO] [1788329564.076079244, 557.937000000]: RL policy input vx=-0.038 vy=-0.398 wz=0.000 action_rms=0.163 ready=1 userCmd=0 kbd=0 raw=-0.038,-0.398,0.000 grav=-0.01,0.01,-0.98
[INFO] [1788329567.778649036, 559.949000000]: RL policy input vx=0.550 vy=0.000 wz=-0.023 action_rms=0.141 ready=1 userCmd=0 kbd=0 raw=0.550,0.000,-0.023 grav=-0.00,-0.01,-0.98
[INFO] [1788329571.320639737, 561.952000000]: RL policy input vx=0.550 vy=0.000 wz=-0.045 action_rms=0.277 ready=1 userCmd=8 kbd=0 raw=0.550,0.000,-0.045 grav=0.43,0.04,-0.88
[INFO] [1788329575.029758367, 563.969000000]: RL policy input vx=0.500 vy=0.000 wz=0.011 action_rms=0.319 ready=1 userCmd=8 kbd=0 raw=0.500,0.000,0.011 grav=0.43,0.21,-0.86
[INFO] [1788329578.724670352, 565.970000000]: RL policy input vx=0.600 vy=0.000 wz=0.018 action_rms=0.193 ready=1 userCmd=0 kbd=0 raw=0.600,0.000,0.018 grav=0.41,-0.01,-0.89
[INFO] [1788329582.524881584, 567.973000000]: RL policy input vx=0.000 vy=0.000 wz=0.000 action_rms=0.143 ready[FSM]: state: INIT
wait for goal.
[FSM]: state: INIT
wait for goal.
[FSM]: state: INIT
wait for goal.
[FSM]: state: INIT
wait for goal.
[FSM]: state: INIT
wait for goal.
[FSM]: state: INIT
wait for goal.
[FSM]: state: INIT
wait for goal.
[FSM]: state: INIT
wait for goal.
Warning: TF_REPEATED_DATA ignoring data with redundant timestamp for frame sliding_map (parent world) at time 576.398000 according to authority /scan_planner_node
         at line 277 in /tmp/binarydeb/ros-noetic-tf2-0.7.10/src/buffer_core.cpp
[FSM]: state: INIT
wait for goal.
[FSM]: state: INIT
wait for goal.
[FSM]: state: INIT
wait for goal.
[FSM]: state: INIT
wait for goal.
[FSM]: state: INIT
wait for goal.
[FSM]: state: INIT
wait for goal.
[WARN] [1788329606.164625975, 582.522000000]: Using one-shot plane RL takeover profile: blend 0.50 s, zero hold 0.15 s
=1 userCmd=0 kbd=0 raw=0.000,0.000,0.000 grav=-0.03,0.01,-0.98
[INFO] [1788329586.061783404, 569.978000000]: RL policy input vx=0.389 vy=-0.092 wz=1.200 action_rms=0.137 ready=1 userCmd=0 kbd=0 raw=0.389,-0.092,1.200 grav=0.02,0.08,-0.98
[INFO] [1788329589.420036171, 571.982000000]: RL policy input vx=0.013 vy=-0.400 wz=0.098 action_rms=0.182 ready=1 userCmd=0 kbd=0 raw=0.013,-0.400,0.098 grav=0.00,0.01,-0.98
[INFO] [1788329592.665356790, 574.002000000]: RL policy input vx=0.550 vy=0.000 wz=0.014 action_rms=0.153 ready=1 userCmd=0 kbd=0 raw=0.550,0.000,0.014 grav=-0.02,-0.02,-0.98
[INFO] [1788329595.836595315, 576.019000000]: RL policy input vx=0.759 vy=0.000 wz=-0.067 action_rms=0.304 ready=1 userCmd=0 kbd=0 raw=0.759,0.000,-0.067 grav=0.41,-0.14,-0.88
[INFO] [1788329599.099876444, 578.041000000]: RL policy input vx=0.500 vy=0.000 wz=-0.049 action_rms=0.114 ready=1 userCmd=0 kbd=0 raw=0.500,0.000,-0.049 grav=0.40,0.07,-0.89
[INFO] [1788329602.179393589, 580.043000000]: RL policy input vx=0.500 vy=0.000 wz=-0.031 action_rms=0.252 ready=1 userCmd=0 kbd=0 raw=0.500,0.000,-0.031 grav=0.37,0.09,-0.90
[INFO] [1788329605.424222764, 582.064000000]: RL policy input vx=0.000 vy=0.000 wz=0.000 action_rms=0.155 ready=1 userCmd=8 kbd=0 raw=0.000,0.000,0.000 grav=-0.01,0.00,-0.98
cuda::is_available():1
RL inference device: cpu (requested=hybrid, policy=plane)
[INFO] RL policy hot-switched from preload cache: /root/autodl-tmp/code/restore/0803b/0902overall/runtime_assets/SimEnv/src/unitree_guide/logs/policy_act_inference_plane.pt
[FSM]: state: INIT
wait for goal.
[WARN] [1788329511.868210, 527.374000]: Descent tilt 0.495 rad: capping flight speed at 0.55 m/s.
[WARN] [1788329535.706888, 541.269000]: Descent tilt 0.486 rad: capping flight speed at 0.55 m/s.
[WARN] [1788329538.707803, 543.039000]: Descent tilt 0.483 rad: capping flight speed at 0.55 m/s.
[WARN] [1788329542.249717, 545.101000]: Descent tilt 0.482 rad: capping flight speed at 0.55 m/s.
[WARN] [1788329551.324338, 550.759000]: Segment turn left safe position (x=-3.952, y=1.767); zero command and re-centering before continuing turn.
[WARN] [1788329555.254134, 553.154000]: Segment turn left safe position (x=-3.752, y=1.953); zero command and re-centering before continuing turn.
[WARN] [1788329569.580077, 560.962000]: Descent tilt 0.490 rad: capping flight speed at 0.55 m/s.
[WARN] [1788329576.455301, 564.687000]: Descent tilt 0.491 rad: capping flight speed at 0.55 m/s.
[WARN] [1788329596.145355, 576.179000]: Descent tilt 0.484 rad: capping flight speed at 0.55 m/s.
[WARN] [1788329597.807743, 577.199000]: Descent tilt 0.506 rad: capping flight speed at 0.55 m/s.
[WARN] [1788329599.973425, 578.592000]: Descent tilt 0.481 rad: capping flight speed at 0.55 m/s.
[WARN] [1788329601.625117, 579.679000]: Descent tilt 0.493 rad: capping flight speed at 0.55 m/s.
[WARN] [1788329603.232746, 580.717000]: Descent tilt 0.501 rad: capping flight speed at 0.55 m/s.
[INFO] [1788329570.081936, 561.232000]: DSTPUB phase=STAIR_DESCENT_FLIGHT_B world=(-0.009,0.550,-0.013) body=(0.550,0.000,-0.013) truth_z=2.650 drop=0.261 pitch=1.0deg seg=25
[INFO] [1788329571.824389, 562.234000]: DSTPUB phase=STAIR_DESCENT_FLIGHT_B world=(-0.034,0.549,-0.064) body=(0.550,0.000,-0.064) truth_z=2.507 drop=0.404 pitch=1.0deg seg=23
[INFO] [1788329573.718307, 563.249000]: DSTPUB phase=STAIR_DESCENT_FLIGHT_B world=(0.017,0.800,-0.018) body=(0.800,0.000,-0.018) truth_z=2.186 drop=0.725 pitch=1.0deg seg=24
[INFO] [1788329575.589638, 564.254000]: DSTPUB phase=STAIR_DESCENT_FLIGHT_B world=(0.062,0.496,0.019) body=(0.500,0.000,0.019) truth_z=1.999 drop=0.912 pitch=1.0deg seg=26
[INFO] [1788329577.487683, 565.273000]: DSTPUB phase=STAIR_DESCENT_FLIGHT_B world=(0.046,0.598,0.019) body=(0.600,0.000,0.019) truth_z=1.866 drop=1.044 pitch=1.0deg seg=22
[INFO] [1788329579.340353, 566.297000]: DSTPUB phase=STAIR_DESCENT_FLIGHT_B world=(0.029,0.599,0.024) body=(0.600,-0.000,0.024) truth_z=1.625 drop=1.286 pitch=1.0deg seg=21
[INFO] [1788329580.300625, 566.809000]: Flight-B descent complete: drop=1.31 m y=5.06; starting landing turn.
[INFO] [1788329583.195350, 568.318000]: DSTPUB phase=STAIR_DESCENT_TURN world=(-0.400,0.000,0.909) body=(0.013,0.400,0.909) truth_z=1.617 drop=1.294 pitch=1.0deg seg=-1
[INFO] [1788329584.993925, 569.319000]: DSTPUB phase=STAIR_DESCENT_TURN world=(-0.400,0.000,1.200) body=(0.339,0.213,1.200) truth_z=1.626 drop=1.285 pitch=1.0deg seg=-3
[INFO] [1788329586.683178, 570.346000]: DSTPUB phase=STAIR_DESCENT_TURN world=(-0.400,0.000,0.920) body=(0.297,-0.268,0.920) truth_z=1.618 drop=1.293 pitch=1.0deg seg=1
[INFO] [1788329588.363935, 571.381000]: DSTPUB phase=STAIR_DESCENT_TURN world=(-0.400,0.000,0.340) body=(0.086,-0.391,0.340) truth_z=1.618 drop=1.293 pitch=1.0deg seg=0
[INFO] [1788329588.519708, 571.443000]: Descent landing heading captured at error 0.177 rad; using shortest-path hold while x aligns.
[INFO] [1788329590.123325, 572.387000]: DSTPUB phase=STAIR_DESCENT_TURN world=(-0.334,0.031,0.043) body=(-0.018,-0.335,0.043) truth_z=1.616 drop=1.295 pitch=1.0deg seg=0
[INFO] [1788329591.655065, 573.400000]: DSTPUB phase=STAIR_DESCENT_TURN world=(-0.300,0.030,-0.007) body=(-0.032,-0.300,-0.007) truth_z=1.613 drop=1.298 pitch=1.0deg seg=0
[INFO] [1788329592.134634, 573.683000]: Descent FLIGHT_A start: z=2.911 drop gate 2.45 m.
[INFO] [1788329592.147202, 573.683000]: Descent landing aligned: x err=-0.118 m, heading err=-0.012 rad; starting flight A.
[INFO] [1788329593.309827, 574.403000]: DSTPUB phase=STAIR_DESCENT_FLIGHT_A world=(0.044,-0.548,-0.009) body=(0.550,0.000,-0.009) truth_z=1.562 drop=1.349 pitch=1.0deg seg=7
[INFO] [1788329594.920883, 575.418000]: DSTPUB phase=STAIR_DESCENT_FLIGHT_A world=(0.024,-0.617,-0.026) body=(0.618,-0.000,-0.026) truth_z=1.359 drop=1.552 pitch=1.0deg seg=22
[INFO] [1788329596.532669, 576.420000]: DSTPUB phase=STAIR_DESCENT_FLIGHT_A world=(-0.003,-0.500,-0.047) body=(0.500,0.000,-0.047) truth_z=1.079 drop=1.832 pitch=1.0deg seg=24
[INFO] [1788329598.206445, 577.451000]: DSTPUB phase=STAIR_DESCENT_FLIGHT_A world=(-0.008,-0.500,-0.041) body=(0.500,0.000,-0.041) truth_z=0.831 drop=2.080 pitch=1.0deg seg=25
[INFO] [1788329599.775432, 578.466000]: DSTPUB phase=STAIR_DESCENT_FLIGHT_A world=(0.007,-0.500,-0.058) body=(0.500,0.000,-0.058) truth_z=0.690 drop=2.221 pitch=1.0deg seg=23
[INFO] [1788329601.331132, 579.467000]: DSTPUB phase=STAIR_DESCENT_FLIGHT_A world=(-0.009,-0.500,-0.040) body=(0.500,0.000,-0.040) truth_z=0.585 drop=2.326 pitch=1.0deg seg=19
[INFO] [1788329602.936751, 580.502000]: DSTPUB phase=STAIR_DESCENT_FLIGHT_A world=(0.007,-0.500,-0.058) body=(0.500,0.000,-0.058) truth_z=0.408 drop=2.503 pitch=1.0deg seg=28
[INFO] [1788329604.386904, 581.422000]: Final flight complete: drop=2.61 m y=1.75; holding on F1 landing for a stable terminal pose.
[INFO] [1788329605.459681, 582.090000]: F1 landing stable for 1.0 s: body height 0.317 m, upright-z 1.000.
[INFO] [1788329605.710948, 582.147000]: Returned to first floor after 103.3 s (drop=2.59 m).
[INFO] [1788329606.031449, 582.422000]: Stair descent terminal phase: FIRST_FLOOR_RETURNED
[FSM]: state: INIT
wait for goal.
[FSM]: state: INIT
wait for goal.
[FSM]: state: INIT
wait for goal.
[FSM]: state: INIT
wait for goal.
[FSM]: state: INIT
wait for goal.
[FSM]: state: INIT
wait for goal.
Warning: TF_REPEATED_DATA ignoring data with redundant timestamp for frame sliding_map (parent world) at time 589.594000 according to authority /scan_planner_node
         at line 277 in /tmp/binarydeb/ros-noetic-tf2-0.7.10/src/buffer_core.cpp
[FSM]: state: INIT
wait for goal.
[FSM]: state: INIT
wait for goal.
[FSM]: state: INIT
wait for goal.
[INFO] [1788329607.216948773, 583.183000000]: RL locomotion_ready latched after 0.66 s takeover and 0.38 s stable hold
[INFO] [1788329608.583877978, 584.068000000]: RL policy input vx=0.000 vy=0.000 wz=0.800 action_rms=0.235 ready=1 userCmd=0 kbd=0 raw=0.000,0.000,0.800 grav=0.00,-0.02,-0.98
[INFO] [1788329611.647386050, 586.076000000]: RL policy input vx=0.000 vy=0.000 wz=0.707 action_rms=0.173 ready=1 userCmd=0 kbd=0 raw=0.000,0.000,0.707 grav=0.01,-0.01,-0.98
[INFO] [1788329614.831535360, 588.081000000]: RL policy input vx=1.113 vy=0.000 wz=0.059 action_rms=0.198 ready=1 userCmd=0 kbd=0 raw=1.113,0.000,0.059 grav=-0.03,-0.01,-0.98
[INFO] [1788329618.067110492, 590.089000000]: RL policy input vx=1.250 vy=0.000 wz=0.025 action_rms=0.401 ready=1 userCmd=0 kbd=0 raw=1.250,0.000,0.025 grav=-0.01,-0.03,-0.98
[INFO] [1788329621.093398514, 592.093000000]: RL policy input vx=0.314 vy=0.000 wz=-0.008 action_rms=0.274 ready=1 userCmd=0 kbd=0 raw=0.314,0.000,-0.008 grav=0.01,-0.02,-0.98
stop the controller
terminate called after throwing an instance of 'boost::wrapexcept<boost::lock_error>'
  what():  boost: mutex lock failed in pthread_mutex_lock: Invalid argument
des manager
[INFO] [1788329622.326495, 592.850000]: Three-floor RL mission complete in first-floor lobby at (-0.25, 3.84, 0.31)
[ERROR] [1788329623.317308, 593.521000]: bad callback: <bound method Detector._image of <__main__.Detector object at 0x7f4c8a810d00>>
Traceback (most recent call last):
  File "/opt/ros/noetic/lib/python3/dist-packages/rospy/topics.py", line 750, in _invoke_callback
    cb(msg)
  File "/root/autodl-tmp/code/restore/0803b/0902overall/threefloor_stress5_repro_20260827/work/mounts/SimEnv/src/simenv_bridge/scripts/danger_detector.py", line 776, in _image
    self._publish_confirmed(msg.header)
  File "/root/autodl-tmp/code/restore/0803b/0902overall/threefloor_stress5_repro_20260827/work/mounts/SimEnv/src/simenv_bridge/scripts/danger_detector.py", line 667, in _publish_confirmed
    self.pose_pub.publish(output)
  File "/opt/ros/noetic/lib/python3/dist-packages/rospy/topics.py", line 882, in publish
    self.impl.publish(data)
  File "/opt/ros/noetic/lib/python3/dist-packages/rospy/topics.py", line 1041, in publish
    raise ROSException("publish() to a closed topic")
rospy.exceptions.ROSException: publish() to a closed topic

[INFO] [1788328607.825822, 0.211000]: danger_detector: first rendered RGB frame ready (320x240)
[INFO] [1788328638.140716, 17.284000]: danger_detector: exploration clock started after preparation
[INFO] [1788328695.508019, 49.811000]: danger_detector: scan batch label=floor_0_room_0_g3 raw=3 min_points=3 clusters=[]
[INFO] [1788328705.457891, 55.966000]: danger_detector: confirmed red sphere #1 at [-5.64, 16.133, 0.15], t=38.68s, stage=floor_1_exploration
[INFO] [1788328706.495838, 56.646000]: danger_detector: scan batch label=floor_0_room_0_g4 raw=3 min_points=3 clusters=[(-5.765610129407999, 16.211695220598944)]
[INFO] [1788328737.527656, 75.712000]: danger_detector: scan batch label=floor_0_room_1_g3 raw=0 min_points=3 clusters=[]
[INFO] [1788328751.299535, 83.249000]: danger_detector: scan batch label=floor_0_room_1_g4 raw=0 min_points=3 clusters=[]
[INFO] [1788328799.668044, 109.850000]: danger_detector: scan batch label=floor_0_room_2_g3 raw=0 min_points=3 clusters=[]
[INFO] [1788328810.595542, 116.011000]: danger_detector: scan batch label=floor_0_room_2_g4 raw=0 min_points=3 clusters=[]
[INFO] [1788328843.180077, 133.611000]: danger_detector: confirmed red sphere #3 at [5.3185, 27.3469, 0.15], t=116.33s, stage=floor_1_exploration
[INFO] [1788328844.229635, 134.143000]: danger_detector: scan batch label=floor_0_room_3_g3 raw=3 min_points=3 clusters=[(5.30633583004486, 27.356440711161966)]
[INFO] [1788328855.248422, 140.353000]: danger_detector: scan batch label=floor_0_room_3_g4 raw=1 min_points=3 clusters=[]
[INFO] [1788329006.552122, 221.785000]: danger_detector: scan batch label=floor_1_room_0_g3 raw=0 min_points=3 clusters=[]
[INFO] [1788329017.472966, 228.292000]: danger_detector: scan batch label=floor_1_room_0_g4 raw=0 min_points=3 clusters=[]
[INFO] [1788329047.866408, 246.007000]: danger_detector: confirmed red sphere #4 at [5.6653, 15.6948, 2.75], t=228.72s, stage=floor_2_exploration
[INFO] [1788329048.932722, 246.627000]: danger_detector: scan batch label=floor_1_room_1_g3 raw=3 min_points=3 clusters=[(5.664626467964292, 15.695712508685927)]
[INFO] [1788329059.803179, 253.019000]: danger_detector: scan batch label=floor_1_room_1_g4 raw=2 min_points=3 clusters=[]
[INFO] [1788329107.127764, 281.812000]: danger_detector: scan batch label=floor_1_room_2_g3 raw=0 min_points=3 clusters=[]
[INFO] [1788329118.781141, 288.796000]: danger_detector: scan batch label=floor_1_room_2_g4 raw=0 min_points=3 clusters=[]
[INFO] [1788329151.182548, 308.107000]: danger_detector: confirmed red sphere #5 at [5.7478, 27.899, 2.75], t=290.83s, stage=floor_2_exploration
[INFO] [1788329152.107722, 308.617000]: danger_detector: scan batch label=floor_1_room_3_g3 raw=3 min_points=3 clusters=[(5.7497256355246975, 27.887453491382615)]
[INFO] [1788329162.383378, 314.719000]: danger_detector: scan batch label=floor_1_room_3_g4 raw=1 min_points=3 clusters=[]
[INFO] [1788329306.008326, 397.007000]: danger_detector: confirmed red sphere #6 at [-5.7647, 15.8039, 5.35], t=379.73s, stage=floor_3_exploration
[INFO] [1788329307.354726, 397.729000]: danger_detector: scan batch label=floor_2_room_0_g3 raw=5 min_points=3 clusters=[(-5.764858800942176, 15.831864913109474)]
[INFO] [1788329317.797349, 403.832000]: danger_detector: scan batch label=floor_2_room_0_g4 raw=6 min_points=3 clusters=[(-5.72689905255788, 15.834127941403397)]
[INFO] [1788329345.138118, 421.217000]: danger_detector: confirmed red sphere #7 at [5.5228, 13.6828, 5.35], t=403.94s, stage=floor_3_exploration
[INFO] [1788329346.343131, 421.989000]: danger_detector: scan batch label=floor_2_room_1_g3 raw=6 min_points=3 clusters=[(5.524260312904233, 13.648500003060535)]
[INFO] [1788329357.011918, 428.318000]: danger_detector: scan batch label=floor_2_room_1_g4 raw=6 min_points=3 clusters=[(5.472850313204386, 13.65851194779307)]
[INFO] [1788329402.708583, 458.005000]: danger_detector: scan batch label=floor_2_room_2_g3 raw=0 min_points=3 clusters=[]
[INFO] [1788329413.881508, 465.153000]: danger_detector: scan batch label=floor_2_room_2_g4 raw=0 min_points=3 clusters=[]
[INFO] [1788329442.099186, 482.776000]: danger_detector: scan batch label=floor_2_room_3_g3 raw=0 min_points=3 clusters=[]
[INFO] [1788329452.562660, 489.592000]: danger_detector: scan batch label=floor_2_room_3_g4 raw=0 min_points=3 clusters=[]
[INFO] [1788329622.314586, 592.848000]: danger_detector: wrote 6 confirmed red-ball detections -> /root/autodl-tmp/code/restore/0803b/0902overall/results/portable_accept_seed33/red_ball_detections.json
[INFO] [1788329503.021287, 522.068000]: SCAN explored all three floors; stair descent owns the return.
[INFO] [1788328599.106935, 0.000000]: scanplanner_pointcloud_bridge: /scan -> /registered_scan at <= 5.0 Hz
[INFO] [1788328622.956975, 9.322000]: scanplanner_pointcloud_bridge: published 50 clouds (1207 points)
[INFO] [1788328638.577749, 17.519000]: scanplanner_pointcloud_bridge: published 100 clouds (1210 points)
[INFO] [1788328655.231709, 26.816000]: scanplanner_pointcloud_bridge: published 150 clouds (2010 points)
[INFO] [1788328670.762716, 35.230000]: scanplanner_pointcloud_bridge: published 200 clouds (2416 points)
[INFO] [1788328687.340361, 44.955000]: scanplanner_pointcloud_bridge: published 250 clouds (2404 points)
[INFO] [1788328703.580815, 54.822000]: scanplanner_pointcloud_bridge: published 300 clouds (2382 points)
[INFO] [1788328719.551724, 64.628000]: scanplanner_pointcloud_bridge: published 350 clouds (2417 points)
[INFO] [1788328735.375222, 74.527000]: scanplanner_pointcloud_bridge: published 400 clouds (2381 points)
[INFO] [1788328751.452717, 83.324000]: scanplanner_pointcloud_bridge: published 450 clouds (2407 points)
[INFO] [1788328767.028774, 91.626000]: scanplanner_pointcloud_bridge: published 500 clouds (2440 points)
[INFO] [1788328783.407184, 101.230000]: scanplanner_pointcloud_bridge: published 550 clouds (2397 points)
[INFO] [1788328797.590884, 108.622000]: scanplanner_pointcloud_bridge: published 600 clouds (2390 points)
[INFO] [1788328813.788935, 117.629000]: scanplanner_pointcloud_bridge: published 650 clouds (2410 points)
[INFO] [1788328831.538818, 127.225000]: scanplanner_pointcloud_bridge: published 700 clouds (2387 points)
[INFO] [1788328847.797639, 136.125000]: scanplanner_pointcloud_bridge: published 750 clouds (2410 points)
[INFO] [1788328863.240530, 144.429000]: scanplanner_pointcloud_bridge: published 800 clouds (2392 points)
[INFO] [1788328878.633508, 152.226000]: scanplanner_pointcloud_bridge: published 850 clouds (2392 points)
[INFO] [1788328892.571286, 159.231000]: scanplanner_pointcloud_bridge: published 900 clouds (2397 points)
[INFO] [1788328907.109903, 166.837000]: scanplanner_pointcloud_bridge: published 950 clouds (2420 points)
[INFO] [1788328922.126714, 174.725000]: scanplanner_pointcloud_bridge: published 1000 clouds (1989 points)
[INFO] [1788328937.639919, 182.827000]: scanplanner_pointcloud_bridge: published 1050 clouds (2357 points)
[INFO] [1788328953.885676, 191.830000]: scanplanner_pointcloud_bridge: published 1100 clouds (2240 points)
[INFO] [1788328970.156451, 201.247000]: scanplanner_pointcloud_bridge: published 1150 clouds (2379 points)
[INFO] [1788328985.951945, 209.826000]: scanplanner_pointcloud_bridge: published 1200 clouds (2389 points)
[INFO] [1788329002.292727, 219.229000]: scanplanner_pointcloud_bridge: published 1250 clouds (2365 points)
[INFO] [1788329018.809419, 229.028000]: scanplanner_pointcloud_bridge: published 1300 clouds (2430 points)
[INFO] [1788329035.238920, 238.729000]: scanplanner_pointcloud_bridge: published 1350 clouds (2387 points)
[INFO] [1788329051.905379, 248.432000]: scanplanner_pointcloud_bridge: published 1400 clouds (2414 points)
[INFO] [1788329068.303871, 257.825000]: scanplanner_pointcloud_bridge: published 1450 clouds (2365 points)
[INFO] [1788329083.756587, 267.019000]: scanplanner_pointcloud_bridge: published 1500 clouds (2412 points)
[INFO] [1788329099.349336, 277.043000]: scanplanner_pointcloud_bridge: published 1550 clouds (2406 points)
[INFO] [1788329115.220495, 286.741000]: scanplanner_pointcloud_bridge: published 1600 clouds (2371 points)
[INFO] [1788329131.451260, 296.431000]: scanplanner_pointcloud_bridge: published 1650 clouds (2390 points)
[INFO] [1788329147.730880, 306.065000]: scanplanner_pointcloud_bridge: published 1700 clouds (2364 points)
[INFO] [1788329164.231853, 315.827000]: scanplanner_pointcloud_bridge: published 1750 clouds (2416 points)
[INFO] [1788329179.842034, 324.029000]: scanplanner_pointcloud_bridge: published 1800 clouds (2425 points)
[INFO] [1788329195.229035, 332.241000]: scanplanner_pointcloud_bridge: published 1850 clouds (2250 points)
[INFO] [1788329211.218644, 341.739000]: scanplanner_pointcloud_bridge: published 1900 clouds (2439 points)
[INFO] [1788329226.841636, 350.032000]: scanplanner_pointcloud_bridge: published 1950 clouds (1997 points)
[INFO] [1788329243.191198, 359.541000]: scanplanner_pointcloud_bridge: published 2000 clouds (2301 points)
[INFO] [1788329259.270373, 369.445000]: scanplanner_pointcloud_bridge: published 2050 clouds (2400 points)
[INFO] [1788329275.174010, 378.738000]: scanplanner_pointcloud_bridge: published 2100 clouds (2378 points)
[INFO] [1788329291.694277, 388.331000]: scanplanner_pointcloud_bridge: published 2150 clouds (2390 points)
[INFO] [1788329308.237674, 398.246000]: scanplanner_pointcloud_bridge: published 2200 clouds (2391 points)
[INFO] [1788329324.380254, 407.827000]: scanplanner_pointcloud_bridge: published 2250 clouds (2398 points)
[INFO] [1788329340.083073, 417.841000]: scanplanner_pointcloud_bridge: published 2300 clouds (2427 points)
[INFO] [1788329355.905226, 427.627000]: scanplanner_pointcloud_bridge: published 2350 clouds (2401 points)
[INFO] [1788329371.803253, 437.433000]: scanplanner_pointcloud_bridge: published 2400 clouds (2441 points)
[INFO] [1788329386.497050, 447.342000]: scanplanner_pointcloud_bridge: published 2450 clouds (2367 points)
[INFO] [1788329401.717504, 457.346000]: scanplanner_pointcloud_bridge: published 2500 clouds (2384 points)
[INFO] [1788329417.219691, 467.327000]: scanplanner_pointcloud_bridge: published 2550 clouds (2370 points)
[INFO] [1788329433.051939, 477.233000]: scanplanner_pointcloud_bridge: published 2600 clouds (2382 points)
[INFO] [1788329448.794291, 487.129000]: scanplanner_pointcloud_bridge: published 2650 clouds (2369 points)
[INFO] [1788329464.080712, 497.134000]: scanplanner_pointcloud_bridge: published 2700 clouds (2390 points)
[INFO] [1788329479.868053, 507.033000]: scanplanner_pointcloud_bridge: published 2750 clouds (2231 points)
[INFO] [1788329495.124280, 517.030000]: scanplanner_pointcloud_bridge: published 2800 clouds (2406 points)
[INFO] [1788329511.094008, 526.941000]: scanplanner_pointcloud_bridge: published 2850 clouds (2458 points)
[INFO] [1788329527.458980, 536.132000]: scanplanner_pointcloud_bridge: published 2900 clouds (2222 points)
[INFO] [1788329543.908486, 546.135000]: scanplanner_pointcloud_bridge: published 2950 clouds (2050 points)
[INFO] [1788329559.837519, 555.637000]: scanplanner_pointcloud_bridge: published 3000 clouds (2057 points)
[INFO] [1788329576.695280, 564.836000]: scanplanner_pointcloud_bridge: published 3050 clouds (2314 points)
[INFO] [1788329593.370672, 574.443000]: scanplanner_pointcloud_bridge: published 3100 clouds (2461 points)
[INFO] [1788329609.023818, 584.335000]: scanplanner_pointcloud_bridge: published 3150 clouds (2006 points)
[INFO] [1788328608.973858, 1.010000]: Bootstrap armed: stand@1.0s state-gated RL max_wait=25.0s repeat=120.0s start_t=1.0
[INFO] [1788328617.221692, 6.210000]: Requesting RL /cmd_vel through /joy (repeating).
[INFO] [1788328638.166291, 17.310000]: Bootstrap observed locomotion_ready; releasing /joy.
[INFO] [1788328602.039036, 0.000000]: building_generator_classic_control ready
[WARN] [1788329639.145359, 594.024000]: Controller Spawner error while taking down controllers: transport error completing service call: unable to receive data from sender, check sender's logs for details
[31mWARNING: disk usage in log directory [/root/.ros/log] is over 1GB.
It's recommended that you use the 'rosclean' command.[0m
[31m[a1_gazebo/controller_spawner-5] escalating to SIGTERM[0m
[31m[gazebo-2] escalating to SIGTERM[0m

auto-starting new master
[1mprocess[master]: started with pid [961895][0m
[1mROS_MASTER_URI=http://localhost:11311[0m
]2;/root/autodl-tmp/code/restore/0803b/0902overall/threefloor_stress5_repro_20260827/work/mounts/SimEnv/src/simenv_bridge/launch/scanplanner_three_floor_rl.launch http://localhost:11311
[1msetting /run_id to 0edf6610-a693-11f1-b249-0242ac110007[0m
[1mprocess[rosout-1]: started with pid [961905][0m
started core service [/rosout]
[1mprocess[gazebo-2]: started with pid [961913][0m
[1mprocess[urdf_spawner-3]: started with pid [961917][0m
[1mprocess[state_from_gazebo-4]: started with pid [961919][0m
[1mprocess[a1_gazebo/controller_spawner-5]: started with pid [961920][0m
[1mprocess[robot_state_publisher-6]: started with pid [961922][0m
[1mprocess[unpause_after_controllers-7]: started with pid [961927][0m
[1mprocess[building_control-8]: started with pid [961928][0m
[1mprocess[open_mapping_entrance-9]: started with pid [961934][0m
[1mprocess[junior_ctrl-10]: started with pid [961936][0m
[1mprocess[scanplanner_pointcloud_bridge-11]: started with pid [961937][0m
[1mprocess[scan_planner_node-12]: started with pid [961938][0m
[1mprocess[closed_loop_controller-13]: started with pid [961950][0m
[1mprocess[scanplanner_plane_rl_bootstrap-14]: started with pid [961962][0m
[1mprocess[rl_floor_command_mux-15]: started with pid [961968][0m
[1mprocess[stair_transition_manager-16]: started with pid [961981][0m
[1mprocess[second_to_third_floor_stair_manager-17]: started with pid [961982][0m
[1mprocess[stair_descent_manager-18]: started with pid [961983][0m
[1mprocess[scanplanner_three_floor_goal_sequencer-19]: started with pid [961989][0m
[1mprocess[scanplanner_red_ball_detector-20]: started with pid [961995][0m
[1mprocess[three_floor_rl_mission_supervisor-21]: started with pid [961996][0m
[1m[open_mapping_entrance-9] process has finished cleanly
log file: /root/.ros/log/0edf6610-a693-11f1-b249-0242ac110007/open_mapping_entrance-9*.log[0m
[1m[urdf_spawner-3] process has finished cleanly
log file: /root/.ros/log/0edf6610-a693-11f1-b249-0242ac110007/urdf_spawner-3*.log[0m
[1m[unpause_after_controllers-7] process has finished cleanly
log file: /root/.ros/log/0edf6610-a693-11f1-b249-0242ac110007/unpause_after_controllers-7*.log[0m
[1m[stair_transition_manager-16] process has finished cleanly
log file: /root/.ros/log/0edf6610-a693-11f1-b249-0242ac110007/stair_transition_manager-16*.log[0m
[1m[second_to_third_floor_stair_manager-17] process has finished cleanly
log file: /root/.ros/log/0edf6610-a693-11f1-b249-0242ac110007/second_to_third_floor_stair_manager-17*.log[0m
[1m[stair_descent_manager-18] process has finished cleanly
log file: /root/.ros/log/0edf6610-a693-11f1-b249-0242ac110007/stair_descent_manager-18*.log[0m
[three_floor_rl_mission_supervisor-21] killing on exit
[scanplanner_red_ball_detector-20] killing on exit
[scanplanner_three_floor_goal_sequencer-19] killing on exit
[rl_floor_command_mux-15] killing on exit
[scanplanner_plane_rl_bootstrap-14] killing on exit
[closed_loop_controller-13] killing on exit
[scan_planner_node-12] killing on exit
[scanplanner_pointcloud_bridge-11] killing on exit
[junior_ctrl-10] killing on exit
[building_control-8] killing on exit
[robot_state_publisher-6] killing on exit
[a1_gazebo/controller_spawner-5] killing on exit
[state_from_gazebo-4] killing on exit
[gazebo-2] killing on exit
[rosout-1] killing on exit
[master] killing on exit
shutting down processing monitor...
... shutting down processing monitor complete
[1mdone[0m
