xacro: in-order processing became default in ROS Melodic. You can drop the option.
... logging to /root/.ros/log/2fca3136-a64b-11f1-9359-0242ac110007/roslaunch-autodl-container-0b0b4098ff-c5d5b90e-823504.log
Checking log directory for disk usage. This may take a while.
Press Ctrl-C to interrupt
]2;/root/autodl-tmp/code/restore/0803b/overall_l0829/threefloor_stress5_repro_20260827/work/mounts/SimEnv/src/simenv_bridge/launch/scanplanner_three_floor_rl.launch
[1mstarted roslaunch server http://autodl-container-0b0b4098ff-c5d5b90e:40675/[0m

SUMMARY
========

CLEAR PARAMETERS
 * /scan_planner_node/

PARAMETERS
 * /a1_gazebo/FL_calf_controller/joint: FL_calf_joint
 * /a1_gazebo/FL_calf_controller/pid/d: 8.0
 * /a1_gazebo/FL_calf_controller/pid/i: 0.0
 * /a1_gazebo/FL_calf_controller/pid/p: 300.0
 * /a1_gazebo/FL_calf_controller/type: unitree_legged_co...
 * /a1_gazebo/FL_hip_controller/joint: FL_hip_joint
 * /a1_gazebo/FL_hip_controller/pid/d: 5.0
 * /a1_gazebo/FL_hip_controller/pid/i: 0.0
 * /a1_gazebo/FL_hip_controller/pid/p: 100.0
 * /a1_gazebo/FL_hip_controller/type: unitree_legged_co...
 * /a1_gazebo/FL_thigh_controller/joint: FL_thigh_joint
 * /a1_gazebo/FL_thigh_controller/pid/d: 8.0
 * /a1_gazebo/FL_thigh_controller/pid/i: 0.0
 * /a1_gazebo/FL_thigh_controller/pid/p: 300.0
 * /a1_gazebo/FL_thigh_controller/type: unitree_legged_co...
 * /a1_gazebo/FR_calf_controller/joint: FR_calf_joint
 * /a1_gazebo/FR_calf_controller/pid/d: 8.0
 * /a1_gazebo/FR_calf_controller/pid/i: 0.0
 * /a1_gazebo/FR_calf_controller/pid/p: 300.0
 * /a1_gazebo/FR_calf_controller/type: unitree_legged_co...
 * /a1_gazebo/FR_hip_controller/joint: FR_hip_joint
 * /a1_gazebo/FR_hip_controller/pid/d: 5.0
 * /a1_gazebo/FR_hip_controller/pid/i: 0.0
 * /a1_gazebo/FR_hip_controller/pid/p: 100.0
 * /a1_gazebo/FR_hip_controller/type: unitree_legged_co...
 * /a1_gazebo/FR_thigh_controller/joint: FR_thigh_joint
 * /a1_gazebo/FR_thigh_controller/pid/d: 8.0
 * /a1_gazebo/FR_thigh_controller/pid/i: 0.0
 * /a1_gazebo/FR_thigh_controller/pid/p: 300.0
 * /a1_gazebo/FR_thigh_controller/type: unitree_legged_co...
 * /a1_gazebo/RL_calf_controller/joint: RL_calf_joint
 * /a1_gazebo/RL_calf_controller/pid/d: 8.0
 * /a1_gazebo/RL_calf_controller/pid/i: 0.0
 * /a1_gazebo/RL_calf_controller/pid/p: 300.0
 * /a1_gazebo/RL_calf_controller/type: unitree_legged_co...
 * /a1_gazebo/RL_hip_controller/joint: RL_hip_joint
 * /a1_gazebo/RL_hip_controller/pid/d: 5.0
 * /a1_gazebo/RL_hip_controller/pid/i: 0.0
 * /a1_gazebo/RL_hip_controller/pid/p: 100.0
 * /a1_gazebo/RL_hip_controller/type: unitree_legged_co...
 * /a1_gazebo/RL_thigh_controller/joint: RL_thigh_joint
 * /a1_gazebo/RL_thigh_controller/pid/d: 8.0
 * /a1_gazebo/RL_thigh_controller/pid/i: 0.0
 * /a1_gazebo/RL_thigh_controller/pid/p: 300.0
 * /a1_gazebo/RL_thigh_controller/type: unitree_legged_co...
 * /a1_gazebo/RR_calf_controller/joint: RR_calf_joint
 * /a1_gazebo/RR_calf_controller/pid/d: 8.0
 * /a1_gazebo/RR_calf_controller/pid/i: 0.0
 * /a1_gazebo/RR_calf_controller/pid/p: 300.0
 * /a1_gazebo/RR_calf_controller/type: unitree_legged_co...
 * /a1_gazebo/RR_hip_controller/joint: RR_hip_joint
 * /a1_gazebo/RR_hip_controller/pid/d: 5.0
 * /a1_gazebo/RR_hip_controller/pid/i: 0.0
 * /a1_gazebo/RR_hip_controller/pid/p: 100.0
 * /a1_gazebo/RR_hip_controller/type: unitree_legged_co...
 * /a1_gazebo/RR_thigh_controller/joint: RR_thigh_joint
 * /a1_gazebo/RR_thigh_controller/pid/d: 8.0
 * /a1_gazebo/RR_thigh_controller/pid/i: 0.0
 * /a1_gazebo/RR_thigh_controller/pid/p: 300.0
 * /a1_gazebo/RR_thigh_controller/type: unitree_legged_co...
 * /a1_gazebo/joint_state_controller/publish_rate: 1000
 * /a1_gazebo/joint_state_controller/type: joint_state_contr...
 * /body_pose_topic: /Odometry_gazebo
 * /closed_loop_controller/finish_dist: 0.15
 * /closed_loop_controller/heading_error_threshold: 0.8
 * /closed_loop_controller/kp_pos: 0.8
 * /closed_loop_controller/kp_yaw: 1.5
 * /closed_loop_controller/max_vx: 2.05
 * /closed_loop_controller/max_vy: 0.35
 * /closed_loop_controller/max_vyaw: 1.0
 * /closed_loop_controller/time_forward: 0.8
 * /gazebo/enable_ros_network: True
 * /rl_floor_command_mux/command_timeout_sec: 0.4
 * /rl_floor_command_mux/linear_acceleration: 2.2
 * /rl_floor_command_mux/linear_deceleration: 2.0
 * /rl_floor_command_mux/max_forward: 2.25
 * /rl_floor_command_mux/max_lateral: 0.75
 * /rl_floor_command_mux/max_reverse: 0.2
 * /rl_floor_command_mux/max_yaw: 2.8
 * /rl_floor_command_mux/output_topic: /cmd_vel
 * /rl_floor_command_mux/planner_topic: /scanplanner/plan...
 * /rl_floor_command_mux/rate: 30.0
 * /rl_floor_command_mux/yaw_acceleration: 2.4
 * /rl_floor_command_mux/yaw_slowdown: 1.05
 * /rl_floor_command_mux/yaw_translation_stop: 1.3
 * /robot_description: <?xml version="1....
 * /robot_name: a1
 * /rosdistro: noetic
 * /rosversion: 1.17.4
 * /scan_planner_node/fsm/emergency_time_: 1.0
 * /scan_planner_node/fsm/fail_safe: True
 * /scan_planner_node/fsm/is_real_world: True
 * /scan_planner_node/fsm/manual_goal_use_current_height: True
 * /scan_planner_node/fsm/max_replan_fail_count: 1000
 * /scan_planner_node/fsm/navi_mode: 1
 * /scan_planner_node/fsm/planning_horizon: 7.5
 * /scan_planner_node/fsm/thresh_no_replan: 0.1
 * /scan_planner_node/fsm/thresh_replan: 1.0
 * /scan_planner_node/grid_map/cloud_is_world: True
 * /scan_planner_node/grid_map/cx: 317.19
 * /scan_planner_node/grid_map/cy: 256.48
 * /scan_planner_node/grid_map/depth_filter_margin: 1
 * /scan_planner_node/grid_map/depth_filter_maxdist: 3.0
 * /scan_planner_node/grid_map/depth_filter_mindist: 0.3
 * /scan_planner_node/grid_map/double_cylinder_offset: 0.18
 * /scan_planner_node/grid_map/double_cylinder_radius: 0.25
 * /scan_planner_node/grid_map/fx: 609.59
 * /scan_planner_node/grid_map/fy: 609.22
 * /scan_planner_node/grid_map/k_depth_scaling_factor: 1000.0
 * /scan_planner_node/grid_map/map_sliding_thresh: 0.2
 * /scan_planner_node/grid_map/max_ray_length: 5.0
 * /scan_planner_node/grid_map/need_extrinsic: True
 * /scan_planner_node/grid_map/obstacles_inflation_z_down: 0.4
 * /scan_planner_node/grid_map/obstacles_inflation_z_up: 0.1
 * /scan_planner_node/grid_map/p_hit: 0.85
 * /scan_planner_node/grid_map/p_max: 0.98
 * /scan_planner_node/grid_map/p_min: 0.12
 * /scan_planner_node/grid_map/p_miss: 0.3
 * /scan_planner_node/grid_map/p_occ: 0.8
 * /scan_planner_node/grid_map/resolution: 0.05
 * /scan_planner_node/grid_map/sensor_type: lidar
 * /scan_planner_node/grid_map/skip_pixel: 2
 * /scan_planner_node/grid_map/sliding_map_size_x: 10.0
 * /scan_planner_node/grid_map/sliding_map_size_y: 10.0
 * /scan_planner_node/grid_map/sliding_map_size_z: 5.0
 * /scan_planner_node/grid_map/vis_height: 0.3
 * /scan_planner_node/manager/control_points_distance: 0.2
 * /scan_planner_node/manager/feasibility_tolerance: 0.5
 * /scan_planner_node/manager/max_acc: 1.1
 * /scan_planner_node/manager/max_jerk: 4.0
 * /scan_planner_node/manager/max_vel: 2.05
 * /scan_planner_node/manager/planning_horizon: 7.5
 * /scan_planner_node/optimization/acc_tolerance: 1.0
 * /scan_planner_node/optimization/dist0: 0.2
 * /scan_planner_node/optimization/lambda_collision: 1.0
 * /scan_planner_node/optimization/lambda_feasibility: 0.1
 * /scan_planner_node/optimization/lambda_fitness: 1.0
 * /scan_planner_node/optimization/lambda_smooth: 1.0
 * /scan_planner_node/optimization/max_acc: 1.1
 * /scan_planner_node/optimization/max_vel: 2.05
 * /scan_planner_node/optimization/vel_tolerance: 1.0
 * /scanplanner_plane_rl_bootstrap/fixed_stand_max_duration_sec: 25.0
 * /scanplanner_plane_rl_bootstrap/release_after_rl_request: True
 * /scanplanner_plane_rl_bootstrap/rl_repeat_seconds: 120.0
 * /scanplanner_plane_rl_bootstrap/stand_after_seconds: 1.0
 * /scanplanner_pointcloud_bridge/input: /scan
 * /scanplanner_pointcloud_bridge/laser_blind: 0.5
 * /scanplanner_pointcloud_bridge/maximum_rate_hz: 5.0
 * /scanplanner_pointcloud_bridge/maximum_vertical_angle_deg: 55
 * /scanplanner_pointcloud_bridge/minimum_vertical_angle_deg: -7
 * /scanplanner_pointcloud_bridge/odom_topic: /Odometry_gazebo
 * /scanplanner_pointcloud_bridge/output: /registered_scan
 * /scanplanner_pointcloud_bridge/world_frame: map
 * /scanplanner_red_ball_detector/camera_info_topic: /recording_camera...
 * /scanplanner_red_ball_detector/camera_ready_topic: /simenv/recording...
 * /scanplanner_red_ball_detector/confirm_count: 3
 * /scanplanner_red_ball_detector/depth_topic: /real_sense/depth...
 * /scanplanner_red_ball_detector/floor_height_m: 2.6
 * /scanplanner_red_ball_detector/ground_range_scale: 0.95
 * /scanplanner_red_ball_detector/image_topic: /recording_camera...
 * /scanplanner_red_ball_detector/maximum_processing_rate_hz: 0.0
 * /scanplanner_red_ball_detector/merge_radius: 1.1
 * /scanplanner_red_ball_detector/out_json: /root/autodl-tmp/...
 * /scanplanner_red_ball_detector/scan_active_topic: /scanplanner/room...
 * /scanplanner_red_ball_detector/use_depth: True
 * /scanplanner_three_floor_goal_sequencer/direct_plane_distance_gain: 1.1
 * /scanplanner_three_floor_goal_sequencer/direct_plane_max_lateral_speed_mps: 0.75
 * /scanplanner_three_floor_goal_sequencer/direct_plane_min_forward_speed: 0.3
 * /scanplanner_three_floor_goal_sequencer/direct_plane_translation_heading_limit_rad: 1.45
 * /scanplanner_three_floor_goal_sequencer/direct_plane_yaw_rate: 1.15
 * /scanplanner_three_floor_goal_sequencer/direct_stair_yaw_rate: 0.35
 * /scanplanner_three_floor_goal_sequencer/entrance_fixed_heading_release_rad: 0.2
 * /scanplanner_three_floor_goal_sequencer/entrance_lateral_gain: 0.6
 * /scanplanner_three_floor_goal_sequencer/entrance_max_lateral_speed_mps: 0.12
 * /scanplanner_three_floor_goal_sequencer/entrance_progress_timeout_sec: 5.0
 * /scanplanner_three_floor_goal_sequencer/entrance_recovery_hold_sec: 1.0
 * /scanplanner_three_floor_goal_sequencer/entrance_recovery_max_attempts: 2
 * /scanplanner_three_floor_goal_sequencer/entrance_speed_scale: 1.45
 * /scanplanner_three_floor_goal_sequencer/floor_control_settle_sec: 0.15
 * /scanplanner_three_floor_goal_sequencer/handoff_timeout_sec: 300.0
 * /scanplanner_three_floor_goal_sequencer/manager_release_settle_sec: 0.1
 * /scanplanner_three_floor_goal_sequencer/maximum_floor_speed: 2.25
 * /scanplanner_three_floor_goal_sequencer/maximum_replans: 2
 * /scanplanner_three_floor_goal_sequencer/minimum_upright_duration_sec: 0.6
 * /scanplanner_three_floor_goal_sequencer/minimum_upright_z: 0.55
 * /scanplanner_three_floor_goal_sequencer/mission_config: /tmp/simenv_bridg...
 * /scanplanner_three_floor_goal_sequencer/output_dir: /root/autodl-tmp/...
 * /scanplanner_three_floor_goal_sequencer/plane_fast_takeover: True
 * /scanplanner_three_floor_goal_sequencer/plane_fast_takeover_blend_seconds: 0.5
 * /scanplanner_three_floor_goal_sequencer/plane_fast_takeover_zero_hold_seconds: 0.15
 * /scanplanner_three_floor_goal_sequencer/plane_motion_start_ramp_initial_speed_mps: 0.3
 * /scanplanner_three_floor_goal_sequencer/plane_motion_start_ramp_minimum_upright_z: 0.985
 * /scanplanner_three_floor_goal_sequencer/plane_motion_start_ramp_seconds: 3.0
 * /scanplanner_three_floor_goal_sequencer/policy_timeout_sec: 35.0
 * /scanplanner_three_floor_goal_sequencer/progress_timeout_sec: 45.0
 * /scanplanner_three_floor_goal_sequencer/room_scan_settle_sec: 0.1
 * /scanplanner_three_floor_goal_sequencer/room_scan_timeout_sec: 30.0
 * /scanplanner_three_floor_goal_sequencer/room_scan_turn_rad: 1.9
 * /scanplanner_three_floor_goal_sequencer/room_scan_yaw_rate: 2.8
 * /scanplanner_three_floor_goal_sequencer/room_tolerance: 0.4
 * /scanplanner_three_floor_goal_sequencer/speed_scale: 2.6
 * /scanplanner_three_floor_goal_sequencer/stage_announcement_hold_sec: 0.15
 * /scanplanner_three_floor_goal_sequencer/startup_timeout_sec: 240.0
 * /scanplanner_three_floor_goal_sequencer/waypoint_timeout_sec: 150.0
 * /second_to_third_floor_stair_manager/ascent_maximum_speed_mps: 0.8
 * /second_to_third_floor_stair_manager/ascent_speed_mps: 0.8
 * /second_to_third_floor_stair_manager/ascent_timeout_sec: 45.0
 * /second_to_third_floor_stair_manager/auto_start: False
 * /second_to_third_floor_stair_manager/command_topic: /cmd_vel
 * /second_to_third_floor_stair_manager/enable_truth_return_gate: False
 * /second_to_third_floor_stair_manager/enable_visual_stair_alignment: False
 * /second_to_third_floor_stair_manager/entry_alignment_yaw_rate_rps: 0.4
 * /second_to_third_floor_stair_manager/flight_a_height_gain_m: 1.05
 * /second_to_third_floor_stair_manager/flight_b_timeout_sec: 22.0
 * /second_to_third_floor_stair_manager/height_plot_basename: 21_truth_stair_he...
 * /second_to_third_floor_stair_manager/hold_rl_during_ascent: True
 * /second_to_third_floor_stair_manager/landing_cross_distance_m: 0.95
 * /second_to_third_floor_stair_manager/landing_cross_speed_mps: 0.75
 * /second_to_third_floor_stair_manager/landing_heading_tolerance_rad: 0.15
 * /second_to_third_floor_stair_manager/landing_timeout_sec: 30.0
 * /second_to_third_floor_stair_manager/landing_turn_angle_rad: -2.4
 * /second_to_third_floor_stair_manager/landing_turn_speed_rps: 1.2
 * /second_to_third_floor_stair_manager/mission_failure_token: SECOND_FLOOR_EXPL...
 * /second_to_third_floor_stair_manager/mission_trigger_token: SECOND_FLOOR_EXPL...
 * /second_to_third_floor_stair_manager/mission_trigger_topic: /simenv/second_fl...
 * /second_to_third_floor_stair_manager/odom_topic: /Odometry_gazebo
 * /second_to_third_floor_stair_manager/offline_stair_model_sdf: /tmp/simenv_bridg...
 * /second_to_third_floor_stair_manager/offline_truth_layout_metadata: /tmp/simenv_bridg...
 * /second_to_third_floor_stair_manager/output_dir: /root/autodl-tmp/...
 * /second_to_third_floor_stair_manager/plane_policy: /workspace/SimEnv...
 * /second_to_third_floor_stair_manager/policy_warmup_seconds: 0.2
 * /second_to_third_floor_stair_manager/pre_ascent_rl_fast_blend_seconds: 0.5
 * /second_to_third_floor_stair_manager/pre_ascent_rl_fast_takeover: True
 * /second_to_third_floor_stair_manager/pre_ascent_rl_fast_zero_hold_seconds: 0.15
 * /second_to_third_floor_stair_manager/pre_ascent_rl_settle_seconds: 0.6
 * /second_to_third_floor_stair_manager/pre_ascent_stand_seconds: 0.0
 * /second_to_third_floor_stair_manager/second_floor_handoff_timeout_sec: 90.0
 * /second_to_third_floor_stair_manager/second_floor_stable_seconds: 0.5
 * /second_to_third_floor_stair_manager/source_floor_index: 1
 * /second_to_third_floor_stair_manager/stair_policy: /workspace/SimEnv...
 * /second_to_third_floor_stair_manager/state_topic: /simenv/second_to...
 * /second_to_third_floor_stair_manager/target_floor_number: 3
 * /second_to_third_floor_stair_manager/total_height_gain_m: 2.2
 * /second_to_third_floor_stair_manager/trajectory_plot_basename: 21_f2_to_third_fl...
 * /second_to_third_floor_stair_manager/transition_log_basename: second_to_third_f...
 * /second_to_third_floor_stair_manager/transition_plot_basename: 21_second_to_thir...
 * /second_to_third_floor_stair_manager/truth_entry_final_speed_mps: 0.55
 * /second_to_third_floor_stair_manager/truth_entry_guide: True
 * /second_to_third_floor_stair_manager/truth_entry_guide_min_speed_mps: 0.25
 * /second_to_third_floor_stair_manager/truth_entry_guide_speed_mps: 0.45
 * /second_to_third_floor_stair_manager/truth_entry_timeout_sec: 120.0
 * /second_to_third_floor_stair_manager/truth_fixed_two_flight_profile: True
 * /second_to_third_floor_stair_manager/truth_flight_a_backslide_recovery_hold_seconds: 1.5
 * /second_to_third_floor_stair_manager/truth_flight_a_backslide_recovery_max_attempts: 2
 * /second_to_third_floor_stair_manager/truth_flight_a_backslide_recovery_ramp_seconds: 1.0
 * /second_to_third_floor_stair_manager/truth_flight_a_backslide_recovery_ramp_speed_mps: 0.4
 * /second_to_third_floor_stair_manager/truth_flight_a_climb_ramp_seconds: 1.2
 * /second_to_third_floor_stair_manager/truth_flight_a_near_edge_strong_center_error_m: 0.24
 * /second_to_third_floor_stair_manager/truth_flight_a_policy_capture_max_joint_velocity_rms: 0.18
 * /second_to_third_floor_stair_manager/truth_flight_a_policy_fast_fixed_stand: True
 * /second_to_third_floor_stair_manager/truth_flight_a_policy_fast_fixed_stand_duration_seconds: 0.5
 * /second_to_third_floor_stair_manager/truth_flight_a_policy_fast_fixed_stand_minimum_elapsed_seconds: 0.5
 * /second_to_third_floor_stair_manager/truth_flight_a_policy_fast_fixed_stand_minimum_gain_ratio: 0.75
 * /second_to_third_floor_stair_manager/truth_flight_a_policy_fast_fixed_stand_settle_seconds: 0.0
 * /second_to_third_floor_stair_manager/truth_flight_a_policy_fast_fixed_stand_stable_seconds: 0.5
 * /second_to_third_floor_stair_manager/truth_flight_a_policy_fixed_stand_ready_timeout_sec: 12.0
 * /second_to_third_floor_stair_manager/truth_flight_a_policy_require_fixed_stand_ready: True
 * /second_to_third_floor_stair_manager/truth_flight_a_policy_settle_seconds: 0.35
 * /second_to_third_floor_stair_manager/truth_flight_a_policy_settle_timeout_sec: 8.0
 * /second_to_third_floor_stair_manager/truth_flight_a_policy_stand_seconds: 0.1
 * /second_to_third_floor_stair_manager/truth_flight_a_policy_use_default_stand_target: False
 * /second_to_third_floor_stair_manager/truth_flight_a_rearward_slip_max_climb_speed_mps: 0.12
 * /second_to_third_floor_stair_manager/truth_flight_a_rearward_slip_speed_mps: 0.3
 * /second_to_third_floor_stair_manager/truth_flight_a_recovery_center_speed_mps: 0.22
 * /second_to_third_floor_stair_manager/truth_flight_a_recovery_forward_speed_mps: 0.6
 * /second_to_third_floor_stair_manager/truth_flight_a_require_fresh_ready: True
 * /second_to_third_floor_stair_manager/truth_flight_a_stall_release_seconds: 1.5
 * /second_to_third_floor_stair_manager/truth_flight_a_strong_recovery_forward_speed_mps: 0.4
 * /second_to_third_floor_stair_manager/truth_flight_b_max_yaw_rate_rps: 0.1
 * /second_to_third_floor_stair_manager/truth_flight_b_pitch_min_height_gain_m: 0.08
 * /second_to_third_floor_stair_manager/truth_flight_b_pitch_rate_min_abs_rad: 0.6
 * /second_to_third_floor_stair_manager/truth_flight_b_pitch_rate_trigger_rps: 1.6
 * /second_to_third_floor_stair_manager/truth_flight_b_pitch_rate_window_sec: 0.18
 * /second_to_third_floor_stair_manager/truth_flight_b_pitch_recovery_max_attempts: 2
 * /second_to_third_floor_stair_manager/truth_flight_b_rearward_slip_speed_mps: 0.3
 * /second_to_third_floor_stair_manager/truth_flight_b_recovery_forward_speed_mps: 0.6
 * /second_to_third_floor_stair_manager/truth_flight_b_recovery_hold_seconds: 4.0
 * /second_to_third_floor_stair_manager/truth_flight_b_severe_pitch_detect_seconds: 0.1
 * /second_to_third_floor_stair_manager/truth_flight_b_severe_pitch_rad: 0.8
 * /second_to_third_floor_stair_manager/truth_flight_b_strong_recovery_forward_speed_mps: 0.4
 * /second_to_third_floor_stair_manager/truth_landing_recenter_speed_mps: 0.75
 * /second_to_third_floor_stair_manager/truth_two_stage_guide: True
 * /second_to_third_floor_stair_manager/truth_upper_floor_exit_clearance_m: 0.8
 * /second_to_third_floor_stair_manager/two_flight_stair: True
 * /second_to_third_floor_stair_manager/upper_floor_handoff_complete_phase: THIRD_FLOOR_HANDO...
 * /second_to_third_floor_stair_manager/upper_floor_handoff_timeout_phase: THIRD_FLOOR_HANDO...
 * /second_to_third_floor_stair_manager/upper_floor_reached_phase: THIRD_FLOOR_REACHED
 * /second_to_third_floor_stair_manager/upper_floor_ready_token: THIRD_FLOOR_EXPLO...
 * /second_to_third_floor_stair_manager/upper_floor_settle_phase: THIRD_FLOOR_SETTLE
 * /second_to_third_floor_stair_manager/upper_floor_state_topic: /simenv/third_flo...
 * /second_to_third_floor_stair_manager/upper_landing_clearance_grace_sec: 15.0
 * /second_to_third_floor_stair_manager/wait_for_second_floor_handoff: True
 * /second_to_third_floor_stair_manager/world_frame_ascent: True
 * /stair_descent_manager/command_topic: /cmd_vel
 * /stair_descent_manager/descent_maximum_speed_mps: 0.8
 * /stair_descent_manager/descent_segment_timeout_sec: 600.0
 * /stair_descent_manager/descent_speed_mps: 0.8
 * /stair_descent_manager/end_floor_number: 1
 * /stair_descent_manager/mission_trigger_token: THIRD_FLOOR_EXPLO...
 * /stair_descent_manager/mission_trigger_topic: /simenv/third_flo...
 * /stair_descent_manager/odom_topic: /Odometry_gazebo
 * /stair_descent_manager/offline_stair_model_sdf: /tmp/simenv_bridg...
 * /stair_descent_manager/offline_truth_layout_metadata: /tmp/simenv_bridg...
 * /stair_descent_manager/output_dir: /root/autodl-tmp/...
 * /stair_descent_manager/policy_switch_fast_fixed_stand: True
 * /stair_descent_manager/policy_switch_fast_fixed_stand_duration_seconds: 0.5
 * /stair_descent_manager/policy_switch_fast_fixed_stand_minimum_elapsed_seconds: 0.5
 * /stair_descent_manager/policy_switch_fast_fixed_stand_minimum_gain_ratio: 0.75
 * /stair_descent_manager/policy_switch_fast_fixed_stand_settle_seconds: 0.0
 * /stair_descent_manager/policy_switch_fast_fixed_stand_stable_seconds: 0.5
 * /stair_descent_manager/policy_switch_fixed_stand_timeout_sec: 12.0
 * /stair_descent_manager/policy_switch_max_joint_velocity_rms: 0.35
 * /stair_descent_manager/policy_switch_queue_hold_seconds: 0.25
 * /stair_descent_manager/policy_switch_reentry_timeout_sec: 20.0
 * /stair_descent_manager/policy_switch_settle_seconds: 0.45
 * /stair_descent_manager/policy_switch_settle_timeout_sec: 6.0
 * /stair_descent_manager/policy_warmup_seconds: 0.75
 * /stair_descent_manager/pre_descent_stand_seconds: 0.25
 * /stair_descent_manager/segment_one_log_basename: third_to_second_f...
 * /stair_descent_manager/segment_two_log_basename: second_to_first_f...
 * /stair_descent_manager/skip_entry_guide: True
 * /stair_descent_manager/stair_policy: /workspace/SimEnv...
 * /stair_descent_manager/start_floor_number: 3
 * /stair_descent_manager/state_topic: /simenv/third_to_...
 * /stair_descent_manager/transition_log_basename: stair_descent.json
 * /stair_descent_manager/truth_descent_backoff_escalation_m: 0.15
 * /stair_descent_manager/truth_descent_east_align_minimum_x_speed_mps: 0.3
 * /stair_descent_manager/truth_descent_east_align_tread_drop_m: 0.05
 * /stair_descent_manager/truth_descent_entry_guide_speed_mps: 1.15
 * /stair_descent_manager/truth_descent_final_landing_max_body_height_m: 1.0
 * /stair_descent_manager/truth_descent_final_landing_max_tilt_rad: 0.45
 * /stair_descent_manager/truth_descent_final_landing_min_body_height_m: 0.2
 * /stair_descent_manager/truth_descent_final_landing_minimum_upright_z: 0.75
 * /stair_descent_manager/truth_descent_final_landing_settle_seconds: 1.0
 * /stair_descent_manager/truth_descent_final_landing_timeout_sec: 20.0
 * /stair_descent_manager/truth_descent_flight_a_end_y: 1.75
 * /stair_descent_manager/truth_descent_flight_center_correction_error_m: 0.22
 * /stair_descent_manager/truth_descent_flight_center_correction_speed_mps: 0.5
 * /stair_descent_manager/truth_descent_flight_center_correction_yaw_rate_rps: 0.2
 * /stair_descent_manager/truth_descent_flight_center_steer_gain: 1.0
 * /stair_descent_manager/truth_descent_flight_center_steer_max_rad: 0.24
 * /stair_descent_manager/truth_descent_flight_end_slowdown_drop_m: 0.95
 * /stair_descent_manager/truth_descent_flight_end_speed_mps: 0.6
 * /stair_descent_manager/truth_descent_flight_heading_correction_error_rad: 0.22
 * /stair_descent_manager/truth_descent_flight_heading_correction_speed_mps: 0.4
 * /stair_descent_manager/truth_descent_flight_heading_correction_yaw_rate_rps: 0.3
 * /stair_descent_manager/truth_descent_flight_heading_gain: 0.55
 * /stair_descent_manager/truth_descent_flight_initial_hold_drop_m: 0.18
 * /stair_descent_manager/truth_descent_flight_initial_ramp_end_drop_m: 0.45
 * /stair_descent_manager/truth_descent_flight_initial_speed_mps: 0.55
 * /stair_descent_manager/truth_descent_flight_max_yaw_rate_rps: 0.14
 * /stair_descent_manager/truth_descent_flight_severe_tilt_hold_sec: 0.8
 * /stair_descent_manager/truth_descent_flight_severe_tilt_rad: 0.6
 * /stair_descent_manager/truth_descent_flight_severe_tilt_speed_mps: 0.3
 * /stair_descent_manager/truth_descent_flight_tilt_hold_sec: 0.6
 * /stair_descent_manager/truth_descent_flight_tilt_slowdown_rad: 0.48
 * /stair_descent_manager/truth_descent_flight_tilt_speed_mps: 0.55
 * /stair_descent_manager/truth_descent_gain_up_drop_m: 0.35
 * /stair_descent_manager/truth_descent_landing_heading_tolerance_rad: 0.18
 * /stair_descent_manager/truth_descent_landing_minimum_x_speed_mps: 0.3
 * /stair_descent_manager/truth_descent_landing_minimum_yaw_rate_rps: 0.34
 * /stair_descent_manager/truth_descent_landing_position_tolerance_m: 0.12
 * /stair_descent_manager/truth_descent_landing_recenter_speed_mps: 0.4
 * /stair_descent_manager/truth_descent_landing_settle_seconds: 1.5
 * /stair_descent_manager/truth_descent_landing_slip_max_attempts: 4
 * /stair_descent_manager/truth_descent_landing_turn_speed_rps: 1.2
 * /stair_descent_manager/truth_descent_max_center_error_m: 0.4
 * /stair_descent_manager/truth_descent_minimum_upright_z: 0.55
 * /stair_descent_manager/truth_descent_segment_turn_alignment_minimum_speed_mps: 0.3
 * /stair_descent_manager/truth_descent_segment_turn_alignment_progress_min_m: 0.025
 * /stair_descent_manager/truth_descent_segment_turn_alignment_progress_timeout_sec: 3.0
 * /stair_descent_manager/truth_descent_segment_turn_drift_limit_m: 0.4
 * /stair_descent_manager/truth_descent_segment_turn_lateral_speed_mps: 0.4
 * /stair_descent_manager/truth_descent_segment_turn_position_tolerance_m: 0.16
 * /stair_descent_manager/truth_descent_segment_turn_progress_min_improvement_rad: 0.11
 * /stair_descent_manager/truth_descent_segment_turn_progress_timeout_sec: 2.8
 * /stair_descent_manager/truth_descent_segment_turn_side_speed_mps: 0.4
 * /stair_descent_manager/truth_descent_segment_turn_x_safe_tolerance_m: 0.25
 * /stair_descent_manager/truth_descent_segment_turn_y_safe_high_m: 1.95
 * /stair_descent_manager/truth_descent_segment_turn_yaw_rate_rps: 1.0
 * /stair_descent_manager/truth_descent_side_slip_pause_sec: 0.5
 * /stair_descent_manager/truth_descent_stall_seconds: 3.0
 * /stair_descent_manager/truth_descent_step_pause_interval_m: 0.18
 * /stair_descent_manager/truth_descent_step_pause_seconds: 0.0
 * /stair_descent_manager/truth_descent_trigger_timeout_sec: 2400.0
 * /stair_descent_manager/truth_descent_turn_forward_speed_mps: 0.08
 * /stair_descent_manager/truth_descent_turn_forward_y_limit_m: 4.82
 * /stair_descent_manager/truth_descent_turn_start_y: 5.05
 * /stair_descent_manager/truth_entry_guide: True
 * /stair_descent_manager/truth_two_stage_guide: True
 * /stair_transition_manager/ascent_maximum_speed_mps: 0.8
 * /stair_transition_manager/ascent_speed_mps: 0.8
 * /stair_transition_manager/ascent_timeout_sec: 70.0
 * /stair_transition_manager/auto_start: False
 * /stair_transition_manager/command_topic: /cmd_vel
 * /stair_transition_manager/enable_truth_return_gate: False
 * /stair_transition_manager/enable_visual_stair_alignment: False
 * /stair_transition_manager/entry_alignment_yaw_rate_rps: 0.4
 * /stair_transition_manager/flight_a_height_gain_m: 1.05
 * /stair_transition_manager/flight_b_timeout_sec: 70.0
 * /stair_transition_manager/hold_rl_during_ascent: True
 * /stair_transition_manager/landing_cross_distance_m: 0.95
 * /stair_transition_manager/landing_cross_speed_mps: 0.75
 * /stair_transition_manager/landing_heading_tolerance_rad: 0.15
 * /stair_transition_manager/landing_timeout_sec: 30.0
 * /stair_transition_manager/landing_turn_angle_rad: -2.4
 * /stair_transition_manager/landing_turn_speed_rps: 1.2
 * /stair_transition_manager/odom_topic: /Odometry_gazebo
 * /stair_transition_manager/offline_stair_model_sdf: /tmp/simenv_bridg...
 * /stair_transition_manager/offline_truth_layout_metadata: /tmp/simenv_bridg...
 * /stair_transition_manager/output_dir: /root/autodl-tmp/...
 * /stair_transition_manager/plane_policy: /workspace/SimEnv...
 * /stair_transition_manager/policy_warmup_seconds: 0.2
 * /stair_transition_manager/pre_ascent_rl_fast_blend_seconds: 0.5
 * /stair_transition_manager/pre_ascent_rl_fast_takeover: True
 * /stair_transition_manager/pre_ascent_rl_fast_zero_hold_seconds: 0.15
 * /stair_transition_manager/pre_ascent_rl_settle_seconds: 0.6
 * /stair_transition_manager/pre_ascent_stand_seconds: 0.0
 * /stair_transition_manager/second_floor_handoff_timeout_sec: 90.0
 * /stair_transition_manager/second_floor_stable_seconds: 0.5
 * /stair_transition_manager/stair_policy: /workspace/SimEnv...
 * /stair_transition_manager/total_height_gain_m: 2.2
 * /stair_transition_manager/truth_entry_final_speed_mps: 0.55
 * /stair_transition_manager/truth_entry_guide: True
 * /stair_transition_manager/truth_entry_guide_min_speed_mps: 0.25
 * /stair_transition_manager/truth_entry_guide_speed_mps: 0.45
 * /stair_transition_manager/truth_entry_timeout_sec: 120.0
 * /stair_transition_manager/truth_fixed_two_flight_profile: True
 * /stair_transition_manager/truth_flight_a_backslide_recovery_hold_seconds: 1.5
 * /stair_transition_manager/truth_flight_a_backslide_recovery_max_attempts: 2
 * /stair_transition_manager/truth_flight_a_backslide_recovery_ramp_seconds: 1.0
 * /stair_transition_manager/truth_flight_a_backslide_recovery_ramp_speed_mps: 0.4
 * /stair_transition_manager/truth_flight_a_climb_ramp_seconds: 1.2
 * /stair_transition_manager/truth_flight_a_near_edge_strong_center_error_m: 0.24
 * /stair_transition_manager/truth_flight_a_policy_capture_max_joint_velocity_rms: 0.18
 * /stair_transition_manager/truth_flight_a_policy_fast_fixed_stand: True
 * /stair_transition_manager/truth_flight_a_policy_fast_fixed_stand_duration_seconds: 0.5
 * /stair_transition_manager/truth_flight_a_policy_fast_fixed_stand_minimum_elapsed_seconds: 0.5
 * /stair_transition_manager/truth_flight_a_policy_fast_fixed_stand_minimum_gain_ratio: 0.75
 * /stair_transition_manager/truth_flight_a_policy_fast_fixed_stand_settle_seconds: 0.0
 * /stair_transition_manager/truth_flight_a_policy_fast_fixed_stand_stable_seconds: 0.5
 * /stair_transition_manager/truth_flight_a_policy_fixed_stand_ready_timeout_sec: 12.0
 * /stair_transition_manager/truth_flight_a_policy_require_fixed_stand_ready: True
 * /stair_transition_manager/truth_flight_a_policy_settle_seconds: 0.35
 * /stair_transition_manager/truth_flight_a_policy_settle_timeout_sec: 8.0
 * /stair_transition_manager/truth_flight_a_policy_stand_seconds: 0.1
 * /stair_transition_manager/truth_flight_a_policy_use_default_stand_target: False
 * /stair_transition_manager/truth_flight_a_prediction_horizon_sec: 1.1
 * /stair_transition_manager/truth_flight_a_rearward_slip_max_climb_speed_mps: 0.12
 * /stair_transition_manager/truth_flight_a_rearward_slip_speed_mps: 0.3
 * /stair_transition_manager/truth_flight_a_recovery_center_speed_mps: 0.22
 * /stair_transition_manager/truth_flight_a_recovery_forward_speed_mps: 0.6
 * /stair_transition_manager/truth_flight_a_require_fresh_ready: True
 * /stair_transition_manager/truth_flight_a_stall_release_seconds: 1.5
 * /stair_transition_manager/truth_flight_a_strong_recovery_forward_speed_mps: 0.4
 * /stair_transition_manager/truth_flight_b_max_yaw_rate_rps: 0.1
 * /stair_transition_manager/truth_flight_b_near_edge_strong_center_error_m: 0.24
 * /stair_transition_manager/truth_flight_b_pitch_min_height_gain_m: 0.08
 * /stair_transition_manager/truth_flight_b_pitch_rate_min_abs_rad: 0.6
 * /stair_transition_manager/truth_flight_b_pitch_rate_trigger_rps: 1.6
 * /stair_transition_manager/truth_flight_b_pitch_rate_window_sec: 0.18
 * /stair_transition_manager/truth_flight_b_pitch_recovery_max_attempts: 2
 * /stair_transition_manager/truth_flight_b_rearward_slip_speed_mps: 0.3
 * /stair_transition_manager/truth_flight_b_recovery_forward_speed_mps: 0.6
 * /stair_transition_manager/truth_flight_b_recovery_hold_seconds: 4.0
 * /stair_transition_manager/truth_flight_b_severe_pitch_detect_seconds: 0.1
 * /stair_transition_manager/truth_flight_b_severe_pitch_rad: 0.8
 * /stair_transition_manager/truth_flight_b_strong_recovery_forward_speed_mps: 0.4
 * /stair_transition_manager/truth_landing_recenter_speed_mps: 0.75
 * /stair_transition_manager/truth_two_stage_guide: True
 * /stair_transition_manager/two_flight_stair: True
 * /stair_transition_manager/upper_landing_clearance_grace_sec: 15.0
 * /stair_transition_manager/wait_for_second_floor_handoff: True
 * /stair_transition_manager/world_frame_ascent: True
 * /state_from_gazebo/robot_name: a1
 * /three_floor_rl_mission_supervisor/lobby_heading_stable_sec: 0.3
 * /three_floor_rl_mission_supervisor/lobby_initial_forward_speed_mps: 0.18
 * /three_floor_rl_mission_supervisor/lobby_linear_acceleration_mps2: 0.55
 * /three_floor_rl_mission_supervisor/minimum_upright_duration_sec: 0.6
 * /three_floor_rl_mission_supervisor/minimum_upright_z: 0.55
 * /three_floor_rl_mission_supervisor/mission_config: /tmp/simenv_bridg...
 * /three_floor_rl_mission_supervisor/mission_timeout_sec: 1800.0
 * /three_floor_rl_mission_supervisor/output_dir: /root/autodl-tmp/...
 * /three_floor_rl_mission_supervisor/plane_fast_takeover: True
 * /three_floor_rl_mission_supervisor/plane_fast_takeover_blend_seconds: 0.5
 * /three_floor_rl_mission_supervisor/plane_fast_takeover_zero_hold_seconds: 0.15
 * /three_floor_rl_mission_supervisor/plane_motion_start_ramp_initial_speed_mps: 0.3
 * /three_floor_rl_mission_supervisor/plane_motion_start_ramp_minimum_upright_z: 0.985
 * /three_floor_rl_mission_supervisor/plane_motion_start_ramp_seconds: 3.0
 * /three_floor_rl_mission_supervisor/progress_timeout_sec: 20.0
 * /unpause_after_controllers/controller_namespace: /a1_gazebo
 * /unpause_after_controllers/load_window_seconds: 2.0
 * /unpause_after_controllers/timeout: 120
 * /use_sim_time: True
 * /world_file: /tmp/simenv_bridg...

NODES
  /
    building_control (building_generator_classic/building_generator_classic_control)
    closed_loop_controller (scan_planner/closed_loop_controller)
    gazebo (gazebo_ros/gzserver)
    junior_ctrl (simenv_bridge/classic_trotting_controller.py)
    open_mapping_entrance (simenv_competitor/open_mapping_entrance.py)
    rl_floor_command_mux (simenv_bridge/rl_floor_command_mux.py)
    robot_state_publisher (robot_state_publisher/robot_state_publisher)
    scan_planner_node (scan_planner/scan_planner_node)
    scanplanner_plane_rl_bootstrap (simenv_competitor/controller_mode_bootstrap.py)
    scanplanner_pointcloud_bridge (simenv_bridge/scanplanner_pointcloud_bridge.py)
    scanplanner_red_ball_detector (simenv_bridge/danger_detector.py)
    scanplanner_three_floor_goal_sequencer (simenv_bridge/scanplanner_three_floor_goal_sequencer.py)
    second_to_third_floor_stair_manager (simenv_bridge/stair_transition_manager.py)
    stair_descent_manager (simenv_bridge/stair_descent_manager.py)
    stair_transition_manager (simenv_bridge/stair_transition_manager.py)
    state_from_gazebo (unitree_guide/state_from_gazebo)
    three_floor_rl_mission_supervisor (simenv_bridge/three_floor_rl_mission_supervisor.py)
    unpause_after_controllers (simenv_competitor/unpause_after_controllers.py)
    urdf_spawner (gazebo_ros/spawn_model)
  /a1_gazebo/
    controller_spawner (controller_manager/spawner)
[WARN] [1788297729.726245109]: [closed_loop_controller] ready.
hit: 1.7346
miss: -0.847298
min log: -1.99243
max: 3.89182
thresh log: 1.38629
Using junior_ctrl: /root/autodl-tmp/code/restore/0803b/overall_l0829/SimEnv-master/devel_native_oblique/lib/unitree_guide/junior_ctrl
Waiting for Gazebo A1 joint state and trunk IMU before junior_ctrl
[ERROR] [1788297733.727050837]: GetModelState: model [a1_gazebo] does not exist
[INFO] [1788297730.904148693]: Finished loading Gazebo ROS API Plugin.
[INFO] [1788297730.907832912]: waitForService: Service [/gazebo/set_physics_properties] has not been advertised, waiting...
[INFO] [1788297733.452289225]: waitForService: Service [/gazebo/set_physics_properties] is now available.
[INFO] [1788297733.734164356]: Physics dynamic reconfigure ready.
[INFO] [1788297734.043288621]: <initialOrientationAsReference> is unset, using default value of false to comply with REP 145 (world as orientation reference)
[INFO] [1788297734.043412358]: <robotNamespace> set to: //
[INFO] [1788297734.043452203]: <topicName> set to: trunk_imu
[INFO] [1788297734.043478585]: <frameName> set to: imu_link
[INFO] [1788297734.043550018]: <updateRateHZ> set to: 1000
[INFO] [1788297734.043605976]: <gaussianNoise> set to: 0
[INFO] [1788297734.043683758]: <xyzOffset> set to: 0 0 0
[INFO] [1788297734.043769034]: <rpyOffset> set to: 0 -0 0
[INFO] [1788297734.081156208]: load csv file name:/root/autodl-tmp/code/restore/0803b/SimEnv/src/unitree_guide/unitree_ros/robots/a1_description/scan_mode/mid360_stable.csv
cannot convert str:
data size:2500
[INFO] [1788297730.469139, 0.000000]: Waiting to open mapping entrance main_entrance
[INFO] [1788297735.488291, 0.000000]: Mapping entrance ready: door 'main_entrance' set to open
[INFO] [1788297730.571171, 0.000000]: Loading model XML from ros parameter robot_description
[INFO] [1788297730.584804, 0.000000]: Waiting for service /gazebo/spawn_urdf_model
[INFO] [1788297733.640413, 0.000000]: Calling service /gazebo/spawn_urdf_model
[INFO] [1788297735.475753, 0.000000]: Spawn status: SpawnModel: Successfully spawned entity
[INFO] [1788297735.479755, 0.000000]: Waiting for service /gazebo/set_model_configuration
[INFO] [1788297735.488084, 0.000000]: temporary hack to **fix** the -J joint position option (issue #93), sleeping for 1 second to avoid race condition.
[INFO] [1788297736.493145, 0.000000]: Calling service /gazebo/set_model_configuration
[INFO] [1788297736.501183, 0.000000]: Set model configuration status: SetModelConfiguration: success
[INFO] [1788297738.971483, 0.000000]: Gazebo unpaused after 2.0 s paused controller-load window
[INFO] [1788297738.978914, 0.003000]: All 13 A1 controllers reached running state
A1 sensors and 12 joint controllers are ready; starting classic junior_ctrl
[WARNING] Could not enable SCHED_FIFO scheduler: Operation not permitted. Controller will continue with the normal scheduler.
The control interface for ROS Gazebo simulation
robot_name: a1
controller dt: 0.004 s, frequency: 250.000 Hz
classic gait profile=trot period=0.550s stance_ratio=0.650
/workspace/SimEnv/src/unitree_guide/logs/policy_act_inference_plane.pt
cuda::is_available():1
RL inference device: cpu (requested=hybrid, policy=plane)
[INFO] RL policy resident in preload cache: /workspace/SimEnv/src/unitree_guide/logs/policy_act_inference_plane.pt
cuda::is_available():1
RL inference device: cpu (requested=hybrid, policy=plane)
load model is successed!
load model to device!
[INFO] UNITREE_RL_PRELOAD_PLANE_POLICY already cached: /workspace/SimEnv/src/unitree_guide/logs/policy_act_inference_plane.pt
cuda::is_available():1
RL inference device: cuda (requested=hybrid, policy=stair)
[INFO] RL policy resident in preload cache: /workspace/SimEnv/src/unitree_guide/logs/policy_act_inference_stair.pt
[INFO] UNITREE_RL_PRELOAD_STAIR_POLICY preloaded: /workspace/SimEnv/src/unitree_guide/logs/policy_act_inference_stair.pt
[INFO] RL observation source: trunk IMU and joint states (no ground truth).
[INFO] Autonomous startup: entering fixed stand (hold until /joy RL).
Switched from passive to fixed stand
[INFO] [1788297740.885297655, 1.190000000]: [SCANReplanFSM] Set RViz goal height from initial body_pose z: 0.131
[FSM]: state: INIT
wait for goal.
[FSM]: state: INIT
wait for goal.
Warning: TF_REPEATED_DATA ignoring data with redundant timestamp for frame sliding_map (parent world) at time 3.293000 according to authority /scan_planner_node
         at line 277 in /tmp/binarydeb/ros-noetic-tf2-0.7.10/src/buffer_core.cpp
[FSM]: state: INIT
wait for goal.
[FSM]: state: INIT
wait for goal.
[INFO] Hold-stand released; RL requested.
Switched from fixed stand to RL
[INFO] Entered RL /cmd_vel mode.
[FSM]: state: INIT
wait for goal.
[FSM]: state: INIT
wait for goal.
[FSM]: state: INIT
wait for goal.
[FSM]: state: INIT
wait for goal.
[FSM]: state: INIT
wait for goal.
[FSM]: state: INIT
wait for goal.
[INFO] [1788297749.180834125, 5.807000000]: RL policy input vx=0.000 vy=0.000 wz=0.000 action_rms=0.321 ready=0 userCmd=0 kbd=0 raw=0.000,0.000,0.000 grav=-0.02,-0.00,-0.98
[INFO] [1788297753.133580708, 7.822000000]: RL policy input vx=0.000 vy=0.000 wz=0.000 action_rms=0.196 ready=0 userCmd=0 kbd=0 raw=0.000,0.000,0.000 grav=-0.02,0.06,-0.98
[INFO] [1788297756.890836740, 9.829000000]: RL policy input vx=0.000 vy=0.000 wz=0.000 action_rms=0.147 ready=0 userCmd=0 kbd=0 raw=0.000,0.000,0.000 grav=-0.01,0.01,-0.98
[INFO] [1788297759.634429918, 11.228000000]: RL locomotion_ready latched after 5.52 s takeover and 5.42 s stable hold
cuda::is_available():1
RL inference device: cuda (requested=hybrid, policy=stair)
[INFO] RL policy hot-switched from preload cache: /workspace/SimEnv/src/unitree_guide/logs/policy_act_inference_stair.pt
[FSM]: state: INIT
wait for goal.
[FSM]: state: INIT
wait for goal.
[FSM]: state: INIT
wait for goal.
[FSM]: state: INIT
wait for goal.
[FSM]: state: INIT
wait for goal.
[FSM]: state: INIT
wait for goal.
[FSM]: state: INIT
wait for goal.
[FSM]: state: INIT
wait for goal.
[FSM]: state: INIT
wait for goal.
[FSM]: state: INIT
wait for goal.
[FSM]: state: INIT
wait for goal.
[FSM]: state: INIT
wait for goal.
[FSM]: state: INIT
wait for goal.
[FSM]: state: INIT
wait for goal.
[FSM]: state: INIT
wait for goal.
[WARN] [1788297789.328251939, 26.987000000]: Using one-shot plane RL takeover profile: blend 0.50 s, zero hold 0.15 s
[INFO] [1788297760.711485777, 11.842000000]: RL policy input vx=0.000 vy=0.000 wz=0.000 action_rms=0.163 ready=0 userCmd=0 kbd=0 raw=0.000,0.000,0.000 grav=0.01,0.02,-0.98
[INFO] [1788297764.407549648, 13.844000000]: RL policy input vx=0.000 vy=0.000 wz=0.000 action_rms=0.147 ready=0 userCmd=0 kbd=0 raw=0.000,0.000,0.000 grav=-0.01,0.02,-0.98
[INFO] [1788297767.966894492, 15.849000000]: RL policy input vx=0.000 vy=0.000 wz=0.000 action_rms=0.146 ready=0 userCmd=0 kbd=0 raw=0.000,0.000,0.000 grav=-0.02,0.02,-0.98
[INFO] [1788297769.546315994, 16.794000000]: RL locomotion_ready latched after 5.52 s takeover and 5.18 s stable hold
[INFO] [1788297771.358424363, 17.863000000]: RL policy input vx=0.348 vy=-0.007 wz=0.008 action_rms=0.187 ready=1 userCmd=0 kbd=0 raw=0.348,-0.007,0.008 grav=-0.01,0.01,-0.98
[INFO] [1788297775.454774644, 19.883000000]: RL policy input vx=0.521 vy=-0.028 wz=-0.053 action_rms=0.337 ready=1 userCmd=0 kbd=0 raw=0.521,-0.028,-0.053 grav=-0.01,-0.04,-0.98
[INFO] [1788297779.446694423, 21.883000000]: RL policy input vx=0.414 vy=-0.076 wz=-0.040 action_rms=0.202 ready=1 userCmd=0 kbd=0 raw=0.414,-0.076,-0.040 grav=-0.00,0.01,-0.98
[INFO] [1788297783.287202128, 23.899000000]: RL policy input vx=0.420 vy=-0.020 wz=-0.050 action_rms=0.179 ready=1 userCmd=0 kbd=0 raw=0.420,-0.020,-0.050 grav=0.01,0.02,-0.98
[INFO] [1788297787.191430537, 25.917000000]: RL policy input vx=0.420 vy=0.016 wz=-0.038 action_rms=0.193 ready=1 userCmd=0 kbd=0 raw=0.420,0.016,-0.038 grav=0.18,-0.03,-0.96
cuda::is_available():1
RL inference device: cpu (requested=hybrid, policy=plane)
[INFO] RL policy hot-switched from preload cache: /workspace/SimEnv/src/unitree_guide/logs/policy_act_inference_plane.pt
[FSM]: state: INIT
wait for goal.
[FSM]: state: INIT
wait for goal.
[FSM]: state: INIT
wait for goal.
[FSM]: state: INIT
wait for goal.
Warning: TF_REPEATED_DATA ignoring data with redundant timestamp for frame sliding_map (parent world) at time 31.606000 according to authority /scan_planner_node
         at line 277 in /tmp/binarydeb/ros-noetic-tf2-0.7.10/src/buffer_core.cpp
[FSM]: state: INIT
wait for goal.
[FSM]: state: INIT
wait for goal.
[FSM]: state: INIT
wait for goal.
[FSM]: state: INIT
wait for goal.
[FSM]: state: INIT
wait for goal.
[FSM]: state: INIT
wait for goal.
Warning: TF_REPEATED_DATA ignoring data with redundant timestamp for frame sliding_map (parent world) at time 38.993000 according to authority /scan_planner_node
         at line 277 in /tmp/binarydeb/ros-noetic-tf2-0.7.10/src/buffer_core.cpp
Warning: TF_REPEATED_DATA ignoring data with redundant timestamp for frame sliding_map (parent world) at time 39.198000 according to authority /scan_planner_node
         at line 277 in /tmp/binarydeb/ros-noetic-tf2-0.7.10/src/buffer_core.cpp
[FSM]: state: INIT
wait for goal.
[FSM]: state: INIT
wait for goal.
[FSM]: state: INIT
wait for goal.
[FSM]: state: INIT
wait for goal.
Warning: TF_REPEATED_DATA ignoring data with redundant timestamp for frame sliding_map (parent world) at time 43.795000 according to authority /scan_planner_node
         at line 277 in /tmp/binarydeb/ros-noetic-tf2-0.7.10/src/buffer_core.cpp
[FSM]: state: INIT
wait for goal.
Warning: TF_REPEATED_DATA ignoring data with redundant timestamp for frame sliding_map (parent world) at time 43.996000 according to authority /scan_planner_node
         at line 277 in /tmp/binarydeb/ros-noetic-tf2-0.7.10/src/buffer_core.cpp
[FSM]: state: INIT
wait for goal.
Warning: TF_REPEATED_DATA ignoring data with redundant timestamp for frame sliding_map (parent world) at time 45.204000 according to authority /scan_planner_node
         at line 277 in /tmp/binarydeb/ros-noetic-tf2-0.7.10/src/buffer_core.cpp
[FSM]: state: INIT
wait for goal.
[FSM]: state: INIT
wait for goal.
Warning: TF_REPEATED_DATA ignoring data with redundant timestamp for frame sliding_map (parent world) at time 48.599000 according to authority /scan_planner_node
         at line 277 in /tmp/binarydeb/ros-noetic-tf2-0.7.10/src/buffer_core.cpp
[FSM]: state: INIT
wait for goal.
Warning: TF_REPEATED_DATA ignoring data with redundant timestamp for frame sliding_map (parent world) at time 49.700000 according to authority /scan_planner_node
         at line 277 in /tmp/binarydeb/ros-noetic-tf2-0.7.10/src/buffer_core.cpp
[FSM]: state: INIT
wait for goal.
[FSM]: state: INIT
wait for goal.
Warning: TF_REPEATED_DATA ignoring data with redundant timestamp for frame sliding_map (parent world) at time 51.196000 according to authority /scan_planner_node
         at line 277 in /tmp/binarydeb/ros-noetic-tf2-0.7.10/src/buffer_core.cpp
Warning: TF_REPEATED_DATA ignoring data with redundant timestamp for frame sliding_map (parent world) at time 51.601000 according to authority /scan_planner_node
         at line 277 in /tmp/binarydeb/ros-noetic-tf2-0.7.10/src/buffer_core.cpp
Warning: TF_REPEATED_DATA ignoring data with redundant timestamp for frame sliding_map (parent world) at time 52.206000 according to authority /scan_planner_node
         at line 277 in /tmp/binarydeb/ros-noetic-tf2-0.7.10/src/buffer_core.cpp
Warning: TF_REPEATED_DATA ignoring data with redundant timestamp for frame sliding_map (parent world) at time 52.401000 according to authority /scan_planner_node
         at line 277 in /tmp/binarydeb/ros-noetic-tf2-0.7.10/src/buffer_core.cpp
[FSM]: state: INIT
wait for goal.
Warning: TF_REPEATED_DATA ignoring data with redundant timestamp for frame sliding_map (parent world) at time 53.194000 according to authority /scan_planner_node
         at line 277 in /tmp/binarydeb/ros-noetic-tf2-0.7.10/src/buffer_core.cpp
Warning: TF_REPEATED_DATA ignoring data with redundant timestamp for frame sliding_map (parent world) at time 53.395000 according to authority /scan_planner_node
         at line 277 in /tmp/binarydeb/ros-noetic-tf2-0.7.10/src/buffer_core.cpp
[FSM]: state: INIT
wait for goal.
Warning: TF_REPEATED_DATA ignoring data with redundant timestamp for frame sliding_map (parent world) at time 54.608000 according to authority /scan_planner_node
         at line 277 in /tmp/binarydeb/ros-noetic-tf2-0.7.10/src/buffer_core.cpp
Warning: TF_REPEATED_DATA ignoring data with redundant timestamp for frame sliding_map (parent world) at time 54.800000 according to authority /scan_planner_node
         at line 277 in /tmp/binarydeb/ros-noetic-tf2-0.7.10/src/buffer_core.cpp
[FSM]: state: INIT
wait for goal.
Warning: TF_REPEATED_DATA ignoring data with redundant timestamp for frame sliding_map (parent world) at time 54.995000 according to authority /scan_planner_node
         at line 277 in /tmp/binarydeb/ros-noetic-tf2-0.7.10/src/buffer_core.cpp
Warning: TF_REPEATED_DATA ignoring data with redundant timestamp for frame sliding_map (parent world) at time 55.200000 according to authority /scan_planner_node
         at line 277 in /tmp/binarydeb/ros-noetic-tf2-0.7.10/src/buffer_core.cpp
[FSM]: state: INIT
wait for goal.
Warning: TF_REPEATED_DATA ignoring data with redundant timestamp for frame sliding_map (parent world) at time 56.099000 according to authority /scan_planner_node
         at line 277 in /tmp/binarydeb/ros-noetic-tf2-0.7.10/src/buffer_core.cpp
Warning: TF_REPEATED_DATA ignoring data with redundant timestamp for frame sliding_map (parent world) at time 56.298000 according to authority /scan_planner_node
         at line 277 in /tmp/binarydeb/ros-noetic-tf2-0.7.10/src/buffer_core.cpp
[FSM]: state: INIT
wait for goal.
Warning: TF_REPEATED_DATA ignoring data with redundant timestamp for frame sliding_map (parent world) at time 57.700000 according to authority /scan_planner_node
         at line 277 in /tmp/binarydeb/ros-noetic-tf2-0.7.10/src/buffer_core.cpp
[FSM]: state: INIT
wait for goal.
[FSM]: state: INIT
wait for goal.
Warning: TF_REPEATED_DATA ignoring data with redundant timestamp for frame sliding_map (parent world) at time 59.694000 according to authority /scan_planner_node
         at line 277 in /tmp/binarydeb/ros-noetic-tf2-0.7.10/src/buffer_core.cpp
Warning: TF_REPEATED_DATA ignoring data with redundant timestamp for frame sliding_map (parent world) at time 60.294000 according to authority /scan_planner_node
         at line 277 in /tmp/binarydeb/ros-noetic-tf2-0.7.10/src/buffer_core.cpp
Warning: TF_REPEATED_DATA ignoring data with redundant timestamp for frame sliding_map (parent world) at time 60.606000 according to authority /scan_planner_node
         at line 277 in /tmp/binarydeb/ros-noetic-tf2-0.7.10/src/buffer_core.cpp
Warning: TF_REPEATED_DATA ignoring data with redundant timestamp for frame sliding_map (parent world) at time 60.805000 according to authority /scan_planner_node
         at line 277 in /tmp/binarydeb/ros-noetic-tf2-0.7.10/src/buffer_core.cpp
[FSM]: state: INIT
wait for goal.
[FSM]: state: INIT
wait for goal.
[FSM]: state: INIT
wait for goal.
Warning: TF_REPEATED_DATA ignoring data with redundant timestamp for frame sliding_map (parent world) at time 63.495000 according to authority /scan_planner_node
         at line 277 in /tmp/binarydeb/ros-noetic-tf2-0.7.10/src/buffer_core.cpp
[FSM]: state: INIT
wait for goal.
Warning: TF_REPEATED_DATA ignoring data with redundant timestamp for frame sliding_map (parent world) at time 65.095000 according to authority /scan_planner_node
         at line 277 in /tmp/binarydeb/ros-noetic-tf2-0.7.10/src/buffer_core.cpp
[FSM]: state: INIT
wait for goal.
Warning: TF_REPEATED_DATA ignoring data with redundant timestamp for frame sliding_map (parent world) at time 65.800000 according to authority /scan_planner_node
         at line 277 in /tmp/binarydeb/ros-noetic-tf2-0.7.10/src/buffer_core.cpp
[FSM]: state: INIT
wait for goal.
[FSM]: state: INIT
wait for goal.
Warning: TF_REPEATED_DATA ignoring data with redundant timestamp for frame sliding_map (parent world) at time 67.994000 according to authority /scan_planner_node
         at line 277 in /tmp/binarydeb/ros-noetic-tf2-0.7.10/src/buffer_core.cpp
[FSM]: state: INIT
wait for goal.
[FSM]: state: INIT
wait for goal.
Warning: TF_REPEATED_DATA ignoring data with redundant timestamp for frame sliding_map (parent world) at time 70.297000 according to authority /scan_planner_node
         at line 277 in /tmp/binarydeb/ros-noetic-tf2-0.7.10/src/buffer_core.cpp
[FSM]: state: INIT
wait for goal.
Warning: TF_REPEATED_DATA ignoring data with redundant timestamp for frame sliding_map (parent world) at time 72.009000 according to authority /scan_planner_node
         at line 277 in /tmp/binarydeb/ros-noetic-tf2-0.7.10/src/buffer_core.cpp
[INFO] [1788297790.745588258, 27.654000000]: RL locomotion_ready latched after 0.67 s takeover and 0.45 s stable hold
[INFO] [1788297791.303111150, 27.933000000]: RL policy input vx=0.225 vy=-0.029 wz=-0.064 action_rms=0.155 ready=1 userCmd=0 kbd=0 raw=0.225,-0.029,-0.064 grav=-0.00,0.00,-0.98
[INFO] [1788297795.137039297, 29.948000000]: RL policy input vx=2.250 vy=-0.043 wz=-0.021 action_rms=0.360 ready=1 userCmd=0 kbd=0 raw=2.250,-0.043,-0.021 grav=0.04,0.05,-0.98
[INFO] [1788297799.073968894, 31.962000000]: RL policy input vx=2.246 vy=-0.128 wz=-0.063 action_rms=0.237 ready=1 userCmd=0 kbd=0 raw=2.246,-0.128,-0.063 grav=0.01,0.02,-0.98
[INFO] [1788297802.879416990, 33.979000000]: RL policy input vx=2.249 vy=-0.052 wz=-0.025 action_rms=0.406 ready=1 userCmd=0 kbd=0 raw=2.249,-0.052,-0.025 grav=-0.04,-0.08,-0.98
[INFO] [1788297806.979969819, 35.990000000]: RL policy input vx=1.891 vy=0.061 wz=0.036 action_rms=0.449 ready=1 userCmd=0 kbd=0 raw=1.891,0.061,0.036 grav=0.04,0.01,-0.98
[INFO] [1788297810.568038299, 37.999000000]: RL policy input vx=0.317 vy=0.116 wz=0.387 action_rms=0.207 ready=1 userCmd=0 kbd=0 raw=0.317,0.116,0.387 grav=0.00,0.02,-0.98
[INFO] [1788297813.847347335, 40.005000000]: RL policy input vx=0.447 vy=0.000 wz=0.129 action_rms=0.242 ready=1 userCmd=0 kbd=0 raw=0.447,0.000,0.129 grav=-0.01,-0.04,-0.98
[INFO] [1788297817.199168903, 42.012000000]: RL policy input vx=0.450 vy=0.000 wz=0.018 action_rms=0.159 ready=1 userCmd=0 kbd=0 raw=0.450,0.000,0.018 grav=0.01,-0.02,-0.98
[INFO] [1788297821.027442183, 44.024000000]: RL policy input vx=2.133 vy=-0.228 wz=-0.117 action_rms=0.359 ready=1 userCmd=0 kbd=0 raw=2.133,-0.228,-0.117 grav=-0.05,-0.02,-0.98
[INFO] [1788297824.838441486, 46.027000000]: RL policy input vx=0.598 vy=0.030 wz=0.056 action_rms=0.162 ready=1 userCmd=0 kbd=0 raw=0.598,0.030,0.056 grav=0.04,-0.07,-0.98
[INFO] [1788297829.150490151, 48.031000000]: RL policy input vx=0.000 vy=0.000 wz=2.400 action_rms=0.197 ready=1 userCmd=0 kbd=0 raw=0.000,0.000,2.400 grav=0.00,0.03,-0.98
[INFO] [1788297832.702074547, 50.038000000]: RL policy input vx=0.000 vy=0.000 wz=-1.150 action_rms=0.266 ready=1 userCmd=0 kbd=0 raw=0.000,0.000,-1.150 grav=0.01,0.00,-0.98
[INFO] [1788297836.302966921, 52.043000000]: RL policy input vx=0.891 vy=-0.235 wz=-0.284 action_rms=0.163 ready=1 userCmd=0 kbd=0 raw=0.891,-0.235,-0.284 grav=0.02,-0.08,-0.98
[INFO] [1788297839.602703387, 54.047000000]: RL policy input vx=0.000 vy=0.000 wz=-2.323 action_rms=0.245 ready=1 userCmd=0 kbd=0 raw=0.000,0.000,-2.323 grav=0.02,-0.01,-0.98
[INFO] [1788297843.135545808, 56.052000000]: RL policy input vx=0.938 vy=-0.750 wz=-0.742 action_rms=0.357 ready=1 userCmd=0 kbd=0 raw=0.938,-0.750,-0.742 grav=-0.03,0.00,-0.98
[INFO] [1788297846.452551803, 58.070000000]: RL policy input vx=0.297 vy=-0.045 wz=-0.167 action_rms=0.146 ready=1 userCmd=0 kbd=0 raw=0.297,-0.045,-0.167 grav=0.04,-0.02,-0.98
[INFO] [1788297849.991645319, 60.072000000]: RL policy input vx=0.448 vy=0.000 wz=-0.103 action_rms=0.232 ready=1 userCmd=0 kbd=0 raw=0.448,0.000,-0.103 grav=-0.01,-0.01,-0.98
[INFO] [1788297853.576113984, 62.087000000]: RL policy input vx=0.449 vy=0.000 wz=-0.068 action_rms=0.156 ready=1 userCmd=0 kbd=0 raw=0.449,0.000,-0.068 grav=0.01,-0.02,-0.98
[INFO] [1788297857.145699933, 64.101000000]: RL policy input vx=0.421 vy=0.005 wz=0.013 action_rms=0.250 ready=1 userCmd=0 kbd=0 raw=0.421,0.005,0.013 grav=0.02,-0.01,-0.98
[INFO] [1788297861.199147480, 66.118000000]: RL policy input vx=0.450 vy=0.000 wz=0.008 action_rms=0.156 ready=1 userCmd=0 kbd=0 raw=0.450,0.000,0.008 grav=0.01,-0.01,-0.98
[INFO] [1788297865.334147866, 68.132000000]: RL policy input vx=0.313 vy=0.000 wz=-0.028 action_rms=0.280 ready=1 userCmd=0 kbd=0 raw=0.313,0.000,-0.028 grav=0.00,-0.02,-0.98
[INFO] [1788297869.782583225, 70.150000000]: RL policy input vx=0.379 vy=0.077 wz=0.220 action_rms=0.201 ready=1 userCmd=0 kbd=0 raw=0.379,0.077,0.220 grav=0.02,0.01,-0.98
[INFO] [1788297873.486460797, 72.167000000]: RL policy input vx=2.035 vy=-0.678 wz=-0.354 action_rms=0.268 ready=1 userCmd=0 kbd=0 ra[FSM]: state: INIT
wait for goal.
Warning: TF_REPEATED_DATA ignoring data with redundant timestamp for frame sliding_map (parent world) at time 73.396000 according to authority /scan_planner_node
         at line 277 in /tmp/binarydeb/ros-noetic-tf2-0.7.10/src/buffer_core.cpp
[FSM]: state: INIT
wait for goal.
Warning: TF_REPEATED_DATA ignoring data with redundant timestamp for frame sliding_map (parent world) at time 74.798000 according to authority /scan_planner_node
         at line 277 in /tmp/binarydeb/ros-noetic-tf2-0.7.10/src/buffer_core.cpp
[FSM]: state: INIT
wait for goal.
Warning: TF_REPEATED_DATA ignoring data with redundant timestamp for frame sliding_map (parent world) at time 75.396000 according to authority /scan_planner_node
         at line 277 in /tmp/binarydeb/ros-noetic-tf2-0.7.10/src/buffer_core.cpp
Warning: TF_REPEATED_DATA ignoring data with redundant timestamp for frame sliding_map (parent world) at time 75.595000 according to authority /scan_planner_node
         at line 277 in /tmp/binarydeb/ros-noetic-tf2-0.7.10/src/buffer_core.cpp
Warning: TF_REPEATED_DATA ignoring data with redundant timestamp for frame sliding_map (parent world) at time 75.700000 according to authority /scan_planner_node
         at line 277 in /tmp/binarydeb/ros-noetic-tf2-0.7.10/src/buffer_core.cpp
Warning: TF_REPEATED_DATA ignoring data with redundant timestamp for frame sliding_map (parent world) at time 76.193000 according to authority /scan_planner_node
         at line 277 in /tmp/binarydeb/ros-noetic-tf2-0.7.10/src/buffer_core.cpp
[FSM]: state: INIT
wait for goal.
Warning: TF_REPEATED_DATA ignoring data with redundant timestamp for frame sliding_map (parent world) at time 76.796000 according to authority /scan_planner_node
         at line 277 in /tmp/binarydeb/ros-noetic-tf2-0.7.10/src/buffer_core.cpp
[FSM]: state: INIT
wait for goal.
Warning: TF_REPEATED_DATA ignoring data with redundant timestamp for frame sliding_map (parent world) at time 78.299000 according to authority /scan_planner_node
         at line 277 in /tmp/binarydeb/ros-noetic-tf2-0.7.10/src/buffer_core.cpp
[FSM]: state: INIT
wait for goal.
[FSM]: state: INIT
wait for goal.
Warning: TF_REPEATED_DATA ignoring data with redundant timestamp for frame sliding_map (parent world) at time 80.999000 according to authority /scan_planner_node
         at line 277 in /tmp/binarydeb/ros-noetic-tf2-0.7.10/src/buffer_core.cpp
[FSM]: state: INIT
wait for goal.
[FSM]: state: INIT
wait for goal.
Warning: TF_REPEATED_DATA ignoring data with redundant timestamp for frame sliding_map (parent world) at time 82.598000 according to authority /scan_planner_node
         at line 277 in /tmp/binarydeb/ros-noetic-tf2-0.7.10/src/buffer_core.cpp
[FSM]: state: INIT
wait for goal.
[FSM]: state: INIT
wait for goal.
[FSM]: state: INIT
wait for goal.
Warning: TF_REPEATED_DATA ignoring data with redundant timestamp for frame sliding_map (parent world) at time 86.594000 according to authority /scan_planner_node
         at line 277 in /tmp/binarydeb/ros-noetic-tf2-0.7.10/src/buffer_core.cpp
[FSM]: state: INIT
wait for goal.
Warning: TF_REPEATED_DATA ignoring data with redundant timestamp for frame sliding_map (parent world) at time 87.206000 according to authority /scan_planner_node
         at line 277 in /tmp/binarydeb/ros-noetic-tf2-0.7.10/src/buffer_core.cpp
[FSM]: state: INIT
wait for goal.
Warning: TF_REPEATED_DATA ignoring data with redundant timestamp for frame sliding_map (parent world) at time 88.705000 according to authority /scan_planner_node
         at line 277 in /tmp/binarydeb/ros-noetic-tf2-0.7.10/src/buffer_core.cpp
[FSM]: state: INIT
wait for goal.
Warning: TF_REPEATED_DATA ignoring data with redundant timestamp for frame sliding_map (parent world) at time 89.904000 according to authority /scan_planner_node
         at line 277 in /tmp/binarydeb/ros-noetic-tf2-0.7.10/src/buffer_core.cpp
Warning: TF_REPEATED_DATA ignoring data with redundant timestamp for frame sliding_map (parent world) at time 90.100000 according to authority /scan_planner_node
         at line 277 in /tmp/binarydeb/ros-noetic-tf2-0.7.10/src/buffer_core.cpp
[FSM]: state: INIT
wait for goal.
Warning: TF_REPEATED_DATA ignoring data with redundant timestamp for frame sliding_map (parent world) at time 91.203000 according to authority /scan_planner_node
         at line 277 in /tmp/binarydeb/ros-noetic-tf2-0.7.10/src/buffer_core.cpp
Warning: TF_REPEATED_DATA ignoring data with redundant timestamp for frame sliding_map (parent world) at time 91.494000 according to authority /scan_planner_node
         at line 277 in /tmp/binarydeb/ros-noetic-tf2-0.7.10/src/buffer_core.cpp
[FSM]: state: INIT
wait for goal.
Warning: TF_REPEATED_DATA ignoring data with redundant timestamp for frame sliding_map (parent world) at time 92.207000 according to authority /scan_planner_node
         at line 277 in /tmp/binarydeb/ros-noetic-tf2-0.7.10/src/buffer_core.cpp
Warning: TF_REPEATED_DATA ignoring data with redundant timestamp for frame sliding_map (parent world) at time 92.396000 according to authority /scan_planner_node
         at line 277 in /tmp/binarydeb/ros-noetic-tf2-0.7.10/src/buffer_core.cpp
Warning: TF_REPEATED_DATA ignoring data with redundant timestamp for frame sliding_map (parent world) at time 92.794000 according to authority /scan_planner_node
         at line 277 in /tmp/binarydeb/ros-noetic-tf2-0.7.10/src/buffer_core.cpp
[FSM]: state: INIT
wait for goal.
Warning: TF_REPEATED_DATA ignoring data with redundant timestamp for frame sliding_map (parent world) at time 93.207000 according to authority /scan_planner_node
         at line 277 in /tmp/binarydeb/ros-noetic-tf2-0.7.10/src/buffer_core.cpp
Warning: TF_REPEATED_DATA ignoring data with redundant timestamp for frame sliding_map (parent world) at time 93.398000 according to authority /scan_planner_node
         at line 277 in /tmp/binarydeb/ros-noetic-tf2-0.7.10/src/buffer_core.cpp
[FSM]: state: INIT
wait for goal.
[FSM]: state: INIT
wait for goal.
Warning: TF_REPEATED_DATA ignoring data with redundant timestamp for frame sliding_map (parent world) at time 96.102000 according to authority /scan_planner_node
         at line 277 in /tmp/binarydeb/ros-noetic-tf2-0.7.10/src/buffer_core.cpp
[FSM]: state: INIT
wait for goal.
[FSM]: state: INIT
wait for goal.
Warning: TF_REPEATED_DATA ignoring data with redundant timestamp for frame sliding_map (parent world) at time 98.095000 according to authority /scan_planner_node
         at line 277 in /tmp/binarydeb/ros-noetic-tf2-0.7.10/src/buffer_core.cpp
[FSM]: state: INIT
wait for goal.
Warning: TF_REPEATED_DATA ignoring data with redundant timestamp for frame sliding_map (parent world) at time 99.906000 according to authority /scan_planner_node
         at line 277 in /tmp/binarydeb/ros-noetic-tf2-0.7.10/src/buffer_core.cpp
[FSM]: state: INIT
wait for goal.
[FSM]: state: INIT
wait for goal.
[FSM]: state: INIT
wait for goal.
[FSM]: state: INIT
wait for goal.
[FSM]: state: INIT
wait for goal.
[FSM]: state: INIT
wait for goal.
[FSM]: state: INIT
wait for goal.
[FSM]: state: INIT
wait for goal.
[FSM]: state: INIT
wait for goal.
[FSM]: state: INIT
wait for goal.
Warning: TF_REPEATED_DATA ignoring data with redundant timestamp for frame sliding_map (parent world) at time 110.994000 according to authority /scan_planner_node
         at line 277 in /tmp/binarydeb/ros-noetic-tf2-0.7.10/src/buffer_core.cpp
[FSM]: state: INIT
wait for goal.
[FSM]: state: INIT
wait for goal.
[FSM]: state: INIT
wait for goal.
[FSM]: state: INIT
wait for goal.
[FSM]: state: INIT
wait for goal.
Warning: TF_REPEATED_DATA ignoring data with redundant timestamp for frame sliding_map (parent world) at time 116.796000 according to authority /scan_planner_node
         at line 277 in /tmp/binarydeb/ros-noetic-tf2-0.7.10/src/buffer_core.cpp
[FSM]: state: INIT
wait for goal.
[FSM]: state: INIT
wait for goal.
Warning: TF_REPEATED_DATA ignoring data with redundant timestamp for frame sliding_map (parent world) at time 119.006000 according to authority /scan_planner_node
         at line 277 in /tmp/binarydeb/ros-noetic-tf2-0.7.10/src/buffer_core.cpp
[FSM]: state: INIT
wait for goal.
Warning: TF_REPEATED_DATA ignoring data with redundant timestamp for frame sliding_map (parent world) at time 119.994000 according to authority /scan_planner_node
         at line 277 in /tmp/binarydeb/ros-noetic-tf2-0.7.10/src/buffer_core.cpp
w=2.035,-0.678,-0.354 grav=-0.03,-0.05,-0.98
[INFO] [1788297876.780983034, 74.177000000]: RL policy input vx=0.854 vy=-0.049 wz=-0.063 action_rms=0.143 ready=1 userCmd=0 kbd=0 raw=0.854,-0.049,-0.063 grav=0.08,-0.08,-0.97
[INFO] [1788297880.207737177, 76.183000000]: RL policy input vx=0.000 vy=0.000 wz=-2.400 action_rms=0.206 ready=1 userCmd=0 kbd=0 raw=0.000,0.000,-2.400 grav=0.01,-0.01,-0.98
[INFO] [1788297884.378563040, 78.186000000]: RL policy input vx=0.000 vy=0.000 wz=-1.150 action_rms=0.186 ready=1 userCmd=0 kbd=0 raw=0.000,0.000,-1.150 grav=0.01,0.01,-0.98
[INFO] [1788297888.033738537, 80.197000000]: RL policy input vx=0.442 vy=-0.661 wz=-1.080 action_rms=0.173 ready=1 userCmd=0 kbd=0 raw=0.442,-0.661,-1.080 grav=-0.01,0.02,-0.98
[INFO] [1788297891.357400004, 82.218000000]: RL policy input vx=0.366 vy=-0.054 wz=-0.160 action_rms=0.168 ready=1 userCmd=0 kbd=0 raw=0.366,-0.054,-0.160 grav=0.04,-0.04,-0.98
[INFO] [1788297894.661251354, 84.234000000]: RL policy input vx=0.384 vy=-0.092 wz=-0.259 action_rms=0.283 ready=1 userCmd=0 kbd=0 raw=0.384,-0.092,-0.259 grav=0.02,-0.04,-0.98
[INFO] [1788297898.214674777, 86.249000000]: RL policy input vx=1.797 vy=-0.750 wz=-0.422 action_rms=0.239 ready=1 userCmd=0 kbd=0 raw=1.797,-0.750,-0.422 grav=-0.03,-0.10,-0.97
[INFO] [1788297901.671350631, 88.263000000]: RL policy input vx=0.296 vy=-0.050 wz=-0.186 action_rms=0.150 ready=1 userCmd=0 kbd=0 raw=0.296,-0.050,-0.186 grav=0.03,-0.02,-0.98
[INFO] [1788297904.776100585, 90.280000000]: RL policy input vx=0.387 vy=-0.021 wz=-0.060 action_rms=0.238 ready=1 userCmd=0 kbd=0 raw=0.387,-0.021,-0.060 grav=0.04,-0.03,-0.98
[INFO] [1788297908.451345411, 92.292000000]: RL policy input vx=0.000 vy=0.000 wz=2.400 action_rms=0.325 ready=1 userCmd=0 kbd=0 raw=0.000,0.000,2.400 grav=0.01,0.01,-0.98
[INFO] [1788297911.998472406, 94.301000000]: RL policy input vx=0.828 vy=0.750 wz=0.809 action_rms=0.207 ready=1 userCmd=0 kbd=0 raw=0.828,0.750,0.809 grav=-0.02,-0.02,-0.98
[INFO] [1788297915.446912500, 96.306000000]: RL policy input vx=0.296 vy=0.051 wz=0.187 action_rms=0.267 ready=1 userCmd=0 kbd=0 raw=0.296,0.051,0.187 grav=0.02,-0.01,-0.98
[INFO] [1788297919.230564182, 98.310000000]: RL policy input vx=0.449 vy=0.000 wz=0.067 action_rms=0.157 ready=1 userCmd=0 kbd=0 raw=0.449,0.000,0.067 grav=0.01,-0.03,-0.98
[INFO] [1788297923.066220129, 100.330000000]: RL policy input vx=0.450 vy=0.000 wz=-0.002 action_rms=0.280 ready=1 userCmd=0 kbd=0 raw=0.450,0.000,-0.002 grav=0.00,-0.02,-0.98
[INFO] [1788297927.030975726, 102.333000000]: RL policy input vx=0.291 vy=-0.489 wz=-1.137 action_rms=0.162 ready=1 userCmd=0 kbd=0 raw=0.291,-0.489,-1.137 grav=-0.01,0.02,-0.98
[INFO] [1788297930.498545645, 104.337000000]: RL policy input vx=2.217 vy=-0.383 wz=-0.188 action_rms=0.342 ready=1 userCmd=0 kbd=0 raw=2.217,-0.383,-0.188 grav=0.01,-0.00,-0.98
[INFO] [1788297933.842024321, 106.358000000]: RL policy input vx=2.247 vy=-0.125 wz=-0.061 action_rms=0.346 ready=1 userCmd=0 kbd=0 raw=2.247,-0.125,-0.061 grav=0.04,0.01,-0.98
[INFO] [1788297937.009885393, 108.373000000]: RL policy input vx=2.249 vy=0.057 wz=0.028 action_rms=0.343 ready=1 userCmd=0 kbd=0 raw=2.249,0.057,0.028 grav=0.03,0.01,-0.98
[INFO] [1788297940.276393537, 110.394000000]: RL policy input vx=0.956 vy=0.121 wz=0.139 action_rms=0.207 ready=1 userCmd=0 kbd=0 raw=0.956,0.121,0.139 grav=0.10,-0.07,-0.97
[INFO] [1788297943.566269423, 112.405000000]: RL policy input vx=0.000 vy=0.000 wz=0.540 action_rms=0.187 ready=1 userCmd=0 kbd=0 raw=0.000,0.000,0.540 grav=0.03,0.00,-0.98
[INFO] [1788297947.637750276, 114.421000000]: RL policy input vx=0.449 vy=0.000 wz=0.062 action_rms=0.163 ready=1 userCmd=0 kbd=0 raw=0.449,0.000,0.062 grav=0.00,-0.02,-0.98
[INFO] [1788297951.242622083, 116.432000000]: RL policy input vx=0.450 vy=0.000 wz=0.004 action_rms=0.281 ready=1 userCmd=0 kbd=0 raw=0.450,0.000,0.004 grav=0.01,-0.02,-0.98
[INFO] [1788297955.155674728, 118.434000000]: RL policy input vx=2.136 vy=0.198 wz=0.102 action_rms=0.373 ready=1 userCmd=0 kbd=0 raw=2.136,0.198,0.102 grav=-0.03,-0.01,-0.98
[INFO] [1788297958[FSM]: state: INIT
wait for goal.
[FSM]: state: INIT
wait for goal.
Warning: TF_REPEATED_DATA ignoring data with redundant timestamp for frame sliding_map (parent world) at time 122.295000 according to authority /scan_planner_node
         at line 277 in /tmp/binarydeb/ros-noetic-tf2-0.7.10/src/buffer_core.cpp
Warning: TF_REPEATED_DATA ignoring data with redundant timestamp for frame sliding_map (parent world) at time 122.495000 according to authority /scan_planner_node
         at line 277 in /tmp/binarydeb/ros-noetic-tf2-0.7.10/src/buffer_core.cpp
[FSM]: state: INIT
wait for goal.
Warning: TF_REPEATED_DATA ignoring data with redundant timestamp for frame sliding_map (parent world) at time 123.393000 according to authority /scan_planner_node
         at line 277 in /tmp/binarydeb/ros-noetic-tf2-0.7.10/src/buffer_core.cpp
Warning: TF_REPEATED_DATA ignoring data with redundant timestamp for frame sliding_map (parent world) at time 123.594000 according to authority /scan_planner_node
         at line 277 in /tmp/binarydeb/ros-noetic-tf2-0.7.10/src/buffer_core.cpp
Warning: TF_REPEATED_DATA ignoring data with redundant timestamp for frame sliding_map (parent world) at time 123.808000 according to authority /scan_planner_node
         at line 277 in /tmp/binarydeb/ros-noetic-tf2-0.7.10/src/buffer_core.cpp
Warning: TF_REPEATED_DATA ignoring data with redundant timestamp for frame sliding_map (parent world) at time 123.893000 according to authority /scan_planner_node
         at line 277 in /tmp/binarydeb/ros-noetic-tf2-0.7.10/src/buffer_core.cpp
Warning: TF_REPEATED_DATA ignoring data with redundant timestamp for frame sliding_map (parent world) at time 124.093000 according to authority /scan_planner_node
         at line 277 in /tmp/binarydeb/ros-noetic-tf2-0.7.10/src/buffer_core.cpp
[FSM]: state: INIT
wait for goal.
Warning: TF_REPEATED_DATA ignoring data with redundant timestamp for frame sliding_map (parent world) at time 124.595000 according to authority /scan_planner_node
         at line 277 in /tmp/binarydeb/ros-noetic-tf2-0.7.10/src/buffer_core.cpp
[FSM]: state: INIT
wait for goal.
[FSM]: state: INIT
wait for goal.
Warning: TF_REPEATED_DATA ignoring data with redundant timestamp for frame sliding_map (parent world) at time 126.993000 according to authority /scan_planner_node
         at line 277 in /tmp/binarydeb/ros-noetic-tf2-0.7.10/src/buffer_core.cpp
[FSM]: state: INIT
wait for goal.
Warning: TF_REPEATED_DATA ignoring data with redundant timestamp for frame sliding_map (parent world) at time 128.295000 according to authority /scan_planner_node
         at line 277 in /tmp/binarydeb/ros-noetic-tf2-0.7.10/src/buffer_core.cpp
Warning: TF_REPEATED_DATA ignoring data with redundant timestamp for frame sliding_map (parent world) at time 129.299000 according to authority /scan_planner_node
         at line 277 in /tmp/binarydeb/ros-noetic-tf2-0.7.10/src/buffer_core.cpp
[FSM]: state: INIT
wait for goal.
[FSM]: state: INIT
wait for goal.
Warning: TF_REPEATED_DATA ignoring data with redundant timestamp for frame sliding_map (parent world) at time 131.394000 according to authority /scan_planner_node
         at line 277 in /tmp/binarydeb/ros-noetic-tf2-0.7.10/src/buffer_core.cpp
[FSM]: state: INIT
wait for goal.
[FSM]: state: INIT
wait for goal.
[FSM]: state: INIT
wait for goal.
[FSM]: state: INIT
wait for goal.
[FSM]: state: INIT
wait for goal.
Warning: TF_REPEATED_DATA ignoring data with redundant timestamp for frame sliding_map (parent world) at time 137.200000 according to authority /scan_planner_node
         at line 277 in /tmp/binarydeb/ros-noetic-tf2-0.7.10/src/buffer_core.cpp
[FSM]: state: INIT
wait for goal.
Warning: TF_REPEATED_DATA ignoring data with redundant timestamp for frame sliding_map (parent world) at time 137.797000 according to authority /scan_planner_node
         at line 277 in /tmp/binarydeb/ros-noetic-tf2-0.7.10/src/buffer_core.cpp
[FSM]: state: INIT
wait for goal.
Warning: TF_REPEATED_DATA ignoring data with redundant timestamp for frame sliding_map (parent world) at time 139.693000 according to authority /scan_planner_node
         at line 277 in /tmp/binarydeb/ros-noetic-tf2-0.7.10/src/buffer_core.cpp
[FSM]: state: INIT
wait for goal.
[FSM]: state: INIT
wait for goal.
[FSM]: state: INIT
wait for goal.
Warning: TF_REPEATED_DATA ignoring data with redundant timestamp for frame sliding_map (parent world) at time 143.208000 according to authority /scan_planner_node
         at line 277 in /tmp/binarydeb/ros-noetic-tf2-0.7.10/src/buffer_core.cpp
[FSM]: state: INIT
wait for goal.
Warning: TF_REPEATED_DATA ignoring data with redundant timestamp for frame sliding_map (parent world) at time 143.599000 according to authority /scan_planner_node
         at line 277 in /tmp/binarydeb/ros-noetic-tf2-0.7.10/src/buffer_core.cpp
Warning: TF_REPEATED_DATA ignoring data with redundant timestamp for frame sliding_map (parent world) at time 144.197000 according to authority /scan_planner_node
         at line 277 in /tmp/binarydeb/ros-noetic-tf2-0.7.10/src/buffer_core.cpp
Warning: TF_REPEATED_DATA ignoring data with redundant timestamp for frame sliding_map (parent world) at time 144.595000 according to authority /scan_planner_node
         at line 277 in /tmp/binarydeb/ros-noetic-tf2-0.7.10/src/buffer_core.cpp
[FSM]: state: INIT
wait for goal.
Warning: TF_REPEATED_DATA ignoring data with redundant timestamp for frame sliding_map (parent world) at time 144.994000 according to authority /scan_planner_node
         at line 277 in /tmp/binarydeb/ros-noetic-tf2-0.7.10/src/buffer_core.cpp
Warning: TF_REPEATED_DATA ignoring data with redundant timestamp for frame sliding_map (parent world) at time 145.207000 according to authority /scan_planner_node
         at line 277 in /tmp/binarydeb/ros-noetic-tf2-0.7.10/src/buffer_core.cpp
Warning: TF_REPEATED_DATA ignoring data with redundant timestamp for frame sliding_map (parent world) at time 145.795000 according to authority /scan_planner_node
         at line 277 in /tmp/binarydeb/ros-noetic-tf2-0.7.10/src/buffer_core.cpp
[FSM]: state: INIT
wait for goal.
Warning: TF_REPEATED_DATA ignoring data with redundant timestamp for frame sliding_map (parent world) at time 146.600000 according to authority /scan_planner_node
         at line 277 in /tmp/binarydeb/ros-noetic-tf2-0.7.10/src/buffer_core.cpp
[FSM]: state: INIT
wait for goal.
Warning: TF_REPEATED_DATA ignoring data with redundant timestamp for frame sliding_map (parent world) at time 148.196000 according to authority /scan_planner_node
         at line 277 in /tmp/binarydeb/ros-noetic-tf2-0.7.10/src/buffer_core.cpp
[FSM]: state: INIT
wait for goal.
Warning: TF_REPEATED_DATA ignoring data with redundant timestamp for frame sliding_map (parent world) at time 148.393000 according to authority /scan_planner_node
         at line 277 in /tmp/binarydeb/ros-noetic-tf2-0.7.10/src/buffer_core.cpp
Warning: TF_REPEATED_DATA ignoring data with redundant timestamp for frame sliding_map (parent world) at time 148.807000 according to authority /scan_planner_node
         at line 277 in /tmp/binarydeb/ros-noetic-tf2-0.7.10/src/buffer_core.cpp
Warning: TF_REPEATED_DATA ignoring data with redundant timestamp for frame sliding_map (parent world) at time 148.899000 according to authority /scan_planner_node
         at line 277 in /tmp/binarydeb/ros-noetic-tf2-0.7.10/src/buffer_core.cpp
Warning: TF_REPEATED_DATA ignoring data with redundant timestamp for frame sliding_map (parent world) at time 149.294000 according to authority /scan_planner_node
         at line 277 in /tmp/binarydeb/ros-noetic-tf2-0.7.10/src/buffer_core.cpp
[FSM]: state: INIT
wait for goal.
Warning: TF_REPEATED_DATA ignoring data with redundant timestamp for frame sliding_map (parent world) at time 150.000000 according to authority /scan_planner_node
         at line 277 in /tmp/binarydeb/ros-noetic-tf2-0.7.10/src/buffer_core.cpp
Warning: TF_REPEATED_DATA ignoring data with redundant timestamp for frame sliding_map (parent world) at time 150.394000 according to authority /scan_planner_node
         at line 277 in /tmp/binarydeb/ros-noetic-tf2-0.7.10/src/buffer_core.cpp
[FSM]: state: INIT
wait for goal.
Warning: TF_REPEATED_DATA ignoring data with redundant timestamp for frame sliding_map (parent world) at time 151.394000 according to authority /scan_planner_node
         at line 277 in /tmp/binarydeb/ros-noetic-tf2-0.7.10/src/buffer_core.cpp
Warning: TF_REPEATED_DATA ignoring data with redundant timestamp for frame sliding_map (parent world) at time 151.898000 according to authority /scan_planner_node
         at line 277 in /tmp/binarydeb/ros-noetic-tf2-0.7.10/src/buffer_core.cpp
[FSM]: state: INIT
wait for goal.
Warning: TF_REPEATED_DATA ignoring data with redundant timestamp for frame sliding_map (parent world) at time 152.101000 according to authority /scan_planner_node
         at line 277 in /tmp/binarydeb/ros-noetic-tf2-0.7.10/src/buffer_core.cpp
Warning: TF_REPEATED_DATA ignoring data with redundant timestamp for frame sliding_map (parent world) at time 152.298000 according to authority /scan_planner_node
         at line 277 in /tmp/binarydeb/ros-noetic-tf2-0.7.10/src/buffer_core.cpp
[FSM]: state: INIT
wait for goal.
Warning: TF_REPEATED_DATA ignoring data with redundant timestamp for frame sliding_map (parent world) at time 153.302000 according to authority /scan_planner_node
         at line 277 in /tmp/binarydeb/ros-noetic-tf2-0.7.10/src/buffer_core.cpp
Warning: TF_REPEATED_DATA ignoring data with redundant timestamp for frame sliding_map (parent world) at time 153.504000 according to authority /scan_planner_node
         at line 277 in /tmp/binarydeb/ros-noetic-tf2-0.7.10/src/buffer_core.cpp
Warning: TF_REPEATED_DATA ignoring data with redundant timestamp for frame sliding_map (parent world) at time 153.698000 according to authority /scan_planner_node
         at line 277 in /tmp/binarydeb/ros-noetic-tf2-0.7.10/src/buffer_core.cpp
Warning: TF_REPEATED_DATA ignoring data with redundant timestamp for frame sliding_map (parent world) at time 154.107000 according to authority /scan_planner_node
         at line 277 in /tmp/binarydeb/ros-noetic-tf2-0.7.10/src/buffer_core.cpp
[FSM]: state: INIT
wait for goal.
Warning: TF_REPEATED_DATA ignoring data with redundant timestamp for frame sliding_map (parent world) at time 154.693000 according to authority /scan_planner_node
         at line 277 in /tmp/binarydeb/ros-noetic-tf2-0.7.10/src/buffer_core.cpp
[FSM]: state: INIT
wait for goal.
Warning: TF_REPEATED_DATA ignoring data with redundant timestamp for frame sliding_map (parent world) at time 155.993000 according to authority /scan_planner_node
         at line 277 in /tmp/binarydeb/ros-noetic-tf2-0.7.10/src/buffer_core.cpp
Warning: TF_REPEATED_DATA ignoring data with redundant timestamp for frame sliding_map (parent world) at time 156.198000 according to authority /scan_planner_node
         at line 277 in /tmp/binarydeb/ros-noetic-tf2-0.7.10/src/buffer_core.cpp
[FSM]: state: INIT
wait for goal.
[FSM]: state: INIT
wait for goal.
[FSM]: state: INIT
wait for goal.
[FSM]: state: INIT
wait for goal.
[FSM]: state: INIT
wait for goal.
[FSM]: state: INIT
wait for goal.
[FSM]: state: INIT
wait for goal.
[FSM]: state: INIT
wait for goal.
[FSM]: state: INIT
wait for goal.
.894750837, 120.437000000]: RL policy input vx=0.315 vy=0.019 wz=0.065 action_rms=0.274 ready=1 userCmd=0 kbd=0 raw=0.315,0.019,0.065 grav=0.03,-0.02,-0.98
[INFO] [1788297962.621565968, 122.449000000]: RL policy input vx=0.000 vy=0.000 wz=-2.400 action_rms=0.270 ready=1 userCmd=0 kbd=0 raw=0.000,0.000,-2.400 grav=0.01,0.02,-0.98
[INFO] [1788297966.374316812, 124.469000000]: RL policy input vx=0.619 vy=0.750 wz=0.969 action_rms=0.213 ready=1 userCmd=0 kbd=0 raw=0.619,0.750,0.969 grav=-0.01,0.02,-0.98
[INFO] [1788297970.534004963, 126.489000000]: RL policy input vx=0.297 vy=0.041 wz=0.150 action_rms=0.154 ready=1 userCmd=0 kbd=0 raw=0.297,0.041,0.150 grav=0.03,-0.00,-0.98
[INFO] [1788297974.716270409, 128.504000000]: RL policy input vx=0.000 vy=0.000 wz=2.400 action_rms=0.374 ready=1 userCmd=0 kbd=0 raw=0.000,0.000,2.400 grav=0.01,0.00,-0.98
[INFO] [1788297978.415036796, 130.519000000]: RL policy input vx=1.189 vy=0.316 wz=0.286 action_rms=0.176 ready=1 userCmd=0 kbd=0 raw=1.189,0.316,0.286 grav=0.00,0.03,-0.98
[INFO] [1788297982.277651052, 132.529000000]: RL policy input vx=0.450 vy=0.000 wz=-0.050 action_rms=0.240 ready=1 userCmd=0 kbd=0 raw=0.450,0.000,-0.050 grav=0.01,-0.00,-0.98
[INFO] [1788297985.841881301, 134.543000000]: RL policy input vx=0.450 vy=0.000 wz=-0.031 action_rms=0.246 ready=1 userCmd=0 kbd=0 raw=0.450,0.000,-0.031 grav=0.01,-0.02,-0.98
[INFO] [1788297989.115323773, 136.561000000]: RL policy input vx=0.851 vy=0.022 wz=0.029 action_rms=0.157 ready=1 userCmd=0 kbd=0 raw=0.851,0.022,0.029 grav=-0.01,-0.03,-0.98
[INFO] [1788297992.373659018, 138.572000000]: RL policy input vx=0.450 vy=0.000 wz=-0.006 action_rms=0.251 ready=1 userCmd=0 kbd=0 raw=0.450,0.000,-0.006 grav=0.01,-0.02,-0.98
[INFO] [1788297996.142068098, 140.585000000]: RL policy input vx=0.450 vy=0.000 wz=-0.023 action_rms=0.157 ready=1 userCmd=0 kbd=0 raw=0.450,0.000,-0.023 grav=0.01,-0.02,-0.98
[INFO] [1788297999.705023692, 142.594000000]: RL policy input vx=2.144 vy=0.072 wz=0.037 action_rms=0.335 ready=1 userCmd=0 kbd=0 raw=2.144,0.072,0.037 grav=0.03,-0.00,-0.98
[INFO] [1788298003.105246376, 144.596000000]: RL policy input vx=0.300 vy=-0.001 wz=-0.004 action_rms=0.158 ready=1 userCmd=0 kbd=0 raw=0.300,-0.001,-0.004 grav=0.02,-0.01,-0.98
[INFO] [1788298006.594809119, 146.596000000]: RL policy input vx=0.000 vy=0.000 wz=-2.400 action_rms=0.384 ready=1 userCmd=0 kbd=0 raw=0.000,0.000,-2.400 grav=0.01,0.01,-0.98
[INFO] [1788298010.141877093, 148.608000000]: RL policy input vx=0.224 vy=0.450 wz=1.150 action_rms=0.155 ready=1 userCmd=0 kbd=0 raw=0.224,0.450,1.150 grav=0.01,-0.01,-0.98
[INFO] [1788298013.921905826, 150.624000000]: RL policy input vx=0.304 vy=0.063 wz=0.224 action_rms=0.281 ready=1 userCmd=0 kbd=0 raw=0.304,0.063,0.224 grav=0.03,-0.00,-0.98
[INFO] [1788298017.341676980, 152.639000000]: RL policy input vx=0.000 vy=0.000 wz=2.400 action_rms=0.439 ready=1 userCmd=0 kbd=0 raw=0.000,0.000,2.400 grav=0.01,0.02,-0.98
[INFO] [1788298020.447878522, 154.650000000]: RL policy input vx=1.225 vy=0.305 wz=0.269 action_rms=0.363 ready=1 userCmd=0 kbd=0 raw=1.225,0.305,0.269 grav=0.02,0.03,-0.98
[INFO] [1788298024.459666943, 156.657000000]: RL policy input vx=0.445 vy=0.000 wz=0.161 action_rms=0.189 ready=1 userCmd=0 kbd=0 raw=0.445,0.000,0.161 grav=0.01,-0.03,-0.98
[INFO] [1788298029.008008578, 158.676000000]: RL policy input vx=0.450 vy=0.000 wz=0.015 action_rms=0.166 ready=1 userCmd=0 kbd=0 raw=0.450,0.000,0.015 grav=0.01,-0.03,-0.98
[INFO] [1788298033.782906182, 160.692000000]: RL policy input vx=0.548 vy=-0.009 wz=-0.017 action_rms=0.259 ready=1 userCmd=0 kbd=0 raw=0.548,-0.009,-0.017 grav=-0.01,-0.04,-0.98
[INFO] [1788298037.874701670, 162.710000000]: RL policy input vx=2.181 vy=0.551 wz=0.272 action_rms=0.239 ready=1 userCmd=0 kbd=0 raw=2.181,0.551,0.272 grav=-0.04,-0.02,-0.98
[INFO] [1788298041.733859545, 164.727000000]: RL policy input vx=2.248 vy=0.089 wz=0.044 action_rms=0.447 ready=1 userCmd=0 kbd=0 raw=2.248,0.089,0.044 grav=0.02,0.02,-0.98
[INFO] [1788298045.259773352, 166.741000000]: RL policy input vx=2.250 vy=0.004 wz=0.002 action_[FSM]: state: INIT
wait for goal.
[FSM]: state: INIT
wait for goal.
[FSM]: state: INIT
wait for goal.
[FSM]: state: INIT
wait for goal.
[FSM]: state: INIT
wait for goal.
[FSM]: state: INIT
wait for goal.
[FSM]: state: INIT
wait for goal.
[FSM]: state: INIT
wait for goal.
[FSM]: state: INIT
wait for goal.
[FSM]: state: INIT
wait for goal.
[FSM]: state: INIT
wait for goal.
[FSM]: state: INIT
wait for goal.
[FSM]: state: INIT
wait for goal.
[FSM]: state: INIT
wait for goal.
[FSM]: state: INIT
wait for goal.
[FSM]: state: INIT
wait for goal.
[FSM]: state: INIT
wait for goal.
rms=0.391 ready=1 userCmd=0 kbd=0 raw=2.250,0.004,0.002 grav=-0.01,-0.07,-0.98
[INFO] [1788298048.851474803, 168.756000000]: RL policy input vx=2.250 vy=0.031 wz=0.015 action_rms=0.394 ready=1 userCmd=0 kbd=0 raw=2.250,0.031,0.015 grav=-0.00,-0.03,-0.98
[INFO] [1788298052.387719717, 170.770000000]: RL policy input vx=2.250 vy=0.027 wz=0.013 action_rms=0.354 ready=1 userCmd=0 kbd=0 raw=2.250,0.027,0.013 grav=-0.01,0.04,-0.98
[INFO] [1788298055.579590804, 172.787000000]: RL policy input vx=1.381 vy=0.078 wz=0.062 action_rms=0.193 ready=1 userCmd=0 kbd=0 raw=1.381,0.078,0.062 grav=0.04,-0.08,-0.98
[INFO] [1788298058.967161415, 174.801000000]: RL policy input vx=2.210 vy=-0.421 wz=-0.207 action_rms=0.404 ready=1 userCmd=0 kbd=0 raw=2.210,-0.421,-0.207 grav=0.01,0.00,-0.98
[INFO] [1788298062.445793195, 176.809000000]: RL policy input vx=2.239 vy=-0.217 wz=-0.106 action_rms=0.328 ready=1 userCmd=0 kbd=0 raw=2.239,-0.217,-0.106 grav=-0.02,-0.05,-0.98
[INFO] [1788298066.106928487, 178.829000000]: RL policy input vx=0.260 vy=-0.450 wz=-1.150 action_rms=0.324 ready=1 userCmd=0 kbd=0 raw=0.260,-0.450,-1.150 grav=0.03,0.01,-0.98
[INFO] [1788298069.584186627, 180.840000000]: RL policy input vx=0.301 vy=-0.034 wz=-0.124 action_rms=0.191 ready=1 userCmd=0 kbd=0 raw=0.301,-0.034,-0.124 grav=0.02,-0.01,-0.98
[INFO] [1788298073.443592481, 182.860000000]: RL policy input vx=0.000 vy=0.000 wz=-0.640 action_rms=0.223 ready=1 userCmd=0 kbd=0 raw=0.000,0.000,-0.640 grav=0.01,0.01,-0.98
[INFO] [1788298077.858008924, 184.876000000]: RL policy input vx=0.000 vy=0.000 wz=-0.220 action_rms=0.148 ready=1 userCmd=0 kbd=0 raw=0.000,0.000,-0.220 grav=-0.01,-0.01,-0.98
Switched from RL to fixed stand
infer_thread退出!
[WARN] [1788298079.168879111, 185.406000000]: Using one-shot captured-pose FixedStand profile: ramp 0.50 s, settle 0.00 s, ready after 0.50 s + 0.50 s stable, minimum gain 0.75
[INFO] Using /stand_target_joints param stance.
[FSM]: state: INIT
wait for goal.
Switched from fixed stand to RL
[INFO] Entered RL /cmd_vel mode.
[WARN] [1788298080.644126962, 186.094000000]: Using one-shot stair RL takeover profile: blend 0.50 s, zero hold 0.15 s
cuda::is_available():1
RL inference device: cuda (requested=hybrid, policy=stair)
[INFO] RL policy activated from preload cache at FixedStand entry boundary: /workspace/SimEnv/src/unitree_guide/logs/policy_act_inference_stair.pt
[FSM]: state: INIT
wait for goal.
[FSM]: state: INIT
wait for goal.
[FSM]: state: INIT
wait for goal.
[FSM]: state: INIT
wait for goal.
[FSM]: state: INIT
wait for goal.
Warning: TF_REPEATED_DATA ignoring data with redundant timestamp for frame sliding_map (parent world) at time 191.407000 according to authority /scan_planner_node
         at line 277 in /tmp/binarydeb/ros-noetic-tf2-0.7.10/src/buffer_core.cpp
[FSM]: state: INIT
wait for goal.
[FSM]: state: INIT
wait for goal.
[FSM]: state: INIT
wait for goal.
[FSM]: state: INIT
wait for goal.
[FSM]: state: INIT
wait for goal.
[FSM]: state: INIT
wait for goal.
[FSM]: state: INIT
wait for goal.
[FSM]: state: INIT
wait for goal.
[FSM]: state: INIT
wait for goal.
[FSM]: state: INIT
wait for goal.
[FSM]: state: INIT
wait for goal.
[FSM]: state: INIT
wait for goal.
[FSM]: state: INIT
wait for goal.
[FSM]: state: INIT
wait for goal.
Warning: TF_REPEATED_DATA ignoring data with redundant timestamp for frame sliding_map (parent world) at time 207.407000 according to authority /scan_planner_node
         at line 277 in /tmp/binarydeb/ros-noetic-tf2-0.7.10/src/buffer_core.cpp
[FSM]: state: INIT
wait for goal.
[FSM]: state: INIT
wait for goal.
[FSM]: state: INIT
wait for goal.
[WARN] [1788298125.742584121, 210.486000000]: Using one-shot plane RL takeover profile: blend 0.50 s, zero hold 0.15 s
[INFO] [1788298082.359217263, 186.757000000]: RL locomotion_ready latched after 0.67 s takeover and 0.65 s stable hold
[INFO] [1788298082.639037088, 186.882000000]: RL policy input vx=0.113 vy=-0.010 wz=-0.030 action_rms=0.156 ready=1 userCmd=0 kbd=0 raw=0.113,-0.010,-0.030 grav=-0.01,0.02,-0.98
[INFO] [1788298086.396876963, 188.888000000]: RL policy input vx=0.796 vy=-0.083 wz=-0.022 action_rms=0.529 ready=1 userCmd=8 kbd=0 raw=0.796,-0.083,-0.022 grav=-0.54,0.11,-0.81
[INFO] [1788298090.054629267, 190.908000000]: RL policy input vx=0.800 vy=0.012 wz=0.005 action_rms=0.459 ready=1 userCmd=0 kbd=0 raw=0.800,0.012,0.005 grav=-0.36,-0.04,-0.91
[INFO] [1788298093.675114425, 192.922000000]: RL policy input vx=0.798 vy=-0.053 wz=-0.023 action_rms=0.563 ready=1 userCmd=8 kbd=0 raw=0.798,-0.053,-0.023 grav=-0.31,0.02,-0.93
[INFO] [1788298097.532531725, 194.926000000]: RL policy input vx=0.682 vy=-0.312 wz=-0.473 action_rms=0.269 ready=1 userCmd=8 kbd=0 raw=0.682,-0.312,-0.473 grav=0.00,-0.04,-0.98
[INFO] [1788298101.623537925, 196.944000000]: RL policy input vx=0.299 vy=0.027 wz=-1.200 action_rms=0.183 ready=1 userCmd=0 kbd=0 raw=0.299,0.027,-1.200 grav=-0.00,0.04,-0.98
[INFO] [1788298104.695357615, 198.966000000]: RL policy input vx=0.000 vy=0.000 wz=-0.304 action_rms=0.156 ready=1 userCmd=0 kbd=0 raw=0.000,0.000,-0.304 grav=-0.03,0.03,-0.98
[INFO] [1788298107.861389769, 200.966000000]: RL policy input vx=0.000 vy=0.000 wz=-0.240 action_rms=0.200 ready=1 userCmd=8 kbd=0 raw=0.000,0.000,-0.240 grav=-0.03,0.02,-0.98
[INFO] [1788298111.230522763, 202.988000000]: RL policy input vx=0.782 vy=-0.172 wz=-0.060 action_rms=0.489 ready=1 userCmd=0 kbd=0 raw=0.782,-0.172,-0.060 grav=-0.05,-0.07,-0.98
[INFO] [1788298114.955133042, 204.989000000]: RL policy input vx=0.600 vy=0.021 wz=0.012 action_rms=0.388 ready=1 userCmd=0 kbd=0 raw=0.600,0.021,0.012 grav=-0.38,-0.05,-0.90
[INFO] [1788298118.639878175, 206.996000000]: RL policy input vx=0.792 vy=0.113 wz=0.050 action_rms=0.484 ready=1 userCmd=0 kbd=0 raw=0.792,0.113,0.050 grav=-0.37,-0.03,-0.91
[INFO] [1788298122.684337444, 208.998000000]: RL policy input vx=0.800 vy=-0.009 wz=-0.004 action_rms=0.585 ready=1 userCmd=0 kbd=0 raw=0.800,-0.009,-0.004 grav=-0.43,-0.05,-0.88
cuda::is_available():1
RL inference device: cpu (requested=hybrid, policy=plane)
[INFO] RL policy hot-switched from preload cache: /workspace/SimEnv/src/unitree_guide/logs/policy_act_inference_plane.pt
[FSM]: state: INIT
wait for goal.
Warning: TF_REPEATED_DATA ignoring data with redundant timestamp for frame sliding_map (parent world) at time 212.244000 according to authority /scan_planner_node
         at line 277 in /tmp/binarydeb/ros-noetic-tf2-0.7.10/src/buffer_core.cpp
[FSM]: state: INIT
wait for goal.
[FSM]: state: INIT
wait for goal.
[FSM]: state: INIT
wait for goal.
[INFO] [1788298077.364121, 184.681000]: Robot is already 0.04 m from the pre-riser pose; skipping the corridor/side legs.
[INFO] [1788298077.373610, 184.689000]: Pre-ascent residual heading error -0.109 rad (visual_depth=False, bearing=none).
[INFO] [1788298078.635854, 185.185000]: Pre-ascent stand target set from flight-A pre-reload capture entry sample
[INFO] [1788298078.655078, 185.197000]: Flight-A plane gait settled at joint RMS 0.139; holding FixedStand for at least 0.1 s at snapshot pose before queued stair-policy entry.
[INFO] [1788298080.357116, 185.976000]: Flight-A FixedStand readiness gate complete; queued the stair policy for State_RL entry and retaining stand ownership for 0.25 s.
[INFO] [1788298080.630920, 186.085000]: Flight-A policy request has been queued under FixedStand; requesting RL so State_RL loads it before inference starts.
[INFO] [1788298082.376147, 186.769000]: Fresh RL readiness confirmed after the flight-A FixedStand boundary; starting the climb ramp.
[INFO] [1788298082.396202, 186.782000]: Flight-A fresh RL readiness observed; ascent clocks reset and 1.2 s climb ramp started.
[INFO] [1788298082.401028, 186.787000]: STPUB phase=STAIR_ASCENT world=(0.000,0.003,-0.030) body=(0.003,-0.000,-0.030) truth_z=0.312 pose=0.31228636762513995
[INFO] [1788298084.644415, 187.803000]: STPUB phase=STAIR_ASCENT world=(-0.220,0.600,-0.021) body=(0.612,0.184,-0.021) truth_z=0.332 pose=0.33292227214921094
[INFO] [1788298086.321372, 188.820000]: STPUB phase=STAIR_ASCENT world=(0.036,0.800,-0.021) body=(0.797,-0.083,-0.021) truth_z=0.576 pose=0.5759331439230854
[INFO] [1788298088.120185, 189.840000]: STPUB phase=STAIR_ASCENT world=(0.055,0.800,-0.050) body=(0.784,-0.167,-0.050) truth_z=0.770 pose=0.7712840509317211
[INFO] [1788298089.974208, 190.860000]: STPUB phase=STAIR_ASCENT world=(0.000,0.800,0.003) body=(0.800,0.008,0.003) truth_z=0.990 pose=0.987833787332433
[INFO] [1788298091.747069, 191.867000]: STPUB phase=STAIR_ASCENT world=(-0.220,0.600,-0.002) body=(0.601,0.216,-0.002) truth_z=1.236 pose=1.23701411673174
[INFO] [1788298093.564272, 192.880000]: STPUB phase=STAIR_ASCENT world=(0.000,0.800,-0.022) body=(0.798,-0.050,-0.022) truth_z=1.459 pose=1.457657326208536
[INFO] [1788298094.680498, 193.481000]: Intermediate landing entered at y=4.75 m; starting moving turn.
[INFO] [1788298095.461870, 193.900000]: STPUB phase=STAIR_LANDING_TURN world=(0.750,0.000,-1.200) body=(0.215,-0.718,-1.200) truth_z=1.612 pose=1.6111869284315723
[INFO] [1788298097.521985, 194.920000]: STPUB phase=STAIR_LANDING_TURN world=(0.750,0.000,-0.473) body=(0.682,-0.312,-0.473) truth_z=1.617 pose=1.6170597007713874
[INFO] [1788298099.820669, 195.940000]: STPUB phase=STAIR_LANDING_TURN world=(0.334,0.000,-0.240) body=(0.330,-0.051,-0.240) truth_z=1.611 pose=1.611327490653023
[INFO] [1788298101.622725, 196.943000]: STPUB phase=STAIR_LANDING_TURN world=(0.000,0.000,-1.200) body=(0.000,0.000,-1.200) truth_z=1.613 pose=1.6141063796922026
[INFO] [1788298103.144554, 197.960000]: STPUB phase=STAIR_LANDING_TURN world=(0.000,0.000,-0.619) body=(0.000,0.000,-0.619) truth_z=1.618 pose=1.6180222679367464
[INFO] [1788298104.692885, 198.961000]: STPUB phase=STAIR_LANDING_TURN world=(0.000,0.000,-0.302) body=(0.000,0.000,-0.302) truth_z=1.626 pose=1.6263501251147783
[INFO] [1788298106.341636, 199.981000]: STPUB phase=STAIR_LANDING_TURN world=(0.000,0.000,-0.240) body=(0.000,0.000,-0.240) truth_z=1.636 pose=1.636105358659594
[INFO] [1788298107.897086, 201.000000]: STPUB phase=STAIR_LANDING_TURN world=(0.000,0.000,-0.240) body=(0.000,0.000,-0.240) truth_z=1.639 pose=1.638620269332772
[INFO] [1788298109.592933, 202.020000]: STPUB phase=STAIR_LANDING_TURN world=(0.000,0.000,-0.240) body=(0.000,0.000,-0.240) truth_z=1.639 pose=1.6390411564747287
[INFO] [1788298109.769056, 202.120000]: Flight-B entry aligned: x error=-0.051 m, heading error=-0.149 rad.
[INFO] [1788298109.773651, 202.123000]: Flight-B entry joints saved (12 dofs) -> /root/autodl-tmp/code/restore/0803b/overall_l0829/results/oblique_final10_fixbend_seed31_b1/flight_b_entry_joints_0.json
[INFO] [1788298109.800186, 202.140000]: ASCENT_B gate: entry_guide=True truth_pose=True start_z=0.312 profile=True heading=-1.571 pose_z=1.6368589268904525 truth_z=1.6368269232004538
[INFO] [1788298109.804405, 202.143000]: Pre-ascent RL settle: holding zero command until motion is stable for 0.6 s before FixedStand.
[INFO] [1788298109.813993, 202.145000]: Pre-ascent RL settle active: stable 0.00/0.60 s.
[INFO] [1788298110.802523, 202.700000]: Pre-ascent RL motion settled for 0.61 s; settle-only gate complete (FixedStand disabled).
[INFO] [1788298111.328000, 203.042000]: STPUB phase=STAIR_ASCENT_B world=(-0.200,-0.600,-0.064) body=(0.553,-0.306,-0.064) truth_z=1.653 pose=1.6503912074627736
[INFO] [1788298111.533858, 203.166000]: ASCENT_B gate: entry_guide=True truth_pose=True start_z=0.312 profile=True heading=-1.571 pose_z=1.6430953553509648 truth_z=1.643032098793185
[INFO] [1788298113.175116, 204.060000]: STPUB phase=STAIR_ASCENT_B world=(-0.038,-0.800,-0.019) body=(0.797,-0.080,-0.019) truth_z=1.794 pose=1.7970662873327456
[INFO] [1788298113.397817, 204.180000]: ASCENT_B gate: entry_guide=True truth_pose=True start_z=0.312 profile=True heading=-1.571 pose_z=1.8184970278319676 truth_z=1.8176100818514
[INFO] [1788298115.132423, 205.081000]: STPUB phase=STAIR_ASCENT_B world=(0.000,-0.800,0.012) body=(0.800,0.027,0.012) truth_z=1.994 pose=1.9928288677636599
[INFO] [1788298115.351483, 205.200000]: ASCENT_B gate: entry_guide=True truth_pose=True start_z=0.312 profile=True heading=-1.571 pose_z=2.016271946999671 truth_z=2.017732180348182
[INFO] [1788298116.937095, 206.100000]: STPUB phase=STAIR_ASCENT_B world=(-0.026,-0.800,0.046) body=(0.796,0.079,0.046) truth_z=2.210 pose=2.20887888958631
[INFO] [1788298117.207760, 206.220000]: ASCENT_B gate: entry_guide=True truth_pose=True start_z=0.312 profile=True heading=-1.571 pose_z=2.237786854642909 truth_z=2.237786854642909
[INFO] [1788298118.925653, 207.120000]: STPUB phase=STAIR_ASCENT_B world=(-0.300,-0.400,0.050) body=(0.438,-0.241,0.050) truth_z=2.425 pose=2.4249746987498506
[INFO] [1788298119.190855, 207.246000]: ASCENT_B gate: entry_guide=True truth_pose=True start_z=0.312 profile=True heading=-1.571 pose_z=2.440931721640789 truth_z=2.444804005562338
[INFO] [1788298120.952054, 208.121000]: STPUB phase=STAIR_ASCENT_B world=(0.000,-0.800,0.005) body=(0.800,0.011,0.005) truth_z=2.690 pose=2.690004890666012
[INFO] [1788298121.175991, 208.260000]: ASCENT_B gate: entry_guide=True truth_pose=True start_z=0.312 profile=True heading=-1.571 pose_z=2.6732527881867396 truth_z=2.6706245089835714
[INFO] [1788298123.017809, 209.140000]: STPUB phase=STAIR_ASCENT_B world=(0.000,-0.800,-0.003) body=(0.800,-0.007,-0.003) truth_z=2.799 pose=2.7986663267276755
[INFO] [1788298123.292449, 209.280000]: ASCENT_B gate: entry_guide=True truth_pose=True start_z=0.312 profile=True heading=-1.571 pose_z=2.8334262740786293 truth_z=2.831231867965677
[INFO] [1788298124.991449, 210.160000]: STPUB phase=STAIR_ASCENT_B world=(0.000,-0.800,0.016) body=(0.799,0.036,0.016) truth_z=2.901 pose=2.9026328042295435
[INFO] [1788298125.112095, 210.220000]: Upper landing entered: gain=2.59 m, clearance=0.02 m; stabilizing for 0.5 s.
[INFO] [1788298125.638653, 210.440000]: Floor-2 landing confirmed after two flights: gain=2.60 m clearance=0.12 m.
[INFO] [1788298127.136137, 211.160000]: Plane policy acknowledged on the upper landing; releasing stair controller ownership.
[FSM]: state: INIT
wait for goal.
[FSM]: state: INIT
wait for goal.
[FSM]: state: INIT
wait for goal.
[FSM]: state: INIT
wait for goal.
Warning: TF_REPEATED_DATA ignoring data with redundant timestamp for frame sliding_map (parent world) at time 219.497000 according to authority /scan_planner_node
         at line 277 in /tmp/binarydeb/ros-noetic-tf2-0.7.10/src/buffer_core.cpp
[FSM]: state: INIT
wait for goal.
[FSM]: state: INIT
wait for goal.
[FSM]: state: INIT
wait for goal.
[FSM]: state: INIT
wait for goal.
[FSM]: state: INIT
wait for goal.
[FSM]: state: INIT
wait for goal.
[FSM]: state: INIT
wait for goal.
Warning: TF_REPEATED_DATA ignoring data with redundant timestamp for frame sliding_map (parent world) at time 228.196000 according to authority /scan_planner_node
         at line 277 in /tmp/binarydeb/ros-noetic-tf2-0.7.10/src/buffer_core.cpp
[FSM]: state: INIT
wait for goal.
Warning: TF_REPEATED_DATA ignoring data with redundant timestamp for frame sliding_map (parent world) at time 229.404000 according to authority /scan_planner_node
         at line 277 in /tmp/binarydeb/ros-noetic-tf2-0.7.10/src/buffer_core.cpp
[FSM]: state: INIT
wait for goal.
[FSM]: state: INIT
wait for goal.
Warning: TF_REPEATED_DATA ignoring data with redundant timestamp for frame sliding_map (parent world) at time 231.094000 according to authority /scan_planner_node
         at line 277 in /tmp/binarydeb/ros-noetic-tf2-0.7.10/src/buffer_core.cpp
[FSM]: state: INIT
wait for goal.
Warning: TF_REPEATED_DATA ignoring data with redundant timestamp for frame sliding_map (parent world) at time 232.113000 according to authority /scan_planner_node
         at line 277 in /tmp/binarydeb/ros-noetic-tf2-0.7.10/src/buffer_core.cpp
[FSM]: state: INIT
wait for goal.
[FSM]: state: INIT
wait for goal.
Warning: TF_REPEATED_DATA ignoring data with redundant timestamp for frame sliding_map (parent world) at time 235.199000 according to authority /scan_planner_node
         at line 277 in /tmp/binarydeb/ros-noetic-tf2-0.7.10/src/buffer_core.cpp
Warning: TF_REPEATED_DATA ignoring data with redundant timestamp for frame sliding_map (parent world) at time 235.498000 according to authority /scan_planner_node
         at line 277 in /tmp/binarydeb/ros-noetic-tf2-0.7.10/src/buffer_core.cpp
[FSM]: state: INIT
wait for goal.
Warning: TF_REPEATED_DATA ignoring data with redundant timestamp for frame sliding_map (parent world) at time 236.097000 according to authority /scan_planner_node
         at line 277 in /tmp/binarydeb/ros-noetic-tf2-0.7.10/src/buffer_core.cpp
Warning: TF_REPEATED_DATA ignoring data with redundant timestamp for frame sliding_map (parent world) at time 236.293000 according to authority /scan_planner_node
         at line 277 in /tmp/binarydeb/ros-noetic-tf2-0.7.10/src/buffer_core.cpp
[FSM]: state: INIT
wait for goal.
Warning: TF_REPEATED_DATA ignoring data with redundant timestamp for frame sliding_map (parent world) at time 237.394000 according to authority /scan_planner_node
         at line 277 in /tmp/binarydeb/ros-noetic-tf2-0.7.10/src/buffer_core.cpp
Warning: TF_REPEATED_DATA ignoring data with redundant timestamp for frame sliding_map (parent world) at time 237.595000 according to authority /scan_planner_node
         at line 277 in /tmp/binarydeb/ros-noetic-tf2-0.7.10/src/buffer_core.cpp
[FSM]: state: INIT
wait for goal.
Warning: TF_REPEATED_DATA ignoring data with redundant timestamp for frame sliding_map (parent world) at time 238.312000 according to authority /scan_planner_node
         at line 277 in /tmp/binarydeb/ros-noetic-tf2-0.7.10/src/buffer_core.cpp
Warning: TF_REPEATED_DATA ignoring data with redundant timestamp for frame sliding_map (parent world) at time 238.697000 according to authority /scan_planner_node
         at line 277 in /tmp/binarydeb/ros-noetic-tf2-0.7.10/src/buffer_core.cpp
Warning: TF_REPEATED_DATA ignoring data with redundant timestamp for frame sliding_map (parent world) at time 238.898000 according to authority /scan_planner_node
         at line 277 in /tmp/binarydeb/ros-noetic-tf2-0.7.10/src/buffer_core.cpp
[FSM]: state: INIT
wait for goal.
Warning: TF_REPEATED_DATA ignoring data with redundant timestamp for frame sliding_map (parent world) at time 239.493000 according to authority /scan_planner_node
         at line 277 in /tmp/binarydeb/ros-noetic-tf2-0.7.10/src/buffer_core.cpp
Warning: TF_REPEATED_DATA ignoring data with redundant timestamp for frame sliding_map (parent world) at time 239.898000 according to authority /scan_planner_node
         at line 277 in /tmp/binarydeb/ros-noetic-tf2-0.7.10/src/buffer_core.cpp
Warning: TF_REPEATED_DATA ignoring data with redundant timestamp for frame sliding_map (parent world) at time 240.097000 according to authority /scan_planner_node
         at line 277 in /tmp/binarydeb/ros-noetic-tf2-0.7.10/src/buffer_core.cpp
Warning: TF_REPEATED_DATA ignoring data with redundant timestamp for frame sliding_map (parent world) at time 240.297000 according to authority /scan_planner_node
         at line 277 in /tmp/binarydeb/ros-noetic-tf2-0.7.10/src/buffer_core.cpp
[FSM]: state: INIT
wait for goal.
Warning: TF_REPEATED_DATA ignoring data with redundant timestamp for frame sliding_map (parent world) at time 240.711000 according to authority /scan_planner_node
         at line 277 in /tmp/binarydeb/ros-noetic-tf2-0.7.10/src/buffer_core.cpp
Warning: TF_REPEATED_DATA ignoring data with redundant timestamp for frame sliding_map (parent world) at time 241.302000 according to authority /scan_planner_node
         at line 277 in /tmp/binarydeb/ros-noetic-tf2-0.7.10/src/buffer_core.cpp
Warning: TF_REPEATED_DATA ignoring data with redundant timestamp for frame sliding_map (parent world) at time 241.504000 according to authority /scan_planner_node
         at line 277 in /tmp/binarydeb/ros-noetic-tf2-0.7.10/src/buffer_core.cpp
[FSM]: state: INIT
wait for goal.
Warning: TF_REPEATED_DATA ignoring data with redundant timestamp for frame sliding_map (parent world) at time 242.110000 according to authority /scan_planner_node
         at line 277 in /tmp/binarydeb/ros-noetic-tf2-0.7.10/src/buffer_core.cpp
Warning: TF_REPEATED_DATA ignoring data with redundant timestamp for frame sliding_map (parent world) at time 242.311000 according to authority /scan_planner_node
         at line 277 in /tmp/binarydeb/ros-noetic-tf2-0.7.10/src/buffer_core.cpp
Warning: TF_REPEATED_DATA ignoring data with redundant timestamp for frame sliding_map (parent world) at time 242.511000 according to authority /scan_planner_node
         at line 277 in /tmp/binarydeb/ros-noetic-tf2-0.7.10/src/buffer_core.cpp
[FSM]: state: INIT
wait for goal.
Warning: TF_REPEATED_DATA ignoring data with redundant timestamp for frame sliding_map (parent world) at time 243.501000 according to authority /scan_planner_node
         at line 277 in /tmp/binarydeb/ros-noetic-tf2-0.7.10/src/buffer_core.cpp
Warning: TF_REPEATED_DATA ignoring data with redundant timestamp for frame sliding_map (parent world) at time 243.695000 according to authority /scan_planner_node
         at line 277 in /tmp/binarydeb/ros-noetic-tf2-0.7.10/src/buffer_core.cpp
[FSM]: state: INIT
wait for goal.
Warning: TF_REPEATED_DATA ignoring data with redundant timestamp for frame sliding_map (parent world) at time 244.593000 according to authority /scan_planner_node
         at line 277 in /tmp/binarydeb/ros-noetic-tf2-0.7.10/src/buffer_core.cpp
[FSM]: state: INIT
wait for goal.
Warning: TF_REPEATED_DATA ignoring data with redundant timestamp for frame sliding_map (parent world) at time 246.000000 according to authority /scan_planner_node
         at line 277 in /tmp/binarydeb/ros-noetic-tf2-0.7.10/src/buffer_core.cpp
Warning: TF_REPEATED_DATA ignoring data with redundant timestamp for frame sliding_map (parent world) at time 246.597000 according to authority /scan_planner_node
         at line 277 in /tmp/binarydeb/ros-noetic-tf2-0.7.10/src/buffer_core.cpp
[FSM]: state: INIT
wait for goal.
Warning: TF_REPEATED_DATA ignoring data with redundant timestamp for frame sliding_map (parent world) at time 247.195000 according to authority /scan_planner_node
         at line 277 in /tmp/binarydeb/ros-noetic-tf2-0.7.10/src/buffer_core.cpp
Warning: TF_REPEATED_DATA ignoring data with redundant timestamp for frame sliding_map (parent world) at time 247.995000 according to authority /scan_planner_node
         at line 277 in /tmp/binarydeb/ros-noetic-tf2-0.7.10/src/buffer_core.cpp
[FSM]: state: INIT
wait for goal.
[FSM]: state: INIT
wait for goal.
[FSM]: state: INIT
wait for goal.
[FSM]: state: INIT
wait for goal.
Warning: TF_REPEATED_DATA ignoring data with redundant timestamp for frame sliding_map (parent world) at time 252.000000 according to authority /scan_planner_node
         at line 277 in /tmp/binarydeb/ros-noetic-tf2-0.7.10/src/buffer_core.cpp
Warning: TF_REPEATED_DATA ignoring data with redundant timestamp for frame sliding_map (parent world) at time 252.200000 according to authority /scan_planner_node
         at line 277 in /tmp/binarydeb/ros-noetic-tf2-0.7.10/src/buffer_core.cpp
Warning: TF_REPEATED_DATA ignoring data with redundant timestamp for frame sliding_map (parent world) at time 252.593000 according to authority /scan_planner_node
         at line 277 in /tmp/binarydeb/ros-noetic-tf2-0.7.10/src/buffer_core.cpp
[FSM]: state: INIT
wait for goal.
[FSM]: state: INIT
wait for goal.
[FSM]: state: INIT
wait for goal.
Warning: TF_REPEATED_DATA ignoring data with redundant timestamp for frame sliding_map (parent world) at time 255.006000 according to authority /scan_planner_node
         at line 277 in /tmp/binarydeb/ros-noetic-tf2-0.7.10/src/buffer_core.cpp
[INFO] [1788298126.770471447, 211.002000000]: RL policy input vx=0.000 vy=0.000 wz=0.000 action_rms=0.150 ready=0 userCmd=0 kbd=0 raw=0.000,0.000,0.000 grav=0.01,0.01,-0.98
[INFO] [1788298127.100334864, 211.148000000]: RL locomotion_ready latched after 0.67 s takeover and 0.44 s stable hold
[INFO] [1788298130.986849004, 213.013000000]: RL policy input vx=0.000 vy=0.000 wz=0.428 action_rms=0.200 ready=1 userCmd=0 kbd=0 raw=0.000,0.000,0.428 grav=0.01,-0.02,-0.98
[INFO] [1788298135.162585704, 215.023000000]: RL policy input vx=0.834 vy=0.000 wz=0.129 action_rms=0.236 ready=1 userCmd=0 kbd=0 raw=0.834,0.000,0.129 grav=0.00,-0.02,-0.98
[INFO] [1788298139.362612634, 217.033000000]: RL policy input vx=2.154 vy=0.651 wz=0.323 action_rms=0.260 ready=1 userCmd=0 kbd=0 raw=2.154,0.651,0.323 grav=-0.01,0.07,-0.98
[INFO] [1788298144.084369624, 219.045000000]: RL policy input vx=2.250 vy=0.043 wz=0.021 action_rms=0.462 ready=1 userCmd=0 kbd=0 raw=2.250,0.043,0.021 grav=0.04,0.05,-0.98
[INFO] [1788298149.042178936, 221.064000000]: RL policy input vx=2.249 vy=-0.049 wz=-0.024 action_rms=0.325 ready=1 userCmd=0 kbd=0 raw=2.249,-0.049,-0.024 grav=0.01,0.01,-0.98
[INFO] [1788298153.767143596, 223.079000000]: RL policy input vx=1.838 vy=0.105 wz=0.063 action_rms=0.282 ready=1 userCmd=0 kbd=0 raw=1.838,0.105,0.063 grav=0.03,-0.05,-0.98
[INFO] [1788298158.059768623, 225.080000000]: RL policy input vx=0.288 vy=0.124 wz=0.449 action_rms=0.182 ready=1 userCmd=0 kbd=0 raw=0.288,0.124,0.449 grav=0.01,0.03,-0.98
[INFO] [1788298162.254318817, 227.081000000]: RL policy input vx=0.447 vy=0.000 wz=0.131 action_rms=0.239 ready=1 userCmd=0 kbd=0 raw=0.447,0.000,0.131 grav=-0.01,-0.03,-0.98
[INFO] [1788298165.875892707, 229.098000000]: RL policy input vx=0.450 vy=0.000 wz=0.015 action_rms=0.157 ready=1 userCmd=0 kbd=0 raw=0.450,0.000,0.015 grav=0.01,-0.01,-0.98
[INFO] [1788298169.363575334, 231.101000000]: RL policy input vx=2.095 vy=-0.463 wz=-0.239 action_rms=0.386 ready=1 userCmd=0 kbd=0 raw=2.095,-0.463,-0.239 grav=-0.04,-0.03,-0.98
[INFO] [1788298172.894662887, 233.109000000]: RL policy input vx=0.691 vy=-0.000 wz=-0.000 action_rms=0.172 ready=1 userCmd=0 kbd=0 raw=0.691,-0.000,-0.000 grav=0.05,-0.07,-0.98
[INFO] [1788298177.146510175, 235.109000000]: RL policy input vx=0.000 vy=0.000 wz=2.400 action_rms=0.182 ready=1 userCmd=0 kbd=0 raw=0.000,0.000,2.400 grav=0.02,0.01,-0.98
[INFO] [1788298180.775145127, 237.125000000]: RL policy input vx=0.000 vy=0.000 wz=-1.150 action_rms=0.143 ready=1 userCmd=0 kbd=0 raw=0.000,0.000,-1.150 grav=0.01,-0.01,-0.98
[INFO] [1788298184.285137048, 239.144000000]: RL policy input vx=0.761 vy=-0.230 wz=-0.323 action_rms=0.393 ready=1 userCmd=0 kbd=0 raw=0.761,-0.230,-0.323 grav=0.01,-0.07,-0.98
[INFO] [1788298187.374097976, 241.147000000]: RL policy input vx=0.000 vy=0.000 wz=-2.400 action_rms=0.178 ready=1 userCmd=0 kbd=0 raw=0.000,0.000,-2.400 grav=0.03,0.01,-0.98
[INFO] [1788298190.535111612, 243.159000000]: RL policy input vx=0.711 vy=-0.750 wz=-0.894 action_rms=0.392 ready=1 userCmd=0 kbd=0 raw=0.711,-0.750,-0.894 grav=-0.01,-0.00,-0.98
[INFO] [1788298193.710773797, 245.165000000]: RL policy input vx=0.361 vy=-0.056 wz=-0.168 action_rms=0.146 ready=1 userCmd=0 kbd=0 raw=0.361,-0.056,-0.168 grav=0.04,-0.04,-0.98
[INFO] [1788298196.769221751, 247.182000000]: RL policy input vx=0.450 vy=0.000 wz=0.020 action_rms=0.269 ready=1 userCmd=0 kbd=0 raw=0.450,0.000,0.020 grav=0.00,-0.02,-0.98
[INFO] [1788298199.865739746, 249.188000000]: RL policy input vx=0.403 vy=0.000 wz=-0.028 action_rms=0.212 ready=1 userCmd=0 kbd=0 raw=0.403,0.000,-0.028 grav=0.01,-0.02,-0.98
[INFO] [1788298202.962041469, 251.204000000]: RL policy input vx=0.450 vy=0.000 wz=0.021 action_rms=0.158 ready=1 userCmd=0 kbd=0 raw=0.450,0.000,0.021 grav=0.02,-0.01,-0.98
[INFO] [1788298206.266441744, 253.218000000]: RL policy input vx=0.450 vy=0.000 wz=-0.015 action_rms=0.278 ready=1 userCmd=0 kbd=0 raw=0.450,0.000,-0.015 grav=0.01,-0.02,-0.98
[INFO] [1788298209.370915018, 255.229000000]: RL policy input vx=1.345 vy=0.696 wz=0.364 action_rms=0.320 ready=1 userCm[FSM]: state: INIT
wait for goal.
[FSM]: state: INIT
wait for goal.
[FSM]: state: INIT
wait for goal.
[FSM]: state: INIT
wait for goal.
Warning: TF_REPEATED_DATA ignoring data with redundant timestamp for frame sliding_map (parent world) at time 260.295000 according to authority /scan_planner_node
         at line 277 in /tmp/binarydeb/ros-noetic-tf2-0.7.10/src/buffer_core.cpp
[FSM]: state: INIT
wait for goal.
Warning: TF_REPEATED_DATA ignoring data with redundant timestamp for frame sliding_map (parent world) at time 261.098000 according to authority /scan_planner_node
         at line 277 in /tmp/binarydeb/ros-noetic-tf2-0.7.10/src/buffer_core.cpp
Warning: TF_REPEATED_DATA ignoring data with redundant timestamp for frame sliding_map (parent world) at time 261.294000 according to authority /scan_planner_node
         at line 277 in /tmp/binarydeb/ros-noetic-tf2-0.7.10/src/buffer_core.cpp
Warning: TF_REPEATED_DATA ignoring data with redundant timestamp for frame sliding_map (parent world) at time 261.693000 according to authority /scan_planner_node
         at line 277 in /tmp/binarydeb/ros-noetic-tf2-0.7.10/src/buffer_core.cpp
[FSM]: state: INIT
wait for goal.
Warning: TF_REPEATED_DATA ignoring data with redundant timestamp for frame sliding_map (parent world) at time 262.098000 according to authority /scan_planner_node
         at line 277 in /tmp/binarydeb/ros-noetic-tf2-0.7.10/src/buffer_core.cpp
Warning: TF_REPEATED_DATA ignoring data with redundant timestamp for frame sliding_map (parent world) at time 262.301000 according to authority /scan_planner_node
         at line 277 in /tmp/binarydeb/ros-noetic-tf2-0.7.10/src/buffer_core.cpp
Warning: TF_REPEATED_DATA ignoring data with redundant timestamp for frame sliding_map (parent world) at time 262.499000 according to authority /scan_planner_node
         at line 277 in /tmp/binarydeb/ros-noetic-tf2-0.7.10/src/buffer_core.cpp
Warning: TF_REPEATED_DATA ignoring data with redundant timestamp for frame sliding_map (parent world) at time 262.698000 according to authority /scan_planner_node
         at line 277 in /tmp/binarydeb/ros-noetic-tf2-0.7.10/src/buffer_core.cpp
Warning: TF_REPEATED_DATA ignoring data with redundant timestamp for frame sliding_map (parent world) at time 262.907000 according to authority /scan_planner_node
         at line 277 in /tmp/binarydeb/ros-noetic-tf2-0.7.10/src/buffer_core.cpp
Warning: TF_REPEATED_DATA ignoring data with redundant timestamp for frame sliding_map (parent world) at time 263.100000 according to authority /scan_planner_node
         at line 277 in /tmp/binarydeb/ros-noetic-tf2-0.7.10/src/buffer_core.cpp
[FSM]: state: INIT
wait for goal.
Warning: TF_REPEATED_DATA ignoring data with redundant timestamp for frame sliding_map (parent world) at time 263.497000 according to authority /scan_planner_node
         at line 277 in /tmp/binarydeb/ros-noetic-tf2-0.7.10/src/buffer_core.cpp
Warning: TF_REPEATED_DATA ignoring data with redundant timestamp for frame sliding_map (parent world) at time 263.901000 according to authority /scan_planner_node
         at line 277 in /tmp/binarydeb/ros-noetic-tf2-0.7.10/src/buffer_core.cpp
Warning: TF_REPEATED_DATA ignoring data with redundant timestamp for frame sliding_map (parent world) at time 264.294000 according to authority /scan_planner_node
         at line 277 in /tmp/binarydeb/ros-noetic-tf2-0.7.10/src/buffer_core.cpp
[FSM]: state: INIT
wait for goal.
Warning: TF_REPEATED_DATA ignoring data with redundant timestamp for frame sliding_map (parent world) at time 264.897000 according to authority /scan_planner_node
         at line 277 in /tmp/binarydeb/ros-noetic-tf2-0.7.10/src/buffer_core.cpp
Warning: TF_REPEATED_DATA ignoring data with redundant timestamp for frame sliding_map (parent world) at time 265.093000 according to authority /scan_planner_node
         at line 277 in /tmp/binarydeb/ros-noetic-tf2-0.7.10/src/buffer_core.cpp
Warning: TF_REPEATED_DATA ignoring data with redundant timestamp for frame sliding_map (parent world) at time 265.298000 according to authority /scan_planner_node
         at line 277 in /tmp/binarydeb/ros-noetic-tf2-0.7.10/src/buffer_core.cpp
[FSM]: state: INIT
wait for goal.
Warning: TF_REPEATED_DATA ignoring data with redundant timestamp for frame sliding_map (parent world) at time 265.712000 according to authority /scan_planner_node
         at line 277 in /tmp/binarydeb/ros-noetic-tf2-0.7.10/src/buffer_core.cpp
Warning: TF_REPEATED_DATA ignoring data with redundant timestamp for frame sliding_map (parent world) at time 266.095000 according to authority /scan_planner_node
         at line 277 in /tmp/binarydeb/ros-noetic-tf2-0.7.10/src/buffer_core.cpp
Warning: TF_REPEATED_DATA ignoring data with redundant timestamp for frame sliding_map (parent world) at time 266.493000 according to authority /scan_planner_node
         at line 277 in /tmp/binarydeb/ros-noetic-tf2-0.7.10/src/buffer_core.cpp
[FSM]: state: INIT
wait for goal.
Warning: TF_REPEATED_DATA ignoring data with redundant timestamp for frame sliding_map (parent world) at time 267.113000 according to authority /scan_planner_node
         at line 277 in /tmp/binarydeb/ros-noetic-tf2-0.7.10/src/buffer_core.cpp
Warning: TF_REPEATED_DATA ignoring data with redundant timestamp for frame sliding_map (parent world) at time 267.306000 according to authority /scan_planner_node
         at line 277 in /tmp/binarydeb/ros-noetic-tf2-0.7.10/src/buffer_core.cpp
[FSM]: state: INIT
wait for goal.
Warning: TF_REPEATED_DATA ignoring data with redundant timestamp for frame sliding_map (parent world) at time 268.500000 according to authority /scan_planner_node
         at line 277 in /tmp/binarydeb/ros-noetic-tf2-0.7.10/src/buffer_core.cpp
[FSM]: state: INIT
wait for goal.
[FSM]: state: INIT
wait for goal.
[FSM]: state: INIT
wait for goal.
[FSM]: state: INIT
wait for goal.
[FSM]: state: INIT
wait for goal.
[FSM]: state: INIT
wait for goal.
[FSM]: state: INIT
wait for goal.
[FSM]: state: INIT
wait for goal.
[FSM]: state: INIT
wait for goal.
[FSM]: state: INIT
wait for goal.
[FSM]: state: INIT
wait for goal.
[FSM]: state: INIT
wait for goal.
[FSM]: state: INIT
wait for goal.
[FSM]: state: INIT
wait for goal.
[FSM]: state: INIT
wait for goal.
[FSM]: state: INIT
wait for goal.
[FSM]: state: INIT
wait for goal.
[FSM]: state: INIT
wait for goal.
Warning: TF_REPEATED_DATA ignoring data with redundant timestamp for frame sliding_map (parent world) at time 288.293000 according to authority /scan_planner_node
         at line 277 in /tmp/binarydeb/ros-noetic-tf2-0.7.10/src/buffer_core.cpp
Warning: TF_REPEATED_DATA ignoring data with redundant timestamp for frame sliding_map (parent world) at time 288.694000 according to authority /scan_planner_node
         at line 277 in /tmp/binarydeb/ros-noetic-tf2-0.7.10/src/buffer_core.cpp
[FSM]: state: INIT
wait for goal.
[FSM]: state: INIT
wait for goal.
Warning: TF_REPEATED_DATA ignoring data with redundant timestamp for frame sliding_map (parent world) at time 291.095000 according to authority /scan_planner_node
         at line 277 in /tmp/binarydeb/ros-noetic-tf2-0.7.10/src/buffer_core.cpp
[FSM]: state: INIT
wait for goal.
[FSM]: state: INIT
wait for goal.
Warning: TF_REPEATED_DATA ignoring data with redundant timestamp for frame sliding_map (parent world) at time 293.895000 according to authority /scan_planner_node
         at line 277 in /tmp/binarydeb/ros-noetic-tf2-0.7.10/src/buffer_core.cpp
[FSM]: state: INIT
wait for goal.
Warning: TF_REPEATED_DATA ignoring data with redundant timestamp for frame sliding_map (parent world) at time 294.305000 according to authority /scan_planner_node
         at line 277 in /tmp/binarydeb/ros-noetic-tf2-0.7.10/src/buffer_core.cpp
Warning: TF_REPEATED_DATA ignoring data with redundant timestamp for frame sliding_map (parent world) at time 294.506000 according to authority /scan_planner_node
         at line 277 in /tmp/binarydeb/ros-noetic-tf2-0.7.10/src/buffer_core.cpp
Warning: TF_REPEATED_DATA ignoring data with redundant timestamp for frame sliding_map (parent world) at time 294.896000 according to authority /scan_planner_node
         at line 277 in /tmp/binarydeb/ros-noetic-tf2-0.7.10/src/buffer_core.cpp
[FSM]: state: INIT
wait for goal.
Warning: TF_REPEATED_DATA ignoring data with redundant timestamp for frame sliding_map (parent world) at time 295.497000 according to authority /scan_planner_node
         at line 277 in /tmp/binarydeb/ros-noetic-tf2-0.7.10/src/buffer_core.cpp
Warning: TF_REPEATED_DATA ignoring data with redundant timestamp for frame sliding_map (parent world) at time 295.699000 according to authority /scan_planner_node
         at line 277 in /tmp/binarydeb/ros-noetic-tf2-0.7.10/src/buffer_core.cpp
[FSM]: state: INIT
wait for goal.
Warning: TF_REPEATED_DATA ignoring data with redundant timestamp for frame sliding_map (parent world) at time 296.697000 according to authority /scan_planner_node
         at line 277 in /tmp/binarydeb/ros-noetic-tf2-0.7.10/src/buffer_core.cpp
Warning: TF_REPEATED_DATA ignoring data with redundant timestamp for frame sliding_map (parent world) at time 296.895000 according to authority /scan_planner_node
         at line 277 in /tmp/binarydeb/ros-noetic-tf2-0.7.10/src/buffer_core.cpp
Warning: TF_REPEATED_DATA ignoring data with redundant timestamp for frame sliding_map (parent world) at time 297.512000 according to authority /scan_planner_node
         at line 277 in /tmp/binarydeb/ros-noetic-tf2-0.7.10/src/buffer_core.cpp
[FSM]: state: INIT
wait for goal.
Warning: TF_REPEATED_DATA ignoring data with redundant timestamp for frame sliding_map (parent world) at time 297.699000 according to authority /scan_planner_node
         at line 277 in /tmp/binarydeb/ros-noetic-tf2-0.7.10/src/buffer_core.cpp
Warning: TF_REPEATED_DATA ignoring data with redundant timestamp for frame sliding_map (parent world) at time 298.497000 according to authority /scan_planner_node
         at line 277 in /tmp/binarydeb/ros-noetic-tf2-0.7.10/src/buffer_core.cpp
[FSM]: state: INIT
wait for goal.
Warning: TF_REPEATED_DATA ignoring data with redundant timestamp for frame sliding_map (parent world) at time 299.093000 according to authority /scan_planner_node
         at line 277 in /tmp/binarydeb/ros-noetic-tf2-0.7.10/src/buffer_core.cpp
[FSM]: state: INIT
wait for goal.
[FSM]: state: INIT
wait for goal.
[FSM]: state: INIT
wait for goal.
d=0 kbd=0 raw=1.345,0.696,0.364 grav=-0.02,-0.04,-0.98
[INFO] [1788298212.659226473, 257.243000000]: RL policy input vx=1.153 vy=0.095 wz=0.091 action_rms=0.158 ready=1 userCmd=0 kbd=0 raw=1.153,0.095,0.091 grav=0.02,-0.05,-0.98
[INFO] [1788298216.435032612, 259.244000000]: RL policy input vx=0.000 vy=0.000 wz=-2.281 action_rms=0.300 ready=1 userCmd=0 kbd=0 raw=0.000,0.000,-2.281 grav=0.02,-0.04,-0.98
[INFO] [1788298219.667379960, 261.261000000]: RL policy input vx=0.000 vy=0.000 wz=-0.695 action_rms=0.111 ready=1 userCmd=0 kbd=0 raw=0.000,0.000,-0.695 grav=0.01,0.02,-0.98
[INFO] [1788298222.677583005, 263.268000000]: RL policy input vx=1.384 vy=0.687 wz=0.507 action_rms=0.363 ready=1 userCmd=0 kbd=0 raw=1.384,0.687,0.507 grav=-0.03,0.11,-0.97
[INFO] [1788298225.739343041, 265.277000000]: RL policy input vx=0.065 vy=0.000 wz=0.088 action_rms=0.229 ready=1 userCmd=0 kbd=0 raw=0.065,0.000,0.088 grav=0.02,-0.01,-0.98
[INFO] [1788298228.842538033, 267.288000000]: RL policy input vx=0.000 vy=0.000 wz=2.400 action_rms=0.338 ready=1 userCmd=0 kbd=0 raw=0.000,0.000,2.400 grav=0.01,0.01,-0.98
[INFO] [1788298232.229713271, 269.309000000]: RL policy input vx=0.877 vy=0.174 wz=0.218 action_rms=0.305 ready=1 userCmd=0 kbd=0 raw=0.877,0.174,0.218 grav=0.03,0.02,-0.98
[INFO] [1788298235.791300378, 271.309000000]: RL policy input vx=0.450 vy=0.000 wz=-0.047 action_rms=0.202 ready=1 userCmd=0 kbd=0 raw=0.450,0.000,-0.047 grav=0.00,-0.01,-0.98
[INFO] [1788298239.428647451, 273.328000000]: RL policy input vx=0.450 vy=0.000 wz=-0.038 action_rms=0.165 ready=1 userCmd=0 kbd=0 raw=0.450,0.000,-0.038 grav=0.01,-0.02,-0.98
[INFO] [1788298243.014090663, 275.332000000]: RL policy input vx=0.176 vy=-0.450 wz=-1.150 action_rms=0.184 ready=1 userCmd=0 kbd=0 raw=0.176,-0.450,-1.150 grav=0.02,0.03,-0.98
[INFO] [1788298246.255671547, 277.348000000]: RL policy input vx=2.212 vy=-0.411 wz=-0.202 action_rms=0.302 ready=1 userCmd=0 kbd=0 raw=2.212,-0.411,-0.202 grav=0.02,-0.10,-0.97
[INFO] [1788298249.512107826, 279.352000000]: RL policy input vx=2.249 vy=-0.076 wz=-0.037 action_rms=0.239 ready=1 userCmd=0 kbd=0 raw=2.249,-0.076,-0.037 grav=0.02,0.05,-0.98
[INFO] [1788298252.547796775, 281.356000000]: RL policy input vx=2.249 vy=0.061 wz=0.030 action_rms=0.401 ready=1 userCmd=0 kbd=0 raw=2.249,0.061,0.030 grav=-0.03,-0.07,-0.98
[INFO] [1788298255.398687532, 283.379000000]: RL policy input vx=1.473 vy=0.155 wz=0.115 action_rms=0.424 ready=1 userCmd=0 kbd=0 raw=1.473,0.155,0.115 grav=0.05,-0.00,-0.98
[INFO] [1788298258.296820111, 285.397000000]: RL policy input vx=0.063 vy=0.000 wz=0.659 action_rms=0.242 ready=1 userCmd=0 kbd=0 raw=0.063,0.000,0.659 grav=0.01,0.02,-0.98
[INFO] [1788298261.437745211, 287.400000000]: RL policy input vx=0.449 vy=0.000 wz=0.078 action_rms=0.172 ready=1 userCmd=0 kbd=0 raw=0.449,0.000,0.078 grav=0.01,-0.01,-0.98
[INFO] [1788298264.604018632, 289.411000000]: RL policy input vx=0.450 vy=0.000 wz=-0.004 action_rms=0.234 ready=1 userCmd=0 kbd=0 raw=0.450,0.000,-0.004 grav=0.01,-0.03,-0.98
[INFO] [1788298267.795855055, 291.420000000]: RL policy input vx=2.143 vy=0.103 wz=0.053 action_rms=0.241 ready=1 userCmd=0 kbd=0 raw=2.143,0.103,0.053 grav=-0.00,-0.00,-0.98
[INFO] [1788298270.931815006, 293.437000000]: RL policy input vx=0.471 vy=0.011 wz=0.025 action_rms=0.223 ready=1 userCmd=0 kbd=0 raw=0.471,0.011,0.025 grav=0.02,-0.03,-0.98
[INFO] [1788298274.254766401, 295.456000000]: RL policy input vx=0.000 vy=0.000 wz=2.400 action_rms=0.432 ready=1 userCmd=0 kbd=0 raw=0.000,0.000,2.400 grav=0.00,0.01,-0.98
[INFO] [1788298277.409360291, 297.478000000]: RL policy input vx=0.000 vy=0.000 wz=-1.150 action_rms=0.213 ready=1 userCmd=0 kbd=0 raw=0.000,0.000,-1.150 grav=0.01,-0.01,-0.98
[INFO] [1788298281.083209883, 299.488000000]: RL policy input vx=1.200 vy=-0.537 wz=-0.463 action_rms=0.370 ready=1 userCmd=0 kbd=0 raw=1.200,-0.537,-0.463 grav=-0.03,-0.05,-0.98
[INFO] [1788298285.123182124, 301.495000000]: RL policy input vx=0.000 vy=0.000 wz=-1.535 action_rms=0.180 ready=1 userCmd=0 kbd=0 raw=0.000,0.000,-1.535 grav=0.03,-0.03,-0.98
[INFO] [17882[FSM]: state: INIT
wait for goal.
[FSM]: state: INIT
wait for goal.
[FSM]: state: INIT
wait for goal.
Warning: TF_REPEATED_DATA ignoring data with redundant timestamp for frame sliding_map (parent world) at time 306.001000 according to authority /scan_planner_node
         at line 277 in /tmp/binarydeb/ros-noetic-tf2-0.7.10/src/buffer_core.cpp
[FSM]: state: INIT
wait for goal.
Warning: TF_REPEATED_DATA ignoring data with redundant timestamp for frame sliding_map (parent world) at time 307.094000 according to authority /scan_planner_node
         at line 277 in /tmp/binarydeb/ros-noetic-tf2-0.7.10/src/buffer_core.cpp
Warning: TF_REPEATED_DATA ignoring data with redundant timestamp for frame sliding_map (parent world) at time 307.293000 according to authority /scan_planner_node
         at line 277 in /tmp/binarydeb/ros-noetic-tf2-0.7.10/src/buffer_core.cpp
[FSM]: state: INIT
wait for goal.
Warning: TF_REPEATED_DATA ignoring data with redundant timestamp for frame sliding_map (parent world) at time 308.306000 according to authority /scan_planner_node
         at line 277 in /tmp/binarydeb/ros-noetic-tf2-0.7.10/src/buffer_core.cpp
Warning: TF_REPEATED_DATA ignoring data with redundant timestamp for frame sliding_map (parent world) at time 308.893000 according to authority /scan_planner_node
         at line 277 in /tmp/binarydeb/ros-noetic-tf2-0.7.10/src/buffer_core.cpp
[FSM]: state: INIT
wait for goal.
Warning: TF_REPEATED_DATA ignoring data with redundant timestamp for frame sliding_map (parent world) at time 310.094000 according to authority /scan_planner_node
         at line 277 in /tmp/binarydeb/ros-noetic-tf2-0.7.10/src/buffer_core.cpp
Warning: TF_REPEATED_DATA ignoring data with redundant timestamp for frame sliding_map (parent world) at time 310.293000 according to authority /scan_planner_node
         at line 277 in /tmp/binarydeb/ros-noetic-tf2-0.7.10/src/buffer_core.cpp
[FSM]: state: INIT
wait for goal.
[FSM]: state: INIT
wait for goal.
[FSM]: state: INIT
wait for goal.
[FSM]: state: INIT
wait for goal.
[FSM]: state: INIT
wait for goal.
[FSM]: state: INIT
wait for goal.
[FSM]: state: INIT
wait for goal.
Warning: TF_REPEATED_DATA ignoring data with redundant timestamp for frame sliding_map (parent world) at time 318.597000 according to authority /scan_planner_node
         at line 277 in /tmp/binarydeb/ros-noetic-tf2-0.7.10/src/buffer_core.cpp
[FSM]: state: INIT
wait for goal.
[FSM]: state: INIT
wait for goal.
Warning: TF_REPEATED_DATA ignoring data with redundant timestamp for frame sliding_map (parent world) at time 320.199000 according to authority /scan_planner_node
         at line 277 in /tmp/binarydeb/ros-noetic-tf2-0.7.10/src/buffer_core.cpp
[FSM]: state: INIT
wait for goal.
Warning: TF_REPEATED_DATA ignoring data with redundant timestamp for frame sliding_map (parent world) at time 321.197000 according to authority /scan_planner_node
         at line 277 in /tmp/binarydeb/ros-noetic-tf2-0.7.10/src/buffer_core.cpp
Warning: TF_REPEATED_DATA ignoring data with redundant timestamp for frame sliding_map (parent world) at time 321.797000 according to authority /scan_planner_node
         at line 277 in /tmp/binarydeb/ros-noetic-tf2-0.7.10/src/buffer_core.cpp
Warning: TF_REPEATED_DATA ignoring data with redundant timestamp for frame sliding_map (parent world) at time 321.999000 according to authority /scan_planner_node
         at line 277 in /tmp/binarydeb/ros-noetic-tf2-0.7.10/src/buffer_core.cpp
[FSM]: state: INIT
wait for goal.
Warning: TF_REPEATED_DATA ignoring data with redundant timestamp for frame sliding_map (parent world) at time 322.394000 according to authority /scan_planner_node
         at line 277 in /tmp/binarydeb/ros-noetic-tf2-0.7.10/src/buffer_core.cpp
Warning: TF_REPEATED_DATA ignoring data with redundant timestamp for frame sliding_map (parent world) at time 322.993000 according to authority /scan_planner_node
         at line 277 in /tmp/binarydeb/ros-noetic-tf2-0.7.10/src/buffer_core.cpp
Warning: TF_REPEATED_DATA ignoring data with redundant timestamp for frame sliding_map (parent world) at time 323.393000 according to authority /scan_planner_node
         at line 277 in /tmp/binarydeb/ros-noetic-tf2-0.7.10/src/buffer_core.cpp
[FSM]: state: INIT
wait for goal.
Warning: TF_REPEATED_DATA ignoring data with redundant timestamp for frame sliding_map (parent world) at time 323.995000 according to authority /scan_planner_node
         at line 277 in /tmp/binarydeb/ros-noetic-tf2-0.7.10/src/buffer_core.cpp
Warning: TF_REPEATED_DATA ignoring data with redundant timestamp for frame sliding_map (parent world) at time 324.399000 according to authority /scan_planner_node
         at line 277 in /tmp/binarydeb/ros-noetic-tf2-0.7.10/src/buffer_core.cpp
[FSM]: state: INIT
wait for goal.
Warning: TF_REPEATED_DATA ignoring data with redundant timestamp for frame sliding_map (parent world) at time 325.793000 according to authority /scan_planner_node
         at line 277 in /tmp/binarydeb/ros-noetic-tf2-0.7.10/src/buffer_core.cpp
[FSM]: state: INIT
wait for goal.
Warning: TF_REPEATED_DATA ignoring data with redundant timestamp for frame sliding_map (parent world) at time 326.397000 according to authority /scan_planner_node
         at line 277 in /tmp/binarydeb/ros-noetic-tf2-0.7.10/src/buffer_core.cpp
Warning: TF_REPEATED_DATA ignoring data with redundant timestamp for frame sliding_map (parent world) at time 326.593000 according to authority /scan_planner_node
         at line 277 in /tmp/binarydeb/ros-noetic-tf2-0.7.10/src/buffer_core.cpp
Warning: TF_REPEATED_DATA ignoring data with redundant timestamp for frame sliding_map (parent world) at time 326.996000 according to authority /scan_planner_node
         at line 277 in /tmp/binarydeb/ros-noetic-tf2-0.7.10/src/buffer_core.cpp
[FSM]: state: INIT
wait for goal.
[FSM]: state: INIT
wait for goal.
Warning: TF_REPEATED_DATA ignoring data with redundant timestamp for frame sliding_map (parent world) at time 328.406000 according to authority /scan_planner_node
         at line 277 in /tmp/binarydeb/ros-noetic-tf2-0.7.10/src/buffer_core.cpp
Warning: TF_REPEATED_DATA ignoring data with redundant timestamp for frame sliding_map (parent world) at time 328.600000 according to authority /scan_planner_node
         at line 277 in /tmp/binarydeb/ros-noetic-tf2-0.7.10/src/buffer_core.cpp
[FSM]: state: INIT
wait for goal.
Warning: TF_REPEATED_DATA ignoring data with redundant timestamp for frame sliding_map (parent world) at time 329.399000 according to authority /scan_planner_node
         at line 277 in /tmp/binarydeb/ros-noetic-tf2-0.7.10/src/buffer_core.cpp
Warning: TF_REPEATED_DATA ignoring data with redundant timestamp for frame sliding_map (parent world) at time 329.594000 according to authority /scan_planner_node
         at line 277 in /tmp/binarydeb/ros-noetic-tf2-0.7.10/src/buffer_core.cpp
[FSM]: state: INIT
wait for goal.
Warning: TF_REPEATED_DATA ignoring data with redundant timestamp for frame sliding_map (parent world) at time 331.199000 according to authority /scan_planner_node
         at line 277 in /tmp/binarydeb/ros-noetic-tf2-0.7.10/src/buffer_core.cpp
[FSM]: state: INIT
wait for goal.
Warning: TF_REPEATED_DATA ignoring data with redundant timestamp for frame sliding_map (parent world) at time 332.003000 according to authority /scan_planner_node
         at line 277 in /tmp/binarydeb/ros-noetic-tf2-0.7.10/src/buffer_core.cpp
[FSM]: state: INIT
wait for goal.
[FSM]: state: INIT
wait for goal.
[FSM]: state: INIT
wait for goal.
[FSM]: state: INIT
wait for goal.
[FSM]: state: INIT
wait for goal.
[FSM]: state: INIT
wait for goal.
[FSM]: state: INIT
wait for goal.
[FSM]: state: INIT
wait for goal.
Warning: TF_REPEATED_DATA ignoring data with redundant timestamp for frame sliding_map (parent world) at time 341.200000 according to authority /scan_planner_node
         at line 277 in /tmp/binarydeb/ros-noetic-tf2-0.7.10/src/buffer_core.cpp
[FSM]: state: INIT
wait for goal.
[FSM]: state: INIT
wait for goal.
[FSM]: state: INIT
wait for goal.
[FSM]: state: INIT
wait for goal.
[FSM]: state: INIT
wait for goal.
[FSM]: state: INIT
wait for goal.
[FSM]: state: INIT
wait for goal.
[FSM]: state: INIT
wait for goal.
98289.291810559, 303.504000000]: RL policy input vx=0.831 vy=-0.750 wz=-0.614 action_rms=0.157 ready=1 userCmd=0 kbd=0 raw=0.831,-0.750,-0.614 grav=-0.02,0.05,-0.98
[INFO] [1788298293.270279616, 305.513000000]: RL policy input vx=0.405 vy=-0.035 wz=-0.096 action_rms=0.149 ready=1 userCmd=0 kbd=0 raw=0.405,-0.035,-0.096 grav=0.05,-0.04,-0.98
[INFO] [1788298296.501557447, 307.514000000]: RL policy input vx=0.000 vy=0.000 wz=-0.187 action_rms=0.162 ready=1 userCmd=0 kbd=0 raw=0.000,0.000,-0.187 grav=0.00,-0.01,-0.98
[INFO] [1788298299.506920530, 309.538000000]: RL policy input vx=0.449 vy=0.000 wz=-0.063 action_rms=0.155 ready=1 userCmd=0 kbd=0 raw=0.449,0.000,-0.063 grav=0.02,-0.01,-0.98
[INFO] [1788298302.645065090, 311.552000000]: RL policy input vx=0.448 vy=0.104 wz=0.045 action_rms=0.267 ready=1 userCmd=0 kbd=0 raw=0.448,0.104,0.045 grav=0.01,-0.02,-0.98
[INFO] [1788298305.931050065, 313.558000000]: RL policy input vx=0.450 vy=0.000 wz=0.037 action_rms=0.258 ready=1 userCmd=0 kbd=0 raw=0.450,0.000,0.037 grav=0.01,-0.01,-0.98
[INFO] [1788298309.188804472, 315.567000000]: RL policy input vx=0.450 vy=0.000 wz=-0.006 action_rms=0.158 ready=1 userCmd=0 kbd=0 raw=0.450,0.000,-0.006 grav=0.01,-0.01,-0.98
[INFO] [1788298312.490613339, 317.583000000]: RL policy input vx=2.107 vy=-0.404 wz=-0.208 action_rms=0.269 ready=1 userCmd=0 kbd=0 raw=2.107,-0.404,-0.208 grav=-0.01,-0.04,-0.98
[INFO] [1788298315.466558644, 319.590000000]: RL policy input vx=0.524 vy=0.000 wz=0.001 action_rms=0.216 ready=1 userCmd=0 kbd=0 raw=0.524,0.000,0.001 grav=0.06,-0.04,-0.98
[INFO] [1788298318.330779519, 321.606000000]: RL policy input vx=0.000 vy=0.000 wz=2.400 action_rms=0.173 ready=1 userCmd=0 kbd=0 raw=0.000,0.000,2.400 grav=0.02,0.01,-0.98
[INFO] [1788298321.565191317, 323.615000000]: RL policy input vx=0.000 vy=0.000 wz=-1.150 action_rms=0.144 ready=1 userCmd=0 kbd=0 raw=0.000,0.000,-1.150 grav=0.01,-0.01,-0.98
[INFO] [1788298324.836598960, 325.630000000]: RL policy input vx=0.936 vy=-0.300 wz=-0.341 action_rms=0.178 ready=1 userCmd=0 kbd=0 raw=0.936,-0.300,-0.341 grav=0.01,-0.09,-0.98
[INFO] [1788298327.915115029, 327.634000000]: RL policy input vx=0.000 vy=0.000 wz=-2.116 action_rms=0.328 ready=1 userCmd=0 kbd=0 raw=0.000,0.000,-2.116 grav=0.02,-0.02,-0.98
[INFO] [1788298331.069459002, 329.638000000]: RL policy input vx=0.620 vy=-0.750 wz=-0.968 action_rms=0.184 ready=1 userCmd=0 kbd=0 raw=0.620,-0.750,-0.968 grav=-0.01,0.02,-0.98
[INFO] [1788298334.547412663, 331.652000000]: RL policy input vx=0.400 vy=-0.065 wz=-0.176 action_rms=0.225 ready=1 userCmd=0 kbd=0 raw=0.400,-0.065,-0.176 grav=0.03,-0.04,-0.98
[INFO] [1788298338.508494333, 333.666000000]: RL policy input vx=0.450 vy=0.000 wz=0.026 action_rms=0.180 ready=1 userCmd=0 kbd=0 raw=0.450,0.000,0.026 grav=0.01,-0.02,-0.98
[INFO] [1788298342.974948554, 335.679000000]: RL policy input vx=0.409 vy=0.000 wz=-0.030 action_rms=0.236 ready=1 userCmd=0 kbd=0 raw=0.409,0.000,-0.030 grav=0.01,-0.02,-0.98
[INFO] [1788298346.642907500, 337.687000000]: RL policy input vx=0.786 vy=0.750 wz=0.838 action_rms=0.245 ready=1 userCmd=0 kbd=0 raw=0.786,0.750,0.838 grav=-0.02,-0.04,-0.98
[INFO] [1788298350.041905950, 339.693000000]: RL policy input vx=2.244 vy=0.163 wz=0.080 action_rms=0.371 ready=1 userCmd=0 kbd=0 raw=2.244,0.163,0.080 grav=-0.00,0.02,-0.98
[INFO] [1788298353.625948339, 341.695000000]: RL policy input vx=2.244 vy=0.169 wz=0.083 action_rms=0.321 ready=1 userCmd=0 kbd=0 raw=2.244,0.169,0.083 grav=0.02,-0.01,-0.98
[INFO] [1788298357.283929214, 343.702000000]: RL policy input vx=2.250 vy=0.033 wz=0.016 action_rms=0.336 ready=1 userCmd=0 kbd=0 raw=2.250,0.033,0.016 grav=0.01,0.03,-0.98
[INFO] [1788298361.257212730, 345.702000000]: RL policy input vx=2.250 vy=0.030 wz=0.015 action_rms=0.278 ready=1 userCmd=0 kbd=0 raw=2.250,0.030,0.015 grav=0.02,-0.01,-0.98
[INFO] [1788298364.335039996, 347.721000000]: RL policy input vx=2.250 vy=0.018 wz=0.009 action_rms=0.472 ready=1 userCmd=0 kbd=0 raw=2.250,0.018,0.009 grav=0.01,0.00,-0.98
[INFO] [1788298367.386917783, 349.725000000]: RL policy input vx=1.532 v[FSM]: state: INIT
wait for goal.
[FSM]: state: INIT
wait for goal.
[FSM]: state: INIT
wait for goal.
[FSM]: state: INIT
wait for goal.
[FSM]: state: INIT
wait for goal.
[FSM]: state: INIT
wait for goal.
[FSM]: state: INIT
wait for goal.
[FSM]: state: INIT
wait for goal.
[FSM]: state: INIT
wait for goal.
[FSM]: state: INIT
wait for goal.
[FSM]: state: INIT
wait for goal.
[FSM]: state: INIT
wait for goal.
y=-0.634 wz=-0.314 action_rms=0.286 ready=1 userCmd=0 kbd=0 raw=1.532,-0.634,-0.314 grav=-0.02,0.03,-0.98
[INFO] [1788298370.501128685, 351.730000000]: RL policy input vx=2.227 vy=-0.321 wz=-0.157 action_rms=0.342 ready=1 userCmd=0 kbd=0 raw=2.227,-0.321,-0.157 grav=0.06,0.01,-0.98
[INFO] [1788298373.529653113, 353.731000000]: RL policy input vx=1.129 vy=0.068 wz=0.066 action_rms=0.157 ready=1 userCmd=0 kbd=0 raw=1.129,0.068,0.066 grav=0.08,-0.05,-0.98
[INFO] [1788298376.570941700, 355.750000000]: RL policy input vx=1.248 vy=-0.698 wz=-0.561 action_rms=0.445 ready=1 userCmd=0 kbd=0 raw=1.248,-0.698,-0.561 grav=-0.06,-0.04,-0.98
[INFO] [1788298379.744126918, 357.758000000]: RL policy input vx=0.494 vy=-0.042 wz=-0.094 action_rms=0.196 ready=1 userCmd=0 kbd=0 raw=0.494,-0.042,-0.094 grav=0.02,-0.03,-0.98
[INFO] [1788298382.747947126, 359.773000000]: RL policy input vx=0.000 vy=0.000 wz=-0.777 action_rms=0.251 ready=1 userCmd=0 kbd=0 raw=0.000,0.000,-0.777 grav=0.01,0.00,-0.98
[INFO] [1788298385.859608115, 361.774000000]: RL policy input vx=0.000 vy=0.000 wz=-0.220 action_rms=0.145 ready=1 userCmd=0 kbd=0 raw=0.000,0.000,-0.220 grav=-0.00,-0.00,-0.98
Switched from RL to fixed stand
infer_thread退出!
[WARN] [1788298387.840078639, 362.879000000]: Using one-shot captured-pose FixedStand profile: ramp 0.50 s, settle 0.00 s, ready after 0.50 s + 0.50 s stable, minimum gain 0.75
[INFO] Using /stand_target_joints param stance.
[FSM]: state: INIT
wait for goal.
Switched from fixed stand to RL
[INFO] Entered RL /cmd_vel mode.
[WARN] [1788298389.266903999, 363.743000000]: Using one-shot stair RL takeover profile: blend 0.50 s, zero hold 0.15 s
cuda::is_available():1
RL inference device: cuda (requested=hybrid, policy=stair)
[INFO] RL policy activated from preload cache at FixedStand entry boundary: /workspace/SimEnv/src/unitree_guide/logs/policy_act_inference_stair.pt
[FSM]: state: INIT
wait for goal.
[FSM]: state: INIT
wait for goal.
[FSM]: state: INIT
wait for goal.
[FSM]: state: INIT
wait for goal.
[FSM]: state: INIT
wait for goal.
Warning: TF_REPEATED_DATA ignoring data with redundant timestamp for frame sliding_map (parent world) at time 369.395000 according to authority /scan_planner_node
         at line 277 in /tmp/binarydeb/ros-noetic-tf2-0.7.10/src/buffer_core.cpp
[FSM]: state: INIT
wait for goal.
[FSM]: state: INIT
wait for goal.
[FSM]: state: INIT
wait for goal.
[FSM]: state: INIT
wait for goal.
[FSM]: state: INIT
wait for goal.
[FSM]: state: INIT
wait for goal.
[FSM]: state: INIT
wait for goal.
[FSM]: state: INIT
wait for goal.
[FSM]: state: INIT
wait for goal.
[FSM]: state: INIT
wait for goal.
[FSM]: state: INIT
wait for goal.
Warning: TF_REPEATED_DATA ignoring data with redundant timestamp for frame sliding_map (parent world) at time 380.396000 according to authority /scan_planner_node
         at line 277 in /tmp/binarydeb/ros-noetic-tf2-0.7.10/src/buffer_core.cpp
[FSM]: state: INIT
wait for goal.
[FSM]: state: INIT
wait for goal.
[FSM]: state: INIT
wait for goal.
[FSM]: state: INIT
wait for goal.
[FSM]: state: INIT
wait for goal.
[FSM]: state: INIT
wait for goal.
[WARN] [1788298426.469313188, 387.385000000]: Using one-shot plane RL takeover profile: blend 0.50 s, zero hold 0.15 s
[INFO] [1788298389.329021469, 363.785000000]: RL policy input vx=0.000 vy=0.000 wz=0.000 action_rms=0.164 ready=0 userCmd=0 kbd=0 raw=0.000,0.000,0.000 grav=-0.00,0.01,-0.98
[INFO] [1788298390.475003353, 364.406000000]: RL locomotion_ready latched after 0.67 s takeover and 0.64 s stable hold
[INFO] [1788298392.986889960, 365.791000000]: RL policy input vx=0.574 vy=-0.280 wz=-0.036 action_rms=0.335 ready=1 userCmd=0 kbd=0 raw=0.574,-0.280,-0.036 grav=-0.25,0.00,-0.95
[INFO] [1788298396.010434163, 367.804000000]: RL policy input vx=0.566 vy=-0.296 wz=-0.046 action_rms=0.564 ready=1 userCmd=8 kbd=0 raw=0.566,-0.296,-0.046 grav=-0.37,0.04,-0.91
[INFO] [1788298399.131338795, 369.819000000]: RL policy input vx=0.569 vy=-0.291 wz=-0.042 action_rms=0.590 ready=1 userCmd=0 kbd=0 raw=0.569,-0.291,-0.042 grav=-0.36,-0.03,-0.91
[INFO] [1788298402.548891549, 371.825000000]: RL policy input vx=0.598 vy=-0.453 wz=-0.713 action_rms=0.250 ready=1 userCmd=8 kbd=0 raw=0.598,-0.453,-0.713 grav=0.01,-0.05,-0.98
[INFO] [1788298405.774994891, 373.834000000]: RL policy input vx=0.299 vy=-0.026 wz=-0.095 action_rms=0.145 ready=1 userCmd=0 kbd=0 raw=0.299,-0.026,-0.095 grav=-0.00,0.01,-0.98
[INFO] [1788298408.771018470, 375.834000000]: RL policy input vx=0.000 vy=0.000 wz=-0.411 action_rms=0.150 ready=1 userCmd=0 kbd=0 raw=0.000,0.000,-0.411 grav=-0.03,0.03,-0.98
[INFO] [1788298411.826901315, 377.852000000]: RL policy input vx=0.000 vy=0.000 wz=-0.240 action_rms=0.187 ready=1 userCmd=0 kbd=0 raw=0.000,0.000,-0.240 grav=-0.04,0.02,-0.98
[INFO] [1788298414.934896449, 379.862000000]: RL policy input vx=0.775 vy=-0.198 wz=-0.077 action_rms=0.253 ready=1 userCmd=0 kbd=0 raw=0.775,-0.198,-0.077 grav=-0.07,-0.01,-0.98
[INFO] [1788298418.210137216, 381.882000000]: RL policy input vx=0.581 vy=-0.249 wz=-0.029 action_rms=0.562 ready=1 userCmd=8 kbd=0 raw=0.581,-0.249,-0.029 grav=-0.46,0.15,-0.85
[INFO] [1788298421.289092574, 383.896000000]: RL policy input vx=0.571 vy=-0.271 wz=-0.042 action_rms=0.614 ready=1 userCmd=0 kbd=0 raw=0.571,-0.271,-0.042 grav=-0.31,-0.03,-0.93
[INFO] [1788298424.353323386, 385.908000000]: RL policy input vx=0.600 vy=0.020 wz=0.011 action_rms=0.421 ready=1 userCmd=8 kbd=0 raw=0.600,0.020,0.011 grav=-0.29,-0.07,-0.93
cuda::is_available():1
RL inference device: cpu (requested=hybrid, policy=plane)
[INFO] RL policy hot-switched from preload cache: /workspace/SimEnv/src/unitree_guide/logs/policy_act_inference_plane.pt
[FSM]: state: INIT
wait for goal.
[FSM]: state: INIT
wait for goal.
[FSM]: state: INIT
wait for goal.
[FSM]: state: INIT
wait for goal.
[INFO] [1788298385.776351, 361.714000]: Floor-2 stair controller armed by SECOND_FLOOR_EXPLORATION_COMPLETE.
[INFO] [1788298385.804645, 361.721000]: Robot is already 0.04 m from the pre-riser pose; skipping the corridor/side legs.
[INFO] [1788298385.809032, 361.724000]: Pre-ascent residual heading error -0.115 rad (visual_depth=False, bearing=none).
[INFO] [1788298386.690594, 362.240000]: Flight-A body settled for 0.38 s; waiting for joint RMS capture window <= 0.180 (current=0.326).
[INFO] [1788298387.332546, 362.581000]: Pre-ascent stand target set from flight-A pre-reload capture entry sample
[INFO] [1788298387.358593, 362.604000]: Flight-A plane gait settled at joint RMS 0.177; holding FixedStand for at least 0.1 s at snapshot pose before queued stair-policy entry.
[INFO] [1788298388.956552, 363.590000]: Flight-A FixedStand readiness gate complete; queued the stair policy for State_RL entry and retaining stand ownership for 0.25 s.
[INFO] [1788298389.249963, 363.727000]: Flight-A policy request has been queued under FixedStand; requesting RL so State_RL loads it before inference starts.
[INFO] [1788298390.566660, 364.426000]: Fresh RL readiness confirmed after the flight-A FixedStand boundary; starting the climb ramp.
[INFO] [1788298390.586609, 364.440000]: Flight-A fresh RL readiness observed; ascent clocks reset and 1.2 s climb ramp started.
[INFO] [1788298390.590561, 364.443000]: STPUB phase=STAIR_ASCENT world=(0.024,0.002,-0.033) body=(0.000,-0.024,-0.033) truth_z=2.912 pose=2.9120426998930764
[INFO] [1788298392.448338, 365.460000]: STPUB phase=STAIR_ASCENT world=(0.000,0.800,-0.028) body=(0.797,-0.065,-0.028) truth_z=2.954 pose=2.954610879830714
[INFO] [1788298394.079667, 366.480000]: STPUB phase=STAIR_ASCENT world=(0.032,0.800,-0.021) body=(0.797,-0.081,-0.021) truth_z=3.219 pose=3.2152286111409363
[INFO] [1788298395.546523, 367.501000]: STPUB phase=STAIR_ASCENT world=(0.053,0.800,-0.033) body=(0.791,-0.128,-0.033) truth_z=3.427 pose=3.4270832301379435
[INFO] [1788298397.138384, 368.520000]: STPUB phase=STAIR_ASCENT world=(0.072,0.800,-0.047) body=(0.783,-0.179,-0.047) truth_z=3.696 pose=3.696027661703828
[INFO] [1788298398.713406, 369.541000]: STPUB phase=STAIR_ASCENT world=(0.220,0.600,-0.042) body=(0.569,-0.291,-0.042) truth_z=3.950 pose=3.949956328911981
[INFO] [1788298400.353761, 370.560000]: STPUB phase=STAIR_ASCENT world=(0.077,0.800,-0.037) body=(0.788,-0.160,-0.037) truth_z=4.173 pose=4.1740611092095685
[INFO] [1788298400.693886, 370.780000]: Intermediate landing entered at y=4.75 m; starting moving turn.
[INFO] [1788298402.098258, 371.581000]: STPUB phase=STAIR_LANDING_TURN world=(0.750,0.000,-0.919) body=(0.503,-0.556,-0.919) truth_z=4.214 pose=4.213300231437945
[INFO] [1788298403.834106, 372.600000]: STPUB phase=STAIR_LANDING_TURN world=(0.655,0.000,-0.308) body=(0.630,-0.181,-0.308) truth_z=4.215 pose=4.214246954661291
[INFO] [1788298405.470422, 373.620000]: STPUB phase=STAIR_LANDING_TURN world=(0.300,0.000,-0.105) body=(0.299,-0.029,-0.105) truth_z=4.217 pose=4.216701585619932
[INFO] [1788298406.970734, 374.640000]: STPUB phase=STAIR_LANDING_TURN world=(0.000,0.000,-1.200) body=(0.000,0.000,-1.200) truth_z=4.215 pose=4.215474620879651
[INFO] [1788298408.498186, 375.660000]: STPUB phase=STAIR_LANDING_TURN world=(0.000,0.000,-0.477) body=(0.000,0.000,-0.477) truth_z=4.223 pose=4.222767685016543
[INFO] [1788298410.000107, 376.680000]: STPUB phase=STAIR_LANDING_TURN world=(0.000,0.000,-0.253) body=(0.000,0.000,-0.253) truth_z=4.229 pose=4.2287611099005895
[INFO] [1788298411.568731, 377.700000]: STPUB phase=STAIR_LANDING_TURN world=(0.000,0.000,-0.240) body=(0.000,0.000,-0.240) truth_z=4.237 pose=4.236516717714853
[INFO] [1788298413.184300, 378.720000]: STPUB phase=STAIR_LANDING_TURN world=(0.000,0.000,-0.240) body=(0.000,0.000,-0.240) truth_z=4.239 pose=4.238624683488542
[INFO] [1788298414.059338, 379.300000]: Flight-B entry aligned: x error=-0.042 m, heading error=-0.150 rad.
[INFO] [1788298414.065026, 379.305000]: Flight-B entry joints saved (12 dofs) -> /root/autodl-tmp/code/restore/0803b/overall_l0829/results/oblique_final10_fixbend_seed31_b1/flight_b_entry_joints_1.json
[INFO] [1788298414.124729, 379.320000]: ASCENT_B gate: entry_guide=True truth_pose=True start_z=2.912 profile=True heading=-1.571 pose_z=4.238948583886681 truth_z=4.238948744107247
[INFO] [1788298414.128641, 379.322000]: Pre-ascent RL settle: holding zero command until motion is stable for 0.6 s before FixedStand.
[INFO] [1788298414.131931, 379.324000]: Pre-ascent RL settle active: stable 0.00/0.60 s.
[INFO] [1788298414.747931, 379.720000]: Pre-ascent RL motion settled for 0.62 s; settle-only gate complete (FixedStand disabled).
[INFO] [1788298414.778466, 379.743000]: STPUB phase=STAIR_ASCENT_B world=(-0.023,-0.800,-0.076) body=(0.776,-0.195,-0.076) truth_z=4.238 pose=4.23837053285113
[INFO] [1788298415.731807, 380.341000]: ASCENT_B gate: entry_guide=True truth_pose=True start_z=2.912 profile=True heading=-1.571 pose_z=4.265868476116818 truth_z=4.266287569228496
[INFO] [1788298416.425432, 380.744000]: STPUB phase=STAIR_ASCENT_B world=(-0.200,-0.600,-0.057) body=(0.560,-0.294,-0.057) truth_z=4.302 pose=4.3029965210375565
[INFO] [1788298417.453174, 381.360000]: ASCENT_B gate: entry_guide=True truth_pose=True start_z=2.912 profile=True heading=-1.571 pose_z=4.434434847760652 truth_z=4.433479308491074
[INFO] [1788298418.018891, 381.745000]: STPUB phase=STAIR_ASCENT_B world=(-0.200,-0.600,-0.036) body=(0.576,-0.261,-0.036) truth_z=4.530 pose=4.529721960832082
[INFO] [1788298418.978278, 382.380000]: ASCENT_B gate: entry_guide=True truth_pose=True start_z=2.912 profile=True heading=-1.571 pose_z=4.656012237528954 truth_z=4.654130817926377
[INFO] [1788298419.555676, 382.768000]: STPUB phase=STAIR_ASCENT_B world=(-0.044,-0.800,-0.027) body=(0.794,-0.106,-0.027) truth_z=4.761 pose=4.762045379157226
[INFO] [1788298420.497324, 383.381000]: ASCENT_B gate: entry_guide=True truth_pose=True start_z=2.912 profile=True heading=-1.571 pose_z=4.839744286844589 truth_z=4.8371892712406765
[INFO] [1788298421.098525, 383.772000]: STPUB phase=STAIR_ASCENT_B world=(-0.200,-0.600,-0.046) body=(0.569,-0.277,-0.046) truth_z=4.951 pose=4.950992533135151
[INFO] [1788298422.084319, 384.401000]: ASCENT_B gate: entry_guide=True truth_pose=True start_z=2.912 profile=True heading=-1.571 pose_z=5.075928047522895 truth_z=5.076587776738182
[INFO] [1788298422.684342, 384.785000]: STPUB phase=STAIR_ASCENT_B world=(-0.044,-0.800,-0.021) body=(0.796,-0.092,-0.021) truth_z=5.160 pose=5.159980367081264
[INFO] [1788298423.672042, 385.420000]: ASCENT_B gate: entry_guide=True truth_pose=True start_z=2.912 profile=True heading=-1.571 pose_z=5.2876061952080455 truth_z=5.286992559244337
[INFO] [1788298424.198011, 385.800000]: STPUB phase=STAIR_ASCENT_B world=(-0.030,-0.800,0.004) body=(0.800,-0.020,0.004) truth_z=5.368 pose=5.366776636825807
[INFO] [1788298425.127454, 386.440000]: ASCENT_B gate: entry_guide=True truth_pose=True start_z=2.912 profile=True heading=-1.571 pose_z=5.469691565514854 truth_z=5.473436348409904
[INFO] [1788298425.596681, 386.801000]: STPUB phase=STAIR_ASCENT_B world=(-0.030,-0.800,-0.011) body=(0.799,-0.055,-0.011) truth_z=5.505 pose=5.504227190282702
[INFO] [1788298425.876597, 386.960000]: Upper landing entered: gain=2.60 m, clearance=0.01 m; stabilizing for 0.5 s.
[INFO] [1788298426.399468, 387.320000]: Floor-3 landing confirmed after two flights: gain=2.60 m clearance=0.14 m.
[INFO] [1788298427.466145, 388.079000]: Plane policy acknowledged on the upper landing; releasing stair controller ownership.
[FSM]: state: INIT
wait for goal.
[FSM]: state: INIT
wait for goal.
Warning: TF_REPEATED_DATA ignoring data with redundant timestamp for frame sliding_map (parent world) at time 393.699000 according to authority /scan_planner_node
         at line 277 in /tmp/binarydeb/ros-noetic-tf2-0.7.10/src/buffer_core.cpp
[WARN] [1788298436.353031154, 394.065000000]: Plane tilt guard scaling cmd_vel by 0.41 at tilt 0.270 rad
[FSM]: state: INIT
wait for goal.
[WARN] [1788298438.129754988, 395.106000000]: Plane tilt guard scaling cmd_vel by 0.67 at tilt 0.240 rad
[FSM]: state: INIT
wait for goal.
Warning: TF_REPEATED_DATA ignoring data with redundant timestamp for frame sliding_map (parent world) at time 395.793000 according to authority /scan_planner_node
         at line 277 in /tmp/binarydeb/ros-noetic-tf2-0.7.10/src/buffer_core.cpp
[FSM]: state: INIT
wait for goal.
Warning: TF_REPEATED_DATA ignoring data with redundant timestamp for frame sliding_map (parent world) at time 397.302000 according to authority /scan_planner_node
         at line 277 in /tmp/binarydeb/ros-noetic-tf2-0.7.10/src/buffer_core.cpp
[FSM]: state: INIT
wait for goal.
[FSM]: state: INIT
wait for goal.
[FSM]: state: INIT
wait for goal.
[FSM]: state: INIT
wait for goal.
[FSM]: state: INIT
wait for goal.
[FSM]: state: INIT
wait for goal.
[FSM]: state: INIT
wait for goal.
[FSM]: state: INIT
wait for goal.
[FSM]: state: INIT
wait for goal.
[FSM]: state: INIT
wait for goal.
[FSM]: state: INIT
wait for goal.
[FSM]: state: INIT
wait for goal.
[FSM]: state: INIT
wait for goal.
[FSM]: state: INIT
wait for goal.
[FSM]: state: INIT
wait for goal.
Warning: TF_REPEATED_DATA ignoring data with redundant timestamp for frame sliding_map (parent world) at time 413.894000 according to authority /scan_planner_node
         at line 277 in /tmp/binarydeb/ros-noetic-tf2-0.7.10/src/buffer_core.cpp
[FSM]: state: INIT
wait for goal.
Warning: TF_REPEATED_DATA ignoring data with redundant timestamp for frame sliding_map (parent world) at time 415.194000 according to authority /scan_planner_node
         at line 277 in /tmp/binarydeb/ros-noetic-tf2-0.7.10/src/buffer_core.cpp
[FSM]: state: INIT
wait for goal.
Warning: TF_REPEATED_DATA ignoring data with redundant timestamp for frame sliding_map (parent world) at time 416.200000 according to authority /scan_planner_node
         at line 277 in /tmp/binarydeb/ros-noetic-tf2-0.7.10/src/buffer_core.cpp
Warning: TF_REPEATED_DATA ignoring data with redundant timestamp for frame sliding_map (parent world) at time 416.395000 according to authority /scan_planner_node
         at line 277 in /tmp/binarydeb/ros-noetic-tf2-0.7.10/src/buffer_core.cpp
[FSM]: state: INIT
wait for goal.
Warning: TF_REPEATED_DATA ignoring data with redundant timestamp for frame sliding_map (parent world) at time 417.593000 according to authority /scan_planner_node
         at line 277 in /tmp/binarydeb/ros-noetic-tf2-0.7.10/src/buffer_core.cpp
[FSM]: state: INIT
wait for goal.
Warning: TF_REPEATED_DATA ignoring data with redundant timestamp for frame sliding_map (parent world) at time 418.202000 according to authority /scan_planner_node
         at line 277 in /tmp/binarydeb/ros-noetic-tf2-0.7.10/src/buffer_core.cpp
Warning: TF_REPEATED_DATA ignoring data with redundant timestamp for frame sliding_map (parent world) at time 418.794000 according to authority /scan_planner_node
         at line 277 in /tmp/binarydeb/ros-noetic-tf2-0.7.10/src/buffer_core.cpp
Warning: TF_REPEATED_DATA ignoring data with redundant timestamp for frame sliding_map (parent world) at time 418.998000 according to authority /scan_planner_node
         at line 277 in /tmp/binarydeb/ros-noetic-tf2-0.7.10/src/buffer_core.cpp
[FSM]: state: INIT
wait for goal.
Warning: TF_REPEATED_DATA ignoring data with redundant timestamp for frame sliding_map (parent world) at time 419.995000 according to authority /scan_planner_node
         at line 277 in /tmp/binarydeb/ros-noetic-tf2-0.7.10/src/buffer_core.cpp
Warning: TF_REPEATED_DATA ignoring data with redundant timestamp for frame sliding_map (parent world) at time 420.194000 according to authority /scan_planner_node
         at line 277 in /tmp/binarydeb/ros-noetic-tf2-0.7.10/src/buffer_core.cpp
[FSM]: state: INIT
wait for goal.
Warning: TF_REPEATED_DATA ignoring data with redundant timestamp for frame sliding_map (parent world) at time 420.598000 according to authority /scan_planner_node
         at line 277 in /tmp/binarydeb/ros-noetic-tf2-0.7.10/src/buffer_core.cpp
[FSM]: state: INIT
wait for goal.
Warning: TF_REPEATED_DATA ignoring data with redundant timestamp for frame sliding_map (parent world) at time 422.594000 according to authority /scan_planner_node
         at line 277 in /tmp/binarydeb/ros-noetic-tf2-0.7.10/src/buffer_core.cpp
[FSM]: state: INIT
wait for goal.
Warning: TF_REPEATED_DATA ignoring data with redundant timestamp for frame sliding_map (parent world) at time 423.194000 according to authority /scan_planner_node
         at line 277 in /tmp/binarydeb/ros-noetic-tf2-0.7.10/src/buffer_core.cpp
[FSM]: state: INIT
wait for goal.
[FSM]: state: INIT
wait for goal.
[FSM]: state: INIT
wait for goal.
[FSM]: state: INIT
wait for goal.
[FSM]: state: INIT
wait for goal.
[FSM]: state: INIT
wait for goal.
Warning: TF_REPEATED_DATA ignoring data with redundant timestamp for frame sliding_map (parent world) at time 430.201000 according to authority /scan_planner_node
         at line 277 in /tmp/binarydeb/ros-noetic-tf2-0.7.10/src/buffer_core.cpp
[FSM]: state: INIT
wait for goal.
Warning: TF_REPEATED_DATA ignoring data with redundant timestamp for frame sliding_map (parent world) at time 431.794000 according to authority /scan_planner_node
         at line 277 in /tmp/binarydeb/ros-noetic-tf2-0.7.10/src/buffer_core.cpp
[INFO] [1788298427.214030011, 387.919000000]: RL policy input vx=0.000 vy=0.000 wz=0.000 action_rms=0.142 ready=0 userCmd=0 kbd=0 raw=0.000,0.000,0.000 grav=0.02,0.01,-0.98
[INFO] [1788298427.425006763, 388.044000000]: RL locomotion_ready latched after 0.66 s takeover and 0.36 s stable hold
[INFO] [1788298430.210745489, 389.935000000]: RL policy input vx=0.000 vy=0.000 wz=0.442 action_rms=0.174 ready=1 userCmd=0 kbd=0 raw=0.000,0.000,0.442 grav=0.01,-0.01,-0.98
[INFO] [1788298433.199142961, 391.943000000]: RL policy input vx=0.840 vy=0.000 wz=0.091 action_rms=0.165 ready=1 userCmd=0 kbd=0 raw=0.840,0.000,0.091 grav=0.00,-0.02,-0.98
[INFO] [1788298436.151221718, 393.959000000]: RL policy input vx=2.176 vy=0.253 wz=0.124 action_rms=0.273 ready=1 userCmd=0 kbd=0 raw=2.176,0.253,0.124 grav=0.12,-0.01,-0.97
[INFO] [1788298439.464526590, 395.965000000]: RL policy input vx=2.225 vy=0.332 wz=0.163 action_rms=0.256 ready=1 userCmd=0 kbd=0 raw=2.225,0.332,0.163 grav=-0.04,-0.09,-0.98
[INFO] [1788298442.947647281, 397.972000000]: RL policy input vx=2.243 vy=0.183 wz=0.089 action_rms=0.366 ready=1 userCmd=0 kbd=0 raw=2.243,0.183,0.089 grav=-0.03,-0.08,-0.98
[INFO] [1788298446.590966300, 399.980000000]: RL policy input vx=2.246 vy=0.126 wz=0.061 action_rms=0.270 ready=1 userCmd=0 kbd=0 raw=2.246,0.126,0.061 grav=0.01,0.02,-0.98
[INFO] [1788298450.281994230, 401.999000000]: RL policy input vx=0.508 vy=0.462 wz=0.812 action_rms=0.236 ready=1 userCmd=0 kbd=0 raw=0.508,0.462,0.812 grav=0.03,-0.06,-0.98
[INFO] [1788298454.126301488, 404.016000000]: RL policy input vx=0.000 vy=0.000 wz=0.247 action_rms=0.159 ready=1 userCmd=0 kbd=0 raw=0.000,0.000,0.247 grav=0.02,-0.02,-0.98
[INFO] [1788298457.617539681, 406.032000000]: RL policy input vx=0.450 vy=0.000 wz=0.028 action_rms=0.163 ready=1 userCmd=0 kbd=0 raw=0.450,0.000,0.028 grav=0.00,-0.01,-0.98
[INFO] [1788298461.286839260, 408.038000000]: RL policy input vx=0.312 vy=0.000 wz=-0.041 action_rms=0.244 ready=1 userCmd=0 kbd=0 raw=0.312,0.000,-0.041 grav=0.01,-0.02,-0.98
[INFO] [1788298465.018861917, 410.057000000]: RL policy input vx=1.563 vy=0.006 wz=0.004 action_rms=0.182 ready=1 userCmd=0 kbd=0 raw=1.563,0.006,0.004 grav=0.01,-0.08,-0.98
[INFO] [1788298468.439935373, 412.073000000]: RL policy input vx=0.000 vy=0.000 wz=1.138 action_rms=0.234 ready=1 userCmd=0 kbd=0 raw=0.000,0.000,1.138 grav=0.03,-0.01,-0.98
[INFO] [1788298471.825788522, 414.076000000]: RL policy input vx=0.000 vy=0.000 wz=1.179 action_rms=0.342 ready=1 userCmd=0 kbd=0 raw=0.000,0.000,1.179 grav=0.01,0.02,-0.98
[INFO] [1788298475.064862258, 416.096000000]: RL policy input vx=0.958 vy=-0.750 wz=-0.731 action_rms=0.187 ready=1 userCmd=0 kbd=0 raw=0.958,-0.750,-0.731 grav=-0.06,-0.02,-0.98
[INFO] [1788298478.042665111, 418.108000000]: RL policy input vx=0.292 vy=-0.067 wz=-0.249 action_rms=0.231 ready=1 userCmd=0 kbd=0 raw=0.292,-0.067,-0.249 grav=0.02,-0.02,-0.98
[INFO] [1788298481.119296331, 420.114000000]: RL policy input vx=0.000 vy=0.000 wz=-2.400 action_rms=0.182 ready=1 userCmd=0 kbd=0 raw=0.000,0.000,-2.400 grav=0.01,0.02,-0.98
[INFO] [1788298484.462142166, 422.122000000]: RL policy input vx=1.036 vy=-0.239 wz=-0.250 action_rms=0.191 ready=1 userCmd=0 kbd=0 raw=1.036,-0.239,-0.250 grav=0.04,-0.07,-0.98
[INFO] [1788298487.582851209, 424.121000000]: RL policy input vx=0.446 vy=0.000 wz=-0.147 action_rms=0.192 ready=1 userCmd=0 kbd=0 raw=0.446,0.000,-0.147 grav=0.02,0.00,-0.98
[INFO] [1788298490.761410202, 426.124000000]: RL policy input vx=0.449 vy=0.000 wz=-0.053 action_rms=0.157 ready=1 userCmd=0 kbd=0 raw=0.449,0.000,-0.053 grav=0.01,-0.01,-0.98
[INFO] [1788298493.878350400, 428.125000000]: RL policy input vx=1.082 vy=0.061 wz=0.062 action_rms=0.357 ready=1 userCmd=0 kbd=0 raw=1.082,0.061,0.062 grav=-0.02,0.03,-0.98
[INFO] [1788298496.982321353, 430.132000000]: RL policy input vx=0.450 vy=0.000 wz=0.020 action_rms=0.245 ready=1 userCmd=0 kbd=0 raw=0.450,0.000,0.020 grav=0.01,-0.02,-0.98
[INFO] [1788298500.175238982, 432.152000000]: RL policy input vx=0.450 vy=0.000 wz=-0.010 action_rms=0.157 ready=1 userCmd=0 kbd=0 [FSM]: state: INIT
wait for goal.
[FSM]: state: INIT
wait for goal.
[FSM]: state: INIT
wait for goal.
[FSM]: state: INIT
wait for goal.
[FSM]: state: INIT
wait for goal.
Warning: TF_REPEATED_DATA ignoring data with redundant timestamp for frame sliding_map (parent world) at time 437.598000 according to authority /scan_planner_node
         at line 277 in /tmp/binarydeb/ros-noetic-tf2-0.7.10/src/buffer_core.cpp
[FSM]: state: INIT
wait for goal.
Warning: TF_REPEATED_DATA ignoring data with redundant timestamp for frame sliding_map (parent world) at time 438.196000 according to authority /scan_planner_node
         at line 277 in /tmp/binarydeb/ros-noetic-tf2-0.7.10/src/buffer_core.cpp
[FSM]: state: INIT
wait for goal.
Warning: TF_REPEATED_DATA ignoring data with redundant timestamp for frame sliding_map (parent world) at time 440.195000 according to authority /scan_planner_node
         at line 277 in /tmp/binarydeb/ros-noetic-tf2-0.7.10/src/buffer_core.cpp
[FSM]: state: INIT
wait for goal.
Warning: TF_REPEATED_DATA ignoring data with redundant timestamp for frame sliding_map (parent world) at time 440.419000 according to authority /scan_planner_node
         at line 277 in /tmp/binarydeb/ros-noetic-tf2-0.7.10/src/buffer_core.cpp
Warning: TF_REPEATED_DATA ignoring data with redundant timestamp for frame sliding_map (parent world) at time 440.593000 according to authority /scan_planner_node
         at line 277 in /tmp/binarydeb/ros-noetic-tf2-0.7.10/src/buffer_core.cpp
[FSM]: state: INIT
wait for goal.
[FSM]: state: INIT
wait for goal.
[FSM]: state: INIT
wait for goal.
[FSM]: state: INIT
wait for goal.
[FSM]: state: INIT
wait for goal.
[FSM]: state: INIT
wait for goal.
[FSM]: state: INIT
wait for goal.
[FSM]: state: INIT
wait for goal.
[FSM]: state: INIT
wait for goal.
[FSM]: state: INIT
wait for goal.
[FSM]: state: INIT
wait for goal.
[FSM]: state: INIT
wait for goal.
[FSM]: state: INIT
wait for goal.
[FSM]: state: INIT
wait for goal.
[FSM]: state: INIT
wait for goal.
[FSM]: state: INIT
wait for goal.
[FSM]: state: INIT
wait for goal.
[FSM]: state: INIT
wait for goal.
[FSM]: state: INIT
wait for goal.
[FSM]: state: INIT
wait for goal.
[FSM]: state: INIT
wait for goal.
[FSM]: state: INIT
wait for goal.
[FSM]: state: INIT
wait for goal.
[FSM]: state: INIT
wait for goal.
[FSM]: state: INIT
wait for goal.
[FSM]: state: INIT
wait for goal.
[FSM]: state: INIT
wait for goal.
Warning: TF_REPEATED_DATA ignoring data with redundant timestamp for frame sliding_map (parent world) at time 470.801000 according to authority /scan_planner_node
         at line 277 in /tmp/binarydeb/ros-noetic-tf2-0.7.10/src/buffer_core.cpp
[FSM]: state: INIT
wait for goal.
[FSM]: state: INIT
wait for goal.
Warning: TF_REPEATED_DATA ignoring data with redundant timestamp for frame sliding_map (parent world) at time 472.795000 according to authority /scan_planner_node
         at line 277 in /tmp/binarydeb/ros-noetic-tf2-0.7.10/src/buffer_core.cpp
[FSM]: state: INIT
wait for goal.
[FSM]: state: INIT
wait for goal.
[FSM]: state: INIT
wait for goal.
[FSM]: state: INIT
wait for goal.
[FSM]: state: INIT
wait for goal.
[FSM]: state: INIT
wait for goal.
[FSM]: state: INIT
wait for goal.
raw=0.450,0.000,-0.010 grav=0.01,-0.01,-0.98
[INFO] [1788298503.758534569, 434.167000000]: RL policy input vx=2.143 vy=0.082 wz=0.042 action_rms=0.344 ready=1 userCmd=0 kbd=0 raw=2.143,0.082,0.042 grav=-0.01,0.02,-0.98
[INFO] [1788298507.086737130, 436.173000000]: RL policy input vx=0.306 vy=0.000 wz=0.000 action_rms=0.167 ready=1 userCmd=0 kbd=0 raw=0.306,0.000,0.000 grav=0.04,-0.02,-0.98
[INFO] [1788298510.363223445, 438.188000000]: RL policy input vx=0.000 vy=0.000 wz=-2.400 action_rms=0.134 ready=1 userCmd=0 kbd=0 raw=0.000,0.000,-2.400 grav=0.00,0.03,-0.98
[INFO] [1788298513.524174478, 440.198000000]: RL policy input vx=0.000 vy=0.000 wz=1.150 action_rms=0.168 ready=1 userCmd=0 kbd=0 raw=0.000,0.000,1.150 grav=0.01,-0.01,-0.98
[INFO] [1788298516.904437979, 442.201000000]: RL policy input vx=0.619 vy=0.141 wz=0.246 action_rms=0.165 ready=1 userCmd=0 kbd=0 raw=0.619,0.141,0.246 grav=0.03,0.03,-0.98
[INFO] [1788298520.696613841, 444.212000000]: RL policy input vx=0.000 vy=0.000 wz=2.400 action_rms=0.111 ready=1 userCmd=0 kbd=0 raw=0.000,0.000,2.400 grav=0.00,-0.02,-0.98
[INFO] [1788298524.286507616, 446.216000000]: RL policy input vx=1.647 vy=0.750 wz=0.470 action_rms=0.239 ready=1 userCmd=0 kbd=0 raw=1.647,0.750,0.470 grav=-0.02,0.07,-0.98
[INFO] [1788298528.366856091, 448.227000000]: RL policy input vx=0.298 vy=0.033 wz=0.123 action_rms=0.211 ready=1 userCmd=0 kbd=0 raw=0.298,0.033,0.123 grav=0.02,-0.01,-0.98
[INFO] [1788298532.086631049, 450.239000000]: RL policy input vx=0.450 vy=0.000 wz=0.040 action_rms=0.157 ready=1 userCmd=0 kbd=0 raw=0.450,0.000,0.040 grav=0.01,-0.02,-0.98
[INFO] [1788298535.706263331, 452.242000000]: RL policy input vx=0.300 vy=0.000 wz=-0.013 action_rms=0.279 ready=1 userCmd=0 kbd=0 raw=0.300,0.000,-0.013 grav=0.01,-0.03,-0.98
[INFO] [1788298539.363343114, 454.263000000]: RL policy input vx=1.477 vy=-0.750 wz=-0.517 action_rms=0.260 ready=1 userCmd=0 kbd=0 raw=1.477,-0.750,-0.517 grav=-0.03,-0.06,-0.98
[INFO] [1788298543.496060529, 456.263000000]: RL policy input vx=2.228 vy=-0.315 wz=-0.154 action_rms=0.344 ready=1 userCmd=0 kbd=0 raw=2.228,-0.315,-0.154 grav=-0.01,0.03,-0.98
[INFO] [1788298547.318194428, 458.273000000]: RL policy input vx=2.243 vy=-0.180 wz=-0.088 action_rms=0.342 ready=1 userCmd=0 kbd=0 raw=2.243,-0.180,-0.088 grav=0.04,-0.01,-0.98
[INFO] [1788298551.000108818, 460.285000000]: RL policy input vx=2.250 vy=-0.025 wz=-0.012 action_rms=0.336 ready=1 userCmd=0 kbd=0 raw=2.250,-0.025,-0.012 grav=0.01,-0.00,-0.98
[INFO] [1788298554.367791679, 462.295000000]: RL policy input vx=0.512 vy=0.465 wz=0.811 action_rms=0.149 ready=1 userCmd=0 kbd=0 raw=0.512,0.465,0.811 grav=0.04,-0.03,-0.98
[INFO] [1788298557.774784592, 464.306000000]: RL policy input vx=0.000 vy=0.000 wz=0.238 action_rms=0.165 ready=1 userCmd=0 kbd=0 raw=0.000,0.000,0.238 grav=0.01,-0.01,-0.98
[INFO] [1788298561.403823938, 466.316000000]: RL policy input vx=0.450 vy=0.000 wz=0.021 action_rms=0.192 ready=1 userCmd=0 kbd=0 raw=0.450,0.000,0.021 grav=0.01,-0.02,-0.98
[INFO] [1788298564.978622562, 468.335000000]: RL policy input vx=0.382 vy=0.000 wz=-0.030 action_rms=0.202 ready=1 userCmd=0 kbd=0 raw=0.382,0.000,-0.030 grav=0.01,-0.02,-0.98
[INFO] [1788298568.615236851, 470.340000000]: RL policy input vx=2.143 vy=0.068 wz=0.035 action_rms=0.190 ready=1 userCmd=0 kbd=0 raw=2.143,0.068,0.035 grav=-0.00,0.00,-0.98
[INFO] [1788298572.261196443, 472.342000000]: RL policy input vx=0.300 vy=-0.003 wz=-0.013 action_rms=0.260 ready=1 userCmd=0 kbd=0 raw=0.300,-0.003,-0.013 grav=0.02,-0.02,-0.98
[INFO] [1788298575.838226690, 474.348000000]: RL policy input vx=0.000 vy=0.000 wz=-2.400 action_rms=0.284 ready=1 userCmd=0 kbd=0 raw=0.000,0.000,-2.400 grav=0.00,-0.00,-0.98
[INFO] [1788298579.611064949, 476.357000000]: RL policy input vx=0.852 vy=0.480 wz=0.565 action_rms=0.160 ready=1 userCmd=0 kbd=0 raw=0.852,0.480,0.565 grav=-0.03,0.05,-0.98
[INFO] [1788298583.391434507, 478.366000000]: RL policy input vx=0.953 vy=0.750 wz=0.733 action_rms=0.372 ready=1 userCmd=0 kbd=0 raw=0.953,0.750,0.733 grav=-0.03,-0.03,-0.98
[INFO] [1788298586.77[FSM]: state: INIT
wait for goal.
[FSM]: state: INIT
wait for goal.
Warning: TF_REPEATED_DATA ignoring data with redundant timestamp for frame sliding_map (parent world) at time 482.900000 according to authority /scan_planner_node
         at line 277 in /tmp/binarydeb/ros-noetic-tf2-0.7.10/src/buffer_core.cpp
[FSM]: state: INIT
wait for goal.
[FSM]: state: INIT
wait for goal.
[FSM]: state: INIT
wait for goal.
[FSM]: state: INIT
wait for goal.
[FSM]: state: INIT
wait for goal.
[FSM]: state: INIT
wait for goal.
[FSM]: state: INIT
wait for goal.
[FSM]: state: INIT
wait for goal.
[FSM]: state: INIT
wait for goal.
[FSM]: state: INIT
wait for goal.
[FSM]: state: INIT
wait for goal.
[FSM]: state: INIT
wait for goal.
[FSM]: state: INIT
wait for goal.
[FSM]: state: INIT
wait for goal.
[FSM]: state: INIT
wait for goal.
[FSM]: state: INIT
wait for goal.
[FSM]: state: INIT
wait for goal.
[FSM]: state: INIT
wait for goal.
[FSM]: state: INIT
wait for goal.
Warning: TF_REPEATED_DATA ignoring data with redundant timestamp for frame sliding_map (parent world) at time 505.113000 according to authority /scan_planner_node
         at line 277 in /tmp/binarydeb/ros-noetic-tf2-0.7.10/src/buffer_core.cpp
[FSM]: state: INIT
wait for goal.
[FSM]: state: INIT
wait for goal.
[FSM]: state: INIT
wait for goal.
[FSM]: state: INIT
wait for goal.
[FSM]: state: INIT
wait for goal.
[FSM]: state: INIT
wait for goal.
[FSM]: state: INIT
wait for goal.
[FSM]: state: INIT
wait for goal.
[FSM]: state: INIT
wait for goal.
[FSM]: state: INIT
wait for goal.
[FSM]: state: INIT
wait for goal.
[FSM]: state: INIT
wait for goal.
[FSM]: state: INIT
wait for goal.
[FSM]: state: INIT
wait for goal.
[FSM]: state: INIT
wait for goal.
[FSM]: state: INIT
wait for goal.
[FSM]: state: INIT
wait for goal.
[FSM]: state: INIT
wait for goal.
[FSM]: state: INIT
wait for goal.
[FSM]: state: INIT
wait for goal.
9181426, 480.386000000]: RL policy input vx=0.000 vy=0.000 wz=0.770 action_rms=0.152 ready=1 userCmd=0 kbd=0 raw=0.000,0.000,0.770 grav=0.03,0.00,-0.98
[INFO] [1788298590.762584893, 482.395000000]: RL policy input vx=0.000 vy=0.000 wz=1.431 action_rms=0.157 ready=1 userCmd=0 kbd=0 raw=0.000,0.000,1.431 grav=0.03,0.00,-0.98
[INFO] [1788298594.779658288, 484.400000000]: RL policy input vx=0.357 vy=0.057 wz=0.175 action_rms=0.196 ready=1 userCmd=0 kbd=0 raw=0.357,0.057,0.175 grav=0.02,-0.01,-0.98
[INFO] [1788298598.462132793, 486.404000000]: RL policy input vx=0.450 vy=0.000 wz=-0.050 action_rms=0.161 ready=1 userCmd=0 kbd=0 raw=0.450,0.000,-0.050 grav=0.01,-0.02,-0.98
[INFO] [1788298601.925031193, 488.409000000]: RL policy input vx=0.367 vy=0.000 wz=-0.066 action_rms=0.249 ready=1 userCmd=0 kbd=0 raw=0.367,0.000,-0.066 grav=0.01,-0.02,-0.98
[INFO] [1788298605.230361810, 490.416000000]: RL policy input vx=0.450 vy=0.000 wz=0.020 action_rms=0.159 ready=1 userCmd=0 kbd=0 raw=0.450,0.000,0.020 grav=0.02,-0.03,-0.98
[INFO] [1788298608.542460594, 492.429000000]: RL policy input vx=0.450 vy=0.000 wz=-0.011 action_rms=0.298 ready=1 userCmd=0 kbd=0 raw=0.450,0.000,-0.011 grav=0.00,-0.02,-0.98
[INFO] [1788298611.639770331, 494.431000000]: RL policy input vx=1.269 vy=0.369 wz=0.190 action_rms=0.296 ready=1 userCmd=0 kbd=0 raw=1.269,0.369,0.190 grav=-0.02,-0.03,-0.98
[INFO] [1788298615.070572734, 496.440000000]: RL policy input vx=0.965 vy=0.103 wz=0.117 action_rms=0.122 ready=1 userCmd=0 kbd=0 raw=0.965,0.103,0.117 grav=0.02,-0.06,-0.98
[INFO] [1788298618.543640526, 498.441000000]: RL policy input vx=0.000 vy=0.000 wz=-2.400 action_rms=0.270 ready=1 userCmd=0 kbd=0 raw=0.000,0.000,-2.400 grav=0.02,-0.00,-0.98
[INFO] [1788298622.535688852, 500.453000000]: RL policy input vx=0.000 vy=0.000 wz=0.596 action_rms=0.144 ready=1 userCmd=0 kbd=0 raw=0.000,0.000,0.596 grav=0.02,0.01,-0.98
[INFO] [1788298626.288330107, 502.460000000]: RL policy input vx=0.839 vy=0.239 wz=0.306 action_rms=0.175 ready=1 userCmd=0 kbd=0 raw=0.839,0.239,0.306 grav=0.02,0.05,-0.98
[INFO] [1788298630.226445867, 504.471000000]: RL policy input vx=0.000 vy=0.000 wz=2.400 action_rms=0.181 ready=1 userCmd=0 kbd=0 raw=0.000,0.000,2.400 grav=0.01,-0.01,-0.98
[INFO] [1788298633.893036986, 506.475000000]: RL policy input vx=1.197 vy=0.750 wz=0.616 action_rms=0.217 ready=1 userCmd=0 kbd=0 raw=1.197,0.750,0.616 grav=-0.00,0.05,-0.98
[INFO] [1788298637.587188082, 508.482000000]: RL policy input vx=0.298 vy=0.038 wz=0.140 action_rms=0.167 ready=1 userCmd=0 kbd=0 raw=0.298,0.038,0.140 grav=0.02,-0.01,-0.98
[INFO] [1788298641.299293683, 510.497000000]: RL policy input vx=0.450 vy=0.000 wz=0.049 action_rms=0.164 ready=1 userCmd=0 kbd=0 raw=0.450,0.000,0.049 grav=0.01,-0.02,-0.98
[INFO] [1788298644.958013370, 512.518000000]: RL policy input vx=0.358 vy=0.000 wz=-0.015 action_rms=0.281 ready=1 userCmd=0 kbd=0 raw=0.358,0.000,-0.015 grav=0.01,-0.01,-0.98
[INFO] [1788298648.883230672, 514.523000000]: RL policy input vx=1.019 vy=0.750 wz=0.698 action_rms=0.369 ready=1 userCmd=0 kbd=0 raw=1.019,0.750,0.698 grav=-0.01,-0.02,-0.98
[INFO] [1788298653.262531020, 516.528000000]: RL policy input vx=2.247 vy=0.112 wz=0.055 action_rms=0.369 ready=1 userCmd=0 kbd=0 raw=2.247,0.112,0.055 grav=-0.06,-0.12,-0.97
[INFO] [1788298657.524091732, 518.544000000]: RL policy input vx=2.249 vy=0.063 wz=0.031 action_rms=0.356 ready=1 userCmd=0 kbd=0 raw=2.249,0.063,0.031 grav=0.01,-0.00,-0.98
[INFO] [1788298660.923013414, 520.557000000]: RL policy input vx=2.250 vy=0.025 wz=0.012 action_rms=0.341 ready=1 userCmd=0 kbd=0 raw=2.250,0.025,0.012 grav=0.06,0.01,-0.98
[INFO] [1788298664.323247276, 522.567000000]: RL policy input vx=2.249 vy=0.063 wz=0.031 action_rms=0.351 ready=1 userCmd=0 kbd=0 raw=2.249,0.063,0.031 grav=0.02,0.02,-0.98
[INFO] [1788298667.442160257, 524.570000000]: RL policy input vx=2.248 vy=0.099 wz=0.049 action_rms=0.268 ready=1 userCmd=0 kbd=0 raw=2.248,0.099,0.049 grav=-0.01,-0.05,-0.98
[INFO] [1788298670.530823065, 526.577000000]: RL policy input vx=2.218 vy=-0.381 wz=-0.187 action_rms=0.285[FSM]: state: INIT
wait for goal.
[FSM]: state: INIT
wait for goal.
[FSM]: state: INIT
wait for goal.
[FSM]: state: INIT
wait for goal.
[FSM]: state: INIT
wait for goal.
[FSM]: state: INIT
wait for goal.
[FSM]: state: INIT
wait for goal.
[FSM]: state: INIT
wait for goal.
[FSM]: state: INIT
wait for goal.
[FSM]: state: INIT
wait for goal.
 ready=1 userCmd=0 kbd=0 raw=2.218,-0.381,-0.187 grav=-0.05,-0.05,-0.98
[INFO] [1788298673.644645300, 528.579000000]: RL policy input vx=2.249 vy=-0.050 wz=-0.025 action_rms=0.458 ready=1 userCmd=0 kbd=0 raw=2.249,-0.050,-0.025 grav=0.02,-0.01,-0.98
[INFO] [1788298676.760879612, 530.580000000]: RL policy input vx=0.622 vy=0.100 wz=0.176 action_rms=0.294 ready=1 userCmd=0 kbd=0 raw=0.622,0.100,0.176 grav=0.05,-0.04,-0.98
[INFO] [1788298680.125089516, 532.600000000]: RL policy input vx=0.858 vy=0.750 wz=0.818 action_rms=0.274 ready=1 userCmd=0 kbd=0 raw=0.858,0.750,0.818 grav=-0.01,-0.05,-0.98
[INFO] [1788298683.946432235, 534.618000000]: RL policy input vx=0.000 vy=0.000 wz=-1.072 action_rms=0.170 ready=1 userCmd=0 kbd=0 raw=0.000,0.000,-1.072 grav=0.03,-0.02,-0.98
[INFO] [1788298687.867634652, 536.625000000]: RL policy input vx=0.000 vy=0.000 wz=-0.304 action_rms=0.209 ready=1 userCmd=0 kbd=0 raw=0.000,0.000,-0.304 grav=0.00,0.00,-0.98
Switched from RL to fixed stand
infer_thread退出!
[WARN] [1788298690.736046282, 538.050000000]: Using one-shot captured-pose FixedStand profile: ramp 0.50 s, settle 0.00 s, ready after 0.50 s + 0.50 s stable, minimum gain 0.75
[INFO] Using /stand_target_joints param stance.
[FSM]: state: INIT
wait for goal.
Switched from fixed stand to RL
[INFO] Entered RL /cmd_vel mode.
[WARN] [1788298692.326598607, 538.765000000]: Using one-shot stair RL takeover profile: blend 0.75 s, zero hold 0.25 s
cuda::is_available():1
RL inference device: cuda (requested=hybrid, policy=stair)
[INFO] RL policy activated from preload cache at FixedStand entry boundary: /workspace/SimEnv/src/unitree_guide/logs/policy_act_inference_stair.pt
[FSM]: state: INIT
wait for goal.
[FSM]: state: INIT
wait for goal.
Warning: TF_REPEATED_DATA ignoring data with redundant timestamp for frame sliding_map (parent world) at time 541.693000 according to authority /scan_planner_node
         at line 277 in /tmp/binarydeb/ros-noetic-tf2-0.7.10/src/buffer_core.cpp
[FSM]: state: INIT
wait for goal.
[FSM]: state: INIT
wait for goal.
[FSM]: state: INIT
wait for goal.
Warning: TF_REPEATED_DATA ignoring data with redundant timestamp for frame sliding_map (parent world) at time 545.099000 according to authority /scan_planner_node
         at line 277 in /tmp/binarydeb/ros-noetic-tf2-0.7.10/src/buffer_core.cpp
[FSM]: state: INIT
wait for goal.
[FSM]: state: INIT
wait for goal.
[FSM]: state: INIT
wait for goal.
[FSM]: state: INIT
wait for goal.
[FSM]: state: INIT
wait for goal.
[FSM]: state: INIT
wait for goal.
[FSM]: state: INIT
wait for goal.
[FSM]: state: INIT
wait for goal.
[FSM]: state: INIT
wait for goal.
[FSM]: state: INIT
wait for goal.
[FSM]: state: INIT
wait for goal.
[FSM]: state: INIT
wait for goal.
[FSM]: state: INIT
wait for goal.
[FSM]: state: INIT
wait for goal.
[FSM]: state: INIT
wait for goal.
[FSM]: state: INIT
wait for goal.
[FSM]: state: INIT
wait for goal.
[FSM]: state: INIT
wait for goal.
[FSM]: state: INIT
wait for goal.
[FSM]: state: INIT
wait for goal.
[FSM]: state: INIT
wait for goal.
[FSM]: state: INIT
wait for goal.
[FSM]: state: INIT
wait for goal.
[FSM]: state: INIT
wait for goal.
[FSM]: state: INIT
wait for goal.
[FSM]: state: INIT
wait for goal.
Warning: TF_REPEATED_DATA ignoring data with redundant timestamp for frame sliding_map (parent world) at time 572.000000 according to authority /scan_planner_node
         at line 277 in /tmp/binarydeb/ros-noetic-tf2-0.7.10/src/buffer_core.cpp
[FSM]: state: INIT
wait for goal.
[FSM]: state: INIT
wait for goal.
[FSM]: state: INIT
wait for goal.
[INFO] [1788298689.131876, 537.202000]: DSTPUB phase=STAIR_DESCENT_PRE_ALIGN world=(0.300,0.000,-0.174) body=(-0.058,-0.294,-0.174) truth_z=5.514 drop=0.000 pitch=0.0deg seg=0
[INFO] [1788298690.203083, 537.766000]: Descent policy boundary captured joint RMS 0.336.
[INFO] [1788298690.290562, 537.818000]: Descent plane gait settled; entering FixedStand before the stair-policy load.
[INFO] [1788298691.983635, 538.614000]: Descent FixedStand is ready; stair policy queued.
[INFO] [1788298692.244902, 538.721000]: Descent stair policy queued under FixedStand; requesting fresh stair-RL entry.
[INFO] [1788298694.443081, 539.818000]: Descent stair RL fresh readiness confirmed; warming up 0.8 s.
[INFO] [1788298695.338079, 540.412000]: Descent FLIGHT_B start: z=5.514 drop gate 1.05 m.
[INFO] [1788298695.390611, 540.443000]: DSTPUB phase=STAIR_DESCENT_FLIGHT_B world=(-0.108,0.539,-0.086) body=(0.550,-0.000,-0.086) truth_z=5.514 drop=0.000 pitch=0.0deg seg=-1
[INFO] [1788298697.090100, 541.467000]: DSTPUB phase=STAIR_DESCENT_FLIGHT_B world=(-0.079,0.544,-0.088) body=(0.550,0.000,-0.088) truth_z=5.513 drop=0.001 pitch=0.0deg seg=1
[INFO] [1788298698.952211, 542.492000]: DSTPUB phase=STAIR_DESCENT_FLIGHT_B world=(-0.047,0.602,-0.069) body=(0.604,0.000,-0.069) truth_z=5.276 drop=0.238 pitch=0.0deg seg=23
[INFO] [1788298700.885638, 543.493000]: DSTPUB phase=STAIR_DESCENT_FLIGHT_B world=(-0.040,0.498,-0.086) body=(0.500,0.000,-0.086) truth_z=4.987 drop=0.526 pitch=0.0deg seg=25
[INFO] [1788298702.744828, 544.505000]: DSTPUB phase=STAIR_DESCENT_FLIGHT_B world=(0.003,0.500,-0.046) body=(0.500,0.000,-0.046) truth_z=4.771 drop=0.743 pitch=0.0deg seg=27
[INFO] [1788298704.668576, 545.506000]: DSTPUB phase=STAIR_DESCENT_FLIGHT_B world=(-0.001,0.500,-0.051) body=(0.500,0.000,-0.051) truth_z=4.598 drop=0.915 pitch=0.0deg seg=23
[INFO] [1788298706.693133, 546.527000]: DSTPUB phase=STAIR_DESCENT_FLIGHT_B world=(-0.001,0.500,-0.051) body=(0.500,0.000,-0.051) truth_z=4.464 drop=1.050 pitch=0.0deg seg=24
[INFO] [1788298708.705780, 547.545000]: DSTPUB phase=STAIR_DESCENT_FLIGHT_B world=(0.007,0.500,-0.042) body=(0.500,0.000,-0.042) truth_z=4.352 drop=1.162 pitch=0.0deg seg=21
[INFO] [1788298710.689865, 548.557000]: DSTPUB phase=STAIR_DESCENT_FLIGHT_B world=(-0.011,0.500,-0.061) body=(0.500,0.000,-0.061) truth_z=4.184 drop=1.330 pitch=0.0deg seg=12
[INFO] [1788298711.090170, 548.757000]: Flight-B descent complete: drop=1.32 m y=5.05; starting landing turn.
[INFO] [1788298714.356451, 550.270000]: DSTPUB phase=STAIR_DESCENT_TURN world=(-0.400,0.000,1.088) body=(0.006,0.400,1.088) truth_z=4.214 drop=1.300 pitch=0.0deg seg=0
[INFO] [1788298716.306235, 551.284000]: DSTPUB phase=STAIR_DESCENT_TURN world=(-0.400,0.000,1.200) body=(0.354,0.187,1.200) truth_z=4.211 drop=1.302 pitch=0.0deg seg=0
[INFO] [1788298718.340552, 552.287000]: DSTPUB phase=STAIR_DESCENT_TURN world=(-0.400,0.000,0.904) body=(0.293,-0.272,0.904) truth_z=4.217 drop=1.296 pitch=0.0deg seg=1
[INFO] [1788298720.135278, 553.289000]: DSTPUB phase=STAIR_DESCENT_TURN world=(-0.400,0.000,0.340) body=(0.085,-0.391,0.340) truth_z=4.215 drop=1.299 pitch=0.0deg seg=0
[INFO] [1788298720.368043, 553.421000]: Descent landing heading captured at error 0.175 rad; using shortest-path hold while x aligns.
[INFO] [1788298721.919658, 554.298000]: DSTPUB phase=STAIR_DESCENT_TURN world=(-0.300,0.030,0.042) body=(-0.019,-0.301,0.042) truth_z=4.212 drop=1.302 pitch=0.0deg seg=0
[INFO] [1788298723.093698, 554.941000]: Descent FLIGHT_A start: z=5.514 drop gate 2.45 m.
[INFO] [1788298723.108055, 554.943000]: Descent landing aligned: x err=-0.118 m, heading err=0.002 rad; starting flight A.
[INFO] [1788298723.752534, 555.312000]: DSTPUB phase=STAIR_DESCENT_FLIGHT_A world=(0.001,-0.550,0.035) body=(0.550,0.000,0.035) truth_z=4.214 drop=1.300 pitch=0.0deg seg=-1
[INFO] [1788298725.606448, 556.325000]: DSTPUB phase=STAIR_DESCENT_FLIGHT_A world=(0.040,-0.549,-0.018) body=(0.550,0.000,-0.018) truth_z=4.067 drop=1.446 pitch=0.0deg seg=22
[INFO] [1788298727.622992, 557.342000]: DSTPUB phase=STAIR_DESCENT_FLIGHT_A world=(0.016,-0.772,-0.010) body=(0.772,-0.000,-0.010) truth_z=3.791 drop=1.723 pitch=0.0deg seg=24
[INFO] [1788298729.439234, 558.346000]: DSTPUB phase=STAIR_DESCENT_FLIGHT_A world=(0.018,-0.800,-0.011) body=(0.800,0.000,-0.011) truth_z=3.450 drop=2.064 pitch=0.0deg seg=22
[INFO] [1788298731.132642, 559.366000]: DSTPUB phase=STAIR_DESCENT_FLIGHT_A world=(0.009,-0.600,-0.002) body=(0.600,0.000,-0.002) truth_z=3.155 drop=2.359 pitch=0.0deg seg=23
[INFO] [1788298732.728529, 560.414000]: DSTPUB phase=STAIR_DESCENT_FLIGHT_A world=(-0.013,-0.600,0.019) body=(0.600,0.000,0.019) truth_z=2.904 drop=2.610 pitch=0.0deg seg=23
[INFO] [1788298733.475653, 560.896000]: Segment 1 (F3->F2) complete: drop=2.62 m, elapsed 44.8 s; turning on F2 landing for segment 2.
[INFO] [1788298735.781478, 562.419000]: DSTPUB phase=STAIR_DESCENT_SEGMENT_TURN world=(0.283,0.283,0.000) body=(-0.274,0.291,0.000) truth_z=2.915 drop=0.000 pitch=1.0deg seg=-1
[INFO] [1788298737.097305, 563.264000]: Segment turn aligned (x err=0.130 m, y=1.705 in band [1.70, 1.95]); starting 180 deg turn.
[INFO] [1788298737.358261, 563.443000]: DSTPUB phase=STAIR_DESCENT_SEGMENT_TURN world=(-0.280,-0.001,-0.338) body=(0.000,-0.280,-0.338) truth_z=2.910 drop=0.000 pitch=1.0deg seg=-1
[INFO] [1788298738.283980, 564.045000]: Segment turn aligned (x err=0.158 m, y=1.710 in band [1.70, 1.95]); starting 180 deg turn.
[INFO] [1788298738.953201, 564.459000]: DSTPUB phase=STAIR_DESCENT_SEGMENT_TURN world=(-0.235,0.132,-0.945) body=(-0.047,-0.265,-0.945) truth_z=2.923 drop=0.000 pitch=1.0deg seg=-2
[INFO] [1788298740.534707, 565.467000]: DSTPUB phase=STAIR_DESCENT_SEGMENT_TURN world=(0.051,0.382,-1.000) body=(-0.163,-0.349,-1.000) truth_z=2.917 drop=0.000 pitch=1.0deg seg=0
[INFO] [1788298742.030691, 566.318000]: Segment turn aligned (x err=0.091 m, y=1.946 in band [1.70, 1.95]); starting 180 deg turn.
[INFO] [1788298742.305423, 566.469000]: DSTPUB phase=STAIR_DESCENT_SEGMENT_TURN world=(0.228,0.328,-1.000) body=(-0.070,-0.394,-1.000) truth_z=2.923 drop=0.000 pitch=1.0deg seg=0
[INFO] [1788298744.008995, 567.494000]: DSTPUB phase=STAIR_DESCENT_SEGMENT_TURN world=(0.337,0.095,-0.482) body=(0.012,-0.350,-0.482) truth_z=2.931 drop=0.000 pitch=1.0deg seg=0
[INFO] [1788298744.150047, 567.586000]: Segment turn complete; standing before descent segment 2.
[INFO] [1788298744.406298, 567.715000]: East-align to flight-b center x=-2.48 before segment 2 flight-b (x=-3.61).
[INFO] [1788298744.533840, 567.816000]: East-align south done (y=1.897); moving east to x=-2.48.
[INFO] [1788298745.786512, 568.509000]: DSTPUB phase=STAIR_DESCENT_EAST_ALIGN world=(0.400,-0.008,0.000) body=(-0.035,-0.398,0.000) truth_z=2.915 drop=0.000 pitch=1.0deg seg=0
[INFO] [1788298747.830561, 569.512000]: DSTPUB phase=STAIR_DESCENT_EAST_ALIGN world=(0.400,-0.010,-0.162) body=(-0.043,-0.398,-0.162) truth_z=2.912 drop=0.000 pitch=1.0deg seg=0
[INFO] [1788298749.790892, 570.518000]: DSTPUB phase=STAIR_DESCENT_EAST_ALIGN world=(0.400,-0.014,0.000) body=(-0.044,-0.398,0.000) truth_z=2.911 drop=0.000 pitch=1.0deg seg=0
[INFO] [1788298751.809494, 571.539000]: DSTPUB phase=STAIR_DESCENT_EAST_ALIGN world=(0.300,-0.019,0.000) body=(-0.043,-0.297,0.000) truth_z=2.911 drop=0.000 pitch=1.0deg seg=0
[INFO] [1788298752.969987, 572.187000]: East-align complete (x=-2.642, y=1.872); starting segment-2 flight-b.
[INFO] [1788298752.986598, 572.201000]: Descent FLIGHT_B start: z=2.910 drop gate 1.05 m.
[INFO] [1788298753.674320, 572.544000]: DSTPUB phase=STAIR_DESCENT_FLIGHT_B world=(-0.030,0.549,-0.016) body=(0.550,-0.000,-0.016) truth_z=2.914 drop=-0.004 pitch=1.0deg seg=0
[INFO] [1788298755.581202, 573.547000]: DSTPUB phase=STAIR_DESCENT_FLIGHT_B world=(-0.015,0.550,-0.002) body=(0.550,-0.000,-0.002) truth_z=2.791 drop=0.119 pitch=1.0deg seg=18
[INFO] [1788298757.424798, 574.554000]: DSTPUB phase=STAIR_DESCENT_FLIGHT_B world=(-0.050,0.652,-0.043) body=(0.653,0.000,-0.043) truth_z=2.618 drop=0.292 pitch=1.0deg seg=26
Warning: TF_REPEATED_DATA ignoring data with redundant timestamp for frame sliding_map (parent world) at time 575.615000 according to authority /scan_planner_node
         at line 277 in /tmp/binarydeb/ros-noetic-tf2-0.7.10/src/buffer_core.cpp
[FSM]: state: INIT
wait for goal.
[FSM]: state: INIT
wait for goal.
Warning: TF_REPEATED_DATA ignoring data with redundant timestamp for frame sliding_map (parent world) at time 577.697000 according to authority /scan_planner_node
         at line 277 in /tmp/binarydeb/ros-noetic-tf2-0.7.10/src/buffer_core.cpp
[FSM]: state: INIT
wait for goal.
[FSM]: state: INIT
wait for goal.
[FSM]: state: INIT
wait for goal.
[FSM]: state: INIT
wait for goal.
[INFO] [1788298692.352956720, 538.783000000]: RL policy input vx=0.000 vy=0.000 wz=0.000 action_rms=0.172 ready=0 userCmd=0 kbd=0 raw=0.000,0.000,0.000 grav=-0.01,-0.04,-0.98
[INFO] [1788298694.323619122, 539.768000000]: RL locomotion_ready latched after 1.01 s takeover and 0.99 s stable hold
[INFO] [1788298695.935901919, 540.784000000]: RL policy input vx=0.550 vy=0.000 wz=-0.084 action_rms=0.156 ready=1 userCmd=0 kbd=0 raw=0.550,0.000,-0.084 grav=-0.02,0.01,-0.98
[INFO] [1788298699.554860259, 542.799000000]: RL policy input vx=0.640 vy=0.000 wz=-0.072 action_rms=0.290 ready=1 userCmd=0 kbd=0 raw=0.640,0.000,-0.072 grav=0.42,-0.01,-0.88
[INFO] [1788298703.354594079, 544.812000000]: RL policy input vx=0.500 vy=0.000 wz=-0.053 action_rms=0.275 ready=1 userCmd=0 kbd=0 raw=0.500,0.000,-0.053 grav=0.40,-0.01,-0.90
[INFO] [1788298707.259175870, 546.828000000]: RL policy input vx=0.500 vy=0.000 wz=-0.058 action_rms=0.314 ready=1 userCmd=8 kbd=0 raw=0.500,0.000,-0.058 grav=0.35,0.06,-0.91
[INFO] [1788298711.279362882, 548.843000000]: RL policy input vx=0.000 vy=0.000 wz=0.000 action_rms=0.195 ready=1 userCmd=0 kbd=0 raw=0.000,0.000,0.000 grav=0.05,-0.01,-0.98
[INFO] [1788298715.440141425, 550.850000000]: RL policy input vx=0.188 vy=0.353 wz=1.200 action_rms=0.180 ready=1 userCmd=0 kbd=0 raw=0.188,0.353,1.200 grav=-0.01,0.06,-0.98
[INFO] [1788298719.339093647, 552.850000000]: RL policy input vx=0.159 vy=-0.367 wz=0.451 action_rms=0.151 ready=1 userCmd=0 kbd=0 raw=0.159,-0.367,0.451 grav=0.00,0.01,-0.98
[INFO] [1788298722.924133498, 554.853000000]: RL policy input vx=-0.028 vy=-0.300 wz=0.013 action_rms=0.158 ready=1 userCmd=0 kbd=0 raw=-0.028,-0.300,0.013 grav=0.00,0.01,-0.98
[INFO] [1788298726.624502058, 556.866000000]: RL policy input vx=0.626 vy=0.000 wz=-0.018 action_rms=0.281 ready=1 userCmd=0 kbd=0 raw=0.626,0.000,-0.018 grav=0.41,-0.02,-0.89
[INFO] [1788298730.339015762, 558.869000000]: RL policy input vx=0.800 vy=0.000 wz=0.008 action_rms=0.219 ready=1 userCmd=0 kbd=0 raw=0.800,0.000,0.008 grav=0.33,-0.03,-0.92
[INFO] [1788298733.440338279, 560.869000000]: RL policy input vx=0.600 vy=0.000 wz=0.040 action_rms=0.176 ready=1 userCmd=0 kbd=0 raw=0.600,0.000,0.040 grav=0.08,-0.02,-0.98
[INFO] [1788298736.465725883, 562.876000000]: RL policy input vx=-0.276 vy=0.289 wz=0.000 action_rms=0.129 ready=1 userCmd=0 kbd=0 raw=-0.276,0.289,0.000 grav=0.01,0.04,-0.98
[INFO] [1788298739.555087861, 564.889000000]: RL policy input vx=-0.114 vy=-0.268 wz=-1.000 action_rms=0.149 ready=1 userCmd=0 kbd=0 raw=-0.114,-0.268,-1.000 grav=-0.00,0.03,-0.98
[INFO] [1788298743.001918367, 566.910000000]: RL policy input vx=-0.029 vy=-0.399 wz=-1.000 action_rms=0.288 ready=1 userCmd=0 kbd=0 raw=-0.029,-0.399,-1.000 grav=-0.05,-0.03,-0.98
[INFO] [1788298746.591434209, 568.917000000]: RL policy input vx=-0.039 vy=-0.398 wz=0.000 action_rms=0.152 ready=1 userCmd=0 kbd=0 raw=-0.039,-0.398,0.000 grav=-0.01,0.03,-0.98
[INFO] [1788298750.619935236, 570.930000000]: RL policy input vx=-0.047 vy=-0.376 wz=-0.162 action_rms=0.164 ready=1 userCmd=0 kbd=0 raw=-0.047,-0.376,-0.162 grav=-0.01,0.01,-0.98
[INFO] [1788298754.424465363, 572.943000000]: RL policy input vx=0.550 vy=0.000 wz=-0.018 action_rms=0.159 ready=1 userCmd=8 kbd=0 raw=0.550,0.000,-0.018 grav=-0.01,0.02,-0.98
[INFO] [1788298758.231749412, 574.963000000]: RL policy input vx=0.550 vy=0.000 wz=-0.063 action_rms=0.336 ready=1 userCmd=0 kbd=0 raw=0.550,0.000,-0.063 grav=0.39,0.03,-0.90
[INFO] [1788298762.067341723, 576.967000000]: RL policy input vx=0.800 vy=0.000 wz=0.012 action_rms=0.291 ready=1 userCmd=0 kbd=0 raw=0.800,0.000,0.012 grav=0.42,0.05,-0.88
[INFO] [1788298765.781516512, 578.967000000]: RL policy input vx=0.600 vy=0.000 wz=-0.030 action_rms=0.252 ready=1 userCmd=0 kbd=0 raw=0.600,0.000,-0.030 grav=0.09,0.02,-0.98
[INFO] [1788298769.422782702, 580.968000000]: RL policy input vx=0.157 vy=0.368 wz=1.200 action_rms=0.163 ready=1 userCmd=0 kbd=0 raw=0.157,0.368,1.200 grav=-0.02,0.03,-0.98
[INFO] [1788298772.529011627, 582.976000000]: RL policy input vx=0.186 vy=-0.354 wz=0.533 action_rms=0.142 r[FSM]: state: INIT
wait for goal.
[FSM]: state: INIT
wait for goal.
[FSM]: state: INIT
wait for goal.
[FSM]: state: INIT
wait for goal.
[FSM]: state: INIT
wait for goal.
[FSM]: state: INIT
wait for goal.
[FSM]: state: INIT
wait for goal.
[FSM]: state: INIT
wait for goal.
[FSM]: state: INIT
wait for goal.
[FSM]: state: INIT
wait for goal.
[FSM]: state: INIT
wait for goal.
[WARN] [1788298790.564976282, 594.018000000]: Using one-shot plane RL takeover profile: blend 0.50 s, zero hold 0.15 s
eady=1 userCmd=0 kbd=0 raw=0.186,-0.354,0.533 grav=0.02,0.00,-0.98
[INFO] [1788298775.577717558, 584.992000000]: RL policy input vx=-0.010 vy=-0.300 wz=0.007 action_rms=0.168 ready=1 userCmd=0 kbd=0 raw=-0.010,-0.300,0.007 grav=-0.00,-0.00,-0.98
[INFO] [1788298778.919093982, 587.006000000]: RL policy input vx=0.609 vy=0.000 wz=-0.002 action_rms=0.280 ready=1 userCmd=0 kbd=0 raw=0.609,0.000,-0.002 grav=0.41,0.02,-0.89
[INFO] [1788298782.162954142, 589.019000000]: RL policy input vx=0.500 vy=0.000 wz=-0.039 action_rms=0.175 ready=1 userCmd=0 kbd=0 raw=0.500,0.000,-0.039 grav=0.39,-0.00,-0.90
[INFO] [1788298785.596577843, 591.037000000]: RL policy input vx=0.600 vy=0.000 wz=0.006 action_rms=0.343 ready=1 userCmd=0 kbd=0 raw=0.600,0.000,0.006 grav=0.41,-0.04,-0.89
[INFO] [1788298788.928357073, 593.038000000]: RL policy input vx=0.000 vy=0.000 wz=0.000 action_rms=0.155 ready=1 userCmd=0 kbd=0 raw=0.000,0.000,0.000 grav=-0.00,0.03,-0.98
cuda::is_available():1
RL inference device: cpu (requested=hybrid, policy=plane)
[INFO] RL policy hot-switched from preload cache: /workspace/SimEnv/src/unitree_guide/logs/policy_act_inference_plane.pt
[WARN] [1788298700.487530, 543.295000]: Descent tilt 0.487 rad: capping flight speed at 0.55 m/s.
[WARN] [1788298702.680196, 544.468000]: Descent tilt 0.483 rad: capping flight speed at 0.55 m/s.
[WARN] [1788298705.840714, 546.108000]: Descent tilt 0.486 rad: capping flight speed at 0.55 m/s.
[WARN] [1788298737.876714, 563.785000]: Segment turn left safe position (x=-3.873, y=1.699); zero command and re-centering before continuing turn.
[WARN] [1788298741.726618, 566.119000]: Segment turn left safe position (x=-3.795, y=1.952); zero command and re-centering before continuing turn.
[WARN] [1788298755.975112, 573.774000]: Descent tilt 0.501 rad: capping flight speed at 0.55 m/s.
[WARN] [1788298780.954791, 588.256000]: Descent tilt 0.509 rad: capping flight speed at 0.55 m/s.
[WARN] [1788298783.106513, 589.612000]: Descent tilt 0.502 rad: capping flight speed at 0.55 m/s.
[WARN] [1788298786.765146, 591.702000]: Descent tilt 0.493 rad: capping flight speed at 0.55 m/s.
[INFO] [1788298759.477609, 575.574000]: DSTPUB phase=STAIR_DESCENT_FLIGHT_B world=(0.007,0.800,-0.031) body=(0.800,0.000,-0.031) truth_z=2.398 drop=0.512 pitch=1.0deg seg=21
[INFO] [1788298761.363543, 576.595000]: DSTPUB phase=STAIR_DESCENT_FLIGHT_B world=(0.030,0.799,-0.009) body=(0.800,0.000,-0.009) truth_z=2.069 drop=0.842 pitch=1.0deg seg=22
[INFO] [1788298763.264231, 577.597000]: DSTPUB phase=STAIR_DESCENT_FLIGHT_B world=(0.021,0.600,0.001) body=(0.600,0.000,0.001) truth_z=1.809 drop=1.101 pitch=1.0deg seg=24
[INFO] [1788298765.092905, 578.600000]: DSTPUB phase=STAIR_DESCENT_FLIGHT_B world=(0.020,0.600,-0.014) body=(0.600,-0.000,-0.014) truth_z=1.613 drop=1.297 pitch=1.0deg seg=20
[INFO] [1788298765.779907, 578.951000]: Flight-B descent complete: drop=1.31 m y=5.06; starting landing turn.
[INFO] [1788298768.624810, 580.484000]: DSTPUB phase=STAIR_DESCENT_TURN world=(-0.400,0.000,0.867) body=(0.019,0.400,0.867) truth_z=1.614 drop=1.296 pitch=1.0deg seg=-1
[INFO] [1788298770.265425, 581.498000]: DSTPUB phase=STAIR_DESCENT_TURN world=(-0.400,0.000,1.200) body=(0.354,0.186,1.200) truth_z=1.610 drop=1.300 pitch=1.0deg seg=0
[INFO] [1788298771.797373, 582.519000]: DSTPUB phase=STAIR_DESCENT_TURN world=(-0.400,0.000,0.918) body=(0.296,-0.269,0.918) truth_z=1.620 drop=1.290 pitch=1.0deg seg=0
[INFO] [1788298773.357784, 583.538000]: DSTPUB phase=STAIR_DESCENT_TURN world=(-0.400,0.000,0.340) body=(0.091,-0.390,0.340) truth_z=1.619 drop=1.292 pitch=1.0deg seg=0
[INFO] [1788298773.492535, 583.643000]: Descent landing heading captured at error 0.177 rad; using shortest-path hold while x aligns.
[INFO] [1788298774.949967, 584.569000]: DSTPUB phase=STAIR_DESCENT_TURN world=(-0.300,0.000,0.038) body=(0.010,-0.300,0.038) truth_z=1.614 drop=1.296 pitch=1.0deg seg=0
[INFO] [1788298776.041281, 585.270000]: Descent FLIGHT_A start: z=2.910 drop gate 2.45 m.
[INFO] [1788298776.072728, 585.292000]: Descent landing aligned: x err=-0.114 m, heading err=-0.003 rad; starting flight A.
[INFO] [1788298776.588369, 585.602000]: DSTPUB phase=STAIR_DESCENT_FLIGHT_A world=(0.007,-0.550,0.035) body=(0.550,0.000,0.035) truth_z=1.615 drop=1.295 pitch=1.0deg seg=0
[INFO] [1788298778.275708, 586.616000]: DSTPUB phase=STAIR_DESCENT_FLIGHT_A world=(0.046,-0.548,-0.019) body=(0.550,0.000,-0.019) truth_z=1.487 drop=1.424 pitch=1.0deg seg=21
[INFO] [1788298779.950576, 587.618000]: DSTPUB phase=STAIR_DESCENT_FLIGHT_A world=(0.014,-0.732,-0.019) body=(0.732,-0.000,-0.019) truth_z=1.235 drop=1.675 pitch=1.0deg seg=20
[INFO] [1788298781.559925, 588.641000]: DSTPUB phase=STAIR_DESCENT_FLIGHT_A world=(0.015,-0.500,-0.066) body=(0.500,0.000,-0.066) truth_z=0.950 drop=1.960 pitch=1.0deg seg=28
[INFO] [1788298783.220156, 589.659000]: DSTPUB phase=STAIR_DESCENT_FLIGHT_A world=(-0.033,-0.499,-0.014) body=(0.500,0.000,-0.014) truth_z=0.762 drop=2.148 pitch=1.0deg seg=29
[INFO] [1788298785.001570, 590.672000]: DSTPUB phase=STAIR_DESCENT_FLIGHT_A world=(-0.038,-0.499,-0.001) body=(0.500,0.000,-0.001) truth_z=0.577 drop=2.333 pitch=1.0deg seg=23
[INFO] [1788298786.742930, 591.696000]: DSTPUB phase=STAIR_DESCENT_FLIGHT_A world=(-0.047,-0.598,0.028) body=(0.600,0.000,0.028) truth_z=0.370 drop=2.540 pitch=1.0deg seg=27
[INFO] [1788298788.027234, 592.468000]: Final flight complete: drop=2.61 m y=1.74; holding on F1 landing for a stable terminal pose.
[INFO] [1788298789.086720, 593.127000]: F1 landing stable for 1.0 s: body height 0.316 m, upright-z 1.000.
[INFO] [1788298789.575478, 593.422000]: Returned to first floor after 100.9 s (drop=2.59 m).
[INFO] [1788298790.073261, 593.727000]: Stair descent terminal phase: FIRST_FLOOR_RETURNED
[FSM]: state: INIT
wait for goal.
[FSM]: state: INIT
wait for goal.
[FSM]: state: INIT
wait for goal.
[FSM]: state: INIT
wait for goal.
[FSM]: state: INIT
wait for goal.
[FSM]: state: INIT
wait for goal.
[FSM]: state: INIT
wait for goal.
[FSM]: state: INIT
wait for goal.
[FSM]: state: INIT
wait for goal.
Warning: TF_REPEATED_DATA ignoring data with redundant timestamp for frame sliding_map (parent world) at time 603.503000 according to authority /scan_planner_node
         at line 277 in /tmp/binarydeb/ros-noetic-tf2-0.7.10/src/buffer_core.cpp
Warning: TF_REPEATED_DATA ignoring data with redundant timestamp for frame sliding_map (parent world) at time 603.894000 according to authority /scan_planner_node
         at line 277 in /tmp/binarydeb/ros-noetic-tf2-0.7.10/src/buffer_core.cpp
[FSM]: state: INIT
wait for goal.
[INFO] [1788298791.625535654, 594.677000000]: RL locomotion_ready latched after 0.66 s takeover and 0.42 s stable hold
[INFO] [1788298792.205432786, 595.058000000]: RL policy input vx=0.000 vy=0.000 wz=0.800 action_rms=0.214 ready=1 userCmd=0 kbd=0 raw=0.000,0.000,0.800 grav=-0.00,-0.01,-0.98
[INFO] [1788298795.484507295, 597.059000000]: RL policy input vx=0.000 vy=0.000 wz=0.269 action_rms=0.162 ready=1 userCmd=0 kbd=0 raw=0.000,0.000,0.269 grav=0.01,-0.02,-0.98
[INFO] [1788298798.827046101, 599.066000000]: RL policy input vx=0.551 vy=0.000 wz=0.143 action_rms=0.188 ready=1 userCmd=0 kbd=0 raw=0.551,0.000,0.143 grav=-0.01,-0.02,-0.98
[INFO] [1788298801.799574040, 601.070000000]: RL policy input vx=1.100 vy=0.000 wz=0.020 action_rms=0.398 ready=1 userCmd=0 kbd=0 raw=1.100,0.000,0.020 grav=-0.01,-0.01,-0.98
[INFO] [1788298804.831940808, 603.089000000]: RL policy input vx=0.652 vy=0.000 wz=0.016 action_rms=0.143 ready=1 userCmd=0 kbd=0 raw=0.652,0.000,0.016 grav=0.01,-0.03,-0.98
[INFO] [1788298807.971144980, 605.102000000]: RL policy input vx=0.000 vy=0.000 wz=0.000 action_rms=0.179 ready=1 userCmd=0 kbd=0 raw=0.000,0.000,0.000 grav=0.02,-0.02,-0.98
stop the controller
des manager
terminate called after throwing an instance of 'boost::wrapexcept<boost::lock_error>'
  what():  boost: mutex lock failed in pthread_mutex_lock: Invalid argument
[INFO] [1788297739.288177, 0.207000]: danger_detector: first rendered RGB frame ready (320x240)
[INFO] [1788297769.631811, 16.822000]: danger_detector: exploration clock started after preparation
[INFO] [1788297829.649781, 48.309000]: danger_detector: confirmed red sphere #1 at [-5.3262, 13.0695, 0.15], t=31.49s, stage=floor_1_exploration
[INFO] [1788297830.936476, 49.093000]: danger_detector: scan batch label=floor_0_room_0_g3 raw=4 min_points=3 clusters=[(-5.330694889053641, 13.159283357268261)]
[INFO] [1788297842.169396, 55.506000]: danger_detector: scan batch label=floor_0_room_0_g4 raw=1 min_points=3 clusters=[]
[INFO] [1788297882.948920, 77.505000]: danger_detector: scan batch label=floor_0_room_1_g3 raw=0 min_points=3 clusters=[]
[INFO] [1788297909.769169, 93.046000]: danger_detector: scan batch label=floor_0_room_1_g4 raw=0 min_points=3 clusters=[]
[INFO] [1788297963.646320, 123.019000]: danger_detector: scan batch label=floor_0_room_2_g3 raw=0 min_points=3 clusters=[]
[INFO] [1788297975.236406, 128.761000]: danger_detector: scan batch label=floor_0_room_2_g4 raw=0 min_points=3 clusters=[]
[INFO] [1788298007.251577, 146.957000]: danger_detector: scan batch label=floor_0_room_3_g3 raw=0 min_points=3 clusters=[]
[INFO] [1788298018.148579, 153.148000]: danger_detector: scan batch label=floor_0_room_3_g4 raw=0 min_points=3 clusters=[]
[INFO] [1788298179.015539, 236.248000]: danger_detector: scan batch label=floor_1_room_0_g3 raw=0 min_points=3 clusters=[]
[INFO] [1788298189.577177, 242.556000]: danger_detector: scan batch label=floor_1_room_0_g4 raw=0 min_points=3 clusters=[]
[INFO] [1788298217.959618, 260.067000]: danger_detector: confirmed red sphere #2 at [5.7777, 13.6686, 2.75], t=243.25s, stage=floor_2_exploration
[INFO] [1788298219.047369, 260.821000]: danger_detector: scan batch label=floor_1_room_1_g3 raw=4 min_points=3 clusters=[(5.788126129101749, 13.680042077528304)]
[INFO] [1788298229.011209, 267.386000]: danger_detector: scan batch label=floor_1_room_1_g4 raw=2 min_points=3 clusters=[]
[INFO] [1788298275.839037, 296.426000]: danger_detector: scan batch label=floor_1_room_2_g3 raw=0 min_points=3 clusters=[]
[INFO] [1788298288.653877, 303.158000]: danger_detector: scan batch label=floor_1_room_2_g4 raw=0 min_points=3 clusters=[]
[INFO] [1788298319.936117, 322.656000]: danger_detector: scan batch label=floor_1_room_3_g3 raw=0 min_points=3 clusters=[]
[INFO] [1788298330.232934, 329.165000]: danger_detector: scan batch label=floor_1_room_3_g4 raw=0 min_points=3 clusters=[]
[INFO] [1788298471.435878, 413.856000]: danger_detector: scan batch label=floor_2_room_0_g3 raw=0 min_points=3 clusters=[]
[INFO] [1788298481.538831, 420.360000]: danger_detector: scan batch label=floor_2_room_0_g4 raw=0 min_points=3 clusters=[]
[INFO] [1788298511.444683, 438.865000]: danger_detector: scan batch label=floor_2_room_1_g3 raw=0 min_points=3 clusters=[]
[INFO] [1788298522.532575, 445.277000]: danger_detector: scan batch label=floor_2_room_1_g4 raw=0 min_points=3 clusters=[]
[INFO] [1788298576.160523, 474.531000]: danger_detector: scan batch label=floor_2_room_2_g3 raw=0 min_points=3 clusters=[]
[INFO] [1788298590.395484, 482.215000]: danger_detector: scan batch label=floor_2_room_2_g4 raw=0 min_points=3 clusters=[]
[INFO] [1788298619.702406, 499.040000]: danger_detector: confirmed red sphere #3 at [5.3559, 27.7759, 5.35], t=482.22s, stage=floor_3_exploration
[INFO] [1788298621.400733, 499.882000]: danger_detector: scan batch label=floor_2_room_3_g3 raw=8 min_points=3 clusters=[(5.339470302130757, 27.72352946329685)]
[INFO] [1788298632.542227, 505.747000]: danger_detector: scan batch label=floor_2_room_3_g4 raw=4 min_points=3 clusters=[(5.30045622243744, 27.684301996298586)]
[INFO] [1788298807.657086, 604.918000]: danger_detector: wrote 3 confirmed red-ball detections -> /root/autodl-tmp/code/restore/0803b/overall_l0829/results/oblique_final10_fixbend_seed31_b1/red_ball_detections.json
[INFO] [1788297740.574823, 1.007000]: Bootstrap armed: stand@1.0s state-gated RL max_wait=25.0s repeat=120.0s start_t=1.0
[INFO] [1788297748.962780, 5.707000]: Requesting RL /cmd_vel through /joy (repeating).
[INFO] [1788297769.561275, 16.807000]: Bootstrap observed locomotion_ready; releasing /joy.
[ERROR] [1788298808.235398, 605.234000]: bad callback: <bound method ScanPlannerPointCloudBridge._on_cloud of <__main__.ScanPlannerPointCloudBridge object at 0x7f4b36b8cbe0>>
Traceback (most recent call last):
  File "/opt/ros/noetic/lib/python3/dist-packages/rospy/topics.py", line 750, in _invoke_callback
    cb(msg)
  File "/root/autodl-tmp/code/restore/0803b/overall_l0829/threefloor_stress5_repro_20260827/work/mounts/SimEnv/src/simenv_bridge/scripts/scanplanner_pointcloud_bridge.py", line 171, in _on_cloud
    self._publisher.publish(pointcloud2_xyzi(world_points, header))
  File "/opt/ros/noetic/lib/python3/dist-packages/rospy/topics.py", line 882, in publish
    self.impl.publish(data)
  File "/opt/ros/noetic/lib/python3/dist-packages/rospy/topics.py", line 1041, in publish
    raise ROSException("publish() to a closed topic")
rospy.exceptions.ROSException: publish() to a closed topic

[INFO] [1788298807.667332, 604.918000]: Three-floor RL mission complete in first-floor lobby at (-0.26, 3.85, 0.31)
[INFO] [1788297730.613373, 0.000000]: scanplanner_pointcloud_bridge: /scan -> /registered_scan at <= 5.0 Hz
[INFO] [1788297755.380421, 9.028000]: scanplanner_pointcloud_bridge: published 50 clouds (1210 points)
[INFO] [1788297771.849797, 18.125000]: scanplanner_pointcloud_bridge: published 100 clouds (1192 points)
[INFO] [1788297787.563685, 26.125000]: scanplanner_pointcloud_bridge: published 150 clouds (1931 points)
[INFO] [1788297802.155176, 33.625000]: scanplanner_pointcloud_bridge: published 200 clouds (2437 points)
[INFO] [1788297817.377921, 42.116000]: scanplanner_pointcloud_bridge: published 250 clouds (2389 points)
[INFO] [1788297831.735427, 49.530000]: scanplanner_pointcloud_bridge: published 300 clouds (2385 points)
[INFO] [1788297848.104953, 59.026000]: scanplanner_pointcloud_bridge: published 350 clouds (2365 points)
[INFO] [1788297864.023231, 67.519000]: scanplanner_pointcloud_bridge: published 400 clouds (2390 points)
[INFO] [1788297877.388131, 74.520000]: scanplanner_pointcloud_bridge: published 450 clouds (2365 points)
[INFO] [1788297892.432041, 82.923000]: scanplanner_pointcloud_bridge: published 500 clouds (2375 points)
[INFO] [1788297908.031444, 92.033000]: scanplanner_pointcloud_bridge: published 550 clouds (2401 points)
[INFO] [1788297924.573903, 101.118000]: scanplanner_pointcloud_bridge: published 600 clouds (2371 points)
[INFO] [1788297940.204536, 110.329000]: scanplanner_pointcloud_bridge: published 650 clouds (2310 points)
[INFO] [1788297956.081609, 118.923000]: scanplanner_pointcloud_bridge: published 700 clouds (2437 points)
[INFO] [1788297970.847404, 126.627000]: scanplanner_pointcloud_bridge: published 750 clouds (2374 points)
[INFO] [1788297985.827156, 134.529000]: scanplanner_pointcloud_bridge: published 800 clouds (2392 points)
[INFO] [1788298002.362423, 144.134000]: scanplanner_pointcloud_bridge: published 850 clouds (2378 points)
[INFO] [1788298018.593526, 153.432000]: scanplanner_pointcloud_bridge: published 900 clouds (2401 points)
[INFO] [1788298031.957062, 159.924000]: scanplanner_pointcloud_bridge: published 950 clouds (2386 points)
[INFO] [1788298048.241878, 168.423000]: scanplanner_pointcloud_bridge: published 1000 clouds (2385 points)
[INFO] [1788298064.100473, 177.741000]: scanplanner_pointcloud_bridge: published 1050 clouds (2355 points)
[INFO] [1788298078.964993, 185.316000]: scanplanner_pointcloud_bridge: published 1100 clouds (2056 points)
[INFO] [1788298094.055261, 193.123000]: scanplanner_pointcloud_bridge: published 1150 clouds (2465 points)
[INFO] [1788298109.094618, 201.726000]: scanplanner_pointcloud_bridge: published 1200 clouds (1979 points)
[INFO] [1788298124.388088, 209.819000]: scanplanner_pointcloud_bridge: published 1250 clouds (2466 points)
[INFO] [1788298137.301001, 216.029000]: scanplanner_pointcloud_bridge: published 1300 clouds (2399 points)
[INFO] [1788298149.956095, 221.422000]: scanplanner_pointcloud_bridge: published 1350 clouds (2408 points)
[INFO] [1788298162.593348, 227.228000]: scanplanner_pointcloud_bridge: published 1400 clouds (2392 points)
[INFO] [1788298177.217382, 235.127000]: scanplanner_pointcloud_bridge: published 1450 clouds (2391 points)
[INFO] [1788298192.413270, 244.333000]: scanplanner_pointcloud_bridge: published 1500 clouds (2406 points)
[INFO] [1788298207.966559, 254.341000]: scanplanner_pointcloud_bridge: published 1550 clouds (2390 points)
[INFO] [1788298223.270941, 263.641000]: scanplanner_pointcloud_bridge: published 1600 clouds (2401 points)
[INFO] [1788298239.439449, 273.336000]: scanplanner_pointcloud_bridge: published 1650 clouds (2389 points)
[INFO] [1788298255.212866, 283.232000]: scanplanner_pointcloud_bridge: published 1700 clouds (2423 points)
[INFO] [1788298270.646229, 293.246000]: scanplanner_pointcloud_bridge: published 1750 clouds (2381 points)
[INFO] [1788298286.074134, 301.917000]: scanplanner_pointcloud_bridge: published 1800 clouds (2394 points)
[INFO] [1788298300.250346, 310.032000]: scanplanner_pointcloud_bridge: published 1850 clouds (2363 points)
[INFO] [1788298315.994372, 319.948000]: scanplanner_pointcloud_bridge: published 1900 clouds (2367 points)
[INFO] [1788298331.519361, 329.939000]: scanplanner_pointcloud_bridge: published 1950 clouds (2423 points)
[INFO] [1788298345.779159, 337.128000]: scanplanner_pointcloud_bridge: published 2000 clouds (2377 points)
[INFO] [1788298361.179937, 345.637000]: scanplanner_pointcloud_bridge: published 2050 clouds (2392 points)
[INFO] [1788298376.406090, 355.631000]: scanplanner_pointcloud_bridge: published 2100 clouds (2445 points)
[INFO] [1788298392.241397, 365.334000]: scanplanner_pointcloud_bridge: published 2150 clouds (1964 points)
[INFO] [1788298408.015796, 375.334000]: scanplanner_pointcloud_bridge: published 2200 clouds (2032 points)
[INFO] [1788298423.536154, 385.335000]: scanplanner_pointcloud_bridge: published 2250 clouds (2352 points)
[INFO] [1788298438.193051, 395.136000]: scanplanner_pointcloud_bridge: published 2300 clouds (2466 points)
[INFO] [1788298453.701879, 403.740000]: scanplanner_pointcloud_bridge: published 2350 clouds (2375 points)
[INFO] [1788298470.777826, 413.536000]: scanplanner_pointcloud_bridge: published 2400 clouds (2388 points)
[INFO] [1788298486.317901, 423.330000]: scanplanner_pointcloud_bridge: published 2450 clouds (2369 points)
[INFO] [1788298502.242716, 433.334000]: scanplanner_pointcloud_bridge: published 2500 clouds (2388 points)
[INFO] [1788298518.780007, 443.153000]: scanplanner_pointcloud_bridge: published 2550 clouds (2377 points)
[INFO] [1788298535.696929, 452.235000]: scanplanner_pointcloud_bridge: published 2600 clouds (2385 points)
[INFO] [1788298550.932226, 460.235000]: scanplanner_pointcloud_bridge: published 2650 clouds (2412 points)
[INFO] [1788298568.245885, 470.129000]: scanplanner_pointcloud_bridge: published 2700 clouds (2438 points)
[INFO] [1788298585.047432, 479.336000]: scanplanner_pointcloud_bridge: published 2750 clouds (2380 points)
[INFO] [1788298600.584343, 487.631000]: scanplanner_pointcloud_bridge: published 2800 clouds (2389 points)
[INFO] [1788298616.592726, 497.333000]: scanplanner_pointcloud_bridge: published 2850 clouds (2366 points)
[INFO] [1788298633.252149, 506.133000]: scanplanner_pointcloud_bridge: published 2900 clouds (2406 points)
[INFO] [1788298649.548514, 514.838000]: scanplanner_pointcloud_bridge: published 2950 clouds (2404 points)
[INFO] [1788298663.756468, 522.238000]: scanplanner_pointcloud_bridge: published 3000 clouds (2417 points)
[INFO] [1788298679.284955, 532.137000]: scanplanner_pointcloud_bridge: published 3050 clouds (2452 points)
[INFO] [1788298694.058467, 539.637000]: scanplanner_pointcloud_bridge: published 3100 clouds (2408 points)
[INFO] [1788298709.877932, 548.133000]: scanplanner_pointcloud_bridge: published 3150 clouds (2021 points)
[INFO] [1788298724.891994, 555.941000]: scanplanner_pointcloud_bridge: published 3200 clouds (2411 points)
[INFO] [1788298740.829201, 565.638000]: scanplanner_pointcloud_bridge: published 3250 clouds (2354 points)
[INFO] [1788298757.175426, 574.439000]: scanplanner_pointcloud_bridge: published 3300 clouds (2356 points)
[INFO] [1788298772.481204, 582.936000]: scanplanner_pointcloud_bridge: published 3350 clouds (2363 points)
[INFO] [1788298788.452194, 592.737000]: scanplanner_pointcloud_bridge: published 3400 clouds (1884 points)
[INFO] [1788298804.185649, 602.634000]: scanplanner_pointcloud_bridge: published 3450 clouds (2361 points)
[INFO] [1788297733.758514, 0.000000]: building_generator_classic_control ready
[INFO] [1788298689.179259, 537.232000]: SCAN explored all three floors; stair descent owns the return.
[INFO] [1788297734.087844691]: ros topic name:/scan
[INFO] [1788297734.092188330]: scan info size:2500
[INFO] [1788297734.093793761]: sample:2500
[INFO] [1788297734.093815729]: downsample:1
[INFO] [1788297734.834578755]: <initialOrientationAsReference> is unset, using default value of false to comply with REP 145 (world as orientation reference)
[INFO] [1788297734.834616090]: <robotNamespace> set to: //
[INFO] [1788297734.834626010]: <topicName> set to: /livox/imu
[INFO] [1788297734.834634474]: <frameName> set to: livox_imu_link
[INFO] [1788297734.834653595]: <updateRateHZ> set to: 1000
[INFO] [1788297734.834663584]: <gaussianNoise> set to: 0
[INFO] [1788297734.834685658]: <xyzOffset> set to: 0 0 0
[INFO] [1788297734.834703370]: <rpyOffset> set to: 0 -0 0
[INFO] [1788297735.467404027]: Camera Plugin: Using the 'robotNamespace' param: '/'
[INFO] [1788297735.471979637]: Camera Plugin (ns = /)  <tf_prefix_>, set to ""
[INFO] [1788297735.481964638]: Updating LinkState: reference_frame is empty/world/map, using inertial frame
[INFO] [1788297735.482713794]: Camera Plugin: Using the 'robotNamespace' param: '/'
[INFO] [1788297735.487271423]: Updating LinkState: reference_frame is empty/world/map, using inertial frame
[INFO] [1788297735.488500901]: Camera Plugin (ns = /)  <tf_prefix_>, set to ""
[INFO] [1788297736.769730726]: Loading gazebo_ros_control plugin
[INFO] [1788297736.769835671]: Starting gazebo_ros_control plugin in namespace: /a1_gazebo
[INFO] [1788297736.771207614]: gazebo_ros_control plugin is waiting for model URDF in parameter [/robot_description] on the ROS param server.
[INFO] [1788297736.896904408]: Loaded gazebo_ros_control.
[31mWARNING: disk usage in log directory [/root/.ros/log] is over 1GB.
It's recommended that you use the 'rosclean' command.[0m

auto-starting new master
[1mprocess[master]: started with pid [823529][0m
[1mROS_MASTER_URI=http://localhost:11311[0m
]2;/root/autodl-tmp/code/restore/0803b/overall_l0829/threefloor_stress5_repro_20260827/work/mounts/SimEnv/src/simenv_bridge/launch/scanplanner_three_floor_rl.launch http://localhost:11311
[1msetting /run_id to 2fca3136-a64b-11f1-9359-0242ac110007[0m
[1mprocess[rosout-1]: started with pid [823539][0m
started core service [/rosout]
[1mprocess[gazebo-2]: started with pid [823550][0m
[1mprocess[urdf_spawner-3]: started with pid [823553][0m
[1mprocess[state_from_gazebo-4]: started with pid [823556][0m
[1mprocess[a1_gazebo/controller_spawner-5]: started with pid [823557][0m
[1mprocess[robot_state_publisher-6]: started with pid [823562][0m
[1mprocess[unpause_after_controllers-7]: started with pid [823564][0m
[1mprocess[building_control-8]: started with pid [823566][0m
[1mprocess[open_mapping_entrance-9]: started with pid [823571][0m
[1mprocess[junior_ctrl-10]: started with pid [823573][0m
[1mprocess[scanplanner_pointcloud_bridge-11]: started with pid [823574][0m
[1mprocess[scan_planner_node-12]: started with pid [823575][0m
[1mprocess[closed_loop_controller-13]: started with pid [823576][0m
[1mprocess[scanplanner_plane_rl_bootstrap-14]: started with pid [823588][0m
[1mprocess[rl_floor_command_mux-15]: started with pid [823605][0m
[1mprocess[stair_transition_manager-16]: started with pid [823618][0m
[1mprocess[second_to_third_floor_stair_manager-17]: started with pid [823619][0m
[1mprocess[stair_descent_manager-18]: started with pid [823620][0m
[1mprocess[scanplanner_three_floor_goal_sequencer-19]: started with pid [823621][0m
[1mprocess[scanplanner_red_ball_detector-20]: started with pid [823622][0m
[1mprocess[three_floor_rl_mission_supervisor-21]: started with pid [823628][0m
[1m[open_mapping_entrance-9] process has finished cleanly
log file: /root/.ros/log/2fca3136-a64b-11f1-9359-0242ac110007/open_mapping_entrance-9*.log[0m
[1m[urdf_spawner-3] process has finished cleanly
log file: /root/.ros/log/2fca3136-a64b-11f1-9359-0242ac110007/urdf_spawner-3*.log[0m
[1m[unpause_after_controllers-7] process has finished cleanly
log file: /root/.ros/log/2fca3136-a64b-11f1-9359-0242ac110007/unpause_after_controllers-7*.log[0m
[1m[stair_transition_manager-16] process has finished cleanly
log file: /root/.ros/log/2fca3136-a64b-11f1-9359-0242ac110007/stair_transition_manager-16*.log[0m
[1m[second_to_third_floor_stair_manager-17] process has finished cleanly
log file: /root/.ros/log/2fca3136-a64b-11f1-9359-0242ac110007/second_to_third_floor_stair_manager-17*.log[0m
[1m[stair_descent_manager-18] process has finished cleanly
log file: /root/.ros/log/2fca3136-a64b-11f1-9359-0242ac110007/stair_descent_manager-18*.log[0m
[three_floor_rl_mission_supervisor-21] killing on exit
[scanplanner_red_ball_detector-20] killing on exit
[scanplanner_three_floor_goal_sequencer-19] killing on exit
[rl_floor_command_mux-15] killing on exit
[scanplanner_plane_rl_bootstrap-14] killing on exit
[closed_loop_controller-13] killing on exit
[scan_planner_node-12] killing on exit
[scanplanner_pointcloud_bridge-11] killing on exit
[junior_ctrl-10] killing on exit
[building_control-8] killing on exit
[robot_state_publisher-6] killing on exit
[a1_gazebo/controller_spawner-5] killing on exit
[state_from_gazebo-4] killing on exit
[gazebo-2] killing on exit
[rosout-1] killing on exit
[master] killing on exit
shutting down processing monitor...
... shutting down processing monitor complete
[1mdone[0m
