xacro: in-order processing became default in ROS Melodic. You can drop the option.
... logging to /home/quinn/.ros/log/45a2398e-a931-11f1-9447-05c1f50d701d/roslaunch-Legion-271129.log
Checking log directory for disk usage. This may take a while.
Press Ctrl-C to interrupt
Done checking log file disk usage. Usage is <1GB.
]2;/home/quinn/0904/threefloor_stress5_repro_20260827/work/mounts/SimEnv/src/simenv_bridge/launch/scanplanner_three_floor_rl.launch
[1mstarted roslaunch server http://Legion:34791/[0m

SUMMARY
========

CLEAR PARAMETERS
 * /scan_planner_node/

PARAMETERS
 * /a1_gazebo/FL_calf_controller/joint: FL_calf_joint
 * /a1_gazebo/FL_calf_controller/pid/d: 8.0
 * /a1_gazebo/FL_calf_controller/pid/i: 0.0
 * /a1_gazebo/FL_calf_controller/pid/p: 300.0
 * /a1_gazebo/FL_calf_controller/type: unitree_legged_co...
 * /a1_gazebo/FL_hip_controller/joint: FL_hip_joint
 * /a1_gazebo/FL_hip_controller/pid/d: 5.0
 * /a1_gazebo/FL_hip_controller/pid/i: 0.0
 * /a1_gazebo/FL_hip_controller/pid/p: 100.0
 * /a1_gazebo/FL_hip_controller/type: unitree_legged_co...
 * /a1_gazebo/FL_thigh_controller/joint: FL_thigh_joint
 * /a1_gazebo/FL_thigh_controller/pid/d: 8.0
 * /a1_gazebo/FL_thigh_controller/pid/i: 0.0
 * /a1_gazebo/FL_thigh_controller/pid/p: 300.0
 * /a1_gazebo/FL_thigh_controller/type: unitree_legged_co...
 * /a1_gazebo/FR_calf_controller/joint: FR_calf_joint
 * /a1_gazebo/FR_calf_controller/pid/d: 8.0
 * /a1_gazebo/FR_calf_controller/pid/i: 0.0
 * /a1_gazebo/FR_calf_controller/pid/p: 300.0
 * /a1_gazebo/FR_calf_controller/type: unitree_legged_co...
 * /a1_gazebo/FR_hip_controller/joint: FR_hip_joint
 * /a1_gazebo/FR_hip_controller/pid/d: 5.0
 * /a1_gazebo/FR_hip_controller/pid/i: 0.0
 * /a1_gazebo/FR_hip_controller/pid/p: 100.0
 * /a1_gazebo/FR_hip_controller/type: unitree_legged_co...
 * /a1_gazebo/FR_thigh_controller/joint: FR_thigh_joint
 * /a1_gazebo/FR_thigh_controller/pid/d: 8.0
 * /a1_gazebo/FR_thigh_controller/pid/i: 0.0
 * /a1_gazebo/FR_thigh_controller/pid/p: 300.0
 * /a1_gazebo/FR_thigh_controller/type: unitree_legged_co...
 * /a1_gazebo/RL_calf_controller/joint: RL_calf_joint
 * /a1_gazebo/RL_calf_controller/pid/d: 8.0
 * /a1_gazebo/RL_calf_controller/pid/i: 0.0
 * /a1_gazebo/RL_calf_controller/pid/p: 300.0
 * /a1_gazebo/RL_calf_controller/type: unitree_legged_co...
 * /a1_gazebo/RL_hip_controller/joint: RL_hip_joint
 * /a1_gazebo/RL_hip_controller/pid/d: 5.0
 * /a1_gazebo/RL_hip_controller/pid/i: 0.0
 * /a1_gazebo/RL_hip_controller/pid/p: 100.0
 * /a1_gazebo/RL_hip_controller/type: unitree_legged_co...
 * /a1_gazebo/RL_thigh_controller/joint: RL_thigh_joint
 * /a1_gazebo/RL_thigh_controller/pid/d: 8.0
 * /a1_gazebo/RL_thigh_controller/pid/i: 0.0
 * /a1_gazebo/RL_thigh_controller/pid/p: 300.0
 * /a1_gazebo/RL_thigh_controller/type: unitree_legged_co...
 * /a1_gazebo/RR_calf_controller/joint: RR_calf_joint
 * /a1_gazebo/RR_calf_controller/pid/d: 8.0
 * /a1_gazebo/RR_calf_controller/pid/i: 0.0
 * /a1_gazebo/RR_calf_controller/pid/p: 300.0
 * /a1_gazebo/RR_calf_controller/type: unitree_legged_co...
 * /a1_gazebo/RR_hip_controller/joint: RR_hip_joint
 * /a1_gazebo/RR_hip_controller/pid/d: 5.0
 * /a1_gazebo/RR_hip_controller/pid/i: 0.0
 * /a1_gazebo/RR_hip_controller/pid/p: 100.0
 * /a1_gazebo/RR_hip_controller/type: unitree_legged_co...
 * /a1_gazebo/RR_thigh_controller/joint: RR_thigh_joint
 * /a1_gazebo/RR_thigh_controller/pid/d: 8.0
 * /a1_gazebo/RR_thigh_controller/pid/i: 0.0
 * /a1_gazebo/RR_thigh_controller/pid/p: 300.0
 * /a1_gazebo/RR_thigh_controller/type: unitree_legged_co...
 * /a1_gazebo/joint_limits/FL_calf_joint/has_position_limits: False
 * /a1_gazebo/joint_limits/FR_calf_joint/has_position_limits: False
 * /a1_gazebo/joint_limits/RL_calf_joint/has_position_limits: False
 * /a1_gazebo/joint_limits/RR_calf_joint/has_position_limits: False
 * /a1_gazebo/joint_state_controller/publish_rate: 1000
 * /a1_gazebo/joint_state_controller/type: joint_state_contr...
 * /body_pose_topic: /Odometry_gazebo
 * /closed_loop_controller/finish_dist: 0.15
 * /closed_loop_controller/heading_error_threshold: 0.8
 * /closed_loop_controller/kp_pos: 0.8
 * /closed_loop_controller/kp_yaw: 1.5
 * /closed_loop_controller/max_vx: 2.05
 * /closed_loop_controller/max_vy: 0.35
 * /closed_loop_controller/max_vyaw: 1.0
 * /closed_loop_controller/time_forward: 0.8
 * /gazebo/enable_ros_network: True
 * /rl_floor_command_mux/command_timeout_sec: 0.4
 * /rl_floor_command_mux/linear_acceleration: 2.2
 * /rl_floor_command_mux/linear_deceleration: 2.0
 * /rl_floor_command_mux/max_forward: 2.25
 * /rl_floor_command_mux/max_lateral: 0.75
 * /rl_floor_command_mux/max_reverse: 0.2
 * /rl_floor_command_mux/max_yaw: 3.0
 * /rl_floor_command_mux/output_topic: /cmd_vel
 * /rl_floor_command_mux/planner_topic: /scanplanner/plan...
 * /rl_floor_command_mux/rate: 30.0
 * /rl_floor_command_mux/yaw_acceleration: 2.4
 * /rl_floor_command_mux/yaw_slowdown: 1.05
 * /rl_floor_command_mux/yaw_translation_stop: 1.3
 * /robot_description: <?xml version="1....
 * /robot_name: a1
 * /rosdistro: noetic
 * /rosversion: 1.17.4
 * /scan_planner_node/fsm/emergency_time_: 1.0
 * /scan_planner_node/fsm/fail_safe: True
 * /scan_planner_node/fsm/is_real_world: True
 * /scan_planner_node/fsm/manual_goal_use_current_height: True
 * /scan_planner_node/fsm/max_replan_fail_count: 1000
 * /scan_planner_node/fsm/navi_mode: 1
 * /scan_planner_node/fsm/planning_horizon: 7.5
 * /scan_planner_node/fsm/thresh_no_replan: 0.1
 * /scan_planner_node/fsm/thresh_replan: 1.0
 * /scan_planner_node/grid_map/cloud_is_world: True
 * /scan_planner_node/grid_map/cx: 317.19
 * /scan_planner_node/grid_map/cy: 256.48
 * /scan_planner_node/grid_map/depth_filter_margin: 1
 * /scan_planner_node/grid_map/depth_filter_maxdist: 3.0
 * /scan_planner_node/grid_map/depth_filter_mindist: 0.3
 * /scan_planner_node/grid_map/double_cylinder_offset: 0.18
 * /scan_planner_node/grid_map/double_cylinder_radius: 0.25
 * /scan_planner_node/grid_map/fx: 609.59
 * /scan_planner_node/grid_map/fy: 609.22
 * /scan_planner_node/grid_map/k_depth_scaling_factor: 1000.0
 * /scan_planner_node/grid_map/map_sliding_thresh: 0.2
 * /scan_planner_node/grid_map/max_ray_length: 5.0
 * /scan_planner_node/grid_map/need_extrinsic: True
 * /scan_planner_node/grid_map/obstacles_inflation_z_down: 0.4
 * /scan_planner_node/grid_map/obstacles_inflation_z_up: 0.1
 * /scan_planner_node/grid_map/p_hit: 0.85
 * /scan_planner_node/grid_map/p_max: 0.98
 * /scan_planner_node/grid_map/p_min: 0.12
 * /scan_planner_node/grid_map/p_miss: 0.3
 * /scan_planner_node/grid_map/p_occ: 0.8
 * /scan_planner_node/grid_map/resolution: 0.05
 * /scan_planner_node/grid_map/sensor_type: lidar
 * /scan_planner_node/grid_map/skip_pixel: 2
 * /scan_planner_node/grid_map/sliding_map_size_x: 10.0
 * /scan_planner_node/grid_map/sliding_map_size_y: 10.0
 * /scan_planner_node/grid_map/sliding_map_size_z: 5.0
 * /scan_planner_node/grid_map/vis_height: 0.3
 * /scan_planner_node/manager/control_points_distance: 0.2
 * /scan_planner_node/manager/feasibility_tolerance: 0.5
 * /scan_planner_node/manager/max_acc: 1.1
 * /scan_planner_node/manager/max_jerk: 4.0
 * /scan_planner_node/manager/max_vel: 2.05
 * /scan_planner_node/manager/planning_horizon: 7.5
 * /scan_planner_node/optimization/acc_tolerance: 1.0
 * /scan_planner_node/optimization/dist0: 0.2
 * /scan_planner_node/optimization/lambda_collision: 1.0
 * /scan_planner_node/optimization/lambda_feasibility: 0.1
 * /scan_planner_node/optimization/lambda_fitness: 1.0
 * /scan_planner_node/optimization/lambda_smooth: 1.0
 * /scan_planner_node/optimization/max_acc: 1.1
 * /scan_planner_node/optimization/max_vel: 2.05
 * /scan_planner_node/optimization/vel_tolerance: 1.0
 * /scanplanner_plane_rl_bootstrap/fixed_stand_max_duration_sec: 25.0
 * /scanplanner_plane_rl_bootstrap/release_after_rl_request: True
 * /scanplanner_plane_rl_bootstrap/rl_repeat_seconds: 120.0
 * /scanplanner_plane_rl_bootstrap/stand_after_seconds: 1.0
 * /scanplanner_pointcloud_bridge/input: /scan
 * /scanplanner_pointcloud_bridge/laser_blind: 0.5
 * /scanplanner_pointcloud_bridge/maximum_rate_hz: 5.0
 * /scanplanner_pointcloud_bridge/maximum_vertical_angle_deg: 55
 * /scanplanner_pointcloud_bridge/minimum_vertical_angle_deg: -7
 * /scanplanner_pointcloud_bridge/odom_topic: /Odometry_gazebo
 * /scanplanner_pointcloud_bridge/output: /registered_scan
 * /scanplanner_pointcloud_bridge/world_frame: map
 * /scanplanner_red_ball_detector/camera_info_topic: /recording_camera...
 * /scanplanner_red_ball_detector/camera_ready_topic: /simenv/recording...
 * /scanplanner_red_ball_detector/confirm_count: 3
 * /scanplanner_red_ball_detector/depth_topic: /real_sense/depth...
 * /scanplanner_red_ball_detector/floor_height_m: 2.6
 * /scanplanner_red_ball_detector/ground_range_scale: 0.95
 * /scanplanner_red_ball_detector/image_topic: /recording_camera...
 * /scanplanner_red_ball_detector/layout_metadata: /tmp/simenv_bridg...
 * /scanplanner_red_ball_detector/maximum_processing_rate_hz: 0.0
 * /scanplanner_red_ball_detector/merge_radius: 1.1
 * /scanplanner_red_ball_detector/out_json: /home/quinn/0904/...
 * /scanplanner_red_ball_detector/require_room_boundary_during_scan: True
 * /scanplanner_red_ball_detector/room_boundary_margin_m: 0.5
 * /scanplanner_red_ball_detector/scan_active_topic: /scanplanner/room...
 * /scanplanner_red_ball_detector/use_depth: True
 * /scanplanner_three_floor_goal_sequencer/direct_plane_distance_gain: 1.25
 * /scanplanner_three_floor_goal_sequencer/direct_plane_max_lateral_speed_mps: 0.75
 * /scanplanner_three_floor_goal_sequencer/direct_plane_min_forward_speed: 0.3
 * /scanplanner_three_floor_goal_sequencer/direct_plane_translation_heading_limit_rad: 1.45
 * /scanplanner_three_floor_goal_sequencer/direct_plane_yaw_rate: 1.15
 * /scanplanner_three_floor_goal_sequencer/direct_stair_yaw_rate: 0.35
 * /scanplanner_three_floor_goal_sequencer/entrance_fixed_heading_release_rad: 0.2
 * /scanplanner_three_floor_goal_sequencer/entrance_lateral_gain: 0.6
 * /scanplanner_three_floor_goal_sequencer/entrance_max_lateral_speed_mps: 0.12
 * /scanplanner_three_floor_goal_sequencer/entrance_progress_timeout_sec: 5.0
 * /scanplanner_three_floor_goal_sequencer/entrance_recovery_hold_sec: 1.0
 * /scanplanner_three_floor_goal_sequencer/entrance_recovery_max_attempts: 2
 * /scanplanner_three_floor_goal_sequencer/entrance_speed_scale: 1.45
 * /scanplanner_three_floor_goal_sequencer/floor_control_settle_sec: 0.15
 * /scanplanner_three_floor_goal_sequencer/handoff_timeout_sec: 300.0
 * /scanplanner_three_floor_goal_sequencer/manager_release_settle_sec: 0.1
 * /scanplanner_three_floor_goal_sequencer/maximum_floor_speed: 2.25
 * /scanplanner_three_floor_goal_sequencer/maximum_replans: 2
 * /scanplanner_three_floor_goal_sequencer/minimum_upright_duration_sec: 0.6
 * /scanplanner_three_floor_goal_sequencer/minimum_upright_z: 0.55
 * /scanplanner_three_floor_goal_sequencer/mission_config: /tmp/simenv_bridg...
 * /scanplanner_three_floor_goal_sequencer/output_dir: /home/quinn/0904/...
 * /scanplanner_three_floor_goal_sequencer/plane_attitude_hold_upright_z: 0.9
 * /scanplanner_three_floor_goal_sequencer/plane_attitude_slowdown_upright_z: 0.97
 * /scanplanner_three_floor_goal_sequencer/plane_fast_takeover: True
 * /scanplanner_three_floor_goal_sequencer/plane_fast_takeover_blend_seconds: 0.5
 * /scanplanner_three_floor_goal_sequencer/plane_fast_takeover_zero_hold_seconds: 0.15
 * /scanplanner_three_floor_goal_sequencer/plane_motion_start_ramp_initial_speed_mps: 0.3
 * /scanplanner_three_floor_goal_sequencer/plane_motion_start_ramp_minimum_upright_z: 0.985
 * /scanplanner_three_floor_goal_sequencer/plane_motion_start_ramp_seconds: 3.0
 * /scanplanner_three_floor_goal_sequencer/policy_timeout_sec: 35.0
 * /scanplanner_three_floor_goal_sequencer/progress_timeout_sec: 45.0
 * /scanplanner_three_floor_goal_sequencer/room_scan_settle_sec: 0.1
 * /scanplanner_three_floor_goal_sequencer/room_scan_timeout_sec: 30.0
 * /scanplanner_three_floor_goal_sequencer/room_scan_turn_rad: 1.9
 * /scanplanner_three_floor_goal_sequencer/room_scan_yaw_rate: 2.8
 * /scanplanner_three_floor_goal_sequencer/room_tolerance: 0.4
 * /scanplanner_three_floor_goal_sequencer/speed_scale: 2.6
 * /scanplanner_three_floor_goal_sequencer/stage_announcement_hold_sec: 0.15
 * /scanplanner_three_floor_goal_sequencer/startup_timeout_sec: 240.0
 * /scanplanner_three_floor_goal_sequencer/waypoint_timeout_sec: 150.0
 * /second_to_third_floor_stair_manager/ascent_maximum_speed_mps: 0.8
 * /second_to_third_floor_stair_manager/ascent_speed_mps: 0.8
 * /second_to_third_floor_stair_manager/ascent_timeout_sec: 45.0
 * /second_to_third_floor_stair_manager/auto_start: False
 * /second_to_third_floor_stair_manager/command_topic: /cmd_vel
 * /second_to_third_floor_stair_manager/enable_truth_return_gate: False
 * /second_to_third_floor_stair_manager/enable_visual_stair_alignment: False
 * /second_to_third_floor_stair_manager/entry_alignment_yaw_rate_rps: 0.4
 * /second_to_third_floor_stair_manager/flight_a_height_gain_m: 1.05
 * /second_to_third_floor_stair_manager/flight_b_timeout_sec: 22.0
 * /second_to_third_floor_stair_manager/height_plot_basename: 21_truth_stair_he...
 * /second_to_third_floor_stair_manager/hold_rl_during_ascent: True
 * /second_to_third_floor_stair_manager/landing_cross_distance_m: 0.95
 * /second_to_third_floor_stair_manager/landing_cross_speed_mps: 0.75
 * /second_to_third_floor_stair_manager/landing_heading_tolerance_rad: 0.15
 * /second_to_third_floor_stair_manager/landing_timeout_sec: 30.0
 * /second_to_third_floor_stair_manager/landing_turn_angle_rad: -2.4
 * /second_to_third_floor_stair_manager/landing_turn_speed_rps: 1.2
 * /second_to_third_floor_stair_manager/mission_failure_token: SECOND_FLOOR_EXPL...
 * /second_to_third_floor_stair_manager/mission_trigger_token: SECOND_FLOOR_EXPL...
 * /second_to_third_floor_stair_manager/mission_trigger_topic: /simenv/second_fl...
 * /second_to_third_floor_stair_manager/odom_topic: /Odometry_gazebo
 * /second_to_third_floor_stair_manager/offline_stair_model_sdf: /tmp/simenv_bridg...
 * /second_to_third_floor_stair_manager/offline_truth_layout_metadata: /tmp/simenv_bridg...
 * /second_to_third_floor_stair_manager/output_dir: /home/quinn/0904/...
 * /second_to_third_floor_stair_manager/plane_policy: /home/quinn/0904/...
 * /second_to_third_floor_stair_manager/policy_warmup_seconds: 0.2
 * /second_to_third_floor_stair_manager/pre_ascent_rl_fast_blend_seconds: 0.5
 * /second_to_third_floor_stair_manager/pre_ascent_rl_fast_takeover: True
 * /second_to_third_floor_stair_manager/pre_ascent_rl_fast_zero_hold_seconds: 0.15
 * /second_to_third_floor_stair_manager/pre_ascent_rl_settle_seconds: 0.6
 * /second_to_third_floor_stair_manager/pre_ascent_stand_seconds: 0.0
 * /second_to_third_floor_stair_manager/second_floor_handoff_timeout_sec: 90.0
 * /second_to_third_floor_stair_manager/second_floor_stable_seconds: 0.5
 * /second_to_third_floor_stair_manager/source_floor_index: 1
 * /second_to_third_floor_stair_manager/stair_policy: /home/quinn/0904/...
 * /second_to_third_floor_stair_manager/state_topic: /simenv/second_to...
 * /second_to_third_floor_stair_manager/target_floor_number: 3
 * /second_to_third_floor_stair_manager/total_height_gain_m: 2.2
 * /second_to_third_floor_stair_manager/trajectory_plot_basename: 21_f2_to_third_fl...
 * /second_to_third_floor_stair_manager/transition_log_basename: second_to_third_f...
 * /second_to_third_floor_stair_manager/transition_plot_basename: 21_second_to_thir...
 * /second_to_third_floor_stair_manager/truth_entry_final_speed_mps: 0.55
 * /second_to_third_floor_stair_manager/truth_entry_guide: True
 * /second_to_third_floor_stair_manager/truth_entry_guide_min_speed_mps: 0.25
 * /second_to_third_floor_stair_manager/truth_entry_guide_speed_mps: 0.45
 * /second_to_third_floor_stair_manager/truth_entry_timeout_sec: 120.0
 * /second_to_third_floor_stair_manager/truth_fixed_two_flight_profile: True
 * /second_to_third_floor_stair_manager/truth_flight_a_backslide_recovery_hold_seconds: 1.5
 * /second_to_third_floor_stair_manager/truth_flight_a_backslide_recovery_max_attempts: 2
 * /second_to_third_floor_stair_manager/truth_flight_a_backslide_recovery_ramp_seconds: 1.0
 * /second_to_third_floor_stair_manager/truth_flight_a_backslide_recovery_ramp_speed_mps: 0.4
 * /second_to_third_floor_stair_manager/truth_flight_a_climb_ramp_seconds: 1.2
 * /second_to_third_floor_stair_manager/truth_flight_a_near_edge_strong_center_error_m: 0.24
 * /second_to_third_floor_stair_manager/truth_flight_a_policy_capture_max_joint_velocity_rms: 0.18
 * /second_to_third_floor_stair_manager/truth_flight_a_policy_fast_fixed_stand: True
 * /second_to_third_floor_stair_manager/truth_flight_a_policy_fast_fixed_stand_duration_seconds: 0.5
 * /second_to_third_floor_stair_manager/truth_flight_a_policy_fast_fixed_stand_minimum_elapsed_seconds: 0.5
 * /second_to_third_floor_stair_manager/truth_flight_a_policy_fast_fixed_stand_minimum_gain_ratio: 0.75
 * /second_to_third_floor_stair_manager/truth_flight_a_policy_fast_fixed_stand_settle_seconds: 0.0
 * /second_to_third_floor_stair_manager/truth_flight_a_policy_fast_fixed_stand_stable_seconds: 0.5
 * /second_to_third_floor_stair_manager/truth_flight_a_policy_fixed_stand_ready_timeout_sec: 12.0
 * /second_to_third_floor_stair_manager/truth_flight_a_policy_require_fixed_stand_ready: True
 * /second_to_third_floor_stair_manager/truth_flight_a_policy_settle_seconds: 0.35
 * /second_to_third_floor_stair_manager/truth_flight_a_policy_settle_timeout_sec: 8.0
 * /second_to_third_floor_stair_manager/truth_flight_a_policy_stand_seconds: 0.1
 * /second_to_third_floor_stair_manager/truth_flight_a_policy_use_default_stand_target: False
 * /second_to_third_floor_stair_manager/truth_flight_a_rearward_slip_max_climb_speed_mps: 0.12
 * /second_to_third_floor_stair_manager/truth_flight_a_rearward_slip_speed_mps: 0.3
 * /second_to_third_floor_stair_manager/truth_flight_a_recovery_center_speed_mps: 0.22
 * /second_to_third_floor_stair_manager/truth_flight_a_recovery_forward_speed_mps: 0.6
 * /second_to_third_floor_stair_manager/truth_flight_a_require_fresh_ready: True
 * /second_to_third_floor_stair_manager/truth_flight_a_stall_release_seconds: 1.5
 * /second_to_third_floor_stair_manager/truth_flight_a_strong_recovery_forward_speed_mps: 0.4
 * /second_to_third_floor_stair_manager/truth_flight_b_max_yaw_rate_rps: 0.1
 * /second_to_third_floor_stair_manager/truth_flight_b_near_edge_strong_center_error_m: 0.24
 * /second_to_third_floor_stair_manager/truth_flight_b_pitch_min_height_gain_m: 0.08
 * /second_to_third_floor_stair_manager/truth_flight_b_pitch_rate_min_abs_rad: 0.6
 * /second_to_third_floor_stair_manager/truth_flight_b_pitch_rate_trigger_rps: 1.6
 * /second_to_third_floor_stair_manager/truth_flight_b_pitch_rate_window_sec: 0.18
 * /second_to_third_floor_stair_manager/truth_flight_b_pitch_recovery_max_attempts: 2
 * /second_to_third_floor_stair_manager/truth_flight_b_rearward_slip_speed_mps: 0.3
 * /second_to_third_floor_stair_manager/truth_flight_b_recovery_forward_speed_mps: 0.6
 * /second_to_third_floor_stair_manager/truth_flight_b_recovery_hold_seconds: 4.0
 * /second_to_third_floor_stair_manager/truth_flight_b_severe_pitch_detect_seconds: 0.1
 * /second_to_third_floor_stair_manager/truth_flight_b_severe_pitch_rad: 0.8
 * /second_to_third_floor_stair_manager/truth_flight_b_strong_recovery_forward_speed_mps: 0.4
 * /second_to_third_floor_stair_manager/truth_landing_recenter_speed_mps: 0.75
 * /second_to_third_floor_stair_manager/truth_two_stage_guide: True
 * /second_to_third_floor_stair_manager/truth_upper_floor_exit_clearance_m: 0.8
 * /second_to_third_floor_stair_manager/two_flight_stair: True
 * /second_to_third_floor_stair_manager/upper_floor_handoff_complete_phase: THIRD_FLOOR_HANDO...
 * /second_to_third_floor_stair_manager/upper_floor_handoff_timeout_phase: THIRD_FLOOR_HANDO...
 * /second_to_third_floor_stair_manager/upper_floor_reached_phase: THIRD_FLOOR_REACHED
 * /second_to_third_floor_stair_manager/upper_floor_ready_token: THIRD_FLOOR_EXPLO...
 * /second_to_third_floor_stair_manager/upper_floor_settle_phase: THIRD_FLOOR_SETTLE
 * /second_to_third_floor_stair_manager/upper_floor_state_topic: /simenv/third_flo...
 * /second_to_third_floor_stair_manager/upper_landing_clearance_grace_sec: 15.0
 * /second_to_third_floor_stair_manager/wait_for_second_floor_handoff: True
 * /second_to_third_floor_stair_manager/world_frame_ascent: True
 * /simenv/plane_tilt_guard_release_rad: 0.1
 * /simenv/plane_tilt_guard_stop_rad: 0.27
 * /simenv/plane_tilt_guard_warning_rad: 0.14
 * /stair_descent_manager/command_topic: /cmd_vel
 * /stair_descent_manager/descent_maximum_speed_mps: 0.8
 * /stair_descent_manager/descent_segment_timeout_sec: 600.0
 * /stair_descent_manager/descent_speed_mps: 0.8
 * /stair_descent_manager/end_floor_number: 1
 * /stair_descent_manager/mission_trigger_token: THIRD_FLOOR_EXPLO...
 * /stair_descent_manager/mission_trigger_topic: /simenv/third_flo...
 * /stair_descent_manager/odom_topic: /Odometry_gazebo
 * /stair_descent_manager/offline_stair_model_sdf: /tmp/simenv_bridg...
 * /stair_descent_manager/offline_truth_layout_metadata: /tmp/simenv_bridg...
 * /stair_descent_manager/output_dir: /home/quinn/0904/...
 * /stair_descent_manager/policy_switch_fast_fixed_stand: True
 * /stair_descent_manager/policy_switch_fast_fixed_stand_duration_seconds: 0.5
 * /stair_descent_manager/policy_switch_fast_fixed_stand_minimum_elapsed_seconds: 0.5
 * /stair_descent_manager/policy_switch_fast_fixed_stand_minimum_gain_ratio: 0.75
 * /stair_descent_manager/policy_switch_fast_fixed_stand_settle_seconds: 0.0
 * /stair_descent_manager/policy_switch_fast_fixed_stand_stable_seconds: 0.5
 * /stair_descent_manager/policy_switch_fixed_stand_timeout_sec: 12.0
 * /stair_descent_manager/policy_switch_max_joint_velocity_rms: 0.35
 * /stair_descent_manager/policy_switch_queue_hold_seconds: 0.25
 * /stair_descent_manager/policy_switch_reentry_timeout_sec: 20.0
 * /stair_descent_manager/policy_switch_settle_seconds: 0.45
 * /stair_descent_manager/policy_switch_settle_timeout_sec: 6.0
 * /stair_descent_manager/policy_warmup_seconds: 0.75
 * /stair_descent_manager/pre_descent_stand_seconds: 0.25
 * /stair_descent_manager/segment_one_log_basename: third_to_second_f...
 * /stair_descent_manager/segment_two_log_basename: second_to_first_f...
 * /stair_descent_manager/skip_entry_guide: True
 * /stair_descent_manager/stair_policy: /home/quinn/0904/...
 * /stair_descent_manager/start_floor_number: 3
 * /stair_descent_manager/state_topic: /simenv/third_to_...
 * /stair_descent_manager/transition_log_basename: stair_descent.json
 * /stair_descent_manager/truth_descent_backoff_escalation_m: 0.15
 * /stair_descent_manager/truth_descent_east_align_minimum_x_speed_mps: 0.3
 * /stair_descent_manager/truth_descent_east_align_tread_drop_m: 0.05
 * /stair_descent_manager/truth_descent_entry_guide_speed_mps: 1.15
 * /stair_descent_manager/truth_descent_final_landing_max_body_height_m: 1.0
 * /stair_descent_manager/truth_descent_final_landing_max_tilt_rad: 0.45
 * /stair_descent_manager/truth_descent_final_landing_min_body_height_m: 0.2
 * /stair_descent_manager/truth_descent_final_landing_minimum_upright_z: 0.75
 * /stair_descent_manager/truth_descent_final_landing_settle_seconds: 1.0
 * /stair_descent_manager/truth_descent_final_landing_timeout_sec: 20.0
 * /stair_descent_manager/truth_descent_flight_a_end_y: 1.75
 * /stair_descent_manager/truth_descent_flight_center_correction_error_m: 0.22
 * /stair_descent_manager/truth_descent_flight_center_correction_speed_mps: 0.5
 * /stair_descent_manager/truth_descent_flight_center_correction_yaw_rate_rps: 0.2
 * /stair_descent_manager/truth_descent_flight_center_steer_gain: 1.0
 * /stair_descent_manager/truth_descent_flight_center_steer_max_rad: 0.24
 * /stair_descent_manager/truth_descent_flight_end_slowdown_drop_m: 0.95
 * /stair_descent_manager/truth_descent_flight_end_speed_mps: 0.6
 * /stair_descent_manager/truth_descent_flight_heading_correction_error_rad: 0.22
 * /stair_descent_manager/truth_descent_flight_heading_correction_speed_mps: 0.4
 * /stair_descent_manager/truth_descent_flight_heading_correction_yaw_rate_rps: 0.3
 * /stair_descent_manager/truth_descent_flight_heading_gain: 0.55
 * /stair_descent_manager/truth_descent_flight_initial_hold_drop_m: 0.18
 * /stair_descent_manager/truth_descent_flight_initial_ramp_end_drop_m: 0.45
 * /stair_descent_manager/truth_descent_flight_initial_speed_mps: 0.55
 * /stair_descent_manager/truth_descent_flight_max_yaw_rate_rps: 0.14
 * /stair_descent_manager/truth_descent_flight_severe_tilt_hold_sec: 0.8
 * /stair_descent_manager/truth_descent_flight_severe_tilt_rad: 0.6
 * /stair_descent_manager/truth_descent_flight_severe_tilt_speed_mps: 0.3
 * /stair_descent_manager/truth_descent_flight_tilt_hold_sec: 0.6
 * /stair_descent_manager/truth_descent_flight_tilt_slowdown_rad: 0.48
 * /stair_descent_manager/truth_descent_flight_tilt_speed_mps: 0.55
 * /stair_descent_manager/truth_descent_gain_up_drop_m: 0.35
 * /stair_descent_manager/truth_descent_landing_heading_tolerance_rad: 0.18
 * /stair_descent_manager/truth_descent_landing_minimum_x_speed_mps: 0.3
 * /stair_descent_manager/truth_descent_landing_minimum_yaw_rate_rps: 0.34
 * /stair_descent_manager/truth_descent_landing_position_tolerance_m: 0.12
 * /stair_descent_manager/truth_descent_landing_recenter_speed_mps: 0.4
 * /stair_descent_manager/truth_descent_landing_settle_seconds: 1.5
 * /stair_descent_manager/truth_descent_landing_slip_max_attempts: 4
 * /stair_descent_manager/truth_descent_landing_turn_speed_rps: 1.2
 * /stair_descent_manager/truth_descent_max_center_error_m: 0.4
 * /stair_descent_manager/truth_descent_minimum_upright_z: 0.55
 * /stair_descent_manager/truth_descent_segment_turn_alignment_minimum_speed_mps: 0.3
 * /stair_descent_manager/truth_descent_segment_turn_alignment_progress_min_m: 0.025
 * /stair_descent_manager/truth_descent_segment_turn_alignment_progress_timeout_sec: 3.0
 * /stair_descent_manager/truth_descent_segment_turn_drift_limit_m: 0.4
 * /stair_descent_manager/truth_descent_segment_turn_lateral_speed_mps: 0.4
 * /stair_descent_manager/truth_descent_segment_turn_position_tolerance_m: 0.16
 * /stair_descent_manager/truth_descent_segment_turn_progress_min_improvement_rad: 0.11
 * /stair_descent_manager/truth_descent_segment_turn_progress_timeout_sec: 2.8
 * /stair_descent_manager/truth_descent_segment_turn_side_speed_mps: 0.4
 * /stair_descent_manager/truth_descent_segment_turn_x_safe_tolerance_m: 0.25
 * /stair_descent_manager/truth_descent_segment_turn_y_safe_high_m: 1.95
 * /stair_descent_manager/truth_descent_segment_turn_yaw_rate_rps: 1.0
 * /stair_descent_manager/truth_descent_side_slip_pause_sec: 0.5
 * /stair_descent_manager/truth_descent_stall_seconds: 3.0
 * /stair_descent_manager/truth_descent_step_pause_interval_m: 0.18
 * /stair_descent_manager/truth_descent_step_pause_seconds: 0.0
 * /stair_descent_manager/truth_descent_trigger_timeout_sec: 2400.0
 * /stair_descent_manager/truth_descent_turn_forward_speed_mps: 0.08
 * /stair_descent_manager/truth_descent_turn_forward_y_limit_m: 4.82
 * /stair_descent_manager/truth_descent_turn_start_y: 5.05
 * /stair_descent_manager/truth_entry_guide: True
 * /stair_descent_manager/truth_two_stage_guide: True
 * /stair_transition_manager/ascent_maximum_speed_mps: 0.8
 * /stair_transition_manager/ascent_speed_mps: 0.8
 * /stair_transition_manager/ascent_timeout_sec: 70.0
 * /stair_transition_manager/auto_start: False
 * /stair_transition_manager/command_topic: /cmd_vel
 * /stair_transition_manager/enable_truth_return_gate: False
 * /stair_transition_manager/enable_visual_stair_alignment: False
 * /stair_transition_manager/entry_alignment_yaw_rate_rps: 0.4
 * /stair_transition_manager/flight_a_height_gain_m: 1.05
 * /stair_transition_manager/flight_b_timeout_sec: 70.0
 * /stair_transition_manager/hold_rl_during_ascent: True
 * /stair_transition_manager/landing_cross_distance_m: 0.95
 * /stair_transition_manager/landing_cross_speed_mps: 0.75
 * /stair_transition_manager/landing_heading_tolerance_rad: 0.15
 * /stair_transition_manager/landing_timeout_sec: 30.0
 * /stair_transition_manager/landing_turn_angle_rad: -2.4
 * /stair_transition_manager/landing_turn_speed_rps: 1.2
 * /stair_transition_manager/odom_topic: /Odometry_gazebo
 * /stair_transition_manager/offline_stair_model_sdf: /tmp/simenv_bridg...
 * /stair_transition_manager/offline_truth_layout_metadata: /tmp/simenv_bridg...
 * /stair_transition_manager/output_dir: /home/quinn/0904/...
 * /stair_transition_manager/plane_policy: /home/quinn/0904/...
 * /stair_transition_manager/policy_warmup_seconds: 0.2
 * /stair_transition_manager/pre_ascent_rl_fast_blend_seconds: 0.5
 * /stair_transition_manager/pre_ascent_rl_fast_takeover: True
 * /stair_transition_manager/pre_ascent_rl_fast_zero_hold_seconds: 0.15
 * /stair_transition_manager/pre_ascent_rl_settle_seconds: 0.6
 * /stair_transition_manager/pre_ascent_stand_seconds: 0.0
 * /stair_transition_manager/second_floor_handoff_timeout_sec: 90.0
 * /stair_transition_manager/second_floor_stable_seconds: 0.5
 * /stair_transition_manager/stair_policy: /home/quinn/0904/...
 * /stair_transition_manager/total_height_gain_m: 2.2
 * /stair_transition_manager/truth_entry_final_speed_mps: 0.55
 * /stair_transition_manager/truth_entry_guide: True
 * /stair_transition_manager/truth_entry_guide_min_speed_mps: 0.25
 * /stair_transition_manager/truth_entry_guide_speed_mps: 0.45
 * /stair_transition_manager/truth_entry_timeout_sec: 120.0
 * /stair_transition_manager/truth_fixed_two_flight_profile: True
 * /stair_transition_manager/truth_flight_a_backslide_recovery_hold_seconds: 1.5
 * /stair_transition_manager/truth_flight_a_backslide_recovery_max_attempts: 2
 * /stair_transition_manager/truth_flight_a_backslide_recovery_ramp_seconds: 1.0
 * /stair_transition_manager/truth_flight_a_backslide_recovery_ramp_speed_mps: 0.4
 * /stair_transition_manager/truth_flight_a_climb_ramp_seconds: 1.2
 * /stair_transition_manager/truth_flight_a_near_edge_strong_center_error_m: 0.24
 * /stair_transition_manager/truth_flight_a_policy_capture_max_joint_velocity_rms: 0.18
 * /stair_transition_manager/truth_flight_a_policy_fast_fixed_stand: True
 * /stair_transition_manager/truth_flight_a_policy_fast_fixed_stand_duration_seconds: 0.5
 * /stair_transition_manager/truth_flight_a_policy_fast_fixed_stand_minimum_elapsed_seconds: 0.5
 * /stair_transition_manager/truth_flight_a_policy_fast_fixed_stand_minimum_gain_ratio: 0.75
 * /stair_transition_manager/truth_flight_a_policy_fast_fixed_stand_settle_seconds: 0.0
 * /stair_transition_manager/truth_flight_a_policy_fast_fixed_stand_stable_seconds: 0.5
 * /stair_transition_manager/truth_flight_a_policy_fixed_stand_ready_timeout_sec: 12.0
 * /stair_transition_manager/truth_flight_a_policy_require_fixed_stand_ready: True
 * /stair_transition_manager/truth_flight_a_policy_settle_seconds: 0.35
 * /stair_transition_manager/truth_flight_a_policy_settle_timeout_sec: 8.0
 * /stair_transition_manager/truth_flight_a_policy_stand_seconds: 0.1
 * /stair_transition_manager/truth_flight_a_policy_use_default_stand_target: False
 * /stair_transition_manager/truth_flight_a_prediction_horizon_sec: 1.1
 * /stair_transition_manager/truth_flight_a_rearward_slip_max_climb_speed_mps: 0.12
 * /stair_transition_manager/truth_flight_a_rearward_slip_speed_mps: 0.3
 * /stair_transition_manager/truth_flight_a_recovery_center_speed_mps: 0.22
 * /stair_transition_manager/truth_flight_a_recovery_forward_speed_mps: 0.6
 * /stair_transition_manager/truth_flight_a_require_fresh_ready: True
 * /stair_transition_manager/truth_flight_a_stall_release_seconds: 1.5
 * /stair_transition_manager/truth_flight_a_strong_recovery_forward_speed_mps: 0.4
 * /stair_transition_manager/truth_flight_b_max_yaw_rate_rps: 0.1
 * /stair_transition_manager/truth_flight_b_near_edge_strong_center_error_m: 0.24
 * /stair_transition_manager/truth_flight_b_pitch_min_height_gain_m: 0.08
 * /stair_transition_manager/truth_flight_b_pitch_rate_min_abs_rad: 0.6
 * /stair_transition_manager/truth_flight_b_pitch_rate_trigger_rps: 1.6
 * /stair_transition_manager/truth_flight_b_pitch_rate_window_sec: 0.18
 * /stair_transition_manager/truth_flight_b_pitch_recovery_max_attempts: 2
 * /stair_transition_manager/truth_flight_b_rearward_slip_speed_mps: 0.3
 * /stair_transition_manager/truth_flight_b_recovery_forward_speed_mps: 0.6
 * /stair_transition_manager/truth_flight_b_recovery_hold_seconds: 4.0
 * /stair_transition_manager/truth_flight_b_severe_pitch_detect_seconds: 0.1
 * /stair_transition_manager/truth_flight_b_severe_pitch_rad: 0.8
 * /stair_transition_manager/truth_flight_b_strong_recovery_forward_speed_mps: 0.4
 * /stair_transition_manager/truth_landing_recenter_speed_mps: 0.75
 * /stair_transition_manager/truth_two_stage_guide: True
 * /stair_transition_manager/two_flight_stair: True
 * /stair_transition_manager/upper_landing_clearance_grace_sec: 15.0
 * /stair_transition_manager/wait_for_second_floor_handoff: True
 * /stair_transition_manager/world_frame_ascent: True
 * /state_from_gazebo/robot_name: a1
 * /three_floor_rl_mission_supervisor/lobby_heading_stable_sec: 0.3
 * /three_floor_rl_mission_supervisor/lobby_initial_forward_speed_mps: 0.4
 * /three_floor_rl_mission_supervisor/lobby_linear_acceleration_mps2: 1.0
 * /three_floor_rl_mission_supervisor/minimum_upright_duration_sec: 0.6
 * /three_floor_rl_mission_supervisor/minimum_upright_z: 0.55
 * /three_floor_rl_mission_supervisor/mission_config: /tmp/simenv_bridg...
 * /three_floor_rl_mission_supervisor/mission_timeout_sec: 1800.0
 * /three_floor_rl_mission_supervisor/output_dir: /home/quinn/0904/...
 * /three_floor_rl_mission_supervisor/plane_fast_takeover: True
 * /three_floor_rl_mission_supervisor/plane_fast_takeover_blend_seconds: 0.5
 * /three_floor_rl_mission_supervisor/plane_fast_takeover_zero_hold_seconds: 0.15
 * /three_floor_rl_mission_supervisor/plane_motion_start_ramp_initial_speed_mps: 0.3
 * /three_floor_rl_mission_supervisor/plane_motion_start_ramp_minimum_upright_z: 0.985
 * /three_floor_rl_mission_supervisor/plane_motion_start_ramp_seconds: 3.0
 * /three_floor_rl_mission_supervisor/progress_timeout_sec: 20.0
 * /unpause_after_controllers/controller_namespace: /a1_gazebo
 * /unpause_after_controllers/load_window_seconds: 2.0
 * /unpause_after_controllers/timeout: 120
 * /use_sim_time: True
 * /world_file: /tmp/simenv_bridg...

NODES
  /
    building_control (building_generator_classic/building_generator_classic_control)
    closed_loop_controller (scan_planner/closed_loop_controller)
    gazebo (gazebo_ros/gzserver)
    junior_ctrl (simenv_bridge/classic_trotting_controller.py)
    open_mapping_entrance (simenv_competitor/open_mapping_entrance.py)
    rl_floor_command_mux (simenv_bridge/rl_floor_command_mux.py)
    robot_state_publisher (robot_state_publisher/robot_state_publisher)
    scan_planner_node (scan_planner/scan_planner_node)
    scanplanner_plane_rl_bootstrap (simenv_competitor/controller_mode_bootstrap.py)
    scanplanner_pointcloud_bridge (simenv_bridge/scanplanner_pointcloud_bridge.py)
    scanplanner_red_ball_detector (simenv_bridge/danger_detector.py)
    scanplanner_three_floor_goal_sequencer (simenv_bridge/scanplanner_three_floor_goal_sequencer.py)
    second_to_third_floor_stair_manager (simenv_bridge/stair_transition_manager.py)
    stair_descent_manager (simenv_bridge/stair_descent_manager.py)
    stair_transition_manager (simenv_bridge/stair_transition_manager.py)
    state_from_gazebo (unitree_guide/state_from_gazebo)
    three_floor_rl_mission_supervisor (simenv_bridge/three_floor_rl_mission_supervisor.py)
    unpause_after_controllers (simenv_competitor/unpause_after_controllers.py)
    urdf_spawner (gazebo_ros/spawn_model)
  /a1_gazebo/
    controller_spawner (controller_manager/spawner)
[33m[WARN] [1788616451.999689952]: [closed_loop_controller] ready.[0m
hit: 1.7346
miss: -0.847298
min log: -1.99243
max: 3.89182
thresh log: 1.38629
Using junior_ctrl: /home/quinn/0904/SimEnv-master/devel/lib/unitree_guide/junior_ctrl
Waiting for Gazebo A1 joint state and trunk IMU before junior_ctrl
[INFO] [1788616452.259604, 0.000000]: Waiting to open mapping entrance main_entrance
[INFO] [1788616453.189019, 0.000000]: Mapping entrance ready: door 'main_entrance' set to open
[0m[INFO] [1788616452.372826565]: Finished loading Gazebo ROS API Plugin.[0m
[0m[INFO] [1788616452.376200735]: waitForService: Service [/gazebo/set_physics_properties] has not been advertised, waiting...[0m
[0m[INFO] [1788616453.156414742]: waitForService: Service [/gazebo/set_physics_properties] is now available.[0m
[0m[INFO] [1788616453.167195540]: Physics dynamic reconfigure ready.[0m
[0m[INFO] [1788616453.186894352]: Updating LinkState: reference_frame is empty/world/map, using inertial frame[0m
[0m[INFO] [1788616453.188602505]: Updating LinkState: reference_frame is empty/world/map, using inertial frame[0m
[0m[INFO] [1788616453.671263270]: <initialOrientationAsReference> is unset, using default value of false to comply with REP 145 (world as orientation reference)[0m
[0m[INFO] [1788616453.671297756]: <robotNamespace> set to: //[0m
[0m[INFO] [1788616453.671304295]: <topicName> set to: trunk_imu[0m
[0m[INFO] [1788616453.671309285]: <frameName> set to: imu_link[0m
[0m[INFO] [1788616453.671326652]: <updateRateHZ> set to: 1000[0m
[0m[INFO] [1788616453.671334046]: <gaussianNoise> set to: 0[0m
[0m[INFO] [1788616453.671350383]: <xyzOffset> set to: 0 0 0[0m
[0m[INFO] [1788616453.671364334]: <rpyOffset> set to: 0 -0 0[0m
[0m[INFO] [1788616453.694241061]: load csv file name:/home/quinn/0904/runtime_assets/SimEnv/src/unitree_guide/unitree_ros/robots/a1_description/scan_mode/mid360_stable.csv[0m
data size:2500
[livox] csv rows=2500
[0m[INFO] [1788616453.695726756]: ros topic name:/scan[0m
[0m[INFO] [1788616453.696791300]: scan info size:2500[0m
[livox] before RayPlugin::Load
[livox] after RayPlugin::Load
[livox] before CreateCollision
[livox] after CreateCollision
[0m[INFO] [1788616453.697131627]: sample:800[0m
[0m[INFO] [1788616453.697139125]: downsample:1[0m
[livox] before rayShape Load/Init samples=800
[livox] after rayShape Init
[INFO] [1788616452.169716, 0.000000]: Loading model XML from ros parameter robot_description
[INFO] [1788616452.175447, 0.000000]: Waiting for service /gazebo/spawn_urdf_model
[INFO] [1788616453.380579, 0.000000]: Calling service /gazebo/spawn_urdf_model
[INFO] [1788616454.910660, 0.000000]: Spawn status: SpawnModel: Successfully spawned entity
[INFO] [1788616454.912319, 0.000000]: Waiting for service /gazebo/set_model_configuration
[INFO] [1788616454.914344, 0.000000]: temporary hack to **fix** the -J joint position option (issue #93), sleeping for 1 second to avoid race condition.
[INFO] [1788616455.916394, 0.000000]: Calling service /gazebo/set_model_configuration
[INFO] [1788616455.919502, 0.000000]: Set model configuration status: SetModelConfiguration: success
[INFO] [1788616457.882604, 0.000000]: Gazebo unpaused after 2.0 s paused controller-load window
[INFO] [1788616457.890138, 0.004000]: All 13 A1 controllers reached running state
A1 sensors and 12 joint controllers are ready; starting classic junior_ctrl
[INFO] Realtime scheduler disabled. Set UNITREE_ENABLE_REALTIME=1 to request SCHED_FIFO.
The control interface for ROS Gazebo simulation
robot_name: a1
controller dt: 0.004 s, frequency: 250.000 Hz
classic gait profile=trot period=0.550s stance_ratio=0.650
/home/quinn/0904/runtime_assets/SimEnv/src/unitree_guide/logs/policy_act_inference_plane.pt
cuda::is_available():0
RL inference device: cpu (requested=hybrid, policy=plane)
[INFO] RL policy resident in preload cache: /home/quinn/0904/runtime_assets/SimEnv/src/unitree_guide/logs/policy_act_inference_plane.pt
cuda::is_available():0
RL inference device: cpu (requested=hybrid, policy=plane)
load model is successed!
load model to device!
[INFO] UNITREE_RL_PRELOAD_PLANE_POLICY already cached: /home/quinn/0904/runtime_assets/SimEnv/src/unitree_guide/logs/policy_act_inference_plane.pt
cuda::is_available():0
[WARNING] UNITREE_RL_DEVICE=hybrid selected CUDA for this policy but CUDA is unavailable; using CPU.
RL inference device: cpu (requested=hybrid, policy=stair)
[INFO] RL policy resident in preload cache: /home/quinn/0904/runtime_assets/SimEnv/src/unitree_guide/logs/policy_act_inference_stair.pt
[INFO] UNITREE_RL_PRELOAD_STAIR_POLICY preloaded: /home/quinn/0904/runtime_assets/SimEnv/src/unitree_guide/logs/policy_act_inference_stair.pt
[INFO] RL observation source: trunk IMU and joint states (no ground truth).
[INFO] Autonomous startup: entering fixed stand (hold until /joy RL).
Switched from passive to fixed stand
[0m[INFO] [1788616459.627330579, 1.114000000]: [SCANReplanFSM] Set RViz goal height from initial body_pose z: 0.057[0m
[FSM]: state: INIT
wait for goal.
[FSM]: state: INIT
wait for goal.
[FSM]: state: INIT
wait for goal.
[FSM]: state: INIT
wait for goal.
[INFO] Hold-stand released; RL requested.
Switched from fixed stand to RL
[INFO] Entered RL /cmd_vel mode.
[FSM]: state: INIT
wait for goal.
[FSM]: state: INIT
wait for goal.
[FSM]: state: INIT
wait for goal.
[FSM]: state: INIT
wait for goal.
[FSM]: state: INIT
wait for goal.
[0m[INFO] [1788616466.257951944, 5.354000000]: RL policy input vx=0.000 vy=0.000 wz=0.000 action_rms=0.315 ready=0 userCmd=0 kbd=0 raw=0.000,0.000,0.000 grav=-0.01,0.00,-0.98[0m
[0m[INFO] [1788616469.371003969, 7.360000000]: RL policy input vx=0.000 vy=0.000 wz=0.000 action_rms=0.212 ready=0 userCmd=0 kbd=0 raw=0.000,0.000,0.000 grav=-0.01,0.07,-0.98[0m
[0m[INFO] [1788616472.498889181, 9.378000000]: RL policy input vx=0.000 vy=0.000 wz=0.000 action_rms=0.145 ready=0 userCmd=0 kbd=0 raw=0.000,0.000,0.000 grav=0.00,0.00,-0.98[0m
[0m[INFO] [1788616474.734582509, 10.820000000]: RL locomotion_ready latched after 5.51 s takeover and 5.47 s stable hold[0m
cuda::is_available():0
[WARNING] UNITREE_RL_DEVICE=hybrid selected CUDA for this policy but CUDA is unavailable; using CPU.
RL inference device: cpu (requested=hybrid, policy=stair)
[INFO] RL policy hot-switched from preload cache: /home/quinn/0904/runtime_assets/SimEnv/src/unitree_guide/logs/policy_act_inference_stair.pt
[FSM]: state: INIT
wait for goal.
[FSM]: state: INIT
wait for goal.
[FSM]: state: INIT
wait for goal.
[FSM]: state: INIT
wait for goal.
[FSM]: state: INIT
wait for goal.
[FSM]: state: INIT
wait for goal.
[FSM]: state: INIT
wait for goal.
[FSM]: state: INIT
wait for goal.
[FSM]: state: INIT
wait for goal.
[FSM]: state: INIT
wait for goal.
[FSM]: state: INIT
wait for goal.
[FSM]: state: INIT
wait for goal.
[FSM]: state: INIT
wait for goal.
[FSM]: state: INIT
wait for goal.
[FSM]: state: INIT
wait for goal.
[FSM]: state: INIT
wait for goal.
[33m[WARN] [1788616498.868979226, 26.194000000]: Using one-shot plane RL takeover profile: blend 0.50 s, zero hold 0.15 s[0m
[0m[INFO] [1788616475.605790924, 11.384000000]: RL policy input vx=0.000 vy=0.000 wz=0.000 action_rms=0.147 ready=0 userCmd=0 kbd=0 raw=0.000,0.000,0.000 grav=0.00,0.01,-0.98[0m
[0m[INFO] [1788616478.731829590, 13.390000000]: RL policy input vx=0.000 vy=0.000 wz=0.000 action_rms=0.145 ready=0 userCmd=0 kbd=0 raw=0.000,0.000,0.000 grav=-0.01,0.02,-0.98[0m
[0m[INFO] [1788616481.859296118, 15.404000000]: RL policy input vx=0.000 vy=0.000 wz=0.000 action_rms=0.145 ready=0 userCmd=0 kbd=0 raw=0.000,0.000,0.000 grav=-0.02,0.03,-0.98[0m
[0m[INFO] [1788616483.309673123, 16.334000000]: RL locomotion_ready latched after 5.50 s takeover and 5.24 s stable hold[0m
[0m[INFO] [1788616484.984425196, 17.408000000]: RL policy input vx=0.348 vy=-0.005 wz=0.006 action_rms=0.165 ready=1 userCmd=0 kbd=0 raw=0.348,-0.005,0.006 grav=-0.02,0.03,-0.98[0m
[0m[INFO] [1788616488.129242571, 19.428000000]: RL policy input vx=0.522 vy=-0.003 wz=-0.011 action_rms=0.209 ready=1 userCmd=0 kbd=0 raw=0.522,-0.003,-0.011 grav=-0.02,-0.02,-0.98[0m
[0m[INFO] [1788616491.263127475, 21.436000000]: RL policy input vx=0.414 vy=-0.074 wz=-0.045 action_rms=0.185 ready=1 userCmd=0 kbd=0 raw=0.414,-0.074,-0.045 grav=-0.00,0.02,-0.98[0m
[0m[INFO] [1788616494.445431373, 23.454000000]: RL policy input vx=0.420 vy=-0.008 wz=-0.039 action_rms=0.141 ready=1 userCmd=0 kbd=0 raw=0.420,-0.008,-0.039 grav=0.00,0.02,-0.98[0m
[0m[INFO] [1788616497.689536450, 25.468000000]: RL policy input vx=0.420 vy=0.010 wz=-0.040 action_rms=0.210 ready=1 userCmd=0 kbd=0 raw=0.420,0.010,-0.040 grav=0.20,0.04,-0.96[0m
cuda::is_available():0
RL inference device: cpu (requested=hybrid, policy=plane)
[INFO] RL policy hot-switched from preload cache: /home/quinn/0904/runtime_assets/SimEnv/src/unitree_guide/logs/policy_act_inference_plane.pt
[FSM]: state: INIT
wait for goal.
[FSM]: state: INIT
wait for goal.
[FSM]: state: INIT
wait for goal.
[FSM]: state: INIT
wait for goal.
[FSM]: state: INIT
wait for goal.
[FSM]: state: INIT
wait for goal.
[FSM]: state: INIT
wait for goal.
[FSM]: state: INIT
wait for goal.
[33m[WARN] [1788616512.393540044, 34.598000000]: Plane tilt guard scaling cmd_vel by 0.90 at tilt 0.153 rad[0m
[FSM]: state: INIT
wait for goal.
[FSM]: state: INIT
wait for goal.
[FSM]: state: INIT
wait for goal.
[FSM]: state: INIT
wait for goal.
[FSM]: state: INIT
wait for goal.
[FSM]: state: INIT
wait for goal.
[FSM]: state: INIT
wait for goal.
[FSM]: state: INIT
wait for goal.
[FSM]: state: INIT
wait for goal.
[FSM]: state: INIT
wait for goal.
[FSM]: state: INIT
wait for goal.
[FSM]: state: INIT
wait for goal.
[FSM]: state: INIT
wait for goal.
[FSM]: state: INIT
wait for goal.
[FSM]: state: INIT
wait for goal.
[FSM]: state: INIT
wait for goal.
[FSM]: state: INIT
wait for goal.
[FSM]: state: INIT
wait for goal.
[FSM]: state: INIT
wait for goal.
[FSM]: state: INIT
wait for goal.
[FSM]: state: INIT
wait for goal.
[FSM]: state: INIT
wait for goal.
[FSM]: state: INIT
wait for goal.
[33m[WARN] [1788616548.809056511, 57.442000000]: Plane tilt guard scaling cmd_vel by 1.00 at tilt 0.140 rad[0m
[FSM]: state: INIT
wait for goal.
[FSM]: state: INIT
wait for goal.
[FSM]: state: INIT
wait for goal.
[FSM]: state: INIT
wait for goal.
[FSM]: state: INIT
wait for goal.
[FSM]: state: INIT
wait for goal.
[FSM]: state: INIT
wait for goal.
[FSM]: state: INIT
wait for goal.
[FSM]: state: INIT
wait for goal.
[FSM]: state: INIT
wait for goal.
[FSM]: state: INIT
wait for goal.
[FSM]: state: INIT
wait for goal.
[0m[INFO] [1788616499.932480095, 26.860000000]: RL locomotion_ready latched after 0.67 s takeover and 0.41 s stable hold[0m
[0m[INFO] [1788616500.929248623, 27.472000000]: RL policy input vx=0.883 vy=-0.077 wz=-0.096 action_rms=0.250 ready=1 userCmd=0 kbd=0 raw=0.883,-0.077,-0.096 grav=-0.03,0.01,-0.98[0m
[0m[INFO] [1788616504.103264354, 29.486000000]: RL policy input vx=2.250 vy=0.001 wz=0.001 action_rms=0.313 ready=1 userCmd=0 kbd=0 raw=2.250,0.001,0.001 grav=-0.00,-0.06,-0.98[0m
[0m[INFO] [1788616507.350385594, 31.492000000]: RL policy input vx=2.244 vy=-0.158 wz=-0.077 action_rms=0.351 ready=1 userCmd=0 kbd=0 raw=2.244,-0.158,-0.077 grav=0.01,0.01,-0.98[0m
[0m[INFO] [1788616510.622860489, 33.508000000]: RL policy input vx=2.249 vy=0.071 wz=0.035 action_rms=0.402 ready=1 userCmd=0 kbd=0 raw=2.249,0.071,0.035 grav=-0.00,-0.09,-0.98[0m
[0m[INFO] [1788616513.881244279, 35.524000000]: RL policy input vx=1.185 vy=0.222 wz=0.213 action_rms=0.312 ready=1 userCmd=0 kbd=0 raw=1.185,0.222,0.213 grav=0.07,0.01,-0.98[0m
[0m[INFO] [1788616517.040046252, 37.542000000]: RL policy input vx=0.000 vy=0.000 wz=0.310 action_rms=0.148 ready=1 userCmd=0 kbd=0 raw=0.000,0.000,0.310 grav=0.02,-0.01,-0.98[0m
[0m[INFO] [1788616520.291355289, 39.542000000]: RL policy input vx=0.450 vy=0.000 wz=0.029 action_rms=0.296 ready=1 userCmd=0 kbd=0 raw=0.450,0.000,0.029 grav=0.00,-0.02,-0.98[0m
[0m[INFO] [1788616523.534313384, 41.546000000]: RL policy input vx=0.450 vy=0.000 wz=-0.020 action_rms=0.154 ready=1 userCmd=0 kbd=0 raw=0.450,0.000,-0.020 grav=0.01,-0.01,-0.98[0m
[0m[INFO] [1788616526.797158961, 43.548000000]: RL policy input vx=0.900 vy=-0.025 wz=-0.030 action_rms=0.197 ready=1 userCmd=0 kbd=0 raw=0.900,-0.025,-0.030 grav=-0.01,-0.03,-0.98[0m
[0m[INFO] [1788616530.072738815, 45.566000000]: RL policy input vx=0.900 vy=-0.003 wz=-0.003 action_rms=0.147 ready=1 userCmd=0 kbd=0 raw=0.900,-0.003,-0.003 grav=0.01,-0.02,-0.98[0m
[0m[INFO] [1788616533.331420614, 47.576000000]: RL policy input vx=0.000 vy=0.000 wz=1.699 action_rms=0.270 ready=1 userCmd=0 kbd=0 raw=0.000,0.000,1.699 grav=0.02,-0.03,-0.98[0m
[0m[INFO] [1788616536.469032704, 49.580000000]: RL policy input vx=0.000 vy=0.000 wz=0.397 action_rms=0.201 ready=1 userCmd=0 kbd=0 raw=0.000,0.000,0.397 grav=0.01,0.01,-0.98[0m
[0m[INFO] [1788616539.604397794, 51.590000000]: RL policy input vx=0.748 vy=-0.500 wz=-0.648 action_rms=0.366 ready=1 userCmd=0 kbd=0 raw=0.748,-0.500,-0.648 grav=-0.03,-0.00,-0.98[0m
[0m[INFO] [1788616542.748418469, 53.606000000]: RL policy input vx=0.898 vy=-0.063 wz=-0.078 action_rms=0.303 ready=1 userCmd=0 kbd=0 raw=0.898,-0.063,-0.078 grav=-0.00,-0.04,-0.98[0m
[0m[INFO] [1788616545.898734308, 55.608000000]: RL policy input vx=0.000 vy=0.000 wz=-2.794 action_rms=0.189 ready=1 userCmd=0 kbd=0 raw=0.000,0.000,-2.794 grav=0.01,0.02,-0.98[0m
[0m[INFO] [1788616549.068570505, 57.610000000]: RL policy input vx=2.153 vy=0.655 wz=0.325 action_rms=0.421 ready=1 userCmd=0 kbd=0 raw=2.153,0.655,0.325 grav=-0.03,-0.02,-0.98[0m
[0m[INFO] [1788616552.223696666, 59.616000000]: RL policy input vx=0.000 vy=0.000 wz=-0.450 action_rms=0.216 ready=1 userCmd=0 kbd=0 raw=0.000,0.000,-0.450 grav=0.02,0.01,-0.98[0m
[0m[INFO] [1788616555.368875279, 61.622000000]: RL policy input vx=0.445 vy=0.000 wz=-0.163 action_rms=0.208 ready=1 userCmd=0 kbd=0 raw=0.445,0.000,-0.163 grav=-0.02,0.02,-0.98[0m
[0m[INFO] [1788616558.502264231, 63.622000000]: RL policy input vx=0.449 vy=0.000 wz=-0.068 action_rms=0.230 ready=1 userCmd=0 kbd=0 raw=0.449,0.000,-0.068 grav=0.01,-0.01,-0.98[0m
[0m[INFO] [1788616561.642312057, 65.626000000]: RL policy input vx=0.988 vy=0.017 wz=0.019 action_rms=0.230 ready=1 userCmd=0 kbd=0 raw=0.988,0.017,0.019 grav=-0.01,0.02,-0.98[0m
[0m[INFO] [1788616564.795459401, 67.636000000]: RL policy input vx=0.450 vy=0.000 wz=0.009 action_rms=0.300 ready=1 userCmd=0 kbd=0 raw=0.450,0.000,0.009 grav=0.00,-0.02,-0.98[0m
[0m[INFO] [1788616567.941710424, 69.640000000]: RL policy input vx=0.450 vy=0.000 wz=-0.036 action_rms=0.159 ready=1 userCmd=0 kbd=0 [FSM]: state: INIT
wait for goal.
[FSM]: state: INIT
wait for goal.
[FSM]: state: INIT
wait for goal.
[FSM]: state: INIT
wait for goal.
[FSM]: state: INIT
wait for goal.
[FSM]: state: INIT
wait for goal.
[FSM]: state: INIT
wait for goal.
[FSM]: state: INIT
wait for goal.
[FSM]: state: INIT
wait for goal.
[FSM]: state: INIT
wait for goal.
[FSM]: state: INIT
wait for goal.
[FSM]: state: INIT
wait for goal.
[FSM]: state: INIT
wait for goal.
[FSM]: state: INIT
wait for goal.
[FSM]: state: INIT
wait for goal.
[FSM]: state: INIT
wait for goal.
[33m[WARN] [1788616592.040617507, 85.118000000]: Plane tilt guard scaling cmd_vel by 1.00 at tilt 0.140 rad[0m
[FSM]: state: INIT
wait for goal.
[FSM]: state: INIT
wait for goal.
[FSM]: state: INIT
wait for goal.
[FSM]: state: INIT
wait for goal.
[FSM]: state: INIT
wait for goal.
[FSM]: state: INIT
wait for goal.
[FSM]: state: INIT
wait for goal.
[FSM]: state: INIT
wait for goal.
[FSM]: state: INIT
wait for goal.
[FSM]: state: INIT
wait for goal.
[FSM]: state: INIT
wait for goal.
[FSM]: state: INIT
wait for goal.
[FSM]: state: INIT
wait for goal.
[FSM]: state: INIT
wait for goal.
[FSM]: state: INIT
wait for goal.
[33m[WARN] [1788616615.308259042, 100.126000000]: Plane tilt guard scaling cmd_vel by 0.92 at tilt 0.151 rad[0m
[FSM]: state: INIT
wait for goal.
[FSM]: state: INIT
wait for goal.
[FSM]: state: INIT
wait for goal.
[FSM]: state: INIT
wait for goal.
[FSM]: state: INIT
wait for goal.
[FSM]: state: INIT
wait for goal.
[FSM]: state: INIT
wait for goal.
[FSM]: state: INIT
wait for goal.
[FSM]: state: INIT
wait for goal.
[FSM]: state: INIT
wait for goal.
[FSM]: state: INIT
wait for goal.
[FSM]: state: INIT
wait for goal.
[FSM]: state: INIT
wait for goal.
[FSM]: state: INIT
wait for goal.
[FSM]: state: INIT
wait for goal.
raw=0.450,0.000,-0.036 grav=0.01,-0.01,-0.98[0m
[0m[INFO] [1788616571.086610961, 71.644000000]: RL policy input vx=0.898 vy=0.054 wz=0.066 action_rms=0.297 ready=1 userCmd=0 kbd=0 raw=0.898,0.054,0.066 grav=-0.01,0.00,-0.98[0m
[0m[INFO] [1788616574.239360668, 73.660000000]: RL policy input vx=0.900 vy=0.014 wz=0.017 action_rms=0.302 ready=1 userCmd=0 kbd=0 raw=0.900,0.014,0.017 grav=-0.00,-0.01,-0.98[0m
[0m[INFO] [1788616577.414628635, 75.674000000]: RL policy input vx=0.000 vy=0.000 wz=-2.009 action_rms=0.173 ready=1 userCmd=0 kbd=0 raw=0.000,0.000,-2.009 grav=0.02,-0.00,-0.98[0m
[0m[INFO] [1788616580.525444489, 77.678000000]: RL policy input vx=0.000 vy=0.000 wz=-0.061 action_rms=0.151 ready=1 userCmd=0 kbd=0 raw=0.000,0.000,-0.061 grav=0.02,-0.01,-0.98[0m
[0m[INFO] [1788616583.644516980, 79.688000000]: RL policy input vx=0.800 vy=0.412 wz=0.523 action_rms=0.212 ready=1 userCmd=0 kbd=0 raw=0.800,0.412,0.523 grav=-0.01,0.09,-0.98[0m
[0m[INFO] [1788616586.759308337, 81.702000000]: RL policy input vx=0.827 vy=0.050 wz=0.067 action_rms=0.282 ready=1 userCmd=0 kbd=0 raw=0.827,0.050,0.067 grav=0.00,0.00,-0.98[0m
[0m[INFO] [1788616589.858315001, 83.708000000]: RL policy input vx=0.000 vy=0.000 wz=2.900 action_rms=0.315 ready=1 userCmd=0 kbd=0 raw=0.000,0.000,2.900 grav=0.02,0.01,-0.98[0m
[0m[INFO] [1788616592.964534336, 85.712000000]: RL policy input vx=1.655 vy=-0.235 wz=-0.155 action_rms=0.249 ready=1 userCmd=0 kbd=0 raw=1.655,-0.235,-0.155 grav=-0.01,-0.04,-0.98[0m
[0m[INFO] [1788616596.085678051, 87.718000000]: RL policy input vx=0.000 vy=0.000 wz=0.239 action_rms=0.171 ready=1 userCmd=0 kbd=0 raw=0.000,0.000,0.239 grav=0.02,-0.02,-0.98[0m
[0m[INFO] [1788616599.226616822, 89.734000000]: RL policy input vx=0.450 vy=0.000 wz=0.038 action_rms=0.201 ready=1 userCmd=0 kbd=0 raw=0.450,0.000,0.038 grav=0.01,-0.01,-0.98[0m
[0m[INFO] [1788616602.350660831, 91.748000000]: RL policy input vx=0.643 vy=0.002 wz=0.003 action_rms=0.170 ready=1 userCmd=0 kbd=0 raw=0.643,0.002,0.003 grav=0.02,-0.02,-0.98[0m
[0m[INFO] [1788616605.458629573, 93.750000000]: RL policy input vx=1.257 vy=-0.450 wz=-0.378 action_rms=0.269 ready=1 userCmd=0 kbd=0 raw=1.257,-0.450,-0.378 grav=-0.02,-0.04,-0.98[0m
[0m[INFO] [1788616608.567169568, 95.762000000]: RL policy input vx=2.241 vy=-0.203 wz=-0.099 action_rms=0.334 ready=1 userCmd=0 kbd=0 raw=2.241,-0.203,-0.099 grav=0.04,0.01,-0.98[0m
[0m[INFO] [1788616611.673270720, 97.774000000]: RL policy input vx=2.247 vy=0.118 wz=0.057 action_rms=0.234 ready=1 userCmd=0 kbd=0 raw=2.247,0.118,0.057 grav=-0.01,-0.10,-0.97[0m
[0m[INFO] [1788616614.773203820, 99.780000000]: RL policy input vx=2.242 vy=0.191 wz=0.093 action_rms=0.425 ready=1 userCmd=0 kbd=0 raw=2.242,0.191,0.093 grav=-0.02,-0.09,-0.98[0m
[0m[INFO] [1788616617.877121984, 101.788000000]: RL policy input vx=0.475 vy=0.283 wz=0.592 action_rms=0.147 ready=1 userCmd=0 kbd=0 raw=0.475,0.283,0.592 grav=0.03,0.08,-0.98[0m
[0m[INFO] [1788616620.977104962, 103.792000000]: RL policy input vx=0.447 vy=0.000 wz=0.125 action_rms=0.250 ready=1 userCmd=0 kbd=0 raw=0.447,0.000,0.125 grav=-0.01,0.02,-0.98[0m
[0m[INFO] [1788616624.103578448, 105.804000000]: RL policy input vx=0.450 vy=0.000 wz=0.006 action_rms=0.157 ready=1 userCmd=0 kbd=0 raw=0.450,0.000,0.006 grav=0.00,-0.02,-0.98[0m
[0m[INFO] [1788616627.200469858, 107.804000000]: RL policy input vx=0.895 vy=-0.092 wz=-0.113 action_rms=0.308 ready=1 userCmd=0 kbd=0 raw=0.895,-0.092,-0.113 grav=-0.01,-0.01,-0.98[0m
[0m[INFO] [1788616630.311232906, 109.816000000]: RL policy input vx=0.900 vy=-0.006 wz=-0.007 action_rms=0.144 ready=1 userCmd=0 kbd=0 raw=0.900,-0.006,-0.007 grav=0.00,-0.02,-0.98[0m
[0m[INFO] [1788616633.426886632, 111.822000000]: RL policy input vx=0.546 vy=-0.004 wz=-0.009 action_rms=0.291 ready=1 userCmd=0 kbd=0 raw=0.546,-0.004,-0.009 grav=0.01,-0.02,-0.98[0m
[0m[INFO] [1788616636.547139080, 113.836000000]: RL policy input vx=0.000 vy=0.000 wz=2.900 action_rms=0.188 ready=1 userCmd=0 kbd=0 raw=0.000,0.000,2.900 grav=0.03,0.01,-0.98[0m
[0m[INFO] [1788616639.643380[FSM]: state: INIT
wait for goal.
[FSM]: state: INIT
wait for goal.
[FSM]: state: INIT
wait for goal.
[FSM]: state: INIT
wait for goal.
[FSM]: state: INIT
wait for goal.
[FSM]: state: INIT
wait for goal.
[FSM]: state: INIT
wait for goal.
[33m[WARN] [1788616650.288681077, 122.714000000]: Plane tilt guard scaling cmd_vel by 0.99 at tilt 0.142 rad[0m
[FSM]: state: INIT
wait for goal.
[FSM]: state: INIT
wait for goal.
[FSM]: state: INIT
wait for goal.
[FSM]: state: INIT
wait for goal.
[FSM]: state: INIT
wait for goal.
[FSM]: state: INIT
wait for goal.
[FSM]: state: INIT
wait for goal.
[FSM]: state: INIT
wait for goal.
[FSM]: state: INIT
wait for goal.
[FSM]: state: INIT
wait for goal.
[FSM]: state: INIT
wait for goal.
[FSM]: state: INIT
wait for goal.
[FSM]: state: INIT
wait for goal.
[FSM]: state: INIT
wait for goal.
[FSM]: state: INIT
wait for goal.
[FSM]: state: INIT
wait for goal.
[FSM]: state: INIT
wait for goal.
[FSM]: state: INIT
wait for goal.
[FSM]: state: INIT
wait for goal.
[FSM]: state: INIT
wait for goal.
[FSM]: state: INIT
wait for goal.
[FSM]: state: INIT
wait for goal.
[FSM]: state: INIT
wait for goal.
[FSM]: state: INIT
wait for goal.
[FSM]: state: INIT
wait for goal.
[FSM]: state: INIT
wait for goal.
[FSM]: state: INIT
wait for goal.
[FSM]: state: INIT
wait for goal.
[33m[WARN] [1788616694.261288302, 150.924000000]: Plane tilt guard scaling cmd_vel by 0.95 at tilt 0.146 rad[0m
[FSM]: state: INIT
wait for goal.
[FSM]: state: INIT
wait for goal.
[FSM]: state: INIT
wait for goal.
[FSM]: state: INIT
wait for goal.
[FSM]: state: INIT
wait for goal.
[FSM]: state: INIT
wait for goal.
[FSM]: state: INIT
wait for goal.
[FSM]: state: INIT
wait for goal.
[FSM]: state: INIT
wait for goal.
[33m[WARN] [1788616707.161555106, 159.212000000]: Plane tilt guard scaling cmd_vel by 0.95 at tilt 0.147 rad[0m
390, 115.844000000]: RL policy input vx=0.000 vy=0.000 wz=-1.500 action_rms=0.139 ready=1 userCmd=0 kbd=0 raw=0.000,0.000,-1.500 grav=0.01,0.00,-0.98[0m
[0m[INFO] [1788616642.759113134, 117.858000000]: RL policy input vx=0.881 vy=-0.186 wz=-0.229 action_rms=0.176 ready=1 userCmd=0 kbd=0 raw=0.881,-0.186,-0.229 grav=0.01,-0.06,-0.98[0m
[0m[INFO] [1788616645.877170637, 119.868000000]: RL policy input vx=0.317 vy=-0.011 wz=-0.038 action_rms=0.145 ready=1 userCmd=0 kbd=0 raw=0.317,-0.011,-0.038 grav=0.03,-0.04,-0.98[0m
[0m[INFO] [1788616648.993119015, 121.874000000]: RL policy input vx=0.000 vy=0.000 wz=-2.900 action_rms=0.147 ready=1 userCmd=0 kbd=0 raw=0.000,0.000,-2.900 grav=0.01,0.02,-0.98[0m
[0m[INFO] [1788616652.092043614, 123.874000000]: RL policy input vx=0.791 vy=0.264 wz=0.354 action_rms=0.243 ready=1 userCmd=0 kbd=0 raw=0.791,0.264,0.354 grav=0.04,0.01,-0.98[0m
[0m[INFO] [1788616655.211411084, 125.880000000]: RL policy input vx=0.000 vy=0.000 wz=-0.442 action_rms=0.142 ready=1 userCmd=0 kbd=0 raw=0.000,0.000,-0.442 grav=0.01,-0.01,-0.98[0m
[0m[INFO] [1788616658.370847020, 127.890000000]: RL policy input vx=0.448 vy=0.000 wz=-0.103 action_rms=0.240 ready=1 userCmd=0 kbd=0 raw=0.448,0.000,-0.103 grav=-0.00,-0.01,-0.98[0m
[0m[INFO] [1788616661.504408251, 129.898000000]: RL policy input vx=0.449 vy=0.000 wz=-0.070 action_rms=0.179 ready=1 userCmd=0 kbd=0 raw=0.449,0.000,-0.070 grav=0.01,-0.02,-0.98[0m
[0m[INFO] [1788616664.669720597, 131.916000000]: RL policy input vx=0.450 vy=0.000 wz=0.038 action_rms=0.171 ready=1 userCmd=0 kbd=0 raw=0.450,0.000,0.038 grav=0.02,-0.02,-0.98[0m
[0m[INFO] [1788616667.791069165, 133.920000000]: RL policy input vx=0.450 vy=0.000 wz=-0.010 action_rms=0.245 ready=1 userCmd=0 kbd=0 raw=0.450,0.000,-0.010 grav=0.01,-0.01,-0.98[0m
[0m[INFO] [1788616670.935741456, 135.926000000]: RL policy input vx=0.877 vy=0.200 wz=0.247 action_rms=0.312 ready=1 userCmd=0 kbd=0 raw=0.877,0.200,0.247 grav=-0.02,-0.01,-0.98[0m
[0m[INFO] [1788616674.086232078, 137.932000000]: RL policy input vx=0.900 vy=0.026 wz=0.032 action_rms=0.201 ready=1 userCmd=0 kbd=0 raw=0.900,0.026,0.032 grav=-0.00,-0.01,-0.98[0m
[0m[INFO] [1788616677.227892983, 139.942000000]: RL policy input vx=0.784 vy=0.002 wz=0.002 action_rms=0.204 ready=1 userCmd=0 kbd=0 raw=0.784,0.002,0.002 grav=-0.00,-0.03,-0.98[0m
[0m[INFO] [1788616680.358540888, 141.946000000]: RL policy input vx=0.000 vy=0.000 wz=-2.900 action_rms=0.276 ready=1 userCmd=0 kbd=0 raw=0.000,0.000,-2.900 grav=-0.00,0.01,-0.98[0m
[0m[INFO] [1788616683.473180755, 143.952000000]: RL policy input vx=0.000 vy=0.000 wz=1.500 action_rms=0.358 ready=1 userCmd=0 kbd=0 raw=0.000,0.000,1.500 grav=0.01,0.00,-0.98[0m
[0m[INFO] [1788616686.589450778, 145.964000000]: RL policy input vx=0.880 vy=0.190 wz=0.234 action_rms=0.152 ready=1 userCmd=0 kbd=0 raw=0.880,0.190,0.234 grav=0.00,0.05,-0.98[0m
[0m[INFO] [1788616689.675254321, 147.964000000]: RL policy input vx=0.440 vy=0.024 wz=0.061 action_rms=0.247 ready=1 userCmd=0 kbd=0 raw=0.440,0.024,0.061 grav=0.02,-0.02,-0.98[0m
[0m[INFO] [1788616692.775090592, 149.966000000]: RL policy input vx=0.000 vy=0.000 wz=2.900 action_rms=0.282 ready=1 userCmd=0 kbd=0 raw=0.000,0.000,2.900 grav=0.02,0.02,-0.98[0m
[0m[INFO] [1788616695.903733028, 151.972000000]: RL policy input vx=0.530 vy=-0.125 wz=-0.254 action_rms=0.149 ready=1 userCmd=0 kbd=0 raw=0.530,-0.125,-0.254 grav=0.03,-0.08,-0.98[0m
[0m[INFO] [1788616699.036943464, 153.986000000]: RL policy input vx=0.447 vy=0.000 wz=0.132 action_rms=0.227 ready=1 userCmd=0 kbd=0 raw=0.447,0.000,0.132 grav=-0.01,-0.03,-0.98[0m
[0m[INFO] [1788616702.193476308, 156.004000000]: RL policy input vx=0.450 vy=0.000 wz=0.021 action_rms=0.158 ready=1 userCmd=0 kbd=0 raw=0.450,0.000,0.021 grav=0.01,-0.02,-0.98[0m
[0m[INFO] [1788616705.295046068, 158.006000000]: RL policy input vx=0.065 vy=0.224 wz=1.150 action_rms=0.164 ready=1 userCmd=0 kbd=0 raw=0.065,0.224,1.150 grav=0.02,-0.06,-0.98[0m
[0m[INFO] [1788616708.414386279, 160.016000000]: RL policy input vx=2.212 vy=0.413 wz=0.203 act[FSM]: state: INIT
wait for goal.
[FSM]: state: INIT
wait for goal.
[FSM]: state: INIT
wait for goal.
[FSM]: state: INIT
wait for goal.
[FSM]: state: INIT
wait for goal.
[FSM]: state: INIT
wait for goal.
[FSM]: state: INIT
wait for goal.
[FSM]: state: INIT
wait for goal.
[33m[WARN] [1788616719.507285859, 167.202000000]: Plane tilt guard scaling cmd_vel by 0.87 at tilt 0.157 rad[0m
[FSM]: state: INIT
wait for goal.
[33m[WARN] [1788616721.055540995, 168.202000000]: Plane tilt guard scaling cmd_vel by 0.97 at tilt 0.144 rad[0m
[FSM]: state: INIT
wait for goal.
[FSM]: state: INIT
wait for goal.
[FSM]: state: INIT
wait for goal.
[FSM]: state: INIT
wait for goal.
[FSM]: state: INIT
wait for goal.
[FSM]: state: INIT
wait for goal.
[FSM]: state: INIT
wait for goal.
[FSM]: state: INIT
wait for goal.
[FSM]: state: INIT
wait for goal.
[FSM]: state: INIT
wait for goal.
[FSM]: state: INIT
wait for goal.
[FSM]: state: INIT
wait for goal.
[FSM]: state: INIT
wait for goal.
[FSM]: state: INIT
wait for goal.
[FSM]: state: INIT
wait for goal.
[FSM]: state: INIT
wait for goal.
ion_rms=0.386 ready=1 userCmd=0 kbd=0 raw=2.212,0.413,0.203 grav=-0.02,0.09,-0.98[0m
[0m[INFO] [1788616711.535898411, 162.036000000]: RL policy input vx=2.250 vy=0.019 wz=0.009 action_rms=0.418 ready=1 userCmd=0 kbd=0 raw=2.250,0.019,0.009 grav=-0.05,-0.09,-0.97[0m
[0m[INFO] [1788616714.651844437, 164.056000000]: RL policy input vx=2.248 vy=-0.096 wz=-0.047 action_rms=0.466 ready=1 userCmd=0 kbd=0 raw=2.248,-0.096,-0.047 grav=0.01,-0.00,-0.98[0m
[0m[INFO] [1788616717.751727844, 166.064000000]: RL policy input vx=2.250 vy=-0.002 wz=-0.001 action_rms=0.361 ready=1 userCmd=0 kbd=0 raw=2.250,-0.002,-0.001 grav=-0.02,-0.03,-0.98[0m
[0m[INFO] [1788616720.869342017, 168.082000000]: RL policy input vx=2.239 vy=0.219 wz=0.107 action_rms=0.389 ready=1 userCmd=0 kbd=0 raw=2.239,0.219,0.107 grav=-0.02,-0.05,-0.98[0m
[0m[INFO] [1788616723.978620191, 170.090000000]: RL policy input vx=0.547 vy=-0.293 wz=-0.266 action_rms=0.202 ready=1 userCmd=0 kbd=0 raw=0.547,-0.293,-0.266 grav=0.09,-0.03,-0.98[0m
[0m[INFO] [1788616727.086660257, 172.092000000]: RL policy input vx=1.845 vy=-0.138 wz=-0.082 action_rms=0.457 ready=1 userCmd=0 kbd=0 raw=1.845,-0.138,-0.082 grav=0.02,-0.04,-0.98[0m
[0m[INFO] [1788616730.230102021, 174.110000000]: RL policy input vx=1.849 vy=-0.043 wz=-0.026 action_rms=0.282 ready=1 userCmd=0 kbd=0 raw=1.849,-0.043,-0.026 grav=-0.01,-0.04,-0.98[0m
[0m[INFO] [1788616733.334647134, 176.110000000]: RL policy input vx=0.000 vy=0.000 wz=-1.000 action_rms=0.261 ready=1 userCmd=0 kbd=0 raw=0.000,0.000,-1.000 grav=0.04,0.03,-0.98[0m
[0m[INFO] [1788616736.458368534, 178.128000000]: RL policy input vx=0.000 vy=0.000 wz=-0.157 action_rms=0.176 ready=1 userCmd=0 kbd=0 raw=0.000,0.000,-0.157 grav=-0.00,-0.01,-0.98[0m
[0m[INFO] [1788616739.550434547, 180.130000000]: RL policy input vx=0.441 vy=0.000 wz=-0.038 action_rms=0.142 ready=1 userCmd=0 kbd=0 raw=0.441,0.000,-0.038 grav=0.03,-0.02,-0.98[0m
[0m[INFO] [1788616742.671193487, 182.140000000]: RL policy input vx=0.000 vy=0.000 wz=-0.522 action_rms=0.154 ready=1 userCmd=0 kbd=0 raw=0.000,0.000,-0.522 grav=0.00,0.01,-0.98[0m
[0m[INFO] [1788616745.836099701, 184.146000000]: RL policy input vx=0.000 vy=0.000 wz=0.000 action_rms=0.149 ready=1 userCmd=0 kbd=0 raw=0.000,0.000,0.000 grav=-0.00,0.01,-0.98[0m
Switched from RL to fixed stand
infer_thread退出!
[33m[WARN] [1788616746.628583403, 184.636000000]: Using one-shot captured-pose FixedStand profile: ramp 0.50 s, settle 0.00 s, ready after 0.50 s + 0.50 s stable, minimum gain 0.75[0m
[INFO] Using /stand_target_joints param stance.
[FSM]: state: INIT
wait for goal.
Switched from fixed stand to RL
[INFO] Entered RL /cmd_vel mode.
[33m[WARN] [1788616747.912625060, 185.428000000]: Using one-shot stair RL takeover profile: blend 0.50 s, zero hold 0.15 s[0m
cuda::is_available():0
[WARNING] UNITREE_RL_DEVICE=hybrid selected CUDA for this policy but CUDA is unavailable; using CPU.
RL inference device: cpu (requested=hybrid, policy=stair)
[INFO] RL policy activated from preload cache at FixedStand entry boundary: /home/quinn/0904/runtime_assets/SimEnv/src/unitree_guide/logs/policy_act_inference_stair.pt
[FSM]: state: INIT
wait for goal.
[FSM]: state: INIT
wait for goal.
[FSM]: state: INIT
wait for goal.
[FSM]: state: INIT
wait for goal.
[FSM]: state: INIT
wait for goal.
[FSM]: state: INIT
wait for goal.
[FSM]: state: INIT
wait for goal.
[FSM]: state: INIT
wait for goal.
[FSM]: state: INIT
wait for goal.
[FSM]: state: INIT
wait for goal.
[FSM]: state: INIT
wait for goal.
[FSM]: state: INIT
wait for goal.
[FSM]: state: INIT
wait for goal.
[FSM]: state: INIT
wait for goal.
[FSM]: state: INIT
wait for goal.
[FSM]: state: INIT
wait for goal.
[FSM]: state: INIT
wait for goal.
[FSM]: state: INIT
wait for goal.
[FSM]: state: INIT
wait for goal.
[FSM]: state: INIT
wait for goal.
[FSM]: state: INIT
wait for goal.
[FSM]: state: INIT
wait for goal.
[FSM]: state: INIT
wait for goal.
[FSM]: state: INIT
wait for goal.
[FSM]: state: INIT
wait for goal.
[FSM]: state: INIT
wait for goal.
[FSM]: state: INIT
wait for goal.
[FSM]: state: INIT
wait for goal.
[33m[WARN] [1788616791.527922623, 213.332000000]: Using one-shot plane RL takeover profile: blend 0.50 s, zero hold 0.15 s[0m
[0m[INFO] [1788616748.951820016, 186.086000000]: RL locomotion_ready latched after 0.66 s takeover and 0.66 s stable hold[0m
[0m[INFO] [1788616749.053645977, 186.148000000]: RL policy input vx=0.020 vy=-0.002 wz=-0.041 action_rms=0.147 ready=1 userCmd=0 kbd=0 raw=0.020,-0.002,-0.041 grav=-0.01,0.01,-0.98[0m
[0m[INFO] [1788616752.237115339, 188.166000000]: RL policy input vx=0.568 vy=-0.293 wz=-0.044 action_rms=0.417 ready=1 userCmd=0 kbd=0 raw=0.568,-0.293,-0.044 grav=-0.28,0.12,-0.93[0m
[0m[INFO] [1788616755.334755775, 190.166000000]: RL policy input vx=0.800 vy=-0.026 wz=0.001 action_rms=0.639 ready=1 userCmd=0 kbd=0 raw=0.800,-0.026,0.001 grav=-0.35,-0.05,-0.91[0m
[0m[INFO] [1788616758.474478623, 192.178000000]: RL policy input vx=0.630 vy=-0.106 wz=0.065 action_rms=0.451 ready=1 userCmd=0 kbd=0 raw=0.630,-0.106,0.065 grav=-0.41,0.06,-0.89[0m
[0m[INFO] [1788616761.636463343, 194.188000000]: RL policy input vx=0.586 vy=-0.469 wz=-0.742 action_rms=0.288 ready=1 userCmd=0 kbd=0 raw=0.586,-0.469,-0.742 grav=-0.02,-0.04,-0.98[0m
[0m[INFO] [1788616764.777083347, 196.208000000]: RL policy input vx=0.299 vy=-0.028 wz=-0.102 action_rms=0.163 ready=1 userCmd=0 kbd=0 raw=0.299,-0.028,-0.102 grav=-0.00,0.01,-0.98[0m
[0m[INFO] [1788616767.947563067, 198.214000000]: RL policy input vx=0.000 vy=0.000 wz=-0.400 action_rms=0.149 ready=1 userCmd=0 kbd=0 raw=0.000,0.000,-0.400 grav=-0.02,0.03,-0.98[0m
[0m[INFO] [1788616771.103712489, 200.232000000]: RL policy input vx=0.000 vy=0.000 wz=-0.240 action_rms=0.191 ready=1 userCmd=0 kbd=0 raw=0.000,0.000,-0.240 grav=-0.04,0.02,-0.98[0m
[0m[INFO] [1788616774.240912153, 202.238000000]: RL policy input vx=0.000 vy=0.000 wz=-0.240 action_rms=0.203 ready=1 userCmd=0 kbd=0 raw=0.000,0.000,-0.240 grav=-0.03,0.02,-0.98[0m
[0m[INFO] [1788616777.360466872, 204.238000000]: RL policy input vx=0.000 vy=0.000 wz=-0.240 action_rms=0.204 ready=1 userCmd=0 kbd=0 raw=0.000,0.000,-0.240 grav=-0.03,0.02,-0.98[0m
[0m[INFO] [1788616780.512540152, 206.258000000]: RL policy input vx=0.595 vy=-0.075 wz=-0.044 action_rms=0.714 ready=1 userCmd=0 kbd=0 raw=0.595,-0.075,-0.044 grav=-0.32,-0.11,-0.92[0m
[0m[INFO] [1788616783.652715904, 208.260000000]: RL policy input vx=0.588 vy=0.118 wz=0.069 action_rms=0.435 ready=1 userCmd=8 kbd=0 raw=0.588,0.118,0.069 grav=-0.31,0.03,-0.93[0m
[0m[INFO] [1788616786.776131912, 210.266000000]: RL policy input vx=0.563 vy=0.288 wz=0.053 action_rms=0.367 ready=1 userCmd=0 kbd=0 raw=0.563,0.288,0.053 grav=-0.42,-0.01,-0.88[0m
[0m[INFO] [1788616789.863611384, 212.268000000]: RL policy input vx=0.791 vy=0.121 wz=0.053 action_rms=0.378 ready=1 userCmd=0 kbd=0 raw=0.791,0.121,0.053 grav=-0.32,-0.02,-0.93[0m
cuda::is_available():0
RL inference device: cpu (requested=hybrid, policy=plane)
[INFO] RL policy hot-switched from preload cache: /home/quinn/0904/runtime_assets/SimEnv/src/unitree_guide/logs/policy_act_inference_plane.pt
[INFO] [1788616745.216438, 183.760000]: Robot is already 0.03 m from the pre-riser pose; skipping the corridor/side legs.
[INFO] [1788616745.219194, 183.762000]: Pre-ascent residual heading error -0.114 rad (visual_depth=False, bearing=none).
[INFO] [1788616746.079691, 184.300000]: Flight-A body settled for 0.36 s; waiting for joint RMS capture window <= 0.180 (current=1.740).
[INFO] [1788616746.211286, 184.380000]: Pre-ascent stand target set from flight-A pre-reload capture entry sample
[INFO] [1788616746.218944, 184.386000]: Flight-A plane gait settled at joint RMS 0.080; holding FixedStand for at least 0.1 s at snapshot pose before queued stair-policy entry.
[INFO] [1788616747.637019, 185.260000]: Flight-A FixedStand readiness gate complete; queued the stair policy for State_RL entry and retaining stand ownership for 0.25 s.
[INFO] [1788616747.903026, 185.422000]: Flight-A policy request has been queued under FixedStand; requesting RL so State_RL loads it before inference starts.
[INFO] [1788616748.977467, 186.102000]: Fresh RL readiness confirmed after the flight-A FixedStand boundary; starting the climb ramp.
[INFO] [1788616749.010154, 186.120000]: Flight-A fresh RL readiness observed; ascent clocks reset and 1.2 s climb ramp started.
[INFO] [1788616749.013364, 186.122000]: STPUB phase=STAIR_ASCENT world=(0.000,0.002,-0.042) body=(0.002,-0.000,-0.042) truth_z=0.311 pose=0.31053869850649934
[INFO] [1788616750.632713, 187.140000]: STPUB phase=STAIR_ASCENT world=(0.028,0.800,-0.035) body=(0.793,-0.108,-0.035) truth_z=0.335 pose=0.3345640386544783
[INFO] [1788616752.226829, 188.160000]: STPUB phase=STAIR_ASCENT world=(0.220,0.600,-0.044) body=(0.568,-0.293,-0.044) truth_z=0.536 pose=0.5355659961884611
[INFO] [1788616753.809740, 189.180000]: STPUB phase=STAIR_ASCENT world=(0.027,0.800,-0.032) body=(0.794,-0.101,-0.032) truth_z=0.733 pose=0.7325058118102136
[INFO] [1788616755.386504, 190.200000]: STPUB phase=STAIR_ASCENT world=(0.028,0.800,0.003) body=(0.800,-0.022,0.003) truth_z=0.975 pose=0.9753083972630637
[INFO] [1788616756.971834, 191.220000]: STPUB phase=STAIR_ASCENT world=(-0.220,0.600,0.030) body=(0.579,0.271,0.030) truth_z=1.187 pose=1.1870540235573106
[INFO] [1788616758.570396, 192.240000]: STPUB phase=STAIR_ASCENT world=(0.000,0.800,0.058) body=(0.789,0.131,0.058) truth_z=1.379 pose=1.3787968816895033
[INFO] [1788616760.184720, 193.260000]: STPUB phase=STAIR_ASCENT world=(0.220,0.600,0.049) body=(0.625,-0.134,0.049) truth_z=1.583 pose=1.5831015458020152
[INFO] [1788616760.285450, 193.320000]: Intermediate landing entered at y=4.75 m; starting moving turn.
[INFO] [1788616761.776463, 194.280000]: STPUB phase=STAIR_LANDING_TURN world=(0.750,0.000,-0.665) body=(0.617,-0.427,-0.665) truth_z=1.611 pose=1.6107222788039812
[INFO] [1788616763.361392, 195.300000]: STPUB phase=STAIR_LANDING_TURN world=(0.473,0.000,-0.240) body=(0.463,-0.099,-0.240) truth_z=1.616 pose=1.616349777480954
[INFO] [1788616764.959477, 196.320000]: STPUB phase=STAIR_LANDING_TURN world=(0.300,0.000,-0.093) body=(0.299,-0.025,-0.093) truth_z=1.617 pose=1.6165255616161929
[INFO] [1788616766.578013, 197.340000]: STPUB phase=STAIR_LANDING_TURN world=(0.000,0.000,-0.888) body=(0.000,0.000,-0.888) truth_z=1.618 pose=1.6178227983367972
[INFO] [1788616768.169957, 198.360000]: STPUB phase=STAIR_LANDING_TURN world=(0.000,0.000,-0.364) body=(0.000,0.000,-0.364) truth_z=1.621 pose=1.6210605567926195
[INFO] [1788616769.765679, 199.380000]: STPUB phase=STAIR_LANDING_TURN world=(0.000,0.000,-0.240) body=(0.000,0.000,-0.240) truth_z=1.634 pose=1.6343732683849965
[INFO] [1788616771.361438, 200.400000]: STPUB phase=STAIR_LANDING_TURN world=(0.000,0.000,-0.240) body=(0.000,0.000,-0.240) truth_z=1.638 pose=1.6378591661933812
[INFO] [1788616772.962640, 201.420000]: STPUB phase=STAIR_LANDING_TURN world=(0.000,0.000,-0.240) body=(0.000,0.000,-0.240) truth_z=1.639 pose=1.6387889728748393
[INFO] [1788616774.553815, 202.440000]: STPUB phase=STAIR_LANDING_TURN world=(0.000,0.000,-0.240) body=(0.000,0.000,-0.240) truth_z=1.639 pose=1.6389515342010816
[INFO] [1788616776.135165, 203.460000]: STPUB phase=STAIR_LANDING_TURN world=(0.000,0.000,-0.240) body=(0.000,0.000,-0.240) truth_z=1.639 pose=1.6391814463284817
[INFO] [1788616777.735479, 204.480000]: STPUB phase=STAIR_LANDING_TURN world=(0.000,0.000,-0.240) body=(0.000,0.000,-0.240) truth_z=1.638 pose=1.6382879526669687
[INFO] [1788616778.053202, 204.680000]: Flight-B entry aligned: x error=-0.034 m, heading error=-0.146 rad.
[INFO] [1788616778.056188, 204.682000]: Flight-B entry joints saved (12 dofs) -> /home/quinn/0904/results/official_gui_rtf065_s111_20260905_215328/flight_b_entry_joints_0.json
[INFO] [1788616778.082624, 204.700000]: ASCENT_B gate: entry_guide=True truth_pose=True start_z=0.311 profile=True heading=-1.571 pose_z=1.6361924284552627 truth_z=1.6361924284552627
[INFO] [1788616778.083478, 204.700000]: Pre-ascent RL settle: holding zero command until motion is stable for 0.6 s before FixedStand.
[INFO] [1788616778.084168, 204.700000]: Pre-ascent RL settle active: stable 0.00/0.60 s.
[INFO] [1788616778.828483, 205.180000]: Pre-ascent RL motion settled for 0.62 s; settle-only gate complete (FixedStand disabled).
[INFO] [1788616779.326629, 205.500000]: STPUB phase=STAIR_ASCENT_B world=(-0.030,-0.800,-0.061) body=(0.783,-0.169,-0.061) truth_z=1.657 pose=1.6566744666678621
[INFO] [1788616779.672456, 205.720000]: ASCENT_B gate: entry_guide=True truth_pose=True start_z=0.311 profile=True heading=-1.571 pose_z=1.6562513263964407 truth_z=1.6562513263964407
[INFO] [1788616780.927813, 206.520000]: STPUB phase=STAIR_ASCENT_B world=(-0.049,-0.800,-0.022) body=(0.795,-0.100,-0.022) truth_z=1.805 pose=1.804989075143468
[INFO] [1788616781.269710, 206.740000]: ASCENT_B gate: entry_guide=True truth_pose=True start_z=0.311 profile=True heading=-1.571 pose_z=1.8339512518559062 truth_z=1.8339512518559062
[INFO] [1788616782.528049, 207.540000]: STPUB phase=STAIR_ASCENT_B world=(0.300,-0.400,0.068) body=(0.334,0.372,0.068) truth_z=1.950 pose=1.949647282646491
[INFO] [1788616782.866980, 207.760000]: ASCENT_B gate: entry_guide=True truth_pose=True start_z=0.311 profile=True heading=-1.571 pose_z=1.9936887511465502 truth_z=1.9936887511465502
[INFO] [1788616784.119416, 208.560000]: STPUB phase=STAIR_ASCENT_B world=(-0.200,-0.600,0.063) body=(0.626,-0.089,0.063) truth_z=2.170 pose=2.170058965228268
[INFO] [1788616784.457727, 208.780000]: ASCENT_B gate: entry_guide=True truth_pose=True start_z=0.311 profile=True heading=-1.571 pose_z=2.217138159646092 truth_z=2.217138159646092
[INFO] [1788616785.708299, 209.580000]: STPUB phase=STAIR_ASCENT_B world=(0.200,-0.600,0.067) body=(0.551,0.311,0.067) truth_z=2.370 pose=2.370493173125699
[INFO] [1788616786.051366, 209.800000]: ASCENT_B gate: entry_guide=True truth_pose=True start_z=0.311 profile=True heading=-1.571 pose_z=2.4188331442674134 truth_z=2.4188331442674134
[INFO] [1788616787.291709, 210.600000]: STPUB phase=STAIR_ASCENT_B world=(-0.200,-0.600,0.031) body=(0.615,-0.147,0.031) truth_z=2.558 pose=2.558270545747091
[INFO] [1788616787.630395, 210.820000]: ASCENT_B gate: entry_guide=True truth_pose=True start_z=0.311 profile=True heading=-1.571 pose_z=2.58380384648535 truth_z=2.58380384648535
[INFO] [1788616788.865307, 211.620000]: STPUB phase=STAIR_ASCENT_B world=(0.200,-0.600,0.049) body=(0.566,0.281,0.049) truth_z=2.732 pose=2.731790054329713
[INFO] [1788616789.203905, 211.840000]: ASCENT_B gate: entry_guide=True truth_pose=True start_z=0.311 profile=True heading=-1.571 pose_z=2.76857570770002 truth_z=2.76857570770002
[INFO] [1788616790.449600, 212.640000]: STPUB phase=STAIR_ASCENT_B world=(-0.200,-0.600,0.037) body=(0.618,-0.136,0.037) truth_z=2.893 pose=2.892748687079004
[INFO] [1788616790.792106, 212.860000]: ASCENT_B gate: entry_guide=True truth_pose=True start_z=0.311 profile=True heading=-1.571 pose_z=2.9036360438292985 truth_z=2.9036360438292985
[INFO] [1788616790.918717, 212.940000]: Upper landing entered: gain=2.59 m, clearance=0.00 m; stabilizing for 0.5 s.
[INFO] [1788616791.442607, 213.280000]: Floor-2 landing confirmed after two flights: gain=2.61 m clearance=0.10 m.
[FSM]: state: INIT
wait for goal.
[INFO] [1788616792.625356, 214.034000]: Plane policy acknowledged on the upper landing; releasing stair controller ownership.
[FSM]: state: INIT
wait for goal.
[FSM]: state: INIT
wait for goal.
[FSM]: state: INIT
wait for goal.
[FSM]: state: INIT
wait for goal.
[FSM]: state: INIT
wait for goal.
[FSM]: state: INIT
wait for goal.
[FSM]: state: INIT
wait for goal.
[FSM]: state: INIT
wait for goal.
[FSM]: state: INIT
wait for goal.
[FSM]: state: INIT
wait for goal.
[FSM]: state: INIT
wait for goal.
[FSM]: state: INIT
wait for goal.
[FSM]: state: INIT
wait for goal.
[FSM]: state: INIT
wait for goal.
[FSM]: state: INIT
wait for goal.
[FSM]: state: INIT
wait for goal.
[FSM]: state: INIT
wait for goal.
[FSM]: state: INIT
wait for goal.
[FSM]: state: INIT
wait for goal.
[FSM]: state: INIT
wait for goal.
[FSM]: state: INIT
wait for goal.
[FSM]: state: INIT
wait for goal.
[FSM]: state: INIT
wait for goal.
[FSM]: state: INIT
wait for goal.
[FSM]: state: INIT
wait for goal.
[FSM]: state: INIT
wait for goal.
[FSM]: state: INIT
wait for goal.
[FSM]: state: INIT
wait for goal.
[FSM]: state: INIT
wait for goal.
[FSM]: state: INIT
wait for goal.
[FSM]: state: INIT
wait for goal.
[FSM]: state: INIT
wait for goal.
[FSM]: state: INIT
wait for goal.
[FSM]: state: INIT
wait for goal.
[FSM]: state: INIT
wait for goal.
[FSM]: state: INIT
wait for goal.
[FSM]: state: INIT
wait for goal.
[FSM]: state: INIT
wait for goal.
[FSM]: state: INIT
wait for goal.
[FSM]: state: INIT
wait for goal.
[FSM]: state: INIT
wait for goal.
[FSM]: state: INIT
wait for goal.
[0m[INFO] [1788616792.561388427, 213.992000000]: RL locomotion_ready latched after 0.66 s takeover and 0.66 s stable hold[0m
[0m[INFO] [1788616793.011609791, 214.284000000]: RL policy input vx=0.000 vy=0.000 wz=0.000 action_rms=0.147 ready=1 userCmd=0 kbd=0 raw=0.000,0.000,0.000 grav=-0.01,-0.00,-0.98[0m
[0m[INFO] [1788616796.128960202, 216.298000000]: RL policy input vx=0.000 vy=0.000 wz=0.314 action_rms=0.185 ready=1 userCmd=0 kbd=0 raw=0.000,0.000,0.314 grav=0.01,-0.01,-0.98[0m
[0m[INFO] [1788616799.250428070, 218.306000000]: RL policy input vx=0.616 vy=0.000 wz=0.349 action_rms=0.146 ready=1 userCmd=0 kbd=0 raw=0.616,0.000,0.349 grav=0.00,-0.01,-0.98[0m
[0m[INFO] [1788616802.365333064, 220.318000000]: RL policy input vx=0.000 vy=0.000 wz=0.254 action_rms=0.177 ready=1 userCmd=0 kbd=0 raw=0.000,0.000,0.254 grav=0.01,-0.02,-0.98[0m
[0m[INFO] [1788616805.485281286, 222.324000000]: RL policy input vx=2.250 vy=0.000 wz=0.017 action_rms=0.374 ready=1 userCmd=0 kbd=0 raw=2.250,0.000,0.017 grav=-0.02,0.01,-0.98[0m
[0m[INFO] [1788616808.621225214, 224.338000000]: RL policy input vx=2.250 vy=0.000 wz=-0.017 action_rms=0.346 ready=1 userCmd=0 kbd=0 raw=2.250,0.000,-0.017 grav=0.04,-0.01,-0.98[0m
[0m[INFO] [1788616811.752408166, 226.344000000]: RL policy input vx=2.249 vy=0.000 wz=0.025 action_rms=0.368 ready=1 userCmd=0 kbd=0 raw=2.249,0.000,0.025 grav=0.01,0.00,-0.98[0m
[0m[INFO] [1788616814.867660034, 228.344000000]: RL policy input vx=0.450 vy=0.000 wz=0.307 action_rms=0.226 ready=1 userCmd=0 kbd=0 raw=0.450,0.000,0.307 grav=0.05,-0.09,-0.97[0m
[0m[INFO] [1788616817.986259825, 230.360000000]: RL policy input vx=0.000 vy=0.000 wz=0.308 action_rms=0.153 ready=1 userCmd=0 kbd=0 raw=0.000,0.000,0.308 grav=0.02,-0.01,-0.98[0m
[0m[INFO] [1788616821.134373584, 232.376000000]: RL policy input vx=0.450 vy=0.000 wz=0.040 action_rms=0.161 ready=1 userCmd=0 kbd=0 raw=0.450,0.000,0.040 grav=0.01,-0.01,-0.98[0m
[0m[INFO] [1788616824.255831141, 234.382000000]: RL policy input vx=0.450 vy=0.000 wz=-0.016 action_rms=0.297 ready=1 userCmd=0 kbd=0 raw=0.450,0.000,-0.016 grav=-0.00,-0.02,-0.98[0m
[0m[INFO] [1788616827.408436002, 236.402000000]: RL policy input vx=0.900 vy=-0.021 wz=-0.026 action_rms=0.244 ready=1 userCmd=0 kbd=0 raw=0.900,-0.021,-0.026 grav=-0.00,-0.02,-0.98[0m
[0m[INFO] [1788616830.520726462, 238.408000000]: RL policy input vx=0.900 vy=-0.003 wz=-0.004 action_rms=0.178 ready=1 userCmd=0 kbd=0 raw=0.900,-0.003,-0.004 grav=0.00,-0.02,-0.98[0m
[0m[INFO] [1788616833.653821987, 240.426000000]: RL policy input vx=0.000 vy=0.000 wz=2.715 action_rms=0.461 ready=1 userCmd=0 kbd=0 raw=0.000,0.000,2.715 grav=0.01,0.00,-0.98[0m
[0m[INFO] [1788616836.766945957, 242.438000000]: RL policy input vx=0.000 vy=0.000 wz=-0.564 action_rms=0.145 ready=1 userCmd=0 kbd=0 raw=0.000,0.000,-0.564 grav=0.01,-0.00,-0.98[0m
[0m[INFO] [1788616839.869956333, 244.438000000]: RL policy input vx=0.794 vy=-0.424 wz=-0.539 action_rms=0.231 ready=1 userCmd=0 kbd=0 raw=0.794,-0.424,-0.539 grav=-0.03,-0.03,-0.98[0m
[0m[INFO] [1788616842.965953325, 246.448000000]: RL policy input vx=0.898 vy=-0.064 wz=-0.079 action_rms=0.157 ready=1 userCmd=0 kbd=0 raw=0.898,-0.064,-0.079 grav=0.00,-0.03,-0.98[0m
[0m[INFO] [1788616846.073122090, 248.460000000]: RL policy input vx=0.000 vy=0.000 wz=-2.900 action_rms=0.181 ready=1 userCmd=0 kbd=0 raw=0.000,0.000,-2.900 grav=0.01,0.01,-0.98[0m
[0m[INFO] [1788616849.182271694, 250.468000000]: RL policy input vx=1.694 vy=0.750 wz=0.459 action_rms=0.410 ready=1 userCmd=0 kbd=0 raw=1.694,0.750,0.459 grav=0.00,-0.04,-0.98[0m
[0m[INFO] [1788616852.291889136, 252.480000000]: RL policy input vx=0.000 vy=0.000 wz=-0.450 action_rms=0.145 ready=1 userCmd=0 kbd=0 raw=0.000,0.000,-0.450 grav=0.02,0.00,-0.98[0m
[0m[INFO] [1788616855.399211535, 254.496000000]: RL policy input vx=0.445 vy=0.000 wz=-0.163 action_rms=0.171 ready=1 userCmd=0 kbd=0 raw=0.445,0.000,-0.163 grav=-0.01,0.01,-0.98[0m
[0m[INFO] [1788616858.524129807, 256.496000000]: RL policy input vx=0.449 vy=0.000 wz=-0.061 action_rms=0.240 ready=1 [FSM]: state: INIT
wait for goal.
[FSM]: state: INIT
wait for goal.
[FSM]: state: INIT
wait for goal.
[FSM]: state: INIT
wait for goal.
[FSM]: state: INIT
wait for goal.
[FSM]: state: INIT
wait for goal.
[FSM]: state: INIT
wait for goal.
[FSM]: state: INIT
wait for goal.
[FSM]: state: INIT
wait for goal.
[FSM]: state: INIT
wait for goal.
[FSM]: state: INIT
wait for goal.
[FSM]: state: INIT
wait for goal.
[FSM]: state: INIT
wait for goal.
[FSM]: state: INIT
wait for goal.
[FSM]: state: INIT
wait for goal.
[FSM]: state: INIT
wait for goal.
[FSM]: state: INIT
wait for goal.
[FSM]: state: INIT
wait for goal.
[FSM]: state: INIT
wait for goal.
[FSM]: state: INIT
wait for goal.
[FSM]: state: INIT
wait for goal.
[FSM]: state: INIT
wait for goal.
[33m[WARN] [1788616892.627477636, 278.538000000]: Plane tilt guard scaling cmd_vel by 0.96 at tilt 0.145 rad[0m
[FSM]: state: INIT
wait for goal.
[FSM]: state: INIT
wait for goal.
[FSM]: state: INIT
wait for goal.
[FSM]: state: INIT
wait for goal.
[FSM]: state: INIT
wait for goal.
[FSM]: state: INIT
wait for goal.
[FSM]: state: INIT
wait for goal.
[FSM]: state: INIT
wait for goal.
[FSM]: state: INIT
wait for goal.
[FSM]: state: INIT
wait for goal.
[FSM]: state: INIT
wait for goal.
[FSM]: state: INIT
wait for goal.
[FSM]: state: INIT
wait for goal.
[FSM]: state: INIT
wait for goal.
[33m[WARN] [1788616915.158850179, 293.092000000]: Plane tilt guard scaling cmd_vel by 0.90 at tilt 0.152 rad[0m
[FSM]: state: INIT
wait for goal.
[FSM]: state: INIT
wait for goal.
[FSM]: state: INIT
wait for goal.
[FSM]: state: INIT
wait for goal.
[FSM]: state: INIT
wait for goal.
[FSM]: state: INIT
wait for goal.
[FSM]: state: INIT
wait for goal.
[FSM]: state: INIT
wait for goal.
userCmd=0 kbd=0 raw=0.449,0.000,-0.061 grav=0.01,-0.01,-0.98[0m
[0m[INFO] [1788616861.637540325, 258.510000000]: RL policy input vx=1.045 vy=0.015 wz=0.016 action_rms=0.189 ready=1 userCmd=0 kbd=0 raw=1.045,0.015,0.016 grav=-0.02,0.02,-0.98[0m
[0m[INFO] [1788616864.741433286, 260.512000000]: RL policy input vx=0.450 vy=0.000 wz=0.009 action_rms=0.204 ready=1 userCmd=0 kbd=0 raw=0.450,0.000,0.009 grav=0.01,-0.02,-0.98[0m
[0m[INFO] [1788616867.849692872, 262.524000000]: RL policy input vx=0.450 vy=0.000 wz=-0.034 action_rms=0.211 ready=1 userCmd=0 kbd=0 raw=0.450,0.000,-0.034 grav=0.01,-0.01,-0.98[0m
[0m[INFO] [1788616870.945419701, 264.526000000]: RL policy input vx=0.898 vy=0.055 wz=0.068 action_rms=0.369 ready=1 userCmd=0 kbd=0 raw=0.898,0.055,0.068 grav=-0.00,-0.01,-0.98[0m
[0m[INFO] [1788616874.047405397, 266.530000000]: RL policy input vx=0.900 vy=0.003 wz=0.003 action_rms=0.180 ready=1 userCmd=0 kbd=0 raw=0.900,0.003,0.003 grav=-0.01,-0.02,-0.98[0m
[0m[INFO] [1788616877.154924347, 268.540000000]: RL policy input vx=0.000 vy=0.000 wz=-1.357 action_rms=0.198 ready=1 userCmd=0 kbd=0 raw=0.000,0.000,-1.357 grav=0.03,-0.02,-0.98[0m
[0m[INFO] [1788616880.282213427, 270.554000000]: RL policy input vx=0.000 vy=0.000 wz=-0.792 action_rms=0.166 ready=1 userCmd=0 kbd=0 raw=0.000,0.000,-0.792 grav=0.01,-0.00,-0.98[0m
[0m[INFO] [1788616883.404845307, 272.574000000]: RL policy input vx=0.759 vy=0.484 wz=0.624 action_rms=0.202 ready=1 userCmd=0 kbd=0 raw=0.759,0.484,0.624 grav=-0.04,0.00,-0.98[0m
[0m[INFO] [1788616886.515584326, 274.588000000]: RL policy input vx=0.898 vy=0.062 wz=0.076 action_rms=0.163 ready=1 userCmd=0 kbd=0 raw=0.898,0.062,0.076 grav=-0.00,0.01,-0.98[0m
[0m[INFO] [1788616889.627657191, 276.598000000]: RL policy input vx=0.000 vy=0.000 wz=2.596 action_rms=0.383 ready=1 userCmd=0 kbd=0 raw=0.000,0.000,2.596 grav=0.00,0.00,-0.98[0m
[0m[INFO] [1788616892.725543412, 278.602000000]: RL policy input vx=2.220 vy=-0.369 wz=-0.181 action_rms=0.248 ready=1 userCmd=0 kbd=0 raw=2.220,-0.369,-0.181 grav=-0.03,0.13,-0.97[0m
[0m[INFO] [1788616895.849918212, 280.604000000]: RL policy input vx=0.000 vy=0.000 wz=0.382 action_rms=0.151 ready=1 userCmd=0 kbd=0 raw=0.000,0.000,0.382 grav=0.03,-0.02,-0.98[0m
[0m[INFO] [1788616898.933319376, 282.604000000]: RL policy input vx=0.450 vy=0.000 wz=0.042 action_rms=0.199 ready=1 userCmd=0 kbd=0 raw=0.450,0.000,0.042 grav=0.00,-0.02,-0.98[0m
[0m[INFO] [1788616902.044780030, 284.606000000]: RL policy input vx=0.450 vy=0.000 wz=-0.019 action_rms=0.226 ready=1 userCmd=0 kbd=0 raw=0.450,0.000,-0.019 grav=0.01,-0.02,-0.98[0m
[0m[INFO] [1788616905.163709919, 286.614000000]: RL policy input vx=0.716 vy=-0.450 wz=-0.617 action_rms=0.275 ready=1 userCmd=0 kbd=0 raw=0.716,-0.450,-0.617 grav=-0.02,-0.01,-0.98[0m
[0m[INFO] [1788616908.266246534, 288.622000000]: RL policy input vx=2.236 vy=-0.247 wz=-0.121 action_rms=0.367 ready=1 userCmd=0 kbd=0 raw=2.236,-0.247,-0.121 grav=-0.03,-0.08,-0.98[0m
[0m[INFO] [1788616911.372640838, 290.636000000]: RL policy input vx=2.246 vy=-0.142 wz=-0.069 action_rms=0.424 ready=1 userCmd=0 kbd=0 raw=2.246,-0.142,-0.069 grav=0.00,0.01,-0.98[0m
[0m[INFO] [1788616914.487736832, 292.656000000]: RL policy input vx=2.250 vy=0.020 wz=0.010 action_rms=0.330 ready=1 userCmd=0 kbd=0 raw=2.250,0.020,0.010 grav=0.01,-0.03,-0.98[0m
[0m[INFO] [1788616917.585897174, 294.662000000]: RL policy input vx=0.707 vy=0.203 wz=0.308 action_rms=0.164 ready=1 userCmd=0 kbd=0 raw=0.707,0.203,0.308 grav=0.04,-0.04,-0.98[0m
[0m[INFO] [1788616920.681035702, 296.668000000]: RL policy input vx=0.000 vy=0.000 wz=0.249 action_rms=0.177 ready=1 userCmd=0 kbd=0 raw=0.000,0.000,0.249 grav=0.01,-0.02,-0.98[0m
[0m[INFO] [1788616923.808464098, 298.678000000]: RL policy input vx=0.450 vy=0.000 wz=0.030 action_rms=0.218 ready=1 userCmd=0 kbd=0 raw=0.450,0.000,0.030 grav=0.01,-0.02,-0.98[0m
[0m[INFO] [1788616926.941758350, 300.678000000]: RL policy input vx=0.442 vy=0.000 wz=-0.010 action_rms=0.191 ready=1 userCmd=0 kbd=0 raw=0.442,0.000,-0.010 grav=0.01,-0.02,-0.98[0m[FSM]: state: INIT
wait for goal.
[INFO] [1788616452.457303, 0.000000]: danger_detector: loaded 12 room boundaries; scan margin=0.50 m
[INFO] [1788616458.052438, 0.110000]: danger_detector: first rendered RGB frame ready (320x240)
[INFO] [1788616483.363498, 16.370000]: danger_detector: exploration clock started after preparation
[INFO] [1788616534.543186, 48.342000]: danger_detector: confirmed red sphere #1 at [-3.4807, 10.0496, 0.15], t=31.97s, stage=floor_1_exploration
[INFO] [1788616535.488190, 48.950000]: danger_detector: scan batch label=floor_0_room_0_g3 raw=5 min_points=3 clusters=[(-3.4277716060416505, 9.948796368297634)]
[INFO] [1788616547.186147, 56.420000]: danger_detector: confirmed red sphere #2 at [-7.9697, 17.9235, 0.15], t=40.05s, stage=floor_1_exploration
[INFO] [1788616547.625369, 56.698000]: danger_detector: scan batch label=floor_0_room_0_g4 raw=6 min_points=3 clusters=[(-7.93231152791439, 17.898942975298855)]
[INFO] [1788616578.904517, 76.624000]: danger_detector: confirmed red sphere #3 at [2.6227, 12.9278, 0.15], t=60.25s, stage=floor_1_exploration
[INFO] [1788616579.428892, 76.966000]: danger_detector: scan batch label=floor_0_room_1_g3 raw=6 min_points=3 clusters=[(2.578718765732373, 12.878511798854912)]
[INFO] [1788616590.962062, 84.420000]: danger_detector: scan batch label=floor_0_room_1_g4 raw=8 min_points=3 clusters=[(2.2221475825695576, 12.575908782129604)]
[INFO] [1788616637.141224, 114.220000]: danger_detector: scan batch label=floor_0_room_2_g3 raw=0 min_points=3 clusters=[]
[INFO] [1788616649.277791, 122.058000]: danger_detector: scan batch label=floor_0_room_2_g4 raw=0 min_points=3 clusters=[]
[INFO] [1788616681.303737, 142.548000]: danger_detector: scan batch label=floor_0_room_3_g3 raw=0 min_points=3 clusters=[]
[INFO] [1788616693.141940, 150.206000]: danger_detector: scan batch label=floor_0_room_3_g4 raw=0 min_points=3 clusters=[]
[INFO] [1788616834.636594, 241.056000]: danger_detector: confirmed red sphere #5 at [-2.727, 8.3525, 2.75], t=224.69s, stage=floor_2_exploration
[INFO] [1788616835.380758, 241.540000]: danger_detector: scan batch label=floor_1_room_0_g3 raw=4 min_points=3 clusters=[(-2.772615376502318, 8.457775017359612)]
[INFO] [1788616844.797247, 247.636000]: danger_detector: confirmed red sphere #6 at [-2.9644, 9.1422, 2.75], t=231.27s, stage=floor_2_exploration
[INFO] [1788616847.000202, 249.054000]: danger_detector: confirmed red sphere #7 at [-8.4946, 18.4723, 2.75], t=232.68s, stage=floor_2_exploration
[INFO] [1788616847.521441, 249.394000]: danger_detector: scan batch label=floor_1_room_0_g4 raw=24 min_points=3 clusters=[(-2.860099171522383, 8.891650475013389), (-8.422933000287589, 18.39812197035332)]
[INFO] [1788616847.522519, 249.394000]: danger_detector: merged cross-view duplicate track 5 into track 6, distance=0.601m
[INFO] [1788616848.389039, 249.954000]: danger_detector: merged cross-view duplicate track 5 into track 6, distance=0.601m
[INFO] [1788616850.358505, 251.228000]: danger_detector: merged cross-view duplicate track 5 into track 6, distance=0.601m
[INFO] [1788616852.256699, 252.458000]: danger_detector: merged cross-view duplicate track 5 into track 6, distance=0.601m
[INFO] [1788616854.170977, 253.698000]: danger_detector: merged cross-view duplicate track 5 into track 6, distance=0.601m
[INFO] [1788616856.114759, 254.950000]: danger_detector: merged cross-view duplicate track 5 into track 6, distance=0.601m
[INFO] [1788616858.078139, 256.208000]: danger_detector: merged cross-view duplicate track 5 into track 6, distance=0.601m
[INFO] [1788616859.994364, 257.446000]: danger_detector: merged cross-view duplicate track 5 into track 6, distance=0.601m
[INFO] [1788616861.929413, 258.698000]: danger_detector: merged cross-view duplicate track 5 into track 6, distance=0.601m
[INFO] [1788616863.866627, 259.948000]: danger_detector: merged cross-view duplicate track 5 into track 6, distance=0.601m
[INFO] [1788616865.793811, 261.192000]: danger_detector: merged cross-view duplicate track 5 into track 6, distance=0.601m
[INFO] [1788616867.741214, 262.454000]: danger_detector: merged cross-view duplicate track 5 into track 6, distance=0.601m
[INFO] [1788616869.671386, 263.706000]: danger_detector: merged cross-view duplicate track 5 into track 6, distance=0.601m
[INFO] [1788616871.608799, 264.950000]: danger_detector: merged cross-view duplicate track 5 into track 6, distance=0.601m
[INFO] [1788616873.536714, 266.198000]: danger_detector: merged cross-view duplicate track 5 into track 6, distance=0.601m
[INFO] [1788616875.480901, 267.456000]: danger_detector: merged cross-view duplicate track 5 into track 6, distance=0.601m
[INFO] [1788616877.396998, 268.696000]: danger_detector: merged cross-view duplicate track 5 into track 6, distance=0.601m
[INFO] [1788616879.326997, 269.938000]: danger_detector: merged cross-view duplicate track 5 into track 6, distance=0.601m
[INFO] [1788616879.448924, 270.016000]: danger_detector: scan batch label=floor_1_room_1_g3 raw=0 min_points=3 clusters=[]
[INFO] [1788616879.451165, 270.018000]: danger_detector: merged cross-view duplicate track 5 into track 6, distance=0.601m
[INFO] [1788616881.486429, 271.334000]: danger_detector: merged cross-view duplicate track 5 into track 6, distance=0.601m
[INFO] [1788616883.496612, 272.632000]: danger_detector: merged cross-view duplicate track 5 into track 6, distance=0.601m
[INFO] [1788616885.533305, 273.948000]: danger_detector: merged cross-view duplicate track 5 into track 6, distance=0.601m
[INFO] [1788616887.517045, 275.234000]: danger_detector: merged cross-view duplicate track 5 into track 6, distance=0.601m
[INFO] [1788616889.528816, 276.532000]: danger_detector: merged cross-view duplicate track 5 into track 6, distance=0.601m
[INFO] [1788616891.395532, 277.742000]: danger_detector: scan batch label=floor_1_room_1_g4 raw=0 min_points=3 clusters=[]
[INFO] [1788616891.396772, 277.742000]: danger_detector: merged cross-view duplicate track 5 into track 6, distance=0.601m
[INFO] [1788616891.483478, 277.798000]: danger_detector: merged cross-view duplicate track 5 into track 6, distance=0.601m
[INFO] [1788616893.417748, 279.038000]: danger_detector: merged cross-view duplicate track 5 into track 6, distance=0.601m
[INFO] [1788616895.409423, 280.320000]: danger_detector: merged cross-view duplicate track 5 into track 6, distance=0.601m
[INFO] [1788616897.352841, 281.578000]: danger_detector: merged cross-view duplicate track 5 into track 6, distance=0.601m
[INFO] [1788616899.282066, 282.830000]: danger_detector: merged cross-view duplicate track 5 into track 6, distance=0.601m
[INFO] [1788616901.250146, 284.096000]: danger_detector: merged cross-view duplicate track 5 into track 6, distance=0.601m
[INFO] [1788616903.188211, 285.338000]: danger_detector: merged cross-view duplicate track 5 into track 6, distance=0.601m
[INFO] [1788616905.203681, 286.638000]: danger_detector: merged cross-view duplicate track 5 into track 6, distance=0.601m
[INFO] [1788616907.150410, 287.898000]: danger_detector: merged cross-view duplicate track 5 into track 6, distance=0.601m
[INFO] [1788616910.036566, 289.770000]: danger_detector: merged cross-view duplicate track 5 into track 6, distance=0.601m
[INFO] [1788616912.689827, 291.488000]: danger_detector: merged cross-view duplicate track 5 into track 6, distance=0.601m
[INFO] [1788616915.595540, 293.374000]: danger_detector: merged cross-view duplicate track 5 into track 6, distance=0.601m
[INFO] [1788616918.609838, 295.328000]: danger_detector: merged cross-view duplicate track 5 into track 6, distance=0.601m
[INFO] [1788616920.633028, 296.638000]: danger_detector: merged cross-view duplicate track 5 into track 6, distance=0.601m
[INFO] [1788616922.584377, 297.886000]: danger_detector: merged cross-view duplicate track 5 into track 6, distance=0.601m
[INFO] [1788616924.533604, 299.140000]: danger_detector: merged cross-view duplicate track 5 into track 6, distance=0.601m
[INFO] [1788616926.489932, 300.392000]: danger_detector: merged cross-view duplicate track 5 into track 6, distance=0.601m
[FSM]: state: INIT
wait for goal.
[FSM]: state: INIT
wait for goal.
[FSM]: state: INIT
wait for goal.
[FSM]: state: INIT
wait for goal.
[FSM]: state: INIT
wait for goal.
[FSM]: state: INIT
wait for goal.
[FSM]: state: INIT
wait for goal.
[FSM]: state: INIT
wait for goal.
[FSM]: state: INIT
wait for goal.
[FSM]: state: INIT
wait for goal.
[FSM]: state: INIT
wait for goal.
[FSM]: state: INIT
wait for goal.
[FSM]: state: INIT
wait for goal.
[FSM]: state: INIT
wait for goal.
[FSM]: state: INIT
wait for goal.
[FSM]: state: INIT
wait for goal.
[FSM]: state: INIT
wait for goal.
[FSM]: state: INIT
wait for goal.
[FSM]: state: INIT
wait for goal.
[FSM]: state: INIT
wait for goal.
[FSM]: state: INIT
wait for goal.
[FSM]: state: INIT
wait for goal.
[FSM]: state: INIT
wait for goal.
[FSM]: state: INIT
wait for goal.
[FSM]: state: INIT
wait for goal.
[FSM]: state: INIT
wait for goal.
[FSM]: state: INIT
wait for goal.
[FSM]: state: INIT
wait for goal.
[FSM]: state: INIT
wait for goal.
[FSM]: state: INIT
wait for goal.
[FSM]: state: INIT
wait for goal.
[FSM]: state: INIT
wait for goal.
[FSM]: state: INIT
wait for goal.
[FSM]: state: INIT
wait for goal.
[FSM]: state: INIT
wait for goal.
[FSM]: state: INIT
wait for goal.
[FSM]: state: INIT
wait for goal.
[FSM]: state: INIT
wait for goal.
[FSM]: state: INIT
wait for goal.
[FSM]: state: INIT
wait for goal.
[FSM]: state: INIT
wait for goal.
[FSM]: state: INIT
wait for goal.
[FSM]: state: INIT
wait for goal.
[FSM]: state: INIT
wait for goal.
[FSM]: state: INIT
wait for goal.

[0m[INFO] [1788616930.070278223, 302.688000000]: RL policy input vx=0.585 vy=-0.070 wz=-0.131 action_rms=0.176 ready=1 userCmd=0 kbd=0 raw=0.585,-0.070,-0.131 grav=0.01,-0.02,-0.98[0m
[0m[INFO] [1788616933.161147870, 304.694000000]: RL policy input vx=2.192 vy=0.506 wz=0.249 action_rms=0.352 ready=1 userCmd=0 kbd=0 raw=2.192,0.506,0.249 grav=-0.01,0.07,-0.98[0m
[0m[INFO] [1788616936.266178652, 306.694000000]: RL policy input vx=0.628 vy=0.041 wz=0.050 action_rms=0.265 ready=1 userCmd=0 kbd=0 raw=0.628,0.041,0.050 grav=0.03,-0.00,-0.98[0m
[0m[INFO] [1788616939.406136213, 308.700000000]: RL policy input vx=0.000 vy=0.000 wz=-1.005 action_rms=0.156 ready=1 userCmd=0 kbd=0 raw=0.000,0.000,-1.005 grav=0.03,-0.00,-0.98[0m
[0m[INFO] [1788616942.505342622, 310.702000000]: RL policy input vx=0.425 vy=-0.643 wz=-1.086 action_rms=0.156 ready=1 userCmd=0 kbd=0 raw=0.425,-0.643,-1.086 grav=-0.01,0.01,-0.98[0m
[0m[INFO] [1788616945.615303048, 312.706000000]: RL policy input vx=0.173 vy=0.450 wz=0.424 action_rms=0.178 ready=1 userCmd=0 kbd=0 raw=0.173,0.450,0.424 grav=0.04,-0.05,-0.98[0m
[0m[INFO] [1788616948.764641266, 314.718000000]: RL policy input vx=0.515 vy=0.295 wz=0.509 action_rms=0.166 ready=1 userCmd=0 kbd=0 raw=0.515,0.295,0.509 grav=0.03,0.02,-0.98[0m
[0m[INFO] [1788616951.848672834, 316.722000000]: RL policy input vx=0.822 vy=0.366 wz=0.461 action_rms=0.339 ready=1 userCmd=0 kbd=0 raw=0.822,0.366,0.461 grav=-0.02,-0.05,-0.98[0m
[0m[INFO] [1788616954.956881068, 318.734000000]: RL policy input vx=0.899 vy=0.047 wz=0.058 action_rms=0.149 ready=1 userCmd=0 kbd=0 raw=0.899,0.047,0.058 grav=0.00,-0.00,-0.98[0m
[0m[INFO] [1788616958.077167460, 320.752000000]: RL policy input vx=0.000 vy=0.000 wz=2.900 action_rms=0.134 ready=1 userCmd=0 kbd=0 raw=0.000,0.000,2.900 grav=0.00,-0.01,-0.98[0m
[0m[INFO] [1788616961.189928341, 322.768000000]: RL policy input vx=0.300 vy=0.499 wz=1.134 action_rms=0.155 ready=1 userCmd=0 kbd=0 raw=0.300,0.499,1.134 grav=-0.01,-0.01,-0.98[0m
[0m[INFO] [1788616964.317538325, 324.768000000]: RL policy input vx=0.572 vy=0.097 wz=0.185 action_rms=0.241 ready=1 userCmd=0 kbd=0 raw=0.572,0.097,0.185 grav=0.03,-0.01,-0.98[0m
[0m[INFO] [1788616967.420771408, 326.778000000]: RL policy input vx=0.286 vy=0.092 wz=0.342 action_rms=0.192 ready=1 userCmd=0 kbd=0 raw=0.286,0.092,0.342 grav=0.02,0.05,-0.98[0m
[0m[INFO] [1788616970.540086521, 328.796000000]: RL policy input vx=0.000 vy=0.000 wz=-0.450 action_rms=0.138 ready=1 userCmd=0 kbd=0 raw=0.000,0.000,-0.450 grav=0.00,-0.00,-0.98[0m
[0m[INFO] [1788616973.654868957, 330.796000000]: RL policy input vx=0.447 vy=0.000 wz=-0.117 action_rms=0.169 ready=1 userCmd=0 kbd=0 raw=0.447,0.000,-0.117 grav=-0.01,-0.02,-0.98[0m
[0m[INFO] [1788616976.773743637, 332.798000000]: RL policy input vx=0.449 vy=0.000 wz=-0.069 action_rms=0.242 ready=1 userCmd=0 kbd=0 raw=0.449,0.000,-0.069 grav=0.00,-0.02,-0.98[0m
[0m[INFO] [1788616979.900773704, 334.802000000]: RL policy input vx=0.430 vy=-0.003 wz=-0.008 action_rms=0.279 ready=1 userCmd=0 kbd=0 raw=0.430,-0.003,-0.008 grav=0.02,-0.00,-0.98[0m
[0m[INFO] [1788616983.039319925, 336.812000000]: RL policy input vx=0.450 vy=0.000 wz=0.003 action_rms=0.160 ready=1 userCmd=0 kbd=0 raw=0.450,0.000,0.003 grav=0.01,-0.01,-0.98[0m
[0m[INFO] [1788616986.182721720, 338.830000000]: RL policy input vx=0.864 vy=0.252 wz=0.312 action_rms=0.179 ready=1 userCmd=0 kbd=0 raw=0.864,0.252,0.312 grav=0.00,0.01,-0.98[0m
[0m[INFO] [1788616989.294529701, 340.842000000]: RL policy input vx=0.899 vy=0.031 wz=0.037 action_rms=0.345 ready=1 userCmd=0 kbd=0 raw=0.899,0.031,0.037 grav=-0.00,-0.00,-0.98[0m
[0m[INFO] [1788616992.397450391, 342.842000000]: RL policy input vx=0.900 vy=-0.001 wz=-0.001 action_rms=0.146 ready=1 userCmd=0 kbd=0 raw=0.900,-0.001,-0.001 grav=-0.00,-0.01,-0.98[0m
[0m[INFO] [1788616995.520469590, 344.842000000]: RL policy input vx=0.000 vy=0.000 wz=-2.900 action_rms=0.386 ready=1 userCmd=0 kbd=0 raw=0.000,0.000,-2.900 grav=-0.00,0.02,-0.98[0m
[0m[INFO] [1788616998.634445694, 346.854000000]: RL policy inp[FSM]: state: INIT
wait for goal.
[FSM]: state: INIT
wait for goal.
[FSM]: state: INIT
wait for goal.
[FSM]: state: INIT
wait for goal.
[FSM]: state: INIT
wait for goal.
[FSM]: state: INIT
wait for goal.
[FSM]: state: INIT
wait for goal.
[FSM]: state: INIT
wait for goal.
[33m[WARN] [1788617010.027545880, 354.220000000]: Plane tilt guard scaling cmd_vel by 0.97 at tilt 0.144 rad[0m
[FSM]: state: INIT
wait for goal.
[FSM]: state: INIT
wait for goal.
[FSM]: state: INIT
wait for goal.
[FSM]: state: INIT
wait for goal.
[FSM]: state: INIT
wait for goal.
[FSM]: state: INIT
wait for goal.
[FSM]: state: INIT
wait for goal.
[FSM]: state: INIT
wait for goal.
[FSM]: state: INIT
wait for goal.
[FSM]: state: INIT
wait for goal.
[FSM]: state: INIT
wait for goal.
[FSM]: state: INIT
wait for goal.
[FSM]: state: INIT
wait for goal.
[FSM]: state: INIT
wait for goal.
[FSM]: state: INIT
wait for goal.
[FSM]: state: INIT
wait for goal.
[FSM]: state: INIT
wait for goal.
[FSM]: state: INIT
wait for goal.
[FSM]: state: INIT
wait for goal.
[FSM]: state: INIT
wait for goal.
[FSM]: state: INIT
wait for goal.
[INFO] [1788616928.462197, 301.646000]: danger_detector: merged cross-view duplicate track 5 into track 6, distance=0.601m
[INFO] [1788616930.444697, 302.932000]: danger_detector: merged cross-view duplicate track 5 into track 6, distance=0.601m
[INFO] [1788616932.313314, 304.144000]: danger_detector: merged cross-view duplicate track 5 into track 6, distance=0.601m
[INFO] [1788616934.232463, 305.386000]: danger_detector: merged cross-view duplicate track 5 into track 6, distance=0.601m
[INFO] [1788616936.184048, 306.640000]: danger_detector: merged cross-view duplicate track 5 into track 6, distance=0.601m
[INFO] [1788616938.137499, 307.888000]: danger_detector: merged cross-view duplicate track 5 into track 6, distance=0.601m
[INFO] [1788616940.087671, 309.138000]: danger_detector: merged cross-view duplicate track 5 into track 6, distance=0.601m
[INFO] [1788616941.799422, 310.248000]: danger_detector: scan batch label=floor_1_room_2_g3 raw=0 min_points=3 clusters=[]
[INFO] [1788616941.801065, 310.250000]: danger_detector: merged cross-view duplicate track 5 into track 6, distance=0.601m
[INFO] [1788616942.326629, 310.588000]: danger_detector: merged cross-view duplicate track 5 into track 6, distance=0.601m
[INFO] [1788616944.295306, 311.848000]: danger_detector: merged cross-view duplicate track 5 into track 6, distance=0.601m
[INFO] [1788616946.178745, 313.072000]: danger_detector: merged cross-view duplicate track 5 into track 6, distance=0.601m
[INFO] [1788616948.133387, 314.316000]: danger_detector: merged cross-view duplicate track 5 into track 6, distance=0.601m
[INFO] [1788616950.068993, 315.566000]: danger_detector: merged cross-view duplicate track 5 into track 6, distance=0.601m
[INFO] [1788616952.084208, 316.874000]: danger_detector: merged cross-view duplicate track 5 into track 6, distance=0.601m
[INFO] [1788616954.016063, 318.124000]: danger_detector: merged cross-view duplicate track 5 into track 6, distance=0.601m
[INFO] [1788616955.962297, 319.380000]: danger_detector: merged cross-view duplicate track 5 into track 6, distance=0.601m
[INFO] [1788616957.903516, 320.638000]: danger_detector: merged cross-view duplicate track 5 into track 6, distance=0.601m
[INFO] [1788616959.489870, 321.668000]: danger_detector: scan batch label=floor_1_room_2_g4 raw=0 min_points=3 clusters=[]
[INFO] [1788616959.492234, 321.670000]: danger_detector: merged cross-view duplicate track 5 into track 6, distance=0.601m
[INFO] [1788616960.170377, 322.104000]: danger_detector: merged cross-view duplicate track 5 into track 6, distance=0.601m
[INFO] [1788616962.117506, 323.364000]: danger_detector: merged cross-view duplicate track 5 into track 6, distance=0.601m
[INFO] [1788616964.058819, 324.606000]: danger_detector: merged cross-view duplicate track 5 into track 6, distance=0.601m
[INFO] [1788616966.012132, 325.862000]: danger_detector: merged cross-view duplicate track 5 into track 6, distance=0.601m
[INFO] [1788616968.611425, 327.552000]: danger_detector: merged cross-view duplicate track 5 into track 6, distance=0.601m
[INFO] [1788616970.571985, 328.816000]: danger_detector: merged cross-view duplicate track 5 into track 6, distance=0.601m
[INFO] [1788616972.568372, 330.094000]: danger_detector: merged cross-view duplicate track 5 into track 6, distance=0.601m
[INFO] [1788616974.520084, 331.346000]: danger_detector: merged cross-view duplicate track 5 into track 6, distance=0.601m
[INFO] [1788616976.449441, 332.590000]: danger_detector: merged cross-view duplicate track 5 into track 6, distance=0.601m
[INFO] [1788616978.417813, 333.850000]: danger_detector: merged cross-view duplicate track 5 into track 6, distance=0.601m
[INFO] [1788616980.361476, 335.098000]: danger_detector: merged cross-view duplicate track 5 into track 6, distance=0.601m
[INFO] [1788616982.326897, 336.354000]: danger_detector: merged cross-view duplicate track 5 into track 6, distance=0.601m
[INFO] [1788616984.265385, 337.598000]: danger_detector: merged cross-view duplicate track 5 into track 6, distance=0.601m
[INFO] [1788616986.204590, 338.844000]: danger_detector: merged cross-view duplicate track 5 into track 6, distance=0.601m
[INFO] [1788616988.156144, 340.104000]: danger_detector: merged cross-view duplicate track 5 into track 6, distance=0.601m
[INFO] [1788616990.088130, 341.352000]: danger_detector: merged cross-view duplicate track 5 into track 6, distance=0.601m
[INFO] [1788616992.015075, 342.596000]: danger_detector: merged cross-view duplicate track 5 into track 6, distance=0.601m
[INFO] [1788616993.965243, 343.844000]: danger_detector: merged cross-view duplicate track 5 into track 6, distance=0.601m
[INFO] [1788616995.909547, 345.094000]: danger_detector: merged cross-view duplicate track 5 into track 6, distance=0.601m
[INFO] [1788616996.864846, 345.706000]: danger_detector: scan batch label=floor_1_room_3_g3 raw=0 min_points=3 clusters=[]
[INFO] [1788616996.867116, 345.708000]: danger_detector: merged cross-view duplicate track 5 into track 6, distance=0.601m
[INFO] [1788616998.210853, 346.578000]: danger_detector: merged cross-view duplicate track 5 into track 6, distance=0.601m
[INFO] [1788617000.650692, 348.150000]: danger_detector: merged cross-view duplicate track 5 into track 6, distance=0.601m
[INFO] [1788617002.618800, 349.422000]: danger_detector: merged cross-view duplicate track 5 into track 6, distance=0.601m
[INFO] [1788617004.514910, 350.648000]: danger_detector: merged cross-view duplicate track 5 into track 6, distance=0.601m
[INFO] [1788617006.478383, 351.924000]: danger_detector: merged cross-view duplicate track 5 into track 6, distance=0.601m
[INFO] [1788617008.469158, 353.212000]: danger_detector: merged cross-view duplicate track 5 into track 6, distance=0.601m
[INFO] [1788617008.808008, 353.432000]: danger_detector: scan batch label=floor_1_room_3_g4 raw=0 min_points=3 clusters=[]
[INFO] [1788617008.809408, 353.432000]: danger_detector: merged cross-view duplicate track 5 into track 6, distance=0.601m
[INFO] [1788617010.920671, 354.796000]: danger_detector: merged cross-view duplicate track 5 into track 6, distance=0.601m
[INFO] [1788617012.866395, 356.052000]: danger_detector: merged cross-view duplicate track 5 into track 6, distance=0.601m
[INFO] [1788617014.815422, 357.296000]: danger_detector: merged cross-view duplicate track 5 into track 6, distance=0.601m
[INFO] [1788617016.769166, 358.546000]: danger_detector: merged cross-view duplicate track 5 into track 6, distance=0.601m
[INFO] [1788617018.709668, 359.792000]: danger_detector: merged cross-view duplicate track 5 into track 6, distance=0.601m
[INFO] [1788617020.641116, 361.038000]: danger_detector: merged cross-view duplicate track 5 into track 6, distance=0.601m
[INFO] [1788617022.577490, 362.296000]: danger_detector: merged cross-view duplicate track 5 into track 6, distance=0.601m
[INFO] [1788617024.521919, 363.556000]: danger_detector: merged cross-view duplicate track 5 into track 6, distance=0.601m
[INFO] [1788617026.448918, 364.798000]: danger_detector: merged cross-view duplicate track 5 into track 6, distance=0.601m
[INFO] [1788617028.406414, 366.048000]: danger_detector: merged cross-view duplicate track 5 into track 6, distance=0.601m
[INFO] [1788617030.338416, 367.294000]: danger_detector: merged cross-view duplicate track 5 into track 6, distance=0.601m
[INFO] [1788617032.290663, 368.548000]: danger_detector: merged cross-view duplicate track 5 into track 6, distance=0.601m
[INFO] [1788617034.237730, 369.796000]: danger_detector: merged cross-view duplicate track 5 into track 6, distance=0.601m
[INFO] [1788617036.196763, 371.052000]: danger_detector: merged cross-view duplicate track 5 into track 6, distance=0.601m
[INFO] [1788617038.138318, 372.302000]: danger_detector: merged cross-view duplicate track 5 into track 6, distance=0.601m
[INFO] [1788617040.071219, 373.550000]: danger_detector: merged cross-view duplicate track 5 into track 6, distance=0.601m
[INFO] [1788617042.008890, 374.802000]: danger_detector: merged cross-view duplicate track 5 into track 6, distance=0.601m
[FSM]: state: INIT
wait for goal.
[FSM]: state: INIT
wait for goal.
[FSM]: state: INIT
wait for goal.
[FSM]: state: INIT
wait for goal.
[FSM]: state: INIT
wait for goal.
[FSM]: state: INIT
wait for goal.
[FSM]: state: INIT
wait for goal.
[FSM]: state: INIT
wait for goal.
[FSM]: state: INIT
wait for goal.
[FSM]: state: INIT
wait for goal.
[FSM]: state: INIT
wait for goal.
[FSM]: state: INIT
wait for goal.
[FSM]: state: INIT
wait for goal.
ut vx=0.000 vy=0.000 wz=1.415 action_rms=0.271 ready=1 userCmd=0 kbd=0 raw=0.000,0.000,1.415 grav=0.01,0.00,-0.98[0m
[0m[INFO] [1788617001.746296934, 348.856000000]: RL policy input vx=0.862 vy=0.257 wz=0.319 action_rms=0.162 ready=1 userCmd=0 kbd=0 raw=0.862,0.257,0.319 grav=-0.00,0.08,-0.98[0m
[0m[INFO] [1788617004.853386915, 350.868000000]: RL policy input vx=0.673 vy=0.031 wz=0.051 action_rms=0.352 ready=1 userCmd=0 kbd=0 raw=0.673,0.031,0.051 grav=-0.01,-0.01,-0.98[0m
[0m[INFO] [1788617007.941376102, 352.870000000]: RL policy input vx=0.000 vy=0.000 wz=2.900 action_rms=0.459 ready=1 userCmd=0 kbd=0 raw=0.000,0.000,2.900 grav=0.01,0.01,-0.98[0m
[0m[INFO] [1788617011.049631008, 354.880000000]: RL policy input vx=1.026 vy=-0.120 wz=-0.135 action_rms=0.195 ready=1 userCmd=0 kbd=0 raw=1.026,-0.120,-0.135 grav=0.04,0.01,-0.98[0m
[0m[INFO] [1788617014.193881481, 356.896000000]: RL policy input vx=0.445 vy=0.000 wz=0.165 action_rms=0.167 ready=1 userCmd=0 kbd=0 raw=0.445,0.000,0.165 grav=0.01,-0.00,-0.98[0m
[0m[INFO] [1788617017.328179997, 358.904000000]: RL policy input vx=0.450 vy=0.000 wz=0.021 action_rms=0.203 ready=1 userCmd=0 kbd=0 raw=0.450,0.000,0.021 grav=0.01,-0.02,-0.98[0m
[0m[INFO] [1788617020.451359238, 360.914000000]: RL policy input vx=0.234 vy=0.000 wz=0.599 action_rms=0.164 ready=1 userCmd=0 kbd=0 raw=0.234,0.000,0.599 grav=0.00,0.00,-0.98[0m
[0m[INFO] [1788617023.557857582, 362.934000000]: RL policy input vx=2.208 vy=0.432 wz=0.212 action_rms=0.368 ready=1 userCmd=0 kbd=0 raw=2.208,0.432,0.212 grav=0.01,0.09,-0.98[0m
[0m[INFO] [1788617026.684844257, 364.952000000]: RL policy input vx=2.250 vy=0.037 wz=0.018 action_rms=0.348 ready=1 userCmd=0 kbd=0 raw=2.250,0.037,0.018 grav=-0.01,-0.00,-0.98[0m
[0m[INFO] [1788617029.809199297, 366.954000000]: RL policy input vx=2.249 vy=0.063 wz=0.031 action_rms=0.349 ready=1 userCmd=0 kbd=0 raw=2.249,0.063,0.031 grav=0.02,-0.03,-0.98[0m
[0m[INFO] [1788617032.951674857, 368.970000000]: RL policy input vx=2.250 vy=-0.015 wz=-0.008 action_rms=0.346 ready=1 userCmd=0 kbd=0 raw=2.250,-0.015,-0.008 grav=-0.01,-0.01,-0.98[0m
[0m[INFO] [1788617036.075750638, 370.974000000]: RL policy input vx=2.245 vy=0.145 wz=0.071 action_rms=0.257 ready=1 userCmd=0 kbd=0 raw=2.245,0.145,0.071 grav=-0.00,-0.04,-0.98[0m
[0m[INFO] [1788617039.196652367, 372.984000000]: RL policy input vx=0.918 vy=0.147 wz=0.180 action_rms=0.251 ready=1 userCmd=0 kbd=0 raw=0.918,0.147,0.180 grav=0.06,-0.11,-0.97[0m
[0m[INFO] [1788617042.312922041, 374.996000000]: RL policy input vx=1.846 vy=-0.123 wz=-0.073 action_rms=0.294 ready=1 userCmd=0 kbd=0 raw=1.846,-0.123,-0.073 grav=-0.01,-0.03,-0.98[0m
[0m[INFO] [1788617045.439052420, 377.002000000]: RL policy input vx=1.850 vy=0.013 wz=0.008 action_rms=0.286 ready=1 userCmd=0 kbd=0 raw=1.850,0.013,0.008 grav=-0.01,-0.05,-0.98[0m
[0m[INFO] [1788617048.569227273, 379.004000000]: RL policy input vx=0.000 vy=0.000 wz=-1.000 action_rms=0.114 ready=1 userCmd=0 kbd=0 raw=0.000,0.000,-1.000 grav=0.05,0.04,-0.98[0m
[0m[INFO] [1788617051.697068900, 381.018000000]: RL policy input vx=0.000 vy=0.000 wz=-0.185 action_rms=0.146 ready=1 userCmd=0 kbd=0 raw=0.000,0.000,-0.185 grav=0.00,-0.00,-0.98[0m
[0m[INFO] [1788617054.830718731, 383.038000000]: RL policy input vx=1.427 vy=0.000 wz=-0.075 action_rms=0.198 ready=1 userCmd=0 kbd=0 raw=1.427,0.000,-0.075 grav=-0.01,-0.02,-0.98[0m
[0m[INFO] [1788617057.959490110, 385.036000000]: RL policy input vx=0.000 vy=0.000 wz=-1.000 action_rms=0.163 ready=1 userCmd=0 kbd=0 raw=0.000,0.000,-1.000 grav=0.03,-0.00,-0.98[0m
[0m[INFO] [1788617061.108962137, 387.056000000]: RL policy input vx=0.000 vy=0.000 wz=-0.210 action_rms=0.142 ready=1 userCmd=0 kbd=0 raw=0.000,0.000,-0.210 grav=-0.00,-0.00,-0.98[0m
Switched from RL to fixed stand
infer_thread退出!
[33m[WARN] [1788617063.519141467, 388.604000000]: Using one-shot captured-pose FixedStand profile: ramp 0.50 s, settle 0.00 s, ready after 0.50 s + 0.50 s stable, minimum gain 0.75[0m
[INFO] Using /stand_target_joints param stance.
[FSM]: state: INIT
wait for goal.
Switched from fixed stand to RL
[INFO] Entered RL /cmd_vel mode.
[33m[WARN] [1788617064.834079529, 389.454000000]: Using one-shot stair RL takeover profile: blend 0.50 s, zero hold 0.15 s[0m
cuda::is_available():0
[WARNING] UNITREE_RL_DEVICE=hybrid selected CUDA for this policy but CUDA is unavailable; using CPU.
RL inference device: cpu (requested=hybrid, policy=stair)
[INFO] RL policy activated from preload cache at FixedStand entry boundary: /home/quinn/0904/runtime_assets/SimEnv/src/unitree_guide/logs/policy_act_inference_stair.pt
[FSM]: state: INIT
wait for goal.
[FSM]: state: INIT
wait for goal.
[FSM]: state: INIT
wait for goal.
[FSM]: state: INIT
wait for goal.
[FSM]: state: INIT
wait for goal.
[FSM]: state: INIT
wait for goal.
[FSM]: state: INIT
wait for goal.
[FSM]: state: INIT
wait for goal.
[FSM]: state: INIT
wait for goal.
[FSM]: state: INIT
wait for goal.
[FSM]: state: INIT
wait for goal.
[FSM]: state: INIT
wait for goal.
[FSM]: state: INIT
wait for goal.
[FSM]: state: INIT
wait for goal.
[FSM]: state: INIT
wait for goal.
[FSM]: state: INIT
wait for goal.
[FSM]: state: INIT
wait for goal.
[FSM]: state: INIT
wait for goal.
[FSM]: state: INIT
wait for goal.
[FSM]: state: INIT
wait for goal.
[FSM]: state: INIT
wait for goal.
[FSM]: state: INIT
wait for goal.
[FSM]: state: INIT
wait for goal.
[33m[WARN] [1788617100.788161717, 412.668000000]: Using one-shot plane RL takeover profile: blend 0.50 s, zero hold 0.15 s[0m
[0m[INFO] [1788617064.836734666, 389.456000000]: RL policy input vx=0.000 vy=0.000 wz=0.000 action_rms=0.200 ready=0 userCmd=0 kbd=0 raw=0.000,0.000,0.000 grav=-0.01,-0.00,-0.98[0m
[0m[INFO] [1788617065.853766584, 390.112000000]: RL locomotion_ready latched after 0.66 s takeover and 0.66 s stable hold[0m
[0m[INFO] [1788617067.965857381, 391.468000000]: RL policy input vx=0.797 vy=-0.065 wz=-0.029 action_rms=0.393 ready=1 userCmd=0 kbd=0 raw=0.797,-0.065,-0.029 grav=-0.16,-0.18,-0.95[0m
[0m[INFO] [1788617071.080976266, 393.480000000]: RL policy input vx=0.795 vy=0.085 wz=0.037 action_rms=0.648 ready=1 userCmd=0 kbd=0 raw=0.795,0.085,0.037 grav=-0.38,-0.02,-0.90[0m
[0m[INFO] [1788617074.175536494, 395.488000000]: RL policy input vx=0.798 vy=0.079 wz=0.012 action_rms=0.621 ready=1 userCmd=0 kbd=0 raw=0.798,0.079,0.012 grav=-0.51,-0.25,-0.80[0m
[0m[INFO] [1788617077.274270763, 397.490000000]: RL policy input vx=0.225 vy=-0.716 wz=-1.200 action_rms=0.196 ready=1 userCmd=0 kbd=0 raw=0.225,-0.716,-1.200 grav=-0.04,0.05,-0.98[0m
[0m[INFO] [1788617080.384082101, 399.490000000]: RL policy input vx=0.315 vy=-0.045 wz=-0.157 action_rms=0.137 ready=1 userCmd=0 kbd=0 raw=0.315,-0.045,-0.157 grav=0.01,-0.01,-0.98[0m
[0m[INFO] [1788617083.500248199, 401.502000000]: RL policy input vx=0.000 vy=0.000 wz=-0.613 action_rms=0.157 ready=1 userCmd=0 kbd=0 raw=0.000,0.000,-0.613 grav=-0.03,0.04,-0.98[0m
[0m[INFO] [1788617086.608027714, 403.508000000]: RL policy input vx=0.000 vy=0.000 wz=-0.240 action_rms=0.190 ready=1 userCmd=0 kbd=0 raw=0.000,0.000,-0.240 grav=-0.04,0.02,-0.98[0m
[0m[INFO] [1788617089.732568964, 405.516000000]: RL policy input vx=0.781 vy=-0.174 wz=-0.065 action_rms=0.526 ready=1 userCmd=0 kbd=0 raw=0.781,-0.174,-0.065 grav=-0.15,-0.12,-0.96[0m
[0m[INFO] [1788617092.842848835, 407.524000000]: RL policy input vx=0.591 vy=0.101 wz=0.059 action_rms=0.335 ready=1 userCmd=0 kbd=0 raw=0.591,0.101,0.059 grav=-0.33,-0.07,-0.92[0m
[0m[INFO] [1788617095.950466316, 409.536000000]: RL policy input vx=0.520 vy=0.360 wz=0.100 action_rms=0.588 ready=1 userCmd=8 kbd=0 raw=0.520,0.360,0.100 grav=-0.46,-0.02,-0.86[0m
[0m[INFO] [1788617099.050178616, 411.544000000]: RL policy input vx=0.796 vy=0.082 wz=0.023 action_rms=0.514 ready=1 userCmd=0 kbd=0 raw=0.796,0.082,0.023 grav=-0.30,-0.08,-0.93[0m
cuda::is_available():0
RL inference device: cpu (requested=hybrid, policy=plane)
[INFO] RL policy hot-switched from preload cache: /home/quinn/0904/runtime_assets/SimEnv/src/unitree_guide/logs/policy_act_inference_plane.pt
[FSM]: state: INIT
wait for goal.
[FSM]: state: INIT
wait for goal.
[INFO] [1788617062.177938, 387.740000]: Floor-2 stair controller armed by SECOND_FLOOR_EXPLORATION_COMPLETE.
[INFO] [1788617062.206655, 387.760000]: Robot is already 0.04 m from the pre-riser pose; skipping the corridor/side legs.
[INFO] [1788617062.208344, 387.760000]: Pre-ascent residual heading error -0.112 rad (visual_depth=False, bearing=none).
[INFO] [1788617063.082109, 388.320000]: Pre-ascent stand target set from flight-A pre-reload capture entry sample
[INFO] [1788617063.092928, 388.328000]: Flight-A plane gait settled at joint RMS 0.098; holding FixedStand for at least 0.1 s at snapshot pose before queued stair-policy entry.
[INFO] [1788617064.538147, 389.262000]: Flight-A FixedStand readiness gate complete; queued the stair policy for State_RL entry and retaining stand ownership for 0.25 s.
[INFO] [1788617064.823614, 389.446000]: Flight-A policy request has been queued under FixedStand; requesting RL so State_RL loads it before inference starts.
[INFO] [1788617065.868247, 390.120000]: Fresh RL readiness confirmed after the flight-A FixedStand boundary; starting the climb ramp.
[INFO] [1788617065.897231, 390.140000]: Flight-A fresh RL readiness observed; ascent clocks reset and 1.2 s climb ramp started.
[INFO] [1788617065.902273, 390.142000]: STPUB phase=STAIR_ASCENT world=(0.023,0.003,-0.028) body=(0.001,-0.023,-0.028) truth_z=2.912 pose=2.9117121574185783
[INFO] [1788617067.482491, 391.160000]: STPUB phase=STAIR_ASCENT world=(0.000,0.600,-0.022) body=(0.599,-0.038,-0.022) truth_z=2.942 pose=2.942025703531775
[INFO] [1788617069.071255, 392.180000]: STPUB phase=STAIR_ASCENT world=(0.023,0.800,0.024) body=(0.800,0.031,0.024) truth_z=3.128 pose=3.1281125671942873
[INFO] [1788617070.647893, 393.200000]: STPUB phase=STAIR_ASCENT world=(0.027,0.800,0.030) body=(0.799,0.041,0.030) truth_z=3.357 pose=3.3567140908560495
[INFO] [1788617072.219907, 394.220000]: STPUB phase=STAIR_ASCENT world=(0.000,0.600,0.160) body=(0.587,0.126,0.160) truth_z=3.582 pose=3.58238048911912
[INFO] [1788617073.791828, 395.240000]: STPUB phase=STAIR_ASCENT world=(-0.220,0.600,0.038) body=(0.572,0.284,0.038) truth_z=3.851 pose=3.850926968947444
[INFO] [1788617075.363884, 396.260000]: STPUB phase=STAIR_ASCENT world=(-0.031,0.800,0.014) body=(0.798,0.062,0.014) truth_z=4.035 pose=4.035130963736714
[INFO] [1788617076.663650, 397.100000]: Intermediate landing entered at y=4.75 m; starting moving turn.
[INFO] [1788617076.952156, 397.280000]: STPUB phase=STAIR_LANDING_TURN world=(0.750,0.000,-1.200) body=(0.060,-0.748,-1.200) truth_z=4.221 pose=4.220452801833468
[INFO] [1788617078.529884, 398.300000]: STPUB phase=STAIR_LANDING_TURN world=(0.750,0.000,-0.578) body=(0.649,-0.376,-0.578) truth_z=4.213 pose=4.213256726041453
[INFO] [1788617080.119910, 399.320000]: STPUB phase=STAIR_LANDING_TURN world=(0.373,0.000,-0.240) body=(0.368,-0.064,-0.240) truth_z=4.213 pose=4.213343917146891
[INFO] [1788617081.704170, 400.340000]: STPUB phase=STAIR_LANDING_TURN world=(0.300,0.000,-1.200) body=(0.300,-0.003,-1.200) truth_z=4.215 pose=4.2148921621725295
[INFO] [1788617083.279157, 401.360000]: STPUB phase=STAIR_LANDING_TURN world=(0.000,0.000,-0.703) body=(0.000,0.000,-0.703) truth_z=4.216 pose=4.216102261474934
[INFO] [1788617084.854767, 402.380000]: STPUB phase=STAIR_LANDING_TURN world=(0.000,0.000,-0.320) body=(0.000,0.000,-0.320) truth_z=4.226 pose=4.225544670286343
[INFO] [1788617086.439974, 403.400000]: STPUB phase=STAIR_LANDING_TURN world=(0.000,0.000,-0.240) body=(0.000,0.000,-0.240) truth_z=4.237 pose=4.2368674111827955
[INFO] [1788617088.032740, 404.420000]: STPUB phase=STAIR_LANDING_TURN world=(0.000,0.000,-0.240) body=(0.000,0.000,-0.240) truth_z=4.236 pose=4.235765356787466
[INFO] [1788617088.124971, 404.480000]: Flight-B entry aligned: x error=-0.034 m, heading error=-0.149 rad.
[INFO] [1788617088.126363, 404.480000]: Flight-B entry joints saved (12 dofs) -> /home/quinn/0904/results/official_gui_rtf065_s111_20260905_215328/flight_b_entry_joints_1.json
[INFO] [1788617088.155928, 404.500000]: ASCENT_B gate: entry_guide=True truth_pose=True start_z=2.912 profile=True heading=-1.571 pose_z=4.236053665682524 truth_z=4.236053665682524
[INFO] [1788617088.157020, 404.500000]: Pre-ascent RL settle: holding zero command until motion is stable for 0.6 s before FixedStand.
[INFO] [1788617088.157702, 404.500000]: Pre-ascent RL settle active: stable 0.00/0.60 s.
[INFO] [1788617089.119383, 405.120000]: Pre-ascent RL motion settled for 0.62 s; settle-only gate complete (FixedStand disabled).
[INFO] [1788617089.614500, 405.440000]: STPUB phase=STAIR_ASCENT_B world=(-0.027,-0.800,-0.064) body=(0.782,-0.172,-0.064) truth_z=4.255 pose=4.254592502451835
[INFO] [1788617089.737351, 405.520000]: ASCENT_B gate: entry_guide=True truth_pose=True start_z=2.912 profile=True heading=-1.571 pose_z=4.241844070010493 truth_z=4.241844070010493
[INFO] [1788617091.198689, 406.460000]: STPUB phase=STAIR_ASCENT_B world=(0.000,-0.600,-0.019) body=(0.599,-0.032,-0.019) truth_z=4.410 pose=4.410065476024503
[INFO] [1788617091.322124, 406.540000]: ASCENT_B gate: entry_guide=True truth_pose=True start_z=2.912 profile=True heading=-1.571 pose_z=4.416485980874251 truth_z=4.416471543602301
[INFO] [1788617092.773956, 407.480000]: STPUB phase=STAIR_ASCENT_B world=(0.000,-0.600,0.062) body=(0.591,0.106,0.062) truth_z=4.620 pose=4.619332863530434
[INFO] [1788617092.897005, 407.560000]: ASCENT_B gate: entry_guide=True truth_pose=True start_z=2.912 profile=True heading=-1.571 pose_z=4.638492370138594 truth_z=4.638492370138594
[INFO] [1788617094.355103, 408.500000]: STPUB phase=STAIR_ASCENT_B world=(0.300,-0.400,0.075) body=(0.327,0.379,0.075) truth_z=4.804 pose=4.803235550750417
[INFO] [1788617094.477799, 408.580000]: ASCENT_B gate: entry_guide=True truth_pose=True start_z=2.912 profile=True heading=-1.571 pose_z=4.815668348775951 truth_z=4.815668348775951
[INFO] [1788617095.925140, 409.520000]: STPUB phase=STAIR_ASCENT_B world=(0.200,-0.600,0.100) body=(0.520,0.360,0.100) truth_z=4.977 pose=4.977077201922542
[INFO] [1788617096.047755, 409.600000]: ASCENT_B gate: entry_guide=True truth_pose=True start_z=2.912 profile=True heading=-1.571 pose_z=4.99166682087092 truth_z=4.99166682087092
[INFO] [1788617097.494974, 410.540000]: STPUB phase=STAIR_ASCENT_B world=(0.000,-0.600,0.067) body=(0.589,0.114,0.067) truth_z=5.216 pose=5.2158298895931425
[INFO] [1788617097.618356, 410.620000]: ASCENT_B gate: entry_guide=True truth_pose=True start_z=2.912 profile=True heading=-1.571 pose_z=5.221985993548953 truth_z=5.221985993548953
[INFO] [1788617099.073671, 411.560000]: STPUB phase=STAIR_ASCENT_B world=(0.029,-0.800,0.024) body=(0.796,0.084,0.024) truth_z=5.436 pose=5.436400312473247
[INFO] [1788617099.196498, 411.640000]: ASCENT_B gate: entry_guide=True truth_pose=True start_z=2.912 profile=True heading=-1.571 pose_z=5.453774343994451 truth_z=5.453774343994451
[INFO] [1788617100.249207, 412.320000]: Upper landing entered: gain=2.59 m, clearance=0.01 m; stabilizing for 0.5 s.
[INFO] [1788617100.773523, 412.660000]: Floor-3 landing confirmed after two flights: gain=2.60 m clearance=0.12 m.
[INFO] [1788617101.886342, 413.374000]: Plane policy acknowledged on the upper landing; releasing stair controller ownership.
[FSM]: state: INIT
wait for goal.
[FSM]: state: INIT
wait for goal.
[FSM]: state: INIT
wait for goal.
[FSM]: state: INIT
wait for goal.
[FSM]: state: INIT
wait for goal.
[FSM]: state: INIT
wait for goal.
[FSM]: state: INIT
wait for goal.
[FSM]: state: INIT
wait for goal.
[FSM]: state: INIT
wait for goal.
[FSM]: state: INIT
wait for goal.
[33m[WARN] [1788617118.617223250, 424.134000000]: Plane tilt guard scaling cmd_vel by 0.95 at tilt 0.147 rad[0m
[FSM]: state: INIT
wait for goal.
[FSM]: state: INIT
wait for goal.
[FSM]: state: INIT
wait for goal.
[FSM]: state: INIT
wait for goal.
[FSM]: state: INIT
wait for goal.
[FSM]: state: INIT
wait for goal.
[FSM]: state: INIT
wait for goal.
[FSM]: state: INIT
wait for goal.
[FSM]: state: INIT
wait for goal.
[FSM]: state: INIT
wait for goal.
[FSM]: state: INIT
wait for goal.
[FSM]: state: INIT
wait for goal.
[FSM]: state: INIT
wait for goal.
[FSM]: state: INIT
wait for goal.
[FSM]: state: INIT
wait for goal.
[FSM]: state: INIT
wait for goal.
[FSM]: state: INIT
wait for goal.
[FSM]: state: INIT
wait for goal.
[FSM]: state: INIT
wait for goal.
[FSM]: state: INIT
wait for goal.
[FSM]: state: INIT
wait for goal.
[FSM]: state: INIT
wait for goal.
[FSM]: state: INIT
wait for goal.
[FSM]: state: INIT
wait for goal.
[FSM]: state: INIT
wait for goal.
[FSM]: state: INIT
wait for goal.
[FSM]: state: INIT
wait for goal.
[FSM]: state: INIT
wait for goal.
[FSM]: state: INIT
wait for goal.
[FSM]: state: INIT
wait for goal.
[FSM]: state: INIT
wait for goal.
[INFO] [1788617043.964169, 376.050000]: danger_detector: merged cross-view duplicate track 5 into track 6, distance=0.601m
[INFO] [1788617045.903255, 377.296000]: danger_detector: merged cross-view duplicate track 5 into track 6, distance=0.601m
[INFO] [1788617047.858597, 378.542000]: danger_detector: merged cross-view duplicate track 5 into track 6, distance=0.601m
[INFO] [1788617049.841102, 379.824000]: danger_detector: merged cross-view duplicate track 5 into track 6, distance=0.601m
[INFO] [1788617051.745564, 381.048000]: danger_detector: merged cross-view duplicate track 5 into track 6, distance=0.601m
[INFO] [1788617053.679358, 382.294000]: danger_detector: merged cross-view duplicate track 5 into track 6, distance=0.601m
[INFO] [1788617055.630893, 383.548000]: danger_detector: merged cross-view duplicate track 5 into track 6, distance=0.601m
[INFO] [1788617057.585457, 384.796000]: danger_detector: merged cross-view duplicate track 5 into track 6, distance=0.601m
[INFO] [1788617059.541978, 386.052000]: danger_detector: merged cross-view duplicate track 5 into track 6, distance=0.601m
[INFO] [1788617061.516459, 387.312000]: danger_detector: merged cross-view duplicate track 5 into track 6, distance=0.601m
[INFO] [1788617063.443610, 388.556000]: danger_detector: merged cross-view duplicate track 5 into track 6, distance=0.601m
[INFO] [1788617065.380016, 389.806000]: danger_detector: merged cross-view duplicate track 5 into track 6, distance=0.601m
[INFO] [1788617067.322882, 391.056000]: danger_detector: merged cross-view duplicate track 5 into track 6, distance=0.601m
[INFO] [1788617069.272782, 392.310000]: danger_detector: merged cross-view duplicate track 5 into track 6, distance=0.601m
[INFO] [1788617071.759906, 393.920000]: danger_detector: merged cross-view duplicate track 5 into track 6, distance=0.601m
[INFO] [1788617074.295873, 395.566000]: danger_detector: merged cross-view duplicate track 5 into track 6, distance=0.601m
[INFO] [1788617076.421505, 396.944000]: danger_detector: merged cross-view duplicate track 5 into track 6, distance=0.601m
[INFO] [1788617078.412050, 398.222000]: danger_detector: merged cross-view duplicate track 5 into track 6, distance=0.601m
[INFO] [1788617080.329192, 399.454000]: danger_detector: merged cross-view duplicate track 5 into track 6, distance=0.601m
[INFO] [1788617082.257094, 400.698000]: danger_detector: merged cross-view duplicate track 5 into track 6, distance=0.601m
[INFO] [1788617084.286313, 402.012000]: danger_detector: merged cross-view duplicate track 5 into track 6, distance=0.601m
[INFO] [1788617086.205937, 403.250000]: danger_detector: merged cross-view duplicate track 5 into track 6, distance=0.601m
[INFO] [1788617088.141210, 404.490000]: danger_detector: merged cross-view duplicate track 5 into track 6, distance=0.601m
[INFO] [1788617090.081693, 405.742000]: danger_detector: merged cross-view duplicate track 5 into track 6, distance=0.601m
[INFO] [1788617092.352577, 407.206000]: danger_detector: merged cross-view duplicate track 5 into track 6, distance=0.601m
[INFO] [1788617095.953620, 409.538000]: danger_detector: merged cross-view duplicate track 5 into track 6, distance=0.601m
[INFO] [1788617098.847622, 411.414000]: danger_detector: merged cross-view duplicate track 5 into track 6, distance=0.601m
[INFO] [1788617100.760062, 412.650000]: danger_detector: merged cross-view duplicate track 5 into track 6, distance=0.601m
[INFO] [1788617102.697883, 413.900000]: danger_detector: merged cross-view duplicate track 5 into track 6, distance=0.601m
[INFO] [1788617104.667889, 415.166000]: danger_detector: merged cross-view duplicate track 5 into track 6, distance=0.601m
[INFO] [1788617106.621191, 416.416000]: danger_detector: merged cross-view duplicate track 5 into track 6, distance=0.601m
[INFO] [1788617108.576981, 417.664000]: danger_detector: merged cross-view duplicate track 5 into track 6, distance=0.601m
[INFO] [1788617110.521339, 418.914000]: danger_detector: merged cross-view duplicate track 5 into track 6, distance=0.601m
[INFO] [1788617112.451022, 420.158000]: danger_detector: merged cross-view duplicate track 5 into track 6, distance=0.601m
[INFO] [1788617114.386199, 421.406000]: danger_detector: merged cross-view duplicate track 5 into track 6, distance=0.601m
[INFO] [1788617116.328309, 422.658000]: danger_detector: merged cross-view duplicate track 5 into track 6, distance=0.601m
[INFO] [1788617118.267965, 423.910000]: danger_detector: merged cross-view duplicate track 5 into track 6, distance=0.601m
[INFO] [1788617120.203984, 425.154000]: danger_detector: merged cross-view duplicate track 5 into track 6, distance=0.601m
[INFO] [1788617122.146474, 426.406000]: danger_detector: merged cross-view duplicate track 5 into track 6, distance=0.601m
[INFO] [1788617124.106221, 427.668000]: danger_detector: merged cross-view duplicate track 5 into track 6, distance=0.601m
[INFO] [1788617126.037584, 428.910000]: danger_detector: merged cross-view duplicate track 5 into track 6, distance=0.601m
[INFO] [1788617127.960202, 430.152000]: danger_detector: merged cross-view duplicate track 5 into track 6, distance=0.601m
[INFO] [1788617129.888069, 431.404000]: danger_detector: merged cross-view duplicate track 5 into track 6, distance=0.601m
[INFO] [1788617131.821635, 432.650000]: danger_detector: merged cross-view duplicate track 5 into track 6, distance=0.601m
[INFO] [1788617133.774819, 433.906000]: danger_detector: merged cross-view duplicate track 5 into track 6, distance=0.601m
[INFO] [1788617135.702142, 435.152000]: danger_detector: merged cross-view duplicate track 5 into track 6, distance=0.601m
[INFO] [1788617137.650373, 436.408000]: danger_detector: merged cross-view duplicate track 5 into track 6, distance=0.601m
[INFO] [1788617139.580324, 437.654000]: danger_detector: merged cross-view duplicate track 5 into track 6, distance=0.601m
[INFO] [1788617141.510848, 438.904000]: danger_detector: merged cross-view duplicate track 5 into track 6, distance=0.601m
[INFO] [1788617143.456272, 440.162000]: danger_detector: merged cross-view duplicate track 5 into track 6, distance=0.601m
[INFO] [1788617144.776045, 441.012000]: danger_detector: scan batch label=floor_2_room_0_g3 raw=2 min_points=3 clusters=[]
[INFO] [1788617144.777688, 441.012000]: danger_detector: merged cross-view duplicate track 5 into track 6, distance=0.601m
[INFO] [1788617145.406797, 441.414000]: danger_detector: merged cross-view duplicate track 5 into track 6, distance=0.601m
[INFO] [1788617147.351284, 442.668000]: danger_detector: merged cross-view duplicate track 5 into track 6, distance=0.601m
[INFO] [1788617149.306088, 443.910000]: danger_detector: merged cross-view duplicate track 5 into track 6, distance=0.601m
[INFO] [1788617151.265826, 445.168000]: danger_detector: merged cross-view duplicate track 5 into track 6, distance=0.601m
[INFO] [1788617153.220104, 446.410000]: danger_detector: merged cross-view duplicate track 5 into track 6, distance=0.601m
[INFO] [1788617155.166539, 447.658000]: danger_detector: merged cross-view duplicate track 5 into track 6, distance=0.601m
[INFO] [1788617156.921458, 448.796000]: danger_detector: scan batch label=floor_2_room_0_g4 raw=0 min_points=3 clusters=[]
[INFO] [1788617156.925368, 448.798000]: danger_detector: requested one bounded rescan for floor_2_room_0 at floor_2_room_0_g4
[INFO] [1788617156.928463, 448.800000]: danger_detector: merged cross-view duplicate track 5 into track 6, distance=0.601m
[INFO] [1788617157.104976, 448.914000]: danger_detector: merged cross-view duplicate track 5 into track 6, distance=0.601m
[INFO] [1788617159.055794, 450.158000]: danger_detector: merged cross-view duplicate track 5 into track 6, distance=0.601m
[INFO] [1788617161.016288, 451.416000]: danger_detector: merged cross-view duplicate track 5 into track 6, distance=0.601m
[INFO] [1788617162.947602, 452.660000]: danger_detector: merged cross-view duplicate track 5 into track 6, distance=0.601m
[INFO] [1788617164.887935, 453.912000]: danger_detector: merged cross-view duplicate track 5 into track 6, distance=0.601m
[0m[INFO] [1788617101.810911823, 413.324000000]: RL locomotion_ready latched after 0.66 s takeover and 0.66 s stable hold[0m
[0m[INFO] [1788617102.163742959, 413.554000000]: RL policy input vx=0.000 vy=0.000 wz=0.000 action_rms=0.141 ready=1 userCmd=0 kbd=0 raw=0.000,0.000,0.000 grav=-0.00,-0.01,-0.98[0m
[0m[INFO] [1788617105.270587636, 415.554000000]: RL policy input vx=0.000 vy=0.000 wz=0.337 action_rms=0.182 ready=1 userCmd=0 kbd=0 raw=0.000,0.000,0.337 grav=0.01,-0.01,-0.98[0m
[0m[INFO] [1788617108.413817564, 417.562000000]: RL policy input vx=0.841 vy=0.000 wz=0.116 action_rms=0.139 ready=1 userCmd=0 kbd=0 raw=0.841,0.000,0.116 grav=0.00,-0.02,-0.98[0m
[0m[INFO] [1788617111.553237834, 419.580000000]: RL policy input vx=0.000 vy=0.000 wz=0.263 action_rms=0.162 ready=1 userCmd=0 kbd=0 raw=0.000,0.000,0.263 grav=0.01,-0.02,-0.98[0m
[0m[INFO] [1788617114.652317510, 421.580000000]: RL policy input vx=2.249 vy=0.000 wz=0.026 action_rms=0.272 ready=1 userCmd=0 kbd=0 raw=2.249,0.000,0.026 grav=0.01,-0.06,-0.98[0m
[0m[INFO] [1788617117.780015846, 423.594000000]: RL policy input vx=2.250 vy=0.000 wz=0.006 action_rms=0.316 ready=1 userCmd=0 kbd=0 raw=2.250,0.000,0.006 grav=-0.00,0.02,-0.98[0m
[0m[INFO] [1788617120.890962688, 425.598000000]: RL policy input vx=2.247 vy=0.000 wz=0.061 action_rms=0.243 ready=1 userCmd=0 kbd=0 raw=2.247,0.000,0.061 grav=-0.01,-0.05,-0.98[0m
[0m[INFO] [1788617124.000394320, 427.600000000]: RL policy input vx=0.807 vy=0.000 wz=0.299 action_rms=0.348 ready=1 userCmd=0 kbd=0 raw=0.807,0.000,0.299 grav=0.04,-0.11,-0.97[0m
[0m[INFO] [1788617127.104178434, 429.600000000]: RL policy input vx=0.000 vy=0.000 wz=0.404 action_rms=0.139 ready=1 userCmd=0 kbd=0 raw=0.000,0.000,0.404 grav=0.03,0.01,-0.98[0m
[0m[INFO] [1788617130.212756686, 431.614000000]: RL policy input vx=0.450 vy=0.000 wz=0.046 action_rms=0.161 ready=1 userCmd=0 kbd=0 raw=0.450,0.000,0.046 grav=0.01,-0.01,-0.98[0m
[0m[INFO] [1788617133.353953386, 433.634000000]: RL policy input vx=0.450 vy=0.000 wz=-0.019 action_rms=0.274 ready=1 userCmd=0 kbd=0 raw=0.450,0.000,-0.019 grav=0.00,-0.02,-0.98[0m
[0m[INFO] [1788617136.459485276, 435.638000000]: RL policy input vx=0.900 vy=-0.024 wz=-0.029 action_rms=0.358 ready=1 userCmd=0 kbd=0 raw=0.900,-0.024,-0.029 grav=-0.01,-0.02,-0.98[0m
[0m[INFO] [1788617139.576978829, 437.652000000]: RL policy input vx=0.900 vy=-0.005 wz=-0.006 action_rms=0.158 ready=1 userCmd=0 kbd=0 raw=0.900,-0.005,-0.006 grav=-0.00,-0.02,-0.98[0m
[0m[INFO] [1788617142.664542002, 439.652000000]: RL policy input vx=0.000 vy=0.000 wz=1.730 action_rms=0.336 ready=1 userCmd=0 kbd=0 raw=0.000,0.000,1.730 grav=0.02,-0.02,-0.98[0m
[0m[INFO] [1788617145.787694319, 441.660000000]: RL policy input vx=0.000 vy=0.000 wz=0.409 action_rms=0.157 ready=1 userCmd=0 kbd=0 raw=0.000,0.000,0.409 grav=0.01,-0.00,-0.98[0m
[0m[INFO] [1788617148.929415481, 443.668000000]: RL policy input vx=0.738 vy=-0.515 wz=-0.670 action_rms=0.403 ready=1 userCmd=0 kbd=0 raw=0.738,-0.515,-0.670 grav=-0.04,-0.01,-0.98[0m
[0m[INFO] [1788617152.051354345, 445.672000000]: RL policy input vx=0.898 vy=-0.064 wz=-0.078 action_rms=0.308 ready=1 userCmd=0 kbd=0 raw=0.898,-0.064,-0.078 grav=-0.00,-0.03,-0.98[0m
[0m[INFO] [1788617155.191522118, 447.676000000]: RL policy input vx=0.000 vy=0.000 wz=-2.762 action_rms=0.184 ready=1 userCmd=0 kbd=0 raw=0.000,0.000,-2.762 grav=0.01,0.01,-0.98[0m
[0m[INFO] [1788617158.308775771, 449.686000000]: RL policy input vx=0.000 vy=0.000 wz=0.593 action_rms=0.136 ready=1 userCmd=0 kbd=0 raw=0.000,0.000,0.593 grav=0.02,0.00,-0.98[0m
[0m[INFO] [1788617161.452307539, 451.698000000]: RL policy input vx=0.869 vy=0.236 wz=0.292 action_rms=0.298 ready=1 userCmd=0 kbd=0 raw=0.869,0.236,0.292 grav=-0.01,0.06,-0.98[0m
[0m[INFO] [1788617164.557546959, 453.698000000]: RL policy input vx=0.518 vy=0.017 wz=0.036 action_rms=0.142 ready=1 userCmd=0 kbd=0 raw=0.518,0.017,0.036 grav=0.01,-0.03,-0.98[0m
[0m[INFO] [1788617167.656527577, 455.700000000]: RL policy input vx=0.000 vy=0.000 wz=0.180 action_rms=0.146 ready=1 userCm[FSM]: state: INIT
wait for goal.
[FSM]: state: INIT
wait for goal.
[FSM]: state: INIT
wait for goal.
[FSM]: state: INIT
wait for goal.
[FSM]: state: INIT
wait for goal.
[FSM]: state: INIT
wait for goal.
[FSM]: state: INIT
wait for goal.
[FSM]: state: INIT
wait for goal.
[FSM]: state: INIT
wait for goal.
[FSM]: state: INIT
wait for goal.
[FSM]: state: INIT
wait for goal.
[FSM]: state: INIT
wait for goal.
[FSM]: state: INIT
wait for goal.
[FSM]: state: INIT
wait for goal.
[FSM]: state: INIT
wait for goal.
[FSM]: state: INIT
wait for goal.
[FSM]: state: INIT
wait for goal.
[FSM]: state: INIT
wait for goal.
[FSM]: state: INIT
wait for goal.
[FSM]: state: INIT
wait for goal.
[FSM]: state: INIT
wait for goal.
[FSM]: state: INIT
wait for goal.
[FSM]: state: INIT
wait for goal.
[FSM]: state: INIT
wait for goal.
[FSM]: state: INIT
wait for goal.
[FSM]: state: INIT
wait for goal.
[FSM]: state: INIT
wait for goal.
[FSM]: state: INIT
wait for goal.
[FSM]: state: INIT
wait for goal.
[FSM]: state: INIT
wait for goal.
[FSM]: state: INIT
wait for goal.
[FSM]: state: INIT
wait for goal.
[FSM]: state: INIT
wait for goal.
[FSM]: state: INIT
wait for goal.
[FSM]: state: INIT
wait for goal.
[FSM]: state: INIT
wait for goal.
[FSM]: state: INIT
wait for goal.
[33m[WARN] [1788617224.500230774, 492.208000000]: Plane tilt guard scaling cmd_vel by 0.93 at tilt 0.150 rad[0m
[33m[WARN] [1788617225.104285534, 492.600000000]: Plane tilt guard holding zero command at 0.280 rad[0m
[FSM]: state: INIT
wait for goal.
[33m[WARN] [1788617226.457719360, 493.468000000]: Plane tilt guard scaling cmd_vel by 0.97 at tilt 0.144 rad[0m
[FSM]: state: INIT
wait for goal.
[FSM]: state: INIT
wait for goal.
[FSM]: state: INIT
wait for goal.
[FSM]: state: INIT
wait for goal.
[FSM]: state: INIT
wait for goal.
[FSM]: state: INIT
wait for goal.
d=0 kbd=0 raw=0.000,0.000,0.180 grav=0.01,-0.02,-0.98[0m
[0m[INFO] [1788617170.776564156, 457.700000000]: RL policy input vx=0.000 vy=0.000 wz=2.023 action_rms=0.250 ready=1 userCmd=0 kbd=0 raw=0.000,0.000,2.023 grav=0.02,-0.00,-0.98[0m
[0m[INFO] [1788617173.896717174, 459.710000000]: RL policy input vx=0.415 vy=-0.550 wz=-1.016 action_rms=0.165 ready=1 userCmd=0 kbd=0 raw=0.415,-0.550,-1.016 grav=-0.01,0.04,-0.98[0m
[0m[INFO] [1788617177.040505075, 461.714000000]: RL policy input vx=0.896 vy=-0.087 wz=-0.106 action_rms=0.167 ready=1 userCmd=0 kbd=0 raw=0.896,-0.087,-0.106 grav=-0.00,-0.04,-0.98[0m
[0m[INFO] [1788617180.176069381, 463.716000000]: RL policy input vx=0.074 vy=0.109 wz=1.150 action_rms=0.147 ready=1 userCmd=0 kbd=0 raw=0.074,0.109,1.150 grav=0.03,-0.02,-0.98[0m
[0m[INFO] [1788617183.286760425, 465.716000000]: RL policy input vx=0.782 vy=0.106 wz=0.151 action_rms=0.313 ready=1 userCmd=0 kbd=0 raw=0.782,0.106,0.151 grav=0.02,0.04,-0.98[0m
[0m[INFO] [1788617186.418213800, 467.728000000]: RL policy input vx=0.000 vy=0.000 wz=-0.228 action_rms=0.153 ready=1 userCmd=0 kbd=0 raw=0.000,0.000,-0.228 grav=0.00,0.00,-0.98[0m
[0m[INFO] [1788617189.538263214, 469.734000000]: RL policy input vx=0.449 vy=0.000 wz=-0.071 action_rms=0.157 ready=1 userCmd=0 kbd=0 raw=0.449,0.000,-0.071 grav=0.01,-0.01,-0.98[0m
[0m[INFO] [1788617192.644699259, 471.742000000]: RL policy input vx=0.414 vy=0.093 wz=0.023 action_rms=0.268 ready=1 userCmd=0 kbd=0 raw=0.414,0.093,0.023 grav=0.01,-0.02,-0.98[0m
[0m[INFO] [1788617195.780221649, 473.760000000]: RL policy input vx=0.450 vy=0.000 wz=0.024 action_rms=0.154 ready=1 userCmd=0 kbd=0 raw=0.450,0.000,0.024 grav=0.01,-0.01,-0.98[0m
[0m[INFO] [1788617198.921231864, 475.772000000]: RL policy input vx=0.450 vy=0.000 wz=-0.012 action_rms=0.284 ready=1 userCmd=0 kbd=0 raw=0.450,0.000,-0.012 grav=0.01,-0.02,-0.98[0m
[0m[INFO] [1788617202.052021135, 477.778000000]: RL policy input vx=0.895 vy=0.095 wz=0.117 action_rms=0.343 ready=1 userCmd=0 kbd=0 raw=0.895,0.095,0.117 grav=-0.01,0.02,-0.98[0m
[0m[INFO] [1788617205.174601410, 479.784000000]: RL policy input vx=0.900 vy=0.018 wz=0.022 action_rms=0.200 ready=1 userCmd=0 kbd=0 raw=0.900,0.018,0.022 grav=0.00,-0.01,-0.98[0m
[0m[INFO] [1788617208.330621234, 481.794000000]: RL policy input vx=0.300 vy=-0.014 wz=-0.052 action_rms=0.146 ready=1 userCmd=0 kbd=0 raw=0.300,-0.014,-0.052 grav=0.02,-0.02,-0.98[0m
[0m[INFO] [1788617211.458180369, 483.810000000]: RL policy input vx=0.000 vy=0.000 wz=-2.412 action_rms=0.240 ready=1 userCmd=0 kbd=0 raw=0.000,0.000,-2.412 grav=0.00,-0.00,-0.98[0m
[0m[INFO] [1788617214.572375181, 485.816000000]: RL policy input vx=0.145 vy=0.220 wz=1.179 action_rms=0.202 ready=1 userCmd=0 kbd=0 raw=0.145,0.220,1.179 grav=0.01,-0.01,-0.98[0m
[0m[INFO] [1788617217.694108092, 487.822000000]: RL policy input vx=0.893 vy=0.109 wz=0.134 action_rms=0.192 ready=1 userCmd=0 kbd=0 raw=0.893,0.109,0.134 grav=-0.00,0.01,-0.98[0m
[0m[INFO] [1788617220.806171932, 489.824000000]: RL policy input vx=0.000 vy=0.000 wz=0.740 action_rms=0.164 ready=1 userCmd=0 kbd=0 raw=0.000,0.000,0.740 grav=0.03,-0.04,-0.98[0m
[0m[INFO] [1788617223.926117607, 491.838000000]: RL policy input vx=0.802 vy=0.750 wz=1.287 action_rms=0.210 ready=1 userCmd=0 kbd=0 raw=0.802,0.750,1.287 grav=0.00,0.00,-0.98[0m
[0m[INFO] [1788617225.744733456, 493.010000000]: Plane tilt guard released at 0.094 rad[0m
[0m[INFO] [1788617227.030204985, 493.838000000]: RL policy input vx=0.751 vy=-0.750 wz=-0.863 action_rms=0.227 ready=1 userCmd=0 kbd=0 raw=0.751,-0.750,-0.863 grav=-0.12,-0.05,-0.97[0m
[0m[INFO] [1788617230.163427082, 495.848000000]: RL policy input vx=0.583 vy=-0.750 wz=-1.001 action_rms=0.363 ready=1 userCmd=0 kbd=0 raw=0.583,-0.750,-1.001 grav=-0.05,0.02,-0.98[0m
[0m[INFO] [1788617233.275719943, 497.858000000]: RL policy input vx=1.006 vy=-0.514 wz=-0.519 action_rms=0.256 ready=1 userCmd=0 kbd=0 raw=1.006,-0.514,-0.519 grav=-0.04,-0.06,-0.98[0m
[0m[INFO] [1788617236.386362767, 499.858000000]: RL policy input vx=0.448 vy=0.000 wz=0.09[FSM]: state: INIT
wait for goal.
[FSM]: state: INIT
wait for goal.
[FSM]: state: INIT
wait for goal.
[FSM]: state: INIT
wait for goal.
[FSM]: state: INIT
wait for goal.
[FSM]: state: INIT
wait for goal.
[FSM]: state: INIT
wait for goal.
[FSM]: state: INIT
wait for goal.
[FSM]: state: INIT
wait for goal.
[FSM]: state: INIT
wait for goal.
[FSM]: state: INIT
wait for goal.
[FSM]: state: INIT
wait for goal.
[FSM]: state: INIT
wait for goal.
[FSM]: state: INIT
wait for goal.
[FSM]: state: INIT
wait for goal.
[FSM]: state: INIT
wait for goal.
[FSM]: state: INIT
wait for goal.
[FSM]: state: INIT
wait for goal.
[FSM]: state: INIT
wait for goal.
[FSM]: state: INIT
wait for goal.
[FSM]: state: INIT
wait for goal.
[FSM]: state: INIT
wait for goal.
[INFO] [1788617166.822585, 455.162000]: danger_detector: merged cross-view duplicate track 5 into track 6, distance=0.601m
[INFO] [1788617168.757137, 456.408000]: danger_detector: merged cross-view duplicate track 5 into track 6, distance=0.601m
[INFO] [1788617169.543263, 456.914000]: danger_detector: confirmed red sphere #8 at [-2.9379, 8.8825, 5.35], t=440.54s, stage=floor_3_exploration
[INFO] [1788617169.545469, 456.916000]: danger_detector: merged cross-view duplicate track 5 into track 6, distance=0.601m
[INFO] [1788617170.479241, 457.512000]: danger_detector: scan batch label=floor_2_room_0_g3 raw=2 min_points=3 clusters=[]
[INFO] [1788617170.483101, 457.514000]: danger_detector: merged cross-view duplicate track 5 into track 6, distance=0.601m
[INFO] [1788617170.721078, 457.664000]: danger_detector: merged cross-view duplicate track 5 into track 6, distance=0.601m
[INFO] [1788617172.655057, 458.910000]: danger_detector: merged cross-view duplicate track 5 into track 6, distance=0.601m
[INFO] [1788617174.607191, 460.160000]: danger_detector: merged cross-view duplicate track 5 into track 6, distance=0.601m
[INFO] [1788617176.567402, 461.412000]: danger_detector: merged cross-view duplicate track 5 into track 6, distance=0.601m
[INFO] [1788617178.521471, 462.656000]: danger_detector: merged cross-view duplicate track 5 into track 6, distance=0.601m
[INFO] [1788617180.473860, 463.910000]: danger_detector: merged cross-view duplicate track 5 into track 6, distance=0.601m
[INFO] [1788617182.438709, 465.168000]: danger_detector: merged cross-view duplicate track 5 into track 6, distance=0.601m
[INFO] [1788617184.382025, 466.418000]: danger_detector: merged cross-view duplicate track 5 into track 6, distance=0.601m
[INFO] [1788617186.308047, 467.660000]: danger_detector: merged cross-view duplicate track 5 into track 6, distance=0.601m
[INFO] [1788617188.257300, 468.912000]: danger_detector: merged cross-view duplicate track 5 into track 6, distance=0.601m
[INFO] [1788617190.203846, 470.164000]: danger_detector: merged cross-view duplicate track 5 into track 6, distance=0.601m
[INFO] [1788617192.136788, 471.414000]: danger_detector: merged cross-view duplicate track 5 into track 6, distance=0.601m
[INFO] [1788617194.067123, 472.660000]: danger_detector: merged cross-view duplicate track 5 into track 6, distance=0.601m
[INFO] [1788617196.010075, 473.908000]: danger_detector: merged cross-view duplicate track 5 into track 6, distance=0.601m
[INFO] [1788617197.952956, 475.156000]: danger_detector: merged cross-view duplicate track 5 into track 6, distance=0.601m
[INFO] [1788617199.930983, 476.414000]: danger_detector: merged cross-view duplicate track 5 into track 6, distance=0.601m
[INFO] [1788617201.872867, 477.662000]: danger_detector: merged cross-view duplicate track 5 into track 6, distance=0.601m
[INFO] [1788617203.849984, 478.930000]: danger_detector: merged cross-view duplicate track 5 into track 6, distance=0.601m
[INFO] [1788617205.757095, 480.158000]: danger_detector: merged cross-view duplicate track 5 into track 6, distance=0.601m
[INFO] [1788617207.739612, 481.416000]: danger_detector: merged cross-view duplicate track 5 into track 6, distance=0.601m
[INFO] [1788617209.524371, 482.562000]: danger_detector: confirmed red sphere #9 at [8.5152, 14.1198, 5.35], t=466.19s, stage=floor_3_exploration
[INFO] [1788617209.525495, 482.562000]: danger_detector: merged cross-view duplicate track 5 into track 6, distance=0.601m
[INFO] [1788617209.698237, 482.674000]: danger_detector: merged cross-view duplicate track 5 into track 6, distance=0.601m
[INFO] [1788617210.695356, 483.314000]: danger_detector: confirmed red sphere #10 at [3.3169, 14.3693, 5.35], t=466.94s, stage=floor_3_exploration
[INFO] [1788617210.697212, 483.316000]: danger_detector: merged cross-view duplicate track 5 into track 6, distance=0.601m
[INFO] [1788617211.293930, 483.702000]: danger_detector: scan batch label=floor_2_room_1_g3 raw=14 min_points=3 clusters=[(8.600626438179662, 14.056583539755714), (3.284420641156177, 14.350785189786949)]
[INFO] [1788617211.298185, 483.706000]: danger_detector: merged cross-view duplicate track 5 into track 6, distance=0.601m
[INFO] [1788617211.621068, 483.914000]: danger_detector: merged cross-view duplicate track 5 into track 6, distance=0.601m
[INFO] [1788617213.573383, 485.170000]: danger_detector: merged cross-view duplicate track 5 into track 6, distance=0.601m
[INFO] [1788617215.481825, 486.404000]: danger_detector: merged cross-view duplicate track 5 into track 6, distance=0.601m
[INFO] [1788617217.458084, 487.670000]: danger_detector: merged cross-view duplicate track 5 into track 6, distance=0.601m
[INFO] [1788617219.380402, 488.906000]: danger_detector: merged cross-view duplicate track 5 into track 6, distance=0.601m
[INFO] [1788617221.330663, 490.162000]: danger_detector: merged cross-view duplicate track 5 into track 6, distance=0.601m
[INFO] [1788617223.263216, 491.410000]: danger_detector: merged cross-view duplicate track 5 into track 6, distance=0.601m
[INFO] [1788617223.344926, 491.464000]: danger_detector: scan batch label=floor_2_room_1_g4 raw=7 min_points=3 clusters=[(8.592154682355847, 13.92106126252815)]
[INFO] [1788617223.346044, 491.464000]: danger_detector: merged cross-view duplicate track 5 into track 6, distance=0.601m
[INFO] [1788617225.194255, 492.658000]: danger_detector: merged cross-view duplicate track 5 into track 6, distance=0.601m
[INFO] [1788617227.144491, 493.912000]: danger_detector: merged cross-view duplicate track 5 into track 6, distance=0.601m
[INFO] [1788617229.095640, 495.162000]: danger_detector: merged cross-view duplicate track 5 into track 6, distance=0.601m
[INFO] [1788617231.036323, 496.414000]: danger_detector: merged cross-view duplicate track 5 into track 6, distance=0.601m
[INFO] [1788617232.958219, 497.652000]: danger_detector: merged cross-view duplicate track 5 into track 6, distance=0.601m
[INFO] [1788617234.908020, 498.906000]: danger_detector: merged cross-view duplicate track 5 into track 6, distance=0.601m
[INFO] [1788617236.848114, 500.156000]: danger_detector: merged cross-view duplicate track 5 into track 6, distance=0.601m
[INFO] [1788617238.785606, 501.404000]: danger_detector: merged cross-view duplicate track 5 into track 6, distance=0.601m
[INFO] [1788617240.716303, 502.654000]: danger_detector: merged cross-view duplicate track 5 into track 6, distance=0.601m
[INFO] [1788617242.662276, 503.908000]: danger_detector: merged cross-view duplicate track 5 into track 6, distance=0.601m
[INFO] [1788617244.590925, 505.156000]: danger_detector: merged cross-view duplicate track 5 into track 6, distance=0.601m
[INFO] [1788617246.586998, 506.438000]: danger_detector: merged cross-view duplicate track 5 into track 6, distance=0.601m
[INFO] [1788617248.498673, 507.680000]: danger_detector: merged cross-view duplicate track 5 into track 6, distance=0.601m
[INFO] [1788617250.438812, 508.938000]: danger_detector: merged cross-view duplicate track 5 into track 6, distance=0.601m
[INFO] [1788617252.354017, 510.182000]: danger_detector: merged cross-view duplicate track 5 into track 6, distance=0.601m
[INFO] [1788617254.294657, 511.442000]: danger_detector: merged cross-view duplicate track 5 into track 6, distance=0.601m
[INFO] [1788617256.200322, 512.680000]: danger_detector: merged cross-view duplicate track 5 into track 6, distance=0.601m
[INFO] [1788617258.121197, 513.912000]: danger_detector: merged cross-view duplicate track 5 into track 6, distance=0.601m
[INFO] [1788617260.049273, 515.154000]: danger_detector: merged cross-view duplicate track 5 into track 6, distance=0.601m
[INFO] [1788617261.979257, 516.402000]: danger_detector: merged cross-view duplicate track 5 into track 6, distance=0.601m
[INFO] [1788617263.923922, 517.654000]: danger_detector: merged cross-view duplicate track 5 into track 6, distance=0.601m
[INFO] [1788617265.863685, 518.906000]: danger_detector: merged cross-view duplicate track 5 into track 6, distance=0.601m
[INFO] [1788617267.800953, 520.158000]: danger_detector: merged cross-view duplicate track 5 into track 6, distance=0.601m
[FSM]: state: INIT
wait for goal.
[FSM]: state: INIT
wait for goal.
[FSM]: state: INIT
wait for goal.
[FSM]: state: INIT
wait for goal.
[FSM]: state: INIT
wait for goal.
[FSM]: state: INIT
wait for goal.
[FSM]: state: INIT
wait for goal.
[FSM]: state: INIT
wait for goal.
[FSM]: state: INIT
wait for goal.
[FSM]: state: INIT
wait for goal.
[FSM]: state: INIT
wait for goal.
[FSM]: state: INIT
wait for goal.
[33m[WARN] [1788617288.550800374, 533.540000000]: Plane tilt guard scaling cmd_vel by 0.97 at tilt 0.144 rad[0m
[FSM]: state: INIT
wait for goal.
[FSM]: state: INIT
wait for goal.
[33m[WARN] [1788617291.191840434, 535.246000000]: Plane tilt guard scaling cmd_vel by 0.93 at tilt 0.149 rad[0m
[FSM]: state: INIT
wait for goal.
[FSM]: state: INIT
wait for goal.
[FSM]: state: INIT
wait for goal.
[FSM]: state: INIT
wait for goal.
[FSM]: state: INIT
wait for goal.
[FSM]: state: INIT
wait for goal.
[FSM]: state: INIT
wait for goal.
[FSM]: state: INIT
wait for goal.
9 action_rms=0.277 ready=1 userCmd=0 kbd=0 raw=0.448,0.000,0.099 grav=-0.00,-0.03,-0.98[0m
[0m[INFO] [1788617239.490115213, 501.862000000]: RL policy input vx=0.450 vy=0.000 wz=-0.000 action_rms=0.156 ready=1 userCmd=0 kbd=0 raw=0.450,0.000,-0.000 grav=0.01,-0.01,-0.98[0m
[0m[INFO] [1788617242.611096532, 503.876000000]: RL policy input vx=0.127 vy=-0.270 wz=-1.150 action_rms=0.169 ready=1 userCmd=0 kbd=0 raw=0.127,-0.270,-1.150 grav=0.04,0.01,-0.98[0m
[0m[INFO] [1788617245.723001358, 505.882000000]: RL policy input vx=2.221 vy=-0.363 wz=-0.178 action_rms=0.434 ready=1 userCmd=0 kbd=0 raw=2.221,-0.363,-0.178 grav=-0.05,-0.08,-0.98[0m
[0m[INFO] [1788617248.835294399, 507.898000000]: RL policy input vx=2.246 vy=-0.138 wz=-0.068 action_rms=0.426 ready=1 userCmd=0 kbd=0 raw=2.246,-0.138,-0.068 grav=-0.01,0.02,-0.98[0m
[0m[INFO] [1788617251.920371119, 509.900000000]: RL policy input vx=2.250 vy=0.024 wz=0.012 action_rms=0.415 ready=1 userCmd=0 kbd=0 raw=2.250,0.024,0.012 grav=-0.00,-0.06,-0.98[0m
[0m[INFO] [1788617255.010938695, 511.908000000]: RL policy input vx=2.003 vy=0.144 wz=0.082 action_rms=0.419 ready=1 userCmd=0 kbd=0 raw=2.003,0.144,0.082 grav=0.01,-0.03,-0.98[0m
[0m[INFO] [1788617258.114638974, 513.908000000]: RL policy input vx=0.000 vy=0.000 wz=0.509 action_rms=0.136 ready=1 userCmd=0 kbd=0 raw=0.000,0.000,0.509 grav=0.03,0.03,-0.98[0m
[0m[INFO] [1788617261.214882876, 515.910000000]: RL policy input vx=0.449 vy=0.000 wz=0.061 action_rms=0.264 ready=1 userCmd=0 kbd=0 raw=0.449,0.000,0.061 grav=-0.00,-0.02,-0.98[0m
[0m[INFO] [1788617264.348508350, 517.926000000]: RL policy input vx=0.450 vy=0.000 wz=-0.006 action_rms=0.158 ready=1 userCmd=0 kbd=0 raw=0.450,0.000,-0.006 grav=0.01,-0.02,-0.98[0m
[0m[INFO] [1788617267.453050695, 519.934000000]: RL policy input vx=0.899 vy=-0.044 wz=-0.054 action_rms=0.187 ready=1 userCmd=0 kbd=0 raw=0.899,-0.044,-0.054 grav=-0.00,-0.03,-0.98[0m
[0m[INFO] [1788617270.556898470, 521.942000000]: RL policy input vx=0.900 vy=-0.001 wz=-0.001 action_rms=0.324 ready=1 userCmd=0 kbd=0 raw=0.900,-0.001,-0.001 grav=-0.01,-0.02,-0.98[0m
[0m[INFO] [1788617273.670523503, 523.960000000]: RL policy input vx=0.000 vy=0.000 wz=0.494 action_rms=0.207 ready=1 userCmd=0 kbd=0 raw=0.000,0.000,0.494 grav=0.03,-0.01,-0.98[0m
[0m[INFO] [1788617276.790229910, 525.970000000]: RL policy input vx=0.000 vy=0.000 wz=1.540 action_rms=0.151 ready=1 userCmd=0 kbd=0 raw=0.000,0.000,1.540 grav=0.03,0.01,-0.98[0m
[0m[INFO] [1788617279.896172529, 527.974000000]: RL policy input vx=0.480 vy=-0.550 wz=-0.939 action_rms=0.239 ready=1 userCmd=0 kbd=0 raw=0.480,-0.550,-0.939 grav=-0.02,0.05,-0.98[0m
[0m[INFO] [1788617283.015530884, 529.976000000]: RL policy input vx=0.896 vy=-0.088 wz=-0.108 action_rms=0.246 ready=1 userCmd=0 kbd=0 raw=0.896,-0.088,-0.108 grav=0.00,-0.05,-0.98[0m
[0m[INFO] [1788617286.144451003, 531.990000000]: RL policy input vx=0.000 vy=0.000 wz=-1.603 action_rms=0.141 ready=1 userCmd=0 kbd=0 raw=0.000,0.000,-1.603 grav=0.04,-0.03,-0.98[0m
[0m[INFO] [1788617289.257274343, 533.998000000]: RL policy input vx=0.539 vy=-0.539 wz=-1.461 action_rms=0.307 ready=1 userCmd=0 kbd=0 raw=0.569,-0.569,-1.540 grav=0.00,-0.14,-0.97[0m
[0m[INFO] [1788617292.378954790, 536.016000000]: RL policy input vx=0.000 vy=0.000 wz=0.145 action_rms=0.195 ready=1 userCmd=0 kbd=0 raw=0.000,0.000,0.145 grav=0.02,-0.01,-0.98[0m
[0m[INFO] [1788617295.498955339, 538.024000000]: RL policy input vx=0.000 vy=0.000 wz=-0.450 action_rms=0.143 ready=1 userCmd=0 kbd=0 raw=0.000,0.000,-0.450 grav=-0.00,0.00,-0.98[0m
[0m[INFO] [1788617298.629938855, 540.034000000]: RL policy input vx=0.448 vy=0.000 wz=-0.109 action_rms=0.250 ready=1 userCmd=0 kbd=0 raw=0.448,0.000,-0.109 grav=-0.01,-0.01,-0.98[0m
[0m[INFO] [1788617301.781279406, 542.052000000]: RL policy input vx=0.449 vy=0.000 wz=-0.060 action_rms=0.158 ready=1 userCmd=0 kbd=0 raw=0.449,0.000,-0.060 grav=0.01,-0.01,-0.98[0m
[0m[INFO] [1788617304.891905057, 544.060000000]: RL policy input vx=0.449 vy=0.000 wz=0.053 action_rms=0.246 ready=1 userCmd=0 kbd=0 r[FSM]: state: INIT
wait for goal.
[FSM]: state: INIT
wait for goal.
[FSM]: state: INIT
wait for goal.
[FSM]: state: INIT
wait for goal.
[FSM]: state: INIT
wait for goal.
[FSM]: state: INIT
wait for goal.
[FSM]: state: INIT
wait for goal.
[FSM]: state: INIT
wait for goal.
[FSM]: state: INIT
wait for goal.
[FSM]: state: INIT
wait for goal.
[FSM]: state: INIT
wait for goal.
[FSM]: state: INIT
wait for goal.
[FSM]: state: INIT
wait for goal.
[FSM]: state: INIT
wait for goal.
[FSM]: state: INIT
wait for goal.
[FSM]: state: INIT
wait for goal.
[FSM]: state: INIT
wait for goal.
[FSM]: state: INIT
wait for goal.
[FSM]: state: INIT
wait for goal.
[FSM]: state: INIT
wait for goal.
[FSM]: state: INIT
wait for goal.
[FSM]: state: INIT
wait for goal.
[FSM]: state: INIT
wait for goal.
[FSM]: state: INIT
wait for goal.
[FSM]: state: INIT
wait for goal.
[FSM]: state: INIT
wait for goal.
[FSM]: state: INIT
wait for goal.
[FSM]: state: INIT
wait for goal.
[FSM]: state: INIT
wait for goal.
[FSM]: state: INIT
wait for goal.
[FSM]: state: INIT
wait for goal.
[FSM]: state: INIT
wait for goal.
[FSM]: state: INIT
wait for goal.
[FSM]: state: INIT
wait for goal.
[FSM]: state: INIT
wait for goal.
[FSM]: state: INIT
wait for goal.
[FSM]: state: INIT
wait for goal.
[FSM]: state: INIT
wait for goal.
[FSM]: state: INIT
wait for goal.
[FSM]: state: INIT
wait for goal.
[FSM]: state: INIT
wait for goal.
[FSM]: state: INIT
wait for goal.
[FSM]: state: INIT
wait for goal.
[FSM]: state: INIT
wait for goal.
[FSM]: state: INIT
wait for goal.
[FSM]: state: INIT
wait for goal.
[FSM]: state: INIT
wait for goal.
[INFO] [1788617269.727972, 521.402000]: danger_detector: merged cross-view duplicate track 5 into track 6, distance=0.601m
[INFO] [1788617271.657178, 522.656000]: danger_detector: merged cross-view duplicate track 5 into track 6, distance=0.601m
[INFO] [1788617273.585713, 523.904000]: danger_detector: merged cross-view duplicate track 5 into track 6, distance=0.601m
[INFO] [1788617275.153966, 524.912000]: danger_detector: confirmed red sphere #11 at [-4.9547, 23.3238, 5.35], t=508.54s, stage=floor_3_exploration
[INFO] [1788617275.155786, 524.914000]: danger_detector: merged cross-view duplicate track 5 into track 6, distance=0.601m
[INFO] [1788617275.548289, 525.164000]: danger_detector: merged cross-view duplicate track 5 into track 6, distance=0.601m
[INFO] [1788617276.289801, 525.644000]: danger_detector: scan batch label=floor_2_room_2_g3 raw=6 min_points=3 clusters=[(-4.94459233542046, 23.273615521944908)]
[INFO] [1788617276.291641, 525.644000]: danger_detector: merged cross-view duplicate track 5 into track 6, distance=0.601m
[INFO] [1788617277.502526, 526.432000]: danger_detector: merged cross-view duplicate track 5 into track 6, distance=0.601m
[INFO] [1788617279.424286, 527.672000]: danger_detector: merged cross-view duplicate track 5 into track 6, distance=0.601m
[INFO] [1788617281.364100, 528.912000]: danger_detector: merged cross-view duplicate track 5 into track 6, distance=0.601m
[INFO] [1788617283.306086, 530.160000]: danger_detector: merged cross-view duplicate track 5 into track 6, distance=0.601m
[INFO] [1788617285.256754, 531.412000]: danger_detector: merged cross-view duplicate track 5 into track 6, distance=0.601m
[INFO] [1788617287.191490, 532.662000]: danger_detector: merged cross-view duplicate track 5 into track 6, distance=0.601m
[INFO] [1788617288.744412, 533.664000]: danger_detector: scan batch label=floor_2_room_2_g4 raw=9 min_points=3 clusters=[(-4.8201855466753605, 23.24456320354948)]
[INFO] [1788617288.747248, 533.666000]: danger_detector: merged cross-view duplicate track 5 into track 6, distance=0.601m
[INFO] [1788617289.154006, 533.930000]: danger_detector: merged cross-view duplicate track 5 into track 6, distance=0.601m
[INFO] [1788617291.052947, 535.154000]: danger_detector: merged cross-view duplicate track 5 into track 6, distance=0.601m
[INFO] [1788617293.019448, 536.432000]: danger_detector: merged cross-view duplicate track 5 into track 6, distance=0.601m
[INFO] [1788617294.948741, 537.672000]: danger_detector: merged cross-view duplicate track 5 into track 6, distance=0.601m
[INFO] [1788617296.881226, 538.914000]: danger_detector: merged cross-view duplicate track 5 into track 6, distance=0.601m
[INFO] [1788617298.832769, 540.164000]: danger_detector: merged cross-view duplicate track 5 into track 6, distance=0.601m
[INFO] [1788617300.786758, 541.414000]: danger_detector: merged cross-view duplicate track 5 into track 6, distance=0.601m
[INFO] [1788617302.719442, 542.660000]: danger_detector: merged cross-view duplicate track 5 into track 6, distance=0.601m
[INFO] [1788617304.661480, 543.910000]: danger_detector: merged cross-view duplicate track 5 into track 6, distance=0.601m
[INFO] [1788617306.598760, 545.156000]: danger_detector: merged cross-view duplicate track 5 into track 6, distance=0.601m
[INFO] [1788617308.552556, 546.416000]: danger_detector: merged cross-view duplicate track 5 into track 6, distance=0.601m
[INFO] [1788617310.486562, 547.670000]: danger_detector: merged cross-view duplicate track 5 into track 6, distance=0.601m
[INFO] [1788617312.426647, 548.924000]: danger_detector: merged cross-view duplicate track 5 into track 6, distance=0.601m
[INFO] [1788617314.352029, 550.164000]: danger_detector: merged cross-view duplicate track 5 into track 6, distance=0.601m
[INFO] [1788617316.281229, 551.416000]: danger_detector: merged cross-view duplicate track 5 into track 6, distance=0.601m
[INFO] [1788617318.218311, 552.666000]: danger_detector: merged cross-view duplicate track 5 into track 6, distance=0.601m
[INFO] [1788617320.146657, 553.910000]: danger_detector: merged cross-view duplicate track 5 into track 6, distance=0.601m
[INFO] [1788617322.093084, 555.166000]: danger_detector: merged cross-view duplicate track 5 into track 6, distance=0.601m
[INFO] [1788617324.023134, 556.412000]: danger_detector: merged cross-view duplicate track 5 into track 6, distance=0.601m
[INFO] [1788617325.945728, 557.654000]: danger_detector: merged cross-view duplicate track 5 into track 6, distance=0.601m
[INFO] [1788617326.185163, 557.810000]: danger_detector: scan batch label=floor_2_room_3_g3 raw=0 min_points=3 clusters=[]
[INFO] [1788617326.186860, 557.810000]: danger_detector: merged cross-view duplicate track 5 into track 6, distance=0.601m
[INFO] [1788617327.903501, 558.910000]: danger_detector: merged cross-view duplicate track 5 into track 6, distance=0.601m
[INFO] [1788617329.824299, 560.156000]: danger_detector: merged cross-view duplicate track 5 into track 6, distance=0.601m
[INFO] [1788617331.789121, 561.420000]: danger_detector: merged cross-view duplicate track 5 into track 6, distance=0.601m
[INFO] [1788617333.724004, 562.676000]: danger_detector: merged cross-view duplicate track 5 into track 6, distance=0.601m
[INFO] [1788617335.665405, 563.938000]: danger_detector: merged cross-view duplicate track 5 into track 6, distance=0.601m
[INFO] [1788617337.553086, 565.158000]: danger_detector: merged cross-view duplicate track 5 into track 6, distance=0.601m
[INFO] [1788617339.491855, 566.406000]: danger_detector: merged cross-view duplicate track 5 into track 6, distance=0.601m
[INFO] [1788617341.425822, 567.654000]: danger_detector: merged cross-view duplicate track 5 into track 6, distance=0.601m
[INFO] [1788617343.366345, 568.906000]: danger_detector: merged cross-view duplicate track 5 into track 6, distance=0.601m
[INFO] [1788617345.313944, 570.166000]: danger_detector: merged cross-view duplicate track 5 into track 6, distance=0.601m
[INFO] [1788617346.126282, 570.690000]: danger_detector: scan batch label=floor_2_room_3_g4 raw=0 min_points=3 clusters=[]
[INFO] [1788617346.128596, 570.692000]: danger_detector: merged cross-view duplicate track 5 into track 6, distance=0.601m
[INFO] [1788617347.268973, 571.422000]: danger_detector: merged cross-view duplicate track 5 into track 6, distance=0.601m
[INFO] [1788617349.203034, 572.672000]: danger_detector: merged cross-view duplicate track 5 into track 6, distance=0.601m
[INFO] [1788617351.116450, 573.904000]: danger_detector: merged cross-view duplicate track 5 into track 6, distance=0.601m
[INFO] [1788617353.073410, 575.162000]: danger_detector: merged cross-view duplicate track 5 into track 6, distance=0.601m
[INFO] [1788617355.028629, 576.412000]: danger_detector: merged cross-view duplicate track 5 into track 6, distance=0.601m
[INFO] [1788617356.964180, 577.658000]: danger_detector: merged cross-view duplicate track 5 into track 6, distance=0.601m
[INFO] [1788617358.894639, 578.904000]: danger_detector: merged cross-view duplicate track 5 into track 6, distance=0.601m
[INFO] [1788617360.842298, 580.152000]: danger_detector: merged cross-view duplicate track 5 into track 6, distance=0.601m
[INFO] [1788617362.794188, 581.400000]: danger_detector: merged cross-view duplicate track 5 into track 6, distance=0.601m
[INFO] [1788617364.758072, 582.662000]: danger_detector: merged cross-view duplicate track 5 into track 6, distance=0.601m
[INFO] [1788617366.700255, 583.918000]: danger_detector: merged cross-view duplicate track 5 into track 6, distance=0.601m
[INFO] [1788617368.621928, 585.158000]: danger_detector: merged cross-view duplicate track 5 into track 6, distance=0.601m
[INFO] [1788617370.557714, 586.406000]: danger_detector: merged cross-view duplicate track 5 into track 6, distance=0.601m
[INFO] [1788617372.492784, 587.656000]: danger_detector: merged cross-view duplicate track 5 into track 6, distance=0.601m
[INFO] [1788617374.436581, 588.902000]: danger_detector: merged cross-view duplicate track 5 into track 6, distance=0.601m
aw=0.449,0.000,0.053 grav=0.02,-0.02,-0.98[0m
[0m[INFO] [1788617308.021919116, 546.076000000]: RL policy input vx=0.450 vy=0.000 wz=-0.009 action_rms=0.156 ready=1 userCmd=0 kbd=0 raw=0.450,0.000,-0.009 grav=0.01,-0.01,-0.98[0m
[0m[INFO] [1788617311.128632402, 548.084000000]: RL policy input vx=0.915 vy=-0.653 wz=-0.682 action_rms=0.266 ready=1 userCmd=0 kbd=0 raw=0.915,-0.653,-0.682 grav=-0.03,0.01,-0.98[0m
[0m[INFO] [1788617314.232108164, 550.090000000]: RL policy input vx=0.830 vy=0.145 wz=0.191 action_rms=0.339 ready=1 userCmd=0 kbd=0 raw=0.830,0.145,0.191 grav=0.01,0.02,-0.98[0m
[0m[INFO] [1788617317.332640967, 552.096000000]: RL policy input vx=0.890 vy=0.136 wz=0.166 action_rms=0.324 ready=1 userCmd=0 kbd=0 raw=0.890,0.136,0.166 grav=-0.01,0.01,-0.98[0m
[0m[INFO] [1788617320.458088422, 554.110000000]: RL policy input vx=0.900 vy=0.013 wz=0.016 action_rms=0.169 ready=1 userCmd=0 kbd=0 raw=0.900,0.013,0.016 grav=0.00,-0.02,-0.98[0m
[0m[INFO] [1788617323.575400472, 556.122000000]: RL policy input vx=0.000 vy=0.000 wz=0.616 action_rms=0.148 ready=1 userCmd=0 kbd=0 raw=0.000,0.000,0.616 grav=0.03,-0.00,-0.98[0m
[0m[INFO] [1788617326.697009570, 558.136000000]: RL policy input vx=0.000 vy=0.000 wz=1.523 action_rms=0.399 ready=1 userCmd=0 kbd=0 raw=0.000,0.000,1.523 grav=0.01,0.01,-0.98[0m
[0m[INFO] [1788617329.805639502, 560.144000000]: RL policy input vx=0.831 vy=0.243 wz=0.313 action_rms=0.183 ready=1 userCmd=0 kbd=0 raw=0.831,0.243,0.313 grav=0.04,0.11,-0.97[0m
[0m[INFO] [1788617332.931332538, 562.162000000]: RL policy input vx=0.599 vy=0.168 wz=0.301 action_rms=0.144 ready=1 userCmd=0 kbd=0 raw=0.599,0.168,0.301 grav=0.04,0.13,-0.97[0m
[0m[INFO] [1788617336.009774377, 564.162000000]: RL policy input vx=0.288 vy=0.083 wz=0.307 action_rms=0.283 ready=1 userCmd=0 kbd=0 raw=0.288,0.083,0.307 grav=0.01,0.05,-0.98[0m
[0m[INFO] [1788617339.120958164, 566.168000000]: RL policy input vx=0.894 vy=0.107 wz=0.131 action_rms=0.161 ready=1 userCmd=0 kbd=0 raw=0.894,0.107,0.131 grav=0.00,0.02,-0.98[0m
[0m[INFO] [1788617342.234252207, 568.178000000]: RL policy input vx=0.599 vy=0.009 wz=0.017 action_rms=0.330 ready=1 userCmd=0 kbd=0 raw=0.599,0.009,0.017 grav=-0.00,-0.02,-0.98[0m
[0m[INFO] [1788617345.335397652, 570.180000000]: RL policy input vx=0.000 vy=0.000 wz=-2.900 action_rms=0.339 ready=1 userCmd=0 kbd=0 raw=0.000,0.000,-2.900 grav=0.00,0.01,-0.98[0m
[0m[INFO] [1788617348.447104254, 572.184000000]: RL policy input vx=1.713 vy=-0.750 wz=-0.454 action_rms=0.407 ready=1 userCmd=0 kbd=0 raw=1.713,-0.750,-0.454 grav=-0.02,-0.04,-0.98[0m
[0m[INFO] [1788617351.554987310, 574.188000000]: RL policy input vx=0.864 vy=0.750 wz=0.786 action_rms=0.368 ready=1 userCmd=0 kbd=0 raw=0.864,0.750,0.786 grav=-0.00,-0.01,-0.98[0m
[0m[INFO] [1788617354.692319719, 576.194000000]: RL policy input vx=0.000 vy=0.000 wz=-0.450 action_rms=0.208 ready=1 userCmd=0 kbd=0 raw=0.000,0.000,-0.450 grav=0.02,-0.00,-0.98[0m
[0m[INFO] [1788617357.825056366, 578.214000000]: RL policy input vx=0.445 vy=0.000 wz=-0.162 action_rms=0.251 ready=1 userCmd=0 kbd=0 raw=0.445,0.000,-0.162 grav=-0.02,0.02,-0.98[0m
[0m[INFO] [1788617360.958101022, 580.228000000]: RL policy input vx=0.449 vy=0.000 wz=-0.065 action_rms=0.160 ready=1 userCmd=0 kbd=0 raw=0.449,0.000,-0.065 grav=0.01,-0.01,-0.98[0m
[0m[INFO] [1788617364.115386107, 582.248000000]: RL policy input vx=0.000 vy=0.000 wz=1.150 action_rms=0.299 ready=1 userCmd=0 kbd=0 raw=0.000,0.000,1.150 grav=0.03,0.01,-0.98[0m
[0m[INFO] [1788617367.221810665, 584.256000000]: RL policy input vx=2.214 vy=0.402 wz=0.198 action_rms=0.348 ready=1 userCmd=0 kbd=0 raw=2.214,0.402,0.198 grav=-0.00,0.02,-0.98[0m
[0m[INFO] [1788617370.348689669, 586.272000000]: RL policy input vx=2.245 vy=0.149 wz=0.073 action_rms=0.326 ready=1 userCmd=0 kbd=0 raw=2.245,0.149,0.073 grav=0.00,0.03,-0.98[0m
[0m[INFO] [1788617373.464247276, 588.282000000]: RL policy input vx=2.250 vy=0.018 wz=0.009 action_rms=0.329 ready=1 userCmd=0 kbd=0 raw=2.250,0.018,0.009 grav=0.01,0.00,-0.98[0m
[0m[INFO] [1788617376.590867379, [FSM]: state: INIT
wait for goal.
[FSM]: state: INIT
wait for goal.
[FSM]: state: INIT
wait for goal.
[FSM]: state: INIT
wait for goal.
[FSM]: state: INIT
wait for goal.
[FSM]: state: INIT
wait for goal.
[FSM]: state: INIT
wait for goal.
[FSM]: state: INIT
wait for goal.
[FSM]: state: INIT
wait for goal.
[FSM]: state: INIT
wait for goal.
[FSM]: state: INIT
wait for goal.
[FSM]: state: INIT
wait for goal.
[FSM]: state: INIT
wait for goal.
[FSM]: state: INIT
wait for goal.
[FSM]: state: INIT
wait for goal.
[FSM]: state: INIT
wait for goal.
[FSM]: state: INIT
wait for goal.
[FSM]: state: INIT
wait for goal.
590.284000000]: RL policy input vx=2.249 vy=0.069 wz=0.034 action_rms=0.354 ready=1 userCmd=0 kbd=0 raw=2.249,0.069,0.034 grav=0.04,0.02,-0.98[0m
[0m[INFO] [1788617379.731089921, 592.302000000]: RL policy input vx=2.250 vy=-0.021 wz=-0.010 action_rms=0.302 ready=1 userCmd=0 kbd=0 raw=2.250,-0.021,-0.010 grav=0.02,-0.00,-0.98[0m
[0m[INFO] [1788617382.858829157, 594.318000000]: RL policy input vx=0.687 vy=0.233 wz=0.362 action_rms=0.295 ready=1 userCmd=0 kbd=0 raw=0.687,0.233,0.362 grav=0.10,-0.09,-0.97[0m
[0m[INFO] [1788617385.984750904, 596.334000000]: RL policy input vx=1.845 vy=-0.139 wz=-0.083 action_rms=0.382 ready=1 userCmd=0 kbd=0 raw=1.845,-0.139,-0.083 grav=0.00,-0.01,-0.98[0m
[0m[INFO] [1788617389.073077199, 598.334000000]: RL policy input vx=1.850 vy=-0.023 wz=-0.013 action_rms=0.263 ready=1 userCmd=0 kbd=0 raw=1.850,-0.023,-0.013 grav=-0.01,-0.04,-0.98[0m
[0m[INFO] [1788617392.173901634, 600.334000000]: RL policy input vx=0.000 vy=0.000 wz=-1.000 action_rms=0.263 ready=1 userCmd=0 kbd=0 raw=0.000,0.000,-1.000 grav=0.04,0.03,-0.98[0m
[0m[INFO] [1788617395.287133528, 602.344000000]: RL policy input vx=0.000 vy=0.000 wz=-0.176 action_rms=0.176 ready=1 userCmd=0 kbd=0 raw=0.000,0.000,-0.176 grav=-0.01,-0.00,-0.98[0m
[0m[INFO] [1788617398.400255046, 604.352000000]: RL policy input vx=0.597 vy=0.000 wz=-0.081 action_rms=0.284 ready=1 userCmd=0 kbd=0 raw=0.597,0.000,-0.081 grav=0.02,-0.02,-0.98[0m
[0m[INFO] [1788617401.511859575, 606.354000000]: RL policy input vx=0.000 vy=0.000 wz=-0.483 action_rms=0.135 ready=1 userCmd=0 kbd=0 raw=0.000,0.000,-0.483 grav=0.01,0.01,-0.98[0m
Switched from RL to fixed stand
infer_thread退出!
[33m[WARN] [1788617404.644148228, 608.360000000]: Using one-shot captured-pose FixedStand profile: ramp 0.50 s, settle 0.00 s, ready after 0.50 s + 0.50 s stable, minimum gain 0.75[0m
[INFO] Using /stand_target_joints param stance.
[FSM]: state: INIT
wait for goal.
Switched from fixed stand to RL
[INFO] Entered RL /cmd_vel mode.
[33m[WARN] [1788617405.930778138, 609.190000000]: Using one-shot stair RL takeover profile: blend 0.75 s, zero hold 0.25 s[0m
cuda::is_available():0
[WARNING] UNITREE_RL_DEVICE=hybrid selected CUDA for this policy but CUDA is unavailable; using CPU.
RL inference device: cpu (requested=hybrid, policy=stair)
[INFO] RL policy activated from preload cache at FixedStand entry boundary: /home/quinn/0904/runtime_assets/SimEnv/src/unitree_guide/logs/policy_act_inference_stair.pt
[FSM]: state: INIT
wait for goal.
[FSM]: state: INIT
wait for goal.
[FSM]: state: INIT
wait for goal.
[FSM]: state: INIT
wait for goal.
[FSM]: state: INIT
wait for goal.
[FSM]: state: INIT
wait for goal.
[FSM]: state: INIT
wait for goal.
[0m[INFO] [1788617405.932599239, 609.192000000]: RL policy input vx=0.000 vy=0.000 wz=0.000 action_rms=0.172 ready=0 userCmd=0 kbd=0 raw=0.000,0.000,0.000 grav=-0.01,-0.04,-0.98[0m
[0m[INFO] [1788617407.498418002, 610.198000000]: RL locomotion_ready latched after 1.01 s takeover and 1.01 s stable hold[0m
[0m[INFO] [1788617409.063031083, 611.206000000]: RL policy input vx=0.550 vy=0.000 wz=-0.086 action_rms=0.197 ready=1 userCmd=0 kbd=0 raw=0.550,0.000,-0.086 grav=-0.03,0.03,-0.98[0m
[0m[INFO] [1788617412.180281043, 613.216000000]: RL policy input vx=0.500 vy=0.000 wz=-0.066 action_rms=0.243 ready=1 userCmd=8 kbd=0 raw=0.500,0.000,-0.066 grav=0.41,0.01,-0.89[0m
[0m[INFO] [1788617415.284328162, 615.220000000]: RL policy input vx=0.800 vy=0.000 wz=0.025 action_rms=0.169 ready=1 userCmd=0 kbd=0 raw=0.800,0.000,0.025 grav=0.43,-0.01,-0.88[0m
stop the controller
terminate called after throwing an instance of 'boost::wrapexcept<boost::lock_error>'
  what():  boost: mutex lock failed in pthread_mutex_lock: Invalid argument
des manager
[ERROR] [1788617417.280138, 616.508000]: Three-floor RL mission failed: exploration_deadline_exceeded_600.0s
[WARN] [1788617170.492942, 457.516000]: danger_detector: rejecting candidates because room boundary is unavailable (room_id='')
[INFO] [1788617376.397253, 590.160000]: danger_detector: merged cross-view duplicate track 5 into track 6, distance=0.601m
[INFO] [1788617378.338746, 591.410000]: danger_detector: merged cross-view duplicate track 5 into track 6, distance=0.601m
[INFO] [1788617380.286329, 592.660000]: danger_detector: merged cross-view duplicate track 5 into track 6, distance=0.601m
[INFO] [1788617382.229262, 593.916000]: danger_detector: merged cross-view duplicate track 5 into track 6, distance=0.601m
[INFO] [1788617384.173634, 595.162000]: danger_detector: merged cross-view duplicate track 5 into track 6, distance=0.601m
[INFO] [1788617386.095373, 596.406000]: danger_detector: merged cross-view duplicate track 5 into track 6, distance=0.601m
[INFO] [1788617388.024555, 597.658000]: danger_detector: merged cross-view duplicate track 5 into track 6, distance=0.601m
[INFO] [1788617389.962450, 598.906000]: danger_detector: merged cross-view duplicate track 5 into track 6, distance=0.601m
[INFO] [1788617391.898444, 600.156000]: danger_detector: merged cross-view duplicate track 5 into track 6, distance=0.601m
[INFO] [1788617393.824539, 601.404000]: danger_detector: merged cross-view duplicate track 5 into track 6, distance=0.601m
[INFO] [1788617395.769060, 602.654000]: danger_detector: merged cross-view duplicate track 5 into track 6, distance=0.601m
[INFO] [1788617397.701565, 603.906000]: danger_detector: merged cross-view duplicate track 5 into track 6, distance=0.601m
[INFO] [1788617399.648138, 605.158000]: danger_detector: merged cross-view duplicate track 5 into track 6, distance=0.601m
[INFO] [1788617401.598205, 606.410000]: danger_detector: merged cross-view duplicate track 5 into track 6, distance=0.601m
[INFO] [1788617403.558514, 607.666000]: danger_detector: merged cross-view duplicate track 5 into track 6, distance=0.601m
[INFO] [1788617405.495297, 608.908000]: danger_detector: merged cross-view duplicate track 5 into track 6, distance=0.601m
[INFO] [1788617407.444159, 610.162000]: danger_detector: merged cross-view duplicate track 5 into track 6, distance=0.601m
[INFO] [1788617409.383630, 611.414000]: danger_detector: merged cross-view duplicate track 5 into track 6, distance=0.601m
[INFO] [1788617411.322322, 612.662000]: danger_detector: merged cross-view duplicate track 5 into track 6, distance=0.601m
[INFO] [1788617413.260941, 613.910000]: danger_detector: merged cross-view duplicate track 5 into track 6, distance=0.601m
[INFO] [1788617415.196015, 615.162000]: danger_detector: merged cross-view duplicate track 5 into track 6, distance=0.601m
[INFO] [1788617417.128812, 616.410000]: danger_detector: merged cross-view duplicate track 5 into track 6, distance=0.601m
[INFO] [1788617417.268532, 616.500000]: danger_detector: merged cross-view duplicate track 5 into track 6, distance=0.601m
[INFO] [1788617417.286578, 616.512000]: danger_detector: wrote 10 confirmed red-ball detections -> /home/quinn/0904/results/official_gui_rtf065_s111_20260905_215328/red_ball_detections.json
[INFO] [1788616459.455497, 1.002000]: Bootstrap armed: stand@1.0s state-gated RL max_wait=25.0s repeat=120.0s start_t=1.0
[INFO] [1788616466.174410, 5.302000]: Requesting RL /cmd_vel through /joy (repeating).
[INFO] [1788616483.411873, 16.402000]: Bootstrap observed locomotion_ready; releasing /joy.
[INFO] [1788616452.330345, 0.000000]: scanplanner_pointcloud_bridge: /scan -> /registered_scan at <= 5.0 Hz
[INFO] [1788616473.311712, 9.904000]: scanplanner_pointcloud_bridge: published 50 clouds (391 points)
[INFO] [1788616488.866437, 19.904000]: scanplanner_pointcloud_bridge: published 100 clouds (415 points)
[INFO] [1788616504.801647, 29.910000]: scanplanner_pointcloud_bridge: published 150 clouds (781 points)
[INFO] [1788616520.891954, 39.910000]: scanplanner_pointcloud_bridge: published 200 clouds (762 points)
[INFO] [1788616536.975424, 49.910000]: scanplanner_pointcloud_bridge: published 250 clouds (760 points)
[INFO] [1788616552.687204, 59.912000]: scanplanner_pointcloud_bridge: published 300 clouds (759 points)
[INFO] [1788616568.377679, 69.912000]: scanplanner_pointcloud_bridge: published 350 clouds (763 points)
[INFO] [1788616583.993226, 79.912000]: scanplanner_pointcloud_bridge: published 400 clouds (768 points)
[INFO] [1788616599.498546, 89.910000]: scanplanner_pointcloud_bridge: published 450 clouds (757 points)
[INFO] [1788616614.975335, 99.910000]: scanplanner_pointcloud_bridge: published 500 clouds (770 points)
[INFO] [1788616630.456587, 109.910000]: scanplanner_pointcloud_bridge: published 550 clouds (771 points)
[INFO] [1788616645.946522, 119.912000]: scanplanner_pointcloud_bridge: published 600 clouds (757 points)
[INFO] [1788616661.523985, 129.910000]: scanplanner_pointcloud_bridge: published 650 clouds (764 points)
[INFO] [1788616677.181710, 139.912000]: scanplanner_pointcloud_bridge: published 700 clouds (771 points)
[INFO] [1788616692.687355, 149.910000]: scanplanner_pointcloud_bridge: published 750 clouds (764 points)
[INFO] [1788616708.251777, 159.912000]: scanplanner_pointcloud_bridge: published 800 clouds (780 points)
[INFO] [1788616723.702753, 169.912000]: scanplanner_pointcloud_bridge: published 850 clouds (744 points)
[INFO] [1788616739.213774, 179.912000]: scanplanner_pointcloud_bridge: published 900 clouds (754 points)
[INFO] [1788616754.941185, 189.910000]: scanplanner_pointcloud_bridge: published 950 clouds (689 points)
[INFO] [1788616770.602390, 199.912000]: scanplanner_pointcloud_bridge: published 1000 clouds (641 points)
[INFO] [1788616786.233445, 209.912000]: scanplanner_pointcloud_bridge: published 1050 clouds (718 points)
[INFO] [1788616801.729810, 219.910000]: scanplanner_pointcloud_bridge: published 1100 clouds (760 points)
[INFO] [1788616817.287435, 229.910000]: scanplanner_pointcloud_bridge: published 1150 clouds (760 points)
[INFO] [1788616832.859140, 239.912000]: scanplanner_pointcloud_bridge: published 1200 clouds (756 points)
[INFO] [1788616848.322795, 249.912000]: scanplanner_pointcloud_bridge: published 1250 clouds (787 points)
[INFO] [1788616863.810613, 259.912000]: scanplanner_pointcloud_bridge: published 1300 clouds (764 points)
[INFO] [1788616879.285403, 269.912000]: scanplanner_pointcloud_bridge: published 1350 clouds (771 points)
[INFO] [1788616894.784203, 279.914000]: scanplanner_pointcloud_bridge: published 1400 clouds (754 points)
[INFO] [1788616910.258906, 289.914000]: scanplanner_pointcloud_bridge: published 1450 clouds (773 points)
[INFO] [1788616925.752272, 299.914000]: scanplanner_pointcloud_bridge: published 1500 clouds (763 points)
[INFO] [1788616941.280596, 309.914000]: scanplanner_pointcloud_bridge: published 1550 clouds (773 points)
[INFO] [1788616956.785030, 319.912000]: scanplanner_pointcloud_bridge: published 1600 clouds (758 points)
[INFO] [1788616972.291302, 329.916000]: scanplanner_pointcloud_bridge: published 1650 clouds (767 points)
[INFO] [1788616987.860865, 339.914000]: scanplanner_pointcloud_bridge: published 1700 clouds (769 points)
[INFO] [1788617003.379383, 349.912000]: scanplanner_pointcloud_bridge: published 1750 clouds (769 points)
[INFO] [1788617018.900679, 359.914000]: scanplanner_pointcloud_bridge: published 1800 clouds (764 points)
[INFO] [1788617034.423167, 369.914000]: scanplanner_pointcloud_bridge: published 1850 clouds (770 points)
[INFO] [1788617049.976090, 379.912000]: scanplanner_pointcloud_bridge: published 1900 clouds (764 points)
[INFO] [1788617065.548970, 389.914000]: scanplanner_pointcloud_bridge: published 1950 clouds (656 points)
[INFO] [1788617081.043216, 399.914000]: scanplanner_pointcloud_bridge: published 2000 clouds (732 points)
[INFO] [1788617096.532988, 409.914000]: scanplanner_pointcloud_bridge: published 2050 clouds (735 points)
[INFO] [1788617112.070780, 419.916000]: scanplanner_pointcloud_bridge: published 2100 clouds (761 points)
[INFO] [1788617127.588778, 429.914000]: scanplanner_pointcloud_bridge: published 2150 clouds (760 points)
[INFO] [1788617143.073681, 439.916000]: scanplanner_pointcloud_bridge: published 2200 clouds (762 points)
[INFO] [1788617158.670556, 449.914000]: scanplanner_pointcloud_bridge: published 2250 clouds (759 points)
[INFO] [1788617174.223425, 459.916000]: scanplanner_pointcloud_bridge: published 2300 clouds (773 points)
[INFO] [1788617189.818700, 469.914000]: scanplanner_pointcloud_bridge: published 2350 clouds (741 points)
[INFO] [1788617205.374514, 479.914000]: scanplanner_pointcloud_bridge: published 2400 clouds (768 points)
[INFO] [1788617220.950993, 489.916000]: scanplanner_pointcloud_bridge: published 2450 clouds (751 points)
[INFO] [1788617236.476861, 499.916000]: scanplanner_pointcloud_bridge: published 2500 clouds (765 points)
[INFO] [1788617251.940735, 509.914000]: scanplanner_pointcloud_bridge: published 2550 clouds (769 points)
[INFO] [1788617267.423633, 519.916000]: scanplanner_pointcloud_bridge: published 2600 clouds (771 points)
[INFO] [1788617282.919816, 529.914000]: scanplanner_pointcloud_bridge: published 2650 clouds (770 points)
[INFO] [1788617298.450874, 539.918000]: scanplanner_pointcloud_bridge: published 2700 clouds (767 points)
[INFO] [1788617313.967143, 549.920000]: scanplanner_pointcloud_bridge: published 2750 clouds (771 points)
[INFO] [1788617329.458817, 559.920000]: scanplanner_pointcloud_bridge: published 2800 clouds (773 points)
[INFO] [1788617344.931323, 569.918000]: scanplanner_pointcloud_bridge: published 2850 clouds (771 points)
[INFO] [1788617360.484651, 579.922000]: scanplanner_pointcloud_bridge: published 2900 clouds (750 points)
[INFO] [1788617376.025249, 589.922000]: scanplanner_pointcloud_bridge: published 2950 clouds (732 points)
[INFO] [1788617391.530597, 599.918000]: scanplanner_pointcloud_bridge: published 3000 clouds (754 points)
[INFO] [1788617407.071219, 609.920000]: scanplanner_pointcloud_bridge: published 3050 clouds (770 points)
[WARN] [1788616524.249296, 41.986000]: Room viewpoint speed cap: floor_0_room_0_g3 2.250 -> 0.900 m/s (configured 0.900)
[WARN] [1788616535.690613, 49.080000]: Room viewpoint speed cap: floor_0_room_0_g4 2.250 -> 0.900 m/s (configured 0.900)
[WARN] [1788616568.197313, 69.802000]: Room viewpoint speed cap: floor_0_room_1_g3 2.250 -> 0.900 m/s (configured 0.900)
[WARN] [1788616579.632098, 77.098000]: Room viewpoint speed cap: floor_0_room_1_g4 2.250 -> 0.900 m/s (configured 0.900)
[WARN] [1788616626.303484, 107.226000]: Room viewpoint speed cap: floor_0_room_2_g3 2.250 -> 0.900 m/s (configured 0.900)
[WARN] [1788616637.346601, 114.354000]: Room viewpoint speed cap: floor_0_room_2_g4 2.250 -> 0.900 m/s (configured 0.900)
[WARN] [1788616669.970426, 135.310000]: Room viewpoint speed cap: floor_0_room_3_g3 2.250 -> 0.900 m/s (configured 0.900)
[WARN] [1788616681.509914, 142.682000]: Room viewpoint speed cap: floor_0_room_3_g4 2.250 -> 0.900 m/s (configured 0.900)
[WARN] [1788616824.443079, 234.504000]: Room viewpoint speed cap: floor_1_room_0_g3 2.250 -> 0.900 m/s (configured 0.900)
[WARN] [1788616835.587152, 241.672000]: Room viewpoint speed cap: floor_1_room_0_g4 2.250 -> 0.900 m/s (configured 0.900)
[WARN] [1788616868.215726, 262.762000]: Room viewpoint speed cap: floor_1_room_1_g3 2.250 -> 0.900 m/s (configured 0.900)
[WARN] [1788616879.659772, 270.154000]: Room viewpoint speed cap: floor_1_room_1_g4 2.250 -> 0.900 m/s (configured 0.900)
[WARN] [1788616936.083373, 306.574000]: Room viewpoint speed cap: floor_1_room_2_g3 2.250 -> 0.900 m/s (configured 0.900)
[WARN] [1788616951.363696, 316.404000]: Room viewpoint speed cap: floor_1_room_2_g4 2.250 -> 0.900 m/s (configured 0.900)
[WARN] [1788616985.629139, 338.472000]: Room viewpoint speed cap: floor_1_room_3_g3 2.250 -> 0.900 m/s (configured 0.900)
[WARN] [1788616997.075739, 345.842000]: Room viewpoint speed cap: floor_1_room_3_g4 2.250 -> 0.900 m/s (configured 0.900)
[WARN] [1788617133.938802, 434.012000]: Room viewpoint speed cap: floor_2_room_0_g3 2.250 -> 0.900 m/s (configured 0.900)
[WARN] [1788617144.987122, 441.146000]: Room viewpoint speed cap: floor_2_room_0_g4 2.250 -> 0.900 m/s (configured 0.900)
[WARN] [1788617156.931284, 448.802000]: Room viewpoint speed cap: floor_2_room_0_g3 2.250 -> 0.900 m/s (configured 0.900)
[WARN] [1788617170.477794, 457.510000]: Room viewpoint speed cap: floor_2_room_0_g4 2.250 -> 0.900 m/s (configured 0.900)
[WARN] [1788617200.056589, 476.496000]: Room viewpoint speed cap: floor_2_room_1_g3 2.250 -> 0.900 m/s (configured 0.900)
[WARN] [1788617211.507817, 483.842000]: Room viewpoint speed cap: floor_2_room_1_g4 2.250 -> 0.900 m/s (configured 0.900)
[WARN] [1788617225.066137, 492.576000]: Plane attitude guard scaling translation to 0.93 (upright_z=0.965).
[WARN] [1788617265.350885, 518.576000]: Room viewpoint speed cap: floor_2_room_2_g3 2.250 -> 0.900 m/s (configured 0.900)
[WARN] [1788617276.505106, 525.782000]: Room viewpoint speed cap: floor_2_room_2_g4 2.250 -> 0.900 m/s (configured 0.900)
[WARN] [1788617315.351508, 550.814000]: Room viewpoint speed cap: floor_2_room_3_g3 2.250 -> 0.900 m/s (configured 0.900)
[WARN] [1788617336.194436, 564.282000]: Room viewpoint speed cap: floor_2_room_3_g4 2.250 -> 0.900 m/s (configured 0.900)
[INFO] [1788617403.409527, 607.574000]: SCAN explored all three floors; stair descent owns the return.
[WARN] [1788617413.034537, 613.760000]: Descent tilt 0.481 rad: capping flight speed at 0.55 m/s.
[INFO] [1788617403.221768, 607.458000]: DSTPUB phase=STAIR_DESCENT_PRE_ALIGN world=(0.300,0.000,-0.175) body=(-0.058,-0.294,-0.175) truth_z=5.513 drop=0.000 pitch=0.0deg seg=0
[INFO] [1788617404.210919, 608.080000]: Descent policy boundary captured joint RMS 0.115.
[INFO] [1788617404.235397, 608.096000]: Descent plane gait settled; entering FixedStand before the stair-policy load.
[INFO] [1788617405.698713, 609.038000]: Descent FixedStand is ready; stair policy queued.
[INFO] [1788617405.922445, 609.184000]: Descent stair policy queued under FixedStand; requesting fresh stair-RL entry.
[INFO] [1788617407.538551, 610.222000]: Descent stair RL fresh readiness confirmed; warming up 0.8 s.
[INFO] [1788617408.582238, 610.898000]: Descent FLIGHT_B start: z=5.514 drop gate 1.05 m.
[INFO] [1788617408.617023, 610.918000]: DSTPUB phase=STAIR_DESCENT_FLIGHT_B world=(-0.109,0.539,-0.085) body=(0.550,0.000,-0.085) truth_z=5.514 drop=0.000 pitch=0.0deg seg=-1
[INFO] [1788617410.204405, 611.938000]: DSTPUB phase=STAIR_DESCENT_FLIGHT_B world=(-0.082,0.544,-0.093) body=(0.550,-0.000,-0.093) truth_z=5.512 drop=0.002 pitch=0.0deg seg=0
[INFO] [1788617411.794088, 612.962000]: DSTPUB phase=STAIR_DESCENT_FLIGHT_B world=(-0.052,0.548,-0.086) body=(0.550,-0.000,-0.086) truth_z=5.355 drop=0.159 pitch=0.0deg seg=24
[INFO] [1788617413.364201, 613.978000]: DSTPUB phase=STAIR_DESCENT_FLIGHT_B world=(0.024,0.549,-0.012) body=(0.550,0.000,-0.012) truth_z=5.120 drop=0.394 pitch=0.0deg seg=26
[INFO] [1788617414.939313, 614.998000]: DSTPUB phase=STAIR_DESCENT_FLIGHT_B world=(0.017,0.550,0.015) body=(0.550,0.000,0.015) truth_z=4.995 drop=0.519 pitch=0.0deg seg=19
[INFO] [1788617416.523217, 616.018000]: DSTPUB phase=STAIR_DESCENT_FLIGHT_B world=(-0.025,0.800,-0.010) body=(0.800,0.000,-0.010) truth_z=4.692 drop=0.821 pitch=0.0deg seg=24
[0m[INFO] [1788616453.813318250]: Livox plugin Load complete with 800 rays[0m
[0m[INFO] [1788616453.814536190]: <initialOrientationAsReference> is unset, using default value of false to comply with REP 145 (world as orientation reference)[0m
[0m[INFO] [1788616453.814550161]: <robotNamespace> set to: //[0m
[0m[INFO] [1788616453.814555430]: <topicName> set to: /livox/imu[0m
[0m[INFO] [1788616453.814559719]: <frameName> set to: livox_imu_link[0m
[0m[INFO] [1788616453.814567942]: <updateRateHZ> set to: 1000[0m
[0m[INFO] [1788616453.814575368]: <gaussianNoise> set to: 0[0m
[0m[INFO] [1788616453.814584539]: <xyzOffset> set to: 0 0 0[0m
[0m[INFO] [1788616453.814592551]: <rpyOffset> set to: 0 -0 0[0m
[0m[INFO] [1788616454.906950717]: Camera Plugin: Using the 'robotNamespace' param: '/'[0m
[0m[INFO] [1788616454.909327195]: Camera Plugin (ns = /)  <tf_prefix_>, set to ""[0m
[0m[INFO] [1788616454.915987174]: Camera Plugin: Using the 'robotNamespace' param: '/'[0m
[0m[INFO] [1788616454.917475689]: Camera Plugin (ns = /)  <tf_prefix_>, set to ""[0m
[0m[INFO] [1788616455.742221582]: Loading gazebo_ros_control plugin[0m
[0m[INFO] [1788616455.742274650]: Starting gazebo_ros_control plugin in namespace: /a1_gazebo[0m
[0m[INFO] [1788616455.742703096]: gazebo_ros_control plugin is waiting for model URDF in parameter [/robot_description] on the ROS param server.[0m
[0m[INFO] [1788616455.856907856]: Loaded gazebo_ros_control.[0m
[INFO] [1788616453.160176, 0.000000]: building_generator_classic_control ready

auto-starting new master
[1mprocess[master]: started with pid [271146][0m
[1mROS_MASTER_URI=http://localhost:11311[0m
]2;/home/quinn/0904/threefloor_stress5_repro_20260827/work/mounts/SimEnv/src/simenv_bridge/launch/scanplanner_three_floor_rl.launch http://localhost:11311
[1msetting /run_id to 45a2398e-a931-11f1-9447-05c1f50d701d[0m
[1mprocess[rosout-1]: started with pid [271156][0m
started core service [/rosout]
[1mprocess[gazebo-2]: started with pid [271164][0m
[1mprocess[urdf_spawner-3]: started with pid [271167][0m
[1mprocess[state_from_gazebo-4]: started with pid [271170][0m
[1mprocess[a1_gazebo/controller_spawner-5]: started with pid [271171][0m
[1mprocess[robot_state_publisher-6]: started with pid [271172][0m
[1mprocess[unpause_after_controllers-7]: started with pid [271177][0m
[1mprocess[building_control-8]: started with pid [271179][0m
[1mprocess[open_mapping_entrance-9]: started with pid [271180][0m
[1mprocess[junior_ctrl-10]: started with pid [271185][0m
[1mprocess[scanplanner_pointcloud_bridge-11]: started with pid [271186][0m
[1mprocess[scan_planner_node-12]: started with pid [271188][0m
[1mprocess[closed_loop_controller-13]: started with pid [271190][0m
[1mprocess[scanplanner_plane_rl_bootstrap-14]: started with pid [271191][0m
[1mprocess[rl_floor_command_mux-15]: started with pid [271192][0m
[1mprocess[stair_transition_manager-16]: started with pid [271197][0m
[1mprocess[second_to_third_floor_stair_manager-17]: started with pid [271199][0m
[1mprocess[stair_descent_manager-18]: started with pid [271201][0m
[1mprocess[scanplanner_three_floor_goal_sequencer-19]: started with pid [271202][0m
[1mprocess[scanplanner_red_ball_detector-20]: started with pid [271203][0m
[1mprocess[three_floor_rl_mission_supervisor-21]: started with pid [271205][0m
[1m[open_mapping_entrance-9] process has finished cleanly
log file: /home/quinn/.ros/log/45a2398e-a931-11f1-9447-05c1f50d701d/open_mapping_entrance-9*.log[0m
[1m[urdf_spawner-3] process has finished cleanly
log file: /home/quinn/.ros/log/45a2398e-a931-11f1-9447-05c1f50d701d/urdf_spawner-3*.log[0m
[1m[unpause_after_controllers-7] process has finished cleanly
log file: /home/quinn/.ros/log/45a2398e-a931-11f1-9447-05c1f50d701d/unpause_after_controllers-7*.log[0m
[1m[stair_transition_manager-16] process has finished cleanly
log file: /home/quinn/.ros/log/45a2398e-a931-11f1-9447-05c1f50d701d/stair_transition_manager-16*.log[0m
[1m[second_to_third_floor_stair_manager-17] process has finished cleanly
log file: /home/quinn/.ros/log/45a2398e-a931-11f1-9447-05c1f50d701d/second_to_third_floor_stair_manager-17*.log[0m
[three_floor_rl_mission_supervisor-21] killing on exit
[scanplanner_red_ball_detector-20] killing on exit
[scanplanner_three_floor_goal_sequencer-19] killing on exit
[stair_descent_manager-18] killing on exit
[rl_floor_command_mux-15] killing on exit
[scanplanner_plane_rl_bootstrap-14] killing on exit
[closed_loop_controller-13] killing on exit
[scan_planner_node-12] killing on exit
[scanplanner_pointcloud_bridge-11] killing on exit
[junior_ctrl-10] killing on exit
[building_control-8] killing on exit
[robot_state_publisher-6] killing on exit
[a1_gazebo/controller_spawner-5] killing on exit
[state_from_gazebo-4] killing on exit
[gazebo-2] killing on exit
[rosout-1] killing on exit
[master] killing on exit
shutting down processing monitor...
... shutting down processing monitor complete
[1mdone[0m
