xacro: in-order processing became default in ROS Melodic. You can drop the option.
... logging to /root/.ros/log/78416a62-a63f-11f1-9d9a-0242ac110007/roslaunch-autodl-container-0b0b4098ff-c5d5b90e-796904.log
Checking log directory for disk usage. This may take a while.
Press Ctrl-C to interrupt
]2;/root/autodl-tmp/code/restore/0803b/overall_l0829/threefloor_stress5_repro_20260827/work/mounts/SimEnv/src/simenv_bridge/launch/scanplanner_three_floor_rl.launch
[1mstarted roslaunch server http://autodl-container-0b0b4098ff-c5d5b90e:33025/[0m

SUMMARY
========

CLEAR PARAMETERS
 * /scan_planner_node/

PARAMETERS
 * /a1_gazebo/FL_calf_controller/joint: FL_calf_joint
 * /a1_gazebo/FL_calf_controller/pid/d: 8.0
 * /a1_gazebo/FL_calf_controller/pid/i: 0.0
 * /a1_gazebo/FL_calf_controller/pid/p: 300.0
 * /a1_gazebo/FL_calf_controller/type: unitree_legged_co...
 * /a1_gazebo/FL_hip_controller/joint: FL_hip_joint
 * /a1_gazebo/FL_hip_controller/pid/d: 5.0
 * /a1_gazebo/FL_hip_controller/pid/i: 0.0
 * /a1_gazebo/FL_hip_controller/pid/p: 100.0
 * /a1_gazebo/FL_hip_controller/type: unitree_legged_co...
 * /a1_gazebo/FL_thigh_controller/joint: FL_thigh_joint
 * /a1_gazebo/FL_thigh_controller/pid/d: 8.0
 * /a1_gazebo/FL_thigh_controller/pid/i: 0.0
 * /a1_gazebo/FL_thigh_controller/pid/p: 300.0
 * /a1_gazebo/FL_thigh_controller/type: unitree_legged_co...
 * /a1_gazebo/FR_calf_controller/joint: FR_calf_joint
 * /a1_gazebo/FR_calf_controller/pid/d: 8.0
 * /a1_gazebo/FR_calf_controller/pid/i: 0.0
 * /a1_gazebo/FR_calf_controller/pid/p: 300.0
 * /a1_gazebo/FR_calf_controller/type: unitree_legged_co...
 * /a1_gazebo/FR_hip_controller/joint: FR_hip_joint
 * /a1_gazebo/FR_hip_controller/pid/d: 5.0
 * /a1_gazebo/FR_hip_controller/pid/i: 0.0
 * /a1_gazebo/FR_hip_controller/pid/p: 100.0
 * /a1_gazebo/FR_hip_controller/type: unitree_legged_co...
 * /a1_gazebo/FR_thigh_controller/joint: FR_thigh_joint
 * /a1_gazebo/FR_thigh_controller/pid/d: 8.0
 * /a1_gazebo/FR_thigh_controller/pid/i: 0.0
 * /a1_gazebo/FR_thigh_controller/pid/p: 300.0
 * /a1_gazebo/FR_thigh_controller/type: unitree_legged_co...
 * /a1_gazebo/RL_calf_controller/joint: RL_calf_joint
 * /a1_gazebo/RL_calf_controller/pid/d: 8.0
 * /a1_gazebo/RL_calf_controller/pid/i: 0.0
 * /a1_gazebo/RL_calf_controller/pid/p: 300.0
 * /a1_gazebo/RL_calf_controller/type: unitree_legged_co...
 * /a1_gazebo/RL_hip_controller/joint: RL_hip_joint
 * /a1_gazebo/RL_hip_controller/pid/d: 5.0
 * /a1_gazebo/RL_hip_controller/pid/i: 0.0
 * /a1_gazebo/RL_hip_controller/pid/p: 100.0
 * /a1_gazebo/RL_hip_controller/type: unitree_legged_co...
 * /a1_gazebo/RL_thigh_controller/joint: RL_thigh_joint
 * /a1_gazebo/RL_thigh_controller/pid/d: 8.0
 * /a1_gazebo/RL_thigh_controller/pid/i: 0.0
 * /a1_gazebo/RL_thigh_controller/pid/p: 300.0
 * /a1_gazebo/RL_thigh_controller/type: unitree_legged_co...
 * /a1_gazebo/RR_calf_controller/joint: RR_calf_joint
 * /a1_gazebo/RR_calf_controller/pid/d: 8.0
 * /a1_gazebo/RR_calf_controller/pid/i: 0.0
 * /a1_gazebo/RR_calf_controller/pid/p: 300.0
 * /a1_gazebo/RR_calf_controller/type: unitree_legged_co...
 * /a1_gazebo/RR_hip_controller/joint: RR_hip_joint
 * /a1_gazebo/RR_hip_controller/pid/d: 5.0
 * /a1_gazebo/RR_hip_controller/pid/i: 0.0
 * /a1_gazebo/RR_hip_controller/pid/p: 100.0
 * /a1_gazebo/RR_hip_controller/type: unitree_legged_co...
 * /a1_gazebo/RR_thigh_controller/joint: RR_thigh_joint
 * /a1_gazebo/RR_thigh_controller/pid/d: 8.0
 * /a1_gazebo/RR_thigh_controller/pid/i: 0.0
 * /a1_gazebo/RR_thigh_controller/pid/p: 300.0
 * /a1_gazebo/RR_thigh_controller/type: unitree_legged_co...
 * /a1_gazebo/joint_state_controller/publish_rate: 1000
 * /a1_gazebo/joint_state_controller/type: joint_state_contr...
 * /body_pose_topic: /Odometry_gazebo
 * /closed_loop_controller/finish_dist: 0.15
 * /closed_loop_controller/heading_error_threshold: 0.8
 * /closed_loop_controller/kp_pos: 0.8
 * /closed_loop_controller/kp_yaw: 1.5
 * /closed_loop_controller/max_vx: 2.05
 * /closed_loop_controller/max_vy: 0.35
 * /closed_loop_controller/max_vyaw: 1.0
 * /closed_loop_controller/time_forward: 0.8
 * /gazebo/enable_ros_network: True
 * /rl_floor_command_mux/command_timeout_sec: 0.4
 * /rl_floor_command_mux/linear_acceleration: 2.2
 * /rl_floor_command_mux/linear_deceleration: 2.0
 * /rl_floor_command_mux/max_forward: 2.25
 * /rl_floor_command_mux/max_lateral: 0.75
 * /rl_floor_command_mux/max_reverse: 0.2
 * /rl_floor_command_mux/max_yaw: 2.8
 * /rl_floor_command_mux/output_topic: /cmd_vel
 * /rl_floor_command_mux/planner_topic: /scanplanner/plan...
 * /rl_floor_command_mux/rate: 30.0
 * /rl_floor_command_mux/yaw_acceleration: 2.4
 * /rl_floor_command_mux/yaw_slowdown: 1.05
 * /rl_floor_command_mux/yaw_translation_stop: 1.3
 * /robot_description: <?xml version="1....
 * /robot_name: a1
 * /rosdistro: noetic
 * /rosversion: 1.17.4
 * /scan_planner_node/fsm/emergency_time_: 1.0
 * /scan_planner_node/fsm/fail_safe: True
 * /scan_planner_node/fsm/is_real_world: True
 * /scan_planner_node/fsm/manual_goal_use_current_height: True
 * /scan_planner_node/fsm/max_replan_fail_count: 1000
 * /scan_planner_node/fsm/navi_mode: 1
 * /scan_planner_node/fsm/planning_horizon: 7.5
 * /scan_planner_node/fsm/thresh_no_replan: 0.1
 * /scan_planner_node/fsm/thresh_replan: 1.0
 * /scan_planner_node/grid_map/cloud_is_world: True
 * /scan_planner_node/grid_map/cx: 317.19
 * /scan_planner_node/grid_map/cy: 256.48
 * /scan_planner_node/grid_map/depth_filter_margin: 1
 * /scan_planner_node/grid_map/depth_filter_maxdist: 3.0
 * /scan_planner_node/grid_map/depth_filter_mindist: 0.3
 * /scan_planner_node/grid_map/double_cylinder_offset: 0.18
 * /scan_planner_node/grid_map/double_cylinder_radius: 0.25
 * /scan_planner_node/grid_map/fx: 609.59
 * /scan_planner_node/grid_map/fy: 609.22
 * /scan_planner_node/grid_map/k_depth_scaling_factor: 1000.0
 * /scan_planner_node/grid_map/map_sliding_thresh: 0.2
 * /scan_planner_node/grid_map/max_ray_length: 5.0
 * /scan_planner_node/grid_map/need_extrinsic: True
 * /scan_planner_node/grid_map/obstacles_inflation_z_down: 0.4
 * /scan_planner_node/grid_map/obstacles_inflation_z_up: 0.1
 * /scan_planner_node/grid_map/p_hit: 0.85
 * /scan_planner_node/grid_map/p_max: 0.98
 * /scan_planner_node/grid_map/p_min: 0.12
 * /scan_planner_node/grid_map/p_miss: 0.3
 * /scan_planner_node/grid_map/p_occ: 0.8
 * /scan_planner_node/grid_map/resolution: 0.05
 * /scan_planner_node/grid_map/sensor_type: lidar
 * /scan_planner_node/grid_map/skip_pixel: 2
 * /scan_planner_node/grid_map/sliding_map_size_x: 10.0
 * /scan_planner_node/grid_map/sliding_map_size_y: 10.0
 * /scan_planner_node/grid_map/sliding_map_size_z: 5.0
 * /scan_planner_node/grid_map/vis_height: 0.3
 * /scan_planner_node/manager/control_points_distance: 0.2
 * /scan_planner_node/manager/feasibility_tolerance: 0.5
 * /scan_planner_node/manager/max_acc: 1.1
 * /scan_planner_node/manager/max_jerk: 4.0
 * /scan_planner_node/manager/max_vel: 2.05
 * /scan_planner_node/manager/planning_horizon: 7.5
 * /scan_planner_node/optimization/acc_tolerance: 1.0
 * /scan_planner_node/optimization/dist0: 0.2
 * /scan_planner_node/optimization/lambda_collision: 1.0
 * /scan_planner_node/optimization/lambda_feasibility: 0.1
 * /scan_planner_node/optimization/lambda_fitness: 1.0
 * /scan_planner_node/optimization/lambda_smooth: 1.0
 * /scan_planner_node/optimization/max_acc: 1.1
 * /scan_planner_node/optimization/max_vel: 2.05
 * /scan_planner_node/optimization/vel_tolerance: 1.0
 * /scanplanner_plane_rl_bootstrap/fixed_stand_max_duration_sec: 25.0
 * /scanplanner_plane_rl_bootstrap/release_after_rl_request: True
 * /scanplanner_plane_rl_bootstrap/rl_repeat_seconds: 120.0
 * /scanplanner_plane_rl_bootstrap/stand_after_seconds: 1.0
 * /scanplanner_pointcloud_bridge/input: /scan
 * /scanplanner_pointcloud_bridge/laser_blind: 0.5
 * /scanplanner_pointcloud_bridge/maximum_rate_hz: 5.0
 * /scanplanner_pointcloud_bridge/maximum_vertical_angle_deg: 55
 * /scanplanner_pointcloud_bridge/minimum_vertical_angle_deg: -7
 * /scanplanner_pointcloud_bridge/odom_topic: /Odometry_gazebo
 * /scanplanner_pointcloud_bridge/output: /registered_scan
 * /scanplanner_pointcloud_bridge/world_frame: map
 * /scanplanner_red_ball_detector/camera_info_topic: /recording_camera...
 * /scanplanner_red_ball_detector/camera_ready_topic: /simenv/recording...
 * /scanplanner_red_ball_detector/confirm_count: 3
 * /scanplanner_red_ball_detector/depth_topic: /real_sense/depth...
 * /scanplanner_red_ball_detector/floor_height_m: 2.6
 * /scanplanner_red_ball_detector/ground_range_scale: 0.95
 * /scanplanner_red_ball_detector/image_topic: /recording_camera...
 * /scanplanner_red_ball_detector/maximum_processing_rate_hz: 0.0
 * /scanplanner_red_ball_detector/merge_radius: 1.1
 * /scanplanner_red_ball_detector/out_json: /root/autodl-tmp/...
 * /scanplanner_red_ball_detector/scan_active_topic: /scanplanner/room...
 * /scanplanner_red_ball_detector/use_depth: True
 * /scanplanner_three_floor_goal_sequencer/direct_plane_distance_gain: 1.1
 * /scanplanner_three_floor_goal_sequencer/direct_plane_max_lateral_speed_mps: 0.75
 * /scanplanner_three_floor_goal_sequencer/direct_plane_min_forward_speed: 0.3
 * /scanplanner_three_floor_goal_sequencer/direct_plane_translation_heading_limit_rad: 1.45
 * /scanplanner_three_floor_goal_sequencer/direct_plane_yaw_rate: 1.15
 * /scanplanner_three_floor_goal_sequencer/direct_stair_yaw_rate: 0.35
 * /scanplanner_three_floor_goal_sequencer/entrance_fixed_heading_release_rad: 0.2
 * /scanplanner_three_floor_goal_sequencer/entrance_lateral_gain: 0.6
 * /scanplanner_three_floor_goal_sequencer/entrance_max_lateral_speed_mps: 0.12
 * /scanplanner_three_floor_goal_sequencer/entrance_progress_timeout_sec: 5.0
 * /scanplanner_three_floor_goal_sequencer/entrance_recovery_hold_sec: 1.0
 * /scanplanner_three_floor_goal_sequencer/entrance_recovery_max_attempts: 2
 * /scanplanner_three_floor_goal_sequencer/entrance_speed_scale: 1.45
 * /scanplanner_three_floor_goal_sequencer/floor_control_settle_sec: 0.15
 * /scanplanner_three_floor_goal_sequencer/handoff_timeout_sec: 300.0
 * /scanplanner_three_floor_goal_sequencer/manager_release_settle_sec: 0.1
 * /scanplanner_three_floor_goal_sequencer/maximum_floor_speed: 2.25
 * /scanplanner_three_floor_goal_sequencer/maximum_replans: 2
 * /scanplanner_three_floor_goal_sequencer/minimum_upright_duration_sec: 0.6
 * /scanplanner_three_floor_goal_sequencer/minimum_upright_z: 0.55
 * /scanplanner_three_floor_goal_sequencer/mission_config: /tmp/simenv_bridg...
 * /scanplanner_three_floor_goal_sequencer/output_dir: /root/autodl-tmp/...
 * /scanplanner_three_floor_goal_sequencer/plane_fast_takeover: True
 * /scanplanner_three_floor_goal_sequencer/plane_fast_takeover_blend_seconds: 0.5
 * /scanplanner_three_floor_goal_sequencer/plane_fast_takeover_zero_hold_seconds: 0.15
 * /scanplanner_three_floor_goal_sequencer/plane_motion_start_ramp_initial_speed_mps: 0.3
 * /scanplanner_three_floor_goal_sequencer/plane_motion_start_ramp_minimum_upright_z: 0.985
 * /scanplanner_three_floor_goal_sequencer/plane_motion_start_ramp_seconds: 3.0
 * /scanplanner_three_floor_goal_sequencer/policy_timeout_sec: 35.0
 * /scanplanner_three_floor_goal_sequencer/progress_timeout_sec: 45.0
 * /scanplanner_three_floor_goal_sequencer/room_scan_settle_sec: 0.1
 * /scanplanner_three_floor_goal_sequencer/room_scan_timeout_sec: 30.0
 * /scanplanner_three_floor_goal_sequencer/room_scan_turn_rad: 1.9
 * /scanplanner_three_floor_goal_sequencer/room_scan_yaw_rate: 2.8
 * /scanplanner_three_floor_goal_sequencer/room_tolerance: 0.4
 * /scanplanner_three_floor_goal_sequencer/speed_scale: 2.6
 * /scanplanner_three_floor_goal_sequencer/stage_announcement_hold_sec: 0.15
 * /scanplanner_three_floor_goal_sequencer/startup_timeout_sec: 240.0
 * /scanplanner_three_floor_goal_sequencer/waypoint_timeout_sec: 150.0
 * /second_to_third_floor_stair_manager/ascent_maximum_speed_mps: 0.8
 * /second_to_third_floor_stair_manager/ascent_speed_mps: 0.8
 * /second_to_third_floor_stair_manager/ascent_timeout_sec: 45.0
 * /second_to_third_floor_stair_manager/auto_start: False
 * /second_to_third_floor_stair_manager/command_topic: /cmd_vel
 * /second_to_third_floor_stair_manager/enable_truth_return_gate: False
 * /second_to_third_floor_stair_manager/enable_visual_stair_alignment: False
 * /second_to_third_floor_stair_manager/entry_alignment_yaw_rate_rps: 0.4
 * /second_to_third_floor_stair_manager/flight_a_height_gain_m: 1.05
 * /second_to_third_floor_stair_manager/flight_b_timeout_sec: 22.0
 * /second_to_third_floor_stair_manager/height_plot_basename: 21_truth_stair_he...
 * /second_to_third_floor_stair_manager/hold_rl_during_ascent: True
 * /second_to_third_floor_stair_manager/landing_cross_distance_m: 0.95
 * /second_to_third_floor_stair_manager/landing_cross_speed_mps: 0.75
 * /second_to_third_floor_stair_manager/landing_heading_tolerance_rad: 0.15
 * /second_to_third_floor_stair_manager/landing_timeout_sec: 30.0
 * /second_to_third_floor_stair_manager/landing_turn_angle_rad: -2.4
 * /second_to_third_floor_stair_manager/landing_turn_speed_rps: 1.2
 * /second_to_third_floor_stair_manager/mission_failure_token: SECOND_FLOOR_EXPL...
 * /second_to_third_floor_stair_manager/mission_trigger_token: SECOND_FLOOR_EXPL...
 * /second_to_third_floor_stair_manager/mission_trigger_topic: /simenv/second_fl...
 * /second_to_third_floor_stair_manager/odom_topic: /Odometry_gazebo
 * /second_to_third_floor_stair_manager/offline_stair_model_sdf: /tmp/simenv_bridg...
 * /second_to_third_floor_stair_manager/offline_truth_layout_metadata: /tmp/simenv_bridg...
 * /second_to_third_floor_stair_manager/output_dir: /root/autodl-tmp/...
 * /second_to_third_floor_stair_manager/plane_policy: /workspace/SimEnv...
 * /second_to_third_floor_stair_manager/policy_warmup_seconds: 0.2
 * /second_to_third_floor_stair_manager/pre_ascent_rl_fast_blend_seconds: 0.5
 * /second_to_third_floor_stair_manager/pre_ascent_rl_fast_takeover: True
 * /second_to_third_floor_stair_manager/pre_ascent_rl_fast_zero_hold_seconds: 0.15
 * /second_to_third_floor_stair_manager/pre_ascent_rl_settle_seconds: 0.6
 * /second_to_third_floor_stair_manager/pre_ascent_stand_seconds: 0.0
 * /second_to_third_floor_stair_manager/second_floor_handoff_timeout_sec: 90.0
 * /second_to_third_floor_stair_manager/second_floor_stable_seconds: 0.5
 * /second_to_third_floor_stair_manager/source_floor_index: 1
 * /second_to_third_floor_stair_manager/stair_policy: /workspace/SimEnv...
 * /second_to_third_floor_stair_manager/state_topic: /simenv/second_to...
 * /second_to_third_floor_stair_manager/target_floor_number: 3
 * /second_to_third_floor_stair_manager/total_height_gain_m: 2.2
 * /second_to_third_floor_stair_manager/trajectory_plot_basename: 21_f2_to_third_fl...
 * /second_to_third_floor_stair_manager/transition_log_basename: second_to_third_f...
 * /second_to_third_floor_stair_manager/transition_plot_basename: 21_second_to_thir...
 * /second_to_third_floor_stair_manager/truth_entry_final_speed_mps: 0.55
 * /second_to_third_floor_stair_manager/truth_entry_guide: True
 * /second_to_third_floor_stair_manager/truth_entry_guide_min_speed_mps: 0.25
 * /second_to_third_floor_stair_manager/truth_entry_guide_speed_mps: 0.45
 * /second_to_third_floor_stair_manager/truth_entry_timeout_sec: 120.0
 * /second_to_third_floor_stair_manager/truth_fixed_two_flight_profile: True
 * /second_to_third_floor_stair_manager/truth_flight_a_backslide_recovery_hold_seconds: 1.5
 * /second_to_third_floor_stair_manager/truth_flight_a_backslide_recovery_max_attempts: 2
 * /second_to_third_floor_stair_manager/truth_flight_a_backslide_recovery_ramp_seconds: 1.0
 * /second_to_third_floor_stair_manager/truth_flight_a_backslide_recovery_ramp_speed_mps: 0.4
 * /second_to_third_floor_stair_manager/truth_flight_a_climb_ramp_seconds: 1.2
 * /second_to_third_floor_stair_manager/truth_flight_a_near_edge_strong_center_error_m: 0.24
 * /second_to_third_floor_stair_manager/truth_flight_a_policy_capture_max_joint_velocity_rms: 0.18
 * /second_to_third_floor_stair_manager/truth_flight_a_policy_fast_fixed_stand: True
 * /second_to_third_floor_stair_manager/truth_flight_a_policy_fast_fixed_stand_duration_seconds: 0.5
 * /second_to_third_floor_stair_manager/truth_flight_a_policy_fast_fixed_stand_minimum_elapsed_seconds: 0.5
 * /second_to_third_floor_stair_manager/truth_flight_a_policy_fast_fixed_stand_minimum_gain_ratio: 0.75
 * /second_to_third_floor_stair_manager/truth_flight_a_policy_fast_fixed_stand_settle_seconds: 0.0
 * /second_to_third_floor_stair_manager/truth_flight_a_policy_fast_fixed_stand_stable_seconds: 0.5
 * /second_to_third_floor_stair_manager/truth_flight_a_policy_fixed_stand_ready_timeout_sec: 12.0
 * /second_to_third_floor_stair_manager/truth_flight_a_policy_require_fixed_stand_ready: True
 * /second_to_third_floor_stair_manager/truth_flight_a_policy_settle_seconds: 0.35
 * /second_to_third_floor_stair_manager/truth_flight_a_policy_settle_timeout_sec: 8.0
 * /second_to_third_floor_stair_manager/truth_flight_a_policy_stand_seconds: 0.1
 * /second_to_third_floor_stair_manager/truth_flight_a_policy_use_default_stand_target: False
 * /second_to_third_floor_stair_manager/truth_flight_a_rearward_slip_max_climb_speed_mps: 0.12
 * /second_to_third_floor_stair_manager/truth_flight_a_rearward_slip_speed_mps: 0.3
 * /second_to_third_floor_stair_manager/truth_flight_a_recovery_center_speed_mps: 0.22
 * /second_to_third_floor_stair_manager/truth_flight_a_recovery_forward_speed_mps: 0.6
 * /second_to_third_floor_stair_manager/truth_flight_a_require_fresh_ready: True
 * /second_to_third_floor_stair_manager/truth_flight_a_stall_release_seconds: 1.5
 * /second_to_third_floor_stair_manager/truth_flight_a_strong_recovery_forward_speed_mps: 0.4
 * /second_to_third_floor_stair_manager/truth_flight_b_max_yaw_rate_rps: 0.1
 * /second_to_third_floor_stair_manager/truth_flight_b_pitch_min_height_gain_m: 0.08
 * /second_to_third_floor_stair_manager/truth_flight_b_pitch_rate_min_abs_rad: 0.6
 * /second_to_third_floor_stair_manager/truth_flight_b_pitch_rate_trigger_rps: 1.6
 * /second_to_third_floor_stair_manager/truth_flight_b_pitch_rate_window_sec: 0.18
 * /second_to_third_floor_stair_manager/truth_flight_b_pitch_recovery_max_attempts: 2
 * /second_to_third_floor_stair_manager/truth_flight_b_rearward_slip_speed_mps: 0.3
 * /second_to_third_floor_stair_manager/truth_flight_b_recovery_forward_speed_mps: 0.6
 * /second_to_third_floor_stair_manager/truth_flight_b_recovery_hold_seconds: 4.0
 * /second_to_third_floor_stair_manager/truth_flight_b_severe_pitch_detect_seconds: 0.1
 * /second_to_third_floor_stair_manager/truth_flight_b_severe_pitch_rad: 0.8
 * /second_to_third_floor_stair_manager/truth_flight_b_strong_recovery_forward_speed_mps: 0.4
 * /second_to_third_floor_stair_manager/truth_landing_recenter_speed_mps: 0.75
 * /second_to_third_floor_stair_manager/truth_two_stage_guide: True
 * /second_to_third_floor_stair_manager/truth_upper_floor_exit_clearance_m: 0.8
 * /second_to_third_floor_stair_manager/two_flight_stair: True
 * /second_to_third_floor_stair_manager/upper_floor_handoff_complete_phase: THIRD_FLOOR_HANDO...
 * /second_to_third_floor_stair_manager/upper_floor_handoff_timeout_phase: THIRD_FLOOR_HANDO...
 * /second_to_third_floor_stair_manager/upper_floor_reached_phase: THIRD_FLOOR_REACHED
 * /second_to_third_floor_stair_manager/upper_floor_ready_token: THIRD_FLOOR_EXPLO...
 * /second_to_third_floor_stair_manager/upper_floor_settle_phase: THIRD_FLOOR_SETTLE
 * /second_to_third_floor_stair_manager/upper_floor_state_topic: /simenv/third_flo...
 * /second_to_third_floor_stair_manager/upper_landing_clearance_grace_sec: 15.0
 * /second_to_third_floor_stair_manager/wait_for_second_floor_handoff: True
 * /second_to_third_floor_stair_manager/world_frame_ascent: True
 * /stair_descent_manager/command_topic: /cmd_vel
 * /stair_descent_manager/descent_maximum_speed_mps: 0.8
 * /stair_descent_manager/descent_segment_timeout_sec: 600.0
 * /stair_descent_manager/descent_speed_mps: 0.8
 * /stair_descent_manager/end_floor_number: 1
 * /stair_descent_manager/mission_trigger_token: THIRD_FLOOR_EXPLO...
 * /stair_descent_manager/mission_trigger_topic: /simenv/third_flo...
 * /stair_descent_manager/odom_topic: /Odometry_gazebo
 * /stair_descent_manager/offline_stair_model_sdf: /tmp/simenv_bridg...
 * /stair_descent_manager/offline_truth_layout_metadata: /tmp/simenv_bridg...
 * /stair_descent_manager/output_dir: /root/autodl-tmp/...
 * /stair_descent_manager/policy_switch_fast_fixed_stand: True
 * /stair_descent_manager/policy_switch_fast_fixed_stand_duration_seconds: 0.5
 * /stair_descent_manager/policy_switch_fast_fixed_stand_minimum_elapsed_seconds: 0.5
 * /stair_descent_manager/policy_switch_fast_fixed_stand_minimum_gain_ratio: 0.75
 * /stair_descent_manager/policy_switch_fast_fixed_stand_settle_seconds: 0.0
 * /stair_descent_manager/policy_switch_fast_fixed_stand_stable_seconds: 0.5
 * /stair_descent_manager/policy_switch_fixed_stand_timeout_sec: 12.0
 * /stair_descent_manager/policy_switch_max_joint_velocity_rms: 0.35
 * /stair_descent_manager/policy_switch_queue_hold_seconds: 0.25
 * /stair_descent_manager/policy_switch_reentry_timeout_sec: 20.0
 * /stair_descent_manager/policy_switch_settle_seconds: 0.45
 * /stair_descent_manager/policy_switch_settle_timeout_sec: 6.0
 * /stair_descent_manager/policy_warmup_seconds: 0.75
 * /stair_descent_manager/pre_descent_stand_seconds: 0.25
 * /stair_descent_manager/segment_one_log_basename: third_to_second_f...
 * /stair_descent_manager/segment_two_log_basename: second_to_first_f...
 * /stair_descent_manager/skip_entry_guide: True
 * /stair_descent_manager/stair_policy: /workspace/SimEnv...
 * /stair_descent_manager/start_floor_number: 3
 * /stair_descent_manager/state_topic: /simenv/third_to_...
 * /stair_descent_manager/transition_log_basename: stair_descent.json
 * /stair_descent_manager/truth_descent_backoff_escalation_m: 0.15
 * /stair_descent_manager/truth_descent_east_align_minimum_x_speed_mps: 0.3
 * /stair_descent_manager/truth_descent_east_align_tread_drop_m: 0.05
 * /stair_descent_manager/truth_descent_entry_guide_speed_mps: 1.15
 * /stair_descent_manager/truth_descent_final_landing_max_body_height_m: 1.0
 * /stair_descent_manager/truth_descent_final_landing_max_tilt_rad: 0.45
 * /stair_descent_manager/truth_descent_final_landing_min_body_height_m: 0.2
 * /stair_descent_manager/truth_descent_final_landing_minimum_upright_z: 0.75
 * /stair_descent_manager/truth_descent_final_landing_settle_seconds: 1.0
 * /stair_descent_manager/truth_descent_final_landing_timeout_sec: 20.0
 * /stair_descent_manager/truth_descent_flight_a_end_y: 1.75
 * /stair_descent_manager/truth_descent_flight_center_correction_error_m: 0.22
 * /stair_descent_manager/truth_descent_flight_center_correction_speed_mps: 0.5
 * /stair_descent_manager/truth_descent_flight_center_correction_yaw_rate_rps: 0.2
 * /stair_descent_manager/truth_descent_flight_center_steer_gain: 1.0
 * /stair_descent_manager/truth_descent_flight_center_steer_max_rad: 0.24
 * /stair_descent_manager/truth_descent_flight_end_slowdown_drop_m: 0.95
 * /stair_descent_manager/truth_descent_flight_end_speed_mps: 0.6
 * /stair_descent_manager/truth_descent_flight_heading_correction_error_rad: 0.22
 * /stair_descent_manager/truth_descent_flight_heading_correction_speed_mps: 0.4
 * /stair_descent_manager/truth_descent_flight_heading_correction_yaw_rate_rps: 0.3
 * /stair_descent_manager/truth_descent_flight_heading_gain: 0.55
 * /stair_descent_manager/truth_descent_flight_initial_hold_drop_m: 0.18
 * /stair_descent_manager/truth_descent_flight_initial_ramp_end_drop_m: 0.45
 * /stair_descent_manager/truth_descent_flight_initial_speed_mps: 0.55
 * /stair_descent_manager/truth_descent_flight_max_yaw_rate_rps: 0.14
 * /stair_descent_manager/truth_descent_flight_severe_tilt_hold_sec: 0.8
 * /stair_descent_manager/truth_descent_flight_severe_tilt_rad: 0.6
 * /stair_descent_manager/truth_descent_flight_severe_tilt_speed_mps: 0.3
 * /stair_descent_manager/truth_descent_flight_tilt_hold_sec: 0.6
 * /stair_descent_manager/truth_descent_flight_tilt_slowdown_rad: 0.48
 * /stair_descent_manager/truth_descent_flight_tilt_speed_mps: 0.55
 * /stair_descent_manager/truth_descent_gain_up_drop_m: 0.35
 * /stair_descent_manager/truth_descent_landing_heading_tolerance_rad: 0.18
 * /stair_descent_manager/truth_descent_landing_minimum_x_speed_mps: 0.3
 * /stair_descent_manager/truth_descent_landing_minimum_yaw_rate_rps: 0.34
 * /stair_descent_manager/truth_descent_landing_position_tolerance_m: 0.12
 * /stair_descent_manager/truth_descent_landing_recenter_speed_mps: 0.4
 * /stair_descent_manager/truth_descent_landing_settle_seconds: 1.5
 * /stair_descent_manager/truth_descent_landing_slip_max_attempts: 4
 * /stair_descent_manager/truth_descent_landing_turn_speed_rps: 1.2
 * /stair_descent_manager/truth_descent_max_center_error_m: 0.4
 * /stair_descent_manager/truth_descent_minimum_upright_z: 0.55
 * /stair_descent_manager/truth_descent_segment_turn_alignment_minimum_speed_mps: 0.3
 * /stair_descent_manager/truth_descent_segment_turn_alignment_progress_min_m: 0.025
 * /stair_descent_manager/truth_descent_segment_turn_alignment_progress_timeout_sec: 3.0
 * /stair_descent_manager/truth_descent_segment_turn_drift_limit_m: 0.4
 * /stair_descent_manager/truth_descent_segment_turn_lateral_speed_mps: 0.4
 * /stair_descent_manager/truth_descent_segment_turn_position_tolerance_m: 0.16
 * /stair_descent_manager/truth_descent_segment_turn_progress_min_improvement_rad: 0.11
 * /stair_descent_manager/truth_descent_segment_turn_progress_timeout_sec: 2.8
 * /stair_descent_manager/truth_descent_segment_turn_side_speed_mps: 0.4
 * /stair_descent_manager/truth_descent_segment_turn_x_safe_tolerance_m: 0.25
 * /stair_descent_manager/truth_descent_segment_turn_y_safe_high_m: 1.95
 * /stair_descent_manager/truth_descent_segment_turn_yaw_rate_rps: 1.0
 * /stair_descent_manager/truth_descent_side_slip_pause_sec: 0.5
 * /stair_descent_manager/truth_descent_stall_seconds: 3.0
 * /stair_descent_manager/truth_descent_step_pause_interval_m: 0.18
 * /stair_descent_manager/truth_descent_step_pause_seconds: 0.0
 * /stair_descent_manager/truth_descent_trigger_timeout_sec: 2400.0
 * /stair_descent_manager/truth_descent_turn_forward_speed_mps: 0.08
 * /stair_descent_manager/truth_descent_turn_forward_y_limit_m: 4.82
 * /stair_descent_manager/truth_descent_turn_start_y: 5.05
 * /stair_descent_manager/truth_entry_guide: True
 * /stair_descent_manager/truth_two_stage_guide: True
 * /stair_transition_manager/ascent_maximum_speed_mps: 0.8
 * /stair_transition_manager/ascent_speed_mps: 0.8
 * /stair_transition_manager/ascent_timeout_sec: 70.0
 * /stair_transition_manager/auto_start: False
 * /stair_transition_manager/command_topic: /cmd_vel
 * /stair_transition_manager/enable_truth_return_gate: False
 * /stair_transition_manager/enable_visual_stair_alignment: False
 * /stair_transition_manager/entry_alignment_yaw_rate_rps: 0.4
 * /stair_transition_manager/flight_a_height_gain_m: 1.05
 * /stair_transition_manager/flight_b_timeout_sec: 70.0
 * /stair_transition_manager/hold_rl_during_ascent: True
 * /stair_transition_manager/landing_cross_distance_m: 0.95
 * /stair_transition_manager/landing_cross_speed_mps: 0.75
 * /stair_transition_manager/landing_heading_tolerance_rad: 0.15
 * /stair_transition_manager/landing_timeout_sec: 30.0
 * /stair_transition_manager/landing_turn_angle_rad: -2.4
 * /stair_transition_manager/landing_turn_speed_rps: 1.2
 * /stair_transition_manager/odom_topic: /Odometry_gazebo
 * /stair_transition_manager/offline_stair_model_sdf: /tmp/simenv_bridg...
 * /stair_transition_manager/offline_truth_layout_metadata: /tmp/simenv_bridg...
 * /stair_transition_manager/output_dir: /root/autodl-tmp/...
 * /stair_transition_manager/plane_policy: /workspace/SimEnv...
 * /stair_transition_manager/policy_warmup_seconds: 0.2
 * /stair_transition_manager/pre_ascent_rl_fast_blend_seconds: 0.5
 * /stair_transition_manager/pre_ascent_rl_fast_takeover: True
 * /stair_transition_manager/pre_ascent_rl_fast_zero_hold_seconds: 0.15
 * /stair_transition_manager/pre_ascent_rl_settle_seconds: 0.6
 * /stair_transition_manager/pre_ascent_stand_seconds: 0.0
 * /stair_transition_manager/second_floor_handoff_timeout_sec: 90.0
 * /stair_transition_manager/second_floor_stable_seconds: 0.5
 * /stair_transition_manager/stair_policy: /workspace/SimEnv...
 * /stair_transition_manager/total_height_gain_m: 2.2
 * /stair_transition_manager/truth_entry_final_speed_mps: 0.55
 * /stair_transition_manager/truth_entry_guide: True
 * /stair_transition_manager/truth_entry_guide_min_speed_mps: 0.25
 * /stair_transition_manager/truth_entry_guide_speed_mps: 0.45
 * /stair_transition_manager/truth_entry_timeout_sec: 120.0
 * /stair_transition_manager/truth_fixed_two_flight_profile: True
 * /stair_transition_manager/truth_flight_a_backslide_recovery_hold_seconds: 1.5
 * /stair_transition_manager/truth_flight_a_backslide_recovery_max_attempts: 2
 * /stair_transition_manager/truth_flight_a_backslide_recovery_ramp_seconds: 1.0
 * /stair_transition_manager/truth_flight_a_backslide_recovery_ramp_speed_mps: 0.4
 * /stair_transition_manager/truth_flight_a_climb_ramp_seconds: 1.2
 * /stair_transition_manager/truth_flight_a_near_edge_strong_center_error_m: 0.24
 * /stair_transition_manager/truth_flight_a_policy_capture_max_joint_velocity_rms: 0.18
 * /stair_transition_manager/truth_flight_a_policy_fast_fixed_stand: True
 * /stair_transition_manager/truth_flight_a_policy_fast_fixed_stand_duration_seconds: 0.5
 * /stair_transition_manager/truth_flight_a_policy_fast_fixed_stand_minimum_elapsed_seconds: 0.5
 * /stair_transition_manager/truth_flight_a_policy_fast_fixed_stand_minimum_gain_ratio: 0.75
 * /stair_transition_manager/truth_flight_a_policy_fast_fixed_stand_settle_seconds: 0.0
 * /stair_transition_manager/truth_flight_a_policy_fast_fixed_stand_stable_seconds: 0.5
 * /stair_transition_manager/truth_flight_a_policy_fixed_stand_ready_timeout_sec: 12.0
 * /stair_transition_manager/truth_flight_a_policy_require_fixed_stand_ready: True
 * /stair_transition_manager/truth_flight_a_policy_settle_seconds: 0.35
 * /stair_transition_manager/truth_flight_a_policy_settle_timeout_sec: 8.0
 * /stair_transition_manager/truth_flight_a_policy_stand_seconds: 0.1
 * /stair_transition_manager/truth_flight_a_policy_use_default_stand_target: False
 * /stair_transition_manager/truth_flight_a_prediction_horizon_sec: 1.1
 * /stair_transition_manager/truth_flight_a_rearward_slip_max_climb_speed_mps: 0.12
 * /stair_transition_manager/truth_flight_a_rearward_slip_speed_mps: 0.3
 * /stair_transition_manager/truth_flight_a_recovery_center_speed_mps: 0.22
 * /stair_transition_manager/truth_flight_a_recovery_forward_speed_mps: 0.6
 * /stair_transition_manager/truth_flight_a_require_fresh_ready: True
 * /stair_transition_manager/truth_flight_a_stall_release_seconds: 1.5
 * /stair_transition_manager/truth_flight_a_strong_recovery_forward_speed_mps: 0.4
 * /stair_transition_manager/truth_flight_b_max_yaw_rate_rps: 0.1
 * /stair_transition_manager/truth_flight_b_near_edge_strong_center_error_m: 0.24
 * /stair_transition_manager/truth_flight_b_pitch_min_height_gain_m: 0.08
 * /stair_transition_manager/truth_flight_b_pitch_rate_min_abs_rad: 0.6
 * /stair_transition_manager/truth_flight_b_pitch_rate_trigger_rps: 1.6
 * /stair_transition_manager/truth_flight_b_pitch_rate_window_sec: 0.18
 * /stair_transition_manager/truth_flight_b_pitch_recovery_max_attempts: 2
 * /stair_transition_manager/truth_flight_b_rearward_slip_speed_mps: 0.3
 * /stair_transition_manager/truth_flight_b_recovery_forward_speed_mps: 0.6
 * /stair_transition_manager/truth_flight_b_recovery_hold_seconds: 4.0
 * /stair_transition_manager/truth_flight_b_severe_pitch_detect_seconds: 0.1
 * /stair_transition_manager/truth_flight_b_severe_pitch_rad: 0.8
 * /stair_transition_manager/truth_flight_b_strong_recovery_forward_speed_mps: 0.4
 * /stair_transition_manager/truth_landing_recenter_speed_mps: 0.75
 * /stair_transition_manager/truth_two_stage_guide: True
 * /stair_transition_manager/two_flight_stair: True
 * /stair_transition_manager/upper_landing_clearance_grace_sec: 15.0
 * /stair_transition_manager/wait_for_second_floor_handoff: True
 * /stair_transition_manager/world_frame_ascent: True
 * /state_from_gazebo/robot_name: a1
 * /three_floor_rl_mission_supervisor/lobby_heading_stable_sec: 0.3
 * /three_floor_rl_mission_supervisor/lobby_initial_forward_speed_mps: 0.18
 * /three_floor_rl_mission_supervisor/lobby_linear_acceleration_mps2: 0.55
 * /three_floor_rl_mission_supervisor/minimum_upright_duration_sec: 0.6
 * /three_floor_rl_mission_supervisor/minimum_upright_z: 0.55
 * /three_floor_rl_mission_supervisor/mission_config: /tmp/simenv_bridg...
 * /three_floor_rl_mission_supervisor/mission_timeout_sec: 1800.0
 * /three_floor_rl_mission_supervisor/output_dir: /root/autodl-tmp/...
 * /three_floor_rl_mission_supervisor/plane_fast_takeover: True
 * /three_floor_rl_mission_supervisor/plane_fast_takeover_blend_seconds: 0.5
 * /three_floor_rl_mission_supervisor/plane_fast_takeover_zero_hold_seconds: 0.15
 * /three_floor_rl_mission_supervisor/plane_motion_start_ramp_initial_speed_mps: 0.3
 * /three_floor_rl_mission_supervisor/plane_motion_start_ramp_minimum_upright_z: 0.985
 * /three_floor_rl_mission_supervisor/plane_motion_start_ramp_seconds: 3.0
 * /three_floor_rl_mission_supervisor/progress_timeout_sec: 20.0
 * /unpause_after_controllers/controller_namespace: /a1_gazebo
 * /unpause_after_controllers/load_window_seconds: 2.0
 * /unpause_after_controllers/timeout: 120
 * /use_sim_time: True
 * /world_file: /tmp/simenv_bridg...

NODES
  /
    building_control (building_generator_classic/building_generator_classic_control)
    closed_loop_controller (scan_planner/closed_loop_controller)
    gazebo (gazebo_ros/gzserver)
    junior_ctrl (simenv_bridge/classic_trotting_controller.py)
    open_mapping_entrance (simenv_competitor/open_mapping_entrance.py)
    rl_floor_command_mux (simenv_bridge/rl_floor_command_mux.py)
    robot_state_publisher (robot_state_publisher/robot_state_publisher)
    scan_planner_node (scan_planner/scan_planner_node)
    scanplanner_plane_rl_bootstrap (simenv_competitor/controller_mode_bootstrap.py)
    scanplanner_pointcloud_bridge (simenv_bridge/scanplanner_pointcloud_bridge.py)
    scanplanner_red_ball_detector (simenv_bridge/danger_detector.py)
    scanplanner_three_floor_goal_sequencer (simenv_bridge/scanplanner_three_floor_goal_sequencer.py)
    second_to_third_floor_stair_manager (simenv_bridge/stair_transition_manager.py)
    stair_descent_manager (simenv_bridge/stair_descent_manager.py)
    stair_transition_manager (simenv_bridge/stair_transition_manager.py)
    state_from_gazebo (unitree_guide/state_from_gazebo)
    three_floor_rl_mission_supervisor (simenv_bridge/three_floor_rl_mission_supervisor.py)
    unpause_after_controllers (simenv_competitor/unpause_after_controllers.py)
    urdf_spawner (gazebo_ros/spawn_model)
  /a1_gazebo/
    controller_spawner (controller_manager/spawner)
[WARN] [1788292697.528791253]: [closed_loop_controller] ready.
hit: 1.7346
miss: -0.847298
min log: -1.99243
max: 3.89182
thresh log: 1.38629
Using junior_ctrl: /root/autodl-tmp/code/restore/0803b/overall_l0829/SimEnv-master/devel_native_oblique/lib/unitree_guide/junior_ctrl
Waiting for Gazebo A1 joint state and trunk IMU before junior_ctrl
INFO: cannot create a symlink to latest log directory: [Errno 2] No such file or directory: '/root/.ros/log/latest'
[ERROR] [1788292701.456750503]: GetModelState: model [a1_gazebo] does not exist
[INFO] [1788292698.793480181]: Finished loading Gazebo ROS API Plugin.
[INFO] [1788292698.798712627]: waitForService: Service [/gazebo/set_physics_properties] has not been advertised, waiting...
[INFO] [1788292701.479834401]: waitForService: Service [/gazebo/set_physics_properties] is now available.
[INFO] [1788292701.798472343]: <initialOrientationAsReference> is unset, using default value of false to comply with REP 145 (world as orientation reference)
[INFO] [1788292701.798610151]: <robotNamespace> set to: //
[INFO] [1788292701.798651188]: <topicName> set to: trunk_imu
[INFO] [1788292701.798682683]: <frameName> set to: imu_link
[INFO] [1788292701.798757268]: <updateRateHZ> set to: 1000
[INFO] [1788292701.798797007]: <gaussianNoise> set to: 0
[INFO] [1788292701.798867610]: <xyzOffset> set to: 0 0 0
[INFO] [1788292701.798935032]: <rpyOffset> set to: 0 -0 0
[INFO] [1788292701.856976480]: load csv file name:/root/autodl-tmp/code/restore/0803b/SimEnv/src/unitree_guide/unitree_ros/robots/a1_description/scan_mode/mid360_stable.csv
cannot convert str:
data size:2500
[INFO] [1788292698.391937, 0.000000]: Waiting to open mapping entrance main_entrance
[INFO] [1788292703.488539, 0.000000]: Mapping entrance ready: door 'main_entrance' set to open
[INFO] [1788292698.385699, 0.000000]: Loading model XML from ros parameter robot_description
[INFO] [1788292698.401187, 0.000000]: Waiting for service /gazebo/spawn_urdf_model
[INFO] [1788292701.447654, 0.000000]: Calling service /gazebo/spawn_urdf_model
[INFO] [1788292703.201734, 0.000000]: Spawn status: SpawnModel: Successfully spawned entity
[INFO] [1788292703.207089, 0.000000]: Waiting for service /gazebo/set_model_configuration
[INFO] [1788292703.484335, 0.000000]: temporary hack to **fix** the -J joint position option (issue #93), sleeping for 1 second to avoid race condition.
[INFO] [1788292704.490781, 0.000000]: Calling service /gazebo/set_model_configuration
[INFO] [1788292704.499310, 0.000000]: Set model configuration status: SetModelConfiguration: success
[INFO] [1788292707.453276, 0.000000]: Gazebo unpaused after 2.0 s paused controller-load window
[INFO] [1788292707.462503, 0.005000]: All 13 A1 controllers reached running state
A1 sensors and 12 joint controllers are ready; starting classic junior_ctrl
[WARNING] Could not enable SCHED_FIFO scheduler: Operation not permitted. Controller will continue with the normal scheduler.
The control interface for ROS Gazebo simulation
robot_name: a1
controller dt: 0.004 s, frequency: 250.000 Hz
classic gait profile=trot period=0.550s stance_ratio=0.650
/workspace/SimEnv/src/unitree_guide/logs/policy_act_inference_plane.pt
cuda::is_available():1
RL inference device: cpu (requested=hybrid, policy=plane)
[INFO] RL policy resident in preload cache: /workspace/SimEnv/src/unitree_guide/logs/policy_act_inference_plane.pt
cuda::is_available():1
RL inference device: cpu (requested=hybrid, policy=plane)
load model is successed!
load model to device!
[INFO] UNITREE_RL_PRELOAD_PLANE_POLICY already cached: /workspace/SimEnv/src/unitree_guide/logs/policy_act_inference_plane.pt
cuda::is_available():1
RL inference device: cuda (requested=hybrid, policy=stair)
[INFO] RL policy resident in preload cache: /workspace/SimEnv/src/unitree_guide/logs/policy_act_inference_stair.pt
[INFO] UNITREE_RL_PRELOAD_STAIR_POLICY preloaded: /workspace/SimEnv/src/unitree_guide/logs/policy_act_inference_stair.pt
[INFO] RL observation source: trunk IMU and joint states (no ground truth).
[INFO] Autonomous startup: entering fixed stand (hold until /joy RL).
Switched from passive to fixed stand
[INFO] [1788292709.237342596, 1.164000000]: [SCANReplanFSM] Set RViz goal height from initial body_pose z: 0.169
[FSM]: state: INIT
wait for goal.
[FSM]: state: INIT
wait for goal.
[FSM]: state: INIT
wait for goal.
[FSM]: state: INIT
wait for goal.
[INFO] Hold-stand released; RL requested.
Switched from fixed stand to RL
[INFO] Entered RL /cmd_vel mode.
[FSM]: state: INIT
wait for goal.
[FSM]: state: INIT
wait for goal.
[FSM]: state: INIT
wait for goal.
[FSM]: state: INIT
wait for goal.
[FSM]: state: INIT
wait for goal.
[FSM]: state: INIT
wait for goal.
[INFO] [1788292717.656804224, 5.706000000]: RL policy input vx=0.000 vy=0.000 wz=0.000 action_rms=0.322 ready=0 userCmd=0 kbd=0 raw=0.000,0.000,0.000 grav=-0.03,0.00,-0.98
[INFO] [1788292721.482732227, 7.715000000]: RL policy input vx=0.000 vy=0.000 wz=0.000 action_rms=0.199 ready=0 userCmd=0 kbd=0 raw=0.000,0.000,0.000 grav=-0.02,0.06,-0.98
[INFO] [1788292725.266581876, 9.735000000]: RL policy input vx=0.000 vy=0.000 wz=0.000 action_rms=0.145 ready=0 userCmd=0 kbd=0 raw=0.000,0.000,0.000 grav=-0.01,0.01,-0.98
[INFO] [1788292727.786426591, 11.117000000]: RL locomotion_ready latched after 5.51 s takeover and 5.41 s stable hold
cuda::is_available():1
RL inference device: cuda (requested=hybrid, policy=stair)
[INFO] RL policy hot-switched from preload cache: /workspace/SimEnv/src/unitree_guide/logs/policy_act_inference_stair.pt
[FSM]: state: INIT
wait for goal.
[FSM]: state: INIT
wait for goal.
[FSM]: state: INIT
wait for goal.
[FSM]: state: INIT
wait for goal.
[FSM]: state: INIT
wait for goal.
[FSM]: state: INIT
wait for goal.
[FSM]: state: INIT
wait for goal.
[FSM]: state: INIT
wait for goal.
[FSM]: state: INIT
wait for goal.
[FSM]: state: INIT
wait for goal.
[FSM]: state: INIT
wait for goal.
[FSM]: state: INIT
wait for goal.
[FSM]: state: INIT
wait for goal.
[FSM]: state: INIT
wait for goal.
[FSM]: state: INIT
wait for goal.
[WARN] [1788292757.143574329, 26.905000000]: Using one-shot plane RL takeover profile: blend 0.50 s, zero hold 0.15 s
[INFO] [1788292728.939160546, 11.737000000]: RL policy input vx=0.000 vy=0.000 wz=0.000 action_rms=0.158 ready=0 userCmd=0 kbd=0 raw=0.000,0.000,0.000 grav=-0.01,0.00,-0.98
[INFO] [1788292732.730961030, 13.747000000]: RL policy input vx=0.000 vy=0.000 wz=0.000 action_rms=0.146 ready=0 userCmd=0 kbd=0 raw=0.000,0.000,0.000 grav=-0.01,0.02,-0.98
[INFO] [1788292736.422962074, 15.751000000]: RL policy input vx=0.000 vy=0.000 wz=0.000 action_rms=0.146 ready=0 userCmd=0 kbd=0 raw=0.000,0.000,0.000 grav=-0.01,0.02,-0.98
[INFO] [1788292738.146787597, 16.679000000]: RL locomotion_ready latched after 5.50 s takeover and 5.24 s stable hold
[INFO] [1788292740.180961212, 17.754000000]: RL policy input vx=0.348 vy=-0.007 wz=0.005 action_rms=0.192 ready=1 userCmd=0 kbd=0 raw=0.348,-0.007,0.005 grav=-0.01,0.02,-0.98
[INFO] [1788292743.830561973, 19.768000000]: RL policy input vx=0.522 vy=-0.019 wz=-0.045 action_rms=0.293 ready=1 userCmd=0 kbd=0 raw=0.522,-0.019,-0.045 grav=0.01,-0.02,-0.98
[INFO] [1788292747.479230782, 21.782000000]: RL policy input vx=0.411 vy=-0.091 wz=-0.050 action_rms=0.218 ready=1 userCmd=0 kbd=0 raw=0.411,-0.091,-0.050 grav=0.00,0.00,-0.98
[INFO] [1788292751.224797288, 23.796000000]: RL policy input vx=0.420 vy=-0.015 wz=-0.042 action_rms=0.194 ready=1 userCmd=0 kbd=0 raw=0.420,-0.015,-0.042 grav=0.01,0.02,-0.98
[INFO] [1788292755.050886442, 25.810000000]: RL policy input vx=0.420 vy=0.008 wz=-0.052 action_rms=0.188 ready=1 userCmd=0 kbd=0 raw=0.420,0.008,-0.052 grav=0.19,-0.04,-0.96
cuda::is_available():1
RL inference device: cpu (requested=hybrid, policy=plane)
[INFO] RL policy hot-switched from preload cache: /workspace/SimEnv/src/unitree_guide/logs/policy_act_inference_plane.pt
[FSM]: state: INIT
wait for goal.
[FSM]: state: INIT
wait for goal.
[FSM]: state: INIT
wait for goal.
[FSM]: state: INIT
wait for goal.
[FSM]: state: INIT
wait for goal.
[FSM]: state: INIT
wait for goal.
[FSM]: state: INIT
wait for goal.
[FSM]: state: INIT
wait for goal.
[FSM]: state: INIT
wait for goal.
[FSM]: state: INIT
wait for goal.
[FSM]: state: INIT
wait for goal.
[FSM]: state: INIT
wait for goal.
[FSM]: state: INIT
wait for goal.
[FSM]: state: INIT
wait for goal.
[FSM]: state: INIT
wait for goal.
[FSM]: state: INIT
wait for goal.
[FSM]: state: INIT
wait for goal.
[FSM]: state: INIT
wait for goal.
[FSM]: state: INIT
wait for goal.
[FSM]: state: INIT
wait for goal.
[FSM]: state: INIT
wait for goal.
[FSM]: state: INIT
wait for goal.
[FSM]: state: INIT
wait for goal.
[FSM]: state: INIT
wait for goal.
[FSM]: state: INIT
wait for goal.
[FSM]: state: INIT
wait for goal.
[FSM]: state: INIT
wait for goal.
[FSM]: state: INIT
wait for goal.
[FSM]: state: INIT
wait for goal.
[FSM]: state: INIT
wait for goal.
[FSM]: state: INIT
wait for goal.
[FSM]: state: INIT
wait for goal.
[FSM]: state: INIT
wait for goal.
[FSM]: state: INIT
wait for goal.
[FSM]: state: INIT
wait for goal.
[FSM]: state: INIT
wait for goal.
[FSM]: state: INIT
wait for goal.
[INFO] [1788292758.556673942, 27.556000000]: RL locomotion_ready latched after 0.65 s takeover and 0.65 s stable hold
[INFO] [1788292759.093934446, 27.814000000]: RL policy input vx=0.332 vy=-0.046 wz=-0.101 action_rms=0.159 ready=1 userCmd=0 kbd=0 raw=0.332,-0.046,-0.101 grav=0.00,0.01,-0.98
[INFO] [1788292762.951477861, 29.822000000]: RL policy input vx=2.249 vy=-0.078 wz=-0.038 action_rms=0.280 ready=1 userCmd=0 kbd=0 raw=2.249,-0.078,-0.038 grav=-0.02,-0.05,-0.98
[INFO] [1788292767.110956421, 31.832000000]: RL policy input vx=2.250 vy=-0.033 wz=-0.016 action_rms=0.467 ready=1 userCmd=0 kbd=0 raw=2.250,-0.033,-0.016 grav=0.02,0.02,-0.98
[INFO] [1788292771.790950097, 33.848000000]: RL policy input vx=2.250 vy=0.024 wz=0.012 action_rms=0.350 ready=1 userCmd=0 kbd=0 raw=2.250,0.024,0.012 grav=-0.00,-0.04,-0.98
[INFO] [1788292776.762868808, 35.851000000]: RL policy input vx=1.695 vy=0.140 wz=0.091 action_rms=0.390 ready=1 userCmd=0 kbd=0 raw=1.695,0.140,0.091 grav=0.03,-0.04,-0.98
[INFO] [1788292781.582919919, 37.868000000]: RL policy input vx=0.000 vy=0.000 wz=0.796 action_rms=0.241 ready=1 userCmd=0 kbd=0 raw=0.000,0.000,0.796 grav=0.01,0.02,-0.98
[INFO] [1788292786.046537966, 39.882000000]: RL policy input vx=0.448 vy=0.000 wz=0.104 action_rms=0.176 ready=1 userCmd=0 kbd=0 raw=0.448,0.000,0.104 grav=-0.01,-0.05,-0.98
[INFO] [1788292790.975877833, 41.885000000]: RL policy input vx=0.450 vy=0.000 wz=0.008 action_rms=0.252 ready=1 userCmd=0 kbd=0 raw=0.450,0.000,0.008 grav=0.01,-0.02,-0.98
[INFO] [1788292795.650660479, 43.889000000]: RL policy input vx=2.143 vy=0.089 wz=0.046 action_rms=0.362 ready=1 userCmd=0 kbd=0 raw=2.143,0.089,0.046 grav=-0.03,-0.09,-0.98
[INFO] [1788292800.258154567, 45.901000000]: RL policy input vx=0.414 vy=0.025 wz=0.067 action_rms=0.151 ready=1 userCmd=0 kbd=0 raw=0.414,0.025,0.067 grav=0.02,-0.02,-0.98
[INFO] [1788292804.846497409, 47.908000000]: RL policy input vx=0.000 vy=0.000 wz=2.400 action_rms=0.216 ready=1 userCmd=0 kbd=0 raw=0.000,0.000,2.400 grav=0.01,-0.00,-0.98
[INFO] [1788292809.350188611, 49.908000000]: RL policy input vx=0.000 vy=0.000 wz=-1.150 action_rms=0.149 ready=1 userCmd=0 kbd=0 raw=0.000,0.000,-1.150 grav=0.01,0.01,-0.98
[INFO] [1788292813.943238793, 51.924000000]: RL policy input vx=0.531 vy=-0.123 wz=-0.251 action_rms=0.231 ready=1 userCmd=0 kbd=0 raw=0.531,-0.123,-0.251 grav=0.03,-0.05,-0.98
[INFO] [1788292818.303509267, 53.925000000]: RL policy input vx=0.000 vy=0.000 wz=-2.400 action_rms=0.290 ready=1 userCmd=0 kbd=0 raw=0.000,0.000,-2.400 grav=0.01,0.02,-0.98
[INFO] [1788292822.800953055, 55.934000000]: RL policy input vx=1.970 vy=-0.664 wz=-0.357 action_rms=0.395 ready=1 userCmd=0 kbd=0 raw=1.970,-0.664,-0.357 grav=-0.03,-0.10,-0.97
[INFO] [1788292827.334245378, 57.955000000]: RL policy input vx=0.294 vy=-0.062 wz=-0.229 action_rms=0.158 ready=1 userCmd=0 kbd=0 raw=0.294,-0.062,-0.229 grav=0.02,-0.01,-0.98
[INFO] [1788292831.762852782, 59.961000000]: RL policy input vx=0.448 vy=0.000 wz=-0.109 action_rms=0.280 ready=1 userCmd=0 kbd=0 raw=0.448,0.000,-0.109 grav=-0.01,-0.02,-0.98
[INFO] [1788292836.029994358, 61.981000000]: RL policy input vx=0.449 vy=0.000 wz=-0.053 action_rms=0.157 ready=1 userCmd=0 kbd=0 raw=0.449,0.000,-0.053 grav=0.01,-0.02,-0.98
[INFO] [1788292840.084784722, 63.994000000]: RL policy input vx=0.493 vy=0.022 wz=0.049 action_rms=0.270 ready=1 userCmd=0 kbd=0 raw=0.493,0.022,0.049 grav=0.01,-0.03,-0.98
[INFO] [1788292844.494995288, 66.008000000]: RL policy input vx=0.450 vy=0.000 wz=-0.007 action_rms=0.158 ready=1 userCmd=0 kbd=0 raw=0.450,0.000,-0.007 grav=0.01,-0.02,-0.98
[INFO] [1788292849.052171710, 68.023000000]: RL policy input vx=0.363 vy=0.000 wz=-0.040 action_rms=0.250 ready=1 userCmd=0 kbd=0 raw=0.363,0.000,-0.040 grav=0.01,-0.02,-0.98
[INFO] [1788292853.531817311, 70.035000000]: RL policy input vx=0.441 vy=0.084 wz=0.206 action_rms=0.141 ready=1 userCmd=0 kbd=0 raw=0.441,0.084,0.206 grav=0.03,-0.01,-0.98
[INFO] [1788292857.827486523, 72.045000000]: RL policy input vx=0.000 vy=0.000 wz=-2.400 action_rms=0.204 ready=1 userCmd=0 kbd=0 raw=0[FSM]: state: INIT
wait for goal.
[FSM]: state: INIT
wait for goal.
[FSM]: state: INIT
wait for goal.
[FSM]: state: INIT
wait for goal.
[FSM]: state: INIT
wait for goal.
[FSM]: state: INIT
wait for goal.
[FSM]: state: INIT
wait for goal.
[FSM]: state: INIT
wait for goal.
[FSM]: state: INIT
wait for goal.
[FSM]: state: INIT
wait for goal.
[FSM]: state: INIT
wait for goal.
[FSM]: state: INIT
wait for goal.
[FSM]: state: INIT
wait for goal.
[FSM]: state: INIT
wait for goal.
[FSM]: state: INIT
wait for goal.
[FSM]: state: INIT
wait for goal.
[FSM]: state: INIT
wait for goal.
[FSM]: state: INIT
wait for goal.
[FSM]: state: INIT
wait for goal.
[FSM]: state: INIT
wait for goal.
[FSM]: state: INIT
wait for goal.
[FSM]: state: INIT
wait for goal.
[FSM]: state: INIT
wait for goal.
[FSM]: state: INIT
wait for goal.
[FSM]: state: INIT
wait for goal.
[FSM]: state: INIT
wait for goal.
[FSM]: state: INIT
wait for goal.
[FSM]: state: INIT
wait for goal.
[FSM]: state: INIT
wait for goal.
[FSM]: state: INIT
wait for goal.
[FSM]: state: INIT
wait for goal.
[FSM]: state: INIT
wait for goal.
[FSM]: state: INIT
wait for goal.
[FSM]: state: INIT
wait for goal.
[FSM]: state: INIT
wait for goal.
[FSM]: state: INIT
wait for goal.
[FSM]: state: INIT
wait for goal.
[FSM]: state: INIT
wait for goal.
[FSM]: state: INIT
wait for goal.
[FSM]: state: INIT
wait for goal.
[FSM]: state: INIT
wait for goal.
[FSM]: state: INIT
wait for goal.
.000,0.000,-2.400 grav=0.00,0.02,-0.98
[INFO] [1788292862.586867279, 74.054000000]: RL policy input vx=0.767 vy=0.750 wz=0.852 action_rms=0.306 ready=1 userCmd=0 kbd=0 raw=0.767,0.750,0.852 grav=-0.00,0.03,-0.98
[INFO] [1788292867.038102310, 76.067000000]: RL policy input vx=0.297 vy=0.045 wz=0.167 action_rms=0.191 ready=1 userCmd=0 kbd=0 raw=0.297,0.045,0.167 grav=0.03,-0.01,-0.98
[INFO] [1788292871.593265975, 78.083000000]: RL policy input vx=0.000 vy=0.000 wz=2.400 action_rms=0.380 ready=1 userCmd=0 kbd=0 raw=0.000,0.000,2.400 grav=0.01,0.03,-0.98
[INFO] [1788292876.062918566, 80.094000000]: RL policy input vx=0.284 vy=-0.097 wz=-0.364 action_rms=0.152 ready=1 userCmd=0 kbd=0 raw=0.284,-0.097,-0.364 grav=0.02,-0.02,-0.98
[INFO] [1788292880.404826555, 82.094000000]: RL policy input vx=0.000 vy=0.000 wz=0.450 action_rms=0.177 ready=1 userCmd=0 kbd=0 raw=0.000,0.000,0.450 grav=0.01,-0.02,-0.98
[INFO] [1788292884.474809903, 84.098000000]: RL policy input vx=0.448 vy=0.000 wz=0.094 action_rms=0.168 ready=1 userCmd=0 kbd=0 raw=0.448,0.000,0.094 grav=0.00,-0.02,-0.98
[INFO] [1788292889.278631895, 86.109000000]: RL policy input vx=0.450 vy=0.000 wz=0.003 action_rms=0.273 ready=1 userCmd=0 kbd=0 raw=0.450,0.000,0.003 grav=0.00,-0.03,-0.98
[INFO] [1788292894.156277711, 88.122000000]: RL policy input vx=0.306 vy=-0.507 wz=-1.131 action_rms=0.177 ready=1 userCmd=0 kbd=0 raw=0.306,-0.507,-1.131 grav=0.02,0.04,-0.98
[INFO] [1788292898.758942777, 90.143000000]: RL policy input vx=2.215 vy=-0.394 wz=-0.194 action_rms=0.339 ready=1 userCmd=0 kbd=0 raw=2.215,-0.394,-0.194 grav=-0.02,-0.08,-0.98
[INFO] [1788292903.175852269, 92.149000000]: RL policy input vx=2.250 vy=0.012 wz=0.006 action_rms=0.329 ready=1 userCmd=0 kbd=0 raw=2.250,0.012,0.006 grav=0.05,0.01,-0.98
[INFO] [1788292907.246000849, 94.150000000]: RL policy input vx=2.249 vy=-0.080 wz=-0.039 action_rms=0.403 ready=1 userCmd=0 kbd=0 raw=2.249,-0.080,-0.039 grav=-0.05,-0.07,-0.98
[INFO] [1788292911.204892466, 96.171000000]: RL policy input vx=0.703 vy=0.072 wz=0.112 action_rms=0.276 ready=1 userCmd=0 kbd=0 raw=0.703,0.072,0.112 grav=0.05,-0.06,-0.98
[INFO] [1788292915.358612116, 98.171000000]: RL policy input vx=0.000 vy=0.000 wz=0.448 action_rms=0.140 ready=1 userCmd=0 kbd=0 raw=0.000,0.000,0.448 grav=0.02,-0.02,-0.98
[INFO] [1788292920.124885846, 100.185000000]: RL policy input vx=0.449 vy=0.000 wz=0.053 action_rms=0.287 ready=1 userCmd=0 kbd=0 raw=0.449,0.000,0.053 grav=0.01,-0.01,-0.98
[INFO] [1788292924.826062377, 102.198000000]: RL policy input vx=0.450 vy=0.000 wz=0.001 action_rms=0.157 ready=1 userCmd=0 kbd=0 raw=0.450,0.000,0.001 grav=0.01,-0.02,-0.98
[INFO] [1788292929.234077638, 104.202000000]: RL policy input vx=2.136 vy=0.065 wz=0.034 action_rms=0.299 ready=1 userCmd=0 kbd=0 raw=2.136,0.065,0.034 grav=0.01,0.01,-0.98
[INFO] [1788292933.574416070, 106.219000000]: RL policy input vx=0.300 vy=0.011 wz=0.040 action_rms=0.202 ready=1 userCmd=0 kbd=0 raw=0.300,0.011,0.040 grav=0.02,-0.02,-0.98
[INFO] [1788292937.210729152, 108.234000000]: RL policy input vx=0.000 vy=0.000 wz=2.400 action_rms=0.409 ready=1 userCmd=0 kbd=0 raw=0.000,0.000,2.400 grav=0.01,0.01,-0.98
[INFO] [1788292940.449627609, 110.241000000]: RL policy input vx=0.000 vy=0.000 wz=-1.150 action_rms=0.139 ready=1 userCmd=0 kbd=0 raw=0.000,0.000,-1.150 grav=0.01,0.00,-0.98
[INFO] [1788292944.118660282, 112.246000000]: RL policy input vx=0.680 vy=-0.175 wz=-0.277 action_rms=0.177 ready=1 userCmd=0 kbd=0 raw=0.680,-0.175,-0.277 grav=0.02,-0.08,-0.98
[INFO] [1788292948.392544349, 114.252000000]: RL policy input vx=0.000 vy=0.000 wz=-2.400 action_rms=0.372 ready=1 userCmd=0 kbd=0 raw=0.000,0.000,-2.400 grav=0.02,0.00,-0.98
[INFO] [1788292952.559569214, 116.263000000]: RL policy input vx=2.032 vy=-0.687 wz=-0.359 action_rms=0.272 ready=1 userCmd=0 kbd=0 raw=2.032,-0.687,-0.359 grav=-0.05,-0.09,-0.98
[INFO] [1788292956.761894798, 118.272000000]: RL policy input vx=0.297 vy=-0.044 wz=-0.161 action_rms=0.170 ready=1 userCmd=0 kbd=0 raw=0.297,-0.044,-0.161 grav=0.03,-0.01,-0.98
[INFO] [1788292961.146503956, 120.289000[FSM]: state: INIT
wait for goal.
[FSM]: state: INIT
wait for goal.
[FSM]: state: INIT
wait for goal.
[FSM]: state: INIT
wait for goal.
[FSM]: state: INIT
wait for goal.
[FSM]: state: INIT
wait for goal.
[FSM]: state: INIT
wait for goal.
[FSM]: state: INIT
wait for goal.
[FSM]: state: INIT
wait for goal.
[FSM]: state: INIT
wait for goal.
[FSM]: state: INIT
wait for goal.
[FSM]: state: INIT
wait for goal.
[FSM]: state: INIT
wait for goal.
[FSM]: state: INIT
wait for goal.
[FSM]: state: INIT
wait for goal.
[FSM]: state: INIT
wait for goal.
[FSM]: state: INIT
wait for goal.
[FSM]: state: INIT
wait for goal.
[FSM]: state: INIT
wait for goal.
[FSM]: state: INIT
wait for goal.
[FSM]: state: INIT
wait for goal.
[FSM]: state: INIT
wait for goal.
[FSM]: state: INIT
wait for goal.
[FSM]: state: INIT
wait for goal.
[FSM]: state: INIT
wait for goal.
[FSM]: state: INIT
wait for goal.
[FSM]: state: INIT
wait for goal.
[FSM]: state: INIT
wait for goal.
[FSM]: state: INIT
wait for goal.
[FSM]: state: INIT
wait for goal.
[FSM]: state: INIT
wait for goal.
[FSM]: state: INIT
wait for goal.
[FSM]: state: INIT
wait for goal.
[FSM]: state: INIT
wait for goal.
[FSM]: state: INIT
wait for goal.
[FSM]: state: INIT
wait for goal.
[FSM]: state: INIT
wait for goal.
[FSM]: state: INIT
wait for goal.
[FSM]: state: INIT
wait for goal.
000]: RL policy input vx=0.447 vy=0.000 wz=-0.126 action_rms=0.210 ready=1 userCmd=0 kbd=0 raw=0.447,0.000,-0.126 grav=-0.03,-0.01,-0.98
[INFO] [1788292965.661481064, 122.289000000]: RL policy input vx=0.450 vy=0.000 wz=-0.051 action_rms=0.160 ready=1 userCmd=0 kbd=0 raw=0.450,0.000,-0.051 grav=0.01,-0.01,-0.98
[INFO] [1788292969.924721367, 124.304000000]: RL policy input vx=0.744 vy=0.058 wz=0.086 action_rms=0.179 ready=1 userCmd=0 kbd=0 raw=0.744,0.058,0.086 grav=-0.01,-0.03,-0.98
[INFO] [1788292974.073955884, 126.315000000]: RL policy input vx=0.450 vy=0.000 wz=-0.002 action_rms=0.216 ready=1 userCmd=0 kbd=0 raw=0.450,0.000,-0.002 grav=0.00,-0.02,-0.98
[INFO] [1788292978.095225277, 128.322000000]: RL policy input vx=0.450 vy=0.000 wz=-0.033 action_rms=0.219 ready=1 userCmd=0 kbd=0 raw=0.450,0.000,-0.033 grav=0.01,-0.02,-0.98
[INFO] [1788292982.333290329, 130.338000000]: RL policy input vx=2.139 vy=0.154 wz=0.079 action_rms=0.289 ready=1 userCmd=0 kbd=0 raw=2.139,0.154,0.079 grav=0.02,-0.03,-0.98
[INFO] [1788292986.649767818, 132.352000000]: RL policy input vx=0.300 vy=0.003 wz=0.013 action_rms=0.152 ready=1 userCmd=0 kbd=0 raw=0.300,0.003,0.013 grav=0.02,-0.02,-0.98
[INFO] [1788292990.890773336, 134.371000000]: RL policy input vx=0.000 vy=0.000 wz=-2.400 action_rms=0.183 ready=1 userCmd=0 kbd=0 raw=0.000,0.000,-2.400 grav=0.01,0.01,-0.98
[INFO] [1788292995.270536573, 136.377000000]: RL policy input vx=1.302 vy=0.750 wz=0.575 action_rms=0.230 ready=1 userCmd=0 kbd=0 raw=1.302,0.750,0.575 grav=-0.04,0.05,-0.98
[INFO] [1788292999.724131420, 138.381000000]: RL policy input vx=0.298 vy=0.031 wz=0.114 action_rms=0.221 ready=1 userCmd=0 kbd=0 raw=0.298,0.031,0.114 grav=0.02,-0.01,-0.98
[INFO] [1788293003.994663539, 140.384000000]: RL policy input vx=0.000 vy=0.000 wz=2.400 action_rms=0.152 ready=1 userCmd=0 kbd=0 raw=0.000,0.000,2.400 grav=0.02,-0.00,-0.98
[INFO] [1788293008.146270319, 142.402000000]: RL policy input vx=0.595 vy=0.145 wz=0.263 action_rms=0.326 ready=1 userCmd=0 kbd=0 raw=0.595,0.145,0.263 grav=0.02,-0.01,-0.98
[INFO] [1788293012.834120415, 144.418000000]: RL policy input vx=0.448 vy=0.000 wz=0.103 action_rms=0.249 ready=1 userCmd=0 kbd=0 raw=0.448,0.000,0.103 grav=-0.01,-0.00,-0.98
[INFO] [1788293017.198995687, 146.418000000]: RL policy input vx=0.450 vy=0.000 wz=0.009 action_rms=0.229 ready=1 userCmd=0 kbd=0 raw=0.450,0.000,0.009 grav=0.01,-0.02,-0.98
[INFO] [1788293020.594827022, 148.432000000]: RL policy input vx=0.000 vy=0.000 wz=1.078 action_rms=0.205 ready=1 userCmd=0 kbd=0 raw=0.000,0.000,1.078 grav=0.03,-0.04,-0.98
[INFO] [1788293024.063190638, 150.437000000]: RL policy input vx=2.195 vy=0.495 wz=0.244 action_rms=0.280 ready=1 userCmd=0 kbd=0 raw=2.195,0.495,0.244 grav=-0.02,0.03,-0.98
[INFO] [1788293028.032066425, 152.443000000]: RL policy input vx=2.250 vy=0.036 wz=0.018 action_rms=0.357 ready=1 userCmd=0 kbd=0 raw=2.250,0.036,0.018 grav=0.00,0.01,-0.98
[INFO] [1788293032.378886782, 154.444000000]: RL policy input vx=2.247 vy=-0.124 wz=-0.061 action_rms=0.411 ready=1 userCmd=0 kbd=0 raw=2.247,-0.124,-0.061 grav=-0.04,-0.05,-0.98
[INFO] [1788293036.274875691, 156.445000000]: RL policy input vx=2.250 vy=0.028 wz=0.014 action_rms=0.401 ready=1 userCmd=0 kbd=0 raw=2.250,0.028,0.014 grav=0.02,-0.01,-0.98
[INFO] [1788293040.454145925, 158.445000000]: RL policy input vx=2.246 vy=0.136 wz=0.067 action_rms=0.304 ready=1 userCmd=0 kbd=0 raw=2.246,0.136,0.067 grav=0.02,0.00,-0.98
[INFO] [1788293044.930157277, 160.462000000]: RL policy input vx=0.920 vy=0.067 wz=0.080 action_rms=0.130 ready=1 userCmd=0 kbd=0 raw=0.920,0.067,0.080 grav=0.05,-0.06,-0.98
[INFO] [1788293049.534135199, 162.480000000]: RL policy input vx=2.218 vy=-0.381 wz=-0.187 action_rms=0.463 ready=1 userCmd=0 kbd=0 raw=2.218,-0.381,-0.187 grav=0.01,0.06,-0.98
[INFO] [1788293053.496159285, 164.502000000]: RL policy input vx=2.084 vy=-0.119 wz=-0.063 action_rms=0.379 ready=1 userCmd=0 kbd=0 raw=2.084,-0.119,-0.063 grav=-0.01,-0.05,-0.98
[INFO] [1788293057.212601960, 166.519000000]: RL policy input vx=1.047 vy=-0.750 wz=-0.684 action_rms=0.444 rea[FSM]: state: INIT
wait for goal.
[FSM]: state: INIT
wait for goal.
[FSM]: state: INIT
wait for goal.
[FSM]: state: INIT
wait for goal.
[FSM]: state: INIT
wait for goal.
dy=1 userCmd=0 kbd=0 raw=1.047,-0.750,-0.684 grav=-0.04,-0.04,-0.98
[INFO] [1788293060.893505585, 168.525000000]: RL policy input vx=0.299 vy=-0.028 wz=-0.101 action_rms=0.166 ready=1 userCmd=0 kbd=0 raw=0.299,-0.028,-0.101 grav=0.02,-0.02,-0.98
[INFO] [1788293064.914819832, 170.528000000]: RL policy input vx=0.000 vy=0.000 wz=-0.425 action_rms=0.206 ready=1 userCmd=0 kbd=0 raw=0.000,0.000,-0.425 grav=0.00,0.00,-0.98
Switched from RL to fixed stand
[FSM]: state: INIT
wait for goal.
infer_thread退出!
[WARN] [1788293069.749904493, 172.710000000]: Using one-shot captured-pose FixedStand profile: ramp 0.50 s, settle 0.00 s, ready after 0.50 s + 0.50 s stable, minimum gain 0.75
[INFO] Using /stand_target_joints param stance.
Switched from fixed stand to RL
[INFO] Entered RL /cmd_vel mode.
[WARN] [1788293071.241797866, 173.447000000]: Using one-shot stair RL takeover profile: blend 0.50 s, zero hold 0.15 s
cuda::is_available():1
RL inference device: cuda (requested=hybrid, policy=stair)
[INFO] RL policy activated from preload cache at FixedStand entry boundary: /workspace/SimEnv/src/unitree_guide/logs/policy_act_inference_stair.pt
[FSM]: state: INIT
wait for goal.
[FSM]: state: INIT
wait for goal.
[FSM]: state: INIT
wait for goal.
[FSM]: state: INIT
wait for goal.
[FSM]: state: INIT
wait for goal.
[FSM]: state: INIT
wait for goal.
[FSM]: state: INIT
wait for goal.
[FSM]: state: INIT
wait for goal.
[FSM]: state: INIT
wait for goal.
[FSM]: state: INIT
wait for goal.
[FSM]: state: INIT
wait for goal.
[FSM]: state: INIT
wait for goal.
[FSM]: state: INIT
wait for goal.
[FSM]: state: INIT
wait for goal.
Warning: TF_REPEATED_DATA ignoring data with redundant timestamp for frame sliding_map (parent world) at time 188.281000 according to authority /scan_planner_node
         at line 277 in /tmp/binarydeb/ros-noetic-tf2-0.7.10/src/buffer_core.cpp
[FSM]: state: INIT
wait for goal.
[FSM]: state: INIT
wait for goal.
[FSM]: state: INIT
wait for goal.
[FSM]: state: INIT
wait for goal.
[FSM]: state: INIT
wait for goal.
[FSM]: state: INIT
wait for goal.
[FSM]: state: INIT
wait for goal.
[FSM]: state: INIT
wait for goal.
[WARN] [1788293119.572631338, 198.009000000]: Using one-shot plane RL takeover profile: blend 0.50 s, zero hold 0.15 s
[FSM]: state: INIT
wait for goal.
[INFO] [1788293071.264972758, 173.467000000]: RL policy input vx=0.000 vy=0.000 wz=0.000 action_rms=0.200 ready=0 userCmd=8 kbd=0 raw=0.000,0.000,0.000 grav=0.00,0.01,-0.98
[INFO] [1788293072.546735469, 174.104000000]: RL locomotion_ready latched after 0.66 s takeover and 0.64 s stable hold
[INFO] [1788293075.342525453, 175.477000000]: RL policy input vx=0.387 vy=-0.316 wz=-0.014 action_rms=0.533 ready=1 userCmd=0 kbd=0 raw=0.387,-0.316,-0.014 grav=-0.23,0.01,-0.95
[INFO] [1788293079.459048364, 177.486000000]: RL policy input vx=0.791 vy=-0.137 wz=-0.031 action_rms=0.442 ready=1 userCmd=8 kbd=0 raw=0.791,-0.137,-0.031 grav=-0.36,0.09,-0.91
[INFO] [1788293084.104217621, 179.498000000]: RL policy input vx=0.800 vy=0.021 wz=0.023 action_rms=0.333 ready=1 userCmd=0 kbd=0 raw=0.800,0.021,0.023 grav=-0.33,-0.04,-0.92
[INFO] [1788293088.433700412, 181.515000000]: RL policy input vx=0.372 vy=-0.651 wz=-1.158 action_rms=0.192 ready=1 userCmd=0 kbd=0 raw=0.372,-0.651,-1.158 grav=-0.06,-0.07,-0.98
[INFO] [1788293091.732309919, 183.523000000]: RL policy input vx=0.314 vy=-0.040 wz=-0.139 action_rms=0.137 ready=1 userCmd=8 kbd=0 raw=0.314,-0.040,-0.139 grav=0.01,-0.00,-0.98
[INFO] [1788293095.219731232, 185.533000000]: RL policy input vx=0.000 vy=0.000 wz=-0.613 action_rms=0.158 ready=1 userCmd=0 kbd=0 raw=0.000,0.000,-0.613 grav=-0.03,0.04,-0.98
[INFO] [1788293099.647152424, 187.552000000]: RL policy input vx=0.000 vy=0.000 wz=-0.240 action_rms=0.167 ready=1 userCmd=0 kbd=0 raw=0.000,0.000,-0.240 grav=-0.04,0.03,-0.98
[INFO] [1788293103.973046216, 189.567000000]: RL policy input vx=0.000 vy=0.000 wz=-0.240 action_rms=0.195 ready=1 userCmd=8 kbd=0 raw=0.000,0.000,-0.240 grav=-0.03,0.02,-0.98
[INFO] [1788293107.791419401, 191.573000000]: RL policy input vx=0.555 vy=-0.304 wz=-0.063 action_rms=0.345 ready=1 userCmd=0 kbd=0 raw=0.555,-0.304,-0.063 grav=-0.23,-0.02,-0.95
[INFO] [1788293111.703347878, 193.592000000]: RL policy input vx=0.606 vy=0.181 wz=-0.011 action_rms=0.486 ready=1 userCmd=0 kbd=0 raw=0.606,0.181,-0.011 grav=-0.47,-0.10,-0.86
[INFO] [1788293115.334004239, 195.594000000]: RL policy input vx=0.799 vy=-0.033 wz=-0.014 action_rms=0.350 ready=1 userCmd=0 kbd=0 raw=0.799,-0.033,-0.014 grav=-0.41,-0.03,-0.89
[INFO] [1788293118.894782611, 197.612000000]: RL policy input vx=0.799 vy=-0.048 wz=-0.004 action_rms=0.277 ready=1 userCmd=0 kbd=0 raw=0.799,-0.048,-0.004 grav=-0.03,0.04,-0.98
cuda::is_available():1
RL inference device: cpu (requested=hybrid, policy=plane)
[INFO] RL policy hot-switched from preload cache: /workspace/SimEnv/src/unitree_guide/logs/policy_act_inference_plane.pt
[FSM]: state: INIT
wait for goal.
[FSM]: state: INIT
wait for goal.
[FSM]: state: INIT
wait for goal.
[FSM]: state: INIT
wait for goal.
[INFO] [1788293068.104834, 171.920000]: Robot is already 0.03 m from the pre-riser pose; skipping the corridor/side legs.
[INFO] [1788293068.111122, 171.924000]: Pre-ascent residual heading error -0.112 rad (visual_depth=False, bearing=none).
[INFO] [1788293069.202642, 172.444000]: Pre-ascent stand target set from flight-A pre-reload capture entry sample
[INFO] [1788293069.240273, 172.458000]: Flight-A plane gait settled at joint RMS 0.107; holding FixedStand for at least 0.1 s at snapshot pose before queued stair-policy entry.
[INFO] [1788293070.935334, 173.289000]: Flight-A FixedStand readiness gate complete; queued the stair policy for State_RL entry and retaining stand ownership for 0.25 s.
[INFO] [1788293071.229998, 173.432000]: Flight-A policy request has been queued under FixedStand; requesting RL so State_RL loads it before inference starts.
[INFO] [1788293072.635799, 174.127000]: Fresh RL readiness confirmed after the flight-A FixedStand boundary; starting the climb ramp.
[INFO] [1788293072.648261, 174.140000]: Flight-A fresh RL readiness observed; ascent clocks reset and 1.2 s climb ramp started.
[INFO] [1788293072.660105, 174.143000]: STPUB phase=STAIR_ASCENT world=(0.000,0.008,-0.031) body=(0.007,-0.001,-0.031) truth_z=0.313 pose=0.3125716287166454
[INFO] [1788293074.759688, 175.161000]: STPUB phase=STAIR_ASCENT world=(0.034,0.800,-0.024) body=(0.796,-0.088,-0.024) truth_z=0.351 pose=0.3511843697562878
[INFO] [1788293076.769913, 176.165000]: STPUB phase=STAIR_ASCENT world=(0.063,0.800,-0.014) body=(0.797,-0.096,-0.014) truth_z=0.570 pose=0.5690689039610999
[INFO] [1788293078.781719, 177.181000]: STPUB phase=STAIR_ASCENT world=(0.300,0.400,-0.026) body=(0.376,-0.329,-0.026) truth_z=0.754 pose=0.7514658847538482
[INFO] [1788293081.070571, 178.200000]: STPUB phase=STAIR_ASCENT world=(0.073,0.800,-0.004) body=(0.799,-0.081,-0.004) truth_z=1.026 pose=1.0260357009699324
[INFO] [1788293083.388954, 179.203000]: STPUB phase=STAIR_ASCENT world=(0.000,0.600,0.028) body=(0.598,0.048,0.028) truth_z=1.270 pose=1.2673481814905887
[INFO] [1788293085.979873, 180.220000]: STPUB phase=STAIR_ASCENT world=(-0.220,0.600,0.052) body=(0.561,0.307,0.052) truth_z=1.460 pose=1.4605199066050738
[INFO] [1788293087.430771, 181.002000]: Intermediate landing entered at y=4.76 m; starting moving turn.
[INFO] [1788293087.905068, 181.240000]: STPUB phase=STAIR_LANDING_TURN world=(0.750,0.000,-1.200) body=(0.179,-0.728,-1.200) truth_z=1.626 pose=1.627345627887863
[INFO] [1788293089.634074, 182.260000]: STPUB phase=STAIR_LANDING_TURN world=(0.750,0.000,-0.508) body=(0.671,-0.334,-0.508) truth_z=1.605 pose=1.605645487304693
[INFO] [1788293091.245109, 183.262000]: STPUB phase=STAIR_LANDING_TURN world=(0.406,0.000,-0.240) body=(0.402,-0.061,-0.240) truth_z=1.614 pose=1.6135770302807082
[INFO] [1788293093.035271, 184.285000]: STPUB phase=STAIR_LANDING_TURN world=(0.300,0.000,-0.078) body=(0.299,-0.021,-0.078) truth_z=1.613 pose=1.6129107608264788
[INFO] [1788293094.797082, 185.300000]: STPUB phase=STAIR_LANDING_TURN world=(0.000,0.000,-0.749) body=(0.000,0.000,-0.749) truth_z=1.616 pose=1.6160623095413174
[INFO] [1788293096.781135, 186.320000]: STPUB phase=STAIR_LANDING_TURN world=(0.000,0.000,-0.320) body=(0.000,0.000,-0.320) truth_z=1.621 pose=1.6212353045048515
[INFO] [1788293099.184725, 187.344000]: STPUB phase=STAIR_LANDING_TURN world=(0.000,0.000,-0.240) body=(0.000,0.000,-0.240) truth_z=1.631 pose=1.6313988451713104
[INFO] [1788293101.333088, 188.346000]: STPUB phase=STAIR_LANDING_TURN world=(0.000,0.000,-0.240) body=(0.000,0.000,-0.240) truth_z=1.636 pose=1.635894396737444
[INFO] [1788293103.483086, 189.361000]: STPUB phase=STAIR_LANDING_TURN world=(0.000,0.000,-0.240) body=(0.000,0.000,-0.240) truth_z=1.638 pose=1.6378938107208498
[INFO] [1788293105.274719, 190.240000]: Flight-B entry aligned: x error=-0.025 m, heading error=-0.150 rad.
[INFO] [1788293105.287676, 190.247000]: Flight-B entry joints saved (12 dofs) -> /root/autodl-tmp/code/restore/0803b/overall_l0829/results/oblique_final10_fixbend_seed27_b1/flight_b_entry_joints_0.json
[INFO] [1788293105.309425, 190.260000]: ASCENT_B gate: entry_guide=True truth_pose=True start_z=0.313 profile=True heading=-1.571 pose_z=1.6384168155952994 truth_z=1.6384140725957579
[INFO] [1788293105.325915, 190.260000]: Pre-ascent RL settle: holding zero command until motion is stable for 0.6 s before FixedStand.
[INFO] [1788293105.337429, 190.266000]: Pre-ascent RL settle active: stable 0.00/0.60 s.
[INFO] [1788293105.930111, 190.560000]: Pre-ascent RL motion settled for 0.60 s; settle-only gate complete (FixedStand disabled).
[INFO] [1788293105.962619, 190.583000]: STPUB phase=STAIR_ASCENT_B world=(0.000,-0.800,-0.069) body=(0.785,-0.156,-0.069) truth_z=1.638 pose=1.6379994079520652
[INFO] [1788293107.227359, 191.264000]: ASCENT_B gate: entry_guide=True truth_pose=True start_z=0.313 profile=True heading=-1.571 pose_z=1.6480240301442792 truth_z=1.647859240893086
[INFO] [1788293107.843783, 191.601000]: STPUB phase=STAIR_ASCENT_B world=(-0.200,-0.600,-0.059) body=(0.558,-0.298,-0.059) truth_z=1.718 pose=1.7175599291220065
[INFO] [1788293109.238686, 192.280000]: ASCENT_B gate: entry_guide=True truth_pose=True start_z=0.313 profile=True heading=-1.571 pose_z=1.9081171974469409 truth_z=1.9072691832795885
[INFO] [1788293109.893602, 192.602000]: STPUB phase=STAIR_ASCENT_B world=(-0.200,-0.600,-0.043) body=(0.571,-0.271,-0.043) truth_z=1.912 pose=1.9103306920398382
[INFO] [1788293111.129269, 193.300000]: ASCENT_B gate: entry_guide=True truth_pose=True start_z=0.313 profile=True heading=-1.571 pose_z=2.0426076481597497 truth_z=2.0420165958971643
[INFO] [1788293111.785181, 193.620000]: STPUB phase=STAIR_ASCENT_B world=(0.200,-0.600,-0.013) body=(0.607,0.178,-0.013) truth_z=2.106 pose=2.106127721532292
[INFO] [1788293113.158955, 194.320000]: ASCENT_B gate: entry_guide=True truth_pose=True start_z=0.313 profile=True heading=-1.571 pose_z=2.210049341561183 truth_z=2.2113017156244794
[INFO] [1788293113.766633, 194.640000]: STPUB phase=STAIR_ASCENT_B world=(0.000,-0.800,-0.036) body=(0.796,-0.081,-0.036) truth_z=2.291 pose=2.2912159682095683
[INFO] [1788293114.916183, 195.321000]: ASCENT_B gate: entry_guide=True truth_pose=True start_z=0.313 profile=True heading=-1.571 pose_z=2.4750438405329978 truth_z=2.4751207893116063
[INFO] [1788293115.436954, 195.660000]: STPUB phase=STAIR_ASCENT_B world=(-0.300,-0.400,-0.017) body=(0.385,-0.320,-0.017) truth_z=2.535 pose=2.5346887763558263
[INFO] [1788293116.501795, 196.341000]: ASCENT_B gate: entry_guide=True truth_pose=True start_z=0.313 profile=True heading=-1.571 pose_z=2.700807707668785 truth_z=2.7014778285835503
[INFO] [1788293117.031932, 196.680000]: STPUB phase=STAIR_ASCENT_B world=(0.000,-0.800,0.010) body=(0.800,0.023,0.010) truth_z=2.776 pose=2.7716735110223865
[INFO] [1788293118.441413, 197.360000]: ASCENT_B gate: entry_guide=True truth_pose=True start_z=0.313 profile=True heading=-1.571 pose_z=2.891896386184947 truth_z=2.893242297194009
[INFO] [1788293118.943835, 197.640000]: Upper landing entered: gain=2.59 m, clearance=0.01 m; stabilizing for 0.5 s.
[INFO] [1788293119.464145, 197.940000]: Floor-2 landing confirmed after two flights: gain=2.60 m clearance=0.13 m.
[INFO] [1788293120.769091, 198.709000]: Plane policy acknowledged on the upper landing; releasing stair controller ownership.
[FSM]: state: INIT
wait for goal.
[FSM]: state: INIT
wait for goal.
[FSM]: state: INIT
wait for goal.
[FSM]: state: INIT
wait for goal.
[FSM]: state: INIT
wait for goal.
[FSM]: state: INIT
wait for goal.
[FSM]: state: INIT
wait for goal.
[FSM]: state: INIT
wait for goal.
[FSM]: state: INIT
wait for goal.
[FSM]: state: INIT
wait for goal.
[FSM]: state: INIT
wait for goal.
[FSM]: state: INIT
wait for goal.
[FSM]: state: INIT
wait for goal.
[FSM]: state: INIT
wait for goal.
[FSM]: state: INIT
wait for goal.
[FSM]: state: INIT
wait for goal.
[FSM]: state: INIT
wait for goal.
[FSM]: state: INIT
wait for goal.
[FSM]: state: INIT
wait for goal.
[FSM]: state: INIT
wait for goal.
[FSM]: state: INIT
wait for goal.
[FSM]: state: INIT
wait for goal.
[FSM]: state: INIT
wait for goal.
[FSM]: state: INIT
wait for goal.
[FSM]: state: INIT
wait for goal.
[FSM]: state: INIT
wait for goal.
[FSM]: state: INIT
wait for goal.
[FSM]: state: INIT
wait for goal.
[FSM]: state: INIT
wait for goal.
[FSM]: state: INIT
wait for goal.
[FSM]: state: INIT
wait for goal.
[FSM]: state: INIT
wait for goal.
[FSM]: state: INIT
wait for goal.
[FSM]: state: INIT
wait for goal.
[INFO] [1788293120.687539435, 198.665000000]: RL locomotion_ready latched after 0.66 s takeover and 0.40 s stable hold
[INFO] [1788293122.300114354, 199.613000000]: RL policy input vx=0.000 vy=0.000 wz=1.150 action_rms=0.305 ready=1 userCmd=0 kbd=0 raw=0.000,0.000,1.150 grav=-0.00,0.01,-0.98
[INFO] [1788293125.715113596, 201.620000000]: RL policy input vx=0.765 vy=0.000 wz=0.146 action_rms=0.188 ready=1 userCmd=0 kbd=0 raw=0.765,0.000,0.146 grav=-0.01,0.02,-0.98
[INFO] [1788293129.197477029, 203.640000000]: RL policy input vx=0.609 vy=0.750 wz=0.978 action_rms=0.352 ready=1 userCmd=0 kbd=0 raw=0.609,0.750,0.978 grav=0.01,-0.01,-0.98
[INFO] [1788293132.674137888, 205.647000000]: RL policy input vx=2.245 vy=0.143 wz=0.070 action_rms=0.390 ready=1 userCmd=0 kbd=0 raw=2.245,0.143,0.070 grav=-0.02,-0.01,-0.98
[INFO] [1788293136.978513306, 207.665000000]: RL policy input vx=2.248 vy=0.088 wz=0.043 action_rms=0.403 ready=1 userCmd=0 kbd=0 raw=2.248,0.088,0.043 grav=0.04,0.03,-0.98
[INFO] [1788293140.791812160, 209.682000000]: RL policy input vx=2.237 vy=0.239 wz=0.117 action_rms=0.282 ready=1 userCmd=0 kbd=0 raw=2.237,0.239,0.117 grav=0.04,-0.03,-0.98
[INFO] [1788293145.238395252, 211.692000000]: RL policy input vx=0.524 vy=0.558 wz=0.709 action_rms=0.160 ready=1 userCmd=0 kbd=0 raw=0.524,0.558,0.709 grav=0.03,-0.04,-0.98
[INFO] [1788293149.056935002, 213.700000000]: RL policy input vx=0.000 vy=0.000 wz=0.315 action_rms=0.165 ready=1 userCmd=0 kbd=0 raw=0.000,0.000,0.315 grav=0.01,-0.02,-0.98
[INFO] [1788293153.065619896, 215.712000000]: RL policy input vx=0.450 vy=0.000 wz=0.028 action_rms=0.158 ready=1 userCmd=0 kbd=0 raw=0.450,0.000,0.028 grav=0.01,-0.02,-0.98
[INFO] [1788293157.354719810, 217.719000000]: RL policy input vx=0.450 vy=0.000 wz=-0.020 action_rms=0.243 ready=1 userCmd=0 kbd=0 raw=0.450,0.000,-0.020 grav=0.01,-0.02,-0.98
[INFO] [1788293161.726047276, 219.721000000]: RL policy input vx=2.136 vy=0.198 wz=0.102 action_rms=0.341 ready=1 userCmd=0 kbd=0 raw=2.136,0.198,0.102 grav=0.03,0.02,-0.98
[INFO] [1788293166.014803138, 221.731000000]: RL policy input vx=0.300 vy=-0.001 wz=-0.003 action_rms=0.167 ready=1 userCmd=0 kbd=0 raw=0.300,-0.001,-0.003 grav=0.02,-0.01,-0.98
[INFO] [1788293170.035755491, 223.743000000]: RL policy input vx=0.000 vy=0.000 wz=-2.400 action_rms=0.180 ready=1 userCmd=0 kbd=0 raw=0.000,0.000,-2.400 grav=0.01,0.01,-0.98
[INFO] [1788293174.341972477, 225.761000000]: RL policy input vx=1.197 vy=0.750 wz=0.616 action_rms=0.184 ready=1 userCmd=0 kbd=0 raw=1.197,0.750,0.616 grav=-0.03,0.06,-0.98
[INFO] [1788293178.577786444, 227.766000000]: RL policy input vx=0.298 vy=0.031 wz=0.113 action_rms=0.257 ready=1 userCmd=0 kbd=0 raw=0.298,0.031,0.113 grav=0.02,-0.01,-0.98
[INFO] [1788293182.154009442, 229.779000000]: RL policy input vx=0.000 vy=0.000 wz=2.108 action_rms=0.434 ready=1 userCmd=0 kbd=0 raw=0.000,0.000,2.108 grav=0.01,0.02,-0.98
[INFO] [1788293185.449988580, 231.795000000]: RL policy input vx=0.775 vy=0.183 wz=0.256 action_rms=0.160 ready=1 userCmd=0 kbd=0 raw=0.775,0.183,0.256 grav=0.04,0.03,-0.98
[INFO] [1788293188.783079749, 233.815000000]: RL policy input vx=0.449 vy=0.000 wz=-0.055 action_rms=0.275 ready=1 userCmd=0 kbd=0 raw=0.449,0.000,-0.055 grav=0.00,-0.01,-0.98
[INFO] [1788293192.201073137, 235.832000000]: RL policy input vx=0.450 vy=0.000 wz=-0.046 action_rms=0.195 ready=1 userCmd=0 kbd=0 raw=0.450,0.000,-0.046 grav=0.00,-0.01,-0.98
[INFO] [1788293195.506643575, 237.832000000]: RL policy input vx=0.610 vy=0.008 wz=0.014 action_rms=0.150 ready=1 userCmd=0 kbd=0 raw=0.610,0.008,0.014 grav=0.01,-0.02,-0.98
[INFO] [1788293198.570405282, 239.833000000]: RL policy input vx=0.450 vy=0.000 wz=-0.005 action_rms=0.274 ready=1 userCmd=0 kbd=0 raw=0.450,0.000,-0.005 grav=0.01,-0.02,-0.98
[INFO] [1788293201.705934942, 241.850000000]: RL policy input vx=0.446 vy=0.000 wz=-0.036 action_rms=0.220 ready=1 userCmd=0 kbd=0 raw=0.446,0.000,-0.036 grav=0.01,-0.02,-0.98
[INFO] [1788293204.954811954, 243.853000000]: RL policy input vx=1.968 vy=-0.174 wz=-0.097 action_rms=0.316 ready=1 userCmd=0 kbd=0 raw=1[FSM]: state: INIT
wait for goal.
[FSM]: state: INIT
wait for goal.
[FSM]: state: INIT
wait for goal.
[FSM]: state: INIT
wait for goal.
[FSM]: state: INIT
wait for goal.
[FSM]: state: INIT
wait for goal.
[FSM]: state: INIT
wait for goal.
[FSM]: state: INIT
wait for goal.
[FSM]: state: INIT
wait for goal.
[FSM]: state: INIT
wait for goal.
[FSM]: state: INIT
wait for goal.
[FSM]: state: INIT
wait for goal.
[FSM]: state: INIT
wait for goal.
[FSM]: state: INIT
wait for goal.
[FSM]: state: INIT
wait for goal.
[FSM]: state: INIT
wait for goal.
[FSM]: state: INIT
wait for goal.
[FSM]: state: INIT
wait for goal.
[FSM]: state: INIT
wait for goal.
[FSM]: state: INIT
wait for goal.
[FSM]: state: INIT
wait for goal.
[FSM]: state: INIT
wait for goal.
[FSM]: state: INIT
wait for goal.
[FSM]: state: INIT
wait for goal.
[FSM]: state: INIT
wait for goal.
[FSM]: state: INIT
wait for goal.
[FSM]: state: INIT
wait for goal.
[FSM]: state: INIT
wait for goal.
[FSM]: state: INIT
wait for goal.
[FSM]: state: INIT
wait for goal.
[FSM]: state: INIT
wait for goal.
[FSM]: state: INIT
wait for goal.
[FSM]: state: INIT
wait for goal.
[FSM]: state: INIT
wait for goal.
[FSM]: state: INIT
wait for goal.
[FSM]: state: INIT
wait for goal.
[FSM]: state: INIT
wait for goal.
[FSM]: state: INIT
wait for goal.
[FSM]: state: INIT
wait for goal.
[FSM]: state: INIT
wait for goal.
[FSM]: state: INIT
wait for goal.
.968,-0.174,-0.097 grav=0.05,-0.00,-0.98
[INFO] [1788293208.161695322, 245.861000000]: RL policy input vx=0.299 vy=-0.024 wz=-0.088 action_rms=0.234 ready=1 userCmd=0 kbd=0 raw=0.299,-0.024,-0.088 grav=0.01,-0.01,-0.98
[INFO] [1788293211.406582173, 247.874000000]: RL policy input vx=0.000 vy=0.000 wz=2.400 action_rms=0.294 ready=1 userCmd=0 kbd=0 raw=0.000,0.000,2.400 grav=0.01,0.01,-0.98
[INFO] [1788293214.674319836, 249.879000000]: RL policy input vx=0.476 vy=-0.696 wz=-1.068 action_rms=0.185 ready=1 userCmd=0 kbd=0 raw=0.476,-0.696,-1.068 grav=-0.02,0.03,-0.98
[INFO] [1788293218.847094539, 251.888000000]: RL policy input vx=0.295 vy=-0.054 wz=-0.201 action_rms=0.232 ready=1 userCmd=0 kbd=0 raw=0.295,-0.054,-0.201 grav=0.02,-0.03,-0.98
[INFO] [1788293223.234142035, 253.896000000]: RL policy input vx=0.000 vy=0.000 wz=-2.400 action_rms=0.373 ready=1 userCmd=0 kbd=0 raw=0.000,0.000,-2.400 grav=0.01,0.01,-0.98
[INFO] [1788293227.292296227, 255.909000000]: RL policy input vx=1.376 vy=-0.444 wz=-0.343 action_rms=0.298 ready=1 userCmd=0 kbd=0 raw=1.376,-0.444,-0.343 grav=0.01,-0.07,-0.98
[INFO] [1788293231.567348520, 257.915000000]: RL policy input vx=0.450 vy=0.000 wz=0.044 action_rms=0.164 ready=1 userCmd=0 kbd=0 raw=0.450,0.000,0.044 grav=0.00,-0.02,-0.98
[INFO] [1788293236.130380355, 259.925000000]: RL policy input vx=0.450 vy=0.000 wz=-0.010 action_rms=0.287 ready=1 userCmd=0 kbd=0 raw=0.450,0.000,-0.010 grav=0.01,-0.01,-0.98
[INFO] [1788293240.459538359, 261.936000000]: RL policy input vx=0.000 vy=0.000 wz=-0.724 action_rms=0.139 ready=1 userCmd=0 kbd=0 raw=0.000,0.000,-0.724 grav=0.01,-0.02,-0.98
[INFO] [1788293244.396032592, 263.954000000]: RL policy input vx=2.200 vy=-0.471 wz=-0.232 action_rms=0.370 ready=1 userCmd=0 kbd=0 raw=2.200,-0.471,-0.232 grav=-0.02,0.01,-0.98
[INFO] [1788293247.487922783, 265.965000000]: RL policy input vx=2.240 vy=-0.207 wz=-0.101 action_rms=0.421 ready=1 userCmd=0 kbd=0 raw=2.240,-0.207,-0.101 grav=-0.02,-0.06,-0.98
[INFO] [1788293250.651276683, 267.982000000]: RL policy input vx=2.250 vy=0.047 wz=0.023 action_rms=0.463 ready=1 userCmd=0 kbd=0 raw=2.250,0.047,0.023 grav=0.01,0.05,-0.98
[INFO] [1788293253.844385782, 270.000000000]: RL policy input vx=2.060 vy=0.023 wz=0.012 action_rms=0.302 ready=1 userCmd=0 kbd=0 raw=2.060,0.023,0.012 grav=-0.02,0.00,-0.98
[INFO] [1788293257.112123442, 272.013000000]: RL policy input vx=0.313 vy=0.136 wz=0.452 action_rms=0.268 ready=1 userCmd=0 kbd=0 raw=0.313,0.136,0.452 grav=0.01,0.02,-0.98
[INFO] [1788293261.179109606, 274.025000000]: RL policy input vx=0.447 vy=0.000 wz=0.132 action_rms=0.227 ready=1 userCmd=0 kbd=0 raw=0.447,0.000,0.132 grav=-0.01,-0.04,-0.98
[INFO] [1788293264.629811463, 276.032000000]: RL policy input vx=0.450 vy=0.000 wz=0.016 action_rms=0.163 ready=1 userCmd=0 kbd=0 raw=0.450,0.000,0.016 grav=0.01,-0.01,-0.98
[INFO] [1788293268.296152033, 278.046000000]: RL policy input vx=2.135 vy=-0.209 wz=-0.107 action_rms=0.290 ready=1 userCmd=0 kbd=0 raw=2.135,-0.209,-0.107 grav=-0.01,-0.01,-0.98
[INFO] [1788293272.825395075, 280.063000000]: RL policy input vx=0.692 vy=0.073 wz=0.116 action_rms=0.347 ready=1 userCmd=0 kbd=0 raw=0.692,0.073,0.116 grav=0.03,-0.04,-0.98
[INFO] [1788293277.230770100, 282.080000000]: RL policy input vx=0.000 vy=0.000 wz=2.400 action_rms=0.440 ready=1 userCmd=0 kbd=0 raw=0.000,0.000,2.400 grav=0.01,-0.01,-0.98
[INFO] [1788293281.370506953, 284.097000000]: RL policy input vx=0.000 vy=0.000 wz=-0.197 action_rms=0.167 ready=1 userCmd=0 kbd=0 raw=0.000,0.000,-0.197 grav=0.01,0.01,-0.98
[INFO] [1788293285.170865191, 286.118000000]: RL policy input vx=1.610 vy=-0.676 wz=-0.422 action_rms=0.248 ready=1 userCmd=0 kbd=0 raw=1.610,-0.676,-0.422 grav=-0.03,-0.06,-0.98
[INFO] [1788293289.028726464, 288.137000000]: RL policy input vx=0.000 vy=0.000 wz=-0.851 action_rms=0.137 ready=1 userCmd=0 kbd=0 raw=0.000,0.000,-0.851 grav=0.02,-0.02,-0.98
[INFO] [1788293292.946716143, 290.150000000]: RL policy input vx=0.000 vy=0.000 wz=-1.510 action_rms=0.131 ready=1 userCmd=0 kbd=0 raw=0.000,0.000,-1.510 grav=0.01,0.02,-0.98
[INFO] [178[FSM]: state: INIT
wait for goal.
[FSM]: state: INIT
wait for goal.
[FSM]: state: INIT
wait for goal.
[FSM]: state: INIT
wait for goal.
[FSM]: state: INIT
wait for goal.
[FSM]: state: INIT
wait for goal.
[FSM]: state: INIT
wait for goal.
[FSM]: state: INIT
wait for goal.
[FSM]: state: INIT
wait for goal.
[FSM]: state: INIT
wait for goal.
[FSM]: state: INIT
wait for goal.
[FSM]: state: INIT
wait for goal.
[FSM]: state: INIT
wait for goal.
[FSM]: state: INIT
wait for goal.
[FSM]: state: INIT
wait for goal.
[FSM]: state: INIT
wait for goal.
[FSM]: state: INIT
wait for goal.
[FSM]: state: INIT
wait for goal.
[FSM]: state: INIT
wait for goal.
Warning: TF_REPEATED_DATA ignoring data with redundant timestamp for frame sliding_map (parent world) at time 313.919000 according to authority /scan_planner_node
         at line 277 in /tmp/binarydeb/ros-noetic-tf2-0.7.10/src/buffer_core.cpp
[FSM]: state: INIT
wait for goal.
[FSM]: state: INIT
wait for goal.
[FSM]: state: INIT
wait for goal.
[FSM]: state: INIT
wait for goal.
[FSM]: state: INIT
wait for goal.
[FSM]: state: INIT
wait for goal.
[FSM]: state: INIT
wait for goal.
[FSM]: state: INIT
wait for goal.
[FSM]: state: INIT
wait for goal.
[FSM]: state: INIT
wait for goal.
[FSM]: state: INIT
wait for goal.
[FSM]: state: INIT
wait for goal.
[FSM]: state: INIT
wait for goal.
[FSM]: state: INIT
wait for goal.
[FSM]: state: INIT
wait for goal.
[FSM]: state: INIT
wait for goal.
[FSM]: state: INIT
wait for goal.
[FSM]: state: INIT
wait for goal.
[FSM]: state: INIT
wait for goal.
[FSM]: state: INIT
wait for goal.
[FSM]: state: INIT
wait for goal.
8293296.526109520, 292.150000000]: RL policy input vx=0.398 vy=-0.071 wz=-0.194 action_rms=0.152 ready=1 userCmd=0 kbd=0 raw=0.398,-0.071,-0.194 grav=0.05,-0.05,-0.98
[INFO] [1788293300.743897257, 294.164000000]: RL policy input vx=0.447 vy=0.000 wz=-0.136 action_rms=0.178 ready=1 userCmd=0 kbd=0 raw=0.447,0.000,-0.136 grav=-0.01,-0.01,-0.98
[INFO] [1788293304.787758210, 296.179000000]: RL policy input vx=0.449 vy=0.000 wz=-0.060 action_rms=0.283 ready=1 userCmd=0 kbd=0 raw=0.449,0.000,-0.060 grav=0.00,-0.02,-0.98
[INFO] [1788293308.899357837, 298.193000000]: RL policy input vx=0.706 vy=0.016 wz=0.025 action_rms=0.174 ready=1 userCmd=0 kbd=0 raw=0.706,0.016,0.025 grav=-0.00,0.01,-0.98
[INFO] [1788293312.747408336, 300.197000000]: RL policy input vx=0.450 vy=0.000 wz=0.014 action_rms=0.157 ready=1 userCmd=0 kbd=0 raw=0.450,0.000,0.014 grav=0.01,-0.01,-0.98
[INFO] [1788293316.770751309, 302.207000000]: RL policy input vx=0.450 vy=0.000 wz=-0.015 action_rms=0.287 ready=1 userCmd=0 kbd=0 raw=0.450,0.000,-0.015 grav=0.00,-0.02,-0.98
[INFO] [1788293320.766252428, 304.209000000]: RL policy input vx=1.900 vy=0.110 wz=0.064 action_rms=0.324 ready=1 userCmd=0 kbd=0 raw=1.900,0.110,0.064 grav=-0.02,-0.01,-0.98
[INFO] [1788293324.895215978, 306.220000000]: RL policy input vx=0.000 vy=0.000 wz=-0.212 action_rms=0.203 ready=1 userCmd=0 kbd=0 raw=0.000,0.000,-0.212 grav=0.02,-0.02,-0.98
[INFO] [1788293328.935568591, 308.223000000]: RL policy input vx=0.000 vy=0.000 wz=-2.400 action_rms=0.242 ready=1 userCmd=0 kbd=0 raw=0.000,0.000,-2.400 grav=0.00,0.01,-0.98
[INFO] [1788293332.607261620, 310.243000000]: RL policy input vx=0.430 vy=0.649 wz=1.084 action_rms=0.367 ready=1 userCmd=0 kbd=0 raw=0.430,0.649,1.084 grav=-0.01,-0.02,-0.98
[INFO] [1788293336.743357654, 312.262000000]: RL policy input vx=0.316 vy=0.057 wz=0.195 action_rms=0.148 ready=1 userCmd=0 kbd=0 raw=0.316,0.057,0.195 grav=0.03,-0.01,-0.98
[INFO] [1788293340.752742119, 314.276000000]: RL policy input vx=0.000 vy=0.000 wz=2.400 action_rms=0.177 ready=1 userCmd=0 kbd=0 raw=0.000,0.000,2.400 grav=0.02,0.02,-0.98
[INFO] [1788293344.326539562, 316.286000000]: RL policy input vx=1.165 vy=0.207 wz=0.194 action_rms=0.269 ready=1 userCmd=0 kbd=0 raw=1.165,0.207,0.194 grav=0.02,0.04,-0.98
[INFO] [1788293348.074537228, 318.290000000]: RL policy input vx=0.000 vy=0.000 wz=0.437 action_rms=0.190 ready=1 userCmd=0 kbd=0 raw=0.000,0.000,0.437 grav=0.03,-0.00,-0.98
[INFO] [1788293352.354155861, 320.298000000]: RL policy input vx=0.449 vy=0.000 wz=0.052 action_rms=0.252 ready=1 userCmd=0 kbd=0 raw=0.449,0.000,0.052 grav=0.01,-0.02,-0.98
[INFO] [1788293356.554725629, 322.308000000]: RL policy input vx=0.408 vy=0.000 wz=0.001 action_rms=0.158 ready=1 userCmd=0 kbd=0 raw=0.408,0.000,0.001 grav=0.01,-0.01,-0.98
[INFO] [1788293360.836917040, 324.321000000]: RL policy input vx=0.888 vy=0.750 wz=0.772 action_rms=0.241 ready=1 userCmd=0 kbd=0 raw=0.888,0.750,0.772 grav=-0.01,-0.04,-0.98
[INFO] [1788293365.082728381, 326.341000000]: RL policy input vx=2.247 vy=0.112 wz=0.055 action_rms=0.351 ready=1 userCmd=0 kbd=0 raw=2.247,0.112,0.055 grav=-0.01,0.03,-0.98
[INFO] [1788293369.446478877, 328.350000000]: RL policy input vx=2.247 vy=0.115 wz=0.056 action_rms=0.299 ready=1 userCmd=0 kbd=0 raw=2.247,0.115,0.056 grav=0.03,-0.04,-0.98
[INFO] [1788293373.529753126, 330.355000000]: RL policy input vx=2.244 vy=0.161 wz=0.079 action_rms=0.359 ready=1 userCmd=0 kbd=0 raw=2.244,0.161,0.079 grav=-0.01,-0.05,-0.98
[INFO] [1788293376.835329510, 332.367000000]: RL policy input vx=2.247 vy=0.119 wz=0.058 action_rms=0.333 ready=1 userCmd=0 kbd=0 raw=2.247,0.119,0.058 grav=0.01,0.03,-0.98
[INFO] [1788293380.521311377, 334.373000000]: RL policy input vx=2.249 vy=0.058 wz=0.028 action_rms=0.332 ready=1 userCmd=0 kbd=0 raw=2.249,0.058,0.028 grav=0.05,0.05,-0.98
[INFO] [1788293383.863798264, 336.375000000]: RL policy input vx=2.206 vy=-0.441 wz=-0.217 action_rms=0.372 ready=1 userCmd=0 kbd=0 raw=2.206,-0.441,-0.217 grav=-0.09,-0.10,-0.97
[INFO] [1788293387.379036510, 338.392000000]: RL policy input vx=2.237 vy=-0.241 wz=-0[FSM]: state: INIT
wait for goal.
[FSM]: state: INIT
wait for goal.
[FSM]: state: INIT
wait for goal.
[FSM]: state: INIT
wait for goal.
[FSM]: state: INIT
wait for goal.
[FSM]: state: INIT
wait for goal.
[FSM]: state: INIT
wait for goal.
[FSM]: state: INIT
wait for goal.
[FSM]: state: INIT
wait for goal.
.118 action_rms=0.468 ready=1 userCmd=0 kbd=0 raw=2.237,-0.241,-0.118 grav=0.01,0.03,-0.98
[INFO] [1788293390.763771309, 340.393000000]: RL policy input vx=0.668 vy=0.067 wz=0.110 action_rms=0.187 ready=1 userCmd=0 kbd=0 raw=0.668,0.067,0.110 grav=0.07,-0.06,-0.98
[INFO] [1788293394.035085291, 342.398000000]: RL policy input vx=1.352 vy=-0.466 wz=-0.365 action_rms=0.208 ready=1 userCmd=0 kbd=0 raw=1.352,-0.466,-0.365 grav=-0.02,-0.07,-0.98
[INFO] [1788293397.750315361, 344.412000000]: RL policy input vx=0.298 vy=-0.032 wz=-0.119 action_rms=0.148 ready=1 userCmd=0 kbd=0 raw=0.298,-0.032,-0.119 grav=0.03,-0.02,-0.98
[INFO] [1788293401.302644058, 346.412000000]: RL policy input vx=0.000 vy=0.000 wz=-0.440 action_rms=0.157 ready=1 userCmd=0 kbd=0 raw=0.000,0.000,-0.440 grav=0.01,0.01,-0.98
[INFO] [1788293405.103080188, 348.431000000]: RL policy input vx=0.000 vy=0.000 wz=0.000 action_rms=0.139 ready=1 userCmd=0 kbd=0 raw=0.000,0.000,0.000 grav=0.00,0.00,-0.98
Switched from RL to fixed stand
[FSM]: state: INIT
wait for goal.
infer_thread退出!
[WARN] [1788293405.646997619, 348.710000000]: Using one-shot captured-pose FixedStand profile: ramp 0.50 s, settle 0.00 s, ready after 0.50 s + 0.50 s stable, minimum gain 0.75
[INFO] Using /stand_target_joints param stance.
Switched from fixed stand to RL
[INFO] Entered RL /cmd_vel mode.
[WARN] [1788293407.196371231, 349.397000000]: Using one-shot stair RL takeover profile: blend 0.50 s, zero hold 0.15 s
cuda::is_available():1
RL inference device: cuda (requested=hybrid, policy=stair)
[INFO] RL policy activated from preload cache at FixedStand entry boundary: /workspace/SimEnv/src/unitree_guide/logs/policy_act_inference_stair.pt
[FSM]: state: INIT
wait for goal.
[FSM]: state: INIT
wait for goal.
[FSM]: state: INIT
wait for goal.
[FSM]: state: INIT
wait for goal.
[FSM]: state: INIT
wait for goal.
[FSM]: state: INIT
wait for goal.
[FSM]: state: INIT
wait for goal.
[FSM]: state: INIT
wait for goal.
[FSM]: state: INIT
wait for goal.
[FSM]: state: INIT
wait for goal.
[FSM]: state: INIT
wait for goal.
[FSM]: state: INIT
wait for goal.
[FSM]: state: INIT
wait for goal.
[FSM]: state: INIT
wait for goal.
[FSM]: state: INIT
wait for goal.
[FSM]: state: INIT
wait for goal.
[FSM]: state: INIT
wait for goal.
[FSM]: state: INIT
wait for goal.
[FSM]: state: INIT
wait for goal.
[FSM]: state: INIT
wait for goal.
[WARN] [1788293447.786156152, 371.411000000]: Using one-shot plane RL takeover profile: blend 0.50 s, zero hold 0.15 s
[FSM]: state: INIT
wait for goal.
[INFO] [1788293408.487265925, 350.055000000]: RL locomotion_ready latched after 0.66 s takeover and 0.65 s stable hold
[INFO] [1788293409.363048131, 350.451000000]: RL policy input vx=0.537 vy=-0.042 wz=-0.027 action_rms=0.195 ready=1 userCmd=0 kbd=0 raw=0.537,-0.042,-0.027 grav=-0.01,0.02,-0.98
[INFO] [1788293413.442838849, 352.469000000]: RL policy input vx=0.800 vy=0.012 wz=0.016 action_rms=0.386 ready=1 userCmd=0 kbd=0 raw=0.800,0.012,0.016 grav=-0.38,0.02,-0.90
[INFO] [1788293417.556132341, 354.483000000]: RL policy input vx=0.795 vy=0.086 wz=0.038 action_rms=0.393 ready=1 userCmd=0 kbd=0 raw=0.795,0.086,0.038 grav=-0.34,-0.07,-0.92
[INFO] [1788293421.670886023, 356.504000000]: RL policy input vx=0.798 vy=0.058 wz=0.025 action_rms=0.353 ready=1 userCmd=0 kbd=0 raw=0.798,0.058,0.025 grav=-0.32,-0.03,-0.93
[INFO] [1788293425.975825034, 358.516000000]: RL policy input vx=0.602 vy=-0.176 wz=-0.313 action_rms=0.226 ready=1 userCmd=0 kbd=0 raw=0.602,-0.176,-0.313 grav=-0.00,-0.01,-0.98
[INFO] [1788293429.884255112, 360.533000000]: RL policy input vx=0.000 vy=0.000 wz=-1.200 action_rms=0.157 ready=1 userCmd=0 kbd=0 raw=0.000,0.000,-1.200 grav=-0.01,0.01,-0.98
[INFO] [1788293433.176593174, 362.553000000]: RL policy input vx=0.000 vy=0.000 wz=-0.286 action_rms=0.191 ready=1 userCmd=0 kbd=0 raw=0.000,0.000,-0.286 grav=-0.02,0.03,-0.98
[INFO] [1788293437.076830875, 364.571000000]: RL policy input vx=0.792 vy=-0.110 wz=-0.048 action_rms=0.293 ready=1 userCmd=0 kbd=0 raw=0.792,-0.110,-0.048 grav=-0.22,-0.11,-0.95
[INFO] [1788293440.330513709, 366.593000000]: RL policy input vx=0.598 vy=0.205 wz=0.003 action_rms=0.314 ready=1 userCmd=0 kbd=0 raw=0.598,0.205,0.003 grav=-0.42,-0.05,-0.88
[INFO] [1788293443.463989951, 368.596000000]: RL policy input vx=0.800 vy=-0.024 wz=-0.010 action_rms=0.457 ready=1 userCmd=0 kbd=0 raw=0.800,-0.024,-0.010 grav=-0.38,-0.02,-0.90
[INFO] [1788293446.481572693, 370.611000000]: RL policy input vx=0.800 vy=-0.034 wz=0.003 action_rms=0.336 ready=1 userCmd=0 kbd=0 raw=0.800,-0.034,0.003 grav=-0.20,0.06,-0.96
cuda::is_available():1
RL inference device: cpu (requested=hybrid, policy=plane)
[INFO] RL policy hot-switched from preload cache: /workspace/SimEnv/src/unitree_guide/logs/policy_act_inference_plane.pt
[FSM]: state: INIT
wait for goal.
[FSM]: state: INIT
wait for goal.
[FSM]: state: INIT
wait for goal.
[FSM]: state: INIT
wait for goal.
[FSM]: state: INIT
wait for goal.
[INFO] [1788293403.740331, 347.811000]: Floor-2 stair controller armed by SECOND_FLOOR_EXPLORATION_COMPLETE.
[INFO] [1788293403.784070, 347.820000]: Robot is already 0.02 m from the pre-riser pose; skipping the corridor/side legs.
[INFO] [1788293403.788277, 347.822000]: Pre-ascent residual heading error -0.119 rad (visual_depth=False, bearing=none).
[INFO] [1788293404.909037, 348.340000]: Flight-A body settled for 0.36 s; waiting for joint RMS capture window <= 0.180 (current=0.991).
[INFO] [1788293405.140209, 348.442000]: Pre-ascent stand target set from flight-A pre-reload capture entry sample
[INFO] [1788293405.159278, 348.454000]: Flight-A plane gait settled at joint RMS 0.177; holding FixedStand for at least 0.1 s at snapshot pose before queued stair-policy entry.
[INFO] [1788293406.907701, 349.239000]: Flight-A FixedStand readiness gate complete; queued the stair policy for State_RL entry and retaining stand ownership for 0.25 s.
[INFO] [1788293407.186241, 349.385000]: Flight-A policy request has been queued under FixedStand; requesting RL so State_RL loads it before inference starts.
[INFO] [1788293408.508863, 350.071000]: Fresh RL readiness confirmed after the flight-A FixedStand boundary; starting the climb ramp.
[INFO] [1788293408.539434, 350.080000]: Flight-A fresh RL readiness observed; ascent clocks reset and 1.2 s climb ramp started.
[INFO] [1788293408.543600, 350.083000]: STPUB phase=STAIR_ASCENT world=(0.000,0.002,-0.031) body=(0.002,-0.000,-0.031) truth_z=2.912 pose=2.912409785076211
[INFO] [1788293410.765950, 351.100000]: STPUB phase=STAIR_ASCENT world=(-0.220,0.600,-0.024) body=(0.614,0.179,-0.024) truth_z=2.958 pose=2.9580673132420854
[INFO] [1788293412.746737, 352.103000]: STPUB phase=STAIR_ASCENT world=(0.000,0.600,0.002) body=(0.600,0.003,0.002) truth_z=3.168 pose=3.164451520381178
[INFO] [1788293414.894529, 353.120000]: STPUB phase=STAIR_ASCENT world=(0.000,0.800,0.019) body=(0.799,0.043,0.019) truth_z=3.413 pose=3.4119510363001093
[INFO] [1788293416.861044, 354.140000]: STPUB phase=STAIR_ASCENT world=(0.000,0.800,0.034) body=(0.796,0.078,0.034) truth_z=3.643 pose=3.645355684931938
[INFO] [1788293418.894232, 355.160000]: STPUB phase=STAIR_ASCENT world=(0.024,0.800,0.036) body=(0.798,0.058,0.036) truth_z=3.888 pose=3.888459457486434
[INFO] [1788293420.948124, 356.161000]: STPUB phase=STAIR_ASCENT world=(0.000,0.800,0.023) body=(0.798,0.052,0.023) truth_z=4.120 pose=4.118286974882209
[INFO] [1788293422.241464, 356.760000]: Intermediate landing entered at y=4.76 m; starting moving turn.
[INFO] [1788293423.190766, 357.180000]: STPUB phase=STAIR_LANDING_TURN world=(0.750,0.000,-1.200) body=(0.303,-0.686,-1.200) truth_z=4.221 pose=4.2209826975546685
[INFO] [1788293425.280593, 358.200000]: STPUB phase=STAIR_LANDING_TURN world=(0.750,0.000,-0.433) body=(0.693,-0.288,-0.433) truth_z=4.214 pose=4.214670420398787
[INFO] [1788293427.266562, 359.222000]: STPUB phase=STAIR_LANDING_TURN world=(0.316,0.000,-0.149) body=(0.313,-0.043,-0.149) truth_z=4.214 pose=4.21513040115881
[INFO] [1788293429.365674, 360.240000]: STPUB phase=STAIR_LANDING_TURN world=(0.000,0.000,-1.200) body=(0.000,0.000,-1.200) truth_z=4.217 pose=4.216289974084302
[INFO] [1788293431.003353, 361.265000]: STPUB phase=STAIR_LANDING_TURN world=(0.000,0.000,-0.576) body=(0.000,0.000,-0.576) truth_z=4.213 pose=4.2134897332235575
[INFO] [1788293432.727025, 362.280000]: STPUB phase=STAIR_LANDING_TURN world=(0.000,0.000,-0.310) body=(0.000,0.000,-0.310) truth_z=4.232 pose=4.231448087366676
[INFO] [1788293434.560074, 363.304000]: STPUB phase=STAIR_LANDING_TURN world=(0.000,0.000,-0.240) body=(0.000,0.000,-0.240) truth_z=4.237 pose=4.237049677398055
[INFO] [1788293435.160612, 363.581000]: Flight-B entry aligned: x error=-0.001 m, heading error=-0.148 rad.
[INFO] [1788293435.166848, 363.587000]: Flight-B entry joints saved (12 dofs) -> /root/autodl-tmp/code/restore/0803b/overall_l0829/results/oblique_final10_fixbend_seed27_b1/flight_b_entry_joints_1.json
[INFO] [1788293435.187305, 363.602000]: ASCENT_B gate: entry_guide=True truth_pose=True start_z=2.912 profile=True heading=-1.571 pose_z=4.226383330483378 truth_z=4.226288890843217
[INFO] [1788293435.194407, 363.606000]: Pre-ascent RL settle: holding zero command until motion is stable for 0.6 s before FixedStand.
[INFO] [1788293435.199335, 363.610000]: Pre-ascent RL settle active: stable 0.00/0.60 s.
[INFO] [1788293435.929157, 363.980000]: Pre-ascent RL motion settled for 0.62 s; settle-only gate complete (FixedStand disabled).
[INFO] [1788293436.646281, 364.320000]: STPUB phase=STAIR_ASCENT_B world=(0.000,-0.800,-0.054) body=(0.791,-0.122,-0.054) truth_z=4.249 pose=4.248590478659379
[INFO] [1788293437.207082, 364.620000]: ASCENT_B gate: entry_guide=True truth_pose=True start_z=2.912 profile=True heading=-1.571 pose_z=4.2826348509511245 truth_z=4.2826348509511245
[INFO] [1788293438.355898, 365.340000]: STPUB phase=STAIR_ASCENT_B world=(-0.026,-0.800,-0.023) body=(0.797,-0.079,-0.023) truth_z=4.435 pose=4.4296020339025715
[INFO] [1788293438.824482, 365.640000]: ASCENT_B gate: entry_guide=True truth_pose=True start_z=2.912 profile=True heading=-1.571 pose_z=4.508684569883609 truth_z=4.506855039635021
[INFO] [1788293439.972945, 366.362000]: STPUB phase=STAIR_ASCENT_B world=(0.000,-0.800,0.009) body=(0.800,0.020,0.009) truth_z=4.667 pose=4.662744076092756
[INFO] [1788293440.446832, 366.660000]: ASCENT_B gate: entry_guide=True truth_pose=True start_z=2.912 profile=True heading=-1.571 pose_z=4.727674057256166 truth_z=4.726049068063671
[INFO] [1788293441.542682, 367.381000]: STPUB phase=STAIR_ASCENT_B world=(0.000,-0.800,0.014) body=(0.799,0.032,0.014) truth_z=4.915 pose=4.916047720389634
[INFO] [1788293442.031329, 367.661000]: ASCENT_B gate: entry_guide=True truth_pose=True start_z=2.912 profile=True heading=-1.571 pose_z=4.87005399396154 truth_z=4.870332923271287
[INFO] [1788293443.163807, 368.400000]: STPUB phase=STAIR_ASCENT_B world=(0.000,-0.800,-0.004) body=(0.800,-0.010,-0.004) truth_z=5.015 pose=5.016564165001521
[INFO] [1788293443.591522, 368.665000]: ASCENT_B gate: entry_guide=True truth_pose=True start_z=2.912 profile=True heading=-1.571 pose_z=5.0826954924740795 truth_z=5.082317604553352
[INFO] [1788293444.707435, 369.405000]: STPUB phase=STAIR_ASCENT_B world=(0.000,-0.800,0.006) body=(0.800,0.014,0.006) truth_z=5.230 pose=5.228659542628295
[INFO] [1788293445.152300, 369.680000]: ASCENT_B gate: entry_guide=True truth_pose=True start_z=2.912 profile=True heading=-1.571 pose_z=5.319110900469235 truth_z=5.319615289510558
[INFO] [1788293446.231794, 370.423000]: STPUB phase=STAIR_ASCENT_B world=(-0.035,-0.800,-0.007) body=(0.799,-0.051,-0.007) truth_z=5.470 pose=5.471736562745865
[INFO] [1788293446.606692, 370.684000]: ASCENT_B gate: entry_guide=True truth_pose=True start_z=2.912 profile=True heading=-1.571 pose_z=5.4999911500746785 truth_z=5.501295794280686
[INFO] [1788293447.194845, 371.060000]: Upper landing entered: gain=2.59 m, clearance=0.00 m; stabilizing for 0.5 s.
[INFO] [1788293447.695586, 371.360000]: Floor-3 landing confirmed after two flights: gain=2.60 m clearance=0.11 m.
[INFO] [1788293448.883492, 372.112000]: Plane policy acknowledged on the upper landing; releasing stair controller ownership.
[FSM]: state: INIT
wait for goal.
[FSM]: state: INIT
wait for goal.
[FSM]: state: INIT
wait for goal.
[FSM]: state: INIT
wait for goal.
[FSM]: state: INIT
wait for goal.
[FSM]: state: INIT
wait for goal.
[FSM]: state: INIT
wait for goal.
[FSM]: state: INIT
wait for goal.
[FSM]: state: INIT
wait for goal.
[FSM]: state: INIT
wait for goal.
[FSM]: state: INIT
wait for goal.
[FSM]: state: INIT
wait for goal.
[FSM]: state: INIT
wait for goal.
[FSM]: state: INIT
wait for goal.
[FSM]: state: INIT
wait for goal.
[FSM]: state: INIT
wait for goal.
[FSM]: state: INIT
wait for goal.
[FSM]: state: INIT
wait for goal.
[FSM]: state: INIT
wait for goal.
[FSM]: state: INIT
wait for goal.
[FSM]: state: INIT
wait for goal.
[FSM]: state: INIT
wait for goal.
[FSM]: state: INIT
wait for goal.
[FSM]: state: INIT
wait for goal.
[FSM]: state: INIT
wait for goal.
[FSM]: state: INIT
wait for goal.
[FSM]: state: INIT
wait for goal.
[FSM]: state: INIT
wait for goal.
[FSM]: state: INIT
wait for goal.
[FSM]: state: INIT
wait for goal.
[FSM]: state: INIT
wait for goal.
[FSM]: state: INIT
wait for goal.
[FSM]: state: INIT
wait for goal.
[FSM]: state: INIT
wait for goal.
[INFO] [1788293448.785100000, 372.062000000]: RL locomotion_ready latched after 0.65 s takeover and 0.36 s stable hold
[INFO] [1788293449.831682408, 372.627000000]: RL policy input vx=0.000 vy=0.000 wz=0.941 action_rms=0.148 ready=1 userCmd=0 kbd=0 raw=0.000,0.000,0.941 grav=-0.01,0.01,-0.98
[INFO] [1788293453.041883818, 374.641000000]: RL policy input vx=0.000 vy=0.000 wz=0.203 action_rms=0.167 ready=1 userCmd=0 kbd=0 raw=0.000,0.000,0.203 grav=0.01,-0.01,-0.98
[INFO] [1788293456.369890586, 376.651000000]: RL policy input vx=0.146 vy=0.450 wz=1.150 action_rms=0.176 ready=1 userCmd=0 kbd=0 raw=0.146,0.450,1.150 grav=0.02,-0.07,-0.98
[INFO] [1788293459.906805931, 378.670000000]: RL policy input vx=2.240 vy=0.216 wz=0.106 action_rms=0.284 ready=1 userCmd=0 kbd=0 raw=2.240,0.216,0.106 grav=0.07,0.07,-0.97
[INFO] [1788293463.586582668, 380.678000000]: RL policy input vx=2.249 vy=0.063 wz=0.031 action_rms=0.301 ready=1 userCmd=0 kbd=0 raw=2.249,0.063,0.031 grav=-0.00,-0.03,-0.98
[INFO] [1788293466.786210934, 382.690000000]: RL policy input vx=2.247 vy=0.109 wz=0.053 action_rms=0.314 ready=1 userCmd=0 kbd=0 raw=2.247,0.109,0.053 grav=0.01,0.05,-0.98
[INFO] [1788293470.129631692, 384.699000000]: RL policy input vx=1.119 vy=0.178 wz=0.174 action_rms=0.270 ready=1 userCmd=0 kbd=0 raw=1.119,0.178,0.174 grav=0.10,-0.06,-0.97
[INFO] [1788293473.359226414, 386.713000000]: RL policy input vx=0.000 vy=0.000 wz=0.696 action_rms=0.147 ready=1 userCmd=0 kbd=0 raw=0.000,0.000,0.696 grav=0.03,0.01,-0.98
[INFO] [1788293476.477965256, 388.717000000]: RL policy input vx=0.449 vy=0.000 wz=0.083 action_rms=0.174 ready=1 userCmd=0 kbd=0 raw=0.449,0.000,0.083 grav=0.01,-0.02,-0.98
[INFO] [1788293479.537101287, 390.727000000]: RL policy input vx=0.450 vy=0.000 wz=0.002 action_rms=0.299 ready=1 userCmd=0 kbd=0 raw=0.450,0.000,0.002 grav=0.00,-0.02,-0.98
[INFO] [1788293482.710586038, 392.740000000]: RL policy input vx=2.145 vy=-0.004 wz=-0.002 action_rms=0.334 ready=1 userCmd=0 kbd=0 raw=2.145,-0.004,-0.002 grav=0.02,0.02,-0.98
[INFO] [1788293485.831790760, 394.762000000]: RL policy input vx=0.422 vy=-0.004 wz=-0.009 action_rms=0.261 ready=1 userCmd=0 kbd=0 raw=0.422,-0.004,-0.009 grav=0.03,-0.03,-0.98
[INFO] [1788293488.949314367, 396.774000000]: RL policy input vx=0.000 vy=0.000 wz=2.400 action_rms=0.301 ready=1 userCmd=0 kbd=0 raw=0.000,0.000,2.400 grav=0.00,-0.00,-0.98
[INFO] [1788293492.750123778, 398.786000000]: RL policy input vx=0.000 vy=0.000 wz=-1.150 action_rms=0.155 ready=1 userCmd=0 kbd=0 raw=0.000,0.000,-1.150 grav=0.00,-0.01,-0.98
[INFO] [1788293496.576078137, 400.797000000]: RL policy input vx=0.796 vy=-0.237 wz=-0.319 action_rms=0.294 ready=1 userCmd=0 kbd=0 raw=0.796,-0.237,-0.319 grav=0.01,-0.08,-0.98
[INFO] [1788293500.448488279, 402.813000000]: RL policy input vx=0.000 vy=0.000 wz=-2.400 action_rms=0.341 ready=1 userCmd=0 kbd=0 raw=0.000,0.000,-2.400 grav=-0.00,0.01,-0.98
[INFO] [1788293504.382666751, 404.830000000]: RL policy input vx=1.713 vy=-0.750 wz=-0.446 action_rms=0.394 ready=1 userCmd=0 kbd=0 raw=1.713,-0.750,-0.446 grav=-0.03,-0.06,-0.98
[INFO] [1788293508.173543292, 406.845000000]: RL policy input vx=0.295 vy=-0.056 wz=-0.206 action_rms=0.258 ready=1 userCmd=0 kbd=0 raw=0.295,-0.056,-0.206 grav=0.03,-0.01,-0.98
[INFO] [1788293511.497441246, 408.846000000]: RL policy input vx=0.447 vy=0.000 wz=-0.134 action_rms=0.224 ready=1 userCmd=0 kbd=0 raw=0.447,0.000,-0.134 grav=-0.02,-0.01,-0.98
[INFO] [1788293515.149228349, 410.857000000]: RL policy input vx=0.449 vy=0.000 wz=-0.060 action_rms=0.226 ready=1 userCmd=0 kbd=0 raw=0.449,0.000,-0.060 grav=0.01,-0.02,-0.98
[INFO] [1788293518.547742657, 412.873000000]: RL policy input vx=0.821 vy=0.053 wz=0.071 action_rms=0.232 ready=1 userCmd=0 kbd=0 raw=0.821,0.053,0.071 grav=-0.01,-0.03,-0.98
[INFO] [1788293522.291506879, 414.880000000]: RL policy input vx=0.450 vy=0.000 wz=0.009 action_rms=0.257 ready=1 userCmd=0 kbd=0 raw=0.450,0.000,0.009 grav=0.00,-0.02,-0.98
[INFO] [1788293525.908419815, 416.888000000]: RL policy input vx=0.450 vy=0.000 wz=-0.009 action_rms=0.157 ready=1 userCm[FSM]: state: INIT
wait for goal.
[FSM]: state: INIT
wait for goal.
[FSM]: state: INIT
wait for goal.
[FSM]: state: INIT
wait for goal.
[FSM]: state: INIT
wait for goal.
[FSM]: state: INIT
wait for goal.
[FSM]: state: INIT
wait for goal.
[FSM]: state: INIT
wait for goal.
[FSM]: state: INIT
wait for goal.
[FSM]: state: INIT
wait for goal.
[FSM]: state: INIT
wait for goal.
[FSM]: state: INIT
wait for goal.
[FSM]: state: INIT
wait for goal.
[FSM]: state: INIT
wait for goal.
[FSM]: state: INIT
wait for goal.
[FSM]: state: INIT
wait for goal.
[FSM]: state: INIT
wait for goal.
[FSM]: state: INIT
wait for goal.
[FSM]: state: INIT
wait for goal.
[FSM]: state: INIT
wait for goal.
[FSM]: state: INIT
wait for goal.
[FSM]: state: INIT
wait for goal.
[FSM]: state: INIT
wait for goal.
[FSM]: state: INIT
wait for goal.
[FSM]: state: INIT
wait for goal.
[FSM]: state: INIT
wait for goal.
[FSM]: state: INIT
wait for goal.
[FSM]: state: INIT
wait for goal.
[FSM]: state: INIT
wait for goal.
[FSM]: state: INIT
wait for goal.
[FSM]: state: INIT
wait for goal.
[FSM]: state: INIT
wait for goal.
[FSM]: state: INIT
wait for goal.
[FSM]: state: INIT
wait for goal.
[FSM]: state: INIT
wait for goal.
[FSM]: state: INIT
wait for goal.
[FSM]: state: INIT
wait for goal.
Warning: TF_REPEATED_DATA ignoring data with redundant timestamp for frame sliding_map (parent world) at time 460.117000 according to authority /scan_planner_node
         at line 277 in /tmp/binarydeb/ros-noetic-tf2-0.7.10/src/buffer_core.cpp
[FSM]: state: INIT
wait for goal.
Warning: TF_REPEATED_DATA ignoring data with redundant timestamp for frame sliding_map (parent world) at time 460.718000 according to authority /scan_planner_node
         at line 277 in /tmp/binarydeb/ros-noetic-tf2-0.7.10/src/buffer_core.cpp
Warning: TF_REPEATED_DATA ignoring data with redundant timestamp for frame sliding_map (parent world) at time 461.417000 according to authority /scan_planner_node
         at line 277 in /tmp/binarydeb/ros-noetic-tf2-0.7.10/src/buffer_core.cpp
[FSM]: state: INIT
wait for goal.
[FSM]: state: INIT
wait for goal.
[FSM]: state: INIT
wait for goal.
d=0 kbd=0 raw=0.450,0.000,-0.009 grav=0.01,-0.02,-0.98
[INFO] [1788293529.511243515, 418.900000000]: RL policy input vx=2.144 vy=0.051 wz=0.026 action_rms=0.361 ready=1 userCmd=0 kbd=0 raw=2.144,0.051,0.026 grav=0.01,0.02,-0.98
[INFO] [1788293533.370700166, 420.917000000]: RL policy input vx=0.300 vy=0.005 wz=0.018 action_rms=0.160 ready=1 userCmd=0 kbd=0 raw=0.300,0.005,0.018 grav=0.03,-0.01,-0.98
[INFO] [1788293537.066738708, 422.925000000]: RL policy input vx=0.000 vy=0.000 wz=-2.400 action_rms=0.115 ready=1 userCmd=0 kbd=0 raw=0.000,0.000,-2.400 grav=0.01,0.02,-0.98
[INFO] [1788293541.358811263, 424.942000000]: RL policy input vx=0.868 vy=0.750 wz=0.784 action_rms=0.202 ready=1 userCmd=0 kbd=0 raw=0.868,0.750,0.784 grav=-0.01,-0.01,-0.98
[INFO] [1788293545.278616194, 426.942000000]: RL policy input vx=0.297 vy=0.042 wz=0.153 action_rms=0.233 ready=1 userCmd=0 kbd=0 raw=0.297,0.042,0.153 grav=0.02,-0.01,-0.98
[INFO] [1788293548.965940376, 428.960000000]: RL policy input vx=0.000 vy=0.000 wz=2.400 action_rms=0.387 ready=1 userCmd=0 kbd=0 raw=0.000,0.000,2.400 grav=0.01,0.02,-0.98
[INFO] [1788293553.411136275, 430.970000000]: RL policy input vx=0.783 vy=0.159 wz=0.220 action_rms=0.225 ready=1 userCmd=0 kbd=0 raw=0.783,0.159,0.220 grav=0.04,-0.01,-0.98
[INFO] [1788293557.559919783, 432.988000000]: RL policy input vx=0.447 vy=0.000 wz=0.120 action_rms=0.209 ready=1 userCmd=0 kbd=0 raw=0.447,0.000,0.120 grav=-0.00,-0.04,-0.98
[INFO] [1788293561.259289281, 435.001000000]: RL policy input vx=0.450 vy=0.000 wz=0.020 action_rms=0.209 ready=1 userCmd=0 kbd=0 raw=0.450,0.000,0.020 grav=0.01,-0.01,-0.98
[INFO] [1788293564.901229709, 437.002000000]: RL policy input vx=0.000 vy=0.000 wz=-0.901 action_rms=0.220 ready=1 userCmd=0 kbd=0 raw=0.000,0.000,-0.901 grav=0.01,-0.05,-0.98
[INFO] [1788293568.691770904, 439.004000000]: RL policy input vx=2.193 vy=-0.501 wz=-0.247 action_rms=0.373 ready=1 userCmd=0 kbd=0 raw=2.193,-0.501,-0.247 grav=0.04,0.01,-0.98
[INFO] [1788293572.158195670, 441.006000000]: RL policy input vx=2.243 vy=-0.183 wz=-0.089 action_rms=0.326 ready=1 userCmd=0 kbd=0 raw=2.243,-0.183,-0.089 grav=0.01,-0.00,-0.98
[INFO] [1788293575.694721040, 443.026000000]: RL policy input vx=2.250 vy=-0.025 wz=-0.012 action_rms=0.304 ready=1 userCmd=0 kbd=0 raw=2.250,-0.025,-0.012 grav=-0.04,-0.07,-0.98
[INFO] [1788293579.215482509, 445.026000000]: RL policy input vx=2.025 vy=0.186 wz=0.101 action_rms=0.359 ready=1 userCmd=0 kbd=0 raw=2.025,0.186,0.101 grav=-0.01,-0.07,-0.98
[INFO] [1788293582.440967105, 447.034000000]: RL policy input vx=0.366 vy=0.166 wz=0.468 action_rms=0.269 ready=1 userCmd=0 kbd=0 raw=0.366,0.166,0.468 grav=0.01,0.02,-0.98
[INFO] [1788293585.938029434, 449.051000000]: RL policy input vx=0.447 vy=0.000 wz=0.128 action_rms=0.180 ready=1 userCmd=0 kbd=0 raw=0.447,0.000,0.128 grav=-0.01,-0.01,-0.98
[INFO] [1788293589.770829386, 451.056000000]: RL policy input vx=0.450 vy=0.000 wz=0.016 action_rms=0.297 ready=1 userCmd=0 kbd=0 raw=0.450,0.000,0.016 grav=-0.00,-0.02,-0.98
[INFO] [1788293593.807031080, 453.068000000]: RL policy input vx=2.106 vy=0.406 wz=0.209 action_rms=0.465 ready=1 userCmd=0 kbd=0 raw=2.106,0.406,0.209 grav=-0.04,0.05,-0.98
[INFO] [1788293597.506079595, 455.077000000]: RL policy input vx=0.927 vy=0.031 wz=0.036 action_rms=0.363 ready=1 userCmd=0 kbd=0 raw=0.927,0.031,0.036 grav=0.04,-0.05,-0.98
[INFO] [1788293601.035505051, 457.077000000]: RL policy input vx=0.000 vy=0.000 wz=-2.400 action_rms=0.182 ready=1 userCmd=0 kbd=0 raw=0.000,0.000,-2.400 grav=0.02,0.01,-0.98
[INFO] [1788293604.555777252, 459.079000000]: RL policy input vx=0.000 vy=0.000 wz=0.526 action_rms=0.134 ready=1 userCmd=0 kbd=0 raw=0.000,0.000,0.526 grav=0.03,0.02,-0.98
[INFO] [1788293608.207208574, 461.081000000]: RL policy input vx=0.964 vy=0.233 wz=0.261 action_rms=0.327 ready=1 userCmd=0 kbd=0 raw=0.964,0.233,0.261 grav=0.03,0.04,-0.98
[INFO] [1788293611.755554300, 463.101000000]: RL policy input vx=0.000 vy=0.000 wz=2.400 action_rms=0.256 ready=1 userCmd=0 kbd=0 raw=0.000,0.000,2.400 grav=0.02,-0.01,-0.98
[INFO] [1788293615.5664[FSM]: state: INIT
wait for goal.
[FSM]: state: INIT
wait for goal.
[FSM]: state: INIT
wait for goal.
[FSM]: state: INIT
wait for goal.
[FSM]: state: INIT
wait for goal.
[FSM]: state: INIT
wait for goal.
[FSM]: state: INIT
wait for goal.
[FSM]: state: INIT
wait for goal.
[FSM]: state: INIT
wait for goal.
[FSM]: state: INIT
wait for goal.
[FSM]: state: INIT
wait for goal.
[FSM]: state: INIT
wait for goal.
[FSM]: state: INIT
wait for goal.
[FSM]: state: INIT
wait for goal.
[FSM]: state: INIT
wait for goal.
[FSM]: state: INIT
wait for goal.
Warning: TF_REPEATED_DATA ignoring data with redundant timestamp for frame sliding_map (parent world) at time 483.470000 according to authority /scan_planner_node
         at line 277 in /tmp/binarydeb/ros-noetic-tf2-0.7.10/src/buffer_core.cpp
[FSM]: state: INIT
wait for goal.
[FSM]: state: INIT
wait for goal.
[FSM]: state: INIT
wait for goal.
[FSM]: state: INIT
wait for goal.
[FSM]: state: INIT
wait for goal.
Warning: TF_REPEATED_DATA ignoring data with redundant timestamp for frame sliding_map (parent world) at time 488.817000 according to authority /scan_planner_node
         at line 277 in /tmp/binarydeb/ros-noetic-tf2-0.7.10/src/buffer_core.cpp
[FSM]: state: INIT
wait for goal.
[FSM]: state: INIT
wait for goal.
[FSM]: state: INIT
wait for goal.
[FSM]: state: INIT
wait for goal.
[FSM]: state: INIT
wait for goal.
[FSM]: state: INIT
wait for goal.
[FSM]: state: INIT
wait for goal.
[FSM]: state: INIT
wait for goal.
[FSM]: state: INIT
wait for goal.
[FSM]: state: INIT
wait for goal.
[FSM]: state: INIT
wait for goal.
[FSM]: state: INIT
wait for goal.
[FSM]: state: INIT
wait for goal.
[FSM]: state: INIT
wait for goal.
[FSM]: state: INIT
wait for goal.
[FSM]: state: INIT
wait for goal.
[FSM]: state: INIT
wait for goal.
[FSM]: state: INIT
wait for goal.
[FSM]: state: INIT
wait for goal.
[FSM]: state: INIT
wait for goal.
41186, 465.120000000]: RL policy input vx=0.246 vy=0.450 wz=1.150 action_rms=0.324 ready=1 userCmd=0 kbd=0 raw=0.246,0.450,1.150 grav=-0.02,-0.03,-0.98
[INFO] [1788293619.387097032, 467.122000000]: RL policy input vx=0.381 vy=0.071 wz=0.204 action_rms=0.211 ready=1 userCmd=0 kbd=0 raw=0.381,0.071,0.204 grav=0.03,0.01,-0.98
[INFO] [1788293622.682128782, 469.139000000]: RL policy input vx=0.450 vy=0.000 wz=-0.027 action_rms=0.188 ready=1 userCmd=0 kbd=0 raw=0.450,0.000,-0.027 grav=0.01,-0.03,-0.98
[INFO] [1788293625.839360163, 471.156000000]: RL policy input vx=0.410 vy=0.000 wz=-0.046 action_rms=0.285 ready=1 userCmd=0 kbd=0 raw=0.410,0.000,-0.046 grav=0.01,-0.01,-0.98
[INFO] [1788293628.935570509, 473.159000000]: RL policy input vx=0.330 vy=-0.008 wz=-0.025 action_rms=0.174 ready=1 userCmd=0 kbd=0 raw=0.330,-0.008,-0.025 grav=0.02,-0.02,-0.98
[INFO] [1788293632.051271558, 475.166000000]: RL policy input vx=0.450 vy=0.000 wz=-0.014 action_rms=0.175 ready=1 userCmd=0 kbd=0 raw=0.450,0.000,-0.014 grav=0.01,-0.03,-0.98
[INFO] [1788293635.184650550, 477.175000000]: RL policy input vx=0.931 vy=0.401 wz=0.207 action_rms=0.259 ready=1 userCmd=0 kbd=0 raw=0.931,0.401,0.207 grav=0.01,-0.01,-0.98
[INFO] [1788293638.329891085, 479.179000000]: RL policy input vx=1.410 vy=0.078 wz=0.061 action_rms=0.290 ready=1 userCmd=0 kbd=0 raw=1.410,0.078,0.061 grav=0.03,-0.05,-0.98
[INFO] [1788293641.650663257, 481.187000000]: RL policy input vx=0.000 vy=0.000 wz=-1.282 action_rms=0.202 ready=1 userCmd=0 kbd=0 raw=0.000,0.000,-1.282 grav=0.02,0.01,-0.98
[INFO] [1788293645.194962672, 483.195000000]: RL policy input vx=0.000 vy=0.000 wz=-1.186 action_rms=0.111 ready=1 userCmd=0 kbd=0 raw=0.000,0.000,-1.186 grav=0.00,0.03,-0.98
[INFO] [1788293648.612726563, 485.200000000]: RL policy input vx=1.480 vy=0.750 wz=0.516 action_rms=0.257 ready=1 userCmd=0 kbd=0 raw=1.480,0.750,0.516 grav=-0.02,0.11,-0.97
[INFO] [1788293652.486275917, 487.201000000]: RL policy input vx=0.299 vy=0.028 wz=0.101 action_rms=0.152 ready=1 userCmd=0 kbd=0 raw=0.299,0.028,0.101 grav=0.02,-0.01,-0.98
[INFO] [1788293656.133824234, 489.203000000]: RL policy input vx=0.000 vy=0.000 wz=2.189 action_rms=0.130 ready=1 userCmd=0 kbd=0 raw=0.000,0.000,2.189 grav=0.01,-0.01,-0.98
[INFO] [1788293659.870921165, 491.215000000]: RL policy input vx=0.668 vy=0.154 wz=0.250 action_rms=0.185 ready=1 userCmd=0 kbd=0 raw=0.668,0.154,0.250 grav=0.04,-0.00,-0.98
[INFO] [1788293663.610889583, 493.214000000]: RL policy input vx=0.448 vy=0.000 wz=0.115 action_rms=0.239 ready=1 userCmd=0 kbd=0 raw=0.448,0.000,0.115 grav=-0.00,-0.01,-0.98
[INFO] [1788293667.364085462, 495.226000000]: RL policy input vx=0.450 vy=0.000 wz=0.012 action_rms=0.186 ready=1 userCmd=0 kbd=0 raw=0.450,0.000,0.012 grav=0.01,-0.02,-0.98
[INFO] [1788293671.039782451, 497.246000000]: RL policy input vx=0.000 vy=0.000 wz=1.087 action_rms=0.189 ready=1 userCmd=0 kbd=0 raw=0.000,0.000,1.087 grav=0.02,-0.04,-0.98
[INFO] [1788293675.063839593, 499.261000000]: RL policy input vx=2.205 vy=0.449 wz=0.221 action_rms=0.286 ready=1 userCmd=0 kbd=0 raw=2.205,0.449,0.221 grav=-0.02,0.02,-0.98
[INFO] [1788293679.607330668, 501.267000000]: RL policy input vx=2.250 vy=-0.005 wz=-0.002 action_rms=0.272 ready=1 userCmd=0 kbd=0 raw=2.250,-0.005,-0.002 grav=0.04,0.04,-0.98
[INFO] [1788293683.647350540, 503.276000000]: RL policy input vx=2.250 vy=0.025 wz=0.012 action_rms=0.356 ready=1 userCmd=0 kbd=0 raw=2.250,0.025,0.012 grav=-0.05,-0.08,-0.98
[INFO] [1788293687.724958600, 505.296000000]: RL policy input vx=2.250 vy=-0.043 wz=-0.021 action_rms=0.344 ready=1 userCmd=0 kbd=0 raw=2.250,-0.043,-0.021 grav=0.01,0.02,-0.98
[INFO] [1788293691.650154408, 507.299000000]: RL policy input vx=2.250 vy=0.008 wz=0.004 action_rms=0.437 ready=1 userCmd=0 kbd=0 raw=2.250,0.008,0.004 grav=-0.03,-0.06,-0.98
[INFO] [1788293694.968101324, 509.299000000]: RL policy input vx=0.841 vy=0.133 wz=0.173 action_rms=0.129 ready=1 userCmd=0 kbd=0 raw=0.841,0.133,0.173 grav=0.06,-0.07,-0.98
[INFO] [1788293698.099843410, 511.311000000]: RL policy input vx=2.240 vy=-0.209 wz=-0.102 actio[FSM]: state: INIT
wait for goal.
[FSM]: state: INIT
wait for goal.
[FSM]: state: INIT
wait for goal.
[FSM]: state: INIT
wait for goal.
[FSM]: state: INIT
wait for goal.
[FSM]: state: INIT
wait for goal.
[FSM]: state: INIT
wait for goal.
[FSM]: state: INIT
wait for goal.
[FSM]: state: INIT
wait for goal.
n_rms=0.372 ready=1 userCmd=0 kbd=0 raw=2.240,-0.209,-0.102 grav=0.04,0.03,-0.98
[INFO] [1788293701.257277228, 513.317000000]: RL policy input vx=2.249 vy=-0.071 wz=-0.035 action_rms=0.333 ready=1 userCmd=0 kbd=0 raw=2.249,-0.071,-0.035 grav=0.00,0.02,-0.98
[INFO] [1788293704.483904250, 515.322000000]: RL policy input vx=0.588 vy=-0.750 wz=-0.997 action_rms=0.176 ready=1 userCmd=0 kbd=0 raw=0.588,-0.750,-0.997 grav=-0.00,0.01,-0.98
[INFO] [1788293707.661898799, 517.334000000]: RL policy input vx=0.347 vy=0.040 wz=0.127 action_rms=0.169 ready=1 userCmd=0 kbd=0 raw=0.347,0.040,0.127 grav=0.02,-0.00,-0.98
[INFO] [1788293710.681268470, 519.341000000]: RL policy input vx=0.000 vy=0.000 wz=-0.507 action_rms=0.193 ready=1 userCmd=0 kbd=0 raw=0.000,0.000,-0.507 grav=0.01,0.00,-0.98
Switched from RL to fixed stand
infer_thread退出!
[WARN] [1788293714.393608257, 521.472000000]: Using one-shot captured-pose FixedStand profile: ramp 0.50 s, settle 0.00 s, ready after 0.50 s + 0.50 s stable, minimum gain 0.75
[INFO] Using /stand_target_joints param stance.
[FSM]: state: INIT
wait for goal.
Switched from fixed stand to RL
[INFO] Entered RL /cmd_vel mode.
[WARN] [1788293715.910810886, 522.318000000]: Using one-shot stair RL takeover profile: blend 0.75 s, zero hold 0.25 s
cuda::is_available():1
RL inference device: cuda (requested=hybrid, policy=stair)
[INFO] RL policy activated from preload cache at FixedStand entry boundary: /workspace/SimEnv/src/unitree_guide/logs/policy_act_inference_stair.pt
[FSM]: state: INIT
wait for goal.
[FSM]: state: INIT
wait for goal.
[FSM]: state: INIT
wait for goal.
[FSM]: state: INIT
wait for goal.
Warning: TF_REPEATED_DATA ignoring data with redundant timestamp for frame sliding_map (parent world) at time 527.458000 according to authority /scan_planner_node
         at line 277 in /tmp/binarydeb/ros-noetic-tf2-0.7.10/src/buffer_core.cpp
[FSM]: state: INIT
wait for goal.
[FSM]: state: INIT
wait for goal.
[FSM]: state: INIT
wait for goal.
[FSM]: state: INIT
wait for goal.
[FSM]: state: INIT
wait for goal.
[FSM]: state: INIT
wait for goal.
[FSM]: state: INIT
wait for goal.
[FSM]: state: INIT
wait for goal.
[FSM]: state: INIT
wait for goal.
[FSM]: state: INIT
wait for goal.
[FSM]: state: INIT
wait for goal.
[FSM]: state: INIT
wait for goal.
[FSM]: state: INIT
wait for goal.
[FSM]: state: INIT
wait for goal.
[FSM]: state: INIT
wait for goal.
[FSM]: state: INIT
wait for goal.
[FSM]: state: INIT
wait for goal.
[FSM]: state: INIT
wait for goal.
[FSM]: state: INIT
wait for goal.
[FSM]: state: INIT
wait for goal.
[FSM]: state: INIT
wait for goal.
[FSM]: state: INIT
wait for goal.
[FSM]: state: INIT
wait for goal.
[FSM]: state: INIT
wait for goal.
[FSM]: state: INIT
wait for goal.
[FSM]: state: INIT
wait for goal.
[FSM]: state: INIT
wait for goal.
[FSM]: state: INIT
wait for goal.
[FSM]: state: INIT
wait for goal.
[INFO] [1788293712.765691, 520.497000]: DSTPUB phase=STAIR_DESCENT_PRE_ALIGN world=(0.300,0.000,-0.173) body=(-0.057,-0.294,-0.173) truth_z=5.514 drop=0.000 pitch=0.0deg seg=0
[INFO] [1788293713.773915, 521.095000]: Descent policy boundary captured joint RMS 0.322.
[INFO] [1788293713.959387, 521.206000]: Descent plane gait settled; entering FixedStand before the stair-policy load.
[INFO] [1788293715.720555, 522.213000]: Descent FixedStand is ready; stair policy queued.
[INFO] [1788293715.894082, 522.312000]: Descent stair policy queued under FixedStand; requesting fresh stair-RL entry.
[INFO] [1788293717.832211, 523.434000]: Descent stair RL fresh readiness confirmed; warming up 0.8 s.
[INFO] [1788293718.755313, 523.925000]: Descent FLIGHT_B start: z=5.513 drop gate 1.05 m.
[INFO] [1788293718.838050, 523.968000]: DSTPUB phase=STAIR_DESCENT_FLIGHT_B world=(-0.094,0.542,-0.070) body=(0.550,0.000,-0.070) truth_z=5.513 drop=0.000 pitch=0.0deg seg=0
[INFO] [1788293720.598866, 524.979000]: DSTPUB phase=STAIR_DESCENT_FLIGHT_B world=(-0.073,0.545,-0.080) body=(0.550,0.000,-0.080) truth_z=5.516 drop=-0.003 pitch=0.0deg seg=1
[INFO] [1788293722.781366, 526.009000]: DSTPUB phase=STAIR_DESCENT_FLIGHT_B world=(-0.046,0.548,-0.076) body=(0.550,0.000,-0.076) truth_z=5.304 drop=0.209 pitch=0.0deg seg=28
[INFO] [1788293725.153102, 527.010000]: DSTPUB phase=STAIR_DESCENT_FLIGHT_B world=(-0.010,0.500,-0.059) body=(0.500,0.000,-0.059) truth_z=5.087 drop=0.426 pitch=0.0deg seg=24
[INFO] [1788293727.211269, 528.027000]: DSTPUB phase=STAIR_DESCENT_FLIGHT_B world=(0.004,0.500,-0.035) body=(0.500,0.000,-0.035) truth_z=4.860 drop=0.652 pitch=0.0deg seg=23
[INFO] [1788293729.199005, 529.060000]: DSTPUB phase=STAIR_DESCENT_FLIGHT_B world=(-0.001,0.600,-0.022) body=(0.600,0.000,-0.022) truth_z=4.513 drop=0.999 pitch=0.0deg seg=24
[INFO] [1788293731.176841, 530.072000]: DSTPUB phase=STAIR_DESCENT_FLIGHT_B world=(0.005,0.600,-0.003) body=(0.600,0.000,-0.003) truth_z=4.280 drop=1.232 pitch=0.0deg seg=25
[INFO] [1788293732.972196, 530.993000]: Flight-B descent complete: drop=1.30 m y=5.06; starting landing turn.
[INFO] [1788293735.844460, 532.511000]: DSTPUB phase=STAIR_DESCENT_TURN world=(-0.400,0.000,0.898) body=(0.026,0.399,0.898) truth_z=4.215 drop=1.297 pitch=0.0deg seg=-1
[INFO] [1788293737.526090, 533.529000]: DSTPUB phase=STAIR_DESCENT_TURN world=(-0.400,0.000,1.200) body=(0.366,0.161,1.200) truth_z=4.209 drop=1.303 pitch=0.0deg seg=0
[INFO] [1788293739.147450, 534.534000]: DSTPUB phase=STAIR_DESCENT_TURN world=(-0.400,0.000,0.844) body=(0.278,-0.288,0.844) truth_z=4.220 drop=1.293 pitch=0.0deg seg=0
[INFO] [1788293740.622222, 535.540000]: DSTPUB phase=STAIR_DESCENT_TURN world=(-0.400,0.000,0.340) body=(0.083,-0.391,0.340) truth_z=4.217 drop=1.296 pitch=0.0deg seg=0
[INFO] [1788293740.764652, 535.633000]: Descent landing heading captured at error 0.162 rad; using shortest-path hold while x aligns.
[INFO] [1788293742.270896, 536.545000]: DSTPUB phase=STAIR_DESCENT_TURN world=(-0.300,0.005,0.036) body=(0.005,-0.300,0.036) truth_z=4.214 drop=1.299 pitch=0.0deg seg=0
[INFO] [1788293743.644164, 537.388000]: Descent FLIGHT_A start: z=5.513 drop gate 2.45 m.
[INFO] [1788293743.648925, 537.405000]: Descent landing aligned: x err=-0.116 m, heading err=-0.009 rad; starting flight A.
[INFO] [1788293743.915184, 537.550000]: DSTPUB phase=STAIR_DESCENT_FLIGHT_A world=(-0.002,-0.550,0.035) body=(0.550,0.000,0.035) truth_z=4.213 drop=1.299 pitch=0.0deg seg=-1
[INFO] [1788293745.754934, 538.557000]: DSTPUB phase=STAIR_DESCENT_FLIGHT_A world=(0.041,-0.548,-0.016) body=(0.550,0.000,-0.016) truth_z=4.095 drop=1.417 pitch=0.0deg seg=18
[INFO] [1788293747.772112, 539.565000]: DSTPUB phase=STAIR_DESCENT_FLIGHT_A world=(0.002,-0.730,0.003) body=(0.730,0.000,0.003) truth_z=3.836 drop=1.676 pitch=0.0deg seg=23
[INFO] [1788293749.684524, 540.614000]: DSTPUB phase=STAIR_DESCENT_FLIGHT_A world=(-0.043,-0.548,0.010) body=(0.550,0.000,0.010) truth_z=3.558 drop=1.955 pitch=0.0deg seg=26
[INFO] [1788293751.498696, 541.636000]: DSTPUB phase=STAIR_DESCENT_FLIGHT_A world=(-0.082,-0.544,0.062) body=(0.550,0.000,0.062) truth_z=3.309 drop=2.204 pitch=0.0deg seg=29
[INFO] [1788293753.382884, 542.640000]: DSTPUB phase=STAIR_DESCENT_FLIGHT_A world=(-0.054,-0.598,0.069) body=(0.600,0.000,0.069) truth_z=3.150 drop=2.363 pitch=0.0deg seg=25
[INFO] [1788293755.241701, 543.669000]: DSTPUB phase=STAIR_DESCENT_FLIGHT_A world=(-0.025,-0.549,0.057) body=(0.550,0.000,0.057) truth_z=2.939 drop=2.574 pitch=0.0deg seg=24
[INFO] [1788293756.283495, 544.264000]: Segment 1 (F3->F2) complete: drop=2.62 m, elapsed 43.9 s; turning on F2 landing for segment 2.
[INFO] [1788293758.969138, 545.802000]: DSTPUB phase=STAIR_DESCENT_SEGMENT_TURN world=(0.283,0.283,0.000) body=(-0.283,0.282,0.000) truth_z=2.916 drop=0.000 pitch=1.0deg seg=-1
[INFO] [1788293760.273093, 546.571000]: Segment turn aligned (x err=0.156 m, y=1.719 in band [1.70, 1.95]); starting 180 deg turn.
[INFO] [1788293760.698963, 546.804000]: DSTPUB phase=STAIR_DESCENT_SEGMENT_TURN world=(-0.262,0.010,-0.402) body=(-0.003,-0.262,-0.402) truth_z=2.917 drop=0.000 pitch=1.0deg seg=-1
[INFO] [1788293762.442084, 547.811000]: DSTPUB phase=STAIR_DESCENT_SEGMENT_TURN world=(0.300,0.000,0.000) body=(-0.095,0.285,0.000) truth_z=2.929 drop=0.000 pitch=1.0deg seg=-3
[INFO] [1788293762.886463, 548.042000]: Segment turn aligned (x err=0.159 m, y=1.723 in band [1.70, 1.95]); starting 180 deg turn.
[INFO] [1788293764.251675, 548.813000]: DSTPUB phase=STAIR_DESCENT_SEGMENT_TURN world=(-0.049,0.329,-1.000) body=(-0.147,-0.298,-1.000) truth_z=2.915 drop=0.000 pitch=1.0deg seg=0
[INFO] [1788293766.129197, 549.821000]: Segment turn aligned (x err=0.110 m, y=1.946 in band [1.70, 1.95]); starting 180 deg turn.
[INFO] [1788293766.140290, 549.845000]: DSTPUB phase=STAIR_DESCENT_SEGMENT_TURN world=(0.178,0.358,-1.000) body=(-0.089,-0.390,-1.000) truth_z=2.916 drop=0.000 pitch=1.0deg seg=1
[INFO] [1788293768.288131, 550.858000]: DSTPUB phase=STAIR_DESCENT_SEGMENT_TURN world=(0.336,0.177,-0.918) body=(0.010,-0.380,-0.918) truth_z=2.928 drop=0.000 pitch=1.0deg seg=-2
[INFO] [1788293769.129719, 551.251000]: Segment turn complete; standing before descent segment 2.
[INFO] [1788293769.383168, 551.372000]: East-align to flight-b center x=-2.48 before segment 2 flight-b (x=-3.59).
[INFO] [1788293769.598710, 551.451000]: East-align south done (y=1.900); moving east to x=-2.48.
[INFO] [1788293770.535527, 551.887000]: DSTPUB phase=STAIR_DESCENT_EAST_ALIGN world=(0.400,0.012,-0.160) body=(-0.020,-0.400,-0.160) truth_z=2.914 drop=0.000 pitch=1.0deg seg=-1
[INFO] [1788293772.926461, 552.900000]: DSTPUB phase=STAIR_DESCENT_EAST_ALIGN world=(0.400,0.003,0.000) body=(-0.026,-0.399,0.000) truth_z=2.915 drop=0.000 pitch=1.0deg seg=0
[INFO] [1788293775.265163, 553.915000]: DSTPUB phase=STAIR_DESCENT_EAST_ALIGN world=(0.400,-0.009,0.000) body=(-0.039,-0.398,0.000) truth_z=2.915 drop=0.000 pitch=1.0deg seg=0
[INFO] [1788293777.496645, 554.931000]: DSTPUB phase=STAIR_DESCENT_EAST_ALIGN world=(0.300,-0.016,0.000) body=(-0.038,-0.298,0.000) truth_z=2.913 drop=0.000 pitch=1.0deg seg=0
[INFO] [1788293778.971244, 555.644000]: East-align complete (x=-2.641, y=1.872); starting segment-2 flight-b.
[INFO] [1788293778.981104, 555.644000]: Descent FLIGHT_B start: z=2.912 drop gate 1.05 m.
[INFO] [1788293779.665714, 555.953000]: DSTPUB phase=STAIR_DESCENT_FLIGHT_B world=(-0.030,0.549,-0.012) body=(0.550,0.000,-0.012) truth_z=2.917 drop=-0.005 pitch=1.0deg seg=0
[INFO] [1788293782.092468, 556.988000]: DSTPUB phase=STAIR_DESCENT_FLIGHT_B world=(-0.055,0.547,-0.060) body=(0.550,0.000,-0.060) truth_z=2.792 drop=0.120 pitch=1.0deg seg=20
[INFO] [1788293784.470304, 557.993000]: DSTPUB phase=STAIR_DESCENT_FLIGHT_B world=(-0.006,0.729,-0.028) body=(0.729,0.000,-0.028) truth_z=2.539 drop=0.373 pitch=1.0deg seg=21
[INFO] [1788293786.742213, 559.010000]: DSTPUB phase=STAIR_DESCENT_FLIGHT_B world=(0.075,0.797,0.034) body=(0.800,0.000,0.034) truth_z=2.231 drop=0.681 pitch=1.0deg seg=23
[FSM]: state: INIT
wait for goal.
[FSM]: state: INIT
wait for goal.
[FSM]: state: INIT
wait for goal.
[FSM]: state: INIT
wait for goal.
[FSM]: state: INIT
wait for goal.
[FSM]: state: INIT
wait for goal.
[INFO] [1788293715.937153271, 522.335000000]: RL policy input vx=0.000 vy=0.000 wz=0.000 action_rms=0.194 ready=0 userCmd=8 kbd=0 raw=0.000,0.000,0.000 grav=-0.01,-0.05,-0.98
[INFO] [1788293717.603663635, 523.318000000]: RL locomotion_ready latched after 1.00 s takeover and 0.98 s stable hold
[INFO] [1788293719.560869360, 524.351000000]: RL policy input vx=0.550 vy=0.000 wz=-0.073 action_rms=0.133 ready=1 userCmd=8 kbd=0 raw=0.550,0.000,-0.073 grav=-0.02,0.01,-0.98
[INFO] [1788293723.630581769, 526.367000000]: RL policy input vx=0.500 vy=0.000 wz=-0.083 action_rms=0.306 ready=1 userCmd=0 kbd=0 raw=0.500,0.000,-0.083 grav=0.40,-0.01,-0.90
[INFO] [1788293727.890980085, 528.383000000]: RL policy input vx=0.800 vy=0.000 wz=-0.035 action_rms=0.305 ready=1 userCmd=0 kbd=0 raw=0.800,0.000,-0.035 grav=0.39,0.03,-0.90
[INFO] [1788293731.783525753, 530.397000000]: RL policy input vx=0.550 vy=0.000 wz=0.002 action_rms=0.273 ready=1 userCmd=0 kbd=0 raw=0.550,0.000,0.002 grav=0.36,0.07,-0.91
[INFO] [1788293735.638154864, 532.404000000]: RL policy input vx=0.000 vy=0.000 wz=0.000 action_rms=0.146 ready=1 userCmd=0 kbd=0 raw=0.000,0.000,0.000 grav=-0.02,0.00,-0.98
[INFO] [1788293738.888008043, 534.406000000]: RL policy input vx=0.316 vy=-0.246 wz=1.001 action_rms=0.166 ready=1 userCmd=0 kbd=0 raw=0.316,-0.246,1.001 grav=0.02,0.05,-0.98
[INFO] [1788293742.049420834, 536.418000000]: RL policy input vx=0.009 vy=-0.300 wz=0.040 action_rms=0.156 ready=1 userCmd=0 kbd=0 raw=0.009,-0.300,0.040 grav=-0.00,-0.00,-0.98
[INFO] [1788293745.544516555, 538.436000000]: RL policy input vx=0.550 vy=0.000 wz=-0.010 action_rms=0.222 ready=1 userCmd=0 kbd=0 raw=0.550,0.000,-0.010 grav=0.31,0.00,-0.93
[INFO] [1788293749.415929604, 540.439000000]: RL policy input vx=0.550 vy=-0.000 wz=-0.020 action_rms=0.290 ready=1 userCmd=0 kbd=0 raw=0.550,-0.000,-0.020 grav=0.54,-0.07,-0.82
[INFO] [1788293753.016100782, 542.442000000]: RL policy input vx=0.600 vy=0.000 wz=0.061 action_rms=0.268 ready=1 userCmd=0 kbd=0 raw=0.600,0.000,0.061 grav=0.38,0.04,-0.90
[INFO] [1788293756.560932599, 544.448000000]: RL policy input vx=0.000 vy=0.000 wz=0.000 action_rms=0.130 ready=1 userCmd=0 kbd=0 raw=0.000,0.000,0.000 grav=0.07,0.02,-0.98
[INFO] [1788293760.087198433, 546.454000000]: RL policy input vx=-0.002 vy=0.300 wz=0.000 action_rms=0.197 ready=1 userCmd=0 kbd=0 raw=-0.002,0.300,0.000 grav=-0.00,0.03,-0.98
[INFO] [1788293763.660384526, 548.466000000]: RL policy input vx=-0.084 vy=-0.269 wz=-1.000 action_rms=0.139 ready=1 userCmd=0 kbd=0 raw=-0.084,-0.269,-1.000 grav=-0.00,0.04,-0.98
[INFO] [1788293767.447517687, 550.477000000]: RL policy input vx=-0.035 vy=-0.398 wz=-1.000 action_rms=0.226 ready=1 userCmd=0 kbd=0 raw=-0.035,-0.398,-1.000 grav=-0.04,-0.03,-0.98
[INFO] [1788293771.935301258, 552.488000000]: RL policy input vx=-0.021 vy=-0.399 wz=0.000 action_rms=0.179 ready=1 userCmd=0 kbd=0 raw=-0.021,-0.399,0.000 grav=-0.01,0.02,-0.98
[INFO] [1788293776.531591503, 554.500000000]: RL policy input vx=-0.040 vy=-0.348 wz=0.000 action_rms=0.127 ready=1 userCmd=8 kbd=0 raw=-0.040,-0.348,0.000 grav=-0.00,0.00,-0.98
[INFO] [1788293780.892864585, 556.511000000]: RL policy input vx=0.550 vy=0.000 wz=-0.031 action_rms=0.212 ready=1 userCmd=0 kbd=0 raw=0.550,0.000,-0.031 grav=0.12,-0.13,-0.96
[INFO] [1788293785.643600414, 558.526000000]: RL policy input vx=0.800 vy=-0.000 wz=-0.002 action_rms=0.302 ready=1 userCmd=0 kbd=0 raw=0.800,-0.000,-0.002 grav=0.38,0.10,-0.90
[INFO] [1788293790.119683331, 560.539000000]: RL policy input vx=0.550 vy=0.000 wz=-0.036 action_rms=0.182 ready=1 userCmd=0 kbd=0 raw=0.550,0.000,-0.036 grav=0.42,0.05,-0.88
[INFO] [1788293794.871804004, 562.544000000]: RL policy input vx=0.000 vy=0.000 wz=0.000 action_rms=0.198 ready=1 userCmd=0 kbd=0 raw=0.000,0.000,0.000 grav=0.08,-0.05,-0.98
[INFO] [1788293799.142989908, 564.557000000]: RL policy input vx=0.245 vy=0.317 wz=1.200 action_rms=0.176 ready=1 userCmd=0 kbd=0 raw=0.245,0.317,1.200 grav=-0.02,0.07,-0.98
[INFO] [1788293802.988173999, 566.563000000]: RL policy input vx=0.147 vy=-0.372 wz=0.413 action_rms=0.167 r[FSM]: state: INIT
wait for goal.
[FSM]: state: INIT
wait for goal.
[FSM]: state: INIT
wait for goal.
[FSM]: state: INIT
wait for goal.
[FSM]: state: INIT
wait for goal.
Warning: TF_REPEATED_DATA ignoring data with redundant timestamp for frame sliding_map (parent world) at time 571.967000 according to authority /scan_planner_node
         at line 277 in /tmp/binarydeb/ros-noetic-tf2-0.7.10/src/buffer_core.cpp
[FSM]: state: INIT
wait for goal.
[FSM]: state: INIT
wait for goal.
[FSM]: state: INIT
wait for goal.
[WARN] [1788293821.497924103, 576.015000000]: Using one-shot plane RL takeover profile: blend 0.50 s, zero hold 0.15 s
[FSM]: state: INIT
wait for goal.
eady=1 userCmd=8 kbd=0 raw=0.147,-0.372,0.413 grav=0.01,0.01,-0.98
[INFO] [1788293806.848192512, 568.575000000]: RL policy input vx=-0.007 vy=-0.300 wz=0.005 action_rms=0.146 ready=1 userCmd=0 kbd=0 raw=-0.007,-0.300,0.005 grav=0.01,0.00,-0.98
[INFO] [1788293810.860397704, 570.593000000]: RL policy input vx=0.618 vy=-0.000 wz=-0.038 action_rms=0.295 ready=1 userCmd=0 kbd=0 raw=0.618,-0.000,-0.038 grav=0.35,0.02,-0.91
[INFO] [1788293814.901037193, 572.605000000]: RL policy input vx=0.800 vy=0.000 wz=0.011 action_rms=0.323 ready=1 userCmd=0 kbd=0 raw=0.800,0.000,0.011 grav=0.34,0.03,-0.92
[INFO] [1788293818.871480352, 574.611000000]: RL policy input vx=0.000 vy=0.000 wz=0.000 action_rms=0.225 ready=1 userCmd=0 kbd=0 raw=0.000,0.000,0.000 grav=0.20,0.08,-0.96
cuda::is_available():1
RL inference device: cpu (requested=hybrid, policy=plane)
[INFO] RL policy hot-switched from preload cache: /workspace/SimEnv/src/unitree_guide/logs/policy_act_inference_plane.pt
[WARN] [1788293722.756954, 525.995000]: Descent tilt 0.497 rad: capping flight speed at 0.55 m/s.
[WARN] [1788293731.341090, 530.150000]: Descent tilt 0.486 rad: capping flight speed at 0.55 m/s.
[WARN] [1788293749.125346, 540.272000]: Descent tilt 0.480 rad: capping flight speed at 0.55 m/s.
[WARN] [1788293751.083339, 541.413000]: Descent tilt 0.487 rad: capping flight speed at 0.55 m/s.
[WARN] [1788293753.596644, 542.776000]: Descent tilt 0.497 rad: capping flight speed at 0.55 m/s.
[WARN] [1788293762.038455, 547.584000]: Segment turn left safe position (x=-3.884, y=1.699); zero command and re-centering before continuing turn.
[WARN] [1788293765.789842, 549.663000]: Segment turn left safe position (x=-3.816, y=1.950); zero command and re-centering before continuing turn.
[WARN] [1788293787.098477, 559.168000]: Descent tilt 0.511 rad: capping flight speed at 0.55 m/s.
[WARN] [1788293789.573450, 560.313000]: Descent tilt 0.487 rad: capping flight speed at 0.55 m/s.
[INFO] [1788293788.886338, 560.017000]: DSTPUB phase=STAIR_DESCENT_FLIGHT_B world=(0.008,0.550,-0.027) body=(0.550,0.000,-0.027) truth_z=1.988 drop=0.924 pitch=1.0deg seg=25
[INFO] [1788293791.216671, 561.057000]: DSTPUB phase=STAIR_DESCENT_FLIGHT_B world=(-0.020,0.550,-0.053) body=(0.550,0.000,-0.053) truth_z=1.781 drop=1.131 pitch=1.0deg seg=32
[INFO] [1788293793.681533, 562.062000]: DSTPUB phase=STAIR_DESCENT_FLIGHT_B world=(-0.017,0.600,-0.045) body=(0.600,-0.000,-0.045) truth_z=1.609 drop=1.303 pitch=1.0deg seg=20
[INFO] [1788293794.445687, 562.362000]: Flight-B descent complete: drop=1.32 m y=5.05; starting landing turn.
[INFO] [1788293797.848135, 563.875000]: DSTPUB phase=STAIR_DESCENT_TURN world=(-0.400,0.000,1.153) body=(0.010,0.400,1.153) truth_z=1.615 drop=1.297 pitch=1.0deg seg=-1
[INFO] [1788293799.778541, 564.892000]: DSTPUB phase=STAIR_DESCENT_TURN world=(-0.400,0.000,1.200) body=(0.353,0.188,1.200) truth_z=1.612 drop=1.300 pitch=1.0deg seg=0
[INFO] [1788293801.758122, 565.896000]: DSTPUB phase=STAIR_DESCENT_TURN world=(-0.400,0.000,0.917) body=(0.296,-0.269,0.917) truth_z=1.618 drop=1.294 pitch=1.0deg seg=1
[INFO] [1788293803.587624, 566.900000]: DSTPUB phase=STAIR_DESCENT_TURN world=(-0.400,0.000,0.340) body=(0.089,-0.390,0.340) truth_z=1.615 drop=1.297 pitch=1.0deg seg=0
[INFO] [1788293803.877096, 567.053000]: Descent landing heading captured at error 0.176 rad; using shortest-path hold while x aligns.
[INFO] [1788293805.532146, 567.908000]: DSTPUB phase=STAIR_DESCENT_TURN world=(-0.300,0.000,0.048) body=(0.013,-0.300,0.048) truth_z=1.613 drop=1.299 pitch=1.0deg seg=0
[INFO] [1788293807.180275, 568.717000]: Descent FLIGHT_A start: z=2.912 drop gate 2.45 m.
[INFO] [1788293807.192752, 568.723000]: Descent landing aligned: x err=-0.118 m, heading err=-0.003 rad; starting flight A.
[INFO] [1788293807.540287, 568.912000]: DSTPUB phase=STAIR_DESCENT_FLIGHT_A world=(0.008,-0.550,0.021) body=(0.550,-0.000,0.021) truth_z=1.615 drop=1.297 pitch=1.0deg seg=0
[INFO] [1788293809.569602, 569.915000]: DSTPUB phase=STAIR_DESCENT_FLIGHT_A world=(0.047,-0.548,-0.034) body=(0.550,0.000,-0.034) truth_z=1.496 drop=1.416 pitch=1.0deg seg=20
[INFO] [1788293811.598292, 570.916000]: DSTPUB phase=STAIR_DESCENT_FLIGHT_A world=(0.037,-0.730,-0.040) body=(0.731,0.000,-0.040) truth_z=1.238 drop=1.674 pitch=1.0deg seg=20
[INFO] [1788293813.572920, 571.919000]: DSTPUB phase=STAIR_DESCENT_FLIGHT_A world=(0.023,-0.800,-0.034) body=(0.800,0.000,-0.034) truth_z=0.896 drop=2.017 pitch=1.0deg seg=23
[INFO] [1788293815.619134, 572.940000]: DSTPUB phase=STAIR_DESCENT_FLIGHT_A world=(-0.041,-0.599,0.019) body=(0.600,0.000,0.019) truth_z=0.581 drop=2.331 pitch=1.0deg seg=22
[INFO] [1788293817.572607, 573.963000]: DSTPUB phase=STAIR_DESCENT_FLIGHT_A world=(-0.041,-0.599,0.047) body=(0.600,0.000,0.047) truth_z=0.346 drop=2.566 pitch=1.0deg seg=26
[INFO] [1788293818.806490, 574.565000]: Final flight complete: drop=2.63 m y=1.74; holding on F1 landing for a stable terminal pose.
[INFO] [1788293819.885897, 575.118000]: F1 landing stable for 1.0 s: body height 0.318 m, upright-z 1.000.
[INFO] [1788293820.406941, 575.413000]: Returned to first floor after 108.1 s (drop=2.59 m).
[INFO] [1788293820.974716, 575.716000]: Stair descent terminal phase: FIRST_FLOOR_RETURNED
[FSM]: state: INIT
wait for goal.
[INFO] [1788292698.393224, 0.000000]: scanplanner_pointcloud_bridge: /scan -> /registered_scan at <= 5.0 Hz
[INFO] [1788292723.748954, 8.925000]: scanplanner_pointcloud_bridge: published 50 clouds (1209 points)
[INFO] [1788292740.329903, 17.827000]: scanplanner_pointcloud_bridge: published 100 clouds (1228 points)
[INFO] [1788292756.988283, 26.820000]: scanplanner_pointcloud_bridge: published 150 clouds (2054 points)
[INFO] [1788292770.651363, 33.426000]: scanplanner_pointcloud_bridge: published 200 clouds (2409 points)
[INFO] [1788292783.007378, 38.518000]: scanplanner_pointcloud_bridge: published 250 clouds (2372 points)
[INFO] [1788292795.540010, 43.825000]: scanplanner_pointcloud_bridge: published 300 clouds (2414 points)
[INFO] [1788292807.866901, 49.224000]: scanplanner_pointcloud_bridge: published 350 clouds (2388 points)
[INFO] [1788292820.752913, 55.024000]: scanplanner_pointcloud_bridge: published 400 clouds (2412 points)
[INFO] [1788292833.035169, 60.526000]: scanplanner_pointcloud_bridge: published 450 clouds (2330 points)
[INFO] [1788292846.782588, 67.023000]: scanplanner_pointcloud_bridge: published 500 clouds (2392 points)
[INFO] [1788292859.967903, 73.021000]: scanplanner_pointcloud_bridge: published 550 clouds (2416 points)
[INFO] [1788292873.138047, 78.723000]: scanplanner_pointcloud_bridge: published 600 clouds (2397 points)
[INFO] [1788292885.505587, 84.524000]: scanplanner_pointcloud_bridge: published 650 clouds (2391 points)
[INFO] [1788292898.013551, 89.824000]: scanplanner_pointcloud_bridge: published 700 clouds (2414 points)
[INFO] [1788292911.718764, 96.429000]: scanplanner_pointcloud_bridge: published 750 clouds (2367 points)
[INFO] [1788292924.274867, 101.927000]: scanplanner_pointcloud_bridge: published 800 clouds (2392 points)
[INFO] [1788292938.838155, 109.233000]: scanplanner_pointcloud_bridge: published 850 clouds (2388 points)
[INFO] [1788292953.404261, 116.622000]: scanplanner_pointcloud_bridge: published 900 clouds (2416 points)
[INFO] [1788292966.427926, 122.631000]: scanplanner_pointcloud_bridge: published 950 clouds (2390 points)
[INFO] [1788292980.480855, 129.428000]: scanplanner_pointcloud_bridge: published 1000 clouds (2429 points)
[INFO] [1788292994.643293, 136.125000]: scanplanner_pointcloud_bridge: published 1050 clouds (2402 points)
[INFO] [1788293007.818151, 142.226000]: scanplanner_pointcloud_bridge: published 1100 clouds (2383 points)
[INFO] [1788293021.732525, 149.132000]: scanplanner_pointcloud_bridge: published 1150 clouds (2407 points)
[INFO] [1788293036.684828, 156.627000]: scanplanner_pointcloud_bridge: published 1200 clouds (2398 points)
[INFO] [1788293049.662853, 162.524000]: scanplanner_pointcloud_bridge: published 1250 clouds (2414 points)
[INFO] [1788293065.131031, 170.631000]: scanplanner_pointcloud_bridge: published 1300 clouds (1990 points)
[INFO] [1788293079.594415, 177.530000]: scanplanner_pointcloud_bridge: published 1350 clouds (1924 points)
[INFO] [1788293094.002479, 184.822000]: scanplanner_pointcloud_bridge: published 1400 clouds (2187 points)
[INFO] [1788293108.162542, 191.728000]: scanplanner_pointcloud_bridge: published 1450 clouds (2153 points)
[INFO] [1788293123.995063, 200.634000]: scanplanner_pointcloud_bridge: published 1500 clouds (1934 points)
[INFO] [1788293139.747760, 209.124000]: scanplanner_pointcloud_bridge: published 1550 clouds (2416 points)
[INFO] [1788293154.355627, 216.327000]: scanplanner_pointcloud_bridge: published 1600 clouds (2335 points)
[INFO] [1788293167.366835, 222.429000]: scanplanner_pointcloud_bridge: published 1650 clouds (2361 points)
[INFO] [1788293181.462288, 229.326000]: scanplanner_pointcloud_bridge: published 1700 clouds (2389 points)
[INFO] [1788293197.374673, 239.022000]: scanplanner_pointcloud_bridge: published 1750 clouds (2393 points)
[INFO] [1788293213.107306, 248.927000]: scanplanner_pointcloud_bridge: published 1800 clouds (2384 points)
[INFO] [1788293228.195438, 256.315000]: scanplanner_pointcloud_bridge: published 1850 clouds (2364 points)
[INFO] [1788293241.097616, 262.232000]: scanplanner_pointcloud_bridge: published 1900 clouds (2387 points)
[INFO] [1788293256.834860, 271.832000]: scanplanner_pointcloud_bridge: published 1950 clouds (2394 points)
[INFO] [1788293272.470423, 279.919000]: scanplanner_pointcloud_bridge: published 2000 clouds (2384 points)
[INFO] [1788293286.115662, 286.630000]: scanplanner_pointcloud_bridge: published 2050 clouds (2382 points)
[INFO] [1788293301.085030, 294.321000]: scanplanner_pointcloud_bridge: published 2100 clouds (2409 points)
[INFO] [1788293316.637497, 302.116000]: scanplanner_pointcloud_bridge: published 2150 clouds (2390 points)
[INFO] [1788293332.208611, 310.032000]: scanplanner_pointcloud_bridge: published 2200 clouds (2383 points)
[INFO] [1788293347.144063, 317.833000]: scanplanner_pointcloud_bridge: published 2250 clouds (2378 points)
[INFO] [1788293359.880846, 323.850000]: scanplanner_pointcloud_bridge: published 2300 clouds (2370 points)
[INFO] [1788293372.623114, 329.825000]: scanplanner_pointcloud_bridge: published 2350 clouds (2401 points)
[INFO] [1788293389.353346, 339.533000]: scanplanner_pointcloud_bridge: published 2400 clouds (2402 points)
[INFO] [1788293405.308953, 348.532000]: scanplanner_pointcloud_bridge: published 2450 clouds (2050 points)
[INFO] [1788293419.038489, 355.232000]: scanplanner_pointcloud_bridge: published 2500 clouds (2310 points)
[INFO] [1788293433.849987, 362.921000]: scanplanner_pointcloud_bridge: published 2550 clouds (1992 points)
[INFO] [1788293449.315792, 372.329000]: scanplanner_pointcloud_bridge: published 2600 clouds (1841 points)
[INFO] [1788293465.826554, 382.029000]: scanplanner_pointcloud_bridge: published 2650 clouds (2424 points)
[INFO] [1788293481.451828, 391.932000]: scanplanner_pointcloud_bridge: published 2700 clouds (2382 points)
[INFO] [1788293497.651221, 401.322000]: scanplanner_pointcloud_bridge: published 2750 clouds (2372 points)
[INFO] [1788293512.900549, 409.645000]: scanplanner_pointcloud_bridge: published 2800 clouds (2362 points)
[INFO] [1788293529.797287, 419.044000]: scanplanner_pointcloud_bridge: published 2850 clouds (2413 points)
[INFO] [1788293545.451885, 427.027000]: scanplanner_pointcloud_bridge: published 2900 clouds (2376 points)
[INFO] [1788293560.073936, 434.337000]: scanplanner_pointcloud_bridge: published 2950 clouds (2313 points)
[INFO] [1788293576.254282, 443.329000]: scanplanner_pointcloud_bridge: published 3000 clouds (2439 points)
[INFO] [1788293592.806691, 452.530000]: scanplanner_pointcloud_bridge: published 3050 clouds (2383 points)
[INFO] [1788293609.633165, 461.928000]: scanplanner_pointcloud_bridge: published 3100 clouds (2370 points)
[INFO] [1788293626.111102, 471.340000]: scanplanner_pointcloud_bridge: published 3150 clouds (2388 points)
[INFO] [1788293641.759104, 481.243000]: scanplanner_pointcloud_bridge: published 3200 clouds (2374 points)
[INFO] [1788293658.380414, 490.440000]: scanplanner_pointcloud_bridge: published 3250 clouds (2426 points)
[INFO] [1788293674.810455, 499.133000]: scanplanner_pointcloud_bridge: published 3300 clouds (2421 points)
[INFO] [1788293689.019996, 505.925000]: scanplanner_pointcloud_bridge: published 3350 clouds (2418 points)
[INFO] [1788293704.795430, 515.534000]: scanplanner_pointcloud_bridge: published 3400 clouds (2409 points)
[INFO] [1788293721.076820, 525.233000]: scanplanner_pointcloud_bridge: published 3450 clouds (2466 points)
[INFO] [1788293736.064791, 532.631000]: scanplanner_pointcloud_bridge: published 3500 clouds (2432 points)
[INFO] [1788293751.707429, 541.729000]: scanplanner_pointcloud_bridge: published 3550 clouds (2289 points)
[INFO] [1788293768.233851, 550.835000]: scanplanner_pointcloud_bridge: published 3600 clouds (1932 points)
[INFO] [1788293780.754584, 556.429000]: scanplanner_pointcloud_bridge: published 3650 clouds (2465 points)
[INFO] [1788293794.076102, 562.237000]: scanplanner_pointcloud_bridge: published 3700 clouds (2119 points)
[INFO] [1788293809.167287, 569.730000]: scanplanner_pointcloud_bridge: published 3750 clouds (2378 points)
[FSM]: state: INIT
wait for goal.
[FSM]: state: INIT
wait for goal.
[FSM]: state: INIT
wait for goal.
[FSM]: state: INIT
wait for goal.
[FSM]: state: INIT
wait for goal.
[FSM]: state: INIT
wait for goal.
[FSM]: state: INIT
wait for goal.
[FSM]: state: INIT
wait for goal.
[FSM]: state: INIT
wait for goal.
[INFO] [1788293822.544778861, 576.618000000]: RL policy input vx=0.000 vy=0.000 wz=0.000 action_rms=0.162 ready=0 userCmd=0 kbd=0 raw=0.000,0.000,0.000 grav=-0.05,-0.03,-0.98
[INFO] [1788293822.629947986, 576.682000000]: RL locomotion_ready latched after 0.67 s takeover and 0.44 s stable hold
[INFO] [1788293825.645277984, 578.627000000]: RL policy input vx=0.000 vy=0.000 wz=0.408 action_rms=0.168 ready=1 userCmd=0 kbd=0 raw=0.000,0.000,0.408 grav=0.01,-0.02,-0.98
[INFO] [1788293829.015102471, 580.641000000]: RL policy input vx=0.279 vy=0.000 wz=0.200 action_rms=0.195 ready=1 userCmd=0 kbd=0 raw=0.279,0.000,0.200 grav=0.01,-0.01,-0.98
[INFO] [1788293832.581904663, 582.655000000]: RL policy input vx=1.099 vy=0.000 wz=0.040 action_rms=0.343 ready=1 userCmd=0 kbd=0 raw=1.099,0.000,0.040 grav=-0.02,-0.04,-0.98
[INFO] [1788293836.080895542, 584.662000000]: RL policy input vx=0.871 vy=0.000 wz=0.013 action_rms=0.154 ready=1 userCmd=0 kbd=0 raw=0.871,0.000,0.013 grav=0.00,-0.03,-0.98
[INFO] [1788293839.840730654, 586.677000000]: RL policy input vx=0.000 vy=0.000 wz=0.000 action_rms=0.157 ready=1 userCmd=0 kbd=0 raw=0.000,0.000,0.000 grav=0.03,-0.00,-0.98
stop the controller
[INFO] [1788292707.759386, 0.209000]: danger_detector: first rendered RGB frame ready (320x240)
[INFO] [1788292738.230631, 16.714000]: danger_detector: exploration clock started after preparation
[INFO] [1788292806.552069, 48.652000]: danger_detector: scan batch label=floor_0_room_0_g3 raw=2 min_points=3 clusters=[]
[INFO] [1788292818.449212, 54.008000]: danger_detector: confirmed red sphere #1 at [-5.1977, 12.6044, 0.15], t=37.30s, stage=floor_1_exploration
[INFO] [1788292820.352219, 54.860000]: danger_detector: scan batch label=floor_0_room_0_g4 raw=2 min_points=3 clusters=[]
[INFO] [1788292859.632638, 72.906000]: danger_detector: scan batch label=floor_0_room_1_g3 raw=0 min_points=3 clusters=[]
[INFO] [1788292872.725502, 78.551000]: danger_detector: scan batch label=floor_0_room_1_g4 raw=0 min_points=3 clusters=[]
[INFO] [1788292936.484972, 107.812000]: danger_detector: confirmed red sphere #2 at [-5.2013, 26.5664, 0.15], t=91.10s, stage=floor_1_exploration
[INFO] [1788292937.845701, 108.637000]: danger_detector: scan batch label=floor_0_room_2_g3 raw=3 min_points=3 clusters=[(-5.196636270730428, 26.56918854412789)]
[INFO] [1788292950.915216, 115.450000]: danger_detector: scan batch label=floor_0_room_2_g4 raw=1 min_points=3 clusters=[]
[INFO] [1788292991.256843, 134.516000]: danger_detector: scan batch label=floor_0_room_3_g3 raw=0 min_points=3 clusters=[]
[INFO] [1788293004.271255, 140.507000]: danger_detector: scan batch label=floor_0_room_3_g4 raw=0 min_points=3 clusters=[]
[INFO] [1788293170.630295, 224.025000]: danger_detector: scan batch label=floor_1_room_0_g3 raw=0 min_points=3 clusters=[]
[INFO] [1788293182.143424, 229.770000]: danger_detector: scan batch label=floor_1_room_0_g4 raw=0 min_points=3 clusters=[]
[INFO] [1788293211.666695, 248.020000]: danger_detector: scan batch label=floor_1_room_1_g3 raw=0 min_points=3 clusters=[]
[INFO] [1788293224.158320, 254.358000]: danger_detector: scan batch label=floor_1_room_1_g4 raw=0 min_points=3 clusters=[]
[INFO] [1788293278.863898, 282.815000]: danger_detector: confirmed red sphere #3 at [-5.328, 26.6209, 2.75], t=266.10s, stage=floor_2_exploration
[INFO] [1788293280.357551, 283.547000]: danger_detector: scan batch label=floor_1_room_2_g3 raw=3 min_points=3 clusters=[(-5.334780824995358, 26.590461027789345)]
[INFO] [1788293292.678670, 290.012000]: danger_detector: scan batch label=floor_1_room_2_g4 raw=3 min_points=3 clusters=[(-5.549010975765193, 26.932602978620448)]
[INFO] [1788293328.481737, 308.044000]: danger_detector: confirmed red sphere #4 at [4.7272, 26.5335, 2.75], t=291.33s, stage=floor_2_exploration
[INFO] [1788293329.569802, 308.510000]: danger_detector: scan batch label=floor_1_room_3_g3 raw=3 min_points=3 clusters=[(4.714251727088811, 26.513869217431942)]
[INFO] [1788293341.609509, 314.809000]: danger_detector: scan batch label=floor_1_room_3_g4 raw=1 min_points=3 clusters=[]
[INFO] [1788293488.733072, 396.622000]: danger_detector: confirmed red sphere #5 at [-5.2554, 12.8635, 5.35], t=379.91s, stage=floor_3_exploration
[INFO] [1788293490.489677, 397.648000]: danger_detector: scan batch label=floor_2_room_0_g3 raw=6 min_points=3 clusters=[(-5.268357435415852, 12.892703836118855)]
[INFO] [1788293502.654064, 404.019000]: danger_detector: scan batch label=floor_2_room_0_g4 raw=5 min_points=3 clusters=[(-5.236546640235462, 12.89247948625717)]
[INFO] [1788293537.652308, 423.210000]: danger_detector: scan batch label=floor_2_room_1_g3 raw=0 min_points=3 clusters=[]
[INFO] [1788293549.263252, 429.113000]: danger_detector: scan batch label=floor_2_room_1_g4 raw=0 min_points=3 clusters=[]
[INFO] [1788293603.405882, 458.443000]: danger_detector: scan batch label=floor_2_room_2_g3 raw=0 min_points=3 clusters=[]
[INFO] [1788293614.427945, 464.550000]: danger_detector: scan batch label=floor_2_room_2_g4 raw=0 min_points=3 clusters=[]
[INFO] [1788293643.246007, 482.068000]: danger_detector: confirmed red sphere #6 at [5.5561, 27.2977, 5.35], t=465.35s, stage=floor_3_exploration
[INFO] [1788293644.779477, 482.920000]: danger_detector: scan batch label=floor_2_room_3_g3 raw=7 min_points=3 clusters=[(5.5498369067940185, 27.258084021391486)]
[INFO] [1788293656.188325, 489.219000]: danger_detector: scan batch label=floor_2_room_3_g4 raw=5 min_points=3 clusters=[(5.553600105682378, 27.209700408052516)]
[INFO] [1788293840.059355, 586.806000]: danger_detector: wrote 6 confirmed red-ball detections -> /root/autodl-tmp/code/restore/0803b/overall_l0829/results/oblique_final10_fixbend_seed27_b1/red_ball_detections.json
des manager
terminate called after throwing an instance of 'boost::wrapexcept<boost::lock_error>'
  what():  boost: mutex lock failed in pthread_mutex_lock: Invalid argument
[INFO] [1788293840.071243, 586.813000]: Three-floor RL mission complete in first-floor lobby at (-0.26, 3.85, 0.31)
[INFO] [1788292708.999420, 1.004000]: Bootstrap armed: stand@1.0s state-gated RL max_wait=25.0s repeat=120.0s start_t=1.0
[INFO] [1788292717.451150, 5.604000]: Requesting RL /cmd_vel through /joy (repeating).
[INFO] [1788292738.173453, 16.704000]: Bootstrap observed locomotion_ready; releasing /joy.
[INFO] [1788293712.878955, 520.587000]: SCAN explored all three floors; stair descent owns the return.
[ERROR] [1788293842.282577, 588.047000]: bad callback: <bound method ScanPlannerPointCloudBridge._on_cloud of <__main__.ScanPlannerPointCloudBridge object at 0x7ffb36d4dbe0>>
Traceback (most recent call last):
  File "/opt/ros/noetic/lib/python3/dist-packages/rospy/topics.py", line 750, in _invoke_callback
    cb(msg)
  File "/root/autodl-tmp/code/restore/0803b/overall_l0829/threefloor_stress5_repro_20260827/work/mounts/SimEnv/src/simenv_bridge/scripts/scanplanner_pointcloud_bridge.py", line 171, in _on_cloud
    self._publisher.publish(pointcloud2_xyzi(world_points, header))
  File "/opt/ros/noetic/lib/python3/dist-packages/rospy/topics.py", line 882, in publish
    self.impl.publish(data)
  File "/opt/ros/noetic/lib/python3/dist-packages/rospy/topics.py", line 1041, in publish
    raise ROSException("publish() to a closed topic")
rospy.exceptions.ROSException: publish() to a closed topic

[INFO] [1788293824.017041, 577.548000]: scanplanner_pointcloud_bridge: published 3800 clouds (1989 points)
[INFO] [1788293840.834881, 587.231000]: scanplanner_pointcloud_bridge: published 3850 clouds (2369 points)
[INFO] [1788292701.547058, 0.000000]: building_generator_classic_control ready
[WARN] [1788293857.897254, 588.371000]: Controller Spawner error while taking down controllers: transport error completing service call: unable to receive data from sender, check sender's logs for details
[31mWARNING: disk usage in log directory [/root/.ros/log] is over 1GB.
It's recommended that you use the 'rosclean' command.[0m
[31m[a1_gazebo/controller_spawner-5] escalating to SIGTERM[0m
[31m[gazebo-2] escalating to SIGTERM[0m

auto-starting new master
[1mprocess[master]: started with pid [796929][0m
[1mROS_MASTER_URI=http://localhost:11311[0m
]2;/root/autodl-tmp/code/restore/0803b/overall_l0829/threefloor_stress5_repro_20260827/work/mounts/SimEnv/src/simenv_bridge/launch/scanplanner_three_floor_rl.launch http://localhost:11311
[1msetting /run_id to 78416a62-a63f-11f1-9d9a-0242ac110007[0m
[1mprocess[rosout-1]: started with pid [796942][0m
started core service [/rosout]
[1mprocess[gazebo-2]: started with pid [796950][0m
[1mprocess[urdf_spawner-3]: started with pid [796954][0m
[1mprocess[state_from_gazebo-4]: started with pid [796956][0m
[1mprocess[a1_gazebo/controller_spawner-5]: started with pid [796957][0m
[1mprocess[robot_state_publisher-6]: started with pid [796962][0m
[1mprocess[unpause_after_controllers-7]: started with pid [796964][0m
[1mprocess[building_control-8]: started with pid [796965][0m
[1mprocess[open_mapping_entrance-9]: started with pid [796970][0m
[1mprocess[junior_ctrl-10]: started with pid [796972][0m
[1mprocess[scanplanner_pointcloud_bridge-11]: started with pid [796973][0m
[1mprocess[scan_planner_node-12]: started with pid [796975][0m
[1mprocess[closed_loop_controller-13]: started with pid [796976][0m
[1mprocess[scanplanner_plane_rl_bootstrap-14]: started with pid [796988][0m
[1mprocess[rl_floor_command_mux-15]: started with pid [797005][0m
[1mprocess[stair_transition_manager-16]: started with pid [797007][0m
[1mprocess[second_to_third_floor_stair_manager-17]: started with pid [797019][0m
[1mprocess[stair_descent_manager-18]: started with pid [797020][0m
[1mprocess[scanplanner_three_floor_goal_sequencer-19]: started with pid [797021][0m
[1mprocess[scanplanner_red_ball_detector-20]: started with pid [797026][0m
[1mprocess[three_floor_rl_mission_supervisor-21]: started with pid [797028][0m
[1m[open_mapping_entrance-9] process has finished cleanly
log file: /root/.ros/log/78416a62-a63f-11f1-9d9a-0242ac110007/open_mapping_entrance-9*.log[0m
[1m[urdf_spawner-3] process has finished cleanly
log file: /root/.ros/log/78416a62-a63f-11f1-9d9a-0242ac110007/urdf_spawner-3*.log[0m
[1m[unpause_after_controllers-7] process has finished cleanly
log file: /root/.ros/log/78416a62-a63f-11f1-9d9a-0242ac110007/unpause_after_controllers-7*.log[0m
[1m[stair_transition_manager-16] process has finished cleanly
log file: /root/.ros/log/78416a62-a63f-11f1-9d9a-0242ac110007/stair_transition_manager-16*.log[0m
[1m[second_to_third_floor_stair_manager-17] process has finished cleanly
log file: /root/.ros/log/78416a62-a63f-11f1-9d9a-0242ac110007/second_to_third_floor_stair_manager-17*.log[0m
[1m[stair_descent_manager-18] process has finished cleanly
log file: /root/.ros/log/78416a62-a63f-11f1-9d9a-0242ac110007/stair_descent_manager-18*.log[0m
[three_floor_rl_mission_supervisor-21] killing on exit
[scanplanner_red_ball_detector-20] killing on exit
[scanplanner_three_floor_goal_sequencer-19] killing on exit
[scanplanner_plane_rl_bootstrap-14] killing on exit
[closed_loop_controller-13] killing on exit
[rl_floor_command_mux-15] killing on exit
[junior_ctrl-10] killing on exit
[scan_planner_node-12] killing on exit
[scanplanner_pointcloud_bridge-11] killing on exit
[building_control-8] killing on exit
[robot_state_publisher-6] killing on exit
[a1_gazebo/controller_spawner-5] killing on exit
[state_from_gazebo-4] killing on exit
[gazebo-2] killing on exit
[rosout-1] killing on exit
[master] killing on exit
shutting down processing monitor...
... shutting down processing monitor complete
[1mdone[0m
