xacro: in-order processing became default in ROS Melodic. You can drop the option.
... logging to /root/.ros/log/7024501e-a645-11f1-aed8-0242ac110007/roslaunch-autodl-container-0b0b4098ff-c5d5b90e-810300.log
Checking log directory for disk usage. This may take a while.
Press Ctrl-C to interrupt
]2;/root/autodl-tmp/code/restore/0803b/overall_l0829/threefloor_stress5_repro_20260827/work/mounts/SimEnv/src/simenv_bridge/launch/scanplanner_three_floor_rl.launch
[1mstarted roslaunch server http://autodl-container-0b0b4098ff-c5d5b90e:45449/[0m

SUMMARY
========

CLEAR PARAMETERS
 * /scan_planner_node/

PARAMETERS
 * /a1_gazebo/FL_calf_controller/joint: FL_calf_joint
 * /a1_gazebo/FL_calf_controller/pid/d: 8.0
 * /a1_gazebo/FL_calf_controller/pid/i: 0.0
 * /a1_gazebo/FL_calf_controller/pid/p: 300.0
 * /a1_gazebo/FL_calf_controller/type: unitree_legged_co...
 * /a1_gazebo/FL_hip_controller/joint: FL_hip_joint
 * /a1_gazebo/FL_hip_controller/pid/d: 5.0
 * /a1_gazebo/FL_hip_controller/pid/i: 0.0
 * /a1_gazebo/FL_hip_controller/pid/p: 100.0
 * /a1_gazebo/FL_hip_controller/type: unitree_legged_co...
 * /a1_gazebo/FL_thigh_controller/joint: FL_thigh_joint
 * /a1_gazebo/FL_thigh_controller/pid/d: 8.0
 * /a1_gazebo/FL_thigh_controller/pid/i: 0.0
 * /a1_gazebo/FL_thigh_controller/pid/p: 300.0
 * /a1_gazebo/FL_thigh_controller/type: unitree_legged_co...
 * /a1_gazebo/FR_calf_controller/joint: FR_calf_joint
 * /a1_gazebo/FR_calf_controller/pid/d: 8.0
 * /a1_gazebo/FR_calf_controller/pid/i: 0.0
 * /a1_gazebo/FR_calf_controller/pid/p: 300.0
 * /a1_gazebo/FR_calf_controller/type: unitree_legged_co...
 * /a1_gazebo/FR_hip_controller/joint: FR_hip_joint
 * /a1_gazebo/FR_hip_controller/pid/d: 5.0
 * /a1_gazebo/FR_hip_controller/pid/i: 0.0
 * /a1_gazebo/FR_hip_controller/pid/p: 100.0
 * /a1_gazebo/FR_hip_controller/type: unitree_legged_co...
 * /a1_gazebo/FR_thigh_controller/joint: FR_thigh_joint
 * /a1_gazebo/FR_thigh_controller/pid/d: 8.0
 * /a1_gazebo/FR_thigh_controller/pid/i: 0.0
 * /a1_gazebo/FR_thigh_controller/pid/p: 300.0
 * /a1_gazebo/FR_thigh_controller/type: unitree_legged_co...
 * /a1_gazebo/RL_calf_controller/joint: RL_calf_joint
 * /a1_gazebo/RL_calf_controller/pid/d: 8.0
 * /a1_gazebo/RL_calf_controller/pid/i: 0.0
 * /a1_gazebo/RL_calf_controller/pid/p: 300.0
 * /a1_gazebo/RL_calf_controller/type: unitree_legged_co...
 * /a1_gazebo/RL_hip_controller/joint: RL_hip_joint
 * /a1_gazebo/RL_hip_controller/pid/d: 5.0
 * /a1_gazebo/RL_hip_controller/pid/i: 0.0
 * /a1_gazebo/RL_hip_controller/pid/p: 100.0
 * /a1_gazebo/RL_hip_controller/type: unitree_legged_co...
 * /a1_gazebo/RL_thigh_controller/joint: RL_thigh_joint
 * /a1_gazebo/RL_thigh_controller/pid/d: 8.0
 * /a1_gazebo/RL_thigh_controller/pid/i: 0.0
 * /a1_gazebo/RL_thigh_controller/pid/p: 300.0
 * /a1_gazebo/RL_thigh_controller/type: unitree_legged_co...
 * /a1_gazebo/RR_calf_controller/joint: RR_calf_joint
 * /a1_gazebo/RR_calf_controller/pid/d: 8.0
 * /a1_gazebo/RR_calf_controller/pid/i: 0.0
 * /a1_gazebo/RR_calf_controller/pid/p: 300.0
 * /a1_gazebo/RR_calf_controller/type: unitree_legged_co...
 * /a1_gazebo/RR_hip_controller/joint: RR_hip_joint
 * /a1_gazebo/RR_hip_controller/pid/d: 5.0
 * /a1_gazebo/RR_hip_controller/pid/i: 0.0
 * /a1_gazebo/RR_hip_controller/pid/p: 100.0
 * /a1_gazebo/RR_hip_controller/type: unitree_legged_co...
 * /a1_gazebo/RR_thigh_controller/joint: RR_thigh_joint
 * /a1_gazebo/RR_thigh_controller/pid/d: 8.0
 * /a1_gazebo/RR_thigh_controller/pid/i: 0.0
 * /a1_gazebo/RR_thigh_controller/pid/p: 300.0
 * /a1_gazebo/RR_thigh_controller/type: unitree_legged_co...
 * /a1_gazebo/joint_state_controller/publish_rate: 1000
 * /a1_gazebo/joint_state_controller/type: joint_state_contr...
 * /body_pose_topic: /Odometry_gazebo
 * /closed_loop_controller/finish_dist: 0.15
 * /closed_loop_controller/heading_error_threshold: 0.8
 * /closed_loop_controller/kp_pos: 0.8
 * /closed_loop_controller/kp_yaw: 1.5
 * /closed_loop_controller/max_vx: 2.05
 * /closed_loop_controller/max_vy: 0.35
 * /closed_loop_controller/max_vyaw: 1.0
 * /closed_loop_controller/time_forward: 0.8
 * /gazebo/enable_ros_network: True
 * /rl_floor_command_mux/command_timeout_sec: 0.4
 * /rl_floor_command_mux/linear_acceleration: 2.2
 * /rl_floor_command_mux/linear_deceleration: 2.0
 * /rl_floor_command_mux/max_forward: 2.25
 * /rl_floor_command_mux/max_lateral: 0.75
 * /rl_floor_command_mux/max_reverse: 0.2
 * /rl_floor_command_mux/max_yaw: 2.8
 * /rl_floor_command_mux/output_topic: /cmd_vel
 * /rl_floor_command_mux/planner_topic: /scanplanner/plan...
 * /rl_floor_command_mux/rate: 30.0
 * /rl_floor_command_mux/yaw_acceleration: 2.4
 * /rl_floor_command_mux/yaw_slowdown: 1.05
 * /rl_floor_command_mux/yaw_translation_stop: 1.3
 * /robot_description: <?xml version="1....
 * /robot_name: a1
 * /rosdistro: noetic
 * /rosversion: 1.17.4
 * /scan_planner_node/fsm/emergency_time_: 1.0
 * /scan_planner_node/fsm/fail_safe: True
 * /scan_planner_node/fsm/is_real_world: True
 * /scan_planner_node/fsm/manual_goal_use_current_height: True
 * /scan_planner_node/fsm/max_replan_fail_count: 1000
 * /scan_planner_node/fsm/navi_mode: 1
 * /scan_planner_node/fsm/planning_horizon: 7.5
 * /scan_planner_node/fsm/thresh_no_replan: 0.1
 * /scan_planner_node/fsm/thresh_replan: 1.0
 * /scan_planner_node/grid_map/cloud_is_world: True
 * /scan_planner_node/grid_map/cx: 317.19
 * /scan_planner_node/grid_map/cy: 256.48
 * /scan_planner_node/grid_map/depth_filter_margin: 1
 * /scan_planner_node/grid_map/depth_filter_maxdist: 3.0
 * /scan_planner_node/grid_map/depth_filter_mindist: 0.3
 * /scan_planner_node/grid_map/double_cylinder_offset: 0.18
 * /scan_planner_node/grid_map/double_cylinder_radius: 0.25
 * /scan_planner_node/grid_map/fx: 609.59
 * /scan_planner_node/grid_map/fy: 609.22
 * /scan_planner_node/grid_map/k_depth_scaling_factor: 1000.0
 * /scan_planner_node/grid_map/map_sliding_thresh: 0.2
 * /scan_planner_node/grid_map/max_ray_length: 5.0
 * /scan_planner_node/grid_map/need_extrinsic: True
 * /scan_planner_node/grid_map/obstacles_inflation_z_down: 0.4
 * /scan_planner_node/grid_map/obstacles_inflation_z_up: 0.1
 * /scan_planner_node/grid_map/p_hit: 0.85
 * /scan_planner_node/grid_map/p_max: 0.98
 * /scan_planner_node/grid_map/p_min: 0.12
 * /scan_planner_node/grid_map/p_miss: 0.3
 * /scan_planner_node/grid_map/p_occ: 0.8
 * /scan_planner_node/grid_map/resolution: 0.05
 * /scan_planner_node/grid_map/sensor_type: lidar
 * /scan_planner_node/grid_map/skip_pixel: 2
 * /scan_planner_node/grid_map/sliding_map_size_x: 10.0
 * /scan_planner_node/grid_map/sliding_map_size_y: 10.0
 * /scan_planner_node/grid_map/sliding_map_size_z: 5.0
 * /scan_planner_node/grid_map/vis_height: 0.3
 * /scan_planner_node/manager/control_points_distance: 0.2
 * /scan_planner_node/manager/feasibility_tolerance: 0.5
 * /scan_planner_node/manager/max_acc: 1.1
 * /scan_planner_node/manager/max_jerk: 4.0
 * /scan_planner_node/manager/max_vel: 2.05
 * /scan_planner_node/manager/planning_horizon: 7.5
 * /scan_planner_node/optimization/acc_tolerance: 1.0
 * /scan_planner_node/optimization/dist0: 0.2
 * /scan_planner_node/optimization/lambda_collision: 1.0
 * /scan_planner_node/optimization/lambda_feasibility: 0.1
 * /scan_planner_node/optimization/lambda_fitness: 1.0
 * /scan_planner_node/optimization/lambda_smooth: 1.0
 * /scan_planner_node/optimization/max_acc: 1.1
 * /scan_planner_node/optimization/max_vel: 2.05
 * /scan_planner_node/optimization/vel_tolerance: 1.0
 * /scanplanner_plane_rl_bootstrap/fixed_stand_max_duration_sec: 25.0
 * /scanplanner_plane_rl_bootstrap/release_after_rl_request: True
 * /scanplanner_plane_rl_bootstrap/rl_repeat_seconds: 120.0
 * /scanplanner_plane_rl_bootstrap/stand_after_seconds: 1.0
 * /scanplanner_pointcloud_bridge/input: /scan
 * /scanplanner_pointcloud_bridge/laser_blind: 0.5
 * /scanplanner_pointcloud_bridge/maximum_rate_hz: 5.0
 * /scanplanner_pointcloud_bridge/maximum_vertical_angle_deg: 55
 * /scanplanner_pointcloud_bridge/minimum_vertical_angle_deg: -7
 * /scanplanner_pointcloud_bridge/odom_topic: /Odometry_gazebo
 * /scanplanner_pointcloud_bridge/output: /registered_scan
 * /scanplanner_pointcloud_bridge/world_frame: map
 * /scanplanner_red_ball_detector/camera_info_topic: /recording_camera...
 * /scanplanner_red_ball_detector/camera_ready_topic: /simenv/recording...
 * /scanplanner_red_ball_detector/confirm_count: 3
 * /scanplanner_red_ball_detector/depth_topic: /real_sense/depth...
 * /scanplanner_red_ball_detector/floor_height_m: 2.6
 * /scanplanner_red_ball_detector/ground_range_scale: 0.95
 * /scanplanner_red_ball_detector/image_topic: /recording_camera...
 * /scanplanner_red_ball_detector/maximum_processing_rate_hz: 0.0
 * /scanplanner_red_ball_detector/merge_radius: 1.1
 * /scanplanner_red_ball_detector/out_json: /root/autodl-tmp/...
 * /scanplanner_red_ball_detector/scan_active_topic: /scanplanner/room...
 * /scanplanner_red_ball_detector/use_depth: True
 * /scanplanner_three_floor_goal_sequencer/direct_plane_distance_gain: 1.1
 * /scanplanner_three_floor_goal_sequencer/direct_plane_max_lateral_speed_mps: 0.75
 * /scanplanner_three_floor_goal_sequencer/direct_plane_min_forward_speed: 0.3
 * /scanplanner_three_floor_goal_sequencer/direct_plane_translation_heading_limit_rad: 1.45
 * /scanplanner_three_floor_goal_sequencer/direct_plane_yaw_rate: 1.15
 * /scanplanner_three_floor_goal_sequencer/direct_stair_yaw_rate: 0.35
 * /scanplanner_three_floor_goal_sequencer/entrance_fixed_heading_release_rad: 0.2
 * /scanplanner_three_floor_goal_sequencer/entrance_lateral_gain: 0.6
 * /scanplanner_three_floor_goal_sequencer/entrance_max_lateral_speed_mps: 0.12
 * /scanplanner_three_floor_goal_sequencer/entrance_progress_timeout_sec: 5.0
 * /scanplanner_three_floor_goal_sequencer/entrance_recovery_hold_sec: 1.0
 * /scanplanner_three_floor_goal_sequencer/entrance_recovery_max_attempts: 2
 * /scanplanner_three_floor_goal_sequencer/entrance_speed_scale: 1.45
 * /scanplanner_three_floor_goal_sequencer/floor_control_settle_sec: 0.15
 * /scanplanner_three_floor_goal_sequencer/handoff_timeout_sec: 300.0
 * /scanplanner_three_floor_goal_sequencer/manager_release_settle_sec: 0.1
 * /scanplanner_three_floor_goal_sequencer/maximum_floor_speed: 2.25
 * /scanplanner_three_floor_goal_sequencer/maximum_replans: 2
 * /scanplanner_three_floor_goal_sequencer/minimum_upright_duration_sec: 0.6
 * /scanplanner_three_floor_goal_sequencer/minimum_upright_z: 0.55
 * /scanplanner_three_floor_goal_sequencer/mission_config: /tmp/simenv_bridg...
 * /scanplanner_three_floor_goal_sequencer/output_dir: /root/autodl-tmp/...
 * /scanplanner_three_floor_goal_sequencer/plane_fast_takeover: True
 * /scanplanner_three_floor_goal_sequencer/plane_fast_takeover_blend_seconds: 0.5
 * /scanplanner_three_floor_goal_sequencer/plane_fast_takeover_zero_hold_seconds: 0.15
 * /scanplanner_three_floor_goal_sequencer/plane_motion_start_ramp_initial_speed_mps: 0.3
 * /scanplanner_three_floor_goal_sequencer/plane_motion_start_ramp_minimum_upright_z: 0.985
 * /scanplanner_three_floor_goal_sequencer/plane_motion_start_ramp_seconds: 3.0
 * /scanplanner_three_floor_goal_sequencer/policy_timeout_sec: 35.0
 * /scanplanner_three_floor_goal_sequencer/progress_timeout_sec: 45.0
 * /scanplanner_three_floor_goal_sequencer/room_scan_settle_sec: 0.1
 * /scanplanner_three_floor_goal_sequencer/room_scan_timeout_sec: 30.0
 * /scanplanner_three_floor_goal_sequencer/room_scan_turn_rad: 1.9
 * /scanplanner_three_floor_goal_sequencer/room_scan_yaw_rate: 2.8
 * /scanplanner_three_floor_goal_sequencer/room_tolerance: 0.4
 * /scanplanner_three_floor_goal_sequencer/speed_scale: 2.6
 * /scanplanner_three_floor_goal_sequencer/stage_announcement_hold_sec: 0.15
 * /scanplanner_three_floor_goal_sequencer/startup_timeout_sec: 240.0
 * /scanplanner_three_floor_goal_sequencer/waypoint_timeout_sec: 150.0
 * /second_to_third_floor_stair_manager/ascent_maximum_speed_mps: 0.8
 * /second_to_third_floor_stair_manager/ascent_speed_mps: 0.8
 * /second_to_third_floor_stair_manager/ascent_timeout_sec: 45.0
 * /second_to_third_floor_stair_manager/auto_start: False
 * /second_to_third_floor_stair_manager/command_topic: /cmd_vel
 * /second_to_third_floor_stair_manager/enable_truth_return_gate: False
 * /second_to_third_floor_stair_manager/enable_visual_stair_alignment: False
 * /second_to_third_floor_stair_manager/entry_alignment_yaw_rate_rps: 0.4
 * /second_to_third_floor_stair_manager/flight_a_height_gain_m: 1.05
 * /second_to_third_floor_stair_manager/flight_b_timeout_sec: 22.0
 * /second_to_third_floor_stair_manager/height_plot_basename: 21_truth_stair_he...
 * /second_to_third_floor_stair_manager/hold_rl_during_ascent: True
 * /second_to_third_floor_stair_manager/landing_cross_distance_m: 0.95
 * /second_to_third_floor_stair_manager/landing_cross_speed_mps: 0.75
 * /second_to_third_floor_stair_manager/landing_heading_tolerance_rad: 0.15
 * /second_to_third_floor_stair_manager/landing_timeout_sec: 30.0
 * /second_to_third_floor_stair_manager/landing_turn_angle_rad: -2.4
 * /second_to_third_floor_stair_manager/landing_turn_speed_rps: 1.2
 * /second_to_third_floor_stair_manager/mission_failure_token: SECOND_FLOOR_EXPL...
 * /second_to_third_floor_stair_manager/mission_trigger_token: SECOND_FLOOR_EXPL...
 * /second_to_third_floor_stair_manager/mission_trigger_topic: /simenv/second_fl...
 * /second_to_third_floor_stair_manager/odom_topic: /Odometry_gazebo
 * /second_to_third_floor_stair_manager/offline_stair_model_sdf: /tmp/simenv_bridg...
 * /second_to_third_floor_stair_manager/offline_truth_layout_metadata: /tmp/simenv_bridg...
 * /second_to_third_floor_stair_manager/output_dir: /root/autodl-tmp/...
 * /second_to_third_floor_stair_manager/plane_policy: /workspace/SimEnv...
 * /second_to_third_floor_stair_manager/policy_warmup_seconds: 0.2
 * /second_to_third_floor_stair_manager/pre_ascent_rl_fast_blend_seconds: 0.5
 * /second_to_third_floor_stair_manager/pre_ascent_rl_fast_takeover: True
 * /second_to_third_floor_stair_manager/pre_ascent_rl_fast_zero_hold_seconds: 0.15
 * /second_to_third_floor_stair_manager/pre_ascent_rl_settle_seconds: 0.6
 * /second_to_third_floor_stair_manager/pre_ascent_stand_seconds: 0.0
 * /second_to_third_floor_stair_manager/second_floor_handoff_timeout_sec: 90.0
 * /second_to_third_floor_stair_manager/second_floor_stable_seconds: 0.5
 * /second_to_third_floor_stair_manager/source_floor_index: 1
 * /second_to_third_floor_stair_manager/stair_policy: /workspace/SimEnv...
 * /second_to_third_floor_stair_manager/state_topic: /simenv/second_to...
 * /second_to_third_floor_stair_manager/target_floor_number: 3
 * /second_to_third_floor_stair_manager/total_height_gain_m: 2.2
 * /second_to_third_floor_stair_manager/trajectory_plot_basename: 21_f2_to_third_fl...
 * /second_to_third_floor_stair_manager/transition_log_basename: second_to_third_f...
 * /second_to_third_floor_stair_manager/transition_plot_basename: 21_second_to_thir...
 * /second_to_third_floor_stair_manager/truth_entry_final_speed_mps: 0.55
 * /second_to_third_floor_stair_manager/truth_entry_guide: True
 * /second_to_third_floor_stair_manager/truth_entry_guide_min_speed_mps: 0.25
 * /second_to_third_floor_stair_manager/truth_entry_guide_speed_mps: 0.45
 * /second_to_third_floor_stair_manager/truth_entry_timeout_sec: 120.0
 * /second_to_third_floor_stair_manager/truth_fixed_two_flight_profile: True
 * /second_to_third_floor_stair_manager/truth_flight_a_backslide_recovery_hold_seconds: 1.5
 * /second_to_third_floor_stair_manager/truth_flight_a_backslide_recovery_max_attempts: 2
 * /second_to_third_floor_stair_manager/truth_flight_a_backslide_recovery_ramp_seconds: 1.0
 * /second_to_third_floor_stair_manager/truth_flight_a_backslide_recovery_ramp_speed_mps: 0.4
 * /second_to_third_floor_stair_manager/truth_flight_a_climb_ramp_seconds: 1.2
 * /second_to_third_floor_stair_manager/truth_flight_a_near_edge_strong_center_error_m: 0.24
 * /second_to_third_floor_stair_manager/truth_flight_a_policy_capture_max_joint_velocity_rms: 0.18
 * /second_to_third_floor_stair_manager/truth_flight_a_policy_fast_fixed_stand: True
 * /second_to_third_floor_stair_manager/truth_flight_a_policy_fast_fixed_stand_duration_seconds: 0.5
 * /second_to_third_floor_stair_manager/truth_flight_a_policy_fast_fixed_stand_minimum_elapsed_seconds: 0.5
 * /second_to_third_floor_stair_manager/truth_flight_a_policy_fast_fixed_stand_minimum_gain_ratio: 0.75
 * /second_to_third_floor_stair_manager/truth_flight_a_policy_fast_fixed_stand_settle_seconds: 0.0
 * /second_to_third_floor_stair_manager/truth_flight_a_policy_fast_fixed_stand_stable_seconds: 0.5
 * /second_to_third_floor_stair_manager/truth_flight_a_policy_fixed_stand_ready_timeout_sec: 12.0
 * /second_to_third_floor_stair_manager/truth_flight_a_policy_require_fixed_stand_ready: True
 * /second_to_third_floor_stair_manager/truth_flight_a_policy_settle_seconds: 0.35
 * /second_to_third_floor_stair_manager/truth_flight_a_policy_settle_timeout_sec: 8.0
 * /second_to_third_floor_stair_manager/truth_flight_a_policy_stand_seconds: 0.1
 * /second_to_third_floor_stair_manager/truth_flight_a_policy_use_default_stand_target: False
 * /second_to_third_floor_stair_manager/truth_flight_a_rearward_slip_max_climb_speed_mps: 0.12
 * /second_to_third_floor_stair_manager/truth_flight_a_rearward_slip_speed_mps: 0.3
 * /second_to_third_floor_stair_manager/truth_flight_a_recovery_center_speed_mps: 0.22
 * /second_to_third_floor_stair_manager/truth_flight_a_recovery_forward_speed_mps: 0.6
 * /second_to_third_floor_stair_manager/truth_flight_a_require_fresh_ready: True
 * /second_to_third_floor_stair_manager/truth_flight_a_stall_release_seconds: 1.5
 * /second_to_third_floor_stair_manager/truth_flight_a_strong_recovery_forward_speed_mps: 0.4
 * /second_to_third_floor_stair_manager/truth_flight_b_max_yaw_rate_rps: 0.1
 * /second_to_third_floor_stair_manager/truth_flight_b_pitch_min_height_gain_m: 0.08
 * /second_to_third_floor_stair_manager/truth_flight_b_pitch_rate_min_abs_rad: 0.6
 * /second_to_third_floor_stair_manager/truth_flight_b_pitch_rate_trigger_rps: 1.6
 * /second_to_third_floor_stair_manager/truth_flight_b_pitch_rate_window_sec: 0.18
 * /second_to_third_floor_stair_manager/truth_flight_b_pitch_recovery_max_attempts: 2
 * /second_to_third_floor_stair_manager/truth_flight_b_rearward_slip_speed_mps: 0.3
 * /second_to_third_floor_stair_manager/truth_flight_b_recovery_forward_speed_mps: 0.6
 * /second_to_third_floor_stair_manager/truth_flight_b_recovery_hold_seconds: 4.0
 * /second_to_third_floor_stair_manager/truth_flight_b_severe_pitch_detect_seconds: 0.1
 * /second_to_third_floor_stair_manager/truth_flight_b_severe_pitch_rad: 0.8
 * /second_to_third_floor_stair_manager/truth_flight_b_strong_recovery_forward_speed_mps: 0.4
 * /second_to_third_floor_stair_manager/truth_landing_recenter_speed_mps: 0.75
 * /second_to_third_floor_stair_manager/truth_two_stage_guide: True
 * /second_to_third_floor_stair_manager/truth_upper_floor_exit_clearance_m: 0.8
 * /second_to_third_floor_stair_manager/two_flight_stair: True
 * /second_to_third_floor_stair_manager/upper_floor_handoff_complete_phase: THIRD_FLOOR_HANDO...
 * /second_to_third_floor_stair_manager/upper_floor_handoff_timeout_phase: THIRD_FLOOR_HANDO...
 * /second_to_third_floor_stair_manager/upper_floor_reached_phase: THIRD_FLOOR_REACHED
 * /second_to_third_floor_stair_manager/upper_floor_ready_token: THIRD_FLOOR_EXPLO...
 * /second_to_third_floor_stair_manager/upper_floor_settle_phase: THIRD_FLOOR_SETTLE
 * /second_to_third_floor_stair_manager/upper_floor_state_topic: /simenv/third_flo...
 * /second_to_third_floor_stair_manager/upper_landing_clearance_grace_sec: 15.0
 * /second_to_third_floor_stair_manager/wait_for_second_floor_handoff: True
 * /second_to_third_floor_stair_manager/world_frame_ascent: True
 * /stair_descent_manager/command_topic: /cmd_vel
 * /stair_descent_manager/descent_maximum_speed_mps: 0.8
 * /stair_descent_manager/descent_segment_timeout_sec: 600.0
 * /stair_descent_manager/descent_speed_mps: 0.8
 * /stair_descent_manager/end_floor_number: 1
 * /stair_descent_manager/mission_trigger_token: THIRD_FLOOR_EXPLO...
 * /stair_descent_manager/mission_trigger_topic: /simenv/third_flo...
 * /stair_descent_manager/odom_topic: /Odometry_gazebo
 * /stair_descent_manager/offline_stair_model_sdf: /tmp/simenv_bridg...
 * /stair_descent_manager/offline_truth_layout_metadata: /tmp/simenv_bridg...
 * /stair_descent_manager/output_dir: /root/autodl-tmp/...
 * /stair_descent_manager/policy_switch_fast_fixed_stand: True
 * /stair_descent_manager/policy_switch_fast_fixed_stand_duration_seconds: 0.5
 * /stair_descent_manager/policy_switch_fast_fixed_stand_minimum_elapsed_seconds: 0.5
 * /stair_descent_manager/policy_switch_fast_fixed_stand_minimum_gain_ratio: 0.75
 * /stair_descent_manager/policy_switch_fast_fixed_stand_settle_seconds: 0.0
 * /stair_descent_manager/policy_switch_fast_fixed_stand_stable_seconds: 0.5
 * /stair_descent_manager/policy_switch_fixed_stand_timeout_sec: 12.0
 * /stair_descent_manager/policy_switch_max_joint_velocity_rms: 0.35
 * /stair_descent_manager/policy_switch_queue_hold_seconds: 0.25
 * /stair_descent_manager/policy_switch_reentry_timeout_sec: 20.0
 * /stair_descent_manager/policy_switch_settle_seconds: 0.45
 * /stair_descent_manager/policy_switch_settle_timeout_sec: 6.0
 * /stair_descent_manager/policy_warmup_seconds: 0.75
 * /stair_descent_manager/pre_descent_stand_seconds: 0.25
 * /stair_descent_manager/segment_one_log_basename: third_to_second_f...
 * /stair_descent_manager/segment_two_log_basename: second_to_first_f...
 * /stair_descent_manager/skip_entry_guide: True
 * /stair_descent_manager/stair_policy: /workspace/SimEnv...
 * /stair_descent_manager/start_floor_number: 3
 * /stair_descent_manager/state_topic: /simenv/third_to_...
 * /stair_descent_manager/transition_log_basename: stair_descent.json
 * /stair_descent_manager/truth_descent_backoff_escalation_m: 0.15
 * /stair_descent_manager/truth_descent_east_align_minimum_x_speed_mps: 0.3
 * /stair_descent_manager/truth_descent_east_align_tread_drop_m: 0.05
 * /stair_descent_manager/truth_descent_entry_guide_speed_mps: 1.15
 * /stair_descent_manager/truth_descent_final_landing_max_body_height_m: 1.0
 * /stair_descent_manager/truth_descent_final_landing_max_tilt_rad: 0.45
 * /stair_descent_manager/truth_descent_final_landing_min_body_height_m: 0.2
 * /stair_descent_manager/truth_descent_final_landing_minimum_upright_z: 0.75
 * /stair_descent_manager/truth_descent_final_landing_settle_seconds: 1.0
 * /stair_descent_manager/truth_descent_final_landing_timeout_sec: 20.0
 * /stair_descent_manager/truth_descent_flight_a_end_y: 1.75
 * /stair_descent_manager/truth_descent_flight_center_correction_error_m: 0.22
 * /stair_descent_manager/truth_descent_flight_center_correction_speed_mps: 0.5
 * /stair_descent_manager/truth_descent_flight_center_correction_yaw_rate_rps: 0.2
 * /stair_descent_manager/truth_descent_flight_center_steer_gain: 1.0
 * /stair_descent_manager/truth_descent_flight_center_steer_max_rad: 0.24
 * /stair_descent_manager/truth_descent_flight_end_slowdown_drop_m: 0.95
 * /stair_descent_manager/truth_descent_flight_end_speed_mps: 0.6
 * /stair_descent_manager/truth_descent_flight_heading_correction_error_rad: 0.22
 * /stair_descent_manager/truth_descent_flight_heading_correction_speed_mps: 0.4
 * /stair_descent_manager/truth_descent_flight_heading_correction_yaw_rate_rps: 0.3
 * /stair_descent_manager/truth_descent_flight_heading_gain: 0.55
 * /stair_descent_manager/truth_descent_flight_initial_hold_drop_m: 0.18
 * /stair_descent_manager/truth_descent_flight_initial_ramp_end_drop_m: 0.45
 * /stair_descent_manager/truth_descent_flight_initial_speed_mps: 0.55
 * /stair_descent_manager/truth_descent_flight_max_yaw_rate_rps: 0.14
 * /stair_descent_manager/truth_descent_flight_severe_tilt_hold_sec: 0.8
 * /stair_descent_manager/truth_descent_flight_severe_tilt_rad: 0.6
 * /stair_descent_manager/truth_descent_flight_severe_tilt_speed_mps: 0.3
 * /stair_descent_manager/truth_descent_flight_tilt_hold_sec: 0.6
 * /stair_descent_manager/truth_descent_flight_tilt_slowdown_rad: 0.48
 * /stair_descent_manager/truth_descent_flight_tilt_speed_mps: 0.55
 * /stair_descent_manager/truth_descent_gain_up_drop_m: 0.35
 * /stair_descent_manager/truth_descent_landing_heading_tolerance_rad: 0.18
 * /stair_descent_manager/truth_descent_landing_minimum_x_speed_mps: 0.3
 * /stair_descent_manager/truth_descent_landing_minimum_yaw_rate_rps: 0.34
 * /stair_descent_manager/truth_descent_landing_position_tolerance_m: 0.12
 * /stair_descent_manager/truth_descent_landing_recenter_speed_mps: 0.4
 * /stair_descent_manager/truth_descent_landing_settle_seconds: 1.5
 * /stair_descent_manager/truth_descent_landing_slip_max_attempts: 4
 * /stair_descent_manager/truth_descent_landing_turn_speed_rps: 1.2
 * /stair_descent_manager/truth_descent_max_center_error_m: 0.4
 * /stair_descent_manager/truth_descent_minimum_upright_z: 0.55
 * /stair_descent_manager/truth_descent_segment_turn_alignment_minimum_speed_mps: 0.3
 * /stair_descent_manager/truth_descent_segment_turn_alignment_progress_min_m: 0.025
 * /stair_descent_manager/truth_descent_segment_turn_alignment_progress_timeout_sec: 3.0
 * /stair_descent_manager/truth_descent_segment_turn_drift_limit_m: 0.4
 * /stair_descent_manager/truth_descent_segment_turn_lateral_speed_mps: 0.4
 * /stair_descent_manager/truth_descent_segment_turn_position_tolerance_m: 0.16
 * /stair_descent_manager/truth_descent_segment_turn_progress_min_improvement_rad: 0.11
 * /stair_descent_manager/truth_descent_segment_turn_progress_timeout_sec: 2.8
 * /stair_descent_manager/truth_descent_segment_turn_side_speed_mps: 0.4
 * /stair_descent_manager/truth_descent_segment_turn_x_safe_tolerance_m: 0.25
 * /stair_descent_manager/truth_descent_segment_turn_y_safe_high_m: 1.95
 * /stair_descent_manager/truth_descent_segment_turn_yaw_rate_rps: 1.0
 * /stair_descent_manager/truth_descent_side_slip_pause_sec: 0.5
 * /stair_descent_manager/truth_descent_stall_seconds: 3.0
 * /stair_descent_manager/truth_descent_step_pause_interval_m: 0.18
 * /stair_descent_manager/truth_descent_step_pause_seconds: 0.0
 * /stair_descent_manager/truth_descent_trigger_timeout_sec: 2400.0
 * /stair_descent_manager/truth_descent_turn_forward_speed_mps: 0.08
 * /stair_descent_manager/truth_descent_turn_forward_y_limit_m: 4.82
 * /stair_descent_manager/truth_descent_turn_start_y: 5.05
 * /stair_descent_manager/truth_entry_guide: True
 * /stair_descent_manager/truth_two_stage_guide: True
 * /stair_transition_manager/ascent_maximum_speed_mps: 0.8
 * /stair_transition_manager/ascent_speed_mps: 0.8
 * /stair_transition_manager/ascent_timeout_sec: 70.0
 * /stair_transition_manager/auto_start: False
 * /stair_transition_manager/command_topic: /cmd_vel
 * /stair_transition_manager/enable_truth_return_gate: False
 * /stair_transition_manager/enable_visual_stair_alignment: False
 * /stair_transition_manager/entry_alignment_yaw_rate_rps: 0.4
 * /stair_transition_manager/flight_a_height_gain_m: 1.05
 * /stair_transition_manager/flight_b_timeout_sec: 70.0
 * /stair_transition_manager/hold_rl_during_ascent: True
 * /stair_transition_manager/landing_cross_distance_m: 0.95
 * /stair_transition_manager/landing_cross_speed_mps: 0.75
 * /stair_transition_manager/landing_heading_tolerance_rad: 0.15
 * /stair_transition_manager/landing_timeout_sec: 30.0
 * /stair_transition_manager/landing_turn_angle_rad: -2.4
 * /stair_transition_manager/landing_turn_speed_rps: 1.2
 * /stair_transition_manager/odom_topic: /Odometry_gazebo
 * /stair_transition_manager/offline_stair_model_sdf: /tmp/simenv_bridg...
 * /stair_transition_manager/offline_truth_layout_metadata: /tmp/simenv_bridg...
 * /stair_transition_manager/output_dir: /root/autodl-tmp/...
 * /stair_transition_manager/plane_policy: /workspace/SimEnv...
 * /stair_transition_manager/policy_warmup_seconds: 0.2
 * /stair_transition_manager/pre_ascent_rl_fast_blend_seconds: 0.5
 * /stair_transition_manager/pre_ascent_rl_fast_takeover: True
 * /stair_transition_manager/pre_ascent_rl_fast_zero_hold_seconds: 0.15
 * /stair_transition_manager/pre_ascent_rl_settle_seconds: 0.6
 * /stair_transition_manager/pre_ascent_stand_seconds: 0.0
 * /stair_transition_manager/second_floor_handoff_timeout_sec: 90.0
 * /stair_transition_manager/second_floor_stable_seconds: 0.5
 * /stair_transition_manager/stair_policy: /workspace/SimEnv...
 * /stair_transition_manager/total_height_gain_m: 2.2
 * /stair_transition_manager/truth_entry_final_speed_mps: 0.55
 * /stair_transition_manager/truth_entry_guide: True
 * /stair_transition_manager/truth_entry_guide_min_speed_mps: 0.25
 * /stair_transition_manager/truth_entry_guide_speed_mps: 0.45
 * /stair_transition_manager/truth_entry_timeout_sec: 120.0
 * /stair_transition_manager/truth_fixed_two_flight_profile: True
 * /stair_transition_manager/truth_flight_a_backslide_recovery_hold_seconds: 1.5
 * /stair_transition_manager/truth_flight_a_backslide_recovery_max_attempts: 2
 * /stair_transition_manager/truth_flight_a_backslide_recovery_ramp_seconds: 1.0
 * /stair_transition_manager/truth_flight_a_backslide_recovery_ramp_speed_mps: 0.4
 * /stair_transition_manager/truth_flight_a_climb_ramp_seconds: 1.2
 * /stair_transition_manager/truth_flight_a_near_edge_strong_center_error_m: 0.24
 * /stair_transition_manager/truth_flight_a_policy_capture_max_joint_velocity_rms: 0.18
 * /stair_transition_manager/truth_flight_a_policy_fast_fixed_stand: True
 * /stair_transition_manager/truth_flight_a_policy_fast_fixed_stand_duration_seconds: 0.5
 * /stair_transition_manager/truth_flight_a_policy_fast_fixed_stand_minimum_elapsed_seconds: 0.5
 * /stair_transition_manager/truth_flight_a_policy_fast_fixed_stand_minimum_gain_ratio: 0.75
 * /stair_transition_manager/truth_flight_a_policy_fast_fixed_stand_settle_seconds: 0.0
 * /stair_transition_manager/truth_flight_a_policy_fast_fixed_stand_stable_seconds: 0.5
 * /stair_transition_manager/truth_flight_a_policy_fixed_stand_ready_timeout_sec: 12.0
 * /stair_transition_manager/truth_flight_a_policy_require_fixed_stand_ready: True
 * /stair_transition_manager/truth_flight_a_policy_settle_seconds: 0.35
 * /stair_transition_manager/truth_flight_a_policy_settle_timeout_sec: 8.0
 * /stair_transition_manager/truth_flight_a_policy_stand_seconds: 0.1
 * /stair_transition_manager/truth_flight_a_policy_use_default_stand_target: False
 * /stair_transition_manager/truth_flight_a_prediction_horizon_sec: 1.1
 * /stair_transition_manager/truth_flight_a_rearward_slip_max_climb_speed_mps: 0.12
 * /stair_transition_manager/truth_flight_a_rearward_slip_speed_mps: 0.3
 * /stair_transition_manager/truth_flight_a_recovery_center_speed_mps: 0.22
 * /stair_transition_manager/truth_flight_a_recovery_forward_speed_mps: 0.6
 * /stair_transition_manager/truth_flight_a_require_fresh_ready: True
 * /stair_transition_manager/truth_flight_a_stall_release_seconds: 1.5
 * /stair_transition_manager/truth_flight_a_strong_recovery_forward_speed_mps: 0.4
 * /stair_transition_manager/truth_flight_b_max_yaw_rate_rps: 0.1
 * /stair_transition_manager/truth_flight_b_near_edge_strong_center_error_m: 0.24
 * /stair_transition_manager/truth_flight_b_pitch_min_height_gain_m: 0.08
 * /stair_transition_manager/truth_flight_b_pitch_rate_min_abs_rad: 0.6
 * /stair_transition_manager/truth_flight_b_pitch_rate_trigger_rps: 1.6
 * /stair_transition_manager/truth_flight_b_pitch_rate_window_sec: 0.18
 * /stair_transition_manager/truth_flight_b_pitch_recovery_max_attempts: 2
 * /stair_transition_manager/truth_flight_b_rearward_slip_speed_mps: 0.3
 * /stair_transition_manager/truth_flight_b_recovery_forward_speed_mps: 0.6
 * /stair_transition_manager/truth_flight_b_recovery_hold_seconds: 4.0
 * /stair_transition_manager/truth_flight_b_severe_pitch_detect_seconds: 0.1
 * /stair_transition_manager/truth_flight_b_severe_pitch_rad: 0.8
 * /stair_transition_manager/truth_flight_b_strong_recovery_forward_speed_mps: 0.4
 * /stair_transition_manager/truth_landing_recenter_speed_mps: 0.75
 * /stair_transition_manager/truth_two_stage_guide: True
 * /stair_transition_manager/two_flight_stair: True
 * /stair_transition_manager/upper_landing_clearance_grace_sec: 15.0
 * /stair_transition_manager/wait_for_second_floor_handoff: True
 * /stair_transition_manager/world_frame_ascent: True
 * /state_from_gazebo/robot_name: a1
 * /three_floor_rl_mission_supervisor/lobby_heading_stable_sec: 0.3
 * /three_floor_rl_mission_supervisor/lobby_initial_forward_speed_mps: 0.18
 * /three_floor_rl_mission_supervisor/lobby_linear_acceleration_mps2: 0.55
 * /three_floor_rl_mission_supervisor/minimum_upright_duration_sec: 0.6
 * /three_floor_rl_mission_supervisor/minimum_upright_z: 0.55
 * /three_floor_rl_mission_supervisor/mission_config: /tmp/simenv_bridg...
 * /three_floor_rl_mission_supervisor/mission_timeout_sec: 1800.0
 * /three_floor_rl_mission_supervisor/output_dir: /root/autodl-tmp/...
 * /three_floor_rl_mission_supervisor/plane_fast_takeover: True
 * /three_floor_rl_mission_supervisor/plane_fast_takeover_blend_seconds: 0.5
 * /three_floor_rl_mission_supervisor/plane_fast_takeover_zero_hold_seconds: 0.15
 * /three_floor_rl_mission_supervisor/plane_motion_start_ramp_initial_speed_mps: 0.3
 * /three_floor_rl_mission_supervisor/plane_motion_start_ramp_minimum_upright_z: 0.985
 * /three_floor_rl_mission_supervisor/plane_motion_start_ramp_seconds: 3.0
 * /three_floor_rl_mission_supervisor/progress_timeout_sec: 20.0
 * /unpause_after_controllers/controller_namespace: /a1_gazebo
 * /unpause_after_controllers/load_window_seconds: 2.0
 * /unpause_after_controllers/timeout: 120
 * /use_sim_time: True
 * /world_file: /tmp/simenv_bridg...

NODES
  /
    building_control (building_generator_classic/building_generator_classic_control)
    closed_loop_controller (scan_planner/closed_loop_controller)
    gazebo (gazebo_ros/gzserver)
    junior_ctrl (simenv_bridge/classic_trotting_controller.py)
    open_mapping_entrance (simenv_competitor/open_mapping_entrance.py)
    rl_floor_command_mux (simenv_bridge/rl_floor_command_mux.py)
    robot_state_publisher (robot_state_publisher/robot_state_publisher)
    scan_planner_node (scan_planner/scan_planner_node)
    scanplanner_plane_rl_bootstrap (simenv_competitor/controller_mode_bootstrap.py)
    scanplanner_pointcloud_bridge (simenv_bridge/scanplanner_pointcloud_bridge.py)
    scanplanner_red_ball_detector (simenv_bridge/danger_detector.py)
    scanplanner_three_floor_goal_sequencer (simenv_bridge/scanplanner_three_floor_goal_sequencer.py)
    second_to_third_floor_stair_manager (simenv_bridge/stair_transition_manager.py)
    stair_descent_manager (simenv_bridge/stair_descent_manager.py)
    stair_transition_manager (simenv_bridge/stair_transition_manager.py)
    state_from_gazebo (unitree_guide/state_from_gazebo)
    three_floor_rl_mission_supervisor (simenv_bridge/three_floor_rl_mission_supervisor.py)
    unpause_after_controllers (simenv_competitor/unpause_after_controllers.py)
    urdf_spawner (gazebo_ros/spawn_model)
  /a1_gazebo/
    controller_spawner (controller_manager/spawner)
[WARN] [1788295260.924797889]: [closed_loop_controller] ready.
hit: 1.7346
miss: -0.847298
min log: -1.99243
max: 3.89182
thresh log: 1.38629
Using junior_ctrl: /root/autodl-tmp/code/restore/0803b/overall_l0829/SimEnv-master/devel_native_oblique/lib/unitree_guide/junior_ctrl
Waiting for Gazebo A1 joint state and trunk IMU before junior_ctrl
[INFO] [1788295262.441594750]: Finished loading Gazebo ROS API Plugin.
[INFO] [1788295262.445148161]: waitForService: Service [/gazebo/set_physics_properties] has not been advertised, waiting...
[INFO] [1788295265.369396593]: waitForService: Service [/gazebo/set_physics_properties] is now available.
[INFO] [1788295265.545136527]: Physics dynamic reconfigure ready.
[INFO] [1788295265.903065828]: <initialOrientationAsReference> is unset, using default value of false to comply with REP 145 (world as orientation reference)
[INFO] [1788295265.903123748]: <robotNamespace> set to: //
[INFO] [1788295265.903137849]: <topicName> set to: trunk_imu
[INFO] [1788295265.903147287]: <frameName> set to: imu_link
[INFO] [1788295265.903175501]: <updateRateHZ> set to: 1000
[INFO] [1788295265.903189403]: <gaussianNoise> set to: 0
[INFO] [1788295265.903217104]: <xyzOffset> set to: 0 0 0
[INFO] [1788295265.903243475]: <rpyOffset> set to: 0 -0 0
[INFO] [1788295265.972018269]: load csv file name:/root/autodl-tmp/code/restore/0803b/SimEnv/src/unitree_guide/unitree_ros/robots/a1_description/scan_mode/mid360_stable.csv
cannot convert str:
data size:2500
[INFO] [1788295261.841878, 0.000000]: Waiting to open mapping entrance main_entrance
[INFO] [1788295267.414386, 0.000000]: Mapping entrance ready: door 'main_entrance' set to open
[INFO] [1788295261.660229, 0.000000]: Loading model XML from ros parameter robot_description
[INFO] [1788295261.726851, 0.000000]: Waiting for service /gazebo/spawn_urdf_model
[INFO] [1788295265.529184, 0.000000]: Calling service /gazebo/spawn_urdf_model
[INFO] [1788295267.402324, 0.000000]: Spawn status: SpawnModel: Successfully spawned entity
[INFO] [1788295267.405359, 0.000000]: Waiting for service /gazebo/set_model_configuration
[INFO] [1788295267.412241, 0.000000]: temporary hack to **fix** the -J joint position option (issue #93), sleeping for 1 second to avoid race condition.
[INFO] [1788295268.416644, 0.000000]: Calling service /gazebo/set_model_configuration
[INFO] [1788295268.424621, 0.000000]: Set model configuration status: SetModelConfiguration: success
[INFO] [1788295271.474635, 0.000000]: Gazebo unpaused after 2.0 s paused controller-load window
[INFO] [1788295271.483646, 0.004000]: All 13 A1 controllers reached running state
A1 sensors and 12 joint controllers are ready; starting classic junior_ctrl
[WARNING] Could not enable SCHED_FIFO scheduler: Operation not permitted. Controller will continue with the normal scheduler.
The control interface for ROS Gazebo simulation
robot_name: a1
controller dt: 0.004 s, frequency: 250.000 Hz
classic gait profile=trot period=0.550s stance_ratio=0.650
/workspace/SimEnv/src/unitree_guide/logs/policy_act_inference_plane.pt
cuda::is_available():1
RL inference device: cpu (requested=hybrid, policy=plane)
[INFO] RL policy resident in preload cache: /workspace/SimEnv/src/unitree_guide/logs/policy_act_inference_plane.pt
cuda::is_available():1
RL inference device: cpu (requested=hybrid, policy=plane)
load model is successed!
load model to device!
[INFO] UNITREE_RL_PRELOAD_PLANE_POLICY already cached: /workspace/SimEnv/src/unitree_guide/logs/policy_act_inference_plane.pt
cuda::is_available():1
RL inference device: cuda (requested=hybrid, policy=stair)
[INFO] RL policy resident in preload cache: /workspace/SimEnv/src/unitree_guide/logs/policy_act_inference_stair.pt
[INFO] UNITREE_RL_PRELOAD_STAIR_POLICY preloaded: /workspace/SimEnv/src/unitree_guide/logs/policy_act_inference_stair.pt
[INFO] RL observation source: trunk IMU and joint states (no ground truth).
[INFO] Autonomous startup: entering fixed stand (hold until /joy RL).
Switched from passive to fixed stand
[INFO] [1788295273.323609125, 1.196000000]: [SCANReplanFSM] Set RViz goal height from initial body_pose z: 0.147
[FSM]: state: INIT
wait for goal.
[FSM]: state: INIT
wait for goal.
[FSM]: state: INIT
wait for goal.
[FSM]: state: INIT
wait for goal.
[INFO] Hold-stand released; RL requested.
Switched from fixed stand to RL
[INFO] Entered RL /cmd_vel mode.
[FSM]: state: INIT
wait for goal.
[FSM]: state: INIT
wait for goal.
[FSM]: state: INIT
wait for goal.
Warning: TF_REPEATED_DATA ignoring data with redundant timestamp for frame sliding_map (parent world) at time 8.403000 according to authority /scan_planner_node
         at line 277 in /tmp/binarydeb/ros-noetic-tf2-0.7.10/src/buffer_core.cpp
Warning: TF_REPEATED_DATA ignoring data with redundant timestamp for frame sliding_map (parent world) at time 9.102000 according to authority /scan_planner_node
         at line 277 in /tmp/binarydeb/ros-noetic-tf2-0.7.10/src/buffer_core.cpp
[FSM]: state: INIT
wait for goal.
[FSM]: state: INIT
wait for goal.
[INFO] [1788295281.512313331, 5.705000000]: RL policy input vx=0.000 vy=0.000 wz=0.000 action_rms=0.321 ready=0 userCmd=0 kbd=0 raw=0.000,0.000,0.000 grav=-0.02,-0.00,-0.98
[INFO] [1788295285.291116768, 7.716000000]: RL policy input vx=0.000 vy=0.000 wz=0.000 action_rms=0.196 ready=0 userCmd=0 kbd=0 raw=0.000,0.000,0.000 grav=-0.02,0.06,-0.98
[INFO] [1788295288.943518628, 9.722000000]: RL policy input vx=0.000 vy=0.000 wz=0.000 action_rms=0.154 ready=0 userCmd=0 kbd=0 raw=0.000,0.000,0.000 grav=-0.00,0.00,-0.98
[INFO] [1788295291.886684099, 11.109000000]: RL locomotion_ready latched after 5.50 s takeover and 5.40 s stable hold
cuda::is_available():1
RL inference device: cuda (requested=hybrid, policy=stair)
[INFO] RL policy hot-switched from preload cache: /workspace/SimEnv/src/unitree_guide/logs/policy_act_inference_stair.pt
[FSM]: state: INIT
wait for goal.
[FSM]: state: INIT
wait for goal.
[FSM]: state: INIT
wait for goal.
[FSM]: state: INIT
wait for goal.
[FSM]: state: INIT
wait for goal.
[FSM]: state: INIT
wait for goal.
[FSM]: state: INIT
wait for goal.
[FSM]: state: INIT
wait for goal.
[FSM]: state: INIT
wait for goal.
[FSM]: state: INIT
wait for goal.
Warning: TF_REPEATED_DATA ignoring data with redundant timestamp for frame sliding_map (parent world) at time 20.599000 according to authority /scan_planner_node
         at line 277 in /tmp/binarydeb/ros-noetic-tf2-0.7.10/src/buffer_core.cpp
[FSM]: state: INIT
wait for goal.
[FSM]: state: INIT
wait for goal.
[FSM]: state: INIT
wait for goal.
[FSM]: state: INIT
wait for goal.
[FSM]: state: INIT
wait for goal.
[WARN] [1788295329.347161986, 26.454000000]: Using one-shot plane RL takeover profile: blend 0.50 s, zero hold 0.15 s
[INFO] [1788295293.342858919, 11.727000000]: RL policy input vx=0.000 vy=0.000 wz=0.000 action_rms=0.148 ready=0 userCmd=0 kbd=0 raw=0.000,0.000,0.000 grav=-0.00,0.00,-0.98
[INFO] [1788295297.863730366, 13.731000000]: RL policy input vx=0.000 vy=0.000 wz=0.000 action_rms=0.145 ready=0 userCmd=0 kbd=0 raw=0.000,0.000,0.000 grav=-0.01,0.02,-0.98
[INFO] [1788295303.040791671, 15.744000000]: RL policy input vx=0.000 vy=0.000 wz=0.000 action_rms=0.145 ready=0 userCmd=0 kbd=0 raw=0.000,0.000,0.000 grav=-0.01,0.02,-0.98
[INFO] [1788295305.224282260, 16.621000000]: RL locomotion_ready latched after 5.51 s takeover and 5.24 s stable hold
[INFO] [1788295308.050757853, 17.754000000]: RL policy input vx=0.348 vy=-0.010 wz=-0.007 action_rms=0.160 ready=1 userCmd=0 kbd=0 raw=0.348,-0.010,-0.007 grav=-0.00,0.01,-0.98
[INFO] [1788295313.126729137, 19.754000000]: RL policy input vx=0.520 vy=0.045 wz=0.052 action_rms=0.301 ready=1 userCmd=0 kbd=0 raw=0.520,0.045,0.052 grav=-0.11,-0.13,-0.97
[INFO] [1788295317.987666079, 21.769000000]: RL policy input vx=0.417 vy=-0.057 wz=-0.036 action_rms=0.164 ready=1 userCmd=0 kbd=0 raw=0.417,-0.057,-0.036 grav=-0.01,0.02,-0.98
[INFO] [1788295322.770727167, 23.781000000]: RL policy input vx=0.420 vy=-0.008 wz=-0.044 action_rms=0.188 ready=1 userCmd=0 kbd=0 raw=0.420,-0.008,-0.044 grav=0.01,0.03,-0.98
[INFO] [1788295327.675827206, 25.795000000]: RL policy input vx=0.420 vy=0.014 wz=-0.038 action_rms=0.164 ready=1 userCmd=0 kbd=0 raw=0.420,0.014,-0.038 grav=0.22,0.04,-0.95
cuda::is_available():1
RL inference device: cpu (requested=hybrid, policy=plane)
[INFO] RL policy hot-switched from preload cache: /workspace/SimEnv/src/unitree_guide/logs/policy_act_inference_plane.pt
[FSM]: state: INIT
wait for goal.
[FSM]: state: INIT
wait for goal.
[FSM]: state: INIT
wait for goal.
[FSM]: state: INIT
wait for goal.
[FSM]: state: INIT
wait for goal.
[FSM]: state: INIT
wait for goal.
[FSM]: state: INIT
wait for goal.
[FSM]: state: INIT
wait for goal.
[FSM]: state: INIT
wait for goal.
[FSM]: state: INIT
wait for goal.
[FSM]: state: INIT
wait for goal.
[FSM]: state: INIT
wait for goal.
Warning: TF_REPEATED_DATA ignoring data with redundant timestamp for frame sliding_map (parent world) at time 40.110000 according to authority /scan_planner_node
         at line 277 in /tmp/binarydeb/ros-noetic-tf2-0.7.10/src/buffer_core.cpp
Warning: TF_REPEATED_DATA ignoring data with redundant timestamp for frame sliding_map (parent world) at time 40.299000 according to authority /scan_planner_node
         at line 277 in /tmp/binarydeb/ros-noetic-tf2-0.7.10/src/buffer_core.cpp
[FSM]: state: INIT
wait for goal.
[FSM]: state: INIT
wait for goal.
[FSM]: state: INIT
wait for goal.
Warning: TF_REPEATED_DATA ignoring data with redundant timestamp for frame sliding_map (parent world) at time 42.908000 according to authority /scan_planner_node
         at line 277 in /tmp/binarydeb/ros-noetic-tf2-0.7.10/src/buffer_core.cpp
Warning: TF_REPEATED_DATA ignoring data with redundant timestamp for frame sliding_map (parent world) at time 43.811000 according to authority /scan_planner_node
         at line 277 in /tmp/binarydeb/ros-noetic-tf2-0.7.10/src/buffer_core.cpp
[FSM]: state: INIT
wait for goal.
Warning: TF_REPEATED_DATA ignoring data with redundant timestamp for frame sliding_map (parent world) at time 44.711000 according to authority /scan_planner_node
         at line 277 in /tmp/binarydeb/ros-noetic-tf2-0.7.10/src/buffer_core.cpp
Warning: TF_REPEATED_DATA ignoring data with redundant timestamp for frame sliding_map (parent world) at time 45.110000 according to authority /scan_planner_node
         at line 277 in /tmp/binarydeb/ros-noetic-tf2-0.7.10/src/buffer_core.cpp
[FSM]: state: INIT
wait for goal.
Warning: TF_REPEATED_DATA ignoring data with redundant timestamp for frame sliding_map (parent world) at time 45.500000 according to authority /scan_planner_node
         at line 277 in /tmp/binarydeb/ros-noetic-tf2-0.7.10/src/buffer_core.cpp
Warning: TF_REPEATED_DATA ignoring data with redundant timestamp for frame sliding_map (parent world) at time 46.099000 according to authority /scan_planner_node
         at line 277 in /tmp/binarydeb/ros-noetic-tf2-0.7.10/src/buffer_core.cpp
[FSM]: state: INIT
wait for goal.
[FSM]: state: INIT
wait for goal.
Warning: TF_REPEATED_DATA ignoring data with redundant timestamp for frame sliding_map (parent world) at time 48.203000 according to authority /scan_planner_node
         at line 277 in /tmp/binarydeb/ros-noetic-tf2-0.7.10/src/buffer_core.cpp
[FSM]: state: INIT
wait for goal.
Warning: TF_REPEATED_DATA ignoring data with redundant timestamp for frame sliding_map (parent world) at time 49.301000 according to authority /scan_planner_node
         at line 277 in /tmp/binarydeb/ros-noetic-tf2-0.7.10/src/buffer_core.cpp
[FSM]: state: INIT
wait for goal.
Warning: TF_REPEATED_DATA ignoring data with redundant timestamp for frame sliding_map (parent world) at time 50.803000 according to authority /scan_planner_node
         at line 277 in /tmp/binarydeb/ros-noetic-tf2-0.7.10/src/buffer_core.cpp
[FSM]: state: INIT
wait for goal.
Warning: TF_REPEATED_DATA ignoring data with redundant timestamp for frame sliding_map (parent world) at time 52.099000 according to authority /scan_planner_node
         at line 277 in /tmp/binarydeb/ros-noetic-tf2-0.7.10/src/buffer_core.cpp
[FSM]: state: INIT
wait for goal.
[FSM]: state: INIT
wait for goal.
Warning: TF_REPEATED_DATA ignoring data with redundant timestamp for frame sliding_map (parent world) at time 54.300000 according to authority /scan_planner_node
         at line 277 in /tmp/binarydeb/ros-noetic-tf2-0.7.10/src/buffer_core.cpp
[FSM]: state: INIT
wait for goal.
[FSM]: state: INIT
wait for goal.
[FSM]: state: INIT
wait for goal.
[FSM]: state: INIT
wait for goal.
[FSM]: state: INIT
wait for goal.
[FSM]: state: INIT
wait for goal.
[FSM]: state: INIT
wait for goal.
[FSM]: state: INIT
wait for goal.
[FSM]: state: INIT
wait for goal.
[FSM]: state: INIT
wait for goal.
[FSM]: state: INIT
wait for goal.
[FSM]: state: INIT
wait for goal.
Warning: TF_REPEATED_DATA ignoring data with redundant timestamp for frame sliding_map (parent world) at time 68.403000 according to authority /scan_planner_node
         at line 277 in /tmp/binarydeb/ros-noetic-tf2-0.7.10/src/buffer_core.cpp
[FSM]: state: INIT
wait for goal.
[FSM]: state: INIT
wait for goal.
[FSM]: state: INIT
wait for goal.
[INFO] [1788295330.899337318, 27.111000000]: RL locomotion_ready latched after 0.66 s takeover and 0.42 s stable hold
[INFO] [1788295332.574685333, 27.796000000]: RL policy input vx=1.283 vy=-0.066 wz=-0.057 action_rms=0.222 ready=1 userCmd=0 kbd=0 raw=1.283,-0.066,-0.057 grav=-0.04,-0.03,-0.98
[INFO] [1788295337.538335284, 29.796000000]: RL policy input vx=2.245 vy=-0.144 wz=-0.070 action_rms=0.469 ready=1 userCmd=0 kbd=0 raw=2.245,-0.144,-0.070 grav=0.01,0.04,-0.98
[INFO] [1788295342.479144430, 31.815000000]: RL policy input vx=2.241 vy=-0.199 wz=-0.097 action_rms=0.404 ready=1 userCmd=0 kbd=0 raw=2.241,-0.199,-0.097 grav=-0.03,-0.03,-0.98
[INFO] [1788295347.286945622, 33.823000000]: RL policy input vx=2.242 vy=-0.195 wz=-0.096 action_rms=0.409 ready=1 userCmd=0 kbd=0 raw=2.242,-0.195,-0.096 grav=0.03,0.01,-0.98
[INFO] [1788295351.985970148, 35.832000000]: RL policy input vx=0.863 vy=0.052 wz=0.066 action_rms=0.217 ready=1 userCmd=0 kbd=0 raw=0.863,0.052,0.066 grav=0.05,-0.06,-0.98
[INFO] [1788295356.354557584, 37.851000000]: RL policy input vx=0.000 vy=0.000 wz=0.464 action_rms=0.183 ready=1 userCmd=0 kbd=0 raw=0.000,0.000,0.464 grav=0.01,-0.02,-0.98
[INFO] [1788295360.145405048, 39.866000000]: RL policy input vx=0.449 vy=0.000 wz=0.065 action_rms=0.243 ready=1 userCmd=0 kbd=0 raw=0.449,0.000,0.065 grav=0.00,-0.02,-0.98
[INFO] [1788295363.666302326, 41.866000000]: RL policy input vx=0.450 vy=0.000 wz=-0.003 action_rms=0.158 ready=1 userCmd=0 kbd=0 raw=0.450,0.000,-0.003 grav=0.01,-0.02,-0.98
[INFO] [1788295367.294963056, 43.868000000]: RL policy input vx=2.145 vy=0.001 wz=0.001 action_rms=0.335 ready=1 userCmd=0 kbd=0 raw=2.145,0.001,0.001 grav=-0.03,-0.08,-0.98
[INFO] [1788295370.664756711, 45.869000000]: RL policy input vx=0.308 vy=0.008 wz=0.029 action_rms=0.268 ready=1 userCmd=0 kbd=0 raw=0.308,0.008,0.029 grav=0.03,-0.01,-0.98
[INFO] [1788295374.833094649, 47.880000000]: RL policy input vx=0.000 vy=0.000 wz=2.400 action_rms=0.444 ready=1 userCmd=0 kbd=0 raw=0.000,0.000,2.400 grav=0.01,0.02,-0.98
[INFO] [1788295379.138288629, 49.898000000]: RL policy input vx=0.118 vy=-0.406 wz=-1.150 action_rms=0.255 ready=1 userCmd=0 kbd=0 raw=0.118,-0.406,-1.150 grav=0.01,0.02,-0.98
[INFO] [1788295383.488378772, 51.907000000]: RL policy input vx=0.390 vy=-0.073 wz=-0.202 action_rms=0.150 ready=1 userCmd=0 kbd=0 raw=0.390,-0.073,-0.202 grav=0.04,-0.06,-0.98
[INFO] [1788295387.958692515, 53.918000000]: RL policy input vx=0.000 vy=0.000 wz=-2.400 action_rms=0.185 ready=1 userCmd=0 kbd=0 raw=0.000,0.000,-2.400 grav=0.01,0.02,-0.98
[INFO] [1788295392.563693917, 55.937000000]: RL policy input vx=1.614 vy=-0.553 wz=-0.363 action_rms=0.266 ready=1 userCmd=0 kbd=0 raw=1.614,-0.553,-0.363 grav=-0.02,-0.04,-0.98
[INFO] [1788295396.976851276, 57.949000000]: RL policy input vx=0.000 vy=0.000 wz=-0.407 action_rms=0.137 ready=1 userCmd=0 kbd=0 raw=0.000,0.000,-0.407 grav=0.03,-0.02,-0.98
[INFO] [1788295401.370407047, 59.952000000]: RL policy input vx=0.449 vy=0.000 wz=-0.089 action_rms=0.215 ready=1 userCmd=0 kbd=0 raw=0.449,0.000,-0.089 grav=-0.00,-0.02,-0.98
[INFO] [1788295405.867517223, 61.972000000]: RL policy input vx=0.449 vy=0.000 wz=-0.055 action_rms=0.206 ready=1 userCmd=0 kbd=0 raw=0.449,0.000,-0.055 grav=0.01,-0.02,-0.98
[INFO] [1788295410.295945398, 63.986000000]: RL policy input vx=0.333 vy=0.006 wz=0.021 action_rms=0.202 ready=1 userCmd=0 kbd=0 raw=0.333,0.006,0.021 grav=0.02,-0.02,-0.98
[INFO] [1788295414.891830093, 65.997000000]: RL policy input vx=0.450 vy=0.000 wz=-0.004 action_rms=0.194 ready=1 userCmd=0 kbd=0 raw=0.450,0.000,-0.004 grav=0.01,-0.02,-0.98
[INFO] [1788295419.086871443, 68.010000000]: RL policy input vx=0.743 vy=-0.622 wz=-0.730 action_rms=0.199 ready=1 userCmd=0 kbd=0 raw=0.743,-0.622,-0.730 grav=0.01,-0.01,-0.98
[INFO] [1788295423.102589652, 70.029000000]: RL policy input vx=1.148 vy=0.488 wz=0.391 action_rms=0.235 ready=1 userCmd=0 kbd=0 raw=1.148,0.488,0.391 grav=0.01,-0.00,-0.98
[INFO] [1788295427.081096825, 72.041000000]: RL policy input vx=0.927 vy=0.662 wz=0.484 action_rms=0.194 ready=1 userCmd=0 kbd=0[FSM]: state: INIT
wait for goal.
[FSM]: state: INIT
wait for goal.
Warning: TF_REPEATED_DATA ignoring data with redundant timestamp for frame sliding_map (parent world) at time 73.900000 according to authority /scan_planner_node
         at line 277 in /tmp/binarydeb/ros-noetic-tf2-0.7.10/src/buffer_core.cpp
[FSM]: state: INIT
wait for goal.
[FSM]: state: INIT
wait for goal.
[FSM]: state: INIT
wait for goal.
[FSM]: state: INIT
wait for goal.
[FSM]: state: INIT
wait for goal.
[FSM]: state: INIT
wait for goal.
[FSM]: state: INIT
wait for goal.
[FSM]: state: INIT
wait for goal.
[FSM]: state: INIT
wait for goal.
[FSM]: state: INIT
wait for goal.
[FSM]: state: INIT
wait for goal.
[FSM]: state: INIT
wait for goal.
[FSM]: state: INIT
wait for goal.
Warning: TF_REPEATED_DATA ignoring data with redundant timestamp for frame sliding_map (parent world) at time 89.703000 according to authority /scan_planner_node
         at line 277 in /tmp/binarydeb/ros-noetic-tf2-0.7.10/src/buffer_core.cpp
[FSM]: state: INIT
wait for goal.
Warning: TF_REPEATED_DATA ignoring data with redundant timestamp for frame sliding_map (parent world) at time 89.900000 according to authority /scan_planner_node
         at line 277 in /tmp/binarydeb/ros-noetic-tf2-0.7.10/src/buffer_core.cpp
Warning: TF_REPEATED_DATA ignoring data with redundant timestamp for frame sliding_map (parent world) at time 90.310000 according to authority /scan_planner_node
         at line 277 in /tmp/binarydeb/ros-noetic-tf2-0.7.10/src/buffer_core.cpp
[FSM]: state: INIT
wait for goal.
[FSM]: state: INIT
wait for goal.
Warning: TF_REPEATED_DATA ignoring data with redundant timestamp for frame sliding_map (parent world) at time 92.601000 according to authority /scan_planner_node
         at line 277 in /tmp/binarydeb/ros-noetic-tf2-0.7.10/src/buffer_core.cpp
[FSM]: state: INIT
wait for goal.
Warning: TF_REPEATED_DATA ignoring data with redundant timestamp for frame sliding_map (parent world) at time 94.399000 according to authority /scan_planner_node
         at line 277 in /tmp/binarydeb/ros-noetic-tf2-0.7.10/src/buffer_core.cpp
[FSM]: state: INIT
wait for goal.
Warning: TF_REPEATED_DATA ignoring data with redundant timestamp for frame sliding_map (parent world) at time 95.610000 according to authority /scan_planner_node
         at line 277 in /tmp/binarydeb/ros-noetic-tf2-0.7.10/src/buffer_core.cpp
Warning: TF_REPEATED_DATA ignoring data with redundant timestamp for frame sliding_map (parent world) at time 95.799000 according to authority /scan_planner_node
         at line 277 in /tmp/binarydeb/ros-noetic-tf2-0.7.10/src/buffer_core.cpp
[FSM]: state: INIT
wait for goal.
Warning: TF_REPEATED_DATA ignoring data with redundant timestamp for frame sliding_map (parent world) at time 96.011000 according to authority /scan_planner_node
         at line 277 in /tmp/binarydeb/ros-noetic-tf2-0.7.10/src/buffer_core.cpp
Warning: TF_REPEATED_DATA ignoring data with redundant timestamp for frame sliding_map (parent world) at time 96.403000 according to authority /scan_planner_node
         at line 277 in /tmp/binarydeb/ros-noetic-tf2-0.7.10/src/buffer_core.cpp
Warning: TF_REPEATED_DATA ignoring data with redundant timestamp for frame sliding_map (parent world) at time 96.812000 according to authority /scan_planner_node
         at line 277 in /tmp/binarydeb/ros-noetic-tf2-0.7.10/src/buffer_core.cpp
Warning: TF_REPEATED_DATA ignoring data with redundant timestamp for frame sliding_map (parent world) at time 97.201000 according to authority /scan_planner_node
         at line 277 in /tmp/binarydeb/ros-noetic-tf2-0.7.10/src/buffer_core.cpp
[FSM]: state: INIT
wait for goal.
Warning: TF_REPEATED_DATA ignoring data with redundant timestamp for frame sliding_map (parent world) at time 97.409000 according to authority /scan_planner_node
         at line 277 in /tmp/binarydeb/ros-noetic-tf2-0.7.10/src/buffer_core.cpp
[FSM]: state: INIT
wait for goal.
Warning: TF_REPEATED_DATA ignoring data with redundant timestamp for frame sliding_map (parent world) at time 98.499000 according to authority /scan_planner_node
         at line 277 in /tmp/binarydeb/ros-noetic-tf2-0.7.10/src/buffer_core.cpp
[FSM]: state: INIT
wait for goal.
Warning: TF_REPEATED_DATA ignoring data with redundant timestamp for frame sliding_map (parent world) at time 99.702000 according to authority /scan_planner_node
         at line 277 in /tmp/binarydeb/ros-noetic-tf2-0.7.10/src/buffer_core.cpp
[FSM]: state: INIT
wait for goal.
[FSM]: state: INIT
wait for goal.
[FSM]: state: INIT
wait for goal.
[FSM]: state: INIT
wait for goal.
[FSM]: state: INIT
wait for goal.
[FSM]: state: INIT
wait for goal.
[FSM]: state: INIT
wait for goal.
[FSM]: state: INIT
wait for goal.
[FSM]: state: INIT
wait for goal.
[FSM]: state: INIT
wait for goal.
[FSM]: state: INIT
wait for goal.
[FSM]: state: INIT
wait for goal.
[FSM]: state: INIT
wait for goal.
Warning: TF_REPEATED_DATA ignoring data with redundant timestamp for frame sliding_map (parent world) at time 114.508000 according to authority /scan_planner_node
         at line 277 in /tmp/binarydeb/ros-noetic-tf2-0.7.10/src/buffer_core.cpp
[FSM]: state: INIT
wait for goal.
[FSM]: state: INIT
wait for goal.
[FSM]: state: INIT
wait for goal.
Warning: TF_REPEATED_DATA ignoring data with redundant timestamp for frame sliding_map (parent world) at time 118.703000 according to authority /scan_planner_node
         at line 277 in /tmp/binarydeb/ros-noetic-tf2-0.7.10/src/buffer_core.cpp
[FSM]: state: INIT
wait for goal.
[FSM]: state: INIT
wait for goal.
 raw=0.927,0.662,0.484 grav=0.02,-0.02,-0.98
[INFO] [1788295431.464173074, 74.050000000]: RL policy input vx=1.048 vy=0.185 wz=0.192 action_rms=0.210 ready=1 userCmd=0 kbd=0 raw=1.048,0.185,0.192 grav=0.03,-0.05,-0.98
[INFO] [1788295435.846257492, 76.066000000]: RL policy input vx=0.000 vy=0.000 wz=1.519 action_rms=0.162 ready=1 userCmd=0 kbd=0 raw=0.000,0.000,1.519 grav=0.02,0.00,-0.98
[INFO] [1788295440.458665198, 78.077000000]: RL policy input vx=0.000 vy=0.000 wz=1.150 action_rms=0.131 ready=1 userCmd=0 kbd=0 raw=0.000,0.000,1.150 grav=0.01,0.01,-0.98
[INFO] [1788295444.774865443, 80.092000000]: RL policy input vx=0.286 vy=0.089 wz=0.332 action_rms=0.279 ready=1 userCmd=0 kbd=0 raw=0.286,0.089,0.332 grav=0.00,0.03,-0.98
[INFO] [1788295448.978572139, 82.093000000]: RL policy input vx=0.390 vy=0.096 wz=0.266 action_rms=0.142 ready=1 userCmd=0 kbd=0 raw=0.390,0.096,0.266 grav=0.02,0.03,-0.98
[INFO] [1788295453.462616702, 84.108000000]: RL policy input vx=0.512 vy=0.153 wz=0.318 action_rms=0.301 ready=1 userCmd=0 kbd=0 raw=0.512,0.153,0.318 grav=0.01,0.04,-0.98
[INFO] [1788295458.086898613, 86.130000000]: RL policy input vx=1.836 vy=0.750 wz=0.427 action_rms=0.280 ready=1 userCmd=0 kbd=0 raw=1.836,0.750,0.427 grav=0.01,0.09,-0.98
[INFO] [1788295461.793809569, 88.144000000]: RL policy input vx=0.298 vy=0.032 wz=0.117 action_rms=0.267 ready=1 userCmd=0 kbd=0 raw=0.298,0.032,0.117 grav=0.02,-0.02,-0.98
[INFO] [1788295465.399264429, 90.162000000]: RL policy input vx=0.000 vy=0.000 wz=-2.400 action_rms=0.332 ready=1 userCmd=0 kbd=0 raw=0.000,0.000,-2.400 grav=0.01,0.00,-0.98
[INFO] [1788295468.901212416, 92.175000000]: RL policy input vx=1.500 vy=-0.750 wz=-0.499 action_rms=0.259 ready=1 userCmd=0 kbd=0 raw=1.500,-0.750,-0.499 grav=-0.04,-0.09,-0.97
[INFO] [1788295472.606356914, 94.187000000]: RL policy input vx=0.295 vy=-0.052 wz=-0.193 action_rms=0.159 ready=1 userCmd=0 kbd=0 raw=0.295,-0.052,-0.193 grav=0.03,-0.02,-0.98
[INFO] [1788295476.145853145, 96.205000000]: RL policy input vx=0.292 vy=0.069 wz=0.255 action_rms=0.241 ready=1 userCmd=0 kbd=0 raw=0.292,0.069,0.255 grav=0.02,0.02,-0.98
[INFO] [1788295479.412997036, 98.220000000]: RL policy input vx=0.000 vy=0.000 wz=-0.450 action_rms=0.147 ready=1 userCmd=0 kbd=0 raw=0.000,0.000,-0.450 grav=0.01,-0.00,-0.98
[INFO] [1788295483.131090769, 100.220000000]: RL policy input vx=0.448 vy=0.000 wz=-0.116 action_rms=0.289 ready=1 userCmd=0 kbd=0 raw=0.448,0.000,-0.116 grav=-0.02,0.00,-0.98
[INFO] [1788295487.667485691, 102.227000000]: RL policy input vx=0.449 vy=0.000 wz=-0.057 action_rms=0.156 ready=1 userCmd=0 kbd=0 raw=0.449,0.000,-0.057 grav=0.01,-0.02,-0.98
[INFO] [1788295491.379874377, 104.228000000]: RL policy input vx=0.240 vy=-0.450 wz=-1.150 action_rms=0.168 ready=1 userCmd=0 kbd=0 raw=0.240,-0.450,-1.150 grav=0.01,0.02,-0.98
[INFO] [1788295495.431248961, 106.228000000]: RL policy input vx=2.214 vy=-0.401 wz=-0.197 action_rms=0.390 ready=1 userCmd=0 kbd=0 raw=2.214,-0.401,-0.197 grav=0.03,-0.01,-0.98
[INFO] [1788295499.819478085, 108.247000000]: RL policy input vx=2.247 vy=-0.117 wz=-0.057 action_rms=0.327 ready=1 userCmd=0 kbd=0 raw=2.247,-0.117,-0.057 grav=0.01,-0.02,-0.98
[INFO] [1788295503.331339436, 110.256000000]: RL policy input vx=2.246 vy=0.126 wz=0.062 action_rms=0.292 ready=1 userCmd=0 kbd=0 raw=2.246,0.126,0.062 grav=0.03,-0.04,-0.98
[INFO] [1788295506.368647831, 112.265000000]: RL policy input vx=1.061 vy=0.139 wz=0.143 action_rms=0.363 ready=1 userCmd=0 kbd=0 raw=1.061,0.139,0.143 grav=0.06,0.01,-0.98
[INFO] [1788295509.577676482, 114.266000000]: RL policy input vx=0.000 vy=0.000 wz=0.609 action_rms=0.212 ready=1 userCmd=0 kbd=0 raw=0.000,0.000,0.609 grav=0.02,-0.01,-0.98
[INFO] [1788295513.499235330, 116.274000000]: RL policy input vx=0.449 vy=0.000 wz=0.067 action_rms=0.165 ready=1 userCmd=0 kbd=0 raw=0.449,0.000,0.067 grav=0.00,-0.02,-0.98
[INFO] [1788295517.196543543, 118.274000000]: RL policy input vx=0.450 vy=0.000 wz=0.007 action_rms=0.183 ready=1 userCmd=0 kbd=0 raw=0.450,0.000,0.007 grav=0.01,-0.01,-0.98
[INFO] [1788295520.796366299, 120.279000000[FSM]: state: INIT
wait for goal.
Warning: TF_REPEATED_DATA ignoring data with redundant timestamp for frame sliding_map (parent world) at time 121.704000 according to authority /scan_planner_node
         at line 277 in /tmp/binarydeb/ros-noetic-tf2-0.7.10/src/buffer_core.cpp
[FSM]: state: INIT
wait for goal.
Warning: TF_REPEATED_DATA ignoring data with redundant timestamp for frame sliding_map (parent world) at time 123.003000 according to authority /scan_planner_node
         at line 277 in /tmp/binarydeb/ros-noetic-tf2-0.7.10/src/buffer_core.cpp
Warning: TF_REPEATED_DATA ignoring data with redundant timestamp for frame sliding_map (parent world) at time 123.199000 according to authority /scan_planner_node
         at line 277 in /tmp/binarydeb/ros-noetic-tf2-0.7.10/src/buffer_core.cpp
[FSM]: state: INIT
wait for goal.
Warning: TF_REPEATED_DATA ignoring data with redundant timestamp for frame sliding_map (parent world) at time 123.803000 according to authority /scan_planner_node
         at line 277 in /tmp/binarydeb/ros-noetic-tf2-0.7.10/src/buffer_core.cpp
Warning: TF_REPEATED_DATA ignoring data with redundant timestamp for frame sliding_map (parent world) at time 124.209000 according to authority /scan_planner_node
         at line 277 in /tmp/binarydeb/ros-noetic-tf2-0.7.10/src/buffer_core.cpp
Warning: TF_REPEATED_DATA ignoring data with redundant timestamp for frame sliding_map (parent world) at time 124.403000 according to authority /scan_planner_node
         at line 277 in /tmp/binarydeb/ros-noetic-tf2-0.7.10/src/buffer_core.cpp
[FSM]: state: INIT
wait for goal.
Warning: TF_REPEATED_DATA ignoring data with redundant timestamp for frame sliding_map (parent world) at time 124.906000 according to authority /scan_planner_node
         at line 277 in /tmp/binarydeb/ros-noetic-tf2-0.7.10/src/buffer_core.cpp
Warning: TF_REPEATED_DATA ignoring data with redundant timestamp for frame sliding_map (parent world) at time 125.104000 according to authority /scan_planner_node
         at line 277 in /tmp/binarydeb/ros-noetic-tf2-0.7.10/src/buffer_core.cpp
Warning: TF_REPEATED_DATA ignoring data with redundant timestamp for frame sliding_map (parent world) at time 125.310000 according to authority /scan_planner_node
         at line 277 in /tmp/binarydeb/ros-noetic-tf2-0.7.10/src/buffer_core.cpp
Warning: TF_REPEATED_DATA ignoring data with redundant timestamp for frame sliding_map (parent world) at time 125.502000 according to authority /scan_planner_node
         at line 277 in /tmp/binarydeb/ros-noetic-tf2-0.7.10/src/buffer_core.cpp
Warning: TF_REPEATED_DATA ignoring data with redundant timestamp for frame sliding_map (parent world) at time 125.711000 according to authority /scan_planner_node
         at line 277 in /tmp/binarydeb/ros-noetic-tf2-0.7.10/src/buffer_core.cpp
Warning: TF_REPEATED_DATA ignoring data with redundant timestamp for frame sliding_map (parent world) at time 125.901000 according to authority /scan_planner_node
         at line 277 in /tmp/binarydeb/ros-noetic-tf2-0.7.10/src/buffer_core.cpp
[FSM]: state: INIT
wait for goal.
Warning: TF_REPEATED_DATA ignoring data with redundant timestamp for frame sliding_map (parent world) at time 126.108000 according to authority /scan_planner_node
         at line 277 in /tmp/binarydeb/ros-noetic-tf2-0.7.10/src/buffer_core.cpp
Warning: TF_REPEATED_DATA ignoring data with redundant timestamp for frame sliding_map (parent world) at time 126.307000 according to authority /scan_planner_node
         at line 277 in /tmp/binarydeb/ros-noetic-tf2-0.7.10/src/buffer_core.cpp
Warning: TF_REPEATED_DATA ignoring data with redundant timestamp for frame sliding_map (parent world) at time 126.705000 according to authority /scan_planner_node
         at line 277 in /tmp/binarydeb/ros-noetic-tf2-0.7.10/src/buffer_core.cpp
Warning: TF_REPEATED_DATA ignoring data with redundant timestamp for frame sliding_map (parent world) at time 126.903000 according to authority /scan_planner_node
         at line 277 in /tmp/binarydeb/ros-noetic-tf2-0.7.10/src/buffer_core.cpp
Warning: TF_REPEATED_DATA ignoring data with redundant timestamp for frame sliding_map (parent world) at time 127.101000 according to authority /scan_planner_node
         at line 277 in /tmp/binarydeb/ros-noetic-tf2-0.7.10/src/buffer_core.cpp
[FSM]: state: INIT
wait for goal.
Warning: TF_REPEATED_DATA ignoring data with redundant timestamp for frame sliding_map (parent world) at time 127.305000 according to authority /scan_planner_node
         at line 277 in /tmp/binarydeb/ros-noetic-tf2-0.7.10/src/buffer_core.cpp
Warning: TF_REPEATED_DATA ignoring data with redundant timestamp for frame sliding_map (parent world) at time 127.910000 according to authority /scan_planner_node
         at line 277 in /tmp/binarydeb/ros-noetic-tf2-0.7.10/src/buffer_core.cpp
Warning: TF_REPEATED_DATA ignoring data with redundant timestamp for frame sliding_map (parent world) at time 128.210000 according to authority /scan_planner_node
         at line 277 in /tmp/binarydeb/ros-noetic-tf2-0.7.10/src/buffer_core.cpp
Warning: TF_REPEATED_DATA ignoring data with redundant timestamp for frame sliding_map (parent world) at time 128.401000 according to authority /scan_planner_node
         at line 277 in /tmp/binarydeb/ros-noetic-tf2-0.7.10/src/buffer_core.cpp
[FSM]: state: INIT
wait for goal.
[FSM]: state: INIT
wait for goal.
Warning: TF_REPEATED_DATA ignoring data with redundant timestamp for frame sliding_map (parent world) at time 130.210000 according to authority /scan_planner_node
         at line 277 in /tmp/binarydeb/ros-noetic-tf2-0.7.10/src/buffer_core.cpp
Warning: TF_REPEATED_DATA ignoring data with redundant timestamp for frame sliding_map (parent world) at time 130.413000 according to authority /scan_planner_node
         at line 277 in /tmp/binarydeb/ros-noetic-tf2-0.7.10/src/buffer_core.cpp
Warning: TF_REPEATED_DATA ignoring data with redundant timestamp for frame sliding_map (parent world) at time 130.502000 according to authority /scan_planner_node
         at line 277 in /tmp/binarydeb/ros-noetic-tf2-0.7.10/src/buffer_core.cpp
Warning: TF_REPEATED_DATA ignoring data with redundant timestamp for frame sliding_map (parent world) at time 131.003000 according to authority /scan_planner_node
         at line 277 in /tmp/binarydeb/ros-noetic-tf2-0.7.10/src/buffer_core.cpp
[FSM]: state: INIT
wait for goal.
Warning: TF_REPEATED_DATA ignoring data with redundant timestamp for frame sliding_map (parent world) at time 131.606000 according to authority /scan_planner_node
         at line 277 in /tmp/binarydeb/ros-noetic-tf2-0.7.10/src/buffer_core.cpp
Warning: TF_REPEATED_DATA ignoring data with redundant timestamp for frame sliding_map (parent world) at time 131.803000 according to authority /scan_planner_node
         at line 277 in /tmp/binarydeb/ros-noetic-tf2-0.7.10/src/buffer_core.cpp
[FSM]: state: INIT
wait for goal.
[FSM]: state: INIT
wait for goal.
Warning: TF_REPEATED_DATA ignoring data with redundant timestamp for frame sliding_map (parent world) at time 134.400000 according to authority /scan_planner_node
         at line 277 in /tmp/binarydeb/ros-noetic-tf2-0.7.10/src/buffer_core.cpp
[FSM]: state: INIT
wait for goal.
Warning: TF_REPEATED_DATA ignoring data with redundant timestamp for frame sliding_map (parent world) at time 135.199000 according to authority /scan_planner_node
         at line 277 in /tmp/binarydeb/ros-noetic-tf2-0.7.10/src/buffer_core.cpp
Warning: TF_REPEATED_DATA ignoring data with redundant timestamp for frame sliding_map (parent world) at time 135.610000 according to authority /scan_planner_node
         at line 277 in /tmp/binarydeb/ros-noetic-tf2-0.7.10/src/buffer_core.cpp
Warning: TF_REPEATED_DATA ignoring data with redundant timestamp for frame sliding_map (parent world) at time 135.800000 according to authority /scan_planner_node
         at line 277 in /tmp/binarydeb/ros-noetic-tf2-0.7.10/src/buffer_core.cpp
[FSM]: state: INIT
wait for goal.
[FSM]: state: INIT
wait for goal.
[FSM]: state: INIT
wait for goal.
Warning: TF_REPEATED_DATA ignoring data with redundant timestamp for frame sliding_map (parent world) at time 138.208000 according to authority /scan_planner_node
         at line 277 in /tmp/binarydeb/ros-noetic-tf2-0.7.10/src/buffer_core.cpp
[FSM]: state: INIT
wait for goal.
[FSM]: state: INIT
wait for goal.
[FSM]: state: INIT
wait for goal.
[FSM]: state: INIT
wait for goal.
Warning: TF_REPEATED_DATA ignoring data with redundant timestamp for frame sliding_map (parent world) at time 143.203000 according to authority /scan_planner_node
         at line 277 in /tmp/binarydeb/ros-noetic-tf2-0.7.10/src/buffer_core.cpp
[FSM]: state: INIT
wait for goal.
[FSM]: state: INIT
wait for goal.
[FSM]: state: INIT
wait for goal.
[FSM]: state: INIT
wait for goal.
[FSM]: state: INIT
wait for goal.
Warning: TF_REPEATED_DATA ignoring data with redundant timestamp for frame sliding_map (parent world) at time 149.799000 according to authority /scan_planner_node
         at line 277 in /tmp/binarydeb/ros-noetic-tf2-0.7.10/src/buffer_core.cpp
Warning: TF_REPEATED_DATA ignoring data with redundant timestamp for frame sliding_map (parent world) at time 150.009000 according to authority /scan_planner_node
         at line 277 in /tmp/binarydeb/ros-noetic-tf2-0.7.10/src/buffer_core.cpp
[FSM]: state: INIT
wait for goal.
Warning: TF_REPEATED_DATA ignoring data with redundant timestamp for frame sliding_map (parent world) at time 150.201000 according to authority /scan_planner_node
         at line 277 in /tmp/binarydeb/ros-noetic-tf2-0.7.10/src/buffer_core.cpp
Warning: TF_REPEATED_DATA ignoring data with redundant timestamp for frame sliding_map (parent world) at time 150.810000 according to authority /scan_planner_node
         at line 277 in /tmp/binarydeb/ros-noetic-tf2-0.7.10/src/buffer_core.cpp
[FSM]: state: INIT
wait for goal.
Warning: TF_REPEATED_DATA ignoring data with redundant timestamp for frame sliding_map (parent world) at time 151.803000 according to authority /scan_planner_node
         at line 277 in /tmp/binarydeb/ros-noetic-tf2-0.7.10/src/buffer_core.cpp
Warning: TF_REPEATED_DATA ignoring data with redundant timestamp for frame sliding_map (parent world) at time 152.001000 according to authority /scan_planner_node
         at line 277 in /tmp/binarydeb/ros-noetic-tf2-0.7.10/src/buffer_core.cpp
Warning: TF_REPEATED_DATA ignoring data with redundant timestamp for frame sliding_map (parent world) at time 152.203000 according to authority /scan_planner_node
         at line 277 in /tmp/binarydeb/ros-noetic-tf2-0.7.10/src/buffer_core.cpp
[FSM]: state: INIT
wait for goal.
Warning: TF_REPEATED_DATA ignoring data with redundant timestamp for frame sliding_map (parent world) at time 152.802000 according to authority /scan_planner_node
         at line 277 in /tmp/binarydeb/ros-noetic-tf2-0.7.10/src/buffer_core.cpp
Warning: TF_REPEATED_DATA ignoring data with redundant timestamp for frame sliding_map (parent world) at time 153.007000 according to authority /scan_planner_node
         at line 277 in /tmp/binarydeb/ros-noetic-tf2-0.7.10/src/buffer_core.cpp
Warning: TF_REPEATED_DATA ignoring data with redundant timestamp for frame sliding_map (parent world) at time 153.203000 according to authority /scan_planner_node
         at line 277 in /tmp/binarydeb/ros-noetic-tf2-0.7.10/src/buffer_core.cpp
Warning: TF_REPEATED_DATA ignoring data with redundant timestamp for frame sliding_map (parent world) at time 153.402000 according to authority /scan_planner_node
         at line 277 in /tmp/binarydeb/ros-noetic-tf2-0.7.10/src/buffer_core.cpp
Warning: TF_REPEATED_DATA ignoring data with redundant timestamp for frame sliding_map (parent world) at time 153.606000 according to authority /scan_planner_node
         at line 277 in /tmp/binarydeb/ros-noetic-tf2-0.7.10/src/buffer_core.cpp
[FSM]: state: INIT
wait for goal.
Warning: TF_REPEATED_DATA ignoring data with redundant timestamp for frame sliding_map (parent world) at time 153.805000 according to authority /scan_planner_node
         at line 277 in /tmp/binarydeb/ros-noetic-tf2-0.7.10/src/buffer_core.cpp
Warning: TF_REPEATED_DATA ignoring data with redundant timestamp for frame sliding_map (parent world) at time 154.805000 according to authority /scan_planner_node
         at line 277 in /tmp/binarydeb/ros-noetic-tf2-0.7.10/src/buffer_core.cpp
[FSM]: state: INIT
wait for goal.
Warning: TF_REPEATED_DATA ignoring data with redundant timestamp for frame sliding_map (parent world) at time 155.209000 according to authority /scan_planner_node
         at line 277 in /tmp/binarydeb/ros-noetic-tf2-0.7.10/src/buffer_core.cpp
Warning: TF_REPEATED_DATA ignoring data with redundant timestamp for frame sliding_map (parent world) at time 155.402000 according to authority /scan_planner_node
         at line 277 in /tmp/binarydeb/ros-noetic-tf2-0.7.10/src/buffer_core.cpp
Warning: TF_REPEATED_DATA ignoring data with redundant timestamp for frame sliding_map (parent world) at time 155.604000 according to authority /scan_planner_node
         at line 277 in /tmp/binarydeb/ros-noetic-tf2-0.7.10/src/buffer_core.cpp
Warning: TF_REPEATED_DATA ignoring data with redundant timestamp for frame sliding_map (parent world) at time 155.910000 according to authority /scan_planner_node
         at line 277 in /tmp/binarydeb/ros-noetic-tf2-0.7.10/src/buffer_core.cpp
Warning: TF_REPEATED_DATA ignoring data with redundant timestamp for frame sliding_map (parent world) at time 156.104000 according to authority /scan_planner_node
         at line 277 in /tmp/binarydeb/ros-noetic-tf2-0.7.10/src/buffer_core.cpp
[FSM]: state: INIT
wait for goal.
Warning: TF_REPEATED_DATA ignoring data with redundant timestamp for frame sliding_map (parent world) at time 156.301000 according to authority /scan_planner_node
         at line 277 in /tmp/binarydeb/ros-noetic-tf2-0.7.10/src/buffer_core.cpp
Warning: TF_REPEATED_DATA ignoring data with redundant timestamp for frame sliding_map (parent world) at time 156.502000 according to authority /scan_planner_node
         at line 277 in /tmp/binarydeb/ros-noetic-tf2-0.7.10/src/buffer_core.cpp
Warning: TF_REPEATED_DATA ignoring data with redundant timestamp for frame sliding_map (parent world) at time 156.703000 according to authority /scan_planner_node
         at line 277 in /tmp/binarydeb/ros-noetic-tf2-0.7.10/src/buffer_core.cpp
Warning: TF_REPEATED_DATA ignoring data with redundant timestamp for frame sliding_map (parent world) at time 156.903000 according to authority /scan_planner_node
         at line 277 in /tmp/binarydeb/ros-noetic-tf2-0.7.10/src/buffer_core.cpp
Warning: TF_REPEATED_DATA ignoring data with redundant timestamp for frame sliding_map (parent world) at time 157.302000 according to authority /scan_planner_node
         at line 277 in /tmp/binarydeb/ros-noetic-tf2-0.7.10/src/buffer_core.cpp
[FSM]: state: INIT
wait for goal.
Warning: TF_REPEATED_DATA ignoring data with redundant timestamp for frame sliding_map (parent world) at time 157.902000 according to authority /scan_planner_node
         at line 277 in /tmp/binarydeb/ros-noetic-tf2-0.7.10/src/buffer_core.cpp
Warning: TF_REPEATED_DATA ignoring data with redundant timestamp for frame sliding_map (parent world) at time 158.308000 according to authority /scan_planner_node
         at line 277 in /tmp/binarydeb/ros-noetic-tf2-0.7.10/src/buffer_core.cpp
Warning: TF_REPEATED_DATA ignoring data with redundant timestamp for frame sliding_map (parent world) at time 158.507000 according to authority /scan_planner_node
         at line 277 in /tmp/binarydeb/ros-noetic-tf2-0.7.10/src/buffer_core.cpp
[FSM]: state: INIT
wait for goal.
Warning: TF_REPEATED_DATA ignoring data with redundant timestamp for frame sliding_map (parent world) at time 158.904000 according to authority /scan_planner_node
         at line 277 in /tmp/binarydeb/ros-noetic-tf2-0.7.10/src/buffer_core.cpp
Warning: TF_REPEATED_DATA ignoring data with redundant timestamp for frame sliding_map (parent world) at time 159.100000 according to authority /scan_planner_node
         at line 277 in /tmp/binarydeb/ros-noetic-tf2-0.7.10/src/buffer_core.cpp
Warning: TF_REPEATED_DATA ignoring data with redundant timestamp for frame sliding_map (parent world) at time 159.701000 according to authority /scan_planner_node
         at line 277 in /tmp/binarydeb/ros-noetic-tf2-0.7.10/src/buffer_core.cpp
Warning: TF_REPEATED_DATA ignoring data with redundant timestamp for frame sliding_map (parent world) at time 159.910000 according to authority /scan_planner_node
         at line 277 in /tmp/binarydeb/ros-noetic-tf2-0.7.10/src/buffer_core.cpp
[FSM]: state: INIT
wait for goal.
[FSM]: state: INIT
wait for goal.
[FSM]: state: INIT
wait for goal.
Warning: TF_REPEATED_DATA ignoring data with redundant timestamp for frame sliding_map (parent world) at time 163.312000 according to authority /scan_planner_node
         at line 277 in /tmp/binarydeb/ros-noetic-tf2-0.7.10/src/buffer_core.cpp
Warning: TF_REPEATED_DATA ignoring data with redundant timestamp for frame sliding_map (parent world) at time 163.403000 according to authority /scan_planner_node
         at line 277 in /tmp/binarydeb/ros-noetic-tf2-0.7.10/src/buffer_core.cpp
[FSM]: state: INIT
wait for goal.
Warning: TF_REPEATED_DATA ignoring data with redundant timestamp for frame sliding_map (parent world) at time 163.704000 according to authority /scan_planner_node
         at line 277 in /tmp/binarydeb/ros-noetic-tf2-0.7.10/src/buffer_core.cpp
[FSM]: state: INIT
wait for goal.
Warning: TF_REPEATED_DATA ignoring data with redundant timestamp for frame sliding_map (parent world) at time 165.099000 according to authority /scan_planner_node
         at line 277 in /tmp/binarydeb/ros-noetic-tf2-0.7.10/src/buffer_core.cpp
[FSM]: state: INIT
wait for goal.
]: RL policy input vx=2.145 vy=-0.032 wz=-0.016 action_rms=0.342 ready=1 userCmd=0 kbd=0 raw=2.145,-0.032,-0.016 grav=-0.02,-0.02,-0.98
[INFO] [1788295524.536681511, 122.297000000]: RL policy input vx=0.306 vy=0.013 wz=0.048 action_rms=0.150 ready=1 userCmd=0 kbd=0 raw=0.306,0.013,0.048 grav=0.03,-0.02,-0.98
[INFO] [1788295527.756008875, 124.303000000]: RL policy input vx=0.000 vy=0.000 wz=2.400 action_rms=0.174 ready=1 userCmd=0 kbd=0 raw=0.000,0.000,2.400 grav=0.03,0.01,-0.98
[INFO] [1788295530.887666150, 126.314000000]: RL policy input vx=0.000 vy=0.000 wz=-1.150 action_rms=0.263 ready=1 userCmd=0 kbd=0 raw=0.000,0.000,-1.150 grav=0.01,0.00,-0.98
[INFO] [1788295534.331179365, 128.334000000]: RL policy input vx=0.934 vy=-0.298 wz=-0.340 action_rms=0.156 ready=1 userCmd=0 kbd=0 raw=0.934,-0.298,-0.340 grav=0.01,-0.09,-0.98
[INFO] [1788295537.733827335, 130.344000000]: RL policy input vx=0.000 vy=0.000 wz=-2.355 action_rms=0.308 ready=1 userCmd=0 kbd=0 raw=0.000,0.000,-2.355 grav=0.02,-0.01,-0.98
[INFO] [1788295541.044630862, 132.351000000]: RL policy input vx=1.213 vy=-0.638 wz=-0.332 action_rms=0.200 ready=1 userCmd=0 kbd=0 raw=1.213,-0.638,-0.332 grav=-0.02,0.01,-0.98
[INFO] [1788295544.729914985, 134.368000000]: RL policy input vx=0.352 vy=-0.012 wz=-0.038 action_rms=0.163 ready=1 userCmd=0 kbd=0 raw=0.352,-0.012,-0.038 grav=0.04,-0.02,-0.98
[INFO] [1788295547.897699994, 136.387000000]: RL policy input vx=0.000 vy=0.000 wz=-0.208 action_rms=0.156 ready=1 userCmd=0 kbd=0 raw=0.000,0.000,-0.208 grav=0.00,0.00,-0.98
[INFO] [1788295551.186015443, 138.388000000]: RL policy input vx=0.449 vy=0.000 wz=-0.073 action_rms=0.171 ready=1 userCmd=0 kbd=0 raw=0.449,0.000,-0.073 grav=0.01,-0.01,-0.98
[INFO] [1788295554.463717675, 140.394000000]: RL policy input vx=0.299 vy=0.000 wz=-0.088 action_rms=0.174 ready=1 userCmd=0 kbd=0 raw=0.299,0.000,-0.088 grav=0.02,-0.01,-0.98
[INFO] [1788295557.779327680, 142.401000000]: RL policy input vx=0.450 vy=0.000 wz=0.048 action_rms=0.304 ready=1 userCmd=0 kbd=0 raw=0.450,0.000,0.048 grav=0.01,-0.00,-0.98
[INFO] [1788295561.215611121, 144.414000000]: RL policy input vx=0.450 vy=0.000 wz=-0.012 action_rms=0.163 ready=1 userCmd=0 kbd=0 raw=0.450,0.000,-0.012 grav=0.01,-0.02,-0.98
[INFO] [1788295564.394735708, 146.422000000]: RL policy input vx=2.130 vy=0.253 wz=0.130 action_rms=0.388 ready=1 userCmd=0 kbd=0 raw=2.130,0.253,0.130 grav=-0.02,0.01,-0.98
[INFO] [1788295567.662343298, 148.427000000]: RL policy input vx=0.750 vy=0.062 wz=0.091 action_rms=0.172 ready=1 userCmd=0 kbd=0 raw=0.750,0.062,0.091 grav=0.03,-0.06,-0.98
[INFO] [1788295570.964652591, 150.431000000]: RL policy input vx=0.000 vy=0.000 wz=-2.400 action_rms=0.365 ready=1 userCmd=0 kbd=0 raw=0.000,0.000,-2.400 grav=-0.00,-0.00,-0.98
[INFO] [1788295574.335908256, 152.441000000]: RL policy input vx=0.000 vy=0.000 wz=0.829 action_rms=0.135 ready=1 userCmd=0 kbd=0 raw=0.000,0.000,0.829 grav=0.02,0.00,-0.98
[INFO] [1788295577.560136663, 154.441000000]: RL policy input vx=0.895 vy=0.259 wz=0.310 action_rms=0.301 ready=1 userCmd=0 kbd=0 raw=0.895,0.259,0.310 grav=0.00,0.06,-0.98
[INFO] [1788295580.813348287, 156.441000000]: RL policy input vx=0.000 vy=0.000 wz=2.199 action_rms=0.132 ready=1 userCmd=0 kbd=0 raw=0.000,0.000,2.199 grav=0.02,-0.01,-0.98
[INFO] [1788295584.229387790, 158.452000000]: RL policy input vx=1.058 vy=0.750 wz=0.678 action_rms=0.195 ready=1 userCmd=0 kbd=0 raw=1.058,0.750,0.678 grav=-0.01,-0.00,-0.98
[INFO] [1788295587.701179375, 160.461000000]: RL policy input vx=0.363 vy=0.057 wz=0.170 action_rms=0.293 ready=1 userCmd=0 kbd=0 raw=0.363,0.057,0.170 grav=0.03,-0.01,-0.98
[INFO] [1788295591.950414906, 162.461000000]: RL policy input vx=0.449 vy=0.000 wz=0.072 action_rms=0.159 ready=1 userCmd=0 kbd=0 raw=0.449,0.000,0.072 grav=0.01,-0.02,-0.98
[INFO] [1788295595.350121792, 164.462000000]: RL policy input vx=0.450 vy=0.000 wz=-0.014 action_rms=0.254 ready=1 userCmd=0 kbd=0 raw=0.450,0.000,-0.014 grav=0.00,-0.02,-0.98
[INFO] [1788295598.491817194, 166.470000000]: RL policy input vx=0.541 vy=0.750 wz=1.040 action_rms=0.160 rWarning: TF_REPEATED_DATA ignoring data with redundant timestamp for frame sliding_map (parent world) at time 167.105000 according to authority /scan_planner_node
         at line 277 in /tmp/binarydeb/ros-noetic-tf2-0.7.10/src/buffer_core.cpp
[FSM]: state: INIT
wait for goal.
[FSM]: state: INIT
wait for goal.
[FSM]: state: INIT
wait for goal.
Warning: TF_REPEATED_DATA ignoring data with redundant timestamp for frame sliding_map (parent world) at time 170.403000 according to authority /scan_planner_node
         at line 277 in /tmp/binarydeb/ros-noetic-tf2-0.7.10/src/buffer_core.cpp
[FSM]: state: INIT
wait for goal.
[FSM]: state: INIT
wait for goal.
[FSM]: state: INIT
wait for goal.
[FSM]: state: INIT
wait for goal.
[FSM]: state: INIT
wait for goal.
[FSM]: state: INIT
wait for goal.
[FSM]: state: INIT
wait for goal.
[FSM]: state: INIT
wait for goal.
[FSM]: state: INIT
wait for goal.
[FSM]: state: INIT
wait for goal.
[FSM]: state: INIT
wait for goal.
[FSM]: state: INIT
wait for goal.
[FSM]: state: INIT
wait for goal.
Warning: TF_REPEATED_DATA ignoring data with redundant timestamp for frame sliding_map (parent world) at time 184.001000 according to authority /scan_planner_node
         at line 277 in /tmp/binarydeb/ros-noetic-tf2-0.7.10/src/buffer_core.cpp
[FSM]: state: INIT
wait for goal.
[FSM]: state: INIT
wait for goal.
[FSM]: state: INIT
wait for goal.
[FSM]: state: INIT
wait for goal.
[FSM]: state: INIT
wait for goal.
[FSM]: state: INIT
wait for goal.
eady=1 userCmd=0 kbd=0 raw=0.541,0.750,1.040 grav=0.01,-0.00,-0.98
[INFO] [1788295601.829619041, 168.470000000]: RL policy input vx=2.240 vy=0.214 wz=0.105 action_rms=0.336 ready=1 userCmd=0 kbd=0 raw=2.240,0.214,0.105 grav=0.05,0.07,-0.98
[INFO] [1788295605.495590131, 170.484000000]: RL policy input vx=2.245 vy=-0.142 wz=-0.070 action_rms=0.423 ready=1 userCmd=0 kbd=0 raw=2.245,-0.142,-0.070 grav=0.01,0.04,-0.98
[INFO] [1788295609.241866139, 172.501000000]: RL policy input vx=2.250 vy=0.013 wz=0.006 action_rms=0.347 ready=1 userCmd=0 kbd=0 raw=2.250,0.013,0.006 grav=0.01,-0.02,-0.98
[INFO] [1788295612.876265676, 174.501000000]: RL policy input vx=2.250 vy=0.016 wz=0.008 action_rms=0.271 ready=1 userCmd=0 kbd=0 raw=2.250,0.016,0.008 grav=0.02,-0.03,-0.98
[INFO] [1788295616.612102916, 176.510000000]: RL policy input vx=2.247 vy=0.121 wz=0.059 action_rms=0.277 ready=1 userCmd=0 kbd=0 raw=2.247,0.121,0.059 grav=0.02,0.01,-0.98
[INFO] [1788295620.032355430, 178.525000000]: RL policy input vx=0.672 vy=0.073 wz=0.119 action_rms=0.337 ready=1 userCmd=0 kbd=0 raw=0.672,0.073,0.119 grav=0.03,-0.03,-0.98
[INFO] [1788295623.499035650, 180.535000000]: RL policy input vx=2.195 vy=-0.493 wz=-0.243 action_rms=0.244 ready=1 userCmd=0 kbd=0 raw=2.195,-0.493,-0.243 grav=0.01,-0.12,-0.97
[INFO] [1788295626.669191938, 182.554000000]: RL policy input vx=1.915 vy=-0.072 wz=-0.043 action_rms=0.321 ready=1 userCmd=0 kbd=0 raw=1.915,-0.072,-0.043 grav=-0.00,-0.01,-0.98
[INFO] [1788295629.959300732, 184.569000000]: RL policy input vx=1.102 vy=-0.750 wz=-0.657 action_rms=0.172 ready=1 userCmd=0 kbd=0 raw=1.102,-0.750,-0.657 grav=-0.05,-0.03,-0.98
[INFO] [1788295633.365567245, 186.578000000]: RL policy input vx=0.294 vy=-0.059 wz=-0.216 action_rms=0.273 ready=1 userCmd=0 kbd=0 raw=0.294,-0.059,-0.216 grav=0.01,-0.02,-0.98
[INFO] [1788295636.843842704, 188.586000000]: RL policy input vx=0.000 vy=0.000 wz=-0.344 action_rms=0.149 ready=1 userCmd=0 kbd=0 raw=0.000,0.000,-0.344 grav=0.00,0.00,-0.98
Switched from RL to fixed stand
infer_thread退出!
[WARN] [1788295640.446231640, 190.523000000]: Using one-shot captured-pose FixedStand profile: ramp 0.50 s, settle 0.00 s, ready after 0.50 s + 0.50 s stable, minimum gain 0.75
[INFO] Using /stand_target_joints param stance.
[FSM]: state: INIT
wait for goal.
Switched from fixed stand to RL
[INFO] Entered RL /cmd_vel mode.
[WARN] [1788295641.927693170, 191.286000000]: Using one-shot stair RL takeover profile: blend 0.50 s, zero hold 0.15 s
cuda::is_available():1
RL inference device: cuda (requested=hybrid, policy=stair)
[INFO] RL policy activated from preload cache at FixedStand entry boundary: /workspace/SimEnv/src/unitree_guide/logs/policy_act_inference_stair.pt
[FSM]: state: INIT
wait for goal.
[FSM]: state: INIT
wait for goal.
[FSM]: state: INIT
wait for goal.
Warning: TF_REPEATED_DATA ignoring data with redundant timestamp for frame sliding_map (parent world) at time 194.905000 according to authority /scan_planner_node
         at line 277 in /tmp/binarydeb/ros-noetic-tf2-0.7.10/src/buffer_core.cpp
[FSM]: state: INIT
wait for goal.
[FSM]: state: INIT
wait for goal.
[FSM]: state: INIT
wait for goal.
[FSM]: state: INIT
wait for goal.
[FSM]: state: INIT
wait for goal.
[FSM]: state: INIT
wait for goal.
[FSM]: state: INIT
wait for goal.
[FSM]: state: INIT
wait for goal.
[FSM]: state: INIT
wait for goal.
[FSM]: state: INIT
wait for goal.
[FSM]: state: INIT
wait for goal.
[FSM]: state: INIT
wait for goal.
[FSM]: state: INIT
wait for goal.
[FSM]: state: INIT
wait for goal.
[FSM]: state: INIT
wait for goal.
Warning: TF_REPEATED_DATA ignoring data with redundant timestamp for frame sliding_map (parent world) at time 211.201000 according to authority /scan_planner_node
         at line 277 in /tmp/binarydeb/ros-noetic-tf2-0.7.10/src/buffer_core.cpp
[FSM]: state: INIT
wait for goal.
[FSM]: state: INIT
wait for goal.
[FSM]: state: INIT
wait for goal.
[FSM]: state: INIT
wait for goal.
[WARN] [1788295690.128422617, 216.121000000]: Using one-shot plane RL takeover profile: blend 0.50 s, zero hold 0.15 s
[FSM]: state: INIT
wait for goal.
[INFO] [1788295641.949181440, 191.302000000]: RL policy input vx=0.000 vy=0.000 wz=0.000 action_rms=0.199 ready=0 userCmd=0 kbd=0 raw=0.000,0.000,0.000 grav=-0.01,-0.01,-0.98
[INFO] [1788295643.323583702, 191.955000000]: RL locomotion_ready latched after 0.67 s takeover and 0.65 s stable hold
[INFO] [1788295645.716069311, 193.305000000]: RL policy input vx=0.799 vy=-0.051 wz=-0.008 action_rms=0.418 ready=1 userCmd=0 kbd=0 raw=0.799,-0.051,-0.008 grav=-0.25,-0.08,-0.94
[INFO] [1788295649.515425860, 195.323000000]: RL policy input vx=0.780 vy=-0.192 wz=-0.053 action_rms=0.494 ready=1 userCmd=0 kbd=0 raw=0.780,-0.192,-0.053 grav=-0.36,0.05,-0.91
[INFO] [1788295653.440312650, 197.337000000]: RL policy input vx=0.378 vy=-0.328 wz=-0.025 action_rms=0.594 ready=1 userCmd=0 kbd=0 raw=0.378,-0.328,-0.025 grav=-0.42,0.08,-0.88
[INFO] [1788295657.567652333, 199.342000000]: RL policy input vx=0.585 vy=-0.469 wz=-0.744 action_rms=0.173 ready=1 userCmd=0 kbd=0 raw=0.585,-0.469,-0.744 grav=-0.03,-0.07,-0.98
[INFO] [1788295661.599497105, 201.361000000]: RL policy input vx=0.299 vy=-0.028 wz=-0.104 action_rms=0.189 ready=1 userCmd=0 kbd=0 raw=0.299,-0.028,-0.104 grav=-0.01,0.02,-0.98
[INFO] [1788295665.947157565, 203.379000000]: RL policy input vx=0.000 vy=0.000 wz=-0.403 action_rms=0.149 ready=1 userCmd=0 kbd=0 raw=0.000,0.000,-0.403 grav=-0.02,0.03,-0.98
[INFO] [1788295670.346880372, 205.390000000]: RL policy input vx=0.000 vy=0.000 wz=-0.240 action_rms=0.192 ready=1 userCmd=0 kbd=0 raw=0.000,0.000,-0.240 grav=-0.03,0.02,-0.98
[INFO] [1788295674.674511909, 207.393000000]: RL policy input vx=0.000 vy=0.000 wz=0.000 action_rms=0.166 ready=1 userCmd=0 kbd=0 raw=0.000,0.000,0.000 grav=-0.02,0.01,-0.98
[INFO] [1788295678.951318931, 209.396000000]: RL policy input vx=0.588 vy=-0.233 wz=-0.019 action_rms=0.438 ready=1 userCmd=0 kbd=0 raw=0.588,-0.233,-0.019 grav=-0.50,-0.02,-0.84
[INFO] [1788295682.339150879, 211.402000000]: RL policy input vx=0.593 vy=-0.089 wz=-0.052 action_rms=0.584 ready=1 userCmd=0 kbd=0 raw=0.593,-0.089,-0.052 grav=-0.37,-0.07,-0.90
[INFO] [1788295685.571070014, 213.414000000]: RL policy input vx=0.800 vy=-0.014 wz=0.007 action_rms=0.736 ready=1 userCmd=0 kbd=0 raw=0.800,-0.014,0.007 grav=-0.36,-0.09,-0.91
[INFO] [1788295688.811581753, 215.417000000]: RL policy input vx=0.610 vy=-0.166 wz=0.019 action_rms=0.343 ready=1 userCmd=0 kbd=0 raw=0.610,-0.166,0.019 grav=-0.26,0.12,-0.94
cuda::is_available():1
RL inference device: cpu (requested=hybrid, policy=plane)
[INFO] RL policy hot-switched from preload cache: /workspace/SimEnv/src/unitree_guide/logs/policy_act_inference_plane.pt
[FSM]: state: INIT
wait for goal.
[FSM]: state: INIT
wait for goal.
Warning: TF_REPEATED_DATA ignoring data with redundant timestamp for frame sliding_map (parent world) at time 218.909000 according to authority /scan_planner_node
         at line 277 in /tmp/binarydeb/ros-noetic-tf2-0.7.10/src/buffer_core.cpp
[FSM]: state: INIT
wait for goal.
[FSM]: state: INIT
wait for goal.
[INFO] [1788295638.927839, 189.740000]: Robot is already 0.04 m from the pre-riser pose; skipping the corridor/side legs.
[INFO] [1788295638.934340, 189.742000]: Pre-ascent residual heading error -0.117 rad (visual_depth=False, bearing=none).
[INFO] [1788295639.941993, 190.261000]: Pre-ascent stand target set from flight-A pre-reload capture entry sample
[INFO] [1788295639.964340, 190.281000]: Flight-A plane gait settled at joint RMS 0.049; holding FixedStand for at least 0.1 s at snapshot pose before queued stair-policy entry.
[INFO] [1788295641.643838, 191.131000]: Flight-A FixedStand readiness gate complete; queued the stair policy for State_RL entry and retaining stand ownership for 0.25 s.
[INFO] [1788295641.882681, 191.274000]: Flight-A policy request has been queued under FixedStand; requesting RL so State_RL loads it before inference starts.
[INFO] [1788295643.340107, 191.968000]: Fresh RL readiness confirmed after the flight-A FixedStand boundary; starting the climb ramp.
[INFO] [1788295643.355407, 191.980000]: Flight-A fresh RL readiness observed; ascent clocks reset and 1.2 s climb ramp started.
[INFO] [1788295643.358703, 191.982000]: STPUB phase=STAIR_ASCENT world=(0.024,0.002,-0.026) body=(0.000,-0.024,-0.026) truth_z=0.312 pose=0.312136976479525
[INFO] [1788295645.178184, 193.002000]: STPUB phase=STAIR_ASCENT world=(0.031,0.800,-0.020) body=(0.797,-0.076,-0.020) truth_z=0.349 pose=0.34721763272320955
[INFO] [1788295647.094002, 194.020000]: STPUB phase=STAIR_ASCENT world=(0.048,0.800,-0.029) body=(0.793,-0.113,-0.029) truth_z=0.561 pose=0.5605619399477896
[INFO] [1788295648.967814, 195.040000]: STPUB phase=STAIR_ASCENT world=(0.220,0.600,-0.040) body=(0.571,-0.287,-0.040) truth_z=0.804 pose=0.8061134192609726
[INFO] [1788295650.849196, 196.060000]: STPUB phase=STAIR_ASCENT world=(0.220,0.600,-0.066) body=(0.548,-0.329,-0.066) truth_z=1.144 pose=1.1456059144016097
[INFO] [1788295652.881987, 197.061000]: STPUB phase=STAIR_ASCENT world=(0.060,0.800,-0.034) body=(0.790,-0.138,-0.034) truth_z=1.326 pose=1.3257015638887037
[INFO] [1788295654.937412, 198.062000]: STPUB phase=STAIR_ASCENT world=(0.048,0.800,0.004) body=(0.801,-0.038,0.004) truth_z=1.564 pose=1.56391783724505
[INFO] [1788295655.575425, 198.360000]: Intermediate landing entered at y=4.75 m; starting moving turn.
[INFO] [1788295657.082668, 199.080000]: STPUB phase=STAIR_LANDING_TURN world=(0.750,0.000,-0.953) body=(0.486,-0.571,-0.953) truth_z=1.616 pose=1.6164460539649526
[INFO] [1788295658.962276, 200.100000]: STPUB phase=STAIR_LANDING_TURN world=(0.690,0.000,-0.328) body=(0.660,-0.203,-0.328) truth_z=1.607 pose=1.6075324354644103
[INFO] [1788295661.040476, 201.101000]: STPUB phase=STAIR_LANDING_TURN world=(0.300,0.000,-0.124) body=(0.298,-0.034,-0.124) truth_z=1.617 pose=1.6168052250968594
[INFO] [1788295663.300047, 202.120000]: STPUB phase=STAIR_LANDING_TURN world=(0.000,0.000,-1.200) body=(0.000,0.000,-1.200) truth_z=1.615 pose=1.6152653463069706
[INFO] [1788295665.424273, 203.140000]: STPUB phase=STAIR_LANDING_TURN world=(0.000,0.000,-0.507) body=(0.000,0.000,-0.507) truth_z=1.623 pose=1.622688294166607
[INFO] [1788295667.672654, 204.162000]: STPUB phase=STAIR_LANDING_TURN world=(0.000,0.000,-0.270) body=(0.000,0.000,-0.270) truth_z=1.630 pose=1.6295765719149031
[INFO] [1788295669.953280, 205.180000]: STPUB phase=STAIR_LANDING_TURN world=(0.000,0.000,-0.240) body=(0.000,0.000,-0.240) truth_z=1.637 pose=1.6371278330151746
[INFO] [1788295672.075286, 206.200000]: STPUB phase=STAIR_LANDING_TURN world=(0.000,0.000,-0.240) body=(0.000,0.000,-0.240) truth_z=1.639 pose=1.6388573708914893
[INFO] [1788295674.301084, 207.220000]: STPUB phase=STAIR_LANDING_TURN world=(0.000,0.000,-0.240) body=(0.000,0.000,-0.240) truth_z=1.638 pose=1.6376263760635574
[INFO] [1788295674.432624, 207.280000]: Flight-B entry aligned: x error=-0.039 m, heading error=-0.150 rad.
[INFO] [1788295674.438365, 207.284000]: Flight-B entry joints saved (12 dofs) -> /root/autodl-tmp/code/restore/0803b/overall_l0829/results/oblique_final10_fixbend_seed29_b1/flight_b_entry_joints_0.json
[INFO] [1788295674.467063, 207.300000]: ASCENT_B gate: entry_guide=True truth_pose=True start_z=0.312 profile=True heading=-1.571 pose_z=1.6388521394125688 truth_z=1.6386610945733497
[INFO] [1788295674.470752, 207.301000]: Pre-ascent RL settle: holding zero command until motion is stable for 0.6 s before FixedStand.
[INFO] [1788295674.475315, 207.303000]: Pre-ascent RL settle active: stable 0.00/0.60 s.
[INFO] [1788295675.552036, 207.780000]: Pre-ascent RL motion settled for 0.61 s; settle-only gate complete (FixedStand disabled).
[INFO] [1788295676.546197, 208.240000]: STPUB phase=STAIR_ASCENT_B world=(-0.200,-0.600,-0.056) body=(0.561,-0.292,-0.056) truth_z=1.638 pose=1.639659455219827
[INFO] [1788295676.641776, 208.303000]: ASCENT_B gate: entry_guide=True truth_pose=True start_z=0.312 profile=True heading=-1.571 pose_z=1.6535731781997247 truth_z=1.6537465571849417
[INFO] [1788295678.646332, 209.241000]: STPUB phase=STAIR_ASCENT_B world=(-0.200,-0.600,-0.017) body=(0.590,-0.229,-0.017) truth_z=1.832 pose=1.8324225702871646
[INFO] [1788295678.805968, 209.320000]: ASCENT_B gate: entry_guide=True truth_pose=True start_z=0.312 profile=True heading=-1.571 pose_z=1.8256113879571585 truth_z=1.8270111798377633
[INFO] [1788295680.561888, 210.261000]: STPUB phase=STAIR_ASCENT_B world=(-0.200,-0.600,-0.055) body=(0.561,-0.292,-0.055) truth_z=1.977 pose=1.976622900702623
[INFO] [1788295680.688026, 210.340000]: ASCENT_B gate: entry_guide=True truth_pose=True start_z=0.312 profile=True heading=-1.571 pose_z=1.9864080729920097 truth_z=1.9857561797487142
[INFO] [1788295682.157796, 211.282000]: STPUB phase=STAIR_ASCENT_B world=(0.000,-0.400,-0.060) body=(0.394,-0.068,-0.060) truth_z=2.113 pose=2.113342776063606
[INFO] [1788295682.287226, 211.360000]: ASCENT_B gate: entry_guide=True truth_pose=True start_z=0.312 profile=True heading=-1.571 pose_z=2.118117181559446 truth_z=2.119126327841205
[INFO] [1788295683.760980, 212.302000]: STPUB phase=STAIR_ASCENT_B world=(-0.200,-0.600,0.008) body=(0.605,-0.186,0.008) truth_z=2.290 pose=2.288217444943661
[INFO] [1788295683.888837, 212.380000]: ASCENT_B gate: entry_guide=True truth_pose=True start_z=0.312 profile=True heading=-1.571 pose_z=2.2923725349915722 truth_z=2.292311245277376
[INFO] [1788295685.407778, 213.320000]: STPUB phase=STAIR_ASCENT_B world=(-0.033,-0.800,0.009) body=(0.801,-0.012,0.009) truth_z=2.513 pose=2.513440414018854
[INFO] [1788295685.510512, 213.401000]: ASCENT_B gate: entry_guide=True truth_pose=True start_z=0.312 profile=True heading=-1.571 pose_z=2.5188419224144325 truth_z=2.52025802668318
[INFO] [1788295687.020449, 214.341000]: STPUB phase=STAIR_ASCENT_B world=(-0.044,-0.800,0.018) body=(0.801,-0.003,0.018) truth_z=2.702 pose=2.701534419906123
[INFO] [1788295687.136143, 214.420000]: ASCENT_B gate: entry_guide=True truth_pose=True start_z=0.312 profile=True heading=-1.571 pose_z=2.711420438903486 truth_z=2.7125515869932446
[INFO] [1788295688.713901, 215.360000]: STPUB phase=STAIR_ASCENT_B world=(-0.200,-0.600,0.024) body=(0.612,-0.159,0.024) truth_z=2.886 pose=2.88565843445708
[INFO] [1788295688.853600, 215.440000]: ASCENT_B gate: entry_guide=True truth_pose=True start_z=0.312 profile=True heading=-1.571 pose_z=2.886169808854079 truth_z=2.886204258445152
[INFO] [1788295689.486224, 215.800000]: Upper landing entered: gain=2.60 m, clearance=0.01 m; stabilizing for 0.5 s.
[INFO] [1788295689.994656, 216.061000]: Floor-2 landing confirmed after two flights: gain=2.60 m clearance=0.10 m.
[INFO] [1788295691.305985, 216.822000]: Plane policy acknowledged on the upper landing; releasing stair controller ownership.
[FSM]: state: INIT
wait for goal.
[FSM]: state: INIT
wait for goal.
Warning: TF_REPEATED_DATA ignoring data with redundant timestamp for frame sliding_map (parent world) at time 224.010000 according to authority /scan_planner_node
         at line 277 in /tmp/binarydeb/ros-noetic-tf2-0.7.10/src/buffer_core.cpp
[FSM]: state: INIT
wait for goal.
[FSM]: state: INIT
wait for goal.
[FSM]: state: INIT
wait for goal.
Warning: TF_REPEATED_DATA ignoring data with redundant timestamp for frame sliding_map (parent world) at time 226.907000 according to authority /scan_planner_node
         at line 277 in /tmp/binarydeb/ros-noetic-tf2-0.7.10/src/buffer_core.cpp
[FSM]: state: INIT
wait for goal.
[FSM]: state: INIT
wait for goal.
[FSM]: state: INIT
wait for goal.
[FSM]: state: INIT
wait for goal.
Warning: TF_REPEATED_DATA ignoring data with redundant timestamp for frame sliding_map (parent world) at time 232.000000 according to authority /scan_planner_node
         at line 277 in /tmp/binarydeb/ros-noetic-tf2-0.7.10/src/buffer_core.cpp
[FSM]: state: INIT
wait for goal.
Warning: TF_REPEATED_DATA ignoring data with redundant timestamp for frame sliding_map (parent world) at time 232.607000 according to authority /scan_planner_node
         at line 277 in /tmp/binarydeb/ros-noetic-tf2-0.7.10/src/buffer_core.cpp
[FSM]: state: INIT
wait for goal.
[FSM]: state: INIT
wait for goal.
[FSM]: state: INIT
wait for goal.
[FSM]: state: INIT
wait for goal.
[FSM]: state: INIT
wait for goal.
Warning: TF_REPEATED_DATA ignoring data with redundant timestamp for frame sliding_map (parent world) at time 238.511000 according to authority /scan_planner_node
         at line 277 in /tmp/binarydeb/ros-noetic-tf2-0.7.10/src/buffer_core.cpp
Warning: TF_REPEATED_DATA ignoring data with redundant timestamp for frame sliding_map (parent world) at time 238.900000 according to authority /scan_planner_node
         at line 277 in /tmp/binarydeb/ros-noetic-tf2-0.7.10/src/buffer_core.cpp
[FSM]: state: INIT
wait for goal.
Warning: TF_REPEATED_DATA ignoring data with redundant timestamp for frame sliding_map (parent world) at time 239.901000 according to authority /scan_planner_node
         at line 277 in /tmp/binarydeb/ros-noetic-tf2-0.7.10/src/buffer_core.cpp
[FSM]: state: INIT
wait for goal.
Warning: TF_REPEATED_DATA ignoring data with redundant timestamp for frame sliding_map (parent world) at time 241.101000 according to authority /scan_planner_node
         at line 277 in /tmp/binarydeb/ros-noetic-tf2-0.7.10/src/buffer_core.cpp
[FSM]: state: INIT
wait for goal.
Warning: TF_REPEATED_DATA ignoring data with redundant timestamp for frame sliding_map (parent world) at time 241.699000 according to authority /scan_planner_node
         at line 277 in /tmp/binarydeb/ros-noetic-tf2-0.7.10/src/buffer_core.cpp
Warning: TF_REPEATED_DATA ignoring data with redundant timestamp for frame sliding_map (parent world) at time 241.899000 according to authority /scan_planner_node
         at line 277 in /tmp/binarydeb/ros-noetic-tf2-0.7.10/src/buffer_core.cpp
Warning: TF_REPEATED_DATA ignoring data with redundant timestamp for frame sliding_map (parent world) at time 242.504000 according to authority /scan_planner_node
         at line 277 in /tmp/binarydeb/ros-noetic-tf2-0.7.10/src/buffer_core.cpp
[FSM]: state: INIT
wait for goal.
Warning: TF_REPEATED_DATA ignoring data with redundant timestamp for frame sliding_map (parent world) at time 242.701000 according to authority /scan_planner_node
         at line 277 in /tmp/binarydeb/ros-noetic-tf2-0.7.10/src/buffer_core.cpp
Warning: TF_REPEATED_DATA ignoring data with redundant timestamp for frame sliding_map (parent world) at time 242.903000 according to authority /scan_planner_node
         at line 277 in /tmp/binarydeb/ros-noetic-tf2-0.7.10/src/buffer_core.cpp
Warning: TF_REPEATED_DATA ignoring data with redundant timestamp for frame sliding_map (parent world) at time 243.099000 according to authority /scan_planner_node
         at line 277 in /tmp/binarydeb/ros-noetic-tf2-0.7.10/src/buffer_core.cpp
Warning: TF_REPEATED_DATA ignoring data with redundant timestamp for frame sliding_map (parent world) at time 243.499000 according to authority /scan_planner_node
         at line 277 in /tmp/binarydeb/ros-noetic-tf2-0.7.10/src/buffer_core.cpp
[FSM]: state: INIT
wait for goal.
Warning: TF_REPEATED_DATA ignoring data with redundant timestamp for frame sliding_map (parent world) at time 244.399000 according to authority /scan_planner_node
         at line 277 in /tmp/binarydeb/ros-noetic-tf2-0.7.10/src/buffer_core.cpp
Warning: TF_REPEATED_DATA ignoring data with redundant timestamp for frame sliding_map (parent world) at time 244.599000 according to authority /scan_planner_node
         at line 277 in /tmp/binarydeb/ros-noetic-tf2-0.7.10/src/buffer_core.cpp
[FSM]: state: INIT
wait for goal.
Warning: TF_REPEATED_DATA ignoring data with redundant timestamp for frame sliding_map (parent world) at time 245.602000 according to authority /scan_planner_node
         at line 277 in /tmp/binarydeb/ros-noetic-tf2-0.7.10/src/buffer_core.cpp
[FSM]: state: INIT
wait for goal.
Warning: TF_REPEATED_DATA ignoring data with redundant timestamp for frame sliding_map (parent world) at time 246.900000 according to authority /scan_planner_node
         at line 277 in /tmp/binarydeb/ros-noetic-tf2-0.7.10/src/buffer_core.cpp
Warning: TF_REPEATED_DATA ignoring data with redundant timestamp for frame sliding_map (parent world) at time 247.103000 according to authority /scan_planner_node
         at line 277 in /tmp/binarydeb/ros-noetic-tf2-0.7.10/src/buffer_core.cpp
[FSM]: state: INIT
wait for goal.
Warning: TF_REPEATED_DATA ignoring data with redundant timestamp for frame sliding_map (parent world) at time 247.502000 according to authority /scan_planner_node
         at line 277 in /tmp/binarydeb/ros-noetic-tf2-0.7.10/src/buffer_core.cpp
Warning: TF_REPEATED_DATA ignoring data with redundant timestamp for frame sliding_map (parent world) at time 247.902000 according to authority /scan_planner_node
         at line 277 in /tmp/binarydeb/ros-noetic-tf2-0.7.10/src/buffer_core.cpp
Warning: TF_REPEATED_DATA ignoring data with redundant timestamp for frame sliding_map (parent world) at time 248.503000 according to authority /scan_planner_node
         at line 277 in /tmp/binarydeb/ros-noetic-tf2-0.7.10/src/buffer_core.cpp
[FSM]: state: INIT
wait for goal.
Warning: TF_REPEATED_DATA ignoring data with redundant timestamp for frame sliding_map (parent world) at time 248.703000 according to authority /scan_planner_node
         at line 277 in /tmp/binarydeb/ros-noetic-tf2-0.7.10/src/buffer_core.cpp
Warning: TF_REPEATED_DATA ignoring data with redundant timestamp for frame sliding_map (parent world) at time 249.099000 according to authority /scan_planner_node
         at line 277 in /tmp/binarydeb/ros-noetic-tf2-0.7.10/src/buffer_core.cpp
Warning: TF_REPEATED_DATA ignoring data with redundant timestamp for frame sliding_map (parent world) at time 249.310000 according to authority /scan_planner_node
         at line 277 in /tmp/binarydeb/ros-noetic-tf2-0.7.10/src/buffer_core.cpp
Warning: TF_REPEATED_DATA ignoring data with redundant timestamp for frame sliding_map (parent world) at time 249.500000 according to authority /scan_planner_node
         at line 277 in /tmp/binarydeb/ros-noetic-tf2-0.7.10/src/buffer_core.cpp
[FSM]: state: INIT
wait for goal.
[FSM]: state: INIT
wait for goal.
[FSM]: state: INIT
wait for goal.
Warning: TF_REPEATED_DATA ignoring data with redundant timestamp for frame sliding_map (parent world) at time 252.903000 according to authority /scan_planner_node
         at line 277 in /tmp/binarydeb/ros-noetic-tf2-0.7.10/src/buffer_core.cpp
[FSM]: state: INIT
wait for goal.
[FSM]: state: INIT
wait for goal.
[FSM]: state: INIT
wait for goal.
[FSM]: state: INIT
wait for goal.
[FSM]: state: INIT
wait for goal.
Warning: TF_REPEATED_DATA ignoring data with redundant timestamp for frame sliding_map (parent world) at time 259.206000 according to authority /scan_planner_node
         at line 277 in /tmp/binarydeb/ros-noetic-tf2-0.7.10/src/buffer_core.cpp
[FSM]: state: INIT
wait for goal.
[FSM]: state: INIT
wait for goal.
[FSM]: state: INIT
wait for goal.
[INFO] [1788295691.225586681, 216.788000000]: RL locomotion_ready latched after 0.67 s takeover and 0.38 s stable hold
[INFO] [1788295692.402852878, 217.426000000]: RL policy input vx=0.000 vy=0.000 wz=1.150 action_rms=0.166 ready=1 userCmd=0 kbd=0 raw=0.000,0.000,1.150 grav=-0.01,0.01,-0.98
[INFO] [1788295695.775559572, 219.447000000]: RL policy input vx=0.000 vy=0.000 wz=0.200 action_rms=0.149 ready=1 userCmd=0 kbd=0 raw=0.000,0.000,0.200 grav=0.02,-0.02,-0.98
[INFO] [1788295699.275251769, 221.462000000]: RL policy input vx=0.151 vy=0.450 wz=1.150 action_rms=0.227 ready=1 userCmd=0 kbd=0 raw=0.151,0.450,1.150 grav=0.04,-0.03,-0.98
[INFO] [1788295702.747048604, 223.472000000]: RL policy input vx=2.220 vy=0.364 wz=0.179 action_rms=0.423 ready=1 userCmd=0 kbd=0 raw=2.220,0.364,0.179 grav=-0.02,0.05,-0.98
[INFO] [1788295706.487423281, 225.484000000]: RL policy input vx=2.247 vy=0.123 wz=0.060 action_rms=0.338 ready=1 userCmd=0 kbd=0 raw=2.247,0.123,0.060 grav=0.01,0.00,-0.98
[INFO] [1788295710.170093539, 227.503000000]: RL policy input vx=2.250 vy=0.028 wz=0.014 action_rms=0.345 ready=1 userCmd=0 kbd=0 raw=2.250,0.028,0.014 grav=0.05,0.05,-0.98
[INFO] [1788295713.923086861, 229.515000000]: RL policy input vx=0.902 vy=0.101 wz=0.123 action_rms=0.224 ready=1 userCmd=0 kbd=0 raw=0.902,0.101,0.123 grav=0.07,-0.05,-0.98
[INFO] [1788295717.326471454, 231.530000000]: RL policy input vx=0.000 vy=0.000 wz=0.568 action_rms=0.142 ready=1 userCmd=0 kbd=0 raw=0.000,0.000,0.568 grav=0.03,0.00,-0.98
[INFO] [1788295720.618595142, 233.552000000]: RL policy input vx=0.449 vy=0.000 wz=0.054 action_rms=0.284 ready=1 userCmd=0 kbd=0 raw=0.449,0.000,0.054 grav=0.00,-0.02,-0.98
[INFO] [1788295723.990676032, 235.570000000]: RL policy input vx=0.450 vy=0.000 wz=-0.007 action_rms=0.212 ready=1 userCmd=0 kbd=0 raw=0.450,0.000,-0.007 grav=0.01,-0.01,-0.98
[INFO] [1788295727.460052489, 237.589000000]: RL policy input vx=2.106 vy=0.408 wz=0.210 action_rms=0.405 ready=1 userCmd=0 kbd=0 raw=2.106,0.408,0.210 grav=-0.05,-0.04,-0.98
[INFO] [1788295730.563399624, 239.590000000]: RL policy input vx=0.409 vy=0.017 wz=0.045 action_rms=0.280 ready=1 userCmd=0 kbd=0 raw=0.409,0.017,0.045 grav=0.02,-0.03,-0.98
[INFO] [1788295733.879153065, 241.595000000]: RL policy input vx=0.000 vy=0.000 wz=-2.400 action_rms=0.216 ready=1 userCmd=0 kbd=0 raw=0.000,0.000,-2.400 grav=0.00,0.01,-0.98
[INFO] [1788295737.174136170, 243.603000000]: RL policy input vx=0.101 vy=0.361 wz=1.150 action_rms=0.181 ready=1 userCmd=0 kbd=0 raw=0.101,0.361,1.150 grav=0.01,-0.01,-0.98
[INFO] [1788295740.571150453, 245.610000000]: RL policy input vx=0.812 vy=0.182 wz=0.243 action_rms=0.230 ready=1 userCmd=0 kbd=0 raw=0.812,0.182,0.243 grav=0.03,0.01,-0.98
[INFO] [1788295744.414350988, 247.624000000]: RL policy input vx=0.000 vy=0.000 wz=2.400 action_rms=0.205 ready=1 userCmd=0 kbd=0 raw=0.000,0.000,2.400 grav=0.01,-0.02,-0.98
[INFO] [1788295747.898730094, 249.628000000]: RL policy input vx=1.032 vy=0.750 wz=0.691 action_rms=0.231 ready=1 userCmd=0 kbd=0 raw=1.032,0.750,0.691 grav=-0.00,0.04,-0.98
[INFO] [1788295751.778344211, 251.639000000]: RL policy input vx=0.297 vy=0.041 wz=0.151 action_rms=0.263 ready=1 userCmd=0 kbd=0 raw=0.297,0.041,0.151 grav=0.02,-0.00,-0.98
[INFO] [1788295755.980099289, 253.654000000]: RL policy input vx=0.450 vy=0.000 wz=-0.039 action_rms=0.162 ready=1 userCmd=0 kbd=0 raw=0.450,0.000,-0.039 grav=0.01,-0.02,-0.98
[INFO] [1788295759.614953539, 255.660000000]: RL policy input vx=0.519 vy=0.038 wz=0.036 action_rms=0.215 ready=1 userCmd=0 kbd=0 raw=0.519,0.038,0.036 grav=0.02,-0.01,-0.98
[INFO] [1788295762.795433253, 257.665000000]: RL policy input vx=0.450 vy=0.000 wz=0.011 action_rms=0.276 ready=1 userCmd=0 kbd=0 raw=0.450,0.000,0.011 grav=0.00,-0.01,-0.98
[INFO] [1788295765.831471336, 259.671000000]: RL policy input vx=0.450 vy=0.000 wz=-0.017 action_rms=0.159 ready=1 userCmd=0 kbd=0 raw=0.450,0.000,-0.017 grav=0.00,-0.02,-0.98
[INFO] [1788295769.330593739, 261.688000000]: RL policy input vx=2.133 vy=0.228 wz=0.117 action_rms=0.233 ready=1 userCmd=0 kbd=0 raw=2.133,0.228[FSM]: state: INIT
wait for goal.
Warning: TF_REPEATED_DATA ignoring data with redundant timestamp for frame sliding_map (parent world) at time 262.903000 according to authority /scan_planner_node
         at line 277 in /tmp/binarydeb/ros-noetic-tf2-0.7.10/src/buffer_core.cpp
[FSM]: state: INIT
wait for goal.
Warning: TF_REPEATED_DATA ignoring data with redundant timestamp for frame sliding_map (parent world) at time 264.301000 according to authority /scan_planner_node
         at line 277 in /tmp/binarydeb/ros-noetic-tf2-0.7.10/src/buffer_core.cpp
[FSM]: state: INIT
wait for goal.
[FSM]: state: INIT
wait for goal.
Warning: TF_REPEATED_DATA ignoring data with redundant timestamp for frame sliding_map (parent world) at time 267.306000 according to authority /scan_planner_node
         at line 277 in /tmp/binarydeb/ros-noetic-tf2-0.7.10/src/buffer_core.cpp
[FSM]: state: INIT
wait for goal.
Warning: TF_REPEATED_DATA ignoring data with redundant timestamp for frame sliding_map (parent world) at time 268.705000 according to authority /scan_planner_node
         at line 277 in /tmp/binarydeb/ros-noetic-tf2-0.7.10/src/buffer_core.cpp
Warning: TF_REPEATED_DATA ignoring data with redundant timestamp for frame sliding_map (parent world) at time 268.899000 according to authority /scan_planner_node
         at line 277 in /tmp/binarydeb/ros-noetic-tf2-0.7.10/src/buffer_core.cpp
[FSM]: state: INIT
wait for goal.
[FSM]: state: INIT
wait for goal.
Warning: TF_REPEATED_DATA ignoring data with redundant timestamp for frame sliding_map (parent world) at time 270.707000 according to authority /scan_planner_node
         at line 277 in /tmp/binarydeb/ros-noetic-tf2-0.7.10/src/buffer_core.cpp
[FSM]: state: INIT
wait for goal.
[FSM]: state: INIT
wait for goal.
Warning: TF_REPEATED_DATA ignoring data with redundant timestamp for frame sliding_map (parent world) at time 273.599000 according to authority /scan_planner_node
         at line 277 in /tmp/binarydeb/ros-noetic-tf2-0.7.10/src/buffer_core.cpp
[FSM]: state: INIT
wait for goal.
[FSM]: state: INIT
wait for goal.
[FSM]: state: INIT
wait for goal.
[FSM]: state: INIT
wait for goal.
[FSM]: state: INIT
wait for goal.
[FSM]: state: INIT
wait for goal.
[FSM]: state: INIT
wait for goal.
[FSM]: state: INIT
wait for goal.
[FSM]: state: INIT
wait for goal.
[FSM]: state: INIT
wait for goal.
[FSM]: state: INIT
wait for goal.
[FSM]: state: INIT
wait for goal.
[FSM]: state: INIT
wait for goal.
[FSM]: state: INIT
wait for goal.
[FSM]: state: INIT
wait for goal.
[FSM]: state: INIT
wait for goal.
[FSM]: state: INIT
wait for goal.
Warning: TF_REPEATED_DATA ignoring data with redundant timestamp for frame sliding_map (parent world) at time 292.400000 according to authority /scan_planner_node
         at line 277 in /tmp/binarydeb/ros-noetic-tf2-0.7.10/src/buffer_core.cpp
[FSM]: state: INIT
wait for goal.
[FSM]: state: INIT
wait for goal.
[FSM]: state: INIT
wait for goal.
[FSM]: state: INIT
wait for goal.
[FSM]: state: INIT
wait for goal.
Warning: TF_REPEATED_DATA ignoring data with redundant timestamp for frame sliding_map (parent world) at time 298.801000 according to authority /scan_planner_node
         at line 277 in /tmp/binarydeb/ros-noetic-tf2-0.7.10/src/buffer_core.cpp
[FSM]: state: INIT
wait for goal.
[FSM]: state: INIT
wait for goal.
Warning: TF_REPEATED_DATA ignoring data with redundant timestamp for frame sliding_map (parent world) at time 301.200000 according to authority /scan_planner_node
         at line 277 in /tmp/binarydeb/ros-noetic-tf2-0.7.10/src/buffer_core.cpp
[FSM]: state: INIT
wait for goal.
[FSM]: state: INIT
wait for goal.
[FSM]: state: INIT
wait for goal.
[FSM]: state: INIT
wait for goal.
Warning: TF_REPEATED_DATA ignoring data with redundant timestamp for frame sliding_map (parent world) at time 305.803000 according to authority /scan_planner_node
         at line 277 in /tmp/binarydeb/ros-noetic-tf2-0.7.10/src/buffer_core.cpp
[FSM]: state: INIT
wait for goal.
Warning: TF_REPEATED_DATA ignoring data with redundant timestamp for frame sliding_map (parent world) at time 306.508000 according to authority /scan_planner_node
         at line 277 in /tmp/binarydeb/ros-noetic-tf2-0.7.10/src/buffer_core.cpp
[FSM]: state: INIT
wait for goal.
Warning: TF_REPEATED_DATA ignoring data with redundant timestamp for frame sliding_map (parent world) at time 308.308000 according to authority /scan_planner_node
         at line 277 in /tmp/binarydeb/ros-noetic-tf2-0.7.10/src/buffer_core.cpp
Warning: TF_REPEATED_DATA ignoring data with redundant timestamp for frame sliding_map (parent world) at time 308.600000 according to authority /scan_planner_node
         at line 277 in /tmp/binarydeb/ros-noetic-tf2-0.7.10/src/buffer_core.cpp
[FSM]: state: INIT
wait for goal.
,0.117 grav=-0.06,-0.06,-0.98
[INFO] [1788295772.596105779, 263.705000000]: RL policy input vx=0.615 vy=0.020 wz=0.035 action_rms=0.134 ready=1 userCmd=0 kbd=0 raw=0.615,0.020,0.035 grav=0.03,-0.03,-0.98
[INFO] [1788295776.082680910, 265.723000000]: RL policy input vx=0.000 vy=0.000 wz=-2.400 action_rms=0.179 ready=1 userCmd=0 kbd=0 raw=0.000,0.000,-2.400 grav=0.01,0.02,-0.98
[INFO] [1788295780.439369513, 267.742000000]: RL policy input vx=0.170 vy=0.450 wz=1.150 action_rms=0.278 ready=1 userCmd=0 kbd=0 raw=0.170,0.450,1.150 grav=0.03,-0.01,-0.98
[INFO] [1788295784.788558797, 269.756000000]: RL policy input vx=0.395 vy=0.077 wz=0.211 action_rms=0.139 ready=1 userCmd=0 kbd=0 raw=0.395,0.077,0.211 grav=0.03,0.01,-0.98
[INFO] [1788295788.704893416, 271.774000000]: RL policy input vx=0.000 vy=0.000 wz=2.400 action_rms=0.117 ready=1 userCmd=0 kbd=0 raw=0.000,0.000,2.400 grav=0.01,-0.01,-0.98
[INFO] [1788295792.910889514, 273.786000000]: RL policy input vx=1.602 vy=0.521 wz=0.346 action_rms=0.300 ready=1 userCmd=0 kbd=0 raw=1.602,0.521,0.346 grav=-0.01,0.07,-0.98
[INFO] [1788295797.307398589, 275.791000000]: RL policy input vx=0.000 vy=0.000 wz=0.219 action_rms=0.263 ready=1 userCmd=0 kbd=0 raw=0.000,0.000,0.219 grav=0.01,-0.01,-0.98
[INFO] [1788295801.846533790, 277.795000000]: RL policy input vx=0.450 vy=0.000 wz=0.031 action_rms=0.159 ready=1 userCmd=0 kbd=0 raw=0.450,0.000,0.031 grav=0.01,-0.01,-0.98
[INFO] [1788295805.766377359, 279.800000000]: RL policy input vx=0.300 vy=0.000 wz=-0.027 action_rms=0.261 ready=1 userCmd=0 kbd=0 raw=0.300,0.000,-0.027 grav=0.01,-0.02,-0.98
[INFO] [1788295809.503364492, 281.817000000]: RL policy input vx=1.856 vy=-0.750 wz=-0.422 action_rms=0.356 ready=1 userCmd=0 kbd=0 raw=1.856,-0.750,-0.422 grav=-0.01,-0.03,-0.98
[INFO] [1788295812.940687233, 283.818000000]: RL policy input vx=2.239 vy=-0.226 wz=-0.111 action_rms=0.405 ready=1 userCmd=0 kbd=0 raw=2.239,-0.226,-0.111 grav=0.01,-0.02,-0.98
[INFO] [1788295816.094986708, 285.822000000]: RL policy input vx=2.248 vy=-0.091 wz=-0.045 action_rms=0.336 ready=1 userCmd=0 kbd=0 raw=2.248,-0.091,-0.045 grav=0.03,0.03,-0.98
[INFO] [1788295819.290887058, 287.832000000]: RL policy input vx=2.248 vy=0.093 wz=0.046 action_rms=0.351 ready=1 userCmd=0 kbd=0 raw=2.248,0.093,0.046 grav=0.02,0.04,-0.98
[INFO] [1788295822.713028330, 289.852000000]: RL policy input vx=0.454 vy=0.414 wz=0.813 action_rms=0.188 ready=1 userCmd=0 kbd=0 raw=0.454,0.414,0.813 grav=0.03,-0.04,-0.98
[INFO] [1788295826.695533923, 291.855000000]: RL policy input vx=0.000 vy=0.000 wz=0.227 action_rms=0.161 ready=1 userCmd=0 kbd=0 raw=0.000,0.000,0.227 grav=0.01,-0.02,-0.98
[INFO] [1788295831.074268722, 293.874000000]: RL policy input vx=0.450 vy=0.000 wz=0.028 action_rms=0.155 ready=1 userCmd=0 kbd=0 raw=0.450,0.000,0.028 grav=0.01,-0.02,-0.98
[INFO] [1788295835.662822387, 295.888000000]: RL policy input vx=0.466 vy=0.148 wz=0.140 action_rms=0.258 ready=1 userCmd=0 kbd=0 raw=0.466,0.148,0.140 grav=0.01,-0.01,-0.98
[INFO] [1788295839.987828273, 297.897000000]: RL policy input vx=1.494 vy=0.060 wz=0.044 action_rms=0.261 ready=1 userCmd=0 kbd=0 raw=1.494,0.060,0.044 grav=0.01,-0.06,-0.98
[INFO] [1788295844.562086040, 299.908000000]: RL policy input vx=0.000 vy=0.000 wz=-1.473 action_rms=0.188 ready=1 userCmd=0 kbd=0 raw=0.000,0.000,-1.473 grav=0.03,0.01,-0.98
[INFO] [1788295848.351839804, 301.923000000]: RL policy input vx=0.000 vy=0.000 wz=-0.921 action_rms=0.234 ready=1 userCmd=0 kbd=0 raw=0.000,0.000,-0.921 grav=0.01,0.01,-0.98
[INFO] [1788295852.342985599, 303.938000000]: RL policy input vx=1.137 vy=0.444 wz=0.410 action_rms=0.407 ready=1 userCmd=0 kbd=0 raw=1.137,0.444,0.410 grav=-0.00,0.06,-0.98
[INFO] [1788295856.175624698, 305.945000000]: RL policy input vx=0.000 vy=0.000 wz=2.087 action_rms=0.163 ready=1 userCmd=0 kbd=0 raw=0.000,0.000,2.087 grav=0.03,-0.03,-0.98
[INFO] [1788295860.454347500, 307.950000000]: RL policy input vx=0.251 vy=0.450 wz=1.150 action_rms=0.230 ready=1 userCmd=0 kbd=0 raw=0.251,0.450,1.150 grav=0.00,-0.04,-0.98
[INFO] [1788295864.722820513, 309.951000000]: RL [FSM]: state: INIT
wait for goal.
[FSM]: state: INIT
wait for goal.
[FSM]: state: INIT
wait for goal.
[FSM]: state: INIT
wait for goal.
[FSM]: state: INIT
wait for goal.
[FSM]: state: INIT
wait for goal.
[FSM]: state: INIT
wait for goal.
[FSM]: state: INIT
wait for goal.
[FSM]: state: INIT
wait for goal.
[FSM]: state: INIT
wait for goal.
[FSM]: state: INIT
wait for goal.
[FSM]: state: INIT
wait for goal.
[FSM]: state: INIT
wait for goal.
Warning: TF_REPEATED_DATA ignoring data with redundant timestamp for frame sliding_map (parent world) at time 324.609000 according to authority /scan_planner_node
         at line 277 in /tmp/binarydeb/ros-noetic-tf2-0.7.10/src/buffer_core.cpp
[FSM]: state: INIT
wait for goal.
[FSM]: state: INIT
wait for goal.
Warning: TF_REPEATED_DATA ignoring data with redundant timestamp for frame sliding_map (parent world) at time 327.399000 according to authority /scan_planner_node
         at line 277 in /tmp/binarydeb/ros-noetic-tf2-0.7.10/src/buffer_core.cpp
Warning: TF_REPEATED_DATA ignoring data with redundant timestamp for frame sliding_map (parent world) at time 327.503000 according to authority /scan_planner_node
         at line 277 in /tmp/binarydeb/ros-noetic-tf2-0.7.10/src/buffer_core.cpp
[FSM]: state: INIT
wait for goal.
[FSM]: state: INIT
wait for goal.
Warning: TF_REPEATED_DATA ignoring data with redundant timestamp for frame sliding_map (parent world) at time 330.002000 according to authority /scan_planner_node
         at line 277 in /tmp/binarydeb/ros-noetic-tf2-0.7.10/src/buffer_core.cpp
[FSM]: state: INIT
wait for goal.
[FSM]: state: INIT
wait for goal.
Warning: TF_REPEATED_DATA ignoring data with redundant timestamp for frame sliding_map (parent world) at time 331.702000 according to authority /scan_planner_node
         at line 277 in /tmp/binarydeb/ros-noetic-tf2-0.7.10/src/buffer_core.cpp
[FSM]: state: INIT
wait for goal.
[FSM]: state: INIT
wait for goal.
[FSM]: state: INIT
wait for goal.
[FSM]: state: INIT
wait for goal.
[FSM]: state: INIT
wait for goal.
[FSM]: state: INIT
wait for goal.
[FSM]: state: INIT
wait for goal.
[FSM]: state: INIT
wait for goal.
[FSM]: state: INIT
wait for goal.
[FSM]: state: INIT
wait for goal.
[FSM]: state: INIT
wait for goal.
[FSM]: state: INIT
wait for goal.
[FSM]: state: INIT
wait for goal.
[FSM]: state: INIT
wait for goal.
[FSM]: state: INIT
wait for goal.
[FSM]: state: INIT
wait for goal.
[FSM]: state: INIT
wait for goal.
[FSM]: state: INIT
wait for goal.
[FSM]: state: INIT
wait for goal.
[FSM]: state: INIT
wait for goal.
[FSM]: state: INIT
wait for goal.
policy input vx=0.450 vy=0.088 wz=0.213 action_rms=0.264 ready=1 userCmd=0 kbd=0 raw=0.450,0.088,0.213 grav=0.02,-0.01,-0.98
[INFO] [1788295868.786847569, 311.958000000]: RL policy input vx=0.450 vy=0.000 wz=-0.047 action_rms=0.177 ready=1 userCmd=0 kbd=0 raw=0.450,0.000,-0.047 grav=0.01,-0.03,-0.98
[INFO] [1788295873.004538700, 313.974000000]: RL policy input vx=0.450 vy=0.000 wz=-0.049 action_rms=0.250 ready=1 userCmd=0 kbd=0 raw=0.450,0.000,-0.049 grav=0.00,-0.02,-0.98
[INFO] [1788295877.049790303, 315.991000000]: RL policy input vx=0.316 vy=-0.002 wz=-0.005 action_rms=0.152 ready=1 userCmd=0 kbd=0 raw=0.316,-0.002,-0.005 grav=0.02,-0.01,-0.98
[INFO] [1788295881.100185625, 317.995000000]: RL policy input vx=0.450 vy=0.000 wz=-0.009 action_rms=0.296 ready=1 userCmd=0 kbd=0 raw=0.450,0.000,-0.009 grav=0.00,-0.02,-0.98
[INFO] [1788295885.284298840, 320.000000000]: RL policy input vx=1.069 vy=-0.681 wz=-0.355 action_rms=0.215 ready=1 userCmd=0 kbd=0 raw=1.069,-0.681,-0.355 grav=-0.01,0.03,-0.98
[INFO] [1788295889.242033125, 322.000000000]: RL policy input vx=0.957 vy=-0.010 wz=-0.011 action_rms=0.235 ready=1 userCmd=0 kbd=0 raw=0.957,-0.010,-0.011 grav=0.06,-0.12,-0.97
[INFO] [1788295893.372539081, 324.003000000]: RL policy input vx=0.000 vy=0.000 wz=2.400 action_rms=0.186 ready=1 userCmd=0 kbd=0 raw=0.000,0.000,2.400 grav=0.02,-0.00,-0.98
[INFO] [1788295897.302874784, 326.022000000]: RL policy input vx=0.000 vy=0.000 wz=-0.756 action_rms=0.162 ready=1 userCmd=0 kbd=0 raw=0.000,0.000,-0.756 grav=0.01,-0.01,-0.98
[INFO] [1788295901.419471687, 328.024000000]: RL policy input vx=0.925 vy=-0.282 wz=-0.326 action_rms=0.179 ready=1 userCmd=0 kbd=0 raw=0.925,-0.282,-0.326 grav=0.01,-0.09,-0.98
[INFO] [1788295905.246719119, 330.033000000]: RL policy input vx=0.000 vy=0.000 wz=-2.400 action_rms=0.179 ready=1 userCmd=0 kbd=0 raw=0.000,0.000,-2.400 grav=0.02,0.01,-0.98
[INFO] [1788295909.275364278, 332.048000000]: RL policy input vx=0.709 vy=-0.750 wz=-0.895 action_rms=0.398 ready=1 userCmd=0 kbd=0 raw=0.709,-0.750,-0.895 grav=-0.03,-0.00,-0.98
[INFO] [1788295913.650716271, 334.066000000]: RL policy input vx=0.295 vy=-0.056 wz=-0.205 action_rms=0.260 ready=1 userCmd=0 kbd=0 raw=0.295,-0.056,-0.205 grav=0.03,-0.02,-0.98
[INFO] [1788295918.167930663, 336.067000000]: RL policy input vx=0.450 vy=0.000 wz=0.003 action_rms=0.159 ready=1 userCmd=0 kbd=0 raw=0.450,0.000,0.003 grav=0.01,-0.02,-0.98
[INFO] [1788295922.595358780, 338.072000000]: RL policy input vx=0.300 vy=0.000 wz=-0.035 action_rms=0.259 ready=1 userCmd=0 kbd=0 raw=0.300,0.000,-0.035 grav=0.01,-0.03,-0.98
[INFO] [1788295926.774702126, 340.090000000]: RL policy input vx=1.209 vy=0.750 wz=0.611 action_rms=0.240 ready=1 userCmd=0 kbd=0 raw=1.209,0.750,0.611 grav=-0.04,0.05,-0.98
[INFO] [1788295931.307153210, 342.097000000]: RL policy input vx=2.250 vy=0.034 wz=0.017 action_rms=0.367 ready=1 userCmd=0 kbd=0 raw=2.250,0.034,0.017 grav=0.03,0.07,-0.98
[INFO] [1788295936.090376966, 344.109000000]: RL policy input vx=2.249 vy=-0.079 wz=-0.038 action_rms=0.326 ready=1 userCmd=0 kbd=0 raw=2.249,-0.079,-0.038 grav=-0.01,0.03,-0.98
[INFO] [1788295940.316498818, 346.114000000]: RL policy input vx=2.250 vy=-0.029 wz=-0.014 action_rms=0.278 ready=1 userCmd=0 kbd=0 raw=2.250,-0.029,-0.014 grav=0.03,-0.02,-0.98
[INFO] [1788295944.247421929, 348.127000000]: RL policy input vx=2.249 vy=-0.072 wz=-0.035 action_rms=0.225 ready=1 userCmd=0 kbd=0 raw=2.249,-0.072,-0.035 grav=-0.02,0.04,-0.98
[INFO] [1788295948.119088993, 350.127000000]: RL policy input vx=2.249 vy=0.055 wz=0.027 action_rms=0.345 ready=1 userCmd=0 kbd=0 raw=2.249,0.055,0.027 grav=-0.05,-0.06,-0.98
[INFO] [1788295952.066736123, 352.128000000]: RL policy input vx=2.192 vy=-0.507 wz=-0.250 action_rms=0.308 ready=1 userCmd=0 kbd=0 raw=2.192,-0.507,-0.250 grav=0.00,-0.06,-0.98
[INFO] [1788295956.133356289, 354.129000000]: RL policy input vx=2.243 vy=-0.181 wz=-0.088 action_rms=0.429 ready=1 userCmd=0 kbd=0 raw=2.243,-0.181,-0.088 grav=-0.03,-0.06,-0.98
[INFO] [1788295960.060203744, 356.143000000]: RL policy input vx=0.603 vy=0.025 wz=0.0[FSM]: state: INIT
wait for goal.
[FSM]: state: INIT
wait for goal.
[FSM]: state: INIT
wait for goal.
[FSM]: state: INIT
wait for goal.
[FSM]: state: INIT
wait for goal.
[FSM]: state: INIT
wait for goal.
[FSM]: state: INIT
wait for goal.
[FSM]: state: INIT
wait for goal.
46 action_rms=0.227 ready=1 userCmd=0 kbd=0 raw=0.603,0.025,0.046 grav=0.03,-0.04,-0.98
[INFO] [1788295963.687311330, 358.164000000]: RL policy input vx=1.374 vy=-0.397 wz=-0.309 action_rms=0.236 ready=1 userCmd=0 kbd=0 raw=1.374,-0.397,-0.309 grav=-0.02,-0.06,-0.98
[INFO] [1788295967.878611838, 360.164000000]: RL policy input vx=0.298 vy=-0.038 wz=-0.139 action_rms=0.239 ready=1 userCmd=0 kbd=0 raw=0.298,-0.038,-0.139 grav=0.02,-0.01,-0.98
[INFO] [1788295971.841735987, 362.172000000]: RL policy input vx=0.000 vy=0.000 wz=-0.350 action_rms=0.144 ready=1 userCmd=0 kbd=0 raw=0.000,0.000,-0.350 grav=0.00,0.01,-0.98
Switched from RL to fixed stand
infer_thread退出!
[WARN] [1788295976.186930260, 364.110000000]: Using one-shot captured-pose FixedStand profile: ramp 0.50 s, settle 0.00 s, ready after 0.50 s + 0.50 s stable, minimum gain 0.75
[INFO] Using /stand_target_joints param stance.
Switched from fixed stand to RL
[INFO] Entered RL /cmd_vel mode.
[WARN] [1788295977.643682913, 364.709000000]: Using one-shot stair RL takeover profile: blend 0.50 s, zero hold 0.15 s
cuda::is_available():1
RL inference device: cuda (requested=hybrid, policy=stair)
[INFO] RL policy activated from preload cache at FixedStand entry boundary: /workspace/SimEnv/src/unitree_guide/logs/policy_act_inference_stair.pt
[FSM]: state: INIT
wait for goal.
[FSM]: state: INIT
wait for goal.
[FSM]: state: INIT
wait for goal.
[FSM]: state: INIT
wait for goal.
[FSM]: state: INIT
wait for goal.
[FSM]: state: INIT
wait for goal.
[FSM]: state: INIT
wait for goal.
[FSM]: state: INIT
wait for goal.
[FSM]: state: INIT
wait for goal.
[FSM]: state: INIT
wait for goal.
[FSM]: state: INIT
wait for goal.
[FSM]: state: INIT
wait for goal.
[FSM]: state: INIT
wait for goal.
[FSM]: state: INIT
wait for goal.
[FSM]: state: INIT
wait for goal.
[FSM]: state: INIT
wait for goal.
Warning: TF_REPEATED_DATA ignoring data with redundant timestamp for frame sliding_map (parent world) at time 381.511000 according to authority /scan_planner_node
         at line 277 in /tmp/binarydeb/ros-noetic-tf2-0.7.10/src/buffer_core.cpp
[FSM]: state: INIT
wait for goal.
[FSM]: state: INIT
wait for goal.
[FSM]: state: INIT
wait for goal.
[FSM]: state: INIT
wait for goal.
Warning: TF_REPEATED_DATA ignoring data with redundant timestamp for frame sliding_map (parent world) at time 385.906000 according to authority /scan_planner_node
         at line 277 in /tmp/binarydeb/ros-noetic-tf2-0.7.10/src/buffer_core.cpp
[FSM]: state: INIT
wait for goal.
[FSM]: state: INIT
wait for goal.
[WARN] [1788296022.730683234, 387.597000000]: Using one-shot plane RL takeover profile: blend 0.50 s, zero hold 0.15 s
[INFO] [1788295977.668282123, 364.723000000]: RL policy input vx=0.000 vy=0.000 wz=0.000 action_rms=0.201 ready=0 userCmd=8 kbd=0 raw=0.000,0.000,0.000 grav=-0.01,-0.00,-0.98
[INFO] [1788295979.168481967, 365.368000000]: RL locomotion_ready latched after 0.66 s takeover and 0.65 s stable hold
[INFO] [1788295982.354925901, 366.727000000]: RL policy input vx=0.578 vy=-0.272 wz=-0.031 action_rms=0.404 ready=1 userCmd=0 kbd=0 raw=0.578,-0.272,-0.031 grav=-0.29,0.05,-0.93
[INFO] [1788295986.547317289, 368.739000000]: RL policy input vx=0.598 vy=0.047 wz=0.028 action_rms=0.536 ready=1 userCmd=0 kbd=0 raw=0.598,0.047,0.028 grav=-0.36,-0.01,-0.91
[INFO] [1788295990.559044695, 370.745000000]: RL policy input vx=0.800 vy=0.036 wz=0.027 action_rms=0.372 ready=1 userCmd=8 kbd=0 raw=0.800,0.036,0.027 grav=-0.39,-0.01,-0.90
[INFO] [1788295994.671423387, 372.765000000]: RL policy input vx=0.323 vy=-0.677 wz=-1.200 action_rms=0.141 ready=1 userCmd=8 kbd=0 raw=0.323,-0.677,-1.200 grav=0.02,0.05,-0.98
[INFO] [1788295998.657998043, 374.783000000]: RL policy input vx=0.332 vy=-0.044 wz=-0.145 action_rms=0.173 ready=1 userCmd=0 kbd=0 raw=0.332,-0.044,-0.145 grav=0.00,0.00,-0.98
[INFO] [1788296002.393560324, 376.793000000]: RL policy input vx=0.000 vy=0.000 wz=-0.647 action_rms=0.157 ready=1 userCmd=8 kbd=0 raw=0.000,0.000,-0.647 grav=-0.03,0.04,-0.98
[INFO] [1788296006.234880243, 378.809000000]: RL policy input vx=0.000 vy=0.000 wz=-0.240 action_rms=0.154 ready=1 userCmd=0 kbd=0 raw=0.000,0.000,-0.240 grav=-0.03,0.03,-0.98
[INFO] [1788296010.387750957, 380.822000000]: RL policy input vx=0.419 vy=0.273 wz=-0.023 action_rms=0.650 ready=1 userCmd=0 kbd=0 raw=0.419,0.273,-0.023 grav=0.00,-0.18,-0.96
[INFO] [1788296014.256575078, 382.825000000]: RL policy input vx=0.382 vy=-0.323 wz=-0.020 action_rms=0.491 ready=1 userCmd=0 kbd=0 raw=0.382,-0.323,-0.020 grav=-0.41,0.03,-0.89
[INFO] [1788296017.842215561, 384.825000000]: RL policy input vx=0.598 vy=-0.043 wz=-0.025 action_rms=0.428 ready=1 userCmd=8 kbd=0 raw=0.598,-0.043,-0.025 grav=-0.44,-0.02,-0.88
[INFO] [1788296021.287880636, 386.838000000]: RL policy input vx=0.602 vy=-0.192 wz=0.004 action_rms=0.329 ready=1 userCmd=0 kbd=0 raw=0.602,-0.192,0.004 grav=-0.20,0.04,-0.96
cuda::is_available():1
RL inference device: cpu (requested=hybrid, policy=plane)
[INFO] RL policy hot-switched from preload cache: /workspace/SimEnv/src/unitree_guide/logs/policy_act_inference_plane.pt
[FSM]: state: INIT
wait for goal.
[FSM]: state: INIT
wait for goal.
[FSM]: state: INIT
wait for goal.
[FSM]: state: INIT
wait for goal.
[FSM]: state: INIT
wait for goal.
Warning: TF_REPEATED_DATA ignoring data with redundant timestamp for frame sliding_map (parent world) at time 393.411000 according to authority /scan_planner_node
         at line 277 in /tmp/binarydeb/ros-noetic-tf2-0.7.10/src/buffer_core.cpp
[FSM]: state: INIT
wait for goal.
[INFO] [1788295974.206332, 363.291000]: Floor-2 stair controller armed by SECOND_FLOOR_EXPLORATION_COMPLETE.
[INFO] [1788295974.243802, 363.300000]: Robot is already 0.02 m from the pre-riser pose; skipping the corridor/side legs.
[INFO] [1788295974.249761, 363.303000]: Pre-ascent residual heading error -0.116 rad (visual_depth=False, bearing=none).
[INFO] [1788295975.527121, 363.821000]: Flight-A body settled for 0.43 s; waiting for joint RMS capture window <= 0.180 (current=0.597).
[INFO] [1788295975.640537, 363.862000]: Pre-ascent stand target set from flight-A pre-reload capture entry sample
[INFO] [1788295975.675920, 363.881000]: Flight-A plane gait settled at joint RMS 0.122; holding FixedStand for at least 0.1 s at snapshot pose before queued stair-policy entry.
[INFO] [1788295977.361352, 364.593000]: Flight-A FixedStand readiness gate complete; queued the stair policy for State_RL entry and retaining stand ownership for 0.25 s.
[INFO] [1788295977.630950, 364.709000]: Flight-A policy request has been queued under FixedStand; requesting RL so State_RL loads it before inference starts.
[INFO] [1788295979.233467, 365.396000]: Fresh RL readiness confirmed after the flight-A FixedStand boundary; starting the climb ramp.
[INFO] [1788295979.242651, 365.400000]: Flight-A fresh RL readiness observed; ascent clocks reset and 1.2 s climb ramp started.
[INFO] [1788295979.245555, 365.404000]: STPUB phase=STAIR_ASCENT world=(0.000,0.002,-0.027) body=(0.002,-0.000,-0.027) truth_z=2.912 pose=2.911927409549401
[INFO] [1788295981.707156, 366.420000]: STPUB phase=STAIR_ASCENT world=(0.036,0.800,-0.014) body=(0.798,-0.068,-0.014) truth_z=2.938 pose=2.937607297312854
[INFO] [1788295983.959133, 367.440000]: STPUB phase=STAIR_ASCENT world=(0.000,0.600,-0.016) body=(0.599,-0.027,-0.016) truth_z=3.165 pose=3.1620838539826703
[INFO] [1788295985.942955, 368.441000]: STPUB phase=STAIR_ASCENT world=(0.220,0.600,0.015) body=(0.609,-0.194,0.015) truth_z=3.384 pose=3.3829477797769796
[INFO] [1788295988.059533, 369.460000]: STPUB phase=STAIR_ASCENT world=(0.220,0.600,0.035) body=(0.619,-0.159,0.035) truth_z=3.608 pose=3.6071197889298836
[INFO] [1788295990.025620, 370.470000]: STPUB phase=STAIR_ASCENT world=(0.000,0.800,0.030) body=(0.797,0.069,0.030) truth_z=3.845 pose=3.8442500853685884
[INFO] [1788295991.913999, 371.480000]: STPUB phase=STAIR_ASCENT world=(-0.220,0.600,0.045) body=(0.566,0.296,0.045) truth_z=4.055 pose=4.053564538424197
[INFO] [1788295993.596572, 372.280000]: Intermediate landing entered at y=4.75 m; starting moving turn.
[INFO] [1788295994.079519, 372.500000]: STPUB phase=STAIR_LANDING_TURN world=(0.750,0.000,-1.200) body=(0.106,-0.742,-1.200) truth_z=4.232 pose=4.231475488604393
[INFO] [1788295996.044754, 373.520000]: STPUB phase=STAIR_LANDING_TURN world=(0.750,0.000,-0.543) body=(0.661,-0.355,-0.543) truth_z=4.210 pose=4.209215989382856
[INFO] [1788295998.091261, 374.540000]: STPUB phase=STAIR_LANDING_TURN world=(0.420,0.000,-0.240) body=(0.414,-0.072,-0.240) truth_z=4.218 pose=4.21801147225644
[INFO] [1788296000.074045, 375.560000]: STPUB phase=STAIR_LANDING_TURN world=(0.300,0.000,-0.084) body=(0.299,-0.023,-0.084) truth_z=4.216 pose=4.215982971656974
[INFO] [1788296002.003176, 376.569000]: STPUB phase=STAIR_LANDING_TURN world=(0.000,0.000,-0.797) body=(0.000,0.000,-0.797) truth_z=4.217 pose=4.216884409315904
[INFO] [1788296003.851706, 377.584000]: STPUB phase=STAIR_LANDING_TURN world=(0.000,0.000,-0.321) body=(0.000,0.000,-0.321) truth_z=4.218 pose=4.217734396802989
[INFO] [1788296005.792668, 378.600000]: STPUB phase=STAIR_LANDING_TURN world=(0.000,0.000,-0.240) body=(0.000,0.000,-0.240) truth_z=4.226 pose=4.226193320493397
[INFO] [1788296007.694353, 379.560000]: Flight-B entry aligned: x error=-0.045 m, heading error=-0.149 rad.
[INFO] [1788296007.731977, 379.578000]: Flight-B entry joints saved (12 dofs) -> /root/autodl-tmp/code/restore/0803b/overall_l0829/results/oblique_final10_fixbend_seed29_b1/flight_b_entry_joints_1.json
[INFO] [1788296007.744497, 379.582000]: ASCENT_B gate: entry_guide=True truth_pose=True start_z=2.912 profile=True heading=-1.571 pose_z=4.233879185763834 truth_z=4.2338723568593615
[INFO] [1788296007.757622, 379.588000]: Pre-ascent RL settle: holding zero command until motion is stable for 0.6 s before FixedStand.
[INFO] [1788296007.765973, 379.605000]: Pre-ascent RL settle active: stable 0.00/0.60 s.
[INFO] [1788296008.370338, 379.860000]: Pre-ascent RL motion settled for 0.61 s; settle-only gate complete (FixedStand disabled).
[INFO] [1788296008.396646, 379.880000]: STPUB phase=STAIR_ASCENT_B world=(-0.025,-0.800,-0.066) body=(0.781,-0.173,-0.066) truth_z=4.234 pose=4.233922249630939
[INFO] [1788296009.909436, 380.600000]: ASCENT_B gate: entry_guide=True truth_pose=True start_z=2.912 profile=True heading=-1.571 pose_z=4.2647609030050395 truth_z=4.2647609030050395
[INFO] [1788296010.525893, 380.903000]: STPUB phase=STAIR_ASCENT_B world=(0.300,-0.400,-0.053) body=(0.441,0.236,-0.053) truth_z=4.362 pose=4.36098274197809
[INFO] [1788296011.915697, 381.620000]: ASCENT_B gate: entry_guide=True truth_pose=True start_z=2.912 profile=True heading=-1.571 pose_z=4.410176533692248 truth_z=4.410176533692248
[INFO] [1788296012.510190, 381.920000]: STPUB phase=STAIR_ASCENT_B world=(-0.200,-0.600,-0.055) body=(0.561,-0.292,-0.055) truth_z=4.440 pose=4.439851647731352
[INFO] [1788296013.925197, 382.640000]: ASCENT_B gate: entry_guide=True truth_pose=True start_z=2.912 profile=True heading=-1.571 pose_z=4.594009750833141 truth_z=4.590095982194283
[INFO] [1788296014.451085, 382.928000]: STPUB phase=STAIR_ASCENT_B world=(-0.200,-0.600,-0.019) body=(0.588,-0.233,-0.019) truth_z=4.684 pose=4.681059313989944
[INFO] [1788296015.753915, 383.662000]: ASCENT_B gate: entry_guide=True truth_pose=True start_z=2.912 profile=True heading=-1.571 pose_z=4.885799894995305 truth_z=4.893176299217067
[INFO] [1788296016.248037, 383.940000]: STPUB phase=STAIR_ASCENT_B world=(-0.024,-0.800,-0.027) body=(0.796,-0.085,-0.027) truth_z=4.881 pose=4.880499040057951
[INFO] [1788296017.596049, 384.680000]: ASCENT_B gate: entry_guide=True truth_pose=True start_z=2.912 profile=True heading=-1.571 pose_z=5.065912992691645 truth_z=5.066315232709698
[INFO] [1788296018.041046, 384.961000]: STPUB phase=STAIR_ASCENT_B world=(-0.033,-0.800,-0.016) body=(0.798,-0.069,-0.016) truth_z=5.123 pose=5.123222044731289
[INFO] [1788296019.303689, 385.703000]: ASCENT_B gate: entry_guide=True truth_pose=True start_z=2.912 profile=True heading=-1.571 pose_z=5.276390461091779 truth_z=5.276153526881609
[INFO] [1788296019.792142, 385.965000]: STPUB phase=STAIR_ASCENT_B world=(-0.038,-0.800,-0.008) body=(0.799,-0.056,-0.008) truth_z=5.340 pose=5.33979136678508
[INFO] [1788296021.067671, 386.720000]: ASCENT_B gate: entry_guide=True truth_pose=True start_z=2.912 profile=True heading=-1.571 pose_z=5.465904636952866 truth_z=5.465904636952866
[INFO] [1788296021.541743, 386.980000]: STPUB phase=STAIR_ASCENT_B world=(-0.200,-0.600,-0.006) body=(0.597,-0.210,-0.006) truth_z=5.497 pose=5.496409965821603
[INFO] [1788296022.098443, 387.280000]: Upper landing entered: gain=2.59 m, clearance=0.01 m; stabilizing for 0.5 s.
[INFO] [1788296022.599638, 387.521000]: Floor-3 landing confirmed after two flights: gain=2.60 m clearance=0.12 m.
[INFO] [1788296024.009925, 388.291000]: Plane policy acknowledged on the upper landing; releasing stair controller ownership.
[FSM]: state: INIT
wait for goal.
Warning: TF_REPEATED_DATA ignoring data with redundant timestamp for frame sliding_map (parent world) at time 395.606000 according to authority /scan_planner_node
         at line 277 in /tmp/binarydeb/ros-noetic-tf2-0.7.10/src/buffer_core.cpp
[FSM]: state: INIT
wait for goal.
Warning: TF_REPEATED_DATA ignoring data with redundant timestamp for frame sliding_map (parent world) at time 396.600000 according to authority /scan_planner_node
         at line 277 in /tmp/binarydeb/ros-noetic-tf2-0.7.10/src/buffer_core.cpp
[FSM]: state: INIT
wait for goal.
[FSM]: state: INIT
wait for goal.
[FSM]: state: INIT
wait for goal.
[FSM]: state: INIT
wait for goal.
[FSM]: state: INIT
wait for goal.
[FSM]: state: INIT
wait for goal.
[FSM]: state: INIT
wait for goal.
Warning: TF_REPEATED_DATA ignoring data with redundant timestamp for frame sliding_map (parent world) at time 404.801000 according to authority /scan_planner_node
         at line 277 in /tmp/binarydeb/ros-noetic-tf2-0.7.10/src/buffer_core.cpp
[FSM]: state: INIT
wait for goal.
[FSM]: state: INIT
wait for goal.
[FSM]: state: INIT
wait for goal.
[FSM]: state: INIT
wait for goal.
[FSM]: state: INIT
wait for goal.
[FSM]: state: INIT
wait for goal.
Warning: TF_REPEATED_DATA ignoring data with redundant timestamp for frame sliding_map (parent world) at time 411.400000 according to authority /scan_planner_node
         at line 277 in /tmp/binarydeb/ros-noetic-tf2-0.7.10/src/buffer_core.cpp
[FSM]: state: INIT
wait for goal.
[FSM]: state: INIT
wait for goal.
Warning: TF_REPEATED_DATA ignoring data with redundant timestamp for frame sliding_map (parent world) at time 414.706000 according to authority /scan_planner_node
         at line 277 in /tmp/binarydeb/ros-noetic-tf2-0.7.10/src/buffer_core.cpp
Warning: TF_REPEATED_DATA ignoring data with redundant timestamp for frame sliding_map (parent world) at time 414.902000 according to authority /scan_planner_node
         at line 277 in /tmp/binarydeb/ros-noetic-tf2-0.7.10/src/buffer_core.cpp
[FSM]: state: INIT
wait for goal.
[FSM]: state: INIT
wait for goal.
[FSM]: state: INIT
wait for goal.
[FSM]: state: INIT
wait for goal.
[FSM]: state: INIT
wait for goal.
Warning: TF_REPEATED_DATA ignoring data with redundant timestamp for frame sliding_map (parent world) at time 419.899000 according to authority /scan_planner_node
         at line 277 in /tmp/binarydeb/ros-noetic-tf2-0.7.10/src/buffer_core.cpp
[FSM]: state: INIT
wait for goal.
[FSM]: state: INIT
wait for goal.
[FSM]: state: INIT
wait for goal.
[FSM]: state: INIT
wait for goal.
Warning: TF_REPEATED_DATA ignoring data with redundant timestamp for frame sliding_map (parent world) at time 424.501000 according to authority /scan_planner_node
         at line 277 in /tmp/binarydeb/ros-noetic-tf2-0.7.10/src/buffer_core.cpp
[FSM]: state: INIT
wait for goal.
[FSM]: state: INIT
wait for goal.
[FSM]: state: INIT
wait for goal.
[FSM]: state: INIT
wait for goal.
[FSM]: state: INIT
wait for goal.
[FSM]: state: INIT
wait for goal.
[FSM]: state: INIT
wait for goal.
[FSM]: state: INIT
wait for goal.
[INFO] [1788296023.962512271, 388.255000000]: RL locomotion_ready latched after 0.66 s takeover and 0.44 s stable hold
[INFO] [1788296025.148004025, 388.842000000]: RL policy input vx=0.000 vy=0.000 wz=1.150 action_rms=0.200 ready=1 userCmd=0 kbd=0 raw=0.000,0.000,1.150 grav=-0.01,0.01,-0.98
[INFO] [1788296028.702899640, 390.856000000]: RL policy input vx=0.000 vy=0.000 wz=0.176 action_rms=0.142 ready=1 userCmd=0 kbd=0 raw=0.000,0.000,0.176 grav=0.02,-0.01,-0.98
[INFO] [1788296032.094775588, 392.870000000]: RL policy input vx=0.322 vy=0.526 wz=1.125 action_rms=0.326 ready=1 userCmd=0 kbd=0 raw=0.322,0.526,1.125 grav=0.02,-0.02,-0.98
[INFO] [1788296035.260292767, 394.872000000]: RL policy input vx=2.240 vy=0.216 wz=0.106 action_rms=0.419 ready=1 userCmd=0 kbd=0 raw=2.240,0.216,0.106 grav=0.03,0.08,-0.98
[INFO] [1788296038.661394999, 396.880000000]: RL policy input vx=2.250 vy=0.004 wz=0.002 action_rms=0.338 ready=1 userCmd=0 kbd=0 raw=2.250,0.004,0.002 grav=0.03,0.04,-0.98
[INFO] [1788296041.847329932, 398.887000000]: RL policy input vx=2.249 vy=0.081 wz=0.040 action_rms=0.238 ready=1 userCmd=0 kbd=0 raw=2.249,0.081,0.040 grav=-0.01,-0.03,-0.98
[INFO] [1788296045.283723278, 400.888000000]: RL policy input vx=1.078 vy=0.149 wz=0.151 action_rms=0.240 ready=1 userCmd=0 kbd=0 raw=1.078,0.149,0.151 grav=0.09,-0.03,-0.98
[INFO] [1788296048.732591479, 402.909000000]: RL policy input vx=0.000 vy=0.000 wz=0.667 action_rms=0.220 ready=1 userCmd=0 kbd=0 raw=0.000,0.000,0.667 grav=0.02,-0.01,-0.98
[INFO] [1788296051.999823662, 404.909000000]: RL policy input vx=0.449 vy=0.000 wz=0.075 action_rms=0.188 ready=1 userCmd=0 kbd=0 raw=0.449,0.000,0.075 grav=-0.01,-0.01,-0.98
[INFO] [1788296055.586337117, 406.926000000]: RL policy input vx=0.450 vy=0.000 wz=0.004 action_rms=0.205 ready=1 userCmd=0 kbd=0 raw=0.450,0.000,0.004 grav=0.01,-0.02,-0.98
[INFO] [1788296059.398980166, 408.929000000]: RL policy input vx=2.137 vy=-0.182 wz=-0.094 action_rms=0.380 ready=1 userCmd=0 kbd=0 raw=2.137,-0.182,-0.094 grav=-0.09,-0.10,-0.97
[INFO] [1788296063.027407258, 410.931000000]: RL policy input vx=0.300 vy=-0.003 wz=-0.012 action_rms=0.261 ready=1 userCmd=0 kbd=0 raw=0.300,-0.003,-0.012 grav=0.02,-0.01,-0.98
[INFO] [1788296066.751195177, 412.942000000]: RL policy input vx=0.000 vy=0.000 wz=2.400 action_rms=0.355 ready=1 userCmd=0 kbd=0 raw=0.000,0.000,2.400 grav=0.01,0.01,-0.98
[INFO] [1788296070.779740210, 414.961000000]: RL policy input vx=0.236 vy=-0.450 wz=-1.150 action_rms=0.356 ready=1 userCmd=0 kbd=0 raw=0.236,-0.450,-1.150 grav=0.01,0.02,-0.98
[INFO] [1788296074.671839540, 416.980000000]: RL policy input vx=0.344 vy=-0.066 wz=-0.208 action_rms=0.189 ready=1 userCmd=0 kbd=0 raw=0.344,-0.066,-0.208 grav=0.04,-0.04,-0.98
[INFO] [1788296078.600545849, 418.987000000]: RL policy input vx=0.000 vy=0.000 wz=-2.400 action_rms=0.135 ready=1 userCmd=0 kbd=0 raw=0.000,0.000,-2.400 grav=0.01,0.03,-0.98
[INFO] [1788296082.454187700, 420.994000000]: RL policy input vx=1.017 vy=-0.291 wz=-0.307 action_rms=0.216 ready=1 userCmd=0 kbd=0 raw=1.017,-0.291,-0.307 grav=0.03,-0.04,-0.98
[INFO] [1788296086.215922459, 423.010000000]: RL policy input vx=0.000 vy=0.000 wz=-0.202 action_rms=0.146 ready=1 userCmd=0 kbd=0 raw=0.000,0.000,-0.202 grav=0.02,-0.02,-0.98
[INFO] [1788296089.644837168, 425.022000000]: RL policy input vx=0.449 vy=0.000 wz=-0.063 action_rms=0.298 ready=1 userCmd=0 kbd=0 raw=0.449,0.000,-0.063 grav=0.00,-0.02,-0.98
[INFO] [1788296093.256478920, 427.023000000]: RL policy input vx=0.298 vy=0.000 wz=-0.123 action_rms=0.158 ready=1 userCmd=0 kbd=0 raw=0.298,0.000,-0.123 grav=0.01,-0.01,-0.98
[INFO] [1788296096.895234241, 429.036000000]: RL policy input vx=0.450 vy=0.000 wz=0.013 action_rms=0.254 ready=1 userCmd=0 kbd=0 raw=0.450,0.000,0.013 grav=0.01,-0.02,-0.98
[INFO] [1788296100.614387498, 431.042000000]: RL policy input vx=0.450 vy=0.000 wz=-0.014 action_rms=0.164 ready=1 userCmd=0 kbd=0 raw=0.450,0.000,-0.014 grav=0.01,-0.02,-0.98
[INFO] [1788296104.185569204, 433.051000000]: RL policy input vx=2.140 vy=0.140 wz=0.072 action_rms=0.452 ready=1 userCmd[FSM]: state: INIT
wait for goal.
[FSM]: state: INIT
wait for goal.
Warning: TF_REPEATED_DATA ignoring data with redundant timestamp for frame sliding_map (parent world) at time 435.600000 according to authority /scan_planner_node
         at line 277 in /tmp/binarydeb/ros-noetic-tf2-0.7.10/src/buffer_core.cpp
[FSM]: state: INIT
wait for goal.
[FSM]: state: INIT
wait for goal.
Warning: TF_REPEATED_DATA ignoring data with redundant timestamp for frame sliding_map (parent world) at time 438.003000 according to authority /scan_planner_node
         at line 277 in /tmp/binarydeb/ros-noetic-tf2-0.7.10/src/buffer_core.cpp
[FSM]: state: INIT
wait for goal.
[FSM]: state: INIT
wait for goal.
[FSM]: state: INIT
wait for goal.
[FSM]: state: INIT
wait for goal.
[FSM]: state: INIT
wait for goal.
[FSM]: state: INIT
wait for goal.
Warning: TF_REPEATED_DATA ignoring data with redundant timestamp for frame sliding_map (parent world) at time 445.201000 according to authority /scan_planner_node
         at line 277 in /tmp/binarydeb/ros-noetic-tf2-0.7.10/src/buffer_core.cpp
Warning: TF_REPEATED_DATA ignoring data with redundant timestamp for frame sliding_map (parent world) at time 445.900000 according to authority /scan_planner_node
         at line 277 in /tmp/binarydeb/ros-noetic-tf2-0.7.10/src/buffer_core.cpp
[FSM]: state: INIT
wait for goal.
[FSM]: state: INIT
wait for goal.
[FSM]: state: INIT
wait for goal.
[FSM]: state: INIT
wait for goal.
[FSM]: state: INIT
wait for goal.
[FSM]: state: INIT
wait for goal.
[FSM]: state: INIT
wait for goal.
[FSM]: state: INIT
wait for goal.
[FSM]: state: INIT
wait for goal.
[FSM]: state: INIT
wait for goal.
Warning: TF_REPEATED_DATA ignoring data with redundant timestamp for frame sliding_map (parent world) at time 456.299000 according to authority /scan_planner_node
         at line 277 in /tmp/binarydeb/ros-noetic-tf2-0.7.10/src/buffer_core.cpp
[FSM]: state: INIT
wait for goal.
[FSM]: state: INIT
wait for goal.
[FSM]: state: INIT
wait for goal.
[FSM]: state: INIT
wait for goal.
[FSM]: state: INIT
wait for goal.
[FSM]: state: INIT
wait for goal.
[FSM]: state: INIT
wait for goal.
[FSM]: state: INIT
wait for goal.
[FSM]: state: INIT
wait for goal.
[FSM]: state: INIT
wait for goal.
[FSM]: state: INIT
wait for goal.
[FSM]: state: INIT
wait for goal.
[FSM]: state: INIT
wait for goal.
[FSM]: state: INIT
wait for goal.
[FSM]: state: INIT
wait for goal.
[FSM]: state: INIT
wait for goal.
[FSM]: state: INIT
wait for goal.
[FSM]: state: INIT
wait for goal.
[FSM]: state: INIT
wait for goal.
[FSM]: state: INIT
wait for goal.
[FSM]: state: INIT
wait for goal.
Warning: TF_REPEATED_DATA ignoring data with redundant timestamp for frame sliding_map (parent world) at time 479.799000 according to authority /scan_planner_node
         at line 277 in /tmp/binarydeb/ros-noetic-tf2-0.7.10/src/buffer_core.cpp
[FSM]: state: INIT
wait for goal.
=0 kbd=0 raw=2.140,0.140,0.072 grav=-0.01,0.07,-0.98
[INFO] [1788296108.010924807, 435.058000000]: RL policy input vx=0.543 vy=0.023 wz=0.046 action_rms=0.120 ready=1 userCmd=0 kbd=0 raw=0.543,0.023,0.046 grav=0.03,-0.03,-0.98
[INFO] [1788296111.731162273, 437.065000000]: RL policy input vx=0.000 vy=0.000 wz=-2.400 action_rms=0.168 ready=1 userCmd=0 kbd=0 raw=0.000,0.000,-2.400 grav=0.01,0.03,-0.98
[INFO] [1788296115.968397238, 439.077000000]: RL policy input vx=0.099 vy=0.450 wz=1.150 action_rms=0.194 ready=1 userCmd=0 kbd=0 raw=0.099,0.450,1.150 grav=0.02,-0.01,-0.98
[INFO] [1788296120.134254222, 441.077000000]: RL policy input vx=0.556 vy=0.117 wz=0.228 action_rms=0.241 ready=1 userCmd=0 kbd=0 raw=0.556,0.117,0.228 grav=0.03,0.01,-0.98
[INFO] [1788296124.181502140, 443.092000000]: RL policy input vx=0.000 vy=0.000 wz=2.400 action_rms=0.308 ready=1 userCmd=0 kbd=0 raw=0.000,0.000,2.400 grav=0.01,-0.00,-0.98
[INFO] [1788296128.008824980, 445.107000000]: RL policy input vx=1.649 vy=0.750 wz=0.469 action_rms=0.396 ready=1 userCmd=0 kbd=0 raw=1.649,0.750,0.469 grav=-0.02,0.03,-0.98
[INFO] [1788296131.841017962, 447.109000000]: RL policy input vx=0.298 vy=0.033 wz=0.120 action_rms=0.187 ready=1 userCmd=0 kbd=0 raw=0.298,0.033,0.120 grav=0.02,-0.00,-0.98
[INFO] [1788296135.465860885, 449.114000000]: RL policy input vx=0.450 vy=0.000 wz=0.035 action_rms=0.200 ready=1 userCmd=0 kbd=0 raw=0.450,0.000,0.035 grav=0.01,-0.03,-0.98
[INFO] [1788296139.254415092, 451.122000000]: RL policy input vx=0.399 vy=0.000 wz=-0.021 action_rms=0.233 ready=1 userCmd=0 kbd=0 raw=0.399,0.000,-0.021 grav=0.01,-0.02,-0.98
[INFO] [1788296142.594525738, 453.130000000]: RL policy input vx=0.885 vy=-0.750 wz=-0.773 action_rms=0.183 ready=1 userCmd=0 kbd=0 raw=0.885,-0.750,-0.773 grav=-0.04,0.01,-0.98
[INFO] [1788296145.848800295, 455.134000000]: RL policy input vx=2.227 vy=-0.322 wz=-0.158 action_rms=0.316 ready=1 userCmd=0 kbd=0 raw=2.227,-0.322,-0.158 grav=0.01,-0.00,-0.98
[INFO] [1788296149.160478697, 457.139000000]: RL policy input vx=2.250 vy=0.015 wz=0.008 action_rms=0.274 ready=1 userCmd=0 kbd=0 raw=2.250,0.015,0.008 grav=0.00,-0.08,-0.98
[INFO] [1788296152.265952624, 459.144000000]: RL policy input vx=2.249 vy=0.077 wz=0.038 action_rms=0.326 ready=1 userCmd=0 kbd=0 raw=2.249,0.077,0.038 grav=-0.01,-0.01,-0.98
[INFO] [1788296155.522590852, 461.145000000]: RL policy input vx=0.730 vy=0.059 wz=0.088 action_rms=0.188 ready=1 userCmd=0 kbd=0 raw=0.730,0.059,0.088 grav=0.04,-0.05,-0.98
[INFO] [1788296158.931427473, 463.156000000]: RL policy input vx=0.000 vy=0.000 wz=0.450 action_rms=0.157 ready=1 userCmd=0 kbd=0 raw=0.000,0.000,0.450 grav=0.02,-0.02,-0.98
[INFO] [1788296162.555154567, 465.174000000]: RL policy input vx=0.449 vy=0.000 wz=0.061 action_rms=0.161 ready=1 userCmd=0 kbd=0 raw=0.449,0.000,0.061 grav=0.01,-0.01,-0.98
[INFO] [1788296165.984301868, 467.180000000]: RL policy input vx=0.450 vy=0.000 wz=-0.001 action_rms=0.278 ready=1 userCmd=0 kbd=0 raw=0.450,0.000,-0.001 grav=0.01,-0.02,-0.98
[INFO] [1788296169.608167394, 469.197000000]: RL policy input vx=2.097 vy=-0.453 wz=-0.234 action_rms=0.291 ready=1 userCmd=0 kbd=0 raw=2.097,-0.453,-0.234 grav=-0.03,-0.04,-0.98
[INFO] [1788296173.033897871, 471.209000000]: RL policy input vx=0.305 vy=-0.005 wz=-0.018 action_rms=0.274 ready=1 userCmd=0 kbd=0 raw=0.305,-0.005,-0.018 grav=0.05,-0.02,-0.98
[INFO] [1788296176.518996353, 473.218000000]: RL policy input vx=0.000 vy=0.000 wz=2.400 action_rms=0.365 ready=1 userCmd=0 kbd=0 raw=0.000,0.000,2.400 grav=0.02,0.01,-0.98
[INFO] [1788296180.190337382, 475.220000000]: RL policy input vx=0.243 vy=-0.450 wz=-1.150 action_rms=0.185 ready=1 userCmd=0 kbd=0 raw=0.243,-0.450,-1.150 grav=-0.03,0.02,-0.98
[INFO] [1788296184.094882636, 477.234000000]: RL policy input vx=0.564 vy=-0.118 wz=-0.226 action_rms=0.321 ready=1 userCmd=0 kbd=0 raw=0.564,-0.118,-0.226 grav=0.03,-0.06,-0.98
[INFO] [1788296188.395248231, 479.234000000]: RL policy input vx=0.000 vy=0.000 wz=-2.400 action_rms=0.323 ready=1 userCmd=0 kbd=0 raw=0.000,0.000,-2.400 grav=0.00,-0.00,-0.98
[INFO] [17[FSM]: state: INIT
wait for goal.
[FSM]: state: INIT
wait for goal.
[FSM]: state: INIT
wait for goal.
[FSM]: state: INIT
wait for goal.
[FSM]: state: INIT
wait for goal.
[FSM]: state: INIT
wait for goal.
[FSM]: state: INIT
wait for goal.
[FSM]: state: INIT
wait for goal.
Warning: TF_REPEATED_DATA ignoring data with redundant timestamp for frame sliding_map (parent world) at time 490.708000 according to authority /scan_planner_node
         at line 277 in /tmp/binarydeb/ros-noetic-tf2-0.7.10/src/buffer_core.cpp
[FSM]: state: INIT
wait for goal.
[FSM]: state: INIT
wait for goal.
[FSM]: state: INIT
wait for goal.
[FSM]: state: INIT
wait for goal.
[FSM]: state: INIT
wait for goal.
[FSM]: state: INIT
wait for goal.
Warning: TF_REPEATED_DATA ignoring data with redundant timestamp for frame sliding_map (parent world) at time 496.999000 according to authority /scan_planner_node
         at line 277 in /tmp/binarydeb/ros-noetic-tf2-0.7.10/src/buffer_core.cpp
[FSM]: state: INIT
wait for goal.
Warning: TF_REPEATED_DATA ignoring data with redundant timestamp for frame sliding_map (parent world) at time 498.600000 according to authority /scan_planner_node
         at line 277 in /tmp/binarydeb/ros-noetic-tf2-0.7.10/src/buffer_core.cpp
[FSM]: state: INIT
wait for goal.
[FSM]: state: INIT
wait for goal.
[FSM]: state: INIT
wait for goal.
[FSM]: state: INIT
wait for goal.
[FSM]: state: INIT
wait for goal.
[FSM]: state: INIT
wait for goal.
[FSM]: state: INIT
wait for goal.
[FSM]: state: INIT
wait for goal.
[FSM]: state: INIT
wait for goal.
[FSM]: state: INIT
wait for goal.
[FSM]: state: INIT
wait for goal.
[FSM]: state: INIT
wait for goal.
[FSM]: state: INIT
wait for goal.
[FSM]: state: INIT
wait for goal.
[FSM]: state: INIT
wait for goal.
[FSM]: state: INIT
wait for goal.
[FSM]: state: INIT
wait for goal.
[FSM]: state: INIT
wait for goal.
[FSM]: state: INIT
wait for goal.
[FSM]: state: INIT
wait for goal.
[FSM]: state: INIT
wait for goal.
[FSM]: state: INIT
wait for goal.
[FSM]: state: INIT
wait for goal.
[FSM]: state: INIT
wait for goal.
[FSM]: state: INIT
wait for goal.
[WARN] [1788296277.347531320, 526.131000000]: Plane tilt guard scaling cmd_vel by 0.81 at tilt 0.223 rad
[FSM]: state: INIT
wait for goal.
88296192.137246655, 481.238000000]: RL policy input vx=0.836 vy=-0.750 wz=-0.804 action_rms=0.204 ready=1 userCmd=0 kbd=0 raw=0.836,-0.750,-0.804 grav=-0.04,-0.00,-0.98
[INFO] [1788296196.128035033, 483.251000000]: RL policy input vx=0.293 vy=-0.063 wz=-0.234 action_rms=0.163 ready=1 userCmd=0 kbd=0 raw=0.293,-0.063,-0.234 grav=0.02,-0.01,-0.98
[INFO] [1788296199.906800375, 485.269000000]: RL policy input vx=0.448 vy=0.000 wz=0.094 action_rms=0.246 ready=1 userCmd=0 kbd=0 raw=0.448,0.000,0.094 grav=-0.01,-0.00,-0.98
[INFO] [1788296203.543626950, 487.271000000]: RL policy input vx=0.450 vy=0.000 wz=0.016 action_rms=0.158 ready=1 userCmd=0 kbd=0 raw=0.450,0.000,0.016 grav=0.01,-0.02,-0.98
[INFO] [1788296207.380042491, 489.275000000]: RL policy input vx=0.570 vy=-0.023 wz=-0.045 action_rms=0.354 ready=1 userCmd=0 kbd=0 raw=0.570,-0.023,-0.045 grav=0.00,-0.01,-0.98
[INFO] [1788296211.021875055, 491.287000000]: RL policy input vx=0.450 vy=0.000 wz=-0.004 action_rms=0.156 ready=1 userCmd=0 kbd=0 raw=0.450,0.000,-0.004 grav=0.01,-0.02,-0.98
[INFO] [1788296214.469527812, 493.294000000]: RL policy input vx=0.414 vy=0.000 wz=-0.040 action_rms=0.282 ready=1 userCmd=0 kbd=0 raw=0.414,0.000,-0.040 grav=0.01,-0.02,-0.98
[INFO] [1788296217.996349794, 495.312000000]: RL policy input vx=1.745 vy=0.106 wz=0.067 action_rms=0.201 ready=1 userCmd=0 kbd=0 raw=1.745,0.106,0.067 grav=0.01,-0.08,-0.98
[INFO] [1788296221.565013936, 497.332000000]: RL policy input vx=0.222 vy=0.000 wz=0.000 action_rms=0.150 ready=1 userCmd=0 kbd=0 raw=0.222,0.000,0.000 grav=0.02,-0.02,-0.98
[INFO] [1788296225.274513627, 499.337000000]: RL policy input vx=0.000 vy=0.000 wz=-2.195 action_rms=0.168 ready=1 userCmd=0 kbd=0 raw=0.000,0.000,-2.195 grav=0.01,0.02,-0.98
[INFO] [1788296229.163870383, 501.351000000]: RL policy input vx=1.062 vy=0.750 wz=0.676 action_rms=0.196 ready=1 userCmd=0 kbd=0 raw=1.062,0.750,0.676 grav=-0.04,0.04,-0.98
[INFO] [1788296233.471824511, 503.354000000]: RL policy input vx=0.113 vy=0.000 wz=0.000 action_rms=0.173 ready=1 userCmd=0 kbd=0 raw=0.113,0.000,0.000 grav=0.02,-0.01,-0.98
[INFO] [1788296237.488464755, 505.365000000]: RL policy input vx=0.000 vy=0.000 wz=2.198 action_rms=0.424 ready=1 userCmd=0 kbd=0 raw=0.000,0.000,2.198 grav=0.00,0.00,-0.98
[INFO] [1788296241.459802277, 507.378000000]: RL policy input vx=0.670 vy=0.144 wz=0.233 action_rms=0.175 ready=1 userCmd=0 kbd=0 raw=0.670,0.144,0.233 grav=0.03,-0.00,-0.98
[INFO] [1788296245.238041277, 509.385000000]: RL policy input vx=0.448 vy=0.000 wz=0.100 action_rms=0.242 ready=1 userCmd=0 kbd=0 raw=0.448,0.000,0.100 grav=-0.00,-0.03,-0.98
[INFO] [1788296248.994874919, 511.402000000]: RL policy input vx=0.450 vy=0.000 wz=-0.003 action_rms=0.158 ready=1 userCmd=0 kbd=0 raw=0.450,0.000,-0.003 grav=0.01,-0.02,-0.98
[INFO] [1788296252.695629848, 513.422000000]: RL policy input vx=0.125 vy=0.450 wz=1.150 action_rms=0.187 ready=1 userCmd=0 kbd=0 raw=0.125,0.450,1.150 grav=0.03,-0.04,-0.98
[INFO] [1788296256.939441795, 515.437000000]: RL policy input vx=2.229 vy=0.304 wz=0.149 action_rms=0.283 ready=1 userCmd=0 kbd=0 raw=2.229,0.304,0.149 grav=-0.06,-0.06,-0.98
[INFO] [1788296261.137616570, 517.449000000]: RL policy input vx=2.248 vy=-0.090 wz=-0.044 action_rms=0.461 ready=1 userCmd=0 kbd=0 raw=2.248,-0.090,-0.044 grav=0.03,0.04,-0.98
[INFO] [1788296265.000299179, 519.456000000]: RL policy input vx=2.250 vy=-0.028 wz=-0.013 action_rms=0.409 ready=1 userCmd=0 kbd=0 raw=2.250,-0.028,-0.013 grav=-0.00,-0.05,-0.98
[INFO] [1788296268.719108789, 521.459000000]: RL policy input vx=2.250 vy=0.042 wz=0.021 action_rms=0.347 ready=1 userCmd=0 kbd=0 raw=2.250,0.042,0.021 grav=0.03,0.04,-0.98
[INFO] [1788296272.346931136, 523.460000000]: RL policy input vx=2.250 vy=-0.046 wz=-0.022 action_rms=0.238 ready=1 userCmd=0 kbd=0 raw=2.250,-0.046,-0.022 grav=0.00,0.02,-0.98
[INFO] [1788296276.062492672, 525.463000000]: RL policy input vx=0.587 vy=0.041 wz=0.076 action_rms=0.316 ready=1 userCmd=0 kbd=0 raw=0.587,0.041,0.076 grav=0.05,-0.03,-0.98
[INFO] [1788296279.896057680, 527.474000000]: RL policy input vx=2.247 v[FSM]: state: INIT
wait for goal.
[FSM]: state: INIT
wait for goal.
[FSM]: state: INIT
wait for goal.
Warning: TF_REPEATED_DATA ignoring data with redundant timestamp for frame sliding_map (parent world) at time 530.299000 according to authority /scan_planner_node
         at line 277 in /tmp/binarydeb/ros-noetic-tf2-0.7.10/src/buffer_core.cpp
[FSM]: state: INIT
wait for goal.
[FSM]: state: INIT
wait for goal.
[FSM]: state: INIT
wait for goal.
[FSM]: state: INIT
wait for goal.
[FSM]: state: INIT
wait for goal.
y=0.112 wz=0.055 action_rms=0.377 ready=1 userCmd=0 kbd=0 raw=2.247,0.112,0.055 grav=0.01,0.00,-0.98
[INFO] [1788296283.429309157, 529.484000000]: RL policy input vx=1.068 vy=0.213 wz=0.216 action_rms=0.152 ready=1 userCmd=0 kbd=0 raw=1.068,0.213,0.216 grav=0.03,-0.03,-0.98
[INFO] [1788296286.804180160, 531.503000000]: RL policy input vx=1.190 vy=-0.514 wz=-0.449 action_rms=0.400 ready=1 userCmd=0 kbd=0 raw=1.190,-0.514,-0.449 grav=-0.01,-0.03,-0.98
[INFO] [1788296290.496138328, 533.513000000]: RL policy input vx=0.000 vy=0.000 wz=-1.150 action_rms=0.126 ready=1 userCmd=0 kbd=0 raw=0.000,0.000,-1.150 grav=0.03,-0.01,-0.98
[INFO] [1788296294.731625973, 535.528000000]: RL policy input vx=0.000 vy=0.000 wz=0.000 action_rms=0.156 ready=1 userCmd=0 kbd=0 raw=0.000,0.000,0.000 grav=0.00,-0.00,-0.98
Switched from RL to fixed stand
infer_thread退出!
[WARN] [1788296296.794508145, 536.512000000]: Using one-shot captured-pose FixedStand profile: ramp 0.50 s, settle 0.00 s, ready after 0.50 s + 0.50 s stable, minimum gain 0.75
[INFO] Using /stand_target_joints param stance.
[FSM]: state: INIT
wait for goal.
Switched from fixed stand to RL
[INFO] Entered RL /cmd_vel mode.
[WARN] [1788296298.526546319, 537.245000000]: Using one-shot stair RL takeover profile: blend 0.75 s, zero hold 0.25 s
cuda::is_available():1
RL inference device: cuda (requested=hybrid, policy=stair)
[INFO] RL policy activated from preload cache at FixedStand entry boundary: /workspace/SimEnv/src/unitree_guide/logs/policy_act_inference_stair.pt
[FSM]: state: INIT
wait for goal.
[FSM]: state: INIT
wait for goal.
[FSM]: state: INIT
wait for goal.
[FSM]: state: INIT
wait for goal.
[FSM]: state: INIT
wait for goal.
[FSM]: state: INIT
wait for goal.
[FSM]: state: INIT
wait for goal.
[FSM]: state: INIT
wait for goal.
[FSM]: state: INIT
wait for goal.
[FSM]: state: INIT
wait for goal.
[FSM]: state: INIT
wait for goal.
[FSM]: state: INIT
wait for goal.
[FSM]: state: INIT
wait for goal.
[FSM]: state: INIT
wait for goal.
[FSM]: state: INIT
wait for goal.
[FSM]: state: INIT
wait for goal.
[FSM]: state: INIT
wait for goal.
[FSM]: state: INIT
wait for goal.
[FSM]: state: INIT
wait for goal.
[FSM]: state: INIT
wait for goal.
[FSM]: state: INIT
wait for goal.
[FSM]: state: INIT
wait for goal.
[FSM]: state: INIT
wait for goal.
[FSM]: state: INIT
wait for goal.
[FSM]: state: INIT
wait for goal.
[FSM]: state: INIT
wait for goal.
[FSM]: state: INIT
wait for goal.
[FSM]: state: INIT
wait for goal.
[FSM]: state: INIT
wait for goal.
[FSM]: state: INIT
wait for goal.
[FSM]: state: INIT
wait for goal.
[FSM]: state: INIT
wait for goal.
[FSM]: state: INIT
wait for goal.
[FSM]: state: INIT
wait for goal.
[FSM]: state: INIT
wait for goal.
[INFO] [1788296294.873382, 535.614000]: DSTPUB phase=STAIR_DESCENT_PRE_ALIGN world=(0.300,0.000,-0.171) body=(-0.057,-0.295,-0.171) truth_z=5.514 drop=0.000 pitch=0.0deg seg=0
[INFO] [1788296296.192480, 536.219000]: Descent policy boundary captured joint RMS 0.131.
[INFO] [1788296296.326172, 536.287000]: Descent plane gait settled; entering FixedStand before the stair-policy load.
[INFO] [1788296298.249695, 537.123000]: Descent FixedStand is ready; stair policy queued.
[INFO] [1788296298.501850, 537.222000]: Descent stair policy queued under FixedStand; requesting fresh stair-RL entry.
[INFO] [1788296300.963150, 538.301000]: Descent stair RL fresh readiness confirmed; warming up 0.8 s.
[INFO] [1788296301.932681, 538.759000]: Descent FLIGHT_B start: z=5.513 drop gate 1.05 m.
[INFO] [1788296301.965737, 538.790000]: DSTPUB phase=STAIR_DESCENT_FLIGHT_B world=(-0.091,0.542,-0.071) body=(0.550,-0.000,-0.071) truth_z=5.513 drop=0.000 pitch=0.0deg seg=0
[INFO] [1788296304.049557, 539.802000]: DSTPUB phase=STAIR_DESCENT_FLIGHT_B world=(-0.070,0.546,-0.081) body=(0.550,0.000,-0.081) truth_z=5.513 drop=-0.001 pitch=0.0deg seg=0
[INFO] [1788296306.198675, 540.815000]: DSTPUB phase=STAIR_DESCENT_FLIGHT_B world=(-0.048,0.548,-0.081) body=(0.550,0.000,-0.081) truth_z=5.372 drop=0.141 pitch=0.0deg seg=22
[INFO] [1788296308.556192, 541.837000]: DSTPUB phase=STAIR_DESCENT_FLIGHT_B world=(-0.065,0.783,-0.081) body=(0.785,0.000,-0.081) truth_z=5.079 drop=0.434 pitch=0.0deg seg=26
[INFO] [1788296310.776570, 542.856000]: DSTPUB phase=STAIR_DESCENT_FLIGHT_B world=(-0.035,0.499,-0.088) body=(0.500,0.000,-0.088) truth_z=4.861 drop=0.651 pitch=0.0deg seg=23
[INFO] [1788296312.990000, 543.897000]: DSTPUB phase=STAIR_DESCENT_FLIGHT_B world=(-0.000,0.500,-0.050) body=(0.500,0.000,-0.050) truth_z=4.638 drop=0.874 pitch=0.0deg seg=28
[INFO] [1788296315.025443, 544.910000]: DSTPUB phase=STAIR_DESCENT_FLIGHT_B world=(0.014,0.500,-0.034) body=(0.500,0.000,-0.034) truth_z=4.482 drop=1.031 pitch=0.0deg seg=20
[INFO] [1788296317.047853, 545.911000]: DSTPUB phase=STAIR_DESCENT_FLIGHT_B world=(0.011,0.500,-0.037) body=(0.500,0.000,-0.037) truth_z=4.282 drop=1.231 pitch=0.0deg seg=31
[INFO] [1788296319.025739, 546.913000]: DSTPUB phase=STAIR_DESCENT_FLIGHT_B world=(0.008,0.500,-0.041) body=(0.500,0.000,-0.041) truth_z=4.194 drop=1.318 pitch=0.0deg seg=8
[INFO] [1788296319.386917, 547.098000]: Flight-B descent complete: drop=1.30 m y=5.05; starting landing turn.
[INFO] [1788296322.451015, 548.611000]: DSTPUB phase=STAIR_DESCENT_TURN world=(-0.400,0.000,0.968) body=(-0.001,0.400,0.968) truth_z=4.216 drop=1.296 pitch=0.0deg seg=-1
[INFO] [1788296324.308038, 549.653000]: DSTPUB phase=STAIR_DESCENT_TURN world=(-0.400,0.000,1.200) body=(0.360,0.175,1.200) truth_z=4.210 drop=1.302 pitch=0.0deg seg=0
[INFO] [1788296326.200689, 550.655000]: DSTPUB phase=STAIR_DESCENT_TURN world=(-0.400,0.000,0.887) body=(0.289,-0.277,0.887) truth_z=4.219 drop=1.293 pitch=0.0deg seg=0
[INFO] [1788296328.033490, 551.675000]: DSTPUB phase=STAIR_DESCENT_TURN world=(-0.372,0.000,0.340) body=(0.077,-0.364,0.340) truth_z=4.217 drop=1.296 pitch=0.0deg seg=0
[INFO] [1788296328.192508, 551.757000]: Descent landing heading captured at error 0.178 rad; using shortest-path hold while x aligns.
[INFO] [1788296330.083469, 552.697000]: DSTPUB phase=STAIR_DESCENT_TURN world=(-0.300,0.016,0.035) body=(-0.006,-0.300,0.035) truth_z=4.212 drop=1.301 pitch=0.0deg seg=0
[INFO] [1788296330.765706, 553.068000]: Descent FLIGHT_A start: z=5.513 drop gate 2.45 m.
[INFO] [1788296330.824664, 553.113000]: Descent landing aligned: x err=-0.113 m, heading err=0.009 rad; starting flight A.
[INFO] [1788296331.862513, 553.703000]: DSTPUB phase=STAIR_DESCENT_FLIGHT_A world=(0.013,-0.550,0.023) body=(0.550,0.000,0.023) truth_z=4.216 drop=1.297 pitch=0.0deg seg=0
[INFO] [1788296333.773466, 554.713000]: DSTPUB phase=STAIR_DESCENT_FLIGHT_A world=(0.022,-0.607,-0.014) body=(0.608,0.000,-0.014) truth_z=3.969 drop=1.543 pitch=0.0deg seg=25
[INFO] [1788296335.832802, 555.728000]: DSTPUB phase=STAIR_DESCENT_FLIGHT_A world=(-0.003,-0.800,-0.020) body=(0.800,-0.000,-0.020) truth_z=3.698 drop=1.814 pitch=0.0deg seg=23
[INFO] [1788296337.746356, 556.731000]: DSTPUB phase=STAIR_DESCENT_FLIGHT_A world=(-0.025,-0.549,-0.009) body=(0.550,0.000,-0.009) truth_z=3.411 drop=2.102 pitch=0.0deg seg=28
[INFO] [1788296339.713338, 557.734000]: DSTPUB phase=STAIR_DESCENT_FLIGHT_A world=(-0.049,-0.598,0.011) body=(0.600,0.000,0.011) truth_z=3.192 drop=2.320 pitch=0.0deg seg=23
[INFO] [1788296341.604900, 558.749000]: DSTPUB phase=STAIR_DESCENT_FLIGHT_A world=(-0.055,-0.547,0.035) body=(0.550,0.000,0.035) truth_z=2.989 drop=2.523 pitch=0.0deg seg=28
[INFO] [1788296343.638815, 559.769000]: Segment 1 (F3->F2) complete: drop=2.61 m, elapsed 49.0 s; turning on F2 landing for segment 2.
[INFO] [1788296346.539746, 561.297000]: DSTPUB phase=STAIR_DESCENT_SEGMENT_TURN world=(0.283,0.283,0.000) body=(-0.279,0.287,0.000) truth_z=2.914 drop=0.000 pitch=1.0deg seg=-1
[INFO] [1788296347.441211, 561.763000]: Segment turn aligned (x err=0.152 m, y=1.703 in band [1.70, 1.95]); starting 180 deg turn.
[INFO] [1788296348.396818, 562.299000]: DSTPUB phase=STAIR_DESCENT_SEGMENT_TURN world=(-0.242,0.042,-0.602) body=(-0.016,-0.245,-0.602) truth_z=2.917 drop=0.000 pitch=1.0deg seg=-1
[INFO] [1788296350.217808, 563.316000]: DSTPUB phase=STAIR_DESCENT_SEGMENT_TURN world=(-0.101,0.251,-1.000) body=(-0.132,-0.236,-1.000) truth_z=2.940 drop=0.000 pitch=1.0deg seg=2
[INFO] [1788296351.945396, 564.336000]: DSTPUB phase=STAIR_DESCENT_SEGMENT_TURN world=(0.300,0.000,0.000) body=(-0.226,0.197,0.000) truth_z=2.914 drop=0.000 pitch=1.0deg seg=0
[INFO] [1788296352.343471, 564.579000]: Segment turn aligned (x err=0.158 m, y=1.760 in band [1.70, 1.95]); starting 180 deg turn.
[INFO] [1788296353.675029, 565.352000]: DSTPUB phase=STAIR_DESCENT_SEGMENT_TURN world=(0.064,0.395,-1.000) body=(-0.114,-0.383,-1.000) truth_z=2.925 drop=0.000 pitch=1.0deg seg=-2
[INFO] [1788296355.449214, 566.381000]: DSTPUB phase=STAIR_DESCENT_SEGMENT_TURN world=(0.283,0.270,-1.000) body=(0.008,-0.392,-1.000) truth_z=2.932 drop=0.000 pitch=1.0deg seg=-2
[INFO] [1788296356.765349, 567.078000]: Segment turn complete; standing before descent segment 2.
[INFO] [1788296357.057560, 567.221000]: East-align to flight-b center x=-2.48 before segment 2 flight-b (x=-3.55).
[INFO] [1788296357.086830, 567.245000]: East-align south done (y=1.899); moving east to x=-2.48.
[INFO] [1788296357.382250, 567.386000]: DSTPUB phase=STAIR_DESCENT_EAST_ALIGN world=(0.400,-0.019,-0.274) body=(-0.073,-0.393,-0.274) truth_z=2.921 drop=0.000 pitch=1.0deg seg=-1
[INFO] [1788296359.662212, 568.390000]: DSTPUB phase=STAIR_DESCENT_EAST_ALIGN world=(0.400,0.013,0.000) body=(-0.017,-0.400,0.000) truth_z=2.915 drop=0.000 pitch=1.0deg seg=0
[INFO] [1788296361.976903, 569.414000]: DSTPUB phase=STAIR_DESCENT_EAST_ALIGN world=(0.400,-0.004,0.000) body=(-0.035,-0.398,0.000) truth_z=2.915 drop=0.000 pitch=1.0deg seg=0
[INFO] [1788296364.351124, 570.421000]: DSTPUB phase=STAIR_DESCENT_EAST_ALIGN world=(0.300,-0.012,0.000) body=(-0.034,-0.298,0.000) truth_z=2.914 drop=0.000 pitch=1.0deg seg=0
[INFO] [1788296366.065440, 571.198000]: East-align complete (x=-2.640, y=1.869); starting segment-2 flight-b.
[INFO] [1788296366.077702, 571.198000]: Descent FLIGHT_B start: z=2.911 drop gate 1.05 m.
[INFO] [1788296366.616388, 571.434000]: DSTPUB phase=STAIR_DESCENT_FLIGHT_B world=(-0.039,0.549,-0.028) body=(0.550,0.000,-0.028) truth_z=2.917 drop=-0.006 pitch=1.0deg seg=0
[INFO] [1788296368.930970, 572.439000]: DSTPUB phase=STAIR_DESCENT_FLIGHT_B world=(-0.052,0.548,-0.055) body=(0.550,0.000,-0.055) truth_z=2.792 drop=0.119 pitch=1.0deg seg=21
[INFO] [1788296371.384427, 573.478000]: DSTPUB phase=STAIR_DESCENT_FLIGHT_B world=(-0.001,0.728,-0.032) body=(0.728,-0.000,-0.032) truth_z=2.539 drop=0.372 pitch=1.0deg seg=19
[INFO] [1788296373.888812, 574.496000]: DSTPUB phase=STAIR_DESCENT_FLIGHT_B world=(0.006,0.800,-0.027) body=(0.800,0.000,-0.027) truth_z=2.221 drop=0.690 pitch=1.0deg seg=26
[FSM]: state: INIT
wait for goal.
[FSM]: state: INIT
wait for goal.
[FSM]: state: INIT
wait for goal.
[FSM]: state: INIT
wait for goal.
[FSM]: state: INIT
wait for goal.
[FSM]: state: INIT
wait for goal.
[INFO] [1788296299.236450664, 537.542000000]: RL policy input vx=0.000 vy=0.000 wz=0.000 action_rms=0.156 ready=0 userCmd=0 kbd=0 raw=0.000,0.000,0.000 grav=0.00,-0.00,-0.98
[INFO] [1788296300.840402915, 538.251000000]: RL locomotion_ready latched after 1.01 s takeover and 0.99 s stable hold
[INFO] [1788296303.555207875, 539.561000000]: RL policy input vx=0.550 vy=0.000 wz=-0.077 action_rms=0.166 ready=1 userCmd=0 kbd=0 raw=0.550,0.000,-0.077 grav=-0.01,0.02,-0.98
[INFO] [1788296307.881256190, 541.563000000]: RL policy input vx=0.708 vy=0.000 wz=-0.083 action_rms=0.265 ready=1 userCmd=0 kbd=0 raw=0.708,0.000,-0.083 grav=0.40,0.05,-0.89
[INFO] [1788296312.283208670, 543.566000000]: RL policy input vx=0.500 vy=0.000 wz=-0.047 action_rms=0.288 ready=1 userCmd=0 kbd=0 raw=0.500,0.000,-0.047 grav=0.41,0.08,-0.89
[INFO] [1788296316.364583125, 545.584000000]: RL policy input vx=0.500 vy=0.000 wz=-0.020 action_rms=0.249 ready=1 userCmd=0 kbd=0 raw=0.500,0.000,-0.020 grav=0.36,0.03,-0.91
[INFO] [1788296320.291135356, 547.596000000]: RL policy input vx=0.000 vy=0.000 wz=0.000 action_rms=0.148 ready=1 userCmd=0 kbd=0 raw=0.000,0.000,0.000 grav=-0.01,0.01,-0.98
[INFO] [1788296324.167235377, 549.600000000]: RL policy input vx=0.346 vy=0.200 wz=1.200 action_rms=0.185 ready=1 userCmd=8 kbd=0 raw=0.346,0.200,1.200 grav=0.00,0.08,-0.98
[INFO] [1788296327.901658515, 551.613000000]: RL policy input vx=0.099 vy=-0.385 wz=0.340 action_rms=0.156 ready=1 userCmd=0 kbd=0 raw=0.099,-0.385,0.340 grav=-0.00,0.01,-0.98
[INFO] [1788296331.759525172, 553.623000000]: RL policy input vx=0.550 vy=0.000 wz=0.030 action_rms=0.187 ready=1 userCmd=0 kbd=0 raw=0.550,0.000,0.030 grav=-0.01,0.01,-0.98
[INFO] [1788296335.611401753, 555.628000000]: RL policy input vx=0.800 vy=0.000 wz=-0.017 action_rms=0.274 ready=1 userCmd=0 kbd=0 raw=0.800,0.000,-0.017 grav=0.41,0.09,-0.88
[INFO] [1788296339.542316337, 557.646000000]: RL policy input vx=0.600 vy=0.000 wz=0.017 action_rms=0.247 ready=1 userCmd=0 kbd=0 raw=0.600,0.000,0.017 grav=0.39,0.04,-0.90
[INFO] [1788296343.380356488, 559.654000000]: RL policy input vx=0.600 vy=0.000 wz=0.031 action_rms=0.264 ready=1 userCmd=0 kbd=0 raw=0.600,0.000,0.031 grav=0.23,0.11,-0.95
[INFO] [1788296347.230212714, 561.658000000]: RL policy input vx=-0.273 vy=0.292 wz=0.000 action_rms=0.115 ready=1 userCmd=0 kbd=0 raw=-0.273,0.292,0.000 grav=0.00,-0.00,-0.98
[INFO] [1788296350.827997875, 563.665000000]: RL policy input vx=-0.227 vy=0.196 wz=0.000 action_rms=0.144 ready=1 userCmd=0 kbd=0 raw=-0.227,0.196,0.000 grav=0.03,0.01,-0.98
[INFO] [1788296354.237056238, 565.672000000]: RL policy input vx=-0.069 vy=-0.394 wz=-1.000 action_rms=0.171 ready=1 userCmd=0 kbd=0 raw=-0.069,-0.394,-1.000 grav=-0.03,0.01,-0.98
[INFO] [1788296358.025147505, 567.687000000]: RL policy input vx=-0.009 vy=-0.400 wz=0.000 action_rms=0.137 ready=1 userCmd=0 kbd=0 raw=-0.009,-0.400,0.000 grav=-0.03,0.05,-0.98
[INFO] [1788296362.551749449, 569.689000000]: RL policy input vx=-0.034 vy=-0.399 wz=0.000 action_rms=0.178 ready=1 userCmd=0 kbd=0 raw=-0.034,-0.399,0.000 grav=-0.01,0.01,-0.98
[INFO] [1788296367.199711093, 571.697000000]: RL policy input vx=0.550 vy=0.000 wz=-0.020 action_rms=0.225 ready=1 userCmd=0 kbd=0 raw=0.550,0.000,-0.020 grav=-0.02,-0.00,-0.98
[INFO] [1788296371.938801385, 573.698000000]: RL policy input vx=0.800 vy=-0.000 wz=-0.021 action_rms=0.142 ready=1 userCmd=0 kbd=0 raw=0.800,-0.000,-0.021 grav=0.41,0.03,-0.89
[INFO] [1788296376.570966512, 575.714000000]: RL policy input vx=0.600 vy=0.000 wz=-0.024 action_rms=0.165 ready=1 userCmd=0 kbd=0 raw=0.600,0.000,-0.024 grav=0.37,0.00,-0.91
[INFO] [1788296380.775210272, 577.713000000]: RL policy input vx=0.000 vy=0.000 wz=0.000 action_rms=0.231 ready=1 userCmd=0 kbd=0 raw=0.000,0.000,0.000 grav=0.07,-0.02,-0.98
[INFO] [1788296384.557385615, 579.725000000]: RL policy input vx=0.182 vy=0.356 wz=1.200 action_rms=0.180 ready=1 userCmd=0 kbd=0 raw=0.182,0.356,1.200 grav=-0.00,0.05,-0.98
[INFO] [1788296387.831163083, 581.739000000]: RL policy input vx=0.174 vy=-0.360 wz=0.496 action_rms=0.182 ready=1 userC[FSM]: state: INIT
wait for goal.
[FSM]: state: INIT
wait for goal.
[FSM]: state: INIT
wait for goal.
[FSM]: state: INIT
wait for goal.
Warning: TF_REPEATED_DATA ignoring data with redundant timestamp for frame sliding_map (parent world) at time 586.404000 according to authority /scan_planner_node
         at line 277 in /tmp/binarydeb/ros-noetic-tf2-0.7.10/src/buffer_core.cpp
[INFO] [1788295261.878417, 0.000000]: scanplanner_pointcloud_bridge: /scan -> /registered_scan at <= 5.0 Hz
[INFO] [1788295287.889945, 9.128000]: scanplanner_pointcloud_bridge: published 50 clouds (1207 points)
[INFO] [1788295300.991594, 14.919000]: scanplanner_pointcloud_bridge: published 100 clouds (1210 points)
[INFO] [1788295313.781969, 20.017000]: scanplanner_pointcloud_bridge: published 150 clouds (1244 points)
[INFO] [1788295326.730196, 25.423000]: scanplanner_pointcloud_bridge: published 200 clouds (1823 points)
[INFO] [1788295339.561916, 30.623000]: scanplanner_pointcloud_bridge: published 250 clouds (2416 points)
[INFO] [1788295351.710865, 35.725000]: scanplanner_pointcloud_bridge: published 300 clouds (2387 points)
[INFO] [1788295365.797178, 43.030000]: scanplanner_pointcloud_bridge: published 350 clouds (2410 points)
[INFO] [1788295379.869820, 50.219000]: scanplanner_pointcloud_bridge: published 400 clouds (2416 points)
[INFO] [1788295393.522429, 56.320000]: scanplanner_pointcloud_bridge: published 450 clouds (2399 points)
[INFO] [1788295405.789199, 61.927000]: scanplanner_pointcloud_bridge: published 500 clouds (2388 points)
[INFO] [1788295418.105467, 67.518000]: scanplanner_pointcloud_bridge: published 550 clouds (2392 points)
[INFO] [1788295431.635904, 74.122000]: scanplanner_pointcloud_bridge: published 600 clouds (2389 points)
[INFO] [1788295444.636935, 80.021000]: scanplanner_pointcloud_bridge: published 650 clouds (2384 points)
[INFO] [1788295457.253645, 85.727000]: scanplanner_pointcloud_bridge: published 700 clouds (2409 points)
[INFO] [1788295473.682496, 94.731000]: scanplanner_pointcloud_bridge: published 750 clouds (2379 points)
[INFO] [1788295489.717328, 103.329000]: scanplanner_pointcloud_bridge: published 800 clouds (2371 points)
[INFO] [1788295503.871000, 110.634000]: scanplanner_pointcloud_bridge: published 850 clouds (2429 points)
[INFO] [1788295519.583502, 119.630000]: scanplanner_pointcloud_bridge: published 900 clouds (2432 points)
[INFO] [1788295535.705767, 129.130000]: scanplanner_pointcloud_bridge: published 950 clouds (2378 points)
[INFO] [1788295551.732754, 138.728000]: scanplanner_pointcloud_bridge: published 1000 clouds (2313 points)
[INFO] [1788295567.823513, 148.525000]: scanplanner_pointcloud_bridge: published 1050 clouds (2370 points)
[INFO] [1788295583.534045, 158.034000]: scanplanner_pointcloud_bridge: published 1100 clouds (2394 points)
[INFO] [1788295598.442761, 166.429000]: scanplanner_pointcloud_bridge: published 1150 clouds (2386 points)
[INFO] [1788295615.143328, 175.722000]: scanplanner_pointcloud_bridge: published 1200 clouds (2402 points)
[INFO] [1788295631.153241, 185.331000]: scanplanner_pointcloud_bridge: published 1250 clouds (2391 points)
[INFO] [1788295647.262633, 194.123000]: scanplanner_pointcloud_bridge: published 1300 clouds (2005 points)
[INFO] [1788295661.951712, 201.522000]: scanplanner_pointcloud_bridge: published 1350 clouds (2279 points)
[INFO] [1788295674.549698, 207.324000]: scanplanner_pointcloud_bridge: published 1400 clouds (1970 points)
[INFO] [1788295690.102747, 216.117000]: scanplanner_pointcloud_bridge: published 1450 clouds (1879 points)
[INFO] [1788295706.575652, 225.525000]: scanplanner_pointcloud_bridge: published 1500 clouds (2396 points)
[INFO] [1788295722.889740, 234.926000]: scanplanner_pointcloud_bridge: published 1550 clouds (2389 points)
[INFO] [1788295739.119331, 244.726000]: scanplanner_pointcloud_bridge: published 1600 clouds (2409 points)
[INFO] [1788295753.908727, 252.627000]: scanplanner_pointcloud_bridge: published 1650 clouds (2390 points)
[INFO] [1788295769.629010, 261.855000]: scanplanner_pointcloud_bridge: published 1700 clouds (2417 points)
[INFO] [1788295783.941507, 269.329000]: scanplanner_pointcloud_bridge: published 1750 clouds (2381 points)
[INFO] [1788295798.107075, 276.122000]: scanplanner_pointcloud_bridge: published 1800 clouds (2364 points)
[INFO] [1788295812.021700, 283.230000]: scanplanner_pointcloud_bridge: published 1850 clouds (2418 points)
[INFO] [1788295827.358972, 292.127000]: scanplanner_pointcloud_bridge: published 1900 clouds (2369 points)
[INFO] [1788295839.445649, 297.624000]: scanplanner_pointcloud_bridge: published 1950 clouds (2403 points)
[INFO] [1788295853.297240, 304.422000]: scanplanner_pointcloud_bridge: published 2000 clouds (2390 points)
[INFO] [1788295866.523641, 310.828000]: scanplanner_pointcloud_bridge: published 2050 clouds (2376 points)
[INFO] [1788295879.946636, 317.433000]: scanplanner_pointcloud_bridge: published 2100 clouds (2390 points)
[INFO] [1788295894.401010, 324.539000]: scanplanner_pointcloud_bridge: published 2150 clouds (2398 points)
[INFO] [1788295908.840609, 331.830000]: scanplanner_pointcloud_bridge: published 2200 clouds (2423 points)
[INFO] [1788295921.024529, 337.327000]: scanplanner_pointcloud_bridge: published 2250 clouds (2389 points)
[INFO] [1788295933.803514, 343.126000]: scanplanner_pointcloud_bridge: published 2300 clouds (2430 points)
[INFO] [1788295947.567721, 349.830000]: scanplanner_pointcloud_bridge: published 2350 clouds (2437 points)
[INFO] [1788295962.016642, 357.225000]: scanplanner_pointcloud_bridge: published 2400 clouds (2433 points)
[INFO] [1788295976.507542, 364.221000]: scanplanner_pointcloud_bridge: published 2450 clouds (2050 points)
[INFO] [1788295990.329181, 370.623000]: scanplanner_pointcloud_bridge: published 2500 clouds (2248 points)
[INFO] [1788296004.949490, 378.126000]: scanplanner_pointcloud_bridge: published 2550 clouds (1967 points)
[INFO] [1788296019.910506, 386.024000]: scanplanner_pointcloud_bridge: published 2600 clouds (2465 points)
[INFO] [1788296036.367883, 395.524000]: scanplanner_pointcloud_bridge: published 2650 clouds (2445 points)
[INFO] [1788296053.127316, 405.526000]: scanplanner_pointcloud_bridge: published 2700 clouds (2396 points)
[INFO] [1788296069.402418, 414.229000]: scanplanner_pointcloud_bridge: published 2750 clouds (2385 points)
[INFO] [1788296085.228913, 422.432000]: scanplanner_pointcloud_bridge: published 2800 clouds (2371 points)
[INFO] [1788296102.921292, 432.334000]: scanplanner_pointcloud_bridge: published 2850 clouds (2395 points)
[INFO] [1788296117.239655, 439.628000]: scanplanner_pointcloud_bridge: published 2900 clouds (2397 points)
[INFO] [1788296132.893092, 447.645000]: scanplanner_pointcloud_bridge: published 2950 clouds (2367 points)
[INFO] [1788296149.336674, 457.232000]: scanplanner_pointcloud_bridge: published 3000 clouds (2409 points)
[INFO] [1788296165.615285, 466.946000]: scanplanner_pointcloud_bridge: published 3050 clouds (2383 points)
[INFO] [1788296182.002980, 476.137000]: scanplanner_pointcloud_bridge: published 3100 clouds (2451 points)
[INFO] [1788296197.086514, 483.728000]: scanplanner_pointcloud_bridge: published 3150 clouds (2378 points)
[INFO] [1788296214.032161, 493.039000]: scanplanner_pointcloud_bridge: published 3200 clouds (2387 points)
[INFO] [1788296230.376114, 501.931000]: scanplanner_pointcloud_bridge: published 3250 clouds (2404 points)
[INFO] [1788296245.359333, 509.436000]: scanplanner_pointcloud_bridge: published 3300 clouds (2395 points)
[INFO] [1788296260.143418, 516.930000]: scanplanner_pointcloud_bridge: published 3350 clouds (2440 points)
[INFO] [1788296276.611709, 525.733000]: scanplanner_pointcloud_bridge: published 3400 clouds (2388 points)
[INFO] [1788296293.164608, 534.829000]: scanplanner_pointcloud_bridge: published 3450 clouds (2380 points)
[INFO] [1788296306.009707, 540.728000]: scanplanner_pointcloud_bridge: published 3500 clouds (2465 points)
[INFO] [1788296319.656317, 547.232000]: scanplanner_pointcloud_bridge: published 3550 clouds (2380 points)
[INFO] [1788296335.601155, 555.623000]: scanplanner_pointcloud_bridge: published 3600 clouds (2325 points)
[INFO] [1788296353.126299, 565.035000]: scanplanner_pointcloud_bridge: published 3650 clouds (2414 points)
[INFO] [1788296366.353968, 571.325000]: scanplanner_pointcloud_bridge: published 3700 clouds (2465 points)
[INFO] [1788296378.863008, 576.729000]: scanplanner_pointcloud_bridge: published 3750 clouds (2059 points)
[FSM]: state: INIT
wait for goal.
[FSM]: state: INIT
wait for goal.
[FSM]: state: INIT
wait for goal.
[FSM]: state: INIT
wait for goal.
[FSM]: state: INIT
wait for goal.
[WARN] [1788296404.671440858, 591.515000000]: Using one-shot plane RL takeover profile: blend 0.50 s, zero hold 0.15 s
[WARN] [1788296308.665541, 541.913000]: Descent tilt 0.481 rad: capping flight speed at 0.55 m/s.
[WARN] [1788296312.957539, 543.867000]: Descent tilt 0.493 rad: capping flight speed at 0.55 m/s.
[WARN] [1788296315.414353, 545.112000]: Descent tilt 0.481 rad: capping flight speed at 0.55 m/s.
[WARN] [1788296337.238142, 556.467000]: Descent tilt 0.483 rad: capping flight speed at 0.55 m/s.
[WARN] [1788296340.440771, 558.114000]: Descent tilt 0.492 rad: capping flight speed at 0.55 m/s.
[WARN] [1788296350.469053, 563.453000]: Segment turn left safe position (x=-3.951, y=1.768); zero command and re-centering before continuing turn.
[WARN] [1788296374.025743, 574.535000]: Descent tilt 0.541 rad: capping flight speed at 0.55 m/s.
[INFO] [1788296376.133819, 575.507000]: DSTPUB phase=STAIR_DESCENT_FLIGHT_B world=(-0.026,0.800,-0.040) body=(0.800,-0.000,-0.040) truth_z=1.995 drop=0.917 pitch=1.0deg seg=22
[INFO] [1788296378.511783, 576.526000]: DSTPUB phase=STAIR_DESCENT_FLIGHT_B world=(0.025,0.599,-0.011) body=(0.600,0.000,-0.011) truth_z=1.734 drop=1.177 pitch=1.0deg seg=23
[INFO] [1788296380.485653, 577.545000]: DSTPUB phase=STAIR_DESCENT_FLIGHT_B world=(0.009,0.600,0.007) body=(0.600,0.000,0.007) truth_z=1.591 drop=1.321 pitch=1.0deg seg=8
[INFO] [1788296380.706481, 577.656000]: Flight-B descent complete: drop=1.32 m y=5.06; starting landing turn.
[INFO] [1788296383.645758, 579.192000]: DSTPUB phase=STAIR_DESCENT_TURN world=(-0.400,0.000,0.925) body=(0.015,0.400,0.925) truth_z=1.615 drop=1.297 pitch=1.0deg seg=0
[INFO] [1788296385.334216, 580.205000]: DSTPUB phase=STAIR_DESCENT_TURN world=(-0.400,0.000,1.200) body=(0.353,0.189,1.200) truth_z=1.613 drop=1.299 pitch=1.0deg seg=0
[INFO] [1788296386.976249, 581.214000]: DSTPUB phase=STAIR_DESCENT_TURN world=(-0.400,0.000,0.934) body=(0.300,-0.264,0.934) truth_z=1.617 drop=1.294 pitch=1.0deg seg=1
[INFO] [1788296388.627264, 582.215000]: DSTPUB phase=STAIR_DESCENT_TURN world=(-0.400,0.000,0.340) body=(0.090,-0.390,0.340) truth_z=1.615 drop=1.296 pitch=1.0deg seg=0
[INFO] [1788296388.862227, 582.367000]: Descent landing heading captured at error 0.178 rad; using shortest-path hold while x aligns.
[INFO] [1788296390.392280, 583.244000]: DSTPUB phase=STAIR_DESCENT_TURN world=(-0.300,0.016,0.046) body=(-0.003,-0.300,0.046) truth_z=1.613 drop=1.299 pitch=1.0deg seg=0
[INFO] [1788296391.789156, 584.146000]: Descent FLIGHT_A start: z=2.911 drop gate 2.45 m.
[INFO] [1788296391.804417, 584.161000]: Descent landing aligned: x err=-0.120 m, heading err=-0.002 rad; starting flight A.
[INFO] [1788296391.955707, 584.248000]: DSTPUB phase=STAIR_DESCENT_FLIGHT_A world=(0.003,-0.550,0.024) body=(0.550,0.000,0.024) truth_z=1.612 drop=1.299 pitch=1.0deg seg=0
[INFO] [1788296393.689859, 585.265000]: DSTPUB phase=STAIR_DESCENT_FLIGHT_A world=(0.029,-0.549,-0.001) body=(0.550,-0.000,-0.001) truth_z=1.533 drop=1.379 pitch=1.0deg seg=15
[INFO] [1788296395.272779, 586.272000]: DSTPUB phase=STAIR_DESCENT_FLIGHT_A world=(0.035,-0.659,-0.006) body=(0.660,0.000,-0.006) truth_z=1.315 drop=1.596 pitch=1.0deg seg=25
[INFO] [1788296397.154005, 587.281000]: DSTPUB phase=STAIR_DESCENT_FLIGHT_A world=(0.016,-0.800,-0.024) body=(0.800,0.000,-0.024) truth_z=0.997 drop=1.914 pitch=1.0deg seg=26
[INFO] [1788296399.001441, 588.302000]: DSTPUB phase=STAIR_DESCENT_FLIGHT_A world=(-0.012,-0.800,0.001) body=(0.800,0.000,0.001) truth_z=0.701 drop=2.210 pitch=1.0deg seg=21
[INFO] [1788296400.871718, 589.314000]: DSTPUB phase=STAIR_DESCENT_FLIGHT_A world=(0.020,-0.600,-0.013) body=(0.600,-0.000,-0.013) truth_z=0.458 drop=2.453 pitch=1.0deg seg=18
[INFO] [1788296402.424183, 590.236000]: Final flight complete: drop=2.61 m y=1.75; holding on F1 landing for a stable terminal pose.
[INFO] [1788296403.483241, 590.815000]: F1 landing stable for 1.0 s: body height 0.317 m, upright-z 1.000.
[INFO] [1788296403.992553, 591.103000]: Returned to first floor after 109.3 s (drop=2.59 m).
[INFO] [1788296404.344327, 591.309000]: Stair descent terminal phase: FIRST_FLOOR_RETURNED
md=0 kbd=0 raw=0.174,-0.360,0.496 grav=0.01,0.02,-0.98
[INFO] [1788296391.143169561, 583.755000000]: RL policy input vx=-0.021 vy=-0.300 wz=0.011 action_rms=0.149 ready=1 userCmd=0 kbd=0 raw=-0.021,-0.300,0.011 grav=-0.00,0.01,-0.98
[INFO] [1788296394.444567756, 585.756000000]: RL policy input vx=0.550 vy=0.000 wz=-0.014 action_rms=0.185 ready=1 userCmd=0 kbd=0 raw=0.550,0.000,-0.014 grav=0.40,0.01,-0.90
[INFO] [1788296398.053676363, 587.763000000]: RL policy input vx=0.800 vy=-0.000 wz=0.018 action_rms=0.283 ready=1 userCmd=0 kbd=0 raw=0.800,-0.000,0.018 grav=0.38,-0.04,-0.90
[INFO] [1788296401.589601398, 589.763000000]: RL policy input vx=0.600 vy=0.000 wz=-0.003 action_rms=0.223 ready=1 userCmd=0 kbd=0 raw=0.600,0.000,-0.003 grav=0.41,0.06,-0.89
cuda::is_available():1
RL inference device: cpu (requested=hybrid, policy=plane)
[INFO] RL policy hot-switched from preload cache: /workspace/SimEnv/src/unitree_guide/logs/policy_act_inference_plane.pt
[FSM]: state: INIT
wait for goal.
[FSM]: state: INIT
wait for goal.
[FSM]: state: INIT
wait for goal.
[FSM]: state: INIT
wait for goal.
[FSM]: state: INIT
wait for goal.
[FSM]: state: INIT
wait for goal.
[FSM]: state: INIT
wait for goal.
[FSM]: state: INIT
wait for goal.
[FSM]: state: INIT
wait for goal.
Warning: TF_REPEATED_DATA ignoring data with redundant timestamp for frame sliding_map (parent world) at time 601.702000 according to authority /scan_planner_node
         at line 277 in /tmp/binarydeb/ros-noetic-tf2-0.7.10/src/buffer_core.cpp
[FSM]: state: INIT
wait for goal.
[INFO] [1788296405.150786629, 591.795000000]: RL policy input vx=0.000 vy=0.000 wz=0.000 action_rms=0.154 ready=0 userCmd=0 kbd=0 raw=0.000,0.000,0.000 grav=-0.02,0.00,-0.98
[INFO] [1788296405.763918010, 592.170000000]: RL locomotion_ready latched after 0.65 s takeover and 0.37 s stable hold
[INFO] [1788296408.737458545, 593.805000000]: RL policy input vx=0.000 vy=0.000 wz=0.566 action_rms=0.170 ready=1 userCmd=0 kbd=0 raw=0.000,0.000,0.566 grav=0.01,-0.01,-0.98
[INFO] [1788296412.375273406, 595.822000000]: RL policy input vx=0.000 vy=0.000 wz=0.284 action_rms=0.147 ready=1 userCmd=0 kbd=0 raw=0.000,0.000,0.284 grav=0.02,-0.02,-0.98
[INFO] [1788296415.898899814, 597.835000000]: RL policy input vx=1.099 vy=0.000 wz=0.037 action_rms=0.202 ready=1 userCmd=0 kbd=0 raw=1.099,0.000,0.037 grav=0.01,-0.03,-0.98
[INFO] [1788296419.465616543, 599.835000000]: RL policy input vx=0.966 vy=0.000 wz=0.005 action_rms=0.350 ready=1 userCmd=0 kbd=0 raw=0.966,0.000,0.005 grav=-0.01,-0.01,-0.98
[INFO] [1788296423.038411006, 601.842000000]: RL policy input vx=0.000 vy=0.000 wz=0.000 action_rms=0.150 ready=1 userCmd=0 kbd=0 raw=0.000,0.000,0.000 grav=0.03,-0.03,-0.98
stop the controller
des manager
terminate called after throwing an instance of 'boost::wrapexcept<boost::lock_error>'
  what():  boost: mutex lock failed in pthread_mutex_lock: Invalid argument
[INFO] [1788295271.756772, 0.200000]: danger_detector: first rendered RGB frame ready (320x240)
[INFO] [1788295305.267728, 16.644000]: danger_detector: exploration clock started after preparation
[INFO] [1788295375.871513, 48.372000]: danger_detector: scan batch label=floor_0_room_0_g3 raw=0 min_points=3 clusters=[]
[INFO] [1788295389.671839, 54.684000]: danger_detector: scan batch label=floor_0_room_0_g4 raw=0 min_points=3 clusters=[]
[INFO] [1788295439.680039, 77.708000]: danger_detector: scan batch label=floor_0_room_1_g3 raw=0 min_points=3 clusters=[]
[INFO] [1788295466.147604, 90.615000]: danger_detector: scan batch label=floor_0_room_1_g4 raw=0 min_points=3 clusters=[]
[INFO] [1788295528.864856, 124.950000]: danger_detector: scan batch label=floor_0_room_2_g3 raw=2 min_points=3 clusters=[]
[INFO] [1788295538.986676, 131.061000]: danger_detector: confirmed red sphere #1 at [-5.409, 26.9612, 0.15], t=114.42s, stage=floor_1_exploration
[INFO] [1788295540.253049, 131.867000]: danger_detector: scan batch label=floor_0_room_2_g4 raw=2 min_points=3 clusters=[]
[INFO] [1788295573.140249, 151.677000]: danger_detector: scan batch label=floor_0_room_3_g3 raw=0 min_points=3 clusters=[]
[INFO] [1788295583.437352, 157.985000]: danger_detector: scan batch label=floor_0_room_3_g4 raw=0 min_points=3 clusters=[]
[INFO] [1788295735.165949, 242.356000]: danger_detector: scan batch label=floor_1_room_0_g3 raw=0 min_points=3 clusters=[]
[INFO] [1788295746.577114, 248.896000]: danger_detector: scan batch label=floor_1_room_0_g4 raw=0 min_points=3 clusters=[]
[INFO] [1788295776.732061, 266.059000]: danger_detector: confirmed red sphere #2 at [5.4823, 13.0307, 2.75], t=249.42s, stage=floor_2_exploration
[INFO] [1788295778.127198, 266.692000]: danger_detector: scan batch label=floor_1_room_1_g3 raw=4 min_points=3 clusters=[(5.490974713026578, 13.050508205747208)]
[INFO] [1788295790.161270, 272.481000]: danger_detector: scan batch label=floor_1_room_1_g4 raw=2 min_points=3 clusters=[]
[INFO] [1788295847.748821, 301.611000]: danger_detector: scan batch label=floor_1_room_2_g3 raw=2 min_points=3 clusters=[]
[INFO] [1788295857.721388, 306.730000]: danger_detector: confirmed red sphere #3 at [-5.6334, 29.525, 2.75], t=290.09s, stage=floor_2_exploration
[INFO] [1788295859.263305, 307.468000]: danger_detector: scan batch label=floor_1_room_2_g4 raw=2 min_points=3 clusters=[]
[INFO] [1788295896.028713, 325.384000]: danger_detector: scan batch label=floor_1_room_3_g3 raw=2 min_points=3 clusters=[]
[INFO] [1788295906.284393, 330.597000]: danger_detector: confirmed red sphere #4 at [5.6032, 29.6699, 2.75], t=313.96s, stage=floor_2_exploration
[INFO] [1788295907.844480, 331.396000]: danger_detector: scan batch label=floor_1_room_3_g4 raw=2 min_points=3 clusters=[]
[INFO] [1788296065.884994, 412.510000]: danger_detector: confirmed red sphere #5 at [-5.1479, 13.3684, 5.35], t=395.87s, stage=floor_3_exploration
[INFO] [1788296067.675823, 413.412000]: danger_detector: scan batch label=floor_2_room_0_g3 raw=7 min_points=3 clusters=[(-5.167400586604979, 13.44217371749753)]
[INFO] [1788296079.775532, 419.600000]: danger_detector: scan batch label=floor_2_room_0_g4 raw=0 min_points=3 clusters=[]
[INFO] [1788296113.797631, 438.049000]: danger_detector: scan batch label=floor_2_room_1_g3 raw=0 min_points=3 clusters=[]
[INFO] [1788296125.960019, 444.053000]: danger_detector: scan batch label=floor_2_room_1_g4 raw=0 min_points=3 clusters=[]
[INFO] [1788296175.981298, 472.967000]: danger_detector: confirmed red sphere #6 at [-6.7459, 28.295, 5.35], t=456.33s, stage=floor_3_exploration
[INFO] [1788296177.762802, 473.912000]: danger_detector: scan batch label=floor_2_room_2_g3 raw=7 min_points=3 clusters=[(-6.71747352686271, 28.38931630127717)]
[INFO] [1788296190.297419, 480.299000]: danger_detector: scan batch label=floor_2_room_2_g4 raw=8 min_points=3 clusters=[(-6.740078155865405, 28.373831833126133)]
[INFO] [1788296225.328544, 499.374000]: danger_detector: scan batch label=floor_2_room_3_g3 raw=0 min_points=3 clusters=[]
[INFO] [1788296237.472895, 505.353000]: danger_detector: scan batch label=floor_2_room_3_g4 raw=0 min_points=3 clusters=[]
[INFO] [1788296423.489581, 602.114000]: danger_detector: wrote 6 confirmed red-ball detections -> /root/autodl-tmp/code/restore/0803b/overall_l0829/results/oblique_final10_fixbend_seed29_b1/red_ball_detections.json
[INFO] [1788296395.762625, 586.529000]: scanplanner_pointcloud_bridge: published 3800 clouds (2363 points)
[INFO] [1788296412.381172, 595.826000]: scanplanner_pointcloud_bridge: published 3850 clouds (2296 points)
[INFO] [1788295273.053546, 1.006000]: Bootstrap armed: stand@1.0s state-gated RL max_wait=25.0s repeat=120.0s start_t=1.0
[INFO] [1788295281.284871, 5.606000]: Requesting RL /cmd_vel through /joy (repeating).
[INFO] [1788295305.445848, 16.706000]: Bootstrap observed locomotion_ready; releasing /joy.
[INFO] [1788296295.202026, 535.777000]: SCAN explored all three floors; stair descent owns the return.
[INFO] [1788295265.547703, 0.000000]: building_generator_classic_control ready
[INFO] [1788296423.497010, 602.114000]: Three-floor RL mission complete in first-floor lobby at (-0.25, 3.85, 0.31)
[INFO] [1788295265.980869644]: ros topic name:/scan
[INFO] [1788295265.985909365]: scan info size:2500
[INFO] [1788295265.987911101]: sample:2500
[INFO] [1788295265.987941638]: downsample:1
[INFO] [1788295266.713364770]: <initialOrientationAsReference> is unset, using default value of false to comply with REP 145 (world as orientation reference)
[INFO] [1788295266.713520014]: <robotNamespace> set to: //
[INFO] [1788295266.713583816]: <topicName> set to: /livox/imu
[INFO] [1788295266.713610233]: <frameName> set to: livox_imu_link
[INFO] [1788295266.713639329]: <updateRateHZ> set to: 1000
[INFO] [1788295266.713653406]: <gaussianNoise> set to: 0
[INFO] [1788295266.713673597]: <xyzOffset> set to: 0 0 0
[INFO] [1788295266.713688727]: <rpyOffset> set to: 0 -0 0
[INFO] [1788295267.384811719]: Camera Plugin: Using the 'robotNamespace' param: '/'
[INFO] [1788295267.391600927]: Camera Plugin (ns = /)  <tf_prefix_>, set to ""
[INFO] [1788295267.401658846]: Camera Plugin: Using the 'robotNamespace' param: '/'
[INFO] [1788295267.408382432]: Camera Plugin (ns = /)  <tf_prefix_>, set to ""
[INFO] [1788295267.408900338]: Updating LinkState: reference_frame is empty/world/map, using inertial frame
[INFO] [1788295267.413611597]: Updating LinkState: reference_frame is empty/world/map, using inertial frame
[INFO] [1788295269.269374373]: Loading gazebo_ros_control plugin
[INFO] [1788295269.269498851]: Starting gazebo_ros_control plugin in namespace: /a1_gazebo
[INFO] [1788295269.270826678]: gazebo_ros_control plugin is waiting for model URDF in parameter [/robot_description] on the ROS param server.
[INFO] [1788295269.406716032]: Loaded gazebo_ros_control.
[31mWARNING: disk usage in log directory [/root/.ros/log] is over 1GB.
It's recommended that you use the 'rosclean' command.[0m

auto-starting new master
[1mprocess[master]: started with pid [810331][0m
[1mROS_MASTER_URI=http://localhost:11311[0m
]2;/root/autodl-tmp/code/restore/0803b/overall_l0829/threefloor_stress5_repro_20260827/work/mounts/SimEnv/src/simenv_bridge/launch/scanplanner_three_floor_rl.launch http://localhost:11311
[1msetting /run_id to 7024501e-a645-11f1-aed8-0242ac110007[0m
[1mprocess[rosout-1]: started with pid [810344][0m
started core service [/rosout]
[1mprocess[gazebo-2]: started with pid [810352][0m
[1mprocess[urdf_spawner-3]: started with pid [810355][0m
[1mprocess[state_from_gazebo-4]: started with pid [810358][0m
[1mprocess[a1_gazebo/controller_spawner-5]: started with pid [810359][0m
[1mprocess[robot_state_publisher-6]: started with pid [810364][0m
[1mprocess[unpause_after_controllers-7]: started with pid [810366][0m
[1mprocess[building_control-8]: started with pid [810368][0m
[1mprocess[open_mapping_entrance-9]: started with pid [810373][0m
[1mprocess[junior_ctrl-10]: started with pid [810375][0m
[1mprocess[scanplanner_pointcloud_bridge-11]: started with pid [810376][0m
[1mprocess[scan_planner_node-12]: started with pid [810377][0m
[1mprocess[closed_loop_controller-13]: started with pid [810378][0m
[1mprocess[scanplanner_plane_rl_bootstrap-14]: started with pid [810401][0m
[1mprocess[rl_floor_command_mux-15]: started with pid [810407][0m
[1mprocess[stair_transition_manager-16]: started with pid [810409][0m
[1mprocess[second_to_third_floor_stair_manager-17]: started with pid [810421][0m
[1mprocess[stair_descent_manager-18]: started with pid [810422][0m
[1mprocess[scanplanner_three_floor_goal_sequencer-19]: started with pid [810423][0m
[1mprocess[scanplanner_red_ball_detector-20]: started with pid [810424][0m
[1mprocess[three_floor_rl_mission_supervisor-21]: started with pid [810425][0m
[1m[open_mapping_entrance-9] process has finished cleanly
log file: /root/.ros/log/7024501e-a645-11f1-aed8-0242ac110007/open_mapping_entrance-9*.log[0m
[1m[urdf_spawner-3] process has finished cleanly
log file: /root/.ros/log/7024501e-a645-11f1-aed8-0242ac110007/urdf_spawner-3*.log[0m
[1m[unpause_after_controllers-7] process has finished cleanly
log file: /root/.ros/log/7024501e-a645-11f1-aed8-0242ac110007/unpause_after_controllers-7*.log[0m
[1m[stair_transition_manager-16] process has finished cleanly
log file: /root/.ros/log/7024501e-a645-11f1-aed8-0242ac110007/stair_transition_manager-16*.log[0m
[1m[second_to_third_floor_stair_manager-17] process has finished cleanly
log file: /root/.ros/log/7024501e-a645-11f1-aed8-0242ac110007/second_to_third_floor_stair_manager-17*.log[0m
[1m[stair_descent_manager-18] process has finished cleanly
log file: /root/.ros/log/7024501e-a645-11f1-aed8-0242ac110007/stair_descent_manager-18*.log[0m
[three_floor_rl_mission_supervisor-21] killing on exit
[scanplanner_red_ball_detector-20] killing on exit
[scanplanner_three_floor_goal_sequencer-19] killing on exit
[rl_floor_command_mux-15] killing on exit
[scanplanner_plane_rl_bootstrap-14] killing on exit
[closed_loop_controller-13] killing on exit
[scan_planner_node-12] killing on exit
[scanplanner_pointcloud_bridge-11] killing on exit
[junior_ctrl-10] killing on exit
[building_control-8] killing on exit
[robot_state_publisher-6] killing on exit
[a1_gazebo/controller_spawner-5] killing on exit
[state_from_gazebo-4] killing on exit
[gazebo-2] killing on exit
[rosout-1] killing on exit
[master] killing on exit
shutting down processing monitor...
... shutting down processing monitor complete
[1mdone[0m
