xacro: in-order processing became default in ROS Melodic. You can drop the option.
... logging to /home/quinn/.ros/log/e0316e38-a9fa-11f1-9447-05c1f50d701d/roslaunch-Legion-383035.log
Checking log directory for disk usage. This may take a while.
Press Ctrl-C to interrupt
Done checking log file disk usage. Usage is <1GB.
]2;/home/quinn/0904/threefloor_stress5_repro_20260827/work/mounts/SimEnv/src/simenv_bridge/launch/scanplanner_three_floor_rl.launch
[1mstarted roslaunch server http://Legion:35067/[0m

SUMMARY
========

CLEAR PARAMETERS
 * /scan_planner_node/

PARAMETERS
 * /a1_gazebo/FL_calf_controller/joint: FL_calf_joint
 * /a1_gazebo/FL_calf_controller/pid/d: 8.0
 * /a1_gazebo/FL_calf_controller/pid/i: 0.0
 * /a1_gazebo/FL_calf_controller/pid/p: 300.0
 * /a1_gazebo/FL_calf_controller/type: unitree_legged_co...
 * /a1_gazebo/FL_hip_controller/joint: FL_hip_joint
 * /a1_gazebo/FL_hip_controller/pid/d: 5.0
 * /a1_gazebo/FL_hip_controller/pid/i: 0.0
 * /a1_gazebo/FL_hip_controller/pid/p: 100.0
 * /a1_gazebo/FL_hip_controller/type: unitree_legged_co...
 * /a1_gazebo/FL_thigh_controller/joint: FL_thigh_joint
 * /a1_gazebo/FL_thigh_controller/pid/d: 8.0
 * /a1_gazebo/FL_thigh_controller/pid/i: 0.0
 * /a1_gazebo/FL_thigh_controller/pid/p: 300.0
 * /a1_gazebo/FL_thigh_controller/type: unitree_legged_co...
 * /a1_gazebo/FR_calf_controller/joint: FR_calf_joint
 * /a1_gazebo/FR_calf_controller/pid/d: 8.0
 * /a1_gazebo/FR_calf_controller/pid/i: 0.0
 * /a1_gazebo/FR_calf_controller/pid/p: 300.0
 * /a1_gazebo/FR_calf_controller/type: unitree_legged_co...
 * /a1_gazebo/FR_hip_controller/joint: FR_hip_joint
 * /a1_gazebo/FR_hip_controller/pid/d: 5.0
 * /a1_gazebo/FR_hip_controller/pid/i: 0.0
 * /a1_gazebo/FR_hip_controller/pid/p: 100.0
 * /a1_gazebo/FR_hip_controller/type: unitree_legged_co...
 * /a1_gazebo/FR_thigh_controller/joint: FR_thigh_joint
 * /a1_gazebo/FR_thigh_controller/pid/d: 8.0
 * /a1_gazebo/FR_thigh_controller/pid/i: 0.0
 * /a1_gazebo/FR_thigh_controller/pid/p: 300.0
 * /a1_gazebo/FR_thigh_controller/type: unitree_legged_co...
 * /a1_gazebo/RL_calf_controller/joint: RL_calf_joint
 * /a1_gazebo/RL_calf_controller/pid/d: 8.0
 * /a1_gazebo/RL_calf_controller/pid/i: 0.0
 * /a1_gazebo/RL_calf_controller/pid/p: 300.0
 * /a1_gazebo/RL_calf_controller/type: unitree_legged_co...
 * /a1_gazebo/RL_hip_controller/joint: RL_hip_joint
 * /a1_gazebo/RL_hip_controller/pid/d: 5.0
 * /a1_gazebo/RL_hip_controller/pid/i: 0.0
 * /a1_gazebo/RL_hip_controller/pid/p: 100.0
 * /a1_gazebo/RL_hip_controller/type: unitree_legged_co...
 * /a1_gazebo/RL_thigh_controller/joint: RL_thigh_joint
 * /a1_gazebo/RL_thigh_controller/pid/d: 8.0
 * /a1_gazebo/RL_thigh_controller/pid/i: 0.0
 * /a1_gazebo/RL_thigh_controller/pid/p: 300.0
 * /a1_gazebo/RL_thigh_controller/type: unitree_legged_co...
 * /a1_gazebo/RR_calf_controller/joint: RR_calf_joint
 * /a1_gazebo/RR_calf_controller/pid/d: 8.0
 * /a1_gazebo/RR_calf_controller/pid/i: 0.0
 * /a1_gazebo/RR_calf_controller/pid/p: 300.0
 * /a1_gazebo/RR_calf_controller/type: unitree_legged_co...
 * /a1_gazebo/RR_hip_controller/joint: RR_hip_joint
 * /a1_gazebo/RR_hip_controller/pid/d: 5.0
 * /a1_gazebo/RR_hip_controller/pid/i: 0.0
 * /a1_gazebo/RR_hip_controller/pid/p: 100.0
 * /a1_gazebo/RR_hip_controller/type: unitree_legged_co...
 * /a1_gazebo/RR_thigh_controller/joint: RR_thigh_joint
 * /a1_gazebo/RR_thigh_controller/pid/d: 8.0
 * /a1_gazebo/RR_thigh_controller/pid/i: 0.0
 * /a1_gazebo/RR_thigh_controller/pid/p: 300.0
 * /a1_gazebo/RR_thigh_controller/type: unitree_legged_co...
 * /a1_gazebo/joint_limits/FL_calf_joint/has_position_limits: False
 * /a1_gazebo/joint_limits/FR_calf_joint/has_position_limits: False
 * /a1_gazebo/joint_limits/RL_calf_joint/has_position_limits: False
 * /a1_gazebo/joint_limits/RR_calf_joint/has_position_limits: False
 * /a1_gazebo/joint_state_controller/publish_rate: 1000
 * /a1_gazebo/joint_state_controller/type: joint_state_contr...
 * /body_pose_topic: /Odometry_gazebo
 * /closed_loop_controller/finish_dist: 0.15
 * /closed_loop_controller/heading_error_threshold: 0.8
 * /closed_loop_controller/kp_pos: 0.8
 * /closed_loop_controller/kp_yaw: 1.5
 * /closed_loop_controller/max_vx: 2.05
 * /closed_loop_controller/max_vy: 0.35
 * /closed_loop_controller/max_vyaw: 1.0
 * /closed_loop_controller/time_forward: 0.8
 * /gazebo/enable_ros_network: True
 * /rl_floor_command_mux/command_timeout_sec: 0.4
 * /rl_floor_command_mux/linear_acceleration: 2.2
 * /rl_floor_command_mux/linear_deceleration: 2.0
 * /rl_floor_command_mux/max_forward: 2.25
 * /rl_floor_command_mux/max_lateral: 0.75
 * /rl_floor_command_mux/max_reverse: 0.2
 * /rl_floor_command_mux/max_yaw: 3.0
 * /rl_floor_command_mux/output_topic: /cmd_vel
 * /rl_floor_command_mux/planner_topic: /scanplanner/plan...
 * /rl_floor_command_mux/rate: 30.0
 * /rl_floor_command_mux/yaw_acceleration: 2.4
 * /rl_floor_command_mux/yaw_slowdown: 1.05
 * /rl_floor_command_mux/yaw_translation_stop: 1.3
 * /robot_description: <?xml version="1....
 * /robot_name: a1
 * /rosdistro: noetic
 * /rosversion: 1.17.4
 * /scan_planner_node/fsm/emergency_time_: 1.0
 * /scan_planner_node/fsm/fail_safe: True
 * /scan_planner_node/fsm/is_real_world: True
 * /scan_planner_node/fsm/manual_goal_use_current_height: True
 * /scan_planner_node/fsm/max_replan_fail_count: 1000
 * /scan_planner_node/fsm/navi_mode: 1
 * /scan_planner_node/fsm/planning_horizon: 7.5
 * /scan_planner_node/fsm/thresh_no_replan: 0.1
 * /scan_planner_node/fsm/thresh_replan: 1.0
 * /scan_planner_node/grid_map/cloud_is_world: True
 * /scan_planner_node/grid_map/cx: 317.19
 * /scan_planner_node/grid_map/cy: 256.48
 * /scan_planner_node/grid_map/depth_filter_margin: 1
 * /scan_planner_node/grid_map/depth_filter_maxdist: 3.0
 * /scan_planner_node/grid_map/depth_filter_mindist: 0.3
 * /scan_planner_node/grid_map/double_cylinder_offset: 0.18
 * /scan_planner_node/grid_map/double_cylinder_radius: 0.25
 * /scan_planner_node/grid_map/fx: 609.59
 * /scan_planner_node/grid_map/fy: 609.22
 * /scan_planner_node/grid_map/k_depth_scaling_factor: 1000.0
 * /scan_planner_node/grid_map/map_sliding_thresh: 0.2
 * /scan_planner_node/grid_map/max_ray_length: 5.0
 * /scan_planner_node/grid_map/need_extrinsic: True
 * /scan_planner_node/grid_map/obstacles_inflation_z_down: 0.4
 * /scan_planner_node/grid_map/obstacles_inflation_z_up: 0.1
 * /scan_planner_node/grid_map/p_hit: 0.85
 * /scan_planner_node/grid_map/p_max: 0.98
 * /scan_planner_node/grid_map/p_min: 0.12
 * /scan_planner_node/grid_map/p_miss: 0.3
 * /scan_planner_node/grid_map/p_occ: 0.8
 * /scan_planner_node/grid_map/resolution: 0.05
 * /scan_planner_node/grid_map/sensor_type: lidar
 * /scan_planner_node/grid_map/skip_pixel: 2
 * /scan_planner_node/grid_map/sliding_map_size_x: 10.0
 * /scan_planner_node/grid_map/sliding_map_size_y: 10.0
 * /scan_planner_node/grid_map/sliding_map_size_z: 5.0
 * /scan_planner_node/grid_map/vis_height: 0.3
 * /scan_planner_node/manager/control_points_distance: 0.2
 * /scan_planner_node/manager/feasibility_tolerance: 0.5
 * /scan_planner_node/manager/max_acc: 1.1
 * /scan_planner_node/manager/max_jerk: 4.0
 * /scan_planner_node/manager/max_vel: 2.05
 * /scan_planner_node/manager/planning_horizon: 7.5
 * /scan_planner_node/optimization/acc_tolerance: 1.0
 * /scan_planner_node/optimization/dist0: 0.2
 * /scan_planner_node/optimization/lambda_collision: 1.0
 * /scan_planner_node/optimization/lambda_feasibility: 0.1
 * /scan_planner_node/optimization/lambda_fitness: 1.0
 * /scan_planner_node/optimization/lambda_smooth: 1.0
 * /scan_planner_node/optimization/max_acc: 1.1
 * /scan_planner_node/optimization/max_vel: 2.05
 * /scan_planner_node/optimization/vel_tolerance: 1.0
 * /scanplanner_plane_rl_bootstrap/fixed_stand_max_duration_sec: 25.0
 * /scanplanner_plane_rl_bootstrap/release_after_rl_request: True
 * /scanplanner_plane_rl_bootstrap/rl_repeat_seconds: 120.0
 * /scanplanner_plane_rl_bootstrap/stand_after_seconds: 1.0
 * /scanplanner_pointcloud_bridge/input: /scan
 * /scanplanner_pointcloud_bridge/laser_blind: 0.5
 * /scanplanner_pointcloud_bridge/maximum_rate_hz: 5.0
 * /scanplanner_pointcloud_bridge/maximum_vertical_angle_deg: 55
 * /scanplanner_pointcloud_bridge/minimum_vertical_angle_deg: -7
 * /scanplanner_pointcloud_bridge/odom_topic: /Odometry_gazebo
 * /scanplanner_pointcloud_bridge/output: /registered_scan
 * /scanplanner_pointcloud_bridge/world_frame: map
 * /scanplanner_red_ball_detector/camera_info_topic: /recording_camera...
 * /scanplanner_red_ball_detector/camera_ready_topic: /simenv/recording...
 * /scanplanner_red_ball_detector/confirm_count: 3
 * /scanplanner_red_ball_detector/depth_topic: /real_sense/depth...
 * /scanplanner_red_ball_detector/floor_height_m: 2.6
 * /scanplanner_red_ball_detector/ground_range_scale: 0.95
 * /scanplanner_red_ball_detector/image_topic: /recording_camera...
 * /scanplanner_red_ball_detector/layout_metadata: /tmp/simenv_bridg...
 * /scanplanner_red_ball_detector/maximum_processing_rate_hz: 0.0
 * /scanplanner_red_ball_detector/merge_radius: 1.1
 * /scanplanner_red_ball_detector/out_json: /home/quinn/0904/...
 * /scanplanner_red_ball_detector/require_room_boundary_during_scan: True
 * /scanplanner_red_ball_detector/room_boundary_margin_m: 0.5
 * /scanplanner_red_ball_detector/scan_active_topic: /scanplanner/room...
 * /scanplanner_red_ball_detector/use_depth: True
 * /scanplanner_three_floor_goal_sequencer/direct_plane_distance_gain: 1.25
 * /scanplanner_three_floor_goal_sequencer/direct_plane_max_lateral_speed_mps: 0.75
 * /scanplanner_three_floor_goal_sequencer/direct_plane_min_forward_speed: 0.3
 * /scanplanner_three_floor_goal_sequencer/direct_plane_translation_heading_limit_rad: 1.45
 * /scanplanner_three_floor_goal_sequencer/direct_plane_yaw_rate: 1.15
 * /scanplanner_three_floor_goal_sequencer/direct_stair_yaw_rate: 0.35
 * /scanplanner_three_floor_goal_sequencer/entrance_fixed_heading_release_rad: 0.2
 * /scanplanner_three_floor_goal_sequencer/entrance_lateral_gain: 0.6
 * /scanplanner_three_floor_goal_sequencer/entrance_max_lateral_speed_mps: 0.12
 * /scanplanner_three_floor_goal_sequencer/entrance_progress_timeout_sec: 5.0
 * /scanplanner_three_floor_goal_sequencer/entrance_recovery_hold_sec: 1.0
 * /scanplanner_three_floor_goal_sequencer/entrance_recovery_max_attempts: 2
 * /scanplanner_three_floor_goal_sequencer/entrance_speed_scale: 1.45
 * /scanplanner_three_floor_goal_sequencer/floor_control_settle_sec: 0.15
 * /scanplanner_three_floor_goal_sequencer/handoff_timeout_sec: 300.0
 * /scanplanner_three_floor_goal_sequencer/manager_release_settle_sec: 0.1
 * /scanplanner_three_floor_goal_sequencer/maximum_floor_speed: 2.25
 * /scanplanner_three_floor_goal_sequencer/maximum_replans: 2
 * /scanplanner_three_floor_goal_sequencer/minimum_upright_duration_sec: 0.6
 * /scanplanner_three_floor_goal_sequencer/minimum_upright_z: 0.55
 * /scanplanner_three_floor_goal_sequencer/mission_config: /tmp/simenv_bridg...
 * /scanplanner_three_floor_goal_sequencer/output_dir: /home/quinn/0904/...
 * /scanplanner_three_floor_goal_sequencer/plane_attitude_hold_upright_z: 0.9
 * /scanplanner_three_floor_goal_sequencer/plane_attitude_slowdown_upright_z: 0.97
 * /scanplanner_three_floor_goal_sequencer/plane_fast_takeover: True
 * /scanplanner_three_floor_goal_sequencer/plane_fast_takeover_blend_seconds: 0.5
 * /scanplanner_three_floor_goal_sequencer/plane_fast_takeover_zero_hold_seconds: 0.15
 * /scanplanner_three_floor_goal_sequencer/plane_motion_start_ramp_initial_speed_mps: 0.3
 * /scanplanner_three_floor_goal_sequencer/plane_motion_start_ramp_minimum_upright_z: 0.985
 * /scanplanner_three_floor_goal_sequencer/plane_motion_start_ramp_seconds: 3.0
 * /scanplanner_three_floor_goal_sequencer/policy_timeout_sec: 35.0
 * /scanplanner_three_floor_goal_sequencer/progress_timeout_sec: 45.0
 * /scanplanner_three_floor_goal_sequencer/room_scan_settle_sec: 0.1
 * /scanplanner_three_floor_goal_sequencer/room_scan_timeout_sec: 30.0
 * /scanplanner_three_floor_goal_sequencer/room_scan_turn_rad: 1.9
 * /scanplanner_three_floor_goal_sequencer/room_scan_yaw_rate: 2.8
 * /scanplanner_three_floor_goal_sequencer/room_tolerance: 0.4
 * /scanplanner_three_floor_goal_sequencer/speed_scale: 2.6
 * /scanplanner_three_floor_goal_sequencer/stage_announcement_hold_sec: 0.15
 * /scanplanner_three_floor_goal_sequencer/startup_timeout_sec: 240.0
 * /scanplanner_three_floor_goal_sequencer/waypoint_timeout_sec: 150.0
 * /second_to_third_floor_stair_manager/ascent_maximum_speed_mps: 0.8
 * /second_to_third_floor_stair_manager/ascent_speed_mps: 0.8
 * /second_to_third_floor_stair_manager/ascent_timeout_sec: 45.0
 * /second_to_third_floor_stair_manager/auto_start: False
 * /second_to_third_floor_stair_manager/command_topic: /cmd_vel
 * /second_to_third_floor_stair_manager/enable_truth_return_gate: False
 * /second_to_third_floor_stair_manager/enable_visual_stair_alignment: False
 * /second_to_third_floor_stair_manager/entry_alignment_yaw_rate_rps: 0.4
 * /second_to_third_floor_stair_manager/flight_a_height_gain_m: 1.05
 * /second_to_third_floor_stair_manager/flight_b_timeout_sec: 22.0
 * /second_to_third_floor_stair_manager/height_plot_basename: 21_truth_stair_he...
 * /second_to_third_floor_stair_manager/hold_rl_during_ascent: True
 * /second_to_third_floor_stair_manager/landing_cross_distance_m: 0.95
 * /second_to_third_floor_stair_manager/landing_cross_speed_mps: 0.75
 * /second_to_third_floor_stair_manager/landing_heading_tolerance_rad: 0.15
 * /second_to_third_floor_stair_manager/landing_timeout_sec: 30.0
 * /second_to_third_floor_stair_manager/landing_turn_angle_rad: -2.4
 * /second_to_third_floor_stair_manager/landing_turn_speed_rps: 1.2
 * /second_to_third_floor_stair_manager/mission_failure_token: SECOND_FLOOR_EXPL...
 * /second_to_third_floor_stair_manager/mission_trigger_token: SECOND_FLOOR_EXPL...
 * /second_to_third_floor_stair_manager/mission_trigger_topic: /simenv/second_fl...
 * /second_to_third_floor_stair_manager/odom_topic: /Odometry_gazebo
 * /second_to_third_floor_stair_manager/offline_stair_model_sdf: /tmp/simenv_bridg...
 * /second_to_third_floor_stair_manager/offline_truth_layout_metadata: /tmp/simenv_bridg...
 * /second_to_third_floor_stair_manager/output_dir: /home/quinn/0904/...
 * /second_to_third_floor_stair_manager/plane_policy: /home/quinn/0904/...
 * /second_to_third_floor_stair_manager/policy_warmup_seconds: 0.2
 * /second_to_third_floor_stair_manager/pre_ascent_rl_fast_blend_seconds: 0.5
 * /second_to_third_floor_stair_manager/pre_ascent_rl_fast_takeover: True
 * /second_to_third_floor_stair_manager/pre_ascent_rl_fast_zero_hold_seconds: 0.15
 * /second_to_third_floor_stair_manager/pre_ascent_rl_settle_seconds: 0.6
 * /second_to_third_floor_stair_manager/pre_ascent_stand_seconds: 0.0
 * /second_to_third_floor_stair_manager/second_floor_handoff_timeout_sec: 90.0
 * /second_to_third_floor_stair_manager/second_floor_stable_seconds: 0.5
 * /second_to_third_floor_stair_manager/source_floor_index: 1
 * /second_to_third_floor_stair_manager/stair_policy: /home/quinn/0904/...
 * /second_to_third_floor_stair_manager/state_topic: /simenv/second_to...
 * /second_to_third_floor_stair_manager/target_floor_number: 3
 * /second_to_third_floor_stair_manager/total_height_gain_m: 2.2
 * /second_to_third_floor_stair_manager/trajectory_plot_basename: 21_f2_to_third_fl...
 * /second_to_third_floor_stair_manager/transition_log_basename: second_to_third_f...
 * /second_to_third_floor_stair_manager/transition_plot_basename: 21_second_to_thir...
 * /second_to_third_floor_stair_manager/truth_entry_final_speed_mps: 0.55
 * /second_to_third_floor_stair_manager/truth_entry_guide: True
 * /second_to_third_floor_stair_manager/truth_entry_guide_min_speed_mps: 0.25
 * /second_to_third_floor_stair_manager/truth_entry_guide_speed_mps: 0.45
 * /second_to_third_floor_stair_manager/truth_entry_timeout_sec: 120.0
 * /second_to_third_floor_stair_manager/truth_fixed_two_flight_profile: True
 * /second_to_third_floor_stair_manager/truth_flight_a_backslide_recovery_hold_seconds: 1.5
 * /second_to_third_floor_stair_manager/truth_flight_a_backslide_recovery_max_attempts: 2
 * /second_to_third_floor_stair_manager/truth_flight_a_backslide_recovery_ramp_seconds: 1.0
 * /second_to_third_floor_stair_manager/truth_flight_a_backslide_recovery_ramp_speed_mps: 0.4
 * /second_to_third_floor_stair_manager/truth_flight_a_climb_ramp_seconds: 1.2
 * /second_to_third_floor_stair_manager/truth_flight_a_near_edge_strong_center_error_m: 0.24
 * /second_to_third_floor_stair_manager/truth_flight_a_policy_capture_max_joint_velocity_rms: 0.18
 * /second_to_third_floor_stair_manager/truth_flight_a_policy_fast_fixed_stand: True
 * /second_to_third_floor_stair_manager/truth_flight_a_policy_fast_fixed_stand_duration_seconds: 0.5
 * /second_to_third_floor_stair_manager/truth_flight_a_policy_fast_fixed_stand_minimum_elapsed_seconds: 0.5
 * /second_to_third_floor_stair_manager/truth_flight_a_policy_fast_fixed_stand_minimum_gain_ratio: 0.75
 * /second_to_third_floor_stair_manager/truth_flight_a_policy_fast_fixed_stand_settle_seconds: 0.0
 * /second_to_third_floor_stair_manager/truth_flight_a_policy_fast_fixed_stand_stable_seconds: 0.5
 * /second_to_third_floor_stair_manager/truth_flight_a_policy_fixed_stand_ready_timeout_sec: 12.0
 * /second_to_third_floor_stair_manager/truth_flight_a_policy_require_fixed_stand_ready: True
 * /second_to_third_floor_stair_manager/truth_flight_a_policy_settle_seconds: 0.35
 * /second_to_third_floor_stair_manager/truth_flight_a_policy_settle_timeout_sec: 8.0
 * /second_to_third_floor_stair_manager/truth_flight_a_policy_stand_seconds: 0.1
 * /second_to_third_floor_stair_manager/truth_flight_a_policy_use_default_stand_target: False
 * /second_to_third_floor_stair_manager/truth_flight_a_rearward_slip_max_climb_speed_mps: 0.12
 * /second_to_third_floor_stair_manager/truth_flight_a_rearward_slip_speed_mps: 0.3
 * /second_to_third_floor_stair_manager/truth_flight_a_recovery_center_speed_mps: 0.22
 * /second_to_third_floor_stair_manager/truth_flight_a_recovery_forward_speed_mps: 0.6
 * /second_to_third_floor_stair_manager/truth_flight_a_require_fresh_ready: True
 * /second_to_third_floor_stair_manager/truth_flight_a_stall_release_seconds: 1.5
 * /second_to_third_floor_stair_manager/truth_flight_a_strong_recovery_forward_speed_mps: 0.4
 * /second_to_third_floor_stair_manager/truth_flight_b_max_yaw_rate_rps: 0.1
 * /second_to_third_floor_stair_manager/truth_flight_b_near_edge_strong_center_error_m: 0.24
 * /second_to_third_floor_stair_manager/truth_flight_b_pitch_min_height_gain_m: 0.08
 * /second_to_third_floor_stair_manager/truth_flight_b_pitch_rate_min_abs_rad: 0.6
 * /second_to_third_floor_stair_manager/truth_flight_b_pitch_rate_trigger_rps: 1.6
 * /second_to_third_floor_stair_manager/truth_flight_b_pitch_rate_window_sec: 0.18
 * /second_to_third_floor_stair_manager/truth_flight_b_pitch_recovery_max_attempts: 2
 * /second_to_third_floor_stair_manager/truth_flight_b_rearward_slip_speed_mps: 0.3
 * /second_to_third_floor_stair_manager/truth_flight_b_recovery_forward_speed_mps: 0.6
 * /second_to_third_floor_stair_manager/truth_flight_b_recovery_hold_seconds: 4.0
 * /second_to_third_floor_stair_manager/truth_flight_b_severe_pitch_detect_seconds: 0.1
 * /second_to_third_floor_stair_manager/truth_flight_b_severe_pitch_rad: 0.8
 * /second_to_third_floor_stair_manager/truth_flight_b_strong_recovery_forward_speed_mps: 0.4
 * /second_to_third_floor_stair_manager/truth_landing_recenter_speed_mps: 0.75
 * /second_to_third_floor_stair_manager/truth_two_stage_guide: True
 * /second_to_third_floor_stair_manager/truth_upper_floor_exit_clearance_m: 0.8
 * /second_to_third_floor_stair_manager/two_flight_stair: True
 * /second_to_third_floor_stair_manager/upper_floor_handoff_complete_phase: THIRD_FLOOR_HANDO...
 * /second_to_third_floor_stair_manager/upper_floor_handoff_timeout_phase: THIRD_FLOOR_HANDO...
 * /second_to_third_floor_stair_manager/upper_floor_reached_phase: THIRD_FLOOR_REACHED
 * /second_to_third_floor_stair_manager/upper_floor_ready_token: THIRD_FLOOR_EXPLO...
 * /second_to_third_floor_stair_manager/upper_floor_settle_phase: THIRD_FLOOR_SETTLE
 * /second_to_third_floor_stair_manager/upper_floor_state_topic: /simenv/third_flo...
 * /second_to_third_floor_stair_manager/upper_landing_clearance_grace_sec: 15.0
 * /second_to_third_floor_stair_manager/wait_for_second_floor_handoff: True
 * /second_to_third_floor_stair_manager/world_frame_ascent: True
 * /simenv/plane_tilt_guard_release_rad: 0.1
 * /simenv/plane_tilt_guard_stop_rad: 0.27
 * /simenv/plane_tilt_guard_warning_rad: 0.14
 * /stair_descent_manager/command_topic: /cmd_vel
 * /stair_descent_manager/descent_maximum_speed_mps: 0.8
 * /stair_descent_manager/descent_segment_timeout_sec: 600.0
 * /stair_descent_manager/descent_speed_mps: 0.8
 * /stair_descent_manager/end_floor_number: 1
 * /stair_descent_manager/mission_trigger_token: THIRD_FLOOR_EXPLO...
 * /stair_descent_manager/mission_trigger_topic: /simenv/third_flo...
 * /stair_descent_manager/odom_topic: /Odometry_gazebo
 * /stair_descent_manager/offline_stair_model_sdf: /tmp/simenv_bridg...
 * /stair_descent_manager/offline_truth_layout_metadata: /tmp/simenv_bridg...
 * /stair_descent_manager/output_dir: /home/quinn/0904/...
 * /stair_descent_manager/policy_switch_fast_fixed_stand: True
 * /stair_descent_manager/policy_switch_fast_fixed_stand_duration_seconds: 0.5
 * /stair_descent_manager/policy_switch_fast_fixed_stand_minimum_elapsed_seconds: 0.5
 * /stair_descent_manager/policy_switch_fast_fixed_stand_minimum_gain_ratio: 0.75
 * /stair_descent_manager/policy_switch_fast_fixed_stand_settle_seconds: 0.0
 * /stair_descent_manager/policy_switch_fast_fixed_stand_stable_seconds: 0.5
 * /stair_descent_manager/policy_switch_fixed_stand_timeout_sec: 12.0
 * /stair_descent_manager/policy_switch_max_joint_velocity_rms: 0.35
 * /stair_descent_manager/policy_switch_queue_hold_seconds: 0.25
 * /stair_descent_manager/policy_switch_reentry_timeout_sec: 20.0
 * /stair_descent_manager/policy_switch_settle_seconds: 0.45
 * /stair_descent_manager/policy_switch_settle_timeout_sec: 6.0
 * /stair_descent_manager/policy_warmup_seconds: 0.75
 * /stair_descent_manager/pre_descent_stand_seconds: 0.25
 * /stair_descent_manager/segment_one_log_basename: third_to_second_f...
 * /stair_descent_manager/segment_two_log_basename: second_to_first_f...
 * /stair_descent_manager/skip_entry_guide: True
 * /stair_descent_manager/stair_policy: /home/quinn/0904/...
 * /stair_descent_manager/start_floor_number: 3
 * /stair_descent_manager/state_topic: /simenv/third_to_...
 * /stair_descent_manager/transition_log_basename: stair_descent.json
 * /stair_descent_manager/truth_descent_backoff_escalation_m: 0.15
 * /stair_descent_manager/truth_descent_east_align_minimum_x_speed_mps: 0.3
 * /stair_descent_manager/truth_descent_east_align_tread_drop_m: 0.05
 * /stair_descent_manager/truth_descent_entry_guide_speed_mps: 1.15
 * /stair_descent_manager/truth_descent_final_landing_max_body_height_m: 1.0
 * /stair_descent_manager/truth_descent_final_landing_max_tilt_rad: 0.45
 * /stair_descent_manager/truth_descent_final_landing_min_body_height_m: 0.2
 * /stair_descent_manager/truth_descent_final_landing_minimum_upright_z: 0.75
 * /stair_descent_manager/truth_descent_final_landing_settle_seconds: 1.0
 * /stair_descent_manager/truth_descent_final_landing_timeout_sec: 20.0
 * /stair_descent_manager/truth_descent_flight_a_end_y: 1.75
 * /stair_descent_manager/truth_descent_flight_center_correction_error_m: 0.22
 * /stair_descent_manager/truth_descent_flight_center_correction_speed_mps: 0.5
 * /stair_descent_manager/truth_descent_flight_center_correction_yaw_rate_rps: 0.2
 * /stair_descent_manager/truth_descent_flight_center_steer_gain: 1.0
 * /stair_descent_manager/truth_descent_flight_center_steer_max_rad: 0.24
 * /stair_descent_manager/truth_descent_flight_end_slowdown_drop_m: 0.95
 * /stair_descent_manager/truth_descent_flight_end_speed_mps: 0.6
 * /stair_descent_manager/truth_descent_flight_heading_correction_error_rad: 0.22
 * /stair_descent_manager/truth_descent_flight_heading_correction_speed_mps: 0.4
 * /stair_descent_manager/truth_descent_flight_heading_correction_yaw_rate_rps: 0.3
 * /stair_descent_manager/truth_descent_flight_heading_gain: 0.55
 * /stair_descent_manager/truth_descent_flight_initial_hold_drop_m: 0.18
 * /stair_descent_manager/truth_descent_flight_initial_ramp_end_drop_m: 0.45
 * /stair_descent_manager/truth_descent_flight_initial_speed_mps: 0.55
 * /stair_descent_manager/truth_descent_flight_max_yaw_rate_rps: 0.14
 * /stair_descent_manager/truth_descent_flight_severe_tilt_hold_sec: 0.8
 * /stair_descent_manager/truth_descent_flight_severe_tilt_rad: 0.6
 * /stair_descent_manager/truth_descent_flight_severe_tilt_speed_mps: 0.3
 * /stair_descent_manager/truth_descent_flight_tilt_hold_sec: 0.6
 * /stair_descent_manager/truth_descent_flight_tilt_slowdown_rad: 0.48
 * /stair_descent_manager/truth_descent_flight_tilt_speed_mps: 0.55
 * /stair_descent_manager/truth_descent_gain_up_drop_m: 0.35
 * /stair_descent_manager/truth_descent_landing_heading_tolerance_rad: 0.18
 * /stair_descent_manager/truth_descent_landing_minimum_x_speed_mps: 0.3
 * /stair_descent_manager/truth_descent_landing_minimum_yaw_rate_rps: 0.34
 * /stair_descent_manager/truth_descent_landing_position_tolerance_m: 0.12
 * /stair_descent_manager/truth_descent_landing_recenter_speed_mps: 0.4
 * /stair_descent_manager/truth_descent_landing_settle_seconds: 1.5
 * /stair_descent_manager/truth_descent_landing_slip_max_attempts: 4
 * /stair_descent_manager/truth_descent_landing_turn_speed_rps: 1.2
 * /stair_descent_manager/truth_descent_max_center_error_m: 0.4
 * /stair_descent_manager/truth_descent_minimum_upright_z: 0.55
 * /stair_descent_manager/truth_descent_segment_turn_alignment_minimum_speed_mps: 0.3
 * /stair_descent_manager/truth_descent_segment_turn_alignment_progress_min_m: 0.025
 * /stair_descent_manager/truth_descent_segment_turn_alignment_progress_timeout_sec: 3.0
 * /stair_descent_manager/truth_descent_segment_turn_drift_limit_m: 0.4
 * /stair_descent_manager/truth_descent_segment_turn_lateral_speed_mps: 0.4
 * /stair_descent_manager/truth_descent_segment_turn_position_tolerance_m: 0.16
 * /stair_descent_manager/truth_descent_segment_turn_progress_min_improvement_rad: 0.11
 * /stair_descent_manager/truth_descent_segment_turn_progress_timeout_sec: 2.8
 * /stair_descent_manager/truth_descent_segment_turn_side_speed_mps: 0.4
 * /stair_descent_manager/truth_descent_segment_turn_x_safe_tolerance_m: 0.25
 * /stair_descent_manager/truth_descent_segment_turn_y_safe_high_m: 1.95
 * /stair_descent_manager/truth_descent_segment_turn_yaw_rate_rps: 1.0
 * /stair_descent_manager/truth_descent_side_slip_pause_sec: 0.5
 * /stair_descent_manager/truth_descent_stall_seconds: 3.0
 * /stair_descent_manager/truth_descent_step_pause_interval_m: 0.18
 * /stair_descent_manager/truth_descent_step_pause_seconds: 0.0
 * /stair_descent_manager/truth_descent_trigger_timeout_sec: 2400.0
 * /stair_descent_manager/truth_descent_turn_forward_speed_mps: 0.08
 * /stair_descent_manager/truth_descent_turn_forward_y_limit_m: 4.82
 * /stair_descent_manager/truth_descent_turn_start_y: 5.05
 * /stair_descent_manager/truth_entry_guide: True
 * /stair_descent_manager/truth_two_stage_guide: True
 * /stair_transition_manager/ascent_maximum_speed_mps: 0.8
 * /stair_transition_manager/ascent_speed_mps: 0.8
 * /stair_transition_manager/ascent_timeout_sec: 70.0
 * /stair_transition_manager/auto_start: False
 * /stair_transition_manager/command_topic: /cmd_vel
 * /stair_transition_manager/enable_truth_return_gate: False
 * /stair_transition_manager/enable_visual_stair_alignment: False
 * /stair_transition_manager/entry_alignment_yaw_rate_rps: 0.4
 * /stair_transition_manager/flight_a_height_gain_m: 1.05
 * /stair_transition_manager/flight_b_timeout_sec: 70.0
 * /stair_transition_manager/hold_rl_during_ascent: True
 * /stair_transition_manager/landing_cross_distance_m: 0.95
 * /stair_transition_manager/landing_cross_speed_mps: 0.75
 * /stair_transition_manager/landing_heading_tolerance_rad: 0.15
 * /stair_transition_manager/landing_timeout_sec: 30.0
 * /stair_transition_manager/landing_turn_angle_rad: -2.4
 * /stair_transition_manager/landing_turn_speed_rps: 1.2
 * /stair_transition_manager/odom_topic: /Odometry_gazebo
 * /stair_transition_manager/offline_stair_model_sdf: /tmp/simenv_bridg...
 * /stair_transition_manager/offline_truth_layout_metadata: /tmp/simenv_bridg...
 * /stair_transition_manager/output_dir: /home/quinn/0904/...
 * /stair_transition_manager/plane_policy: /home/quinn/0904/...
 * /stair_transition_manager/policy_warmup_seconds: 0.2
 * /stair_transition_manager/pre_ascent_rl_fast_blend_seconds: 0.5
 * /stair_transition_manager/pre_ascent_rl_fast_takeover: True
 * /stair_transition_manager/pre_ascent_rl_fast_zero_hold_seconds: 0.15
 * /stair_transition_manager/pre_ascent_rl_settle_seconds: 0.6
 * /stair_transition_manager/pre_ascent_stand_seconds: 0.0
 * /stair_transition_manager/second_floor_handoff_timeout_sec: 90.0
 * /stair_transition_manager/second_floor_stable_seconds: 0.5
 * /stair_transition_manager/stair_policy: /home/quinn/0904/...
 * /stair_transition_manager/total_height_gain_m: 2.2
 * /stair_transition_manager/truth_entry_final_speed_mps: 0.55
 * /stair_transition_manager/truth_entry_guide: True
 * /stair_transition_manager/truth_entry_guide_min_speed_mps: 0.25
 * /stair_transition_manager/truth_entry_guide_speed_mps: 0.45
 * /stair_transition_manager/truth_entry_timeout_sec: 120.0
 * /stair_transition_manager/truth_fixed_two_flight_profile: True
 * /stair_transition_manager/truth_flight_a_backslide_recovery_hold_seconds: 1.5
 * /stair_transition_manager/truth_flight_a_backslide_recovery_max_attempts: 2
 * /stair_transition_manager/truth_flight_a_backslide_recovery_ramp_seconds: 1.0
 * /stair_transition_manager/truth_flight_a_backslide_recovery_ramp_speed_mps: 0.4
 * /stair_transition_manager/truth_flight_a_climb_ramp_seconds: 1.2
 * /stair_transition_manager/truth_flight_a_near_edge_strong_center_error_m: 0.24
 * /stair_transition_manager/truth_flight_a_policy_capture_max_joint_velocity_rms: 0.18
 * /stair_transition_manager/truth_flight_a_policy_fast_fixed_stand: True
 * /stair_transition_manager/truth_flight_a_policy_fast_fixed_stand_duration_seconds: 0.5
 * /stair_transition_manager/truth_flight_a_policy_fast_fixed_stand_minimum_elapsed_seconds: 0.5
 * /stair_transition_manager/truth_flight_a_policy_fast_fixed_stand_minimum_gain_ratio: 0.75
 * /stair_transition_manager/truth_flight_a_policy_fast_fixed_stand_settle_seconds: 0.0
 * /stair_transition_manager/truth_flight_a_policy_fast_fixed_stand_stable_seconds: 0.5
 * /stair_transition_manager/truth_flight_a_policy_fixed_stand_ready_timeout_sec: 12.0
 * /stair_transition_manager/truth_flight_a_policy_require_fixed_stand_ready: True
 * /stair_transition_manager/truth_flight_a_policy_settle_seconds: 0.35
 * /stair_transition_manager/truth_flight_a_policy_settle_timeout_sec: 8.0
 * /stair_transition_manager/truth_flight_a_policy_stand_seconds: 0.1
 * /stair_transition_manager/truth_flight_a_policy_use_default_stand_target: False
 * /stair_transition_manager/truth_flight_a_prediction_horizon_sec: 1.1
 * /stair_transition_manager/truth_flight_a_rearward_slip_max_climb_speed_mps: 0.12
 * /stair_transition_manager/truth_flight_a_rearward_slip_speed_mps: 0.3
 * /stair_transition_manager/truth_flight_a_recovery_center_speed_mps: 0.22
 * /stair_transition_manager/truth_flight_a_recovery_forward_speed_mps: 0.6
 * /stair_transition_manager/truth_flight_a_require_fresh_ready: True
 * /stair_transition_manager/truth_flight_a_stall_release_seconds: 1.5
 * /stair_transition_manager/truth_flight_a_strong_recovery_forward_speed_mps: 0.4
 * /stair_transition_manager/truth_flight_b_max_yaw_rate_rps: 0.1
 * /stair_transition_manager/truth_flight_b_near_edge_strong_center_error_m: 0.24
 * /stair_transition_manager/truth_flight_b_pitch_min_height_gain_m: 0.08
 * /stair_transition_manager/truth_flight_b_pitch_rate_min_abs_rad: 0.6
 * /stair_transition_manager/truth_flight_b_pitch_rate_trigger_rps: 1.6
 * /stair_transition_manager/truth_flight_b_pitch_rate_window_sec: 0.18
 * /stair_transition_manager/truth_flight_b_pitch_recovery_max_attempts: 2
 * /stair_transition_manager/truth_flight_b_rearward_slip_speed_mps: 0.3
 * /stair_transition_manager/truth_flight_b_recovery_forward_speed_mps: 0.6
 * /stair_transition_manager/truth_flight_b_recovery_hold_seconds: 4.0
 * /stair_transition_manager/truth_flight_b_severe_pitch_detect_seconds: 0.1
 * /stair_transition_manager/truth_flight_b_severe_pitch_rad: 0.8
 * /stair_transition_manager/truth_flight_b_strong_recovery_forward_speed_mps: 0.4
 * /stair_transition_manager/truth_landing_recenter_speed_mps: 0.75
 * /stair_transition_manager/truth_two_stage_guide: True
 * /stair_transition_manager/two_flight_stair: True
 * /stair_transition_manager/upper_landing_clearance_grace_sec: 15.0
 * /stair_transition_manager/wait_for_second_floor_handoff: True
 * /stair_transition_manager/world_frame_ascent: True
 * /state_from_gazebo/robot_name: a1
 * /three_floor_rl_mission_supervisor/lobby_heading_stable_sec: 0.3
 * /three_floor_rl_mission_supervisor/lobby_initial_forward_speed_mps: 0.4
 * /three_floor_rl_mission_supervisor/lobby_linear_acceleration_mps2: 1.0
 * /three_floor_rl_mission_supervisor/minimum_upright_duration_sec: 0.6
 * /three_floor_rl_mission_supervisor/minimum_upright_z: 0.55
 * /three_floor_rl_mission_supervisor/mission_config: /tmp/simenv_bridg...
 * /three_floor_rl_mission_supervisor/mission_timeout_sec: 1800.0
 * /three_floor_rl_mission_supervisor/output_dir: /home/quinn/0904/...
 * /three_floor_rl_mission_supervisor/plane_fast_takeover: True
 * /three_floor_rl_mission_supervisor/plane_fast_takeover_blend_seconds: 0.5
 * /three_floor_rl_mission_supervisor/plane_fast_takeover_zero_hold_seconds: 0.15
 * /three_floor_rl_mission_supervisor/plane_motion_start_ramp_initial_speed_mps: 0.3
 * /three_floor_rl_mission_supervisor/plane_motion_start_ramp_minimum_upright_z: 0.985
 * /three_floor_rl_mission_supervisor/plane_motion_start_ramp_seconds: 3.0
 * /three_floor_rl_mission_supervisor/progress_timeout_sec: 20.0
 * /unpause_after_controllers/controller_namespace: /a1_gazebo
 * /unpause_after_controllers/load_window_seconds: 2.0
 * /unpause_after_controllers/timeout: 120
 * /use_sim_time: True
 * /world_file: /tmp/simenv_bridg...

NODES
  /
    building_control (building_generator_classic/building_generator_classic_control)
    closed_loop_controller (scan_planner/closed_loop_controller)
    gazebo (gazebo_ros/gzserver)
    junior_ctrl (simenv_bridge/classic_trotting_controller.py)
    open_mapping_entrance (simenv_competitor/open_mapping_entrance.py)
    rl_floor_command_mux (simenv_bridge/rl_floor_command_mux.py)
    robot_state_publisher (robot_state_publisher/robot_state_publisher)
    scan_planner_node (scan_planner/scan_planner_node)
    scanplanner_plane_rl_bootstrap (simenv_competitor/controller_mode_bootstrap.py)
    scanplanner_pointcloud_bridge (simenv_bridge/scanplanner_pointcloud_bridge.py)
    scanplanner_red_ball_detector (simenv_bridge/danger_detector.py)
    scanplanner_three_floor_goal_sequencer (simenv_bridge/scanplanner_three_floor_goal_sequencer.py)
    second_to_third_floor_stair_manager (simenv_bridge/stair_transition_manager.py)
    stair_descent_manager (simenv_bridge/stair_descent_manager.py)
    stair_transition_manager (simenv_bridge/stair_transition_manager.py)
    state_from_gazebo (unitree_guide/state_from_gazebo)
    three_floor_rl_mission_supervisor (simenv_bridge/three_floor_rl_mission_supervisor.py)
    unpause_after_controllers (simenv_competitor/unpause_after_controllers.py)
    urdf_spawner (gazebo_ros/spawn_model)
  /a1_gazebo/
    controller_spawner (controller_manager/spawner)
[33m[WARN] [1788703040.178857479]: [closed_loop_controller] ready.[0m
hit: 1.7346
miss: -0.847298
min log: -1.99243
max: 3.89182
thresh log: 1.38629
Using junior_ctrl: /home/quinn/0904/SimEnv-master/devel/lib/unitree_guide/junior_ctrl
Waiting for Gazebo A1 joint state and trunk IMU before junior_ctrl
[31m[ERROR] [1788703041.387123329]: GetModelState: model [a1_gazebo] does not exist[0m
[0m[INFO] [1788703040.500538364]: Finished loading Gazebo ROS API Plugin.[0m
[0m[INFO] [1788703040.502464786]: waitForService: Service [/gazebo/set_physics_properties] has not been advertised, waiting...[0m
[0m[INFO] [1788703041.280782782]: waitForService: Service [/gazebo/set_physics_properties] is now available.[0m
[0m[INFO] [1788703041.300763818]: Physics dynamic reconfigure ready.[0m
[0m[INFO] [1788703041.620702139]: <initialOrientationAsReference> is unset, using default value of false to comply with REP 145 (world as orientation reference)[0m
[0m[INFO] [1788703041.620737403]: <robotNamespace> set to: //[0m
[0m[INFO] [1788703041.620743998]: <topicName> set to: trunk_imu[0m
[0m[INFO] [1788703041.620748916]: <frameName> set to: imu_link[0m
[0m[INFO] [1788703041.620767204]: <updateRateHZ> set to: 1000[0m
[0m[INFO] [1788703041.620773541]: <gaussianNoise> set to: 0[0m
[0m[INFO] [1788703041.620790719]: <xyzOffset> set to: 0 0 0[0m
[0m[INFO] [1788703041.620806004]: <rpyOffset> set to: 0 -0 0[0m
[0m[INFO] [1788703041.644651000]: load csv file name:/home/quinn/0904/runtime_assets/SimEnv/src/unitree_guide/unitree_ros/robots/a1_description/scan_mode/mid360_stable.csv[0m
data size:2500
[livox] csv rows=2500
[0m[INFO] [1788703041.646159727]: ros topic name:/scan[0m
[0m[INFO] [1788703041.646959623]: scan info size:2500[0m
[livox] before RayPlugin::Load
[livox] after RayPlugin::Load
[livox] before CreateCollision
[livox] after CreateCollision
[0m[INFO] [1788703041.647328246]: sample:800[0m
[0m[INFO] [1788703041.647335571]: downsample:1[0m
[livox] before rayShape Load/Init samples=800
[livox] after rayShape Init
[INFO] [1788703040.464822, 0.000000]: Waiting to open mapping entrance main_entrance
[INFO] [1788703043.066167, 0.000000]: Mapping entrance ready: door 'main_entrance' set to open
[INFO] [1788703040.476463, 0.000000]: Loading model XML from ros parameter robot_description
[INFO] [1788703040.483497, 0.000000]: Waiting for service /gazebo/spawn_urdf_model
[INFO] [1788703041.389546, 0.000000]: Calling service /gazebo/spawn_urdf_model
[INFO] [1788703043.058986, 0.000000]: Spawn status: SpawnModel: Successfully spawned entity
[INFO] [1788703043.059676, 0.000000]: Waiting for service /gazebo/set_model_configuration
[INFO] [1788703043.062208, 0.000000]: temporary hack to **fix** the -J joint position option (issue #93), sleeping for 1 second to avoid race condition.
[INFO] [1788703044.065320, 0.000000]: Calling service /gazebo/set_model_configuration
[INFO] [1788703044.068790, 0.000000]: Set model configuration status: SetModelConfiguration: success
[INFO] [1788703046.060311, 0.000000]: Gazebo unpaused after 2.0 s paused controller-load window
[INFO] [1788703046.062690, 0.002000]: All 13 A1 controllers reached running state
A1 sensors and 12 joint controllers are ready; starting classic junior_ctrl
[INFO] Realtime scheduler disabled. Set UNITREE_ENABLE_REALTIME=1 to request SCHED_FIFO.
The control interface for ROS Gazebo simulation
robot_name: a1
controller dt: 0.004 s, frequency: 250.000 Hz
classic gait profile=trot period=0.550s stance_ratio=0.650
/home/quinn/0904/runtime_assets/SimEnv/src/unitree_guide/logs/policy_act_inference_plane.pt
cuda::is_available():0
RL inference device: cpu (requested=hybrid, policy=plane)
[INFO] RL policy resident in preload cache: /home/quinn/0904/runtime_assets/SimEnv/src/unitree_guide/logs/policy_act_inference_plane.pt
cuda::is_available():0
RL inference device: cpu (requested=hybrid, policy=plane)
load model is successed!
load model to device!
[INFO] UNITREE_RL_PRELOAD_PLANE_POLICY already cached: /home/quinn/0904/runtime_assets/SimEnv/src/unitree_guide/logs/policy_act_inference_plane.pt
cuda::is_available():0
[WARNING] UNITREE_RL_DEVICE=hybrid selected CUDA for this policy but CUDA is unavailable; using CPU.
RL inference device: cpu (requested=hybrid, policy=stair)
[INFO] RL policy resident in preload cache: /home/quinn/0904/runtime_assets/SimEnv/src/unitree_guide/logs/policy_act_inference_stair.pt
[INFO] UNITREE_RL_PRELOAD_STAIR_POLICY preloaded: /home/quinn/0904/runtime_assets/SimEnv/src/unitree_guide/logs/policy_act_inference_stair.pt
[INFO] RL observation source: trunk IMU and joint states (no ground truth).
[INFO] Autonomous startup: entering fixed stand (hold until /joy RL).
Switched from passive to fixed stand
Warning: TF_REPEATED_DATA ignoring data with redundant timestamp for frame sliding_map (parent world) at time 1.086000 according to authority /scan_planner_node
         at line 277 in /tmp/binarydeb/ros-noetic-tf2-0.7.10/src/buffer_core.cpp
[0m[INFO] [1788703047.732870663, 1.086000000]: [SCANReplanFSM] Set RViz goal height from initial body_pose z: 0.057[0m
[FSM]: state: INIT
wait for goal.
[FSM]: state: INIT
wait for goal.
[FSM]: state: INIT
wait for goal.
[FSM]: state: INIT
wait for goal.
[INFO] Hold-stand released; RL requested.
Switched from fixed stand to RL
[INFO] Entered RL /cmd_vel mode.
[FSM]: state: INIT
wait for goal.
[FSM]: state: INIT
wait for goal.
[FSM]: state: INIT
wait for goal.
[FSM]: state: INIT
wait for goal.
[FSM]: state: INIT
wait for goal.
[FSM]: state: INIT
wait for goal.
[0m[INFO] [1788703054.448700657, 5.352000000]: RL policy input vx=0.000 vy=0.000 wz=0.000 action_rms=0.314 ready=0 userCmd=0 kbd=0 raw=0.000,0.000,0.000 grav=-0.01,0.00,-0.98[0m
[0m[INFO] [1788703057.599210721, 7.352000000]: RL policy input vx=0.000 vy=0.000 wz=0.000 action_rms=0.211 ready=0 userCmd=0 kbd=0 raw=0.000,0.000,0.000 grav=-0.01,0.07,-0.98[0m
[0m[INFO] [1788703060.742546422, 9.354000000]: RL policy input vx=0.000 vy=0.000 wz=0.000 action_rms=0.144 ready=0 userCmd=0 kbd=0 raw=0.000,0.000,0.000 grav=0.00,-0.00,-0.98[0m
[0m[INFO] [1788703063.032719317, 10.812000000]: RL locomotion_ready latched after 5.51 s takeover and 5.46 s stable hold[0m
cuda::is_available():0
[WARNING] UNITREE_RL_DEVICE=hybrid selected CUDA for this policy but CUDA is unavailable; using CPU.
RL inference device: cpu (requested=hybrid, policy=stair)
[INFO] RL policy hot-switched from preload cache: /home/quinn/0904/runtime_assets/SimEnv/src/unitree_guide/logs/policy_act_inference_stair.pt
[FSM]: state: INIT
wait for goal.
[FSM]: state: INIT
wait for goal.
[FSM]: state: INIT
wait for goal.
[FSM]: state: INIT
wait for goal.
[FSM]: state: INIT
wait for goal.
[FSM]: state: INIT
wait for goal.
[FSM]: state: INIT
wait for goal.
[FSM]: state: INIT
wait for goal.
[FSM]: state: INIT
wait for goal.
[FSM]: state: INIT
wait for goal.
[FSM]: state: INIT
wait for goal.
[FSM]: state: INIT
wait for goal.
[FSM]: state: INIT
wait for goal.
[FSM]: state: INIT
wait for goal.
[33m[WARN] [1788703086.881489278, 25.978000000]: Using one-shot plane RL takeover profile: blend 0.50 s, zero hold 0.15 s[0m
[FSM]: state: INIT
wait for goal.
[0m[INFO] [1788703063.910841075, 11.372000000]: RL policy input vx=0.000 vy=0.000 wz=0.000 action_rms=0.145 ready=0 userCmd=0 kbd=0 raw=0.000,0.000,0.000 grav=0.00,0.01,-0.98[0m
[0m[INFO] [1788703067.074854712, 13.388000000]: RL policy input vx=0.000 vy=0.000 wz=0.000 action_rms=0.144 ready=0 userCmd=0 kbd=0 raw=0.000,0.000,0.000 grav=-0.01,0.03,-0.98[0m
[0m[INFO] [1788703070.268112757, 15.408000000]: RL policy input vx=0.000 vy=0.000 wz=0.000 action_rms=0.144 ready=0 userCmd=0 kbd=0 raw=0.000,0.000,0.000 grav=-0.02,0.03,-0.98[0m
[0m[INFO] [1788703071.729403271, 16.336000000]: RL locomotion_ready latched after 5.50 s takeover and 5.50 s stable hold[0m
[0m[INFO] [1788703073.439520351, 17.426000000]: RL policy input vx=0.348 vy=-0.007 wz=-0.004 action_rms=0.178 ready=1 userCmd=0 kbd=0 raw=0.348,-0.007,-0.004 grav=-0.01,0.02,-0.98[0m
[0m[INFO] [1788703076.577553035, 19.430000000]: RL policy input vx=0.522 vy=-0.011 wz=0.008 action_rms=0.251 ready=1 userCmd=0 kbd=0 raw=0.522,-0.011,0.008 grav=-0.08,-0.05,-0.97[0m
[0m[INFO] [1788703079.690373453, 21.430000000]: RL policy input vx=0.415 vy=-0.069 wz=-0.042 action_rms=0.161 ready=1 userCmd=0 kbd=0 raw=0.415,-0.069,-0.042 grav=-0.00,0.01,-0.98[0m
[0m[INFO] [1788703082.872341084, 23.446000000]: RL policy input vx=0.420 vy=-0.003 wz=-0.041 action_rms=0.197 ready=1 userCmd=0 kbd=0 raw=0.420,-0.003,-0.041 grav=-0.00,0.02,-0.98[0m
[0m[INFO] [1788703086.058795350, 25.462000000]: RL policy input vx=0.420 vy=0.011 wz=-0.052 action_rms=0.223 ready=1 userCmd=0 kbd=0 raw=0.420,0.011,-0.052 grav=0.21,0.04,-0.96[0m
cuda::is_available():0
RL inference device: cpu (requested=hybrid, policy=plane)
[INFO] RL policy hot-switched from preload cache: /home/quinn/0904/runtime_assets/SimEnv/src/unitree_guide/logs/policy_act_inference_plane.pt
[FSM]: state: INIT
wait for goal.
[FSM]: state: INIT
wait for goal.
[FSM]: state: INIT
wait for goal.
[FSM]: state: INIT
wait for goal.
[FSM]: state: INIT
wait for goal.
[FSM]: state: INIT
wait for goal.
[FSM]: state: INIT
wait for goal.
[FSM]: state: INIT
wait for goal.
[33m[WARN] [1788703101.162700241, 34.866000000]: Plane tilt guard scaling cmd_vel by 0.95 at tilt 0.147 rad[0m
[FSM]: state: INIT
wait for goal.
[33m[WARN] [1788703102.804143742, 35.894000000]: Plane tilt guard scaling cmd_vel by 0.98 at tilt 0.143 rad[0m
[FSM]: state: INIT
wait for goal.
[FSM]: state: INIT
wait for goal.
[FSM]: state: INIT
wait for goal.
[FSM]: state: INIT
wait for goal.
[FSM]: state: INIT
wait for goal.
[FSM]: state: INIT
wait for goal.
[FSM]: state: INIT
wait for goal.
[FSM]: state: INIT
wait for goal.
[FSM]: state: INIT
wait for goal.
[FSM]: state: INIT
wait for goal.
[FSM]: state: INIT
wait for goal.
[FSM]: state: INIT
wait for goal.
[FSM]: state: INIT
wait for goal.
[FSM]: state: INIT
wait for goal.
[FSM]: state: INIT
wait for goal.
[FSM]: state: INIT
wait for goal.
[FSM]: state: INIT
wait for goal.
[FSM]: state: INIT
wait for goal.
[FSM]: state: INIT
wait for goal.
[FSM]: state: INIT
wait for goal.
[FSM]: state: INIT
wait for goal.
[FSM]: state: INIT
wait for goal.
[FSM]: state: INIT
wait for goal.
[FSM]: state: INIT
wait for goal.
[33m[WARN] [1788703140.484666924, 59.546000000]: Plane tilt guard scaling cmd_vel by 0.98 at tilt 0.143 rad[0m
[FSM]: state: INIT
wait for goal.
[FSM]: state: INIT
wait for goal.
[FSM]: state: INIT
wait for goal.
[FSM]: state: INIT
wait for goal.
[FSM]: state: INIT
wait for goal.
[FSM]: state: INIT
wait for goal.
[FSM]: state: INIT
wait for goal.
[FSM]: state: INIT
wait for goal.
[FSM]: state: INIT
wait for goal.
[FSM]: state: INIT
wait for goal.
[0m[INFO] [1788703087.933391448, 26.636000000]: RL locomotion_ready latched after 0.66 s takeover and 0.41 s stable hold[0m
[0m[INFO] [1788703089.259547025, 27.468000000]: RL policy input vx=1.083 vy=-0.028 wz=-0.029 action_rms=0.370 ready=1 userCmd=0 kbd=0 raw=1.083,-0.028,-0.029 grav=-0.03,-0.02,-0.98[0m
[0m[INFO] [1788703092.471217281, 29.476000000]: RL policy input vx=2.250 vy=0.005 wz=0.003 action_rms=0.466 ready=1 userCmd=0 kbd=0 raw=2.250,0.005,0.003 grav=0.01,0.06,-0.98[0m
[0m[INFO] [1788703095.703261414, 31.476000000]: RL policy input vx=2.250 vy=-0.029 wz=-0.014 action_rms=0.352 ready=1 userCmd=0 kbd=0 raw=2.250,-0.029,-0.014 grav=0.01,-0.01,-0.98[0m
[0m[INFO] [1788703098.932835067, 33.484000000]: RL policy input vx=2.247 vy=0.115 wz=0.056 action_rms=0.328 ready=1 userCmd=0 kbd=0 raw=2.247,0.115,0.056 grav=0.04,0.03,-0.98[0m
[0m[INFO] [1788703102.194276182, 35.504000000]: RL policy input vx=1.009 vy=0.222 wz=0.238 action_rms=0.339 ready=1 userCmd=0 kbd=0 raw=1.009,0.222,0.238 grav=0.08,0.04,-0.98[0m
[0m[INFO] [1788703105.398402387, 37.522000000]: RL policy input vx=0.000 vy=0.000 wz=0.294 action_rms=0.147 ready=1 userCmd=0 kbd=0 raw=0.000,0.000,0.294 grav=0.02,-0.01,-0.98[0m
[0m[INFO] [1788703108.683842934, 39.530000000]: RL policy input vx=0.450 vy=0.000 wz=0.033 action_rms=0.253 ready=1 userCmd=0 kbd=0 raw=0.450,0.000,0.033 grav=0.01,-0.02,-0.98[0m
[0m[INFO] [1788703111.983972311, 41.548000000]: RL policy input vx=0.450 vy=0.000 wz=-0.007 action_rms=0.191 ready=1 userCmd=0 kbd=0 raw=0.450,0.000,-0.007 grav=0.01,-0.01,-0.98[0m
[0m[INFO] [1788703115.254097929, 43.550000000]: RL policy input vx=0.898 vy=0.054 wz=0.066 action_rms=0.146 ready=1 userCmd=0 kbd=0 raw=0.898,0.054,0.066 grav=-0.00,-0.01,-0.98[0m
[0m[INFO] [1788703118.525201869, 45.554000000]: RL policy input vx=0.900 vy=0.005 wz=0.006 action_rms=0.365 ready=1 userCmd=0 kbd=0 raw=0.900,0.005,0.006 grav=-0.01,-0.02,-0.98[0m
[0m[INFO] [1788703121.793321215, 47.562000000]: RL policy input vx=0.000 vy=0.000 wz=-1.037 action_rms=0.150 ready=1 userCmd=0 kbd=0 raw=0.000,0.000,-1.037 grav=0.03,0.01,-0.98[0m
[0m[INFO] [1788703124.981310464, 49.566000000]: RL policy input vx=0.000 vy=0.000 wz=-0.799 action_rms=0.166 ready=1 userCmd=0 kbd=0 raw=0.000,0.000,-0.799 grav=0.00,0.01,-0.98[0m
[0m[INFO] [1788703128.096470047, 51.572000000]: RL policy input vx=0.000 vy=0.000 wz=-1.500 action_rms=0.186 ready=1 userCmd=0 kbd=0 raw=0.000,0.000,-1.500 grav=0.00,-0.00,-0.98[0m
[0m[INFO] [1788703131.209191741, 53.588000000]: RL policy input vx=0.749 vy=-0.499 wz=-0.646 action_rms=0.279 ready=1 userCmd=0 kbd=0 raw=0.749,-0.499,-0.646 grav=-0.03,0.01,-0.98[0m
[0m[INFO] [1788703134.343731310, 55.596000000]: RL policy input vx=0.897 vy=-0.069 wz=-0.084 action_rms=0.182 ready=1 userCmd=0 kbd=0 raw=0.897,-0.069,-0.084 grav=0.01,-0.04,-0.98[0m
[0m[INFO] [1788703137.474679573, 57.604000000]: RL policy input vx=0.000 vy=0.000 wz=2.900 action_rms=0.144 ready=1 userCmd=0 kbd=0 raw=0.000,0.000,2.900 grav=0.01,0.00,-0.98[0m
[0m[INFO] [1788703140.582202008, 59.610000000]: RL policy input vx=2.250 vy=0.041 wz=0.020 action_rms=0.486 ready=1 userCmd=0 kbd=0 raw=2.250,0.041,0.020 grav=-0.01,0.08,-0.98[0m
[0m[INFO] [1788703143.787423025, 61.620000000]: RL policy input vx=0.000 vy=0.000 wz=0.262 action_rms=0.155 ready=1 userCmd=0 kbd=0 raw=0.000,0.000,0.262 grav=0.02,-0.03,-0.98[0m
[0m[INFO] [1788703146.947592561, 63.630000000]: RL policy input vx=0.450 vy=0.000 wz=0.037 action_rms=0.257 ready=1 userCmd=0 kbd=0 raw=0.450,0.000,0.037 grav=0.00,-0.02,-0.98[0m
[0m[INFO] [1788703150.122153775, 65.640000000]: RL policy input vx=0.424 vy=-0.015 wz=-0.011 action_rms=0.156 ready=1 userCmd=0 kbd=0 raw=0.424,-0.015,-0.011 grav=0.02,-0.01,-0.98[0m
[0m[INFO] [1788703153.319566921, 67.652000000]: RL policy input vx=0.450 vy=0.000 wz=-0.006 action_rms=0.192 ready=1 userCmd=0 kbd=0 raw=0.450,0.000,-0.006 grav=0.01,-0.02,-0.98[0m
[0m[INFO] [1788703156.456505901, 69.656000000]: RL policy input vx=0.450 vy=0.000 wz=-0.030 action_rms=0.214 ready=1 userCmd=0 kbd=0 raw=0.45[FSM]: state: INIT
wait for goal.
[FSM]: state: INIT
wait for goal.
[FSM]: state: INIT
wait for goal.
[FSM]: state: INIT
wait for goal.
[FSM]: state: INIT
wait for goal.
[FSM]: state: INIT
wait for goal.
[FSM]: state: INIT
wait for goal.
[FSM]: state: INIT
wait for goal.
[FSM]: state: INIT
wait for goal.
[FSM]: state: INIT
wait for goal.
[FSM]: state: INIT
wait for goal.
[FSM]: state: INIT
wait for goal.
[FSM]: state: INIT
wait for goal.
[FSM]: state: INIT
wait for goal.
[FSM]: state: INIT
wait for goal.
[FSM]: state: INIT
wait for goal.
[FSM]: state: INIT
wait for goal.
[FSM]: state: INIT
wait for goal.
[FSM]: state: INIT
wait for goal.
[FSM]: state: INIT
wait for goal.
[FSM]: state: INIT
wait for goal.
[FSM]: state: INIT
wait for goal.
[FSM]: state: INIT
wait for goal.
[FSM]: state: INIT
wait for goal.
[FSM]: state: INIT
wait for goal.
[FSM]: state: INIT
wait for goal.
[FSM]: state: INIT
wait for goal.
[FSM]: state: INIT
wait for goal.
[FSM]: state: INIT
wait for goal.
[FSM]: state: INIT
wait for goal.
[FSM]: state: INIT
wait for goal.
[FSM]: state: INIT
wait for goal.
[FSM]: state: INIT
wait for goal.
[FSM]: state: INIT
wait for goal.
[FSM]: state: INIT
wait for goal.
[FSM]: state: INIT
wait for goal.
[FSM]: state: INIT
wait for goal.
[FSM]: state: INIT
wait for goal.
[FSM]: state: INIT
wait for goal.
[FSM]: state: INIT
wait for goal.
[FSM]: state: INIT
wait for goal.
[FSM]: state: INIT
wait for goal.
[FSM]: state: INIT
wait for goal.
[FSM]: state: INIT
wait for goal.
[FSM]: state: INIT
wait for goal.
[FSM]: state: INIT
wait for goal.
0,0.000,-0.030 grav=0.00,-0.02,-0.98[0m
[0m[INFO] [1788703159.624616034, 71.674000000]: RL policy input vx=0.897 vy=-0.070 wz=-0.086 action_rms=0.252 ready=1 userCmd=0 kbd=0 raw=0.897,-0.070,-0.086 grav=-0.00,-0.03,-0.98[0m
[0m[INFO] [1788703162.793232128, 73.684000000]: RL policy input vx=0.900 vy=-0.007 wz=-0.009 action_rms=0.156 ready=1 userCmd=0 kbd=0 raw=0.900,-0.007,-0.009 grav=0.00,-0.03,-0.98[0m
[0m[INFO] [1788703165.907683675, 75.688000000]: RL policy input vx=0.333 vy=-0.001 wz=-0.003 action_rms=0.235 ready=1 userCmd=0 kbd=0 raw=0.333,-0.001,-0.003 grav=0.02,-0.04,-0.98[0m
[0m[INFO] [1788703169.033143794, 77.694000000]: RL policy input vx=0.000 vy=0.000 wz=2.900 action_rms=0.193 ready=1 userCmd=0 kbd=0 raw=0.000,0.000,2.900 grav=0.05,0.02,-0.98[0m
[0m[INFO] [1788703172.209314010, 79.704000000]: RL policy input vx=0.446 vy=-0.654 wz=-1.040 action_rms=0.175 ready=1 userCmd=0 kbd=0 raw=0.446,-0.654,-1.040 grav=-0.01,0.02,-0.98[0m
[0m[INFO] [1788703175.452165046, 81.722000000]: RL policy input vx=0.235 vy=-0.385 wz=-0.978 action_rms=0.157 ready=1 userCmd=0 kbd=0 raw=0.235,-0.385,-0.978 grav=0.04,-0.01,-0.98[0m
[0m[INFO] [1788703178.623485920, 83.738000000]: RL policy input vx=0.312 vy=-0.060 wz=-0.208 action_rms=0.134 ready=1 userCmd=0 kbd=0 raw=0.312,-0.060,-0.208 grav=0.02,-0.05,-0.98[0m
[0m[INFO] [1788703181.754847326, 85.738000000]: RL policy input vx=0.000 vy=0.000 wz=-2.900 action_rms=0.207 ready=1 userCmd=0 kbd=0 raw=0.000,0.000,-2.900 grav=-0.00,0.00,-0.98[0m
[0m[INFO] [1788703184.871775039, 87.742000000]: RL policy input vx=0.665 vy=0.186 wz=0.299 action_rms=0.181 ready=1 userCmd=0 kbd=0 raw=0.665,0.186,0.299 grav=0.04,0.06,-0.98[0m
[0m[INFO] [1788703188.001329820, 89.752000000]: RL policy input vx=0.000 vy=0.000 wz=-0.178 action_rms=0.144 ready=1 userCmd=0 kbd=0 raw=0.000,0.000,-0.178 grav=-0.00,-0.00,-0.98[0m
[0m[INFO] [1788703191.118867998, 91.758000000]: RL policy input vx=0.449 vy=0.000 wz=-0.070 action_rms=0.286 ready=1 userCmd=0 kbd=0 raw=0.449,0.000,-0.070 grav=0.01,-0.01,-0.98[0m
[0m[INFO] [1788703194.245791731, 93.778000000]: RL policy input vx=0.736 vy=0.029 wz=0.043 action_rms=0.186 ready=1 userCmd=0 kbd=0 raw=0.736,0.029,0.043 grav=-0.01,-0.01,-0.98[0m
[0m[INFO] [1788703197.379879179, 95.784000000]: RL policy input vx=1.777 vy=-0.450 wz=-0.273 action_rms=0.345 ready=1 userCmd=0 kbd=0 raw=1.777,-0.450,-0.273 grav=-0.04,-0.05,-0.98[0m
[0m[INFO] [1788703200.529351686, 97.792000000]: RL policy input vx=2.247 vy=-0.113 wz=-0.055 action_rms=0.390 ready=1 userCmd=0 kbd=0 raw=2.247,-0.113,-0.055 grav=-0.04,-0.11,-0.97[0m
[0m[INFO] [1788703203.633489821, 99.806000000]: RL policy input vx=2.250 vy=-0.012 wz=-0.006 action_rms=0.278 ready=1 userCmd=0 kbd=0 raw=2.250,-0.012,-0.006 grav=0.02,0.01,-0.98[0m
[0m[INFO] [1788703206.741623291, 101.822000000]: RL policy input vx=2.249 vy=0.068 wz=0.033 action_rms=0.358 ready=1 userCmd=0 kbd=0 raw=2.249,0.068,0.033 grav=-0.01,-0.06,-0.98[0m
[0m[INFO] [1788703209.857100782, 103.840000000]: RL policy input vx=0.358 vy=0.219 wz=0.602 action_rms=0.243 ready=1 userCmd=0 kbd=0 raw=0.358,0.219,0.602 grav=0.02,0.04,-0.98[0m
[0m[INFO] [1788703213.002171169, 105.854000000]: RL policy input vx=0.448 vy=0.000 wz=0.115 action_rms=0.171 ready=1 userCmd=0 kbd=0 raw=0.448,0.000,0.115 grav=-0.01,-0.05,-0.98[0m
[0m[INFO] [1788703216.125160093, 107.854000000]: RL policy input vx=0.450 vy=0.000 wz=0.006 action_rms=0.218 ready=1 userCmd=0 kbd=0 raw=0.450,0.000,0.006 grav=0.01,-0.02,-0.98[0m
[0m[INFO] [1788703219.267520815, 109.870000000]: RL policy input vx=0.889 vy=0.141 wz=0.173 action_rms=0.216 ready=1 userCmd=0 kbd=0 raw=0.889,0.141,0.173 grav=-0.00,0.02,-0.98[0m
[0m[INFO] [1788703222.390080977, 111.878000000]: RL policy input vx=0.900 vy=0.019 wz=0.023 action_rms=0.245 ready=1 userCmd=0 kbd=0 raw=0.900,0.019,0.023 grav=-0.01,-0.02,-0.98[0m
[0m[INFO] [1788703225.524112333, 113.886000000]: RL policy input vx=0.504 vy=0.001 wz=0.002 action_rms=0.169 ready=1 userCmd=0 kbd=0 raw=0.504,0.001,0.002 grav=0.02,-0.04,-0.98[0m
[0m[INFO] [17887032[FSM]: state: INIT
wait for goal.
[FSM]: state: INIT
wait for goal.
[FSM]: state: INIT
wait for goal.
[FSM]: state: INIT
wait for goal.
[FSM]: state: INIT
wait for goal.
[FSM]: state: INIT
wait for goal.
[FSM]: state: INIT
wait for goal.
[FSM]: state: INIT
wait for goal.
[FSM]: state: INIT
wait for goal.
[33m[WARN] [1788703242.213344255, 124.622000000]: Plane tilt guard scaling cmd_vel by 0.98 at tilt 0.143 rad[0m
[FSM]: state: INIT
wait for goal.
[FSM]: state: INIT
wait for goal.
[FSM]: state: INIT
wait for goal.
[FSM]: state: INIT
wait for goal.
[FSM]: state: INIT
wait for goal.
[FSM]: state: INIT
wait for goal.
[FSM]: state: INIT
wait for goal.
[FSM]: state: INIT
wait for goal.
[FSM]: state: INIT
wait for goal.
[FSM]: state: INIT
wait for goal.
[FSM]: state: INIT
wait for goal.
[FSM]: state: INIT
wait for goal.
[FSM]: state: INIT
wait for goal.
[FSM]: state: INIT
wait for goal.
[FSM]: state: INIT
wait for goal.
[FSM]: state: INIT
wait for goal.
[FSM]: state: INIT
wait for goal.
[FSM]: state: INIT
wait for goal.
[FSM]: state: INIT
wait for goal.
[FSM]: state: INIT
wait for goal.
[FSM]: state: INIT
wait for goal.
[FSM]: state: INIT
wait for goal.
[FSM]: state: INIT
wait for goal.
[FSM]: state: INIT
wait for goal.
[FSM]: state: INIT
wait for goal.
[FSM]: state: INIT
wait for goal.
[FSM]: state: INIT
wait for goal.
[FSM]: state: INIT
wait for goal.
[FSM]: state: INIT
wait for goal.
[FSM]: state: INIT
wait for goal.
[FSM]: state: INIT
wait for goal.
[FSM]: state: INIT
wait for goal.
[FSM]: state: INIT
wait for goal.
[FSM]: state: INIT
wait for goal.
[FSM]: state: INIT
wait for goal.
[FSM]: state: INIT
wait for goal.
28.642487867, 115.892000000]: RL policy input vx=0.000 vy=0.000 wz=-2.900 action_rms=0.259 ready=1 userCmd=0 kbd=0 raw=0.000,0.000,-2.900 grav=0.00,-0.01,-0.98[0m
[0m[INFO] [1788703231.780419775, 117.908000000]: RL policy input vx=0.000 vy=0.000 wz=1.500 action_rms=0.254 ready=1 userCmd=0 kbd=0 raw=0.000,0.000,1.500 grav=0.00,-0.01,-0.98[0m
[0m[INFO] [1788703234.888474506, 119.912000000]: RL policy input vx=0.885 vy=0.161 wz=0.198 action_rms=0.317 ready=1 userCmd=0 kbd=0 raw=0.885,0.161,0.198 grav=-0.00,0.03,-0.98[0m
[0m[INFO] [1788703238.031573670, 121.932000000]: RL policy input vx=0.300 vy=-0.001 wz=-0.004 action_rms=0.181 ready=1 userCmd=0 kbd=0 raw=0.300,-0.001,-0.004 grav=0.02,-0.02,-0.98[0m
[0m[INFO] [1788703241.155880433, 123.942000000]: RL policy input vx=0.115 vy=0.115 wz=2.156 action_rms=0.235 ready=1 userCmd=0 kbd=0 raw=0.115,0.115,2.156 grav=0.02,0.02,-0.98[0m
[0m[INFO] [1788703244.314225355, 125.958000000]: RL policy input vx=0.297 vy=-0.039 wz=-0.145 action_rms=0.239 ready=1 userCmd=0 kbd=0 raw=0.297,-0.039,-0.145 grav=0.03,-0.03,-0.98[0m
[0m[INFO] [1788703247.454423598, 127.972000000]: RL policy input vx=0.449 vy=0.000 wz=0.087 action_rms=0.268 ready=1 userCmd=0 kbd=0 raw=0.449,0.000,0.087 grav=-0.01,-0.02,-0.98[0m
[0m[INFO] [1788703250.582328071, 129.978000000]: RL policy input vx=0.450 vy=0.000 wz=0.001 action_rms=0.154 ready=1 userCmd=0 kbd=0 raw=0.450,0.000,0.001 grav=0.01,-0.02,-0.98[0m
[0m[INFO] [1788703253.741781897, 131.980000000]: RL policy input vx=0.427 vy=-0.016 wz=-0.042 action_rms=0.288 ready=1 userCmd=0 kbd=0 raw=0.427,-0.016,-0.042 grav=0.02,-0.01,-0.98[0m
[0m[INFO] [1788703256.884481719, 133.984000000]: RL policy input vx=0.450 vy=0.000 wz=-0.006 action_rms=0.158 ready=1 userCmd=0 kbd=0 raw=0.450,0.000,-0.006 grav=0.01,-0.02,-0.98[0m
[0m[INFO] [1788703260.027022363, 135.992000000]: RL policy input vx=0.792 vy=-0.750 wz=-0.834 action_rms=0.345 ready=1 userCmd=0 kbd=0 raw=0.792,-0.750,-0.834 grav=-0.04,0.03,-0.98[0m
[0m[INFO] [1788703263.164025662, 138.008000000]: RL policy input vx=1.133 vy=0.195 wz=0.188 action_rms=0.223 ready=1 userCmd=0 kbd=0 raw=1.133,0.195,0.188 grav=-0.02,0.02,-0.98[0m
[0m[INFO] [1788703266.268632819, 140.020000000]: RL policy input vx=0.883 vy=0.173 wz=0.213 action_rms=0.286 ready=1 userCmd=0 kbd=0 raw=0.883,0.173,0.213 grav=-0.01,0.04,-0.98[0m
[0m[INFO] [1788703269.416518077, 142.038000000]: RL policy input vx=0.900 vy=0.024 wz=0.029 action_rms=0.247 ready=1 userCmd=0 kbd=0 raw=0.900,0.024,0.029 grav=-0.00,-0.02,-0.98[0m
[0m[INFO] [1788703272.586031273, 144.058000000]: RL policy input vx=0.097 vy=0.000 wz=0.126 action_rms=0.178 ready=1 userCmd=0 kbd=0 raw=0.097,0.000,0.126 grav=0.02,-0.02,-0.98[0m
[0m[INFO] [1788703275.718091059, 146.060000000]: RL policy input vx=0.000 vy=0.000 wz=2.012 action_rms=0.289 ready=1 userCmd=0 kbd=0 raw=0.000,0.000,2.012 grav=0.02,0.02,-0.98[0m
[0m[INFO] [1788703278.849899482, 148.078000000]: RL policy input vx=1.037 vy=0.379 wz=0.385 action_rms=0.221 ready=1 userCmd=0 kbd=0 raw=1.037,0.379,0.385 grav=-0.02,0.09,-0.98[0m
[0m[INFO] [1788703281.992352727, 150.098000000]: RL policy input vx=0.772 vy=0.335 wz=0.451 action_rms=0.148 ready=1 userCmd=0 kbd=0 raw=0.772,0.335,0.451 grav=-0.01,0.09,-0.98[0m
[0m[INFO] [1788703285.087535112, 152.108000000]: RL policy input vx=0.294 vy=0.095 wz=0.345 action_rms=0.250 ready=1 userCmd=0 kbd=0 raw=0.294,0.095,0.345 grav=0.02,0.06,-0.98[0m
[0m[INFO] [1788703288.187717969, 154.120000000]: RL policy input vx=0.889 vy=0.139 wz=0.171 action_rms=0.231 ready=1 userCmd=0 kbd=0 raw=0.889,0.139,0.171 grav=-0.00,0.03,-0.98[0m
[0m[INFO] [1788703291.334622233, 156.128000000]: RL policy input vx=0.898 vy=0.023 wz=0.029 action_rms=0.202 ready=1 userCmd=0 kbd=0 raw=0.898,0.023,0.029 grav=-0.01,-0.01,-0.98[0m
[0m[INFO] [1788703294.504002076, 158.146000000]: RL policy input vx=0.000 vy=0.000 wz=-2.900 action_rms=0.134 ready=1 userCmd=0 kbd=0 raw=0.000,0.000,-2.900 grav=0.00,0.03,-0.98[0m
[0m[INFO] [1788703297.619253603, 160.150000000]: RL policy input vx=1.324 vy=-0.750 wz=-0.[FSM]: state: INIT
wait for goal.
[FSM]: state: INIT
wait for goal.
[FSM]: state: INIT
wait for goal.
[FSM]: state: INIT
wait for goal.
[FSM]: state: INIT
wait for goal.
[FSM]: state: INIT
wait for goal.
[FSM]: state: INIT
wait for goal.
[FSM]: state: INIT
wait for goal.
[FSM]: state: INIT
wait for goal.
[FSM]: state: INIT
wait for goal.
[FSM]: state: INIT
wait for goal.
[33m[WARN] [1788703315.399416470, 171.570000000]: Plane tilt guard scaling cmd_vel by 0.96 at tilt 0.146 rad[0m
[FSM]: state: INIT
wait for goal.
[FSM]: state: INIT
wait for goal.
[FSM]: state: INIT
wait for goal.
[FSM]: state: INIT
wait for goal.
[FSM]: state: INIT
wait for goal.
[33m[WARN] [1788703322.792751632, 176.266000000]: Plane tilt guard scaling cmd_vel by 0.78 at tilt 0.169 rad[0m
[FSM]: state: INIT
wait for goal.
[33m[WARN] [1788703324.381535189, 177.276000000]: Plane tilt guard scaling cmd_vel by 1.00 at tilt 0.140 rad[0m
[FSM]: state: INIT
wait for goal.
[FSM]: state: INIT
wait for goal.
[FSM]: state: INIT
wait for goal.
[33m[WARN] [1788703330.040084242, 180.860000000]: Plane tilt guard scaling cmd_vel by 0.86 at tilt 0.158 rad[0m
[FSM]: state: INIT
wait for goal.
[FSM]: state: INIT
wait for goal.
[FSM]: state: INIT
wait for goal.
[FSM]: state: INIT
wait for goal.
[FSM]: state: INIT
wait for goal.
[FSM]: state: INIT
wait for goal.
[FSM]: state: INIT
wait for goal.
[FSM]: state: INIT
wait for goal.
[FSM]: state: INIT
wait for goal.
[FSM]: state: INIT
wait for goal.
[FSM]: state: INIT
wait for goal.
[FSM]: state: INIT
wait for goal.
[FSM]: state: INIT
wait for goal.
[FSM]: state: INIT
wait for goal.
[FSM]: state: INIT
wait for goal.
[FSM]: state: INIT
wait for goal.
567 action_rms=0.190 ready=1 userCmd=0 kbd=0 raw=1.324,-0.750,-0.567 grav=-0.04,-0.04,-0.98[0m
[0m[INFO] [1788703300.726754026, 162.158000000]: RL policy input vx=0.745 vy=0.750 wz=0.868 action_rms=0.423 ready=1 userCmd=0 kbd=0 raw=0.745,0.750,0.868 grav=-0.02,-0.04,-0.98[0m
[0m[INFO] [1788703303.831074754, 164.158000000]: RL policy input vx=0.000 vy=0.000 wz=-0.450 action_rms=0.139 ready=1 userCmd=0 kbd=0 raw=0.000,0.000,-0.450 grav=0.02,-0.00,-0.98[0m
[0m[INFO] [1788703306.988178842, 166.166000000]: RL policy input vx=0.446 vy=0.000 wz=-0.145 action_rms=0.176 ready=1 userCmd=0 kbd=0 raw=0.446,0.000,-0.145 grav=-0.02,-0.01,-0.98[0m
[0m[INFO] [1788703310.104934108, 168.172000000]: RL policy input vx=0.449 vy=0.000 wz=-0.061 action_rms=0.301 ready=1 userCmd=0 kbd=0 raw=0.449,0.000,-0.061 grav=0.00,-0.02,-0.98[0m
[0m[INFO] [1788703313.241197837, 170.186000000]: RL policy input vx=0.000 vy=0.000 wz=1.150 action_rms=0.131 ready=1 userCmd=0 kbd=0 raw=0.000,0.000,1.150 grav=0.03,-0.02,-0.98[0m
[0m[INFO] [1788703316.384017138, 172.194000000]: RL policy input vx=2.210 vy=0.420 wz=0.207 action_rms=0.224 ready=1 userCmd=0 kbd=0 raw=2.210,0.420,0.207 grav=-0.04,-0.02,-0.98[0m
[0m[INFO] [1788703319.553406205, 174.196000000]: RL policy input vx=2.250 vy=0.024 wz=0.012 action_rms=0.479 ready=1 userCmd=0 kbd=0 raw=2.250,0.024,0.012 grav=0.02,0.00,-0.98[0m
[0m[INFO] [1788703322.696650467, 176.204000000]: RL policy input vx=2.247 vy=0.117 wz=0.057 action_rms=0.358 ready=1 userCmd=0 kbd=0 raw=2.247,0.117,0.057 grav=-0.02,-0.05,-0.98[0m
[0m[INFO] [1788703325.847911229, 178.208000000]: RL policy input vx=2.246 vy=0.132 wz=0.065 action_rms=0.273 ready=1 userCmd=0 kbd=0 raw=2.246,0.132,0.065 grav=0.05,0.08,-0.98[0m
[0m[INFO] [1788703329.034660907, 180.224000000]: RL policy input vx=2.245 vy=0.145 wz=0.071 action_rms=0.223 ready=1 userCmd=0 kbd=0 raw=2.245,0.145,0.071 grav=-0.02,-0.09,-0.98[0m
[0m[INFO] [1788703332.217443963, 182.230000000]: RL policy input vx=0.676 vy=0.037 wz=0.072 action_rms=0.261 ready=1 userCmd=0 kbd=0 raw=0.676,0.037,0.072 grav=0.07,-0.07,-0.97[0m
[0m[INFO] [1788703335.375297110, 184.234000000]: RL policy input vx=1.846 vy=-0.118 wz=-0.070 action_rms=0.366 ready=1 userCmd=0 kbd=0 raw=1.846,-0.118,-0.070 grav=-0.04,-0.09,-0.97[0m
[0m[INFO] [1788703338.551486275, 186.240000000]: RL policy input vx=1.850 vy=0.043 wz=0.025 action_rms=0.371 ready=1 userCmd=0 kbd=0 raw=1.850,0.043,0.025 grav=-0.02,-0.09,-0.98[0m
[0m[INFO] [1788703341.721736053, 188.240000000]: RL policy input vx=0.000 vy=0.000 wz=-1.000 action_rms=0.209 ready=1 userCmd=0 kbd=0 raw=0.000,0.000,-1.000 grav=0.06,0.01,-0.98[0m
[0m[INFO] [1788703344.896445064, 190.254000000]: RL policy input vx=0.000 vy=0.000 wz=-0.162 action_rms=0.147 ready=1 userCmd=0 kbd=0 raw=0.000,0.000,-0.162 grav=0.00,0.01,-0.98[0m
[0m[INFO] [1788703348.054674140, 192.252000000]: RL policy input vx=0.453 vy=0.000 wz=-0.062 action_rms=0.137 ready=1 userCmd=0 kbd=0 raw=0.453,0.000,-0.062 grav=0.03,-0.03,-0.98[0m
[0m[INFO] [1788703351.209190451, 194.254000000]: RL policy input vx=0.000 vy=0.000 wz=-0.557 action_rms=0.162 ready=1 userCmd=0 kbd=0 raw=0.000,0.000,-0.557 grav=0.01,0.00,-0.98[0m
[0m[INFO] [1788703354.415468049, 196.260000000]: RL policy input vx=0.000 vy=0.000 wz=0.000 action_rms=0.179 ready=1 userCmd=0 kbd=0 raw=0.000,0.000,0.000 grav=-0.00,-0.01,-0.98[0m
Switched from RL to fixed stand
[0m[INFO] [1788703354.851259906, 196.526000000]: RL locomotion_ready latched after 170.55 s takeover and 1.95 s stable hold[0m
infer_thread退出!
[33m[WARN] [1788703355.272848875, 196.792000000]: Using one-shot captured-pose FixedStand profile: ramp 0.50 s, settle 0.00 s, ready after 0.50 s + 0.50 s stable, minimum gain 0.75[0m
[INFO] Using /stand_target_joints param stance.
[FSM]: state: INIT
wait for goal.
Switched from fixed stand to RL
[INFO] Entered RL /cmd_vel mode.
[33m[WARN] [1788703356.560899724, 197.586000000]: Using one-shot stair RL takeover profile: blend 0.50 s, zero hold 0.15 s[0m
cuda::is_available():0
[WARNING] UNITREE_RL_DEVICE=hybrid selected CUDA for this policy but CUDA is unavailable; using CPU.
RL inference device: cpu (requested=hybrid, policy=stair)
[INFO] RL policy activated from preload cache at FixedStand entry boundary: /home/quinn/0904/runtime_assets/SimEnv/src/unitree_guide/logs/policy_act_inference_stair.pt
[FSM]: state: INIT
wait for goal.
[FSM]: state: INIT
wait for goal.
[FSM]: state: INIT
wait for goal.
[FSM]: state: INIT
wait for goal.
[FSM]: state: INIT
wait for goal.
[FSM]: state: INIT
wait for goal.
[FSM]: state: INIT
wait for goal.
[FSM]: state: INIT
wait for goal.
[FSM]: state: INIT
wait for goal.
[FSM]: state: INIT
wait for goal.
[FSM]: state: INIT
wait for goal.
[FSM]: state: INIT
wait for goal.
[FSM]: state: INIT
wait for goal.
[FSM]: state: INIT
wait for goal.
[FSM]: state: INIT
wait for goal.
[FSM]: state: INIT
wait for goal.
[FSM]: state: INIT
wait for goal.
[FSM]: state: INIT
wait for goal.
[FSM]: state: INIT
wait for goal.
[FSM]: state: INIT
wait for goal.
[FSM]: state: INIT
wait for goal.
[FSM]: state: INIT
wait for goal.
[FSM]: state: INIT
wait for goal.
[33m[WARN] [1788703392.073095955, 220.236000000]: Using one-shot plane RL takeover profile: blend 0.50 s, zero hold 0.15 s[0m
[0m[INFO] [1788703357.629918537, 198.244000000]: RL locomotion_ready latched after 0.66 s takeover and 0.66 s stable hold[0m
[0m[INFO] [1788703357.663388041, 198.266000000]: RL policy input vx=0.000 vy=0.000 wz=0.000 action_rms=0.148 ready=1 userCmd=0 kbd=0 raw=0.000,0.000,0.000 grav=-0.01,0.02,-0.98[0m
[0m[INFO] [1788703360.868594143, 200.278000000]: RL policy input vx=0.800 vy=-0.051 wz=-0.003 action_rms=0.375 ready=1 userCmd=0 kbd=0 raw=0.800,-0.051,-0.003 grav=-0.36,0.03,-0.91[0m
[0m[INFO] [1788703364.016052486, 202.290000000]: RL policy input vx=0.798 vy=0.062 wz=0.027 action_rms=0.424 ready=1 userCmd=0 kbd=0 raw=0.798,0.062,0.027 grav=-0.41,-0.07,-0.89[0m
[0m[INFO] [1788703367.156989069, 204.292000000]: RL policy input vx=0.625 vy=-0.135 wz=0.049 action_rms=0.482 ready=1 userCmd=0 kbd=0 raw=0.625,-0.135,0.049 grav=-0.43,0.02,-0.88[0m
[0m[INFO] [1788703370.334487608, 206.308000000]: RL policy input vx=0.564 vy=-0.494 wz=-0.791 action_rms=0.152 ready=1 userCmd=0 kbd=0 raw=0.564,-0.494,-0.791 grav=-0.06,-0.05,-0.98[0m
[0m[INFO] [1788703373.484594145, 208.322000000]: RL policy input vx=0.299 vy=-0.030 wz=-0.109 action_rms=0.162 ready=1 userCmd=8 kbd=0 raw=0.299,-0.030,-0.109 grav=0.00,0.01,-0.98[0m
[0m[INFO] [1788703376.613154920, 210.330000000]: RL policy input vx=0.000 vy=0.000 wz=-0.441 action_rms=0.153 ready=1 userCmd=0 kbd=0 raw=0.000,0.000,-0.441 grav=-0.02,0.03,-0.98[0m
[0m[INFO] [1788703379.798265448, 212.332000000]: RL policy input vx=0.000 vy=0.000 wz=0.000 action_rms=0.144 ready=1 userCmd=0 kbd=0 raw=0.000,0.000,0.000 grav=-0.03,0.02,-0.98[0m
[0m[INFO] [1788703382.938064809, 214.340000000]: RL policy input vx=0.800 vy=-0.013 wz=0.008 action_rms=0.414 ready=1 userCmd=8 kbd=0 raw=0.801,-0.013,0.008 grav=-0.37,0.06,-0.91[0m
[0m[INFO] [1788703386.057524573, 216.352000000]: RL policy input vx=0.598 vy=0.047 wz=0.027 action_rms=0.320 ready=1 userCmd=0 kbd=0 raw=0.598,0.047,0.027 grav=-0.38,0.03,-0.90[0m
[0m[INFO] [1788703389.162079912, 218.354000000]: RL policy input vx=0.797 vy=0.073 wz=0.032 action_rms=0.496 ready=1 userCmd=0 kbd=0 raw=0.797,0.073,0.032 grav=-0.47,-0.11,-0.85[0m
cuda::is_available():0
RL inference device: cpu (requested=hybrid, policy=plane)
[INFO] RL policy hot-switched from preload cache: /home/quinn/0904/runtime_assets/SimEnv/src/unitree_guide/logs/policy_act_inference_plane.pt
[FSM]: state: INIT
wait for goal.
[INFO] [1788703353.875887, 195.920000]: Robot is already 0.03 m from the pre-riser pose; skipping the corridor/side legs.
[INFO] [1788703353.876969, 195.920000]: Pre-ascent residual heading error -0.110 rad (visual_depth=False, bearing=none).
[INFO] [1788703354.768507, 196.480000]: Flight-A body settled for 0.35 s; waiting for joint RMS capture window <= 0.180 (current=0.181).
[INFO] [1788703354.842102, 196.520000]: Pre-ascent stand target set from flight-A pre-reload capture entry sample
[INFO] [1788703354.845461, 196.522000]: Flight-A plane gait settled at joint RMS 0.139; holding FixedStand for at least 0.1 s at snapshot pose before queued stair-policy entry.
[INFO] [1788703356.298389, 197.420000]: Flight-A FixedStand readiness gate complete; queued the stair policy for State_RL entry and retaining stand ownership for 0.25 s.
[INFO] [1788703356.552603, 197.580000]: Flight-A policy request has been queued under FixedStand; requesting RL so State_RL loads it before inference starts.
[INFO] [1788703357.662019, 198.264000]: Fresh RL readiness confirmed after the flight-A FixedStand boundary; starting the climb ramp.
[INFO] [1788703357.684230, 198.280000]: Flight-A fresh RL readiness observed; ascent clocks reset and 1.2 s climb ramp started.
[INFO] [1788703357.685827, 198.280000]: STPUB phase=STAIR_ASCENT world=(0.000,0.001,-0.030) body=(0.001,-0.000,-0.030) truth_z=0.312 pose=0.3122678415520415
[INFO] [1788703359.333957, 199.300000]: STPUB phase=STAIR_ASCENT world=(0.030,0.800,-0.016) body=(0.798,-0.066,-0.016) truth_z=0.353 pose=0.3528196727847741
[INFO] [1788703360.934741, 200.320000]: STPUB phase=STAIR_ASCENT world=(0.000,0.600,0.000) body=(0.600,0.000,0.000) truth_z=0.543 pose=0.5431646995050238
[INFO] [1788703362.531596, 201.340000]: STPUB phase=STAIR_ASCENT world=(-0.220,0.600,0.036) body=(0.575,0.280,0.036) truth_z=0.783 pose=0.7826270970337771
[INFO] [1788703364.128683, 202.360000]: STPUB phase=STAIR_ASCENT world=(0.220,0.600,0.020) body=(0.612,-0.185,0.020) truth_z=1.007 pose=1.0071227450144888
[INFO] [1788703365.732616, 203.380000]: STPUB phase=STAIR_ASCENT world=(0.000,0.800,0.028) body=(0.797,0.064,0.028) truth_z=1.210 pose=1.2101967720214601
[INFO] [1788703367.324594, 204.400000]: STPUB phase=STAIR_ASCENT world=(0.000,0.800,0.049) body=(0.792,0.111,0.049) truth_z=1.408 pose=1.4081952345691156
[INFO] [1788703368.946886, 205.420000]: STPUB phase=STAIR_ASCENT world=(0.220,0.600,0.027) body=(0.615,-0.173,0.027) truth_z=1.592 pose=1.5916699871420525
[INFO] [1788703368.977949, 205.440000]: Intermediate landing entered at y=4.76 m; starting moving turn.
[INFO] [1788703370.535732, 206.440000]: STPUB phase=STAIR_LANDING_TURN world=(0.750,0.000,-0.675) body=(0.613,-0.432,-0.675) truth_z=1.618 pose=1.617830268300061
[INFO] [1788703372.141143, 207.460000]: STPUB phase=STAIR_LANDING_TURN world=(0.488,0.000,-0.241) body=(0.476,-0.106,-0.241) truth_z=1.609 pose=1.609299476721839
[INFO] [1788703373.726899, 208.480000]: STPUB phase=STAIR_LANDING_TURN world=(0.300,0.000,-0.102) body=(0.299,-0.028,-0.102) truth_z=1.612 pose=1.6121795439753754
[INFO] [1788703375.312497, 209.500000]: STPUB phase=STAIR_LANDING_TURN world=(0.000,0.000,-0.927) body=(0.000,0.000,-0.927) truth_z=1.618 pose=1.617579555697617
[INFO] [1788703376.914227, 210.520000]: STPUB phase=STAIR_LANDING_TURN world=(0.000,0.000,-0.387) body=(0.000,0.000,-0.387) truth_z=1.624 pose=1.623702279969725
[INFO] [1788703378.529503, 211.540000]: STPUB phase=STAIR_LANDING_TURN world=(0.000,0.000,-0.240) body=(0.000,0.000,-0.240) truth_z=1.634 pose=1.6338946760520157
[INFO] [1788703379.200099, 211.960000]: Flight-B entry aligned: x error=-0.056 m, heading error=-0.149 rad.
[INFO] [1788703379.201102, 211.960000]: Flight-B entry joints saved (12 dofs) -> /home/quinn/0904/results/official_gui_rtf065_s20260_20260906_215635/flight_b_entry_joints_0.json
[INFO] [1788703379.230733, 211.980000]: ASCENT_B gate: entry_guide=True truth_pose=True start_z=0.312 profile=True heading=-1.571 pose_z=1.6265069835841446 truth_z=1.6265069835841446
[INFO] [1788703379.231550, 211.980000]: Pre-ascent RL settle: holding zero command until motion is stable for 0.6 s before FixedStand.
[INFO] [1788703379.232207, 211.980000]: Pre-ascent RL settle active: stable 0.00/0.60 s.
[INFO] [1788703379.967921, 212.440000]: Pre-ascent RL motion settled for 0.61 s; settle-only gate complete (FixedStand disabled).
[INFO] [1788703380.156138, 212.560000]: STPUB phase=STAIR_ASCENT_B world=(-0.032,-0.800,-0.069) body=(0.778,-0.189,-0.069) truth_z=1.621 pose=1.6212758559793117
[INFO] [1788703380.850192, 213.000000]: ASCENT_B gate: entry_guide=True truth_pose=True start_z=0.312 profile=True heading=-1.571 pose_z=1.6791710700705162 truth_z=1.6791710700705162
[INFO] [1788703381.758230, 213.580000]: STPUB phase=STAIR_ASCENT_B world=(-0.032,-0.800,-0.033) body=(0.794,-0.106,-0.033) truth_z=1.775 pose=1.7745932508856261
[INFO] [1788703382.441031, 214.020000]: ASCENT_B gate: entry_guide=True truth_pose=True start_z=0.312 profile=True heading=-1.571 pose_z=1.8606559829837084 truth_z=1.8606559829837084
[INFO] [1788703383.337259, 214.600000]: STPUB phase=STAIR_ASCENT_B world=(0.000,-0.800,0.016) body=(0.799,0.036,0.016) truth_z=1.988 pose=1.9883481720274088
[INFO] [1788703384.019980, 215.040000]: ASCENT_B gate: entry_guide=True truth_pose=True start_z=0.312 profile=True heading=-1.571 pose_z=2.0775780087075706 truth_z=2.0775780087075706
[INFO] [1788703384.920125, 215.620000]: STPUB phase=STAIR_ASCENT_B world=(0.000,-0.600,0.031) body=(0.598,0.054,0.031) truth_z=2.189 pose=2.1890066589375907
[INFO] [1788703385.604573, 216.060000]: ASCENT_B gate: entry_guide=True truth_pose=True start_z=0.312 profile=True heading=-1.571 pose_z=2.297414525994153 truth_z=2.297414525994153
[INFO] [1788703386.499305, 216.640000]: STPUB phase=STAIR_ASCENT_B world=(-0.300,-0.400,0.016) body=(0.413,-0.282,0.016) truth_z=2.403 pose=2.402709624788035
[INFO] [1788703387.187093, 217.080000]: ASCENT_B gate: entry_guide=True truth_pose=True start_z=0.312 profile=True heading=-1.571 pose_z=2.49212563944692 truth_z=2.49212563944692
[INFO] [1788703388.089045, 217.660000]: STPUB phase=STAIR_ASCENT_B world=(0.300,-0.400,0.061) body=(0.342,0.365,0.061) truth_z=2.574 pose=2.5738055080809215
[INFO] [1788703388.766741, 218.100000]: ASCENT_B gate: entry_guide=True truth_pose=True start_z=0.312 profile=True heading=-1.571 pose_z=2.6621562823997835 truth_z=2.6621562823997835
[INFO] [1788703389.663652, 218.680000]: STPUB phase=STAIR_ASCENT_B world=(0.000,-0.800,0.010) body=(0.800,0.022,0.010) truth_z=2.719 pose=2.718134729825524
[INFO] [1788703390.339698, 219.120000]: ASCENT_B gate: entry_guide=True truth_pose=True start_z=0.312 profile=True heading=-1.571 pose_z=2.827417432493766 truth_z=2.827417432493766
[INFO] [1788703391.239793, 219.700000]: STPUB phase=STAIR_ASCENT_B world=(0.000,-0.800,-0.003) body=(0.800,-0.006,-0.003) truth_z=2.896 pose=2.8961442508854334
[INFO] [1788703391.524505, 219.880000]: Upper landing entered: gain=2.59 m, clearance=0.01 m; stabilizing for 0.5 s.
[INFO] [1788703392.047081, 220.220000]: Floor-2 landing confirmed after two flights: gain=2.60 m clearance=0.13 m.
[INFO] [1788703393.168754, 220.944000]: Plane policy acknowledged on the upper landing; releasing stair controller ownership.
[FSM]: state: INIT
wait for goal.
[FSM]: state: INIT
wait for goal.
[FSM]: state: INIT
wait for goal.
[FSM]: state: INIT
wait for goal.
[FSM]: state: INIT
wait for goal.
[FSM]: state: INIT
wait for goal.
[FSM]: state: INIT
wait for goal.
[FSM]: state: INIT
wait for goal.
[FSM]: state: INIT
wait for goal.
[FSM]: state: INIT
wait for goal.
[FSM]: state: INIT
wait for goal.
[FSM]: state: INIT
wait for goal.
[FSM]: state: INIT
wait for goal.
[FSM]: state: INIT
wait for goal.
[FSM]: state: INIT
wait for goal.
[FSM]: state: INIT
wait for goal.
[FSM]: state: INIT
wait for goal.
[FSM]: state: INIT
wait for goal.
[FSM]: state: INIT
wait for goal.
[FSM]: state: INIT
wait for goal.
[FSM]: state: INIT
wait for goal.
[FSM]: state: INIT
wait for goal.
[FSM]: state: INIT
wait for goal.
[FSM]: state: INIT
wait for goal.
[FSM]: state: INIT
wait for goal.
[FSM]: state: INIT
wait for goal.
[FSM]: state: INIT
wait for goal.
[FSM]: state: INIT
wait for goal.
[FSM]: state: INIT
wait for goal.
[FSM]: state: INIT
wait for goal.
[FSM]: state: INIT
wait for goal.
[FSM]: state: INIT
wait for goal.
[FSM]: state: INIT
wait for goal.
[FSM]: state: INIT
wait for goal.
[FSM]: state: INIT
wait for goal.
[FSM]: state: INIT
wait for goal.
[FSM]: state: INIT
wait for goal.
[FSM]: state: INIT
wait for goal.
[FSM]: state: INIT
wait for goal.
[FSM]: state: INIT
wait for goal.
[FSM]: state: INIT
wait for goal.
[0m[INFO] [1788703392.486439187, 220.504000000]: RL policy input vx=0.000 vy=0.000 wz=0.000 action_rms=0.175 ready=0 userCmd=8 kbd=0 raw=0.000,0.000,0.000 grav=0.02,-0.02,-0.98[0m
[0m[INFO] [1788703393.093084351, 220.898000000]: RL locomotion_ready latched after 0.66 s takeover and 0.39 s stable hold[0m
[0m[INFO] [1788703395.599547130, 222.516000000]: RL policy input vx=0.000 vy=0.000 wz=0.677 action_rms=0.211 ready=1 userCmd=0 kbd=0 raw=0.000,0.000,0.677 grav=0.01,0.00,-0.98[0m
[0m[INFO] [1788703398.721233309, 224.516000000]: RL policy input vx=1.035 vy=0.000 wz=0.113 action_rms=0.243 ready=1 userCmd=0 kbd=0 raw=1.035,0.000,0.113 grav=-0.02,-0.01,-0.98[0m
[0m[INFO] [1788703401.832959472, 226.520000000]: RL policy input vx=0.000 vy=0.000 wz=0.485 action_rms=0.172 ready=1 userCmd=0 kbd=0 raw=0.000,0.000,0.485 grav=0.01,-0.02,-0.98[0m
[0m[INFO] [1788703404.973879526, 228.526000000]: RL policy input vx=2.245 vy=0.000 wz=0.072 action_rms=0.360 ready=1 userCmd=0 kbd=0 raw=2.245,0.000,0.072 grav=-0.01,0.05,-0.98[0m
[0m[INFO] [1788703408.087600290, 230.532000000]: RL policy input vx=2.250 vy=0.000 wz=0.006 action_rms=0.409 ready=1 userCmd=0 kbd=0 raw=2.250,0.000,0.006 grav=-0.01,-0.06,-0.98[0m
[0m[INFO] [1788703411.219210835, 232.552000000]: RL policy input vx=2.250 vy=0.000 wz=0.010 action_rms=0.346 ready=1 userCmd=0 kbd=0 raw=2.250,0.000,0.010 grav=0.03,0.02,-0.98[0m
[0m[INFO] [1788703414.342238356, 234.568000000]: RL policy input vx=2.250 vy=0.000 wz=0.009 action_rms=0.326 ready=1 userCmd=0 kbd=0 raw=2.250,0.000,0.009 grav=-0.00,0.02,-0.98[0m
[0m[INFO] [1788703417.479073283, 236.584000000]: RL policy input vx=0.000 vy=0.000 wz=0.580 action_rms=0.203 ready=1 userCmd=0 kbd=0 raw=0.000,0.000,0.580 grav=0.02,0.02,-0.98[0m
[0m[INFO] [1788703420.573605410, 238.586000000]: RL policy input vx=0.449 vy=0.000 wz=0.059 action_rms=0.160 ready=1 userCmd=0 kbd=0 raw=0.449,0.000,0.059 grav=-0.01,-0.02,-0.98[0m
[0m[INFO] [1788703423.667185696, 240.588000000]: RL policy input vx=0.450 vy=0.000 wz=-0.003 action_rms=0.283 ready=1 userCmd=0 kbd=0 raw=0.450,0.000,-0.003 grav=0.01,-0.02,-0.98[0m
[0m[INFO] [1788703426.788078231, 242.606000000]: RL policy input vx=0.891 vy=0.127 wz=0.156 action_rms=0.291 ready=1 userCmd=0 kbd=0 raw=0.891,0.127,0.156 grav=-0.00,0.01,-0.98[0m
[0m[INFO] [1788703429.916715515, 244.620000000]: RL policy input vx=0.900 vy=0.015 wz=0.018 action_rms=0.204 ready=1 userCmd=0 kbd=0 raw=0.900,0.015,0.018 grav=-0.00,-0.01,-0.98[0m
[0m[INFO] [1788703433.003829955, 246.620000000]: RL policy input vx=0.378 vy=-0.012 wz=-0.036 action_rms=0.158 ready=1 userCmd=0 kbd=0 raw=0.378,-0.012,-0.036 grav=0.02,-0.02,-0.98[0m
[0m[INFO] [1788703436.119402492, 248.634000000]: RL policy input vx=0.000 vy=0.000 wz=-0.294 action_rms=0.156 ready=1 userCmd=0 kbd=0 raw=0.000,0.000,-0.294 grav=0.00,0.01,-0.98[0m
[0m[INFO] [1788703439.225646449, 250.650000000]: RL policy input vx=0.000 vy=0.000 wz=-2.900 action_rms=0.225 ready=1 userCmd=0 kbd=0 raw=0.000,0.000,-2.900 grav=-0.00,0.01,-0.98[0m
[0m[INFO] [1788703442.344586811, 252.670000000]: RL policy input vx=0.000 vy=0.000 wz=-1.500 action_rms=0.198 ready=1 userCmd=0 kbd=0 raw=0.000,0.000,-1.500 grav=0.00,0.03,-0.98[0m
[0m[INFO] [1788703445.449596577, 254.684000000]: RL policy input vx=0.888 vy=-0.146 wz=-0.179 action_rms=0.162 ready=1 userCmd=0 kbd=0 raw=0.888,-0.146,-0.179 grav=-0.01,-0.05,-0.98[0m
[0m[INFO] [1788703448.527871944, 256.684000000]: RL policy input vx=0.297 vy=-0.040 wz=-0.148 action_rms=0.197 ready=1 userCmd=0 kbd=0 raw=0.297,-0.040,-0.148 grav=0.02,-0.01,-0.98[0m
[0m[INFO] [1788703451.646722863, 258.702000000]: RL policy input vx=0.000 vy=0.000 wz=2.284 action_rms=0.251 ready=1 userCmd=0 kbd=0 raw=0.000,0.000,2.284 grav=0.02,0.00,-0.98[0m
[0m[INFO] [1788703454.744974757, 260.702000000]: RL policy input vx=0.295 vy=0.056 wz=0.207 action_rms=0.155 ready=1 userCmd=0 kbd=0 raw=0.295,0.056,0.207 grav=0.08,-0.04,-0.98[0m
[0m[INFO] [1788703457.859983841, 262.712000000]: RL policy input vx=0.449 vy=0.000 wz=0.060 action_rms=0.159 ready=1 userCmd=0 [FSM]: state: INIT
wait for goal.
[FSM]: state: INIT
wait for goal.
[FSM]: state: INIT
wait for goal.
[FSM]: state: INIT
wait for goal.
[FSM]: state: INIT
wait for goal.
[FSM]: state: INIT
wait for goal.
[FSM]: state: INIT
wait for goal.
[FSM]: state: INIT
wait for goal.
[FSM]: state: INIT
wait for goal.
[FSM]: state: INIT
wait for goal.
[FSM]: state: INIT
wait for goal.
[FSM]: state: INIT
wait for goal.
[FSM]: state: INIT
wait for goal.
[FSM]: state: INIT
wait for goal.
[FSM]: state: INIT
wait for goal.
[FSM]: state: INIT
wait for goal.
[FSM]: state: INIT
wait for goal.
[FSM]: state: INIT
wait for goal.
[FSM]: state: INIT
wait for goal.
[FSM]: state: INIT
wait for goal.
[FSM]: state: INIT
wait for goal.
[FSM]: state: INIT
wait for goal.
[FSM]: state: INIT
wait for goal.
[FSM]: state: INIT
wait for goal.
[FSM]: state: INIT
wait for goal.
[FSM]: state: INIT
wait for goal.
[FSM]: state: INIT
wait for goal.
[FSM]: state: INIT
wait for goal.
[FSM]: state: INIT
wait for goal.
[FSM]: state: INIT
wait for goal.
[FSM]: state: INIT
wait for goal.
[FSM]: state: INIT
wait for goal.
[FSM]: state: INIT
wait for goal.
[FSM]: state: INIT
wait for goal.
[FSM]: state: INIT
wait for goal.
[FSM]: state: INIT
wait for goal.
[FSM]: state: INIT
wait for goal.
[FSM]: state: INIT
wait for goal.
[FSM]: state: INIT
wait for goal.
[FSM]: state: INIT
wait for goal.
[FSM]: state: INIT
wait for goal.
[FSM]: state: INIT
wait for goal.
[FSM]: state: INIT
wait for goal.
[FSM]: state: INIT
wait for goal.
[FSM]: state: INIT
wait for goal.
[FSM]: state: INIT
wait for goal.
kbd=0 raw=0.449,0.000,0.060 grav=0.00,-0.01,-0.98[0m
[0m[INFO] [1788703460.981894748, 264.716000000]: RL policy input vx=0.450 vy=0.000 wz=-0.006 action_rms=0.296 ready=1 userCmd=0 kbd=0 raw=0.450,0.000,-0.006 grav=0.00,-0.02,-0.98[0m
[0m[INFO] [1788703464.090622076, 266.728000000]: RL policy input vx=0.450 vy=0.000 wz=0.008 action_rms=0.152 ready=1 userCmd=0 kbd=0 raw=0.450,0.000,0.008 grav=0.02,-0.02,-0.98[0m
[0m[INFO] [1788703467.206607656, 268.738000000]: RL policy input vx=0.450 vy=0.000 wz=-0.021 action_rms=0.288 ready=1 userCmd=0 kbd=0 raw=0.450,0.000,-0.021 grav=0.01,-0.02,-0.98[0m
[0m[INFO] [1788703470.324834568, 270.738000000]: RL policy input vx=0.702 vy=-0.406 wz=-0.577 action_rms=0.132 ready=1 userCmd=0 kbd=0 raw=0.702,-0.406,-0.577 grav=-0.02,-0.05,-0.98[0m
[0m[INFO] [1788703473.421677866, 272.746000000]: RL policy input vx=0.494 vy=0.073 wz=0.162 action_rms=0.290 ready=1 userCmd=0 kbd=0 raw=0.494,0.073,0.162 grav=0.02,0.00,-0.98[0m
[0m[INFO] [1788703476.531761677, 274.756000000]: RL policy input vx=0.894 vy=0.105 wz=0.128 action_rms=0.152 ready=1 userCmd=0 kbd=0 raw=0.894,0.105,0.128 grav=-0.00,0.02,-0.98[0m
[0m[INFO] [1788703479.640241716, 276.764000000]: RL policy input vx=0.900 vy=0.008 wz=0.010 action_rms=0.366 ready=1 userCmd=0 kbd=0 raw=0.900,0.008,0.010 grav=-0.01,-0.02,-0.98[0m
[0m[INFO] [1788703482.741697686, 278.774000000]: RL policy input vx=0.000 vy=0.000 wz=1.367 action_rms=0.225 ready=1 userCmd=0 kbd=0 raw=0.000,0.000,1.367 grav=0.03,-0.00,-0.98[0m
[0m[INFO] [1788703485.861851053, 280.792000000]: RL policy input vx=0.000 vy=0.000 wz=1.150 action_rms=0.122 ready=1 userCmd=0 kbd=0 raw=0.000,0.000,1.150 grav=0.02,0.00,-0.98[0m
[0m[INFO] [1788703488.959710195, 282.796000000]: RL policy input vx=0.637 vy=0.159 wz=0.269 action_rms=0.269 ready=1 userCmd=0 kbd=0 raw=0.637,0.159,0.269 grav=0.02,0.07,-0.98[0m
[0m[INFO] [1788703492.066926423, 284.804000000]: RL policy input vx=0.498 vy=0.136 wz=0.293 action_rms=0.131 ready=1 userCmd=0 kbd=0 raw=0.498,0.136,0.293 grav=0.03,0.08,-0.98[0m
[0m[INFO] [1788703495.174641534, 286.814000000]: RL policy input vx=0.394 vy=0.199 wz=0.455 action_rms=0.152 ready=1 userCmd=0 kbd=0 raw=0.394,0.199,0.455 grav=0.03,0.03,-0.98[0m
[0m[INFO] [1788703498.277950818, 288.824000000]: RL policy input vx=0.895 vy=0.098 wz=0.120 action_rms=0.160 ready=1 userCmd=0 kbd=0 raw=0.895,0.098,0.120 grav=0.00,0.01,-0.98[0m
[0m[INFO] [1788703501.406448014, 290.842000000]: RL policy input vx=0.500 vy=0.008 wz=0.019 action_rms=0.327 ready=1 userCmd=0 kbd=0 raw=0.500,0.008,0.019 grav=0.01,-0.02,-0.98[0m
[0m[INFO] [1788703504.502431534, 292.852000000]: RL policy input vx=0.000 vy=0.000 wz=-2.900 action_rms=0.406 ready=1 userCmd=0 kbd=0 raw=0.000,0.000,-2.900 grav=0.01,-0.00,-0.98[0m
[0m[INFO] [1788703507.620385373, 294.870000000]: RL policy input vx=1.867 vy=-0.581 wz=-0.337 action_rms=0.386 ready=1 userCmd=0 kbd=0 raw=1.867,-0.581,-0.337 grav=-0.03,-0.04,-0.98[0m
[0m[INFO] [1788703510.727972694, 296.886000000]: RL policy input vx=0.841 vy=0.513 wz=0.603 action_rms=0.204 ready=1 userCmd=0 kbd=0 raw=0.841,0.513,0.603 grav=0.01,0.07,-0.98[0m
[0m[INFO] [1788703513.837645008, 298.906000000]: RL policy input vx=0.000 vy=0.000 wz=-0.450 action_rms=0.179 ready=1 userCmd=0 kbd=0 raw=0.000,0.000,-0.450 grav=0.00,-0.01,-0.98[0m
[0m[INFO] [1788703516.965692401, 300.920000000]: RL policy input vx=0.446 vy=0.000 wz=-0.142 action_rms=0.255 ready=1 userCmd=0 kbd=0 raw=0.446,0.000,-0.142 grav=-0.03,0.01,-0.98[0m
[0m[INFO] [1788703520.092541541, 302.940000000]: RL policy input vx=0.449 vy=0.000 wz=-0.067 action_rms=0.154 ready=1 userCmd=0 kbd=0 raw=0.449,0.000,-0.067 grav=0.01,-0.02,-0.98[0m
[0m[INFO] [1788703523.197206836, 304.956000000]: RL policy input vx=0.086 vy=-0.270 wz=-1.150 action_rms=0.235 ready=1 userCmd=0 kbd=0 raw=0.086,-0.270,-1.150 grav=0.02,0.04,-0.98[0m
[0m[INFO] [1788703526.311353090, 306.962000000]: RL policy input vx=2.211 vy=-0.415 wz=-0.204 action_rms=0.330 ready=1 userCmd=0 kbd=0 raw=2.211,-0.415,-0.204 grav=-0.02,-0.04,-0.98[0m
[0m[INFO] [17[FSM]: state: INIT
wait for goal.
[33m[WARN] [1788703530.380233493, 309.604000000]: Plane tilt guard scaling cmd_vel by 0.99 at tilt 0.141 rad[0m
[FSM]: state: INIT
wait for goal.
[FSM]: state: INIT
wait for goal.
[FSM]: state: INIT
wait for goal.
[FSM]: state: INIT
wait for goal.
[FSM]: state: INIT
wait for goal.
[FSM]: state: INIT
wait for goal.
[FSM]: state: INIT
wait for goal.
[FSM]: state: INIT
wait for goal.
[FSM]: state: INIT
wait for goal.
[FSM]: state: INIT
wait for goal.
[FSM]: state: INIT
wait for goal.
[FSM]: state: INIT
wait for goal.
[FSM]: state: INIT
wait for goal.
[FSM]: state: INIT
wait for goal.
[FSM]: state: INIT
wait for goal.
[FSM]: state: INIT
wait for goal.
[FSM]: state: INIT
wait for goal.
[FSM]: state: INIT
wait for goal.
[FSM]: state: INIT
wait for goal.
[FSM]: state: INIT
wait for goal.
[FSM]: state: INIT
wait for goal.
[FSM]: state: INIT
wait for goal.
[FSM]: state: INIT
wait for goal.
[FSM]: state: INIT
wait for goal.
[FSM]: state: INIT
wait for goal.
[FSM]: state: INIT
wait for goal.
[33m[WARN] [1788703571.148659621, 335.956000000]: Plane tilt guard scaling cmd_vel by 0.96 at tilt 0.145 rad[0m
[FSM]: state: INIT
wait for goal.
[FSM]: state: INIT
wait for goal.
[FSM]: state: INIT
wait for goal.
[FSM]: state: INIT
wait for goal.
[FSM]: state: INIT
wait for goal.
[FSM]: state: INIT
wait for goal.
[FSM]: state: INIT
wait for goal.
[FSM]: state: INIT
wait for goal.
[FSM]: state: INIT
wait for goal.
[FSM]: state: INIT
wait for goal.
[FSM]: state: INIT
wait for goal.
[FSM]: state: INIT
wait for goal.
[FSM]: state: INIT
wait for goal.
[FSM]: state: INIT
wait for goal.
[FSM]: state: INIT
wait for goal.
[FSM]: state: INIT
wait for goal.
[FSM]: state: INIT
wait for goal.
[FSM]: state: INIT
wait for goal.
88703529.417068085, 308.978000000]: RL policy input vx=2.241 vy=-0.201 wz=-0.098 action_rms=0.403 ready=1 userCmd=0 kbd=0 raw=2.241,-0.201,-0.098 grav=0.03,0.00,-0.98[0m
[0m[INFO] [1788703532.502562440, 310.982000000]: RL policy input vx=2.250 vy=-0.002 wz=-0.001 action_rms=0.346 ready=1 userCmd=0 kbd=0 raw=2.250,-0.002,-0.001 grav=0.00,0.00,-0.98[0m
[0m[INFO] [1788703535.602817943, 312.996000000]: RL policy input vx=2.198 vy=0.194 wz=0.097 action_rms=0.391 ready=1 userCmd=0 kbd=0 raw=2.198,0.194,0.097 grav=0.03,0.04,-0.98[0m
[0m[INFO] [1788703538.689936399, 314.998000000]: RL policy input vx=0.000 vy=0.000 wz=0.532 action_rms=0.187 ready=1 userCmd=0 kbd=0 raw=0.000,0.000,0.532 grav=0.03,0.01,-0.98[0m
[0m[INFO] [1788703541.781657373, 316.998000000]: RL policy input vx=0.449 vy=0.000 wz=0.063 action_rms=0.189 ready=1 userCmd=0 kbd=0 raw=0.449,0.000,0.063 grav=0.01,-0.02,-0.98[0m
[0m[INFO] [1788703544.887194378, 319.002000000]: RL policy input vx=0.450 vy=0.000 wz=-0.009 action_rms=0.215 ready=1 userCmd=0 kbd=0 raw=0.450,0.000,-0.009 grav=0.00,-0.02,-0.98[0m
[0m[INFO] [1788703548.007414611, 321.014000000]: RL policy input vx=0.896 vy=0.085 wz=0.104 action_rms=0.347 ready=1 userCmd=0 kbd=0 raw=0.896,0.085,0.104 grav=-0.01,0.01,-0.98[0m
[0m[INFO] [1788703551.144601163, 323.028000000]: RL policy input vx=0.900 vy=0.009 wz=0.011 action_rms=0.153 ready=1 userCmd=0 kbd=0 raw=0.900,0.009,0.011 grav=0.00,-0.02,-0.98[0m
[0m[INFO] [1788703554.290164861, 325.042000000]: RL policy input vx=0.300 vy=-0.000 wz=-0.001 action_rms=0.213 ready=1 userCmd=0 kbd=0 raw=0.300,-0.000,-0.001 grav=0.02,-0.03,-0.98[0m
[0m[INFO] [1788703557.390749918, 327.050000000]: RL policy input vx=0.000 vy=0.000 wz=-2.900 action_rms=0.167 ready=1 userCmd=0 kbd=0 raw=0.000,0.000,-2.900 grav=0.01,0.01,-0.98[0m
[0m[INFO] [1788703560.485181594, 329.050000000]: RL policy input vx=0.276 vy=0.470 wz=1.143 action_rms=0.209 ready=1 userCmd=0 kbd=0 raw=0.276,0.470,1.143 grav=0.01,0.01,-0.98[0m
[0m[INFO] [1788703563.586602876, 331.058000000]: RL policy input vx=0.450 vy=0.550 wz=0.877 action_rms=0.290 ready=1 userCmd=0 kbd=0 raw=0.450,0.550,0.877 grav=0.03,0.01,-0.98[0m
[0m[INFO] [1788703566.687948018, 333.068000000]: RL policy input vx=0.297 vy=0.045 wz=0.164 action_rms=0.273 ready=1 userCmd=0 kbd=0 raw=0.297,0.045,0.164 grav=0.02,0.00,-0.98[0m
[0m[INFO] [1788703569.799875115, 335.082000000]: RL policy input vx=0.000 vy=0.000 wz=2.900 action_rms=0.144 ready=1 userCmd=0 kbd=0 raw=0.000,0.000,2.900 grav=0.03,0.01,-0.98[0m
[0m[INFO] [1788703572.911719020, 337.082000000]: RL policy input vx=0.433 vy=-0.112 wz=-0.280 action_rms=0.207 ready=1 userCmd=0 kbd=0 raw=0.433,-0.112,-0.280 grav=0.04,-0.06,-0.98[0m
[0m[INFO] [1788703576.035236471, 339.092000000]: RL policy input vx=0.447 vy=0.000 wz=0.131 action_rms=0.186 ready=1 userCmd=0 kbd=0 raw=0.447,0.000,0.131 grav=0.00,0.01,-0.98[0m
[0m[INFO] [1788703579.194322574, 341.102000000]: RL policy input vx=0.450 vy=0.000 wz=0.018 action_rms=0.249 ready=1 userCmd=0 kbd=0 raw=0.450,0.000,0.018 grav=0.01,-0.01,-0.98[0m
[0m[INFO] [1788703582.355587141, 343.118000000]: RL policy input vx=1.242 vy=-0.005 wz=-0.004 action_rms=0.214 ready=1 userCmd=0 kbd=0 raw=1.242,-0.005,-0.004 grav=-0.03,0.02,-0.98[0m
[0m[INFO] [1788703585.492807690, 345.126000000]: RL policy input vx=0.450 vy=0.000 wz=-0.005 action_rms=0.288 ready=1 userCmd=0 kbd=0 raw=0.450,0.000,-0.005 grav=0.00,-0.02,-0.98[0m
[0m[INFO] [1788703588.612117561, 347.126000000]: RL policy input vx=0.450 vy=0.000 wz=-0.032 action_rms=0.158 ready=1 userCmd=0 kbd=0 raw=0.450,0.000,-0.032 grav=0.01,-0.01,-0.98[0m
[0m[INFO] [1788703591.722037077, 349.142000000]: RL policy input vx=0.898 vy=0.054 wz=0.066 action_rms=0.161 ready=1 userCmd=0 kbd=0 raw=0.898,0.054,0.066 grav=-0.00,0.01,-0.98[0m
[0m[INFO] [1788703594.820999926, 351.146000000]: RL policy input vx=0.900 vy=0.008 wz=0.009 action_rms=0.303 ready=1 userCmd=0 kbd=0 raw=0.900,0.008,0.009 grav=-0.00,-0.01,-0.98[0m
[0m[INFO] [1788703597.953093265, 353.166000000]: RL policy input vx=0.300 vy=-0.008 wz[FSM]: state: INIT
wait for goal.
[FSM]: state: INIT
wait for goal.
[FSM]: state: INIT
wait for goal.
[FSM]: state: INIT
wait for goal.
[FSM]: state: INIT
wait for goal.
[FSM]: state: INIT
wait for goal.
[FSM]: state: INIT
wait for goal.
[FSM]: state: INIT
wait for goal.
[FSM]: state: INIT
wait for goal.
[FSM]: state: INIT
wait for goal.
[33m[WARN] [1788703614.085688896, 363.612000000]: Plane tilt guard scaling cmd_vel by 0.97 at tilt 0.144 rad[0m
[FSM]: state: INIT
wait for goal.
[FSM]: state: INIT
wait for goal.
[FSM]: state: INIT
wait for goal.
[FSM]: state: INIT
wait for goal.
[FSM]: state: INIT
wait for goal.
[FSM]: state: INIT
wait for goal.
[FSM]: state: INIT
wait for goal.
[33m[WARN] [1788703625.096719716, 370.714000000]: Plane tilt guard scaling cmd_vel by 0.98 at tilt 0.142 rad[0m
[FSM]: state: INIT
wait for goal.
[FSM]: state: INIT
wait for goal.
[FSM]: state: INIT
wait for goal.
[FSM]: state: INIT
wait for goal.
[FSM]: state: INIT
wait for goal.
[FSM]: state: INIT
wait for goal.
[FSM]: state: INIT
wait for goal.
[FSM]: state: INIT
wait for goal.
[FSM]: state: INIT
wait for goal.
[FSM]: state: INIT
wait for goal.
[FSM]: state: INIT
wait for goal.
[FSM]: state: INIT
wait for goal.
[FSM]: state: INIT
wait for goal.
[FSM]: state: INIT
wait for goal.
[FSM]: state: INIT
wait for goal.
[FSM]: state: INIT
wait for goal.
[FSM]: state: INIT
wait for goal.
[FSM]: state: INIT
wait for goal.
[FSM]: state: INIT
wait for goal.
[FSM]: state: INIT
wait for goal.
[FSM]: state: INIT
wait for goal.
[FSM]: state: INIT
wait for goal.
[FSM]: state: INIT
wait for goal.
[FSM]: state: INIT
wait for goal.
[FSM]: state: INIT
wait for goal.
[FSM]: state: INIT
wait for goal.
=-0.031 action_rms=0.139 ready=1 userCmd=0 kbd=0 raw=0.300,-0.008,-0.031 grav=0.02,-0.03,-0.98[0m
[0m[INFO] [1788703601.051253232, 355.168000000]: RL policy input vx=0.000 vy=0.000 wz=-2.900 action_rms=0.204 ready=1 userCmd=0 kbd=0 raw=0.000,0.000,-2.900 grav=0.00,-0.00,-0.98[0m
[0m[INFO] [1788703604.143663032, 357.176000000]: RL policy input vx=0.399 vy=0.550 wz=1.022 action_rms=0.181 ready=1 userCmd=0 kbd=0 raw=0.399,0.550,1.022 grav=0.01,-0.04,-0.98[0m
[0m[INFO] [1788703607.261806987, 359.182000000]: RL policy input vx=0.894 vy=0.101 wz=0.124 action_rms=0.182 ready=1 userCmd=0 kbd=0 raw=0.894,0.101,0.124 grav=-0.00,0.01,-0.98[0m
[0m[INFO] [1788703610.349783520, 361.186000000]: RL policy input vx=0.000 vy=0.000 wz=1.847 action_rms=0.247 ready=1 userCmd=0 kbd=0 raw=0.000,0.000,1.847 grav=0.02,-0.01,-0.98[0m
[0m[INFO] [1788703613.446661139, 363.196000000]: RL policy input vx=0.897 vy=0.750 wz=0.766 action_rms=0.256 ready=1 userCmd=0 kbd=0 raw=0.897,0.750,0.766 grav=-0.01,0.03,-0.98[0m
[0m[INFO] [1788703616.547767939, 365.200000000]: RL policy input vx=0.450 vy=0.000 wz=0.022 action_rms=0.256 ready=1 userCmd=0 kbd=0 raw=0.450,0.000,0.022 grav=0.01,0.01,-0.98[0m
[0m[INFO] [1788703619.669083142, 367.216000000]: RL policy input vx=0.450 vy=0.000 wz=-0.017 action_rms=0.171 ready=1 userCmd=0 kbd=0 raw=0.450,0.000,-0.017 grav=0.01,-0.02,-0.98[0m
[0m[INFO] [1788703622.784646419, 369.216000000]: RL policy input vx=0.221 vy=0.000 wz=0.587 action_rms=0.267 ready=1 userCmd=0 kbd=0 raw=0.221,0.000,0.587 grav=-0.00,0.00,-0.98[0m
[0m[INFO] [1788703625.899777573, 371.226000000]: RL policy input vx=2.194 vy=0.498 wz=0.246 action_rms=0.345 ready=1 userCmd=0 kbd=0 raw=2.194,0.498,0.246 grav=-0.02,0.03,-0.98[0m
[0m[INFO] [1788703629.032708823, 373.232000000]: RL policy input vx=2.249 vy=0.065 wz=0.032 action_rms=0.311 ready=1 userCmd=0 kbd=0 raw=2.249,0.065,0.032 grav=-0.04,-0.08,-0.98[0m
[0m[INFO] [1788703632.148022380, 375.250000000]: RL policy input vx=2.250 vy=0.023 wz=0.011 action_rms=0.321 ready=1 userCmd=0 kbd=0 raw=2.250,0.023,0.011 grav=0.02,0.01,-0.98[0m
[0m[INFO] [1788703635.240838288, 377.256000000]: RL policy input vx=2.249 vy=0.069 wz=0.034 action_rms=0.222 ready=1 userCmd=0 kbd=0 raw=2.249,0.069,0.034 grav=-0.02,-0.11,-0.97[0m
[0m[INFO] [1788703638.354134469, 379.264000000]: RL policy input vx=2.246 vy=0.129 wz=0.063 action_rms=0.344 ready=1 userCmd=0 kbd=0 raw=2.246,0.129,0.063 grav=0.00,0.03,-0.98[0m
[0m[INFO] [1788703641.468664801, 381.272000000]: RL policy input vx=0.820 vy=0.082 wz=0.110 action_rms=0.201 ready=1 userCmd=0 kbd=0 raw=0.820,0.082,0.110 grav=0.09,-0.05,-0.97[0m
[0m[INFO] [1788703644.592118090, 383.282000000]: RL policy input vx=1.843 vy=-0.158 wz=-0.094 action_rms=0.302 ready=1 userCmd=0 kbd=0 raw=1.843,-0.158,-0.094 grav=0.00,-0.02,-0.98[0m
[0m[INFO] [1788703647.684552902, 385.286000000]: RL policy input vx=1.850 vy=-0.026 wz=-0.015 action_rms=0.218 ready=1 userCmd=0 kbd=0 raw=1.850,-0.026,-0.015 grav=0.01,-0.05,-0.98[0m
[0m[INFO] [1788703650.793002945, 387.298000000]: RL policy input vx=0.000 vy=0.000 wz=-1.000 action_rms=0.139 ready=1 userCmd=0 kbd=0 raw=0.000,0.000,-1.000 grav=0.07,-0.01,-0.98[0m
[0m[INFO] [1788703653.892243734, 389.302000000]: RL policy input vx=0.000 vy=0.000 wz=-0.215 action_rms=0.166 ready=1 userCmd=0 kbd=0 raw=0.000,0.000,-0.215 grav=0.00,-0.00,-0.98[0m
[0m[INFO] [1788703657.020361319, 391.318000000]: RL policy input vx=1.426 vy=0.000 wz=-0.077 action_rms=0.301 ready=1 userCmd=0 kbd=0 raw=1.426,0.000,-0.077 grav=-0.01,-0.02,-0.98[0m
[0m[INFO] [1788703660.116907859, 393.326000000]: RL policy input vx=0.000 vy=0.000 wz=-0.324 action_rms=0.157 ready=1 userCmd=0 kbd=0 raw=0.000,0.000,-0.324 grav=0.03,-0.01,-0.98[0m
[0m[INFO] [1788703663.235291361, 395.340000000]: RL policy input vx=0.000 vy=0.000 wz=-0.265 action_rms=0.156 ready=1 userCmd=0 kbd=0 raw=0.000,0.000,-0.265 grav=0.00,0.01,-0.98[0m
Switched from RL to fixed stand
[FSM]: state: INIT
wait for goal.
infer_thread退出!
[33m[WARN] [1788703666.132185279, 397.196000000]: Using one-shot captured-pose FixedStand profile: ramp 0.50 s, settle 0.00 s, ready after 0.50 s + 0.50 s stable, minimum gain 0.75[0m
[INFO] Using /stand_target_joints param stance.
Switched from fixed stand to RL
[INFO] Entered RL /cmd_vel mode.
[33m[WARN] [1788703667.424160711, 398.026000000]: Using one-shot stair RL takeover profile: blend 0.50 s, zero hold 0.15 s[0m
cuda::is_available():0
[WARNING] UNITREE_RL_DEVICE=hybrid selected CUDA for this policy but CUDA is unavailable; using CPU.
RL inference device: cpu (requested=hybrid, policy=stair)
[INFO] RL policy activated from preload cache at FixedStand entry boundary: /home/quinn/0904/runtime_assets/SimEnv/src/unitree_guide/logs/policy_act_inference_stair.pt
[FSM]: state: INIT
wait for goal.
[FSM]: state: INIT
wait for goal.
[FSM]: state: INIT
wait for goal.
[FSM]: state: INIT
wait for goal.
[FSM]: state: INIT
wait for goal.
[FSM]: state: INIT
wait for goal.
[FSM]: state: INIT
wait for goal.
[FSM]: state: INIT
wait for goal.
[FSM]: state: INIT
wait for goal.
[FSM]: state: INIT
wait for goal.
[FSM]: state: INIT
wait for goal.
[FSM]: state: INIT
wait for goal.
[FSM]: state: INIT
wait for goal.
[FSM]: state: INIT
wait for goal.
[FSM]: state: INIT
wait for goal.
[FSM]: state: INIT
wait for goal.
[FSM]: state: INIT
wait for goal.
[FSM]: state: INIT
wait for goal.
[FSM]: state: INIT
wait for goal.
[FSM]: state: INIT
wait for goal.
[FSM]: state: INIT
wait for goal.
[FSM]: state: INIT
wait for goal.
[FSM]: state: INIT
wait for goal.
[FSM]: state: INIT
wait for goal.
[FSM]: state: INIT
wait for goal.
[FSM]: state: INIT
wait for goal.
[FSM]: state: INIT
wait for goal.
[33m[WARN] [1788703708.431188006, 424.504000000]: Using one-shot plane RL takeover profile: blend 0.50 s, zero hold 0.15 s[0m
[0m[INFO] [1788703667.425127233, 398.028000000]: RL policy input vx=0.000 vy=0.000 wz=0.000 action_rms=0.202 ready=0 userCmd=0 kbd=0 raw=0.000,0.000,0.000 grav=0.00,0.00,-0.98[0m
[0m[INFO] [1788703668.452942516, 398.680000000]: RL locomotion_ready latched after 0.65 s takeover and 0.65 s stable hold[0m
[0m[INFO] [1788703670.568619244, 400.028000000]: RL policy input vx=0.595 vy=-0.233 wz=-0.008 action_rms=0.584 ready=1 userCmd=0 kbd=0 raw=0.595,-0.233,-0.008 grav=-0.25,-0.04,-0.95[0m
[0m[INFO] [1788703673.683581446, 402.036000000]: RL policy input vx=0.800 vy=-0.046 wz=-0.001 action_rms=0.454 ready=1 userCmd=0 kbd=0 raw=0.800,-0.046,-0.001 grav=-0.40,-0.05,-0.90[0m
[0m[INFO] [1788703676.790634341, 404.050000000]: RL policy input vx=0.581 vy=0.265 wz=0.027 action_rms=0.364 ready=1 userCmd=0 kbd=0 raw=0.581,0.265,0.027 grav=-0.36,-0.02,-0.91[0m
[0m[INFO] [1788703679.905870947, 406.068000000]: RL policy input vx=0.044 vy=-0.749 wz=-1.200 action_rms=0.209 ready=1 userCmd=0 kbd=0 raw=0.044,-0.749,-1.200 grav=-0.16,-0.02,-0.97[0m
[0m[INFO] [1788703683.018689550, 408.080000000]: RL policy input vx=0.453 vy=-0.093 wz=-0.240 action_rms=0.190 ready=1 userCmd=0 kbd=0 raw=0.453,-0.093,-0.240 grav=0.01,-0.02,-0.98[0m
[0m[INFO] [1788703686.138580420, 410.094000000]: RL policy input vx=0.000 vy=0.000 wz=-0.882 action_rms=0.167 ready=1 userCmd=0 kbd=0 raw=0.000,0.000,-0.882 grav=-0.02,0.03,-0.98[0m
[0m[INFO] [1788703689.254689812, 412.104000000]: RL policy input vx=0.000 vy=0.000 wz=-0.259 action_rms=0.183 ready=1 userCmd=0 kbd=0 raw=0.000,0.000,-0.259 grav=-0.04,0.03,-0.98[0m
[0m[INFO] [1788703692.354748894, 414.104000000]: RL policy input vx=0.000 vy=0.000 wz=-0.240 action_rms=0.205 ready=1 userCmd=0 kbd=0 raw=0.000,0.000,-0.240 grav=-0.03,0.02,-0.98[0m
[0m[INFO] [1788703695.461326209, 416.112000000]: RL policy input vx=0.000 vy=0.000 wz=0.000 action_rms=0.147 ready=1 userCmd=0 kbd=0 raw=0.000,0.000,0.000 grav=-0.03,0.01,-0.98[0m
[0m[INFO] [1788703698.556241506, 418.112000000]: RL policy input vx=0.409 vy=0.288 wz=-0.010 action_rms=0.408 ready=1 userCmd=0 kbd=0 raw=0.409,0.288,-0.010 grav=-0.47,-0.03,-0.86[0m
[0m[INFO] [1788703701.643627448, 420.112000000]: RL policy input vx=0.574 vy=0.265 wz=0.039 action_rms=0.414 ready=1 userCmd=0 kbd=0 raw=0.574,0.265,0.039 grav=-0.46,0.03,-0.87[0m
[0m[INFO] [1788703704.753541858, 422.130000000]: RL policy input vx=0.575 vy=0.264 wz=0.038 action_rms=0.356 ready=1 userCmd=0 kbd=0 raw=0.575,0.264,0.038 grav=-0.46,0.02,-0.87[0m
[0m[INFO] [1788703707.849122501, 424.138000000]: RL policy input vx=0.799 vy=0.039 wz=0.017 action_rms=0.163 ready=1 userCmd=0 kbd=0 raw=0.799,0.039,0.017 grav=-0.10,0.03,-0.97[0m
cuda::is_available():0
RL inference device: cpu (requested=hybrid, policy=plane)
[INFO] RL policy hot-switched from preload cache: /home/quinn/0904/runtime_assets/SimEnv/src/unitree_guide/logs/policy_act_inference_plane.pt
[FSM]: state: INIT
wait for goal.
[INFO] [1788703664.712282, 396.286000]: Floor-2 stair controller armed by SECOND_FLOOR_EXPLORATION_COMPLETE.
[INFO] [1788703664.731807, 396.300000]: Robot is already 0.01 m from the pre-riser pose; skipping the corridor/side legs.
[INFO] [1788703664.733080, 396.300000]: Pre-ascent residual heading error -0.117 rad (visual_depth=False, bearing=none).
[INFO] [1788703665.641104, 396.880000]: Flight-A body settled for 0.38 s; waiting for joint RMS capture window <= 0.180 (current=0.218).
[INFO] [1788703665.703373, 396.920000]: Pre-ascent stand target set from flight-A pre-reload capture entry sample
[INFO] [1788703665.706120, 396.922000]: Flight-A plane gait settled at joint RMS 0.115; holding FixedStand for at least 0.1 s at snapshot pose before queued stair-policy entry.
[INFO] [1788703667.166747, 397.864000]: Flight-A FixedStand readiness gate complete; queued the stair policy for State_RL entry and retaining stand ownership for 0.25 s.
[INFO] [1788703667.414784, 398.020000]: Flight-A policy request has been queued under FixedStand; requesting RL so State_RL loads it before inference starts.
[INFO] [1788703668.490334, 398.704000]: Fresh RL readiness confirmed after the flight-A FixedStand boundary; starting the climb ramp.
[INFO] [1788703668.518066, 398.720000]: Flight-A fresh RL readiness observed; ascent clocks reset and 1.2 s climb ramp started.
[INFO] [1788703668.520302, 398.720000]: STPUB phase=STAIR_ASCENT world=(0.000,0.001,-0.032) body=(0.001,-0.000,-0.032) truth_z=2.912 pose=2.9124441651126616
[INFO] [1788703670.115808, 399.740000]: STPUB phase=STAIR_ASCENT world=(0.000,0.800,-0.027) body=(0.798,-0.062,-0.027) truth_z=2.943 pose=2.943244308347909
[INFO] [1788703671.713616, 400.760000]: STPUB phase=STAIR_ASCENT world=(0.220,0.600,-0.005) body=(0.597,-0.229,-0.005) truth_z=3.080 pose=3.079897751860359
[INFO] [1788703673.289526, 401.780000]: STPUB phase=STAIR_ASCENT world=(0.000,0.600,0.010) body=(0.600,0.018,0.010) truth_z=3.274 pose=3.274157375532789
[INFO] [1788703674.860812, 402.800000]: STPUB phase=STAIR_ASCENT world=(0.044,0.800,0.008) body=(0.801,-0.025,0.008) truth_z=3.510 pose=3.509577237720828
[INFO] [1788703676.435742, 403.820000]: STPUB phase=STAIR_ASCENT world=(0.036,0.800,0.016) body=(0.801,-0.001,0.016) truth_z=3.745 pose=3.744737187495408
[INFO] [1788703678.012648, 404.840000]: STPUB phase=STAIR_ASCENT world=(0.000,0.800,0.012) body=(0.800,0.028,0.012) truth_z=3.989 pose=3.9893549986271517
[INFO] [1788703679.585186, 405.860000]: STPUB phase=STAIR_ASCENT world=(0.025,0.800,0.028) body=(0.799,0.039,0.028) truth_z=4.179 pose=4.178539499228226
[INFO] [1788703679.739141, 405.960000]: Intermediate landing entered at y=4.75 m; starting moving turn.
[INFO] [1788703681.155968, 406.880000]: STPUB phase=STAIR_LANDING_TURN world=(0.750,0.000,-0.753) body=(0.581,-0.474,-0.753) truth_z=4.215 pose=4.215414569213192
[INFO] [1788703682.741806, 407.900000]: STPUB phase=STAIR_LANDING_TURN world=(0.540,0.000,-0.262) body=(0.525,-0.127,-0.262) truth_z=4.212 pose=4.211510768098836
[INFO] [1788703684.320919, 408.920000]: STPUB phase=STAIR_LANDING_TURN world=(0.300,0.000,-0.108) body=(0.299,-0.029,-0.108) truth_z=4.215 pose=4.21469537175478
[INFO] [1788703685.900444, 409.940000]: STPUB phase=STAIR_LANDING_TURN world=(0.000,0.000,-1.015) body=(0.000,0.000,-1.015) truth_z=4.217 pose=4.217318429039853
[INFO] [1788703687.478890, 410.960000]: STPUB phase=STAIR_LANDING_TURN world=(0.000,0.000,-0.404) body=(0.000,0.000,-0.404) truth_z=4.220 pose=4.219534793270635
[INFO] [1788703689.062349, 411.980000]: STPUB phase=STAIR_LANDING_TURN world=(0.000,0.000,-0.265) body=(0.000,0.000,-0.265) truth_z=4.235 pose=4.234711578647407
[INFO] [1788703690.645885, 413.000000]: STPUB phase=STAIR_LANDING_TURN world=(0.000,0.000,-0.240) body=(0.000,0.000,-0.240) truth_z=4.238 pose=4.2382965864513995
[INFO] [1788703692.224883, 414.020000]: STPUB phase=STAIR_LANDING_TURN world=(0.000,0.000,-0.240) body=(0.000,0.000,-0.240) truth_z=4.239 pose=4.238819352831175
[INFO] [1788703693.804005, 415.040000]: STPUB phase=STAIR_LANDING_TURN world=(0.000,0.000,-0.240) body=(0.000,0.000,-0.240) truth_z=4.239 pose=4.2390012298114845
[INFO] [1788703695.227087, 415.960000]: Flight-B entry aligned: x error=-0.048 m, heading error=-0.148 rad.
[INFO] [1788703695.229126, 415.960000]: Flight-B entry joints saved (12 dofs) -> /home/quinn/0904/results/official_gui_rtf065_s20260_20260906_215635/flight_b_entry_joints_1.json
[INFO] [1788703695.258590, 415.980000]: ASCENT_B gate: entry_guide=True truth_pose=True start_z=2.912 profile=True heading=-1.571 pose_z=4.23418166863816 truth_z=4.23418166863816
[INFO] [1788703695.259882, 415.980000]: Pre-ascent RL settle: holding zero command until motion is stable for 0.6 s before FixedStand.
[INFO] [1788703695.263174, 415.982000]: Pre-ascent RL settle active: stable 0.00/0.60 s.
[INFO] [1788703696.090632, 416.520000]: Pre-ascent RL motion settled for 0.62 s; settle-only gate complete (FixedStand disabled).
[INFO] [1788703696.121511, 416.540000]: STPUB phase=STAIR_ASCENT_B world=(-0.030,-0.800,-0.067) body=(0.780,-0.182,-0.067) truth_z=4.220 pose=4.220402342545158
[INFO] [1788703696.830719, 417.000000]: ASCENT_B gate: entry_guide=True truth_pose=True start_z=2.912 profile=True heading=-1.571 pose_z=4.24646081264939 truth_z=4.24646081264939
[INFO] [1788703697.704645, 417.560000]: STPUB phase=STAIR_ASCENT_B world=(0.000,-0.600,-0.052) body=(0.593,-0.089,-0.052) truth_z=4.328 pose=4.327663490872921
[INFO] [1788703698.414176, 418.020000]: ASCENT_B gate: entry_guide=True truth_pose=True start_z=2.912 profile=True heading=-1.571 pose_z=4.412768292323071 truth_z=4.412768292323071
[INFO] [1788703699.276208, 418.580000]: STPUB phase=STAIR_ASCENT_B world=(-0.045,-0.800,0.011) body=(0.801,-0.019,0.011) truth_z=4.526 pose=4.5257328245488395
[INFO] [1788703699.993495, 419.040000]: ASCENT_B gate: entry_guide=True truth_pose=True start_z=2.912 profile=True heading=-1.571 pose_z=4.607630403780042 truth_z=4.607630403780042
[INFO] [1788703700.855845, 419.600000]: STPUB phase=STAIR_ASCENT_B world=(0.000,-0.800,0.037) body=(0.796,0.084,0.037) truth_z=4.718 pose=4.718069744312066
[INFO] [1788703701.563579, 420.060000]: ASCENT_B gate: entry_guide=True truth_pose=True start_z=2.912 profile=True heading=-1.571 pose_z=4.796641993019339 truth_z=4.796641993019339
[INFO] [1788703702.425675, 420.620000]: STPUB phase=STAIR_ASCENT_B world=(-0.028,-0.800,0.049) body=(0.796,0.084,0.049) truth_z=4.907 pose=4.907413604329696
[INFO] [1788703703.134328, 421.080000]: ASCENT_B gate: entry_guide=True truth_pose=True start_z=2.912 profile=True heading=-1.571 pose_z=5.004919403477726 truth_z=5.004919403477726
[INFO] [1788703703.996443, 421.640000]: STPUB phase=STAIR_ASCENT_B world=(0.200,-0.600,0.050) body=(0.566,0.283,0.050) truth_z=5.106 pose=5.105532484588324
[INFO] [1788703704.705071, 422.100000]: ASCENT_B gate: entry_guide=True truth_pose=True start_z=2.912 profile=True heading=-1.571 pose_z=5.194581439759306 truth_z=5.194581439759306
[INFO] [1788703705.566842, 422.660000]: STPUB phase=STAIR_ASCENT_B world=(-0.200,-0.600,0.022) body=(0.611,-0.162,0.022) truth_z=5.293 pose=5.292871835383243
[INFO] [1788703706.275628, 423.120000]: ASCENT_B gate: entry_guide=True truth_pose=True start_z=2.912 profile=True heading=-1.571 pose_z=5.3785959082116035 truth_z=5.3785959082116035
[INFO] [1788703707.138939, 423.680000]: STPUB phase=STAIR_ASCENT_B world=(0.000,-0.800,0.027) body=(0.798,0.062,0.027) truth_z=5.477 pose=5.477456144837828
[INFO] [1788703707.853626, 424.140000]: ASCENT_B gate: entry_guide=True truth_pose=True start_z=2.912 profile=True heading=-1.571 pose_z=5.506765429081696 truth_z=5.506765429081696
[INFO] [1788703707.856307, 424.142000]: Upper landing entered: gain=2.59 m, clearance=0.00 m; stabilizing for 0.5 s.
[INFO] [1788703708.362237, 424.460000]: Floor-3 landing confirmed after two flights: gain=2.60 m clearance=0.11 m.
[INFO] [1788703709.528961, 425.192000]: Plane policy acknowledged on the upper landing; releasing stair controller ownership.
[FSM]: state: INIT
wait for goal.
[FSM]: state: INIT
wait for goal.
[FSM]: state: INIT
wait for goal.
[FSM]: state: INIT
wait for goal.
[FSM]: state: INIT
wait for goal.
[FSM]: state: INIT
wait for goal.
[FSM]: state: INIT
wait for goal.
[FSM]: state: INIT
wait for goal.
[FSM]: state: INIT
wait for goal.
[FSM]: state: INIT
wait for goal.
[FSM]: state: INIT
wait for goal.
[FSM]: state: INIT
wait for goal.
[FSM]: state: INIT
wait for goal.
[FSM]: state: INIT
wait for goal.
[33m[WARN] [1788703732.396816544, 439.700000000]: Plane tilt guard scaling cmd_vel by 0.98 at tilt 0.143 rad[0m
[FSM]: state: INIT
wait for goal.
[FSM]: state: INIT
wait for goal.
[FSM]: state: INIT
wait for goal.
[FSM]: state: INIT
wait for goal.
[FSM]: state: INIT
wait for goal.
[FSM]: state: INIT
wait for goal.
[FSM]: state: INIT
wait for goal.
[FSM]: state: INIT
wait for goal.
[FSM]: state: INIT
wait for goal.
[FSM]: state: INIT
wait for goal.
[FSM]: state: INIT
wait for goal.
[FSM]: state: INIT
wait for goal.
[FSM]: state: INIT
wait for goal.
[FSM]: state: INIT
wait for goal.
[FSM]: state: INIT
wait for goal.
[FSM]: state: INIT
wait for goal.
[FSM]: state: INIT
wait for goal.
[FSM]: state: INIT
wait for goal.
[FSM]: state: INIT
wait for goal.
[FSM]: state: INIT
wait for goal.
[FSM]: state: INIT
wait for goal.
[FSM]: state: INIT
wait for goal.
[FSM]: state: INIT
wait for goal.
[FSM]: state: INIT
wait for goal.
[33m[WARN] [1788703770.247973424, 463.758000000]: Plane tilt guard scaling cmd_vel by 0.96 at tilt 0.145 rad[0m
[FSM]: state: INIT
wait for goal.
[FSM]: state: INIT
wait for goal.
[FSM]: state: INIT
wait for goal.
[FSM]: state: INIT
wait for goal.
[FSM]: state: INIT
wait for goal.
[0m[INFO] [1788703709.482851229, 425.162000000]: RL locomotion_ready latched after 0.66 s takeover and 0.41 s stable hold[0m
[0m[INFO] [1788703710.990872140, 426.138000000]: RL policy input vx=0.000 vy=0.000 wz=1.150 action_rms=0.246 ready=1 userCmd=0 kbd=0 raw=0.000,0.000,1.150 grav=0.01,0.01,-0.98[0m
[0m[INFO] [1788703714.096053869, 428.140000000]: RL policy input vx=0.565 vy=0.000 wz=0.143 action_rms=0.174 ready=1 userCmd=0 kbd=0 raw=0.565,0.000,0.143 grav=0.01,0.00,-0.98[0m
[0m[INFO] [1788703717.200272701, 430.144000000]: RL policy input vx=0.000 vy=0.000 wz=1.136 action_rms=0.217 ready=1 userCmd=0 kbd=0 raw=0.000,0.000,1.136 grav=0.03,-0.03,-0.98[0m
[0m[INFO] [1788703720.320376523, 432.144000000]: RL policy input vx=1.033 vy=0.000 wz=0.128 action_rms=0.212 ready=1 userCmd=0 kbd=0 raw=1.033,0.000,0.128 grav=-0.02,0.02,-0.98[0m
[0m[INFO] [1788703723.506517101, 434.152000000]: RL policy input vx=2.250 vy=0.000 wz=0.012 action_rms=0.319 ready=1 userCmd=0 kbd=0 raw=2.250,0.000,0.012 grav=-0.06,-0.09,-0.97[0m
[0m[INFO] [1788703726.730616597, 436.154000000]: RL policy input vx=2.249 vy=0.000 wz=-0.036 action_rms=0.367 ready=1 userCmd=0 kbd=0 raw=2.249,0.000,-0.036 grav=0.00,-0.03,-0.98[0m
[0m[INFO] [1788703729.928791455, 438.156000000]: RL policy input vx=2.246 vy=0.000 wz=0.069 action_rms=0.403 ready=1 userCmd=0 kbd=0 raw=2.246,0.000,0.069 grav=-0.00,-0.07,-0.98[0m
[0m[INFO] [1788703733.098434190, 440.156000000]: RL policy input vx=0.886 vy=0.728 wz=0.756 action_rms=0.183 ready=1 userCmd=0 kbd=0 raw=0.886,0.728,0.756 grav=0.02,-0.04,-0.98[0m
[0m[INFO] [1788703736.242568316, 442.160000000]: RL policy input vx=0.000 vy=0.000 wz=0.225 action_rms=0.162 ready=1 userCmd=0 kbd=0 raw=0.000,0.000,0.225 grav=0.01,-0.01,-0.98[0m
[0m[INFO] [1788703739.410914464, 444.160000000]: RL policy input vx=0.450 vy=0.000 wz=0.024 action_rms=0.157 ready=1 userCmd=0 kbd=0 raw=0.450,0.000,0.024 grav=0.01,-0.02,-0.98[0m
[0m[INFO] [1788703742.606219756, 446.164000000]: RL policy input vx=0.851 vy=0.293 wz=0.365 action_rms=0.322 ready=1 userCmd=0 kbd=0 raw=0.851,0.293,0.365 grav=-0.01,-0.02,-0.98[0m
[0m[INFO] [1788703745.839789598, 448.180000000]: RL policy input vx=0.899 vy=0.032 wz=0.039 action_rms=0.194 ready=1 userCmd=0 kbd=0 raw=0.899,0.032,0.039 grav=-0.00,-0.02,-0.98[0m
[0m[INFO] [1788703749.066284835, 450.192000000]: RL policy input vx=0.900 vy=0.008 wz=0.010 action_rms=0.170 ready=1 userCmd=0 kbd=0 raw=0.900,0.008,0.010 grav=-0.00,-0.02,-0.98[0m
[0m[INFO] [1788703752.269454610, 452.206000000]: RL policy input vx=0.000 vy=0.000 wz=-0.632 action_rms=0.234 ready=1 userCmd=0 kbd=0 raw=0.000,0.000,-0.632 grav=0.01,0.00,-0.98[0m
[0m[INFO] [1788703755.382131233, 454.212000000]: RL policy input vx=0.000 vy=0.000 wz=-2.528 action_rms=0.361 ready=1 userCmd=0 kbd=0 raw=0.000,0.000,-2.528 grav=-0.00,-0.01,-0.98[0m
[0m[INFO] [1788703758.491471416, 456.216000000]: RL policy input vx=0.000 vy=0.000 wz=-1.500 action_rms=0.256 ready=1 userCmd=0 kbd=0 raw=0.000,0.000,-1.500 grav=0.01,0.01,-0.98[0m
[0m[INFO] [1788703761.632022989, 458.228000000]: RL policy input vx=0.846 vy=-0.307 wz=-0.383 action_rms=0.211 ready=1 userCmd=0 kbd=0 raw=0.846,-0.307,-0.383 grav=-0.01,-0.07,-0.98[0m
[0m[INFO] [1788703764.746363163, 460.230000000]: RL policy input vx=0.733 vy=-0.038 wz=-0.057 action_rms=0.351 ready=1 userCmd=0 kbd=0 raw=0.733,-0.038,-0.057 grav=-0.00,-0.04,-0.98[0m
[0m[INFO] [1788703767.881482543, 462.234000000]: RL policy input vx=0.000 vy=0.000 wz=2.900 action_rms=0.311 ready=1 userCmd=0 kbd=0 raw=0.000,0.000,2.900 grav=0.01,0.03,-0.98[0m
[0m[INFO] [1788703771.021731146, 464.252000000]: RL policy input vx=1.228 vy=0.084 wz=0.079 action_rms=0.308 ready=1 userCmd=0 kbd=0 raw=1.228,0.084,0.079 grav=0.01,0.02,-0.98[0m
[0m[INFO] [1788703774.147657768, 466.264000000]: RL policy input vx=0.447 vy=0.000 wz=0.128 action_rms=0.177 ready=1 userCmd=0 kbd=0 raw=0.447,0.000,0.128 grav=-0.01,-0.04,-0.98[0m
[0m[INFO] [1788703777.258512445, 468.270000000]: RL policy input vx=0.450 vy=0.000 wz=0.004 action_rms=0.281 ready=1 userCmd=0 [FSM]: state: INIT
wait for goal.
[FSM]: state: INIT
wait for goal.
[FSM]: state: INIT
wait for goal.
[FSM]: state: INIT
wait for goal.
[FSM]: state: INIT
wait for goal.
[FSM]: state: INIT
wait for goal.
[FSM]: state: INIT
wait for goal.
[FSM]: state: INIT
wait for goal.
[FSM]: state: INIT
wait for goal.
[FSM]: state: INIT
wait for goal.
[FSM]: state: INIT
wait for goal.
[FSM]: state: INIT
wait for goal.
[FSM]: state: INIT
wait for goal.
[FSM]: state: INIT
wait for goal.
[FSM]: state: INIT
wait for goal.
[FSM]: state: INIT
wait for goal.
[FSM]: state: INIT
wait for goal.
[FSM]: state: INIT
wait for goal.
[FSM]: state: INIT
wait for goal.
[FSM]: state: INIT
wait for goal.
[FSM]: state: INIT
wait for goal.
[FSM]: state: INIT
wait for goal.
[FSM]: state: INIT
wait for goal.
[FSM]: state: INIT
wait for goal.
[FSM]: state: INIT
wait for goal.
[FSM]: state: INIT
wait for goal.
[FSM]: state: INIT
wait for goal.
[FSM]: state: INIT
wait for goal.
[FSM]: state: INIT
wait for goal.
[FSM]: state: INIT
wait for goal.
[FSM]: state: INIT
wait for goal.
[FSM]: state: INIT
wait for goal.
[FSM]: state: INIT
wait for goal.
[FSM]: state: INIT
wait for goal.
[FSM]: state: INIT
wait for goal.
[FSM]: state: INIT
wait for goal.
[FSM]: state: INIT
wait for goal.
[FSM]: state: INIT
wait for goal.
[FSM]: state: INIT
wait for goal.
[FSM]: state: INIT
wait for goal.
[FSM]: state: INIT
wait for goal.
[FSM]: state: INIT
wait for goal.
[FSM]: state: INIT
wait for goal.
[FSM]: state: INIT
wait for goal.
kbd=0 raw=0.450,0.000,0.004 grav=0.01,-0.01,-0.98[0m
[0m[INFO] [1788703780.380763081, 470.288000000]: RL policy input vx=0.672 vy=0.003 wz=0.005 action_rms=0.146 ready=1 userCmd=0 kbd=0 raw=0.672,0.003,0.005 grav=0.00,-0.04,-0.98[0m
[0m[INFO] [1788703783.520119360, 472.308000000]: RL policy input vx=0.450 vy=0.000 wz=-0.014 action_rms=0.299 ready=1 userCmd=0 kbd=0 raw=0.450,0.000,-0.014 grav=0.00,-0.02,-0.98[0m
[0m[INFO] [1788703786.637870067, 474.316000000]: RL policy input vx=0.527 vy=-0.108 wz=-0.173 action_rms=0.163 ready=1 userCmd=0 kbd=0 raw=0.527,-0.108,-0.173 grav=0.01,-0.01,-0.98[0m
[0m[INFO] [1788703789.756859448, 476.326000000]: RL policy input vx=0.899 vy=-0.033 wz=-0.040 action_rms=0.201 ready=1 userCmd=0 kbd=0 raw=0.899,-0.033,-0.040 grav=-0.00,-0.02,-0.98[0m
[0m[INFO] [1788703792.864650998, 478.332000000]: RL policy input vx=0.900 vy=-0.001 wz=-0.001 action_rms=0.304 ready=1 userCmd=0 kbd=0 raw=0.900,-0.001,-0.001 grav=-0.00,-0.02,-0.98[0m
[0m[INFO] [1788703795.967089889, 480.332000000]: RL policy input vx=0.000 vy=0.000 wz=1.609 action_rms=0.177 ready=1 userCmd=0 kbd=0 raw=0.000,0.000,1.609 grav=0.02,-0.02,-0.98[0m
[0m[INFO] [1788703799.132232989, 482.340000000]: RL policy input vx=0.000 vy=0.000 wz=0.382 action_rms=0.128 ready=1 userCmd=0 kbd=0 raw=0.000,0.000,0.382 grav=0.01,0.02,-0.98[0m
[0m[INFO] [1788703802.339129242, 484.352000000]: RL policy input vx=1.443 vy=-0.653 wz=-0.467 action_rms=0.413 ready=1 userCmd=0 kbd=0 raw=1.443,-0.653,-0.467 grav=-0.04,-0.05,-0.98[0m
[0m[INFO] [1788703805.557369655, 486.364000000]: RL policy input vx=0.787 vy=-0.436 wz=-0.557 action_rms=0.412 ready=1 userCmd=0 kbd=0 raw=0.787,-0.436,-0.557 grav=-0.03,-0.04,-0.98[0m
[0m[INFO] [1788703808.689229031, 488.378000000]: RL policy input vx=0.000 vy=0.000 wz=-1.788 action_rms=0.156 ready=1 userCmd=0 kbd=0 raw=0.000,0.000,-1.788 grav=0.03,0.02,-0.98[0m
[0m[INFO] [1788703811.825321829, 490.384000000]: RL policy input vx=1.738 vy=0.708 wz=-0.251 action_rms=0.324 ready=1 userCmd=0 kbd=0 raw=1.738,0.708,-0.251 grav=-0.01,-0.11,-0.97[0m
[0m[INFO] [1788703815.025331235, 492.394000000]: RL policy input vx=0.000 vy=0.000 wz=-0.450 action_rms=0.171 ready=1 userCmd=0 kbd=0 raw=0.000,0.000,-0.450 grav=0.04,-0.01,-0.98[0m
[0m[INFO] [1788703818.227284230, 494.400000000]: RL policy input vx=0.447 vy=0.000 wz=-0.118 action_rms=0.156 ready=1 userCmd=0 kbd=0 raw=0.447,0.000,-0.118 grav=-0.01,-0.01,-0.98[0m
[0m[INFO] [1788703821.429025144, 496.408000000]: RL policy input vx=0.449 vy=0.000 wz=-0.069 action_rms=0.293 ready=1 userCmd=0 kbd=0 raw=0.449,0.000,-0.069 grav=0.00,-0.01,-0.98[0m
[0m[INFO] [1788703824.636193911, 498.426000000]: RL policy input vx=0.428 vy=-0.450 wz=-0.892 action_rms=0.152 ready=1 userCmd=0 kbd=0 raw=0.428,-0.450,-0.892 grav=0.01,0.02,-0.98[0m
[0m[INFO] [1788703827.751901804, 500.440000000]: RL policy input vx=2.232 vy=-0.281 wz=-0.138 action_rms=0.323 ready=1 userCmd=0 kbd=0 raw=2.232,-0.281,-0.138 grav=-0.01,0.02,-0.98[0m
[0m[INFO] [1788703830.862410695, 502.452000000]: RL policy input vx=2.249 vy=-0.058 wz=-0.028 action_rms=0.469 ready=1 userCmd=0 kbd=0 raw=2.249,-0.058,-0.028 grav=0.00,0.02,-0.98[0m
[0m[INFO] [1788703833.977661229, 504.468000000]: RL policy input vx=2.248 vy=0.104 wz=0.051 action_rms=0.337 ready=1 userCmd=0 kbd=0 raw=2.248,0.104,0.051 grav=-0.02,-0.06,-0.98[0m
[0m[INFO] [1788703837.092311046, 506.480000000]: RL policy input vx=0.928 vy=0.179 wz=0.210 action_rms=0.229 ready=1 userCmd=0 kbd=0 raw=0.928,0.179,0.210 grav=0.10,-0.01,-0.97[0m
[0m[INFO] [1788703840.199915331, 508.482000000]: RL policy input vx=0.000 vy=0.000 wz=0.298 action_rms=0.143 ready=1 userCmd=0 kbd=0 raw=0.000,0.000,0.298 grav=0.02,-0.00,-0.98[0m
[0m[INFO] [1788703843.356420952, 510.502000000]: RL policy input vx=0.450 vy=0.000 wz=0.037 action_rms=0.193 ready=1 userCmd=0 kbd=0 raw=0.450,0.000,0.037 grav=0.01,-0.02,-0.98[0m
[0m[INFO] [1788703846.501476898, 512.502000000]: RL policy input vx=0.450 vy=0.000 wz=-0.025 action_rms=0.168 ready=1 userCmd=0 kbd=0 raw=0.450,0.000,-0.025 grav=0.00,-0.02[FSM]: state: INIT
wait for goal.
[FSM]: state: INIT
wait for goal.
[FSM]: state: INIT
wait for goal.
[FSM]: state: INIT
wait for goal.
[FSM]: state: INIT
wait for goal.
[FSM]: state: INIT
wait for goal.
[FSM]: state: INIT
wait for goal.
[FSM]: state: INIT
wait for goal.
[FSM]: state: INIT
wait for goal.
[FSM]: state: INIT
wait for goal.
[FSM]: state: INIT
wait for goal.
[FSM]: state: INIT
wait for goal.
[FSM]: state: INIT
wait for goal.
[FSM]: state: INIT
wait for goal.
[FSM]: state: INIT
wait for goal.
[FSM]: state: INIT
wait for goal.
[FSM]: state: INIT
wait for goal.
[FSM]: state: INIT
wait for goal.
[FSM]: state: INIT
wait for goal.
[FSM]: state: INIT
wait for goal.
[FSM]: state: INIT
wait for goal.
[FSM]: state: INIT
wait for goal.
[FSM]: state: INIT
wait for goal.
[FSM]: state: INIT
wait for goal.
[FSM]: state: INIT
wait for goal.
[FSM]: state: INIT
wait for goal.
[FSM]: state: INIT
wait for goal.
[FSM]: state: INIT
wait for goal.
[FSM]: state: INIT
wait for goal.
[FSM]: state: INIT
wait for goal.
[FSM]: state: INIT
wait for goal.
[FSM]: state: INIT
wait for goal.
[FSM]: state: INIT
wait for goal.
[FSM]: state: INIT
wait for goal.
[FSM]: state: INIT
wait for goal.
[FSM]: state: INIT
wait for goal.
[FSM]: state: INIT
wait for goal.
[FSM]: state: INIT
wait for goal.
[FSM]: state: INIT
wait for goal.
[FSM]: state: INIT
wait for goal.
[FSM]: state: INIT
wait for goal.
[FSM]: state: INIT
wait for goal.
[FSM]: state: INIT
wait for goal.
[33m[WARN] [1788703914.543815239, 556.022000000]: Plane tilt guard scaling cmd_vel by 0.96 at tilt 0.145 rad[0m
[FSM]: state: INIT
wait for goal.
[FSM]: state: INIT
wait for goal.
[FSM]: state: INIT
wait for goal.
,-0.98[0m
[0m[INFO] [1788703849.670899728, 514.502000000]: RL policy input vx=0.899 vy=0.044 wz=0.054 action_rms=0.161 ready=1 userCmd=0 kbd=0 raw=0.899,0.044,0.054 grav=0.00,-0.00,-0.98[0m
[0m[INFO] [1788703852.840718552, 516.506000000]: RL policy input vx=0.900 vy=0.007 wz=0.009 action_rms=0.357 ready=1 userCmd=0 kbd=0 raw=0.900,0.007,0.009 grav=-0.01,-0.02,-0.98[0m
[0m[INFO] [1788703856.019620583, 518.522000000]: RL policy input vx=0.000 vy=0.000 wz=-1.001 action_rms=0.193 ready=1 userCmd=0 kbd=0 raw=0.000,0.000,-1.001 grav=0.03,-0.03,-0.98[0m
[0m[INFO] [1788703859.137011523, 520.522000000]: RL policy input vx=0.000 vy=0.134 wz=-1.154 action_rms=0.131 ready=1 userCmd=0 kbd=0 raw=0.000,0.134,-1.154 grav=0.01,-0.02,-0.98[0m
[0m[INFO] [1788703862.303973570, 522.536000000]: RL policy input vx=1.380 vy=0.750 wz=0.542 action_rms=0.267 ready=1 userCmd=0 kbd=0 raw=1.380,0.750,0.542 grav=-0.02,0.10,-0.97[0m
[0m[INFO] [1788703865.431205849, 524.548000000]: RL policy input vx=0.807 vy=0.399 wz=0.506 action_rms=0.358 ready=1 userCmd=0 kbd=0 raw=0.807,0.399,0.506 grav=-0.01,0.06,-0.98[0m
[0m[INFO] [1788703868.557446187, 526.564000000]: RL policy input vx=0.000 vy=0.000 wz=1.108 action_rms=0.169 ready=1 userCmd=0 kbd=0 raw=0.000,0.000,1.108 grav=0.03,0.01,-0.98[0m
[0m[INFO] [1788703871.667097225, 528.564000000]: RL policy input vx=1.144 vy=0.010 wz=1.040 action_rms=0.258 ready=1 userCmd=0 kbd=0 raw=1.144,0.010,1.040 grav=-0.02,0.03,-0.98[0m
[0m[INFO] [1788703874.797510537, 530.566000000]: RL policy input vx=0.000 vy=0.000 wz=0.141 action_rms=0.137 ready=1 userCmd=0 kbd=0 raw=0.000,0.000,0.141 grav=0.04,-0.02,-0.98[0m
[0m[INFO] [1788703877.919594951, 532.574000000]: RL policy input vx=0.449 vy=0.000 wz=0.071 action_rms=0.196 ready=1 userCmd=0 kbd=0 raw=0.449,0.000,0.071 grav=0.00,-0.02,-0.98[0m
[0m[INFO] [1788703881.042687889, 534.576000000]: RL policy input vx=0.450 vy=0.000 wz=0.002 action_rms=0.203 ready=1 userCmd=0 kbd=0 raw=0.450,0.000,0.002 grav=0.01,-0.02,-0.98[0m
[0m[INFO] [1788703884.179422033, 536.584000000]: RL policy input vx=0.450 vy=0.000 wz=0.011 action_rms=0.212 ready=1 userCmd=0 kbd=0 raw=0.450,0.000,0.011 grav=0.03,-0.03,-0.98[0m
[0m[INFO] [1788703887.300093851, 538.592000000]: RL policy input vx=0.450 vy=0.000 wz=-0.014 action_rms=0.232 ready=1 userCmd=0 kbd=0 raw=0.450,0.000,-0.014 grav=0.01,-0.02,-0.98[0m
[0m[INFO] [1788703890.426350185, 540.596000000]: RL policy input vx=0.890 vy=0.136 wz=0.167 action_rms=0.256 ready=1 userCmd=0 kbd=0 raw=0.890,0.136,0.167 grav=-0.02,-0.04,-0.98[0m
[0m[INFO] [1788703893.554614901, 542.606000000]: RL policy input vx=0.900 vy=0.012 wz=0.015 action_rms=0.298 ready=1 userCmd=0 kbd=0 raw=0.900,0.012,0.015 grav=-0.00,-0.02,-0.98[0m
[0m[INFO] [1788703896.688469229, 544.620000000]: RL policy input vx=0.900 vy=0.001 wz=0.001 action_rms=0.174 ready=1 userCmd=0 kbd=0 raw=0.900,0.001,0.001 grav=-0.00,-0.01,-0.98[0m
[0m[INFO] [1788703899.790480012, 546.620000000]: RL policy input vx=0.000 vy=0.000 wz=-2.733 action_rms=0.389 ready=1 userCmd=0 kbd=0 raw=0.000,0.000,-2.733 grav=0.02,0.00,-0.98[0m
[0m[INFO] [1788703902.923413952, 548.628000000]: RL policy input vx=0.000 vy=0.000 wz=0.567 action_rms=0.183 ready=1 userCmd=0 kbd=0 raw=0.000,0.000,0.567 grav=0.01,-0.00,-0.98[0m
[0m[INFO] [1788703906.085329967, 550.634000000]: RL policy input vx=0.844 vy=0.313 wz=0.391 action_rms=0.175 ready=1 userCmd=0 kbd=0 raw=0.844,0.313,0.391 grav=-0.01,0.05,-0.98[0m
[0m[INFO] [1788703909.242526827, 552.638000000]: RL policy input vx=0.622 vy=0.035 wz=0.062 action_rms=0.197 ready=1 userCmd=0 kbd=0 raw=0.622,0.035,0.062 grav=0.01,-0.01,-0.98[0m
[0m[INFO] [1788703912.396562665, 554.638000000]: RL policy input vx=0.000 vy=0.000 wz=2.900 action_rms=0.188 ready=1 userCmd=0 kbd=0 raw=0.000,0.000,2.900 grav=0.03,0.00,-0.98[0m
[0m[INFO] [1788703915.534131725, 556.644000000]: RL policy input vx=0.803 vy=0.140 wz=0.190 action_rms=0.175 ready=1 userCmd=0 kbd=0 raw=0.803,0.140,0.190 grav=0.04,0.01,-0.98[0m
[0m[INFO] [1788703918.703587436, 558.660000000]: RL policy input vx=0.44[FSM]: state: INIT
wait for goal.
[FSM]: state: INIT
wait for goal.
[FSM]: state: INIT
wait for goal.
[FSM]: state: INIT
wait for goal.
[FSM]: state: INIT
wait for goal.
[FSM]: state: INIT
wait for goal.
[FSM]: state: INIT
wait for goal.
[FSM]: state: INIT
wait for goal.
[FSM]: state: INIT
wait for goal.
[FSM]: state: INIT
wait for goal.
[FSM]: state: INIT
wait for goal.
[FSM]: state: INIT
wait for goal.
[FSM]: state: INIT
wait for goal.
[FSM]: state: INIT
wait for goal.
[FSM]: state: INIT
wait for goal.
[FSM]: state: INIT
wait for goal.
[FSM]: state: INIT
wait for goal.
[FSM]: state: INIT
wait for goal.
[FSM]: state: INIT
wait for goal.
[FSM]: state: INIT
wait for goal.
[FSM]: state: INIT
wait for goal.
[FSM]: state: INIT
wait for goal.
[FSM]: state: INIT
wait for goal.
[FSM]: state: INIT
wait for goal.
[FSM]: state: INIT
wait for goal.
[FSM]: state: INIT
wait for goal.
[FSM]: state: INIT
wait for goal.
[FSM]: state: INIT
wait for goal.
[FSM]: state: INIT
wait for goal.
8 vy=0.000 wz=0.111 action_rms=0.268 ready=1 userCmd=0 kbd=0 raw=0.448,0.000,0.111 grav=-0.02,0.00,-0.98[0m
[0m[INFO] [1788703921.840998075, 560.662000000]: RL policy input vx=0.450 vy=0.000 wz=0.012 action_rms=0.172 ready=1 userCmd=0 kbd=0 raw=0.450,0.000,0.012 grav=0.01,-0.02,-0.98[0m
[0m[INFO] [1788703924.966890262, 562.668000000]: RL policy input vx=0.062 vy=0.231 wz=1.150 action_rms=0.162 ready=1 userCmd=0 kbd=0 raw=0.062,0.231,1.150 grav=0.03,-0.06,-0.98[0m
[0m[INFO] [1788703928.107562824, 564.670000000]: RL policy input vx=2.233 vy=0.278 wz=0.136 action_rms=0.258 ready=1 userCmd=0 kbd=0 raw=2.233,0.278,0.136 grav=0.02,0.06,-0.98[0m
[0m[INFO] [1788703931.279532511, 566.678000000]: RL policy input vx=2.250 vy=-0.012 wz=-0.006 action_rms=0.430 ready=1 userCmd=0 kbd=0 raw=2.250,-0.012,-0.006 grav=-0.05,-0.07,-0.98[0m
[0m[INFO] [1788703934.409384091, 568.682000000]: RL policy input vx=2.249 vy=0.069 wz=0.033 action_rms=0.423 ready=1 userCmd=0 kbd=0 raw=2.249,0.069,0.033 grav=0.03,-0.03,-0.98[0m
[0m[INFO] [1788703937.564196189, 570.696000000]: RL policy input vx=2.244 vy=0.167 wz=0.082 action_rms=0.272 ready=1 userCmd=0 kbd=0 raw=2.244,0.167,0.082 grav=0.04,-0.06,-0.98[0m
[0m[INFO] [1788703940.734090009, 572.708000000]: RL policy input vx=2.250 vy=-0.040 wz=-0.020 action_rms=0.442 ready=1 userCmd=0 kbd=0 raw=2.250,-0.040,-0.020 grav=-0.00,-0.05,-0.98[0m
[0m[INFO] [1788703943.868983304, 574.714000000]: RL policy input vx=0.929 vy=-0.350 wz=-0.396 action_rms=0.185 ready=1 userCmd=0 kbd=0 raw=0.929,-0.350,-0.396 grav=0.07,-0.03,-0.98[0m
[0m[INFO] [1788703947.049824287, 576.730000000]: RL policy input vx=1.847 vy=-0.097 wz=-0.058 action_rms=0.207 ready=1 userCmd=0 kbd=0 raw=1.847,-0.097,-0.058 grav=-0.00,-0.04,-0.98[0m
[0m[INFO] [1788703950.189336819, 578.732000000]: RL policy input vx=1.850 vy=-0.006 wz=-0.003 action_rms=0.211 ready=1 userCmd=0 kbd=0 raw=1.850,-0.006,-0.003 grav=0.01,-0.03,-0.98[0m
[0m[INFO] [1788703953.322249099, 580.736000000]: RL policy input vx=0.000 vy=0.000 wz=-0.988 action_rms=0.121 ready=1 userCmd=0 kbd=0 raw=0.000,0.000,-0.988 grav=0.02,0.03,-0.98[0m
[0m[INFO] [1788703956.467826930, 582.752000000]: RL policy input vx=0.000 vy=0.000 wz=-0.143 action_rms=0.149 ready=1 userCmd=0 kbd=0 raw=0.000,0.000,-0.143 grav=0.00,-0.00,-0.98[0m
[0m[INFO] [1788703959.605170581, 584.764000000]: RL policy input vx=0.299 vy=0.000 wz=-0.108 action_rms=0.174 ready=1 userCmd=0 kbd=0 raw=0.299,0.000,-0.108 grav=0.04,-0.05,-0.98[0m
[0m[INFO] [1788703962.756077955, 586.772000000]: RL policy input vx=0.000 vy=0.000 wz=-0.320 action_rms=0.182 ready=1 userCmd=0 kbd=0 raw=0.000,0.000,-0.320 grav=0.00,0.00,-0.98[0m
Switched from RL to fixed stand
[FSM]: state: INIT
wait for goal.
infer_thread退出!
[33m[WARN] [1788703965.059251573, 588.232000000]: Using one-shot captured-pose FixedStand profile: ramp 0.50 s, settle 0.00 s, ready after 0.50 s + 0.50 s stable, minimum gain 0.75[0m
[INFO] Using /stand_target_joints param stance.
Switched from fixed stand to RL
[INFO] Entered RL /cmd_vel mode.
[33m[WARN] [1788703966.362254746, 589.064000000]: Using one-shot stair RL takeover profile: blend 0.75 s, zero hold 0.25 s[0m
cuda::is_available():0
[WARNING] UNITREE_RL_DEVICE=hybrid selected CUDA for this policy but CUDA is unavailable; using CPU.
RL inference device: cpu (requested=hybrid, policy=stair)
[INFO] RL policy activated from preload cache at FixedStand entry boundary: /home/quinn/0904/runtime_assets/SimEnv/src/unitree_guide/logs/policy_act_inference_stair.pt
[FSM]: state: INIT
wait for goal.
[FSM]: state: INIT
wait for goal.
[FSM]: state: INIT
wait for goal.
[FSM]: state: INIT
wait for goal.
[FSM]: state: INIT
wait for goal.
[FSM]: state: INIT
wait for goal.
[FSM]: state: INIT
wait for goal.
[FSM]: state: INIT
wait for goal.
[FSM]: state: INIT
wait for goal.
[FSM]: state: INIT
wait for goal.
[FSM]: state: INIT
wait for goal.
[FSM]: state: INIT
wait for goal.
[FSM]: state: INIT
wait for goal.
[FSM]: state: INIT
wait for goal.
[FSM]: state: INIT
wait for goal.
[FSM]: state: INIT
wait for goal.
[FSM]: state: INIT
wait for goal.
[FSM]: state: INIT
wait for goal.
[FSM]: state: INIT
wait for goal.
[FSM]: state: INIT
wait for goal.
[FSM]: state: INIT
wait for goal.
[FSM]: state: INIT
wait for goal.
[FSM]: state: INIT
wait for goal.
[FSM]: state: INIT
wait for goal.
[FSM]: state: INIT
wait for goal.
[FSM]: state: INIT
wait for goal.
[FSM]: state: INIT
wait for goal.
[FSM]: state: INIT
wait for goal.
[FSM]: state: INIT
wait for goal.
[0m[INFO] [1788703966.363920128, 589.066000000]: RL policy input vx=0.000 vy=0.000 wz=0.000 action_rms=0.198 ready=0 userCmd=0 kbd=0 raw=0.000,0.000,0.000 grav=-0.01,-0.03,-0.98[0m
[0m[INFO] [1788703967.951109894, 590.074000000]: RL locomotion_ready latched after 1.01 s takeover and 1.01 s stable hold[0m
[0m[INFO] [1788703969.518837881, 591.078000000]: RL policy input vx=0.550 vy=0.000 wz=-0.072 action_rms=0.129 ready=1 userCmd=0 kbd=0 raw=0.550,0.000,-0.072 grav=-0.02,0.01,-0.98[0m
[0m[INFO] [1788703972.726751934, 593.088000000]: RL policy input vx=0.500 vy=0.000 wz=-0.060 action_rms=0.240 ready=1 userCmd=8 kbd=0 raw=0.500,0.000,-0.060 grav=0.40,0.05,-0.89[0m
[0m[INFO] [1788703975.948899222, 595.104000000]: RL policy input vx=0.800 vy=0.000 wz=-0.028 action_rms=0.176 ready=1 userCmd=8 kbd=0 raw=0.800,0.000,-0.028 grav=0.36,-0.05,-0.91[0m
[0m[INFO] [1788703979.128976575, 597.106000000]: RL policy input vx=0.600 vy=0.000 wz=0.011 action_rms=0.270 ready=1 userCmd=0 kbd=0 raw=0.600,0.000,0.011 grav=0.37,0.16,-0.89[0m
[0m[INFO] [1788703982.349238930, 599.124000000]: RL policy input vx=0.000 vy=0.000 wz=0.000 action_rms=0.144 ready=1 userCmd=8 kbd=0 raw=0.000,0.000,0.000 grav=-0.02,0.01,-0.98[0m
[0m[INFO] [1788703985.516530436, 601.138000000]: RL policy input vx=0.400 vy=0.005 wz=1.200 action_rms=0.190 ready=1 userCmd=0 kbd=0 raw=0.400,0.005,1.200 grav=0.01,0.09,-0.98[0m
[0m[INFO] [1788703988.673527919, 603.158000000]: RL policy input vx=0.044 vy=-0.367 wz=0.131 action_rms=0.151 ready=1 userCmd=0 kbd=0 raw=0.044,-0.367,0.131 grav=0.01,0.00,-0.98[0m
[0m[INFO] [1788703991.823482255, 605.174000000]: RL policy input vx=0.550 vy=0.000 wz=0.029 action_rms=0.187 ready=1 userCmd=0 kbd=0 raw=0.550,0.000,0.029 grav=0.04,-0.02,-0.98[0m
[0m[INFO] [1788703995.012630191, 607.190000000]: RL policy input vx=0.800 vy=0.000 wz=-0.013 action_rms=0.314 ready=1 userCmd=0 kbd=0 raw=0.800,0.000,-0.013 grav=0.38,0.06,-0.90[0m
[0m[INFO] [1788703998.137997327, 609.196000000]: RL policy input vx=0.500 vy=0.000 wz=-0.001 action_rms=0.292 ready=1 userCmd=0 kbd=0 raw=0.500,0.000,-0.001 grav=0.38,0.05,-0.90[0m
[0m[INFO] [1788704001.259311943, 611.200000000]: RL policy input vx=0.000 vy=0.000 wz=0.000 action_rms=0.186 ready=1 userCmd=0 kbd=0 raw=0.000,0.000,0.000 grav=0.15,0.01,-0.97[0m
[0m[INFO] [1788704004.410989454, 613.220000000]: RL policy input vx=-0.023 vy=-0.252 wz=-0.623 action_rms=0.145 ready=1 userCmd=0 kbd=0 raw=-0.023,-0.252,-0.623 grav=-0.03,-0.02,-0.98[0m
[0m[INFO] [1788704007.545762900, 615.224000000]: RL policy input vx=0.000 vy=0.000 wz=0.000 action_rms=0.199 ready=1 userCmd=0 kbd=0 raw=0.000,0.000,0.000 grav=-0.01,-0.05,-0.98[0m
[0m[INFO] [1788704010.700884854, 617.224000000]: RL policy input vx=-0.053 vy=-0.397 wz=-0.232 action_rms=0.153 ready=1 userCmd=0 kbd=0 raw=-0.053,-0.397,-0.232 grav=-0.02,0.02,-0.98[0m
stop the controller
terminate called after throwing an instance of 'boost::wrapexcept<boost::lock_error>'
  what():  boost: mutex lock failed in pthread_mutex_lock: Invalid argument
des manager
[ERROR] [1788704009.563579, 616.502000]: Three-floor RL mission failed: exploration_deadline_exceeded_600.0s
[ERROR] [1788704010.963665, 617.384000]: bad callback: <bound method Detector._image of <__main__.Detector object at 0x72ee47bbb7f0>>
Traceback (most recent call last):
  File "/opt/ros/noetic/lib/python3/dist-packages/rospy/topics.py", line 750, in _invoke_callback
    cb(msg)
  File "/home/quinn/0904/threefloor_stress5_repro_20260827/work/mounts/SimEnv/src/simenv_bridge/scripts/danger_detector.py", line 1399, in _image
    self._publish_confirmed(msg.header)
  File "/home/quinn/0904/threefloor_stress5_repro_20260827/work/mounts/SimEnv/src/simenv_bridge/scripts/danger_detector.py", line 1114, in _publish_confirmed
    self.pose_pub.publish(output)
  File "/opt/ros/noetic/lib/python3/dist-packages/rospy/topics.py", line 882, in publish
    self.impl.publish(data)
  File "/opt/ros/noetic/lib/python3/dist-packages/rospy/topics.py", line 1041, in publish
    raise ROSException("publish() to a closed topic")
rospy.exceptions.ROSException: publish() to a closed topic

[INFO] [1788703040.570282, 0.000000]: danger_detector: loaded 12 room boundaries; scan margin=0.50 m
[INFO] [1788703046.233312, 0.112000]: danger_detector: first rendered RGB frame ready (320x240)
[INFO] [1788703071.775850, 16.366000]: danger_detector: exploration clock started after preparation
[INFO] [1788703127.516160, 51.196000]: danger_detector: scan batch label=floor_0_room_0_g3 raw=0 min_points=3 clusters=[]
[INFO] [1788703139.053490, 58.628000]: danger_detector: scan batch label=floor_0_room_0_g4 raw=0 min_points=3 clusters=[]
[INFO] [1788703169.263769, 77.834000]: danger_detector: scan batch label=floor_0_room_1_g3 raw=0 min_points=3 clusters=[]
[INFO] [1788703182.006590, 85.896000]: danger_detector: scan batch label=floor_0_room_1_g4 raw=0 min_points=3 clusters=[]
[INFO] [1788703229.190723, 116.246000]: danger_detector: scan batch label=floor_0_room_2_g3 raw=0 min_points=3 clusters=[]
[INFO] [1788703240.930345, 123.796000]: danger_detector: scan batch label=floor_0_room_2_g4 raw=0 min_points=3 clusters=[]
[INFO] [1788703275.396881, 145.858000]: danger_detector: scan batch label=floor_0_room_3_g3 raw=0 min_points=3 clusters=[]
[INFO] [1788703295.583362, 158.834000]: danger_detector: scan batch label=floor_0_room_3_g4 raw=0 min_points=3 clusters=[]
[INFO] [1788703439.828085, 251.040000]: danger_detector: scan batch label=floor_1_room_0_g3 raw=0 min_points=3 clusters=[]
[INFO] [1788703451.479734, 258.594000]: danger_detector: scan batch label=floor_1_room_0_g4 raw=0 min_points=3 clusters=[]
[INFO] [1788703485.037338, 280.258000]: danger_detector: scan batch label=floor_1_room_1_g3 raw=0 min_points=3 clusters=[]
[INFO] [1788703505.053765, 293.210000]: danger_detector: scan batch label=floor_1_room_1_g4 raw=0 min_points=3 clusters=[]
[INFO] [1788703556.334690, 326.368000]: danger_detector: confirmed red sphere #1 at [-7.9291, 33.2511, 2.75], t=310.00s, stage=floor_2_exploration
[INFO] [1788703556.915870, 326.746000]: danger_detector: confirmed red sphere #2 at [-3.0616, 34.9496, 2.75], t=310.38s, stage=floor_2_exploration
[INFO] [1788703557.567327, 327.164000]: danger_detector: scan batch label=floor_1_room_2_g3 raw=9 min_points=3 clusters=[(-7.925714437294669, 33.235039672511455), (-3.090486455023423, 34.910036694809875)]
[INFO] [1788703569.840121, 335.108000]: danger_detector: scan batch label=floor_1_room_2_g4 raw=5 min_points=3 clusters=[(-7.713517546087687, 33.61826338359126)]
[INFO] [1788703601.201552, 355.264000]: danger_detector: scan batch label=floor_1_room_3_g3 raw=0 min_points=3 clusters=[]
[INFO] [1788703612.442349, 362.544000]: danger_detector: scan batch label=floor_1_room_3_g4 raw=0 min_points=3 clusters=[]
[INFO] [1788703757.211862, 455.390000]: danger_detector: scan batch label=floor_2_room_0_g3 raw=0 min_points=3 clusters=[]
[INFO] [1788703768.760944, 462.798000]: danger_detector: scan batch label=floor_2_room_0_g4 raw=0 min_points=3 clusters=[]
[INFO] [1788703796.825583, 480.886000]: danger_detector: confirmed red sphere #3 at [7.9183, 18.7231, 5.35], t=464.52s, stage=floor_3_exploration
[INFO] [1788703798.128749, 481.704000]: danger_detector: scan batch label=floor_2_room_1_g3 raw=6 min_points=3 clusters=[(7.927575828064998, 18.746324904395998)]
[INFO] [1788703810.790879, 489.726000]: danger_detector: scan batch label=floor_2_room_1_g4 raw=8 min_points=3 clusters=[(7.78734227194669, 18.858131140606346)]
[INFO] [1788703857.172127, 519.260000]: danger_detector: confirmed red sphere #4 at [-8.2058, 33.8371, 5.35], t=502.90s, stage=floor_3_exploration
[INFO] [1788703858.442348, 520.078000]: danger_detector: scan batch label=floor_2_room_2_g3 raw=7 min_points=3 clusters=[(-8.251677401666768, 33.95847889424512)]
[INFO] [1788703870.915703, 528.080000]: danger_detector: scan batch label=floor_2_room_2_g4 raw=6 min_points=3 clusters=[(-8.09604492523561, 34.03577069506646)]
[INFO] [1788703900.341882, 546.978000]: danger_detector: confirmed red sphere #5 at [6.0195, 28.441, 5.35], t=530.61s, stage=floor_3_exploration
[INFO] [1788703901.521199, 547.722000]: danger_detector: scan batch label=floor_2_room_3_g3 raw=3 min_points=3 clusters=[(6.019547594948408, 28.43882345267364)]
[INFO] [1788703913.084002, 555.082000]: danger_detector: scan batch label=floor_2_room_3_g4 raw=6 min_points=3 clusters=[(6.112912660114019, 28.401839464797504)]
[INFO] [1788704009.560549, 616.500000]: danger_detector: wrote 5 confirmed red-ball detections -> /home/quinn/0904/results/official_gui_rtf065_s20260_20260906_215635/red_ball_detections.json
[INFO] [1788703047.605400, 1.004000]: Bootstrap armed: stand@1.0s state-gated RL max_wait=25.0s repeat=120.0s start_t=1.0
[INFO] [1788703054.367934, 5.302000]: Requesting RL /cmd_vel through /joy (repeating).
[INFO] [1788703071.831033, 16.402000]: Bootstrap observed locomotion_ready; releasing /joy.
[WARN] [1788703112.267835, 41.716000]: Room viewpoint speed cap: floor_0_room_0_g3 2.250 -> 0.900 m/s (configured 0.900)
[WARN] [1788703127.719908, 51.328000]: Room viewpoint speed cap: floor_0_room_0_g4 2.250 -> 0.900 m/s (configured 0.900)
[WARN] [1788703157.525872, 70.332000]: Room viewpoint speed cap: floor_0_room_1_g3 2.250 -> 0.900 m/s (configured 0.900)
[WARN] [1788703175.186958, 81.556000]: Room viewpoint speed cap: floor_0_room_1_g4 2.250 -> 0.900 m/s (configured 0.900)
[WARN] [1788703217.950596, 109.028000]: Room viewpoint speed cap: floor_0_room_2_g3 2.250 -> 0.900 m/s (configured 0.900)
[WARN] [1788703229.397300, 116.378000]: Room viewpoint speed cap: floor_0_room_2_g4 2.250 -> 0.900 m/s (configured 0.900)
[WARN] [1788703264.566608, 138.920000]: Room viewpoint speed cap: floor_0_room_3_g3 2.250 -> 0.900 m/s (configured 0.900)
[WARN] [1788703285.554270, 152.410000]: Room viewpoint speed cap: floor_0_room_3_g4 2.250 -> 0.900 m/s (configured 0.900)
[WARN] [1788703425.182188, 241.566000]: Room viewpoint speed cap: floor_1_room_0_g3 2.250 -> 0.900 m/s (configured 0.900)
[WARN] [1788703440.043144, 251.178000]: Room viewpoint speed cap: floor_1_room_0_g4 2.250 -> 0.900 m/s (configured 0.900)
[WARN] [1788703474.205030, 273.254000]: Room viewpoint speed cap: floor_1_room_1_g3 2.250 -> 0.900 m/s (configured 0.900)
[WARN] [1788703495.122188, 286.780000]: Room viewpoint speed cap: floor_1_room_1_g4 2.250 -> 0.900 m/s (configured 0.900)
[WARN] [1788703545.931293, 319.674000]: Room viewpoint speed cap: floor_1_room_2_g3 2.250 -> 0.900 m/s (configured 0.900)
[WARN] [1788703563.320459, 330.886000]: Room viewpoint speed cap: floor_1_room_2_g4 2.250 -> 0.900 m/s (configured 0.900)
[WARN] [1788703589.165619, 347.486000]: Room viewpoint speed cap: floor_1_room_3_g3 2.250 -> 0.900 m/s (configured 0.900)
[WARN] [1788703601.411632, 355.402000]: Room viewpoint speed cap: floor_1_room_3_g4 2.250 -> 0.900 m/s (configured 0.900)
[WARN] [1788703742.264131, 445.946000]: Room viewpoint speed cap: floor_2_room_0_g3 2.250 -> 0.900 m/s (configured 0.900)
[WARN] [1788703757.427320, 455.530000]: Room viewpoint speed cap: floor_2_room_0_g4 2.250 -> 0.900 m/s (configured 0.900)
[WARN] [1788703786.591199, 474.284000]: Room viewpoint speed cap: floor_2_room_1_g3 2.250 -> 0.900 m/s (configured 0.900)
[WARN] [1788703804.171184, 485.486000]: Room viewpoint speed cap: floor_2_room_1_g4 2.250 -> 0.900 m/s (configured 0.900)
[WARN] [1788703846.701304, 512.628000]: Room viewpoint speed cap: floor_2_room_2_g3 2.250 -> 0.900 m/s (configured 0.900)
[WARN] [1788703864.296514, 523.822000]: Room viewpoint speed cap: floor_2_room_2_g4 2.250 -> 0.900 m/s (configured 0.900)
[WARN] [1788703889.784149, 540.184000]: Room viewpoint speed cap: floor_2_room_3_g3 2.250 -> 0.900 m/s (configured 0.900)
[WARN] [1788703901.750134, 547.868000]: Room viewpoint speed cap: floor_2_room_3_g4 2.250 -> 0.900 m/s (configured 0.900)
[INFO] [1788703964.052640, 587.594000]: SCAN explored all three floors; stair descent owns the return.
[INFO] [1788703040.340381, 0.000000]: scanplanner_pointcloud_bridge: /scan -> /registered_scan at <= 5.0 Hz
[INFO] [1788703061.618780, 9.908000]: scanplanner_pointcloud_bridge: published 50 clouds (391 points)
[INFO] [1788703077.311455, 19.904000]: scanplanner_pointcloud_bridge: published 100 clouds (415 points)
[INFO] [1788703093.181765, 29.912000]: scanplanner_pointcloud_bridge: published 150 clouds (776 points)
[INFO] [1788703109.307640, 39.912000]: scanplanner_pointcloud_bridge: published 200 clouds (759 points)
[INFO] [1788703125.517328, 49.910000]: scanplanner_pointcloud_bridge: published 250 clouds (766 points)
[INFO] [1788703141.070061, 59.910000]: scanplanner_pointcloud_bridge: published 300 clouds (780 points)
[INFO] [1788703156.865755, 69.912000]: scanplanner_pointcloud_bridge: published 350 clouds (764 points)
[INFO] [1788703172.540643, 79.912000]: scanplanner_pointcloud_bridge: published 400 clouds (772 points)
[INFO] [1788703188.248553, 89.912000]: scanplanner_pointcloud_bridge: published 450 clouds (766 points)
[INFO] [1788703203.793573, 99.910000]: scanplanner_pointcloud_bridge: published 500 clouds (762 points)
[INFO] [1788703219.341558, 109.912000]: scanplanner_pointcloud_bridge: published 550 clouds (771 points)
[INFO] [1788703234.886671, 119.912000]: scanplanner_pointcloud_bridge: published 600 clouds (771 points)
[INFO] [1788703250.482075, 129.912000]: scanplanner_pointcloud_bridge: published 650 clouds (763 points)
[INFO] [1788703266.103118, 139.912000]: scanplanner_pointcloud_bridge: published 700 clouds (770 points)
[INFO] [1788703281.703371, 149.910000]: scanplanner_pointcloud_bridge: published 750 clouds (767 points)
[INFO] [1788703297.248270, 159.910000]: scanplanner_pointcloud_bridge: published 800 clouds (772 points)
[INFO] [1788703312.818178, 169.912000]: scanplanner_pointcloud_bridge: published 850 clouds (770 points)
[INFO] [1788703328.544533, 179.912000]: scanplanner_pointcloud_bridge: published 900 clouds (683 points)
[INFO] [1788703344.361057, 189.914000]: scanplanner_pointcloud_bridge: published 950 clouds (764 points)
[INFO] [1788703360.287910, 199.914000]: scanplanner_pointcloud_bridge: published 1000 clouds (682 points)
[INFO] [1788703375.957830, 209.916000]: scanplanner_pointcloud_bridge: published 1050 clouds (651 points)
[INFO] [1788703391.577471, 219.914000]: scanplanner_pointcloud_bridge: published 1100 clouds (663 points)
[INFO] [1788703407.129900, 229.914000]: scanplanner_pointcloud_bridge: published 1150 clouds (761 points)
[INFO] [1788703422.625758, 239.912000]: scanplanner_pointcloud_bridge: published 1200 clouds (761 points)
[INFO] [1788703438.091498, 249.914000]: scanplanner_pointcloud_bridge: published 1250 clouds (768 points)
[INFO] [1788703453.526783, 259.914000]: scanplanner_pointcloud_bridge: published 1300 clouds (776 points)
[INFO] [1788703469.045765, 269.916000]: scanplanner_pointcloud_bridge: published 1350 clouds (762 points)
[INFO] [1788703484.513847, 279.918000]: scanplanner_pointcloud_bridge: published 1400 clouds (765 points)
[INFO] [1788703499.975190, 289.916000]: scanplanner_pointcloud_bridge: published 1450 clouds (769 points)
[INFO] [1788703515.402998, 299.918000]: scanplanner_pointcloud_bridge: published 1500 clouds (765 points)
[INFO] [1788703530.866311, 309.920000]: scanplanner_pointcloud_bridge: published 1550 clouds (771 points)
[INFO] [1788703546.306740, 319.916000]: scanplanner_pointcloud_bridge: published 1600 clouds (764 points)
[INFO] [1788703561.827668, 329.918000]: scanplanner_pointcloud_bridge: published 1650 clouds (767 points)
[INFO] [1788703577.353604, 339.918000]: scanplanner_pointcloud_bridge: published 1700 clouds (769 points)
[INFO] [1788703592.923224, 349.918000]: scanplanner_pointcloud_bridge: published 1750 clouds (769 points)
[INFO] [1788703608.394587, 359.918000]: scanplanner_pointcloud_bridge: published 1800 clouds (768 points)
[INFO] [1788703623.866411, 369.916000]: scanplanner_pointcloud_bridge: published 1850 clouds (765 points)
[INFO] [1788703639.365256, 379.920000]: scanplanner_pointcloud_bridge: published 1900 clouds (776 points)
[INFO] [1788703654.846640, 389.920000]: scanplanner_pointcloud_bridge: published 1950 clouds (767 points)
[INFO] [1788703670.396976, 399.920000]: scanplanner_pointcloud_bridge: published 2000 clouds (610 points)
[INFO] [1788703685.868841, 409.918000]: scanplanner_pointcloud_bridge: published 2050 clouds (672 points)
[INFO] [1788703701.346536, 419.918000]: scanplanner_pointcloud_bridge: published 2100 clouds (730 points)
[INFO] [1788703716.850999, 429.918000]: scanplanner_pointcloud_bridge: published 2150 clouds (752 points)
[INFO] [1788703732.733832, 439.920000]: scanplanner_pointcloud_bridge: published 2200 clouds (748 points)
[INFO] [1788703748.633785, 449.920000]: scanplanner_pointcloud_bridge: published 2250 clouds (768 points)
[INFO] [1788703764.265431, 459.920000]: scanplanner_pointcloud_bridge: published 2300 clouds (769 points)
[INFO] [1788703779.810956, 469.920000]: scanplanner_pointcloud_bridge: published 2350 clouds (776 points)
[INFO] [1788703795.329497, 479.920000]: scanplanner_pointcloud_bridge: published 2400 clouds (760 points)
[INFO] [1788703811.096190, 489.922000]: scanplanner_pointcloud_bridge: published 2450 clouds (772 points)
[INFO] [1788703826.953001, 499.922000]: scanplanner_pointcloud_bridge: published 2500 clouds (776 points)
[INFO] [1788703842.458612, 509.924000]: scanplanner_pointcloud_bridge: published 2550 clouds (764 points)
[INFO] [1788703858.204063, 519.922000]: scanplanner_pointcloud_bridge: published 2600 clouds (773 points)
[INFO] [1788703873.803237, 529.926000]: scanplanner_pointcloud_bridge: published 2650 clouds (758 points)
[INFO] [1788703889.384172, 539.926000]: scanplanner_pointcloud_bridge: published 2700 clouds (764 points)
[INFO] [1788703904.959304, 549.926000]: scanplanner_pointcloud_bridge: published 2750 clouds (769 points)
[INFO] [1788703920.695746, 559.926000]: scanplanner_pointcloud_bridge: published 2800 clouds (748 points)
[INFO] [1788703936.366958, 569.926000]: scanplanner_pointcloud_bridge: published 2850 clouds (663 points)
[INFO] [1788703952.050657, 579.926000]: scanplanner_pointcloud_bridge: published 2900 clouds (754 points)
[INFO] [1788703967.716345, 589.926000]: scanplanner_pointcloud_bridge: published 2950 clouds (770 points)
[INFO] [1788703983.620648, 599.926000]: scanplanner_pointcloud_bridge: published 3000 clouds (776 points)
[INFO] [1788703999.283005, 609.926000]: scanplanner_pointcloud_bridge: published 3050 clouds (692 points)
[WARN] [1788703977.849660, 596.300000]: Descent tilt 0.481 rad: capping flight speed at 0.55 m/s.
[WARN] [1788703996.032415, 607.840000]: Descent tilt 0.481 rad: capping flight speed at 0.55 m/s.
[WARN] [1788703998.503666, 609.430000]: Descent tilt 0.487 rad: capping flight speed at 0.55 m/s.
[WARN] [1788704000.079492, 610.440000]: Descent tilt 0.504 rad: capping flight speed at 0.55 m/s.
[WARN] [1788704007.548661, 615.222000]: Segment turn left safe position (x=-3.797, y=1.951); zero command and re-centering before continuing turn.
[INFO] [1788703963.782340, 587.420000]: DSTPUB phase=STAIR_DESCENT_PRE_ALIGN world=(0.300,0.000,-0.166) body=(-0.055,-0.295,-0.166) truth_z=5.515 drop=0.000 pitch=0.0deg seg=0
[INFO] [1788703964.662192, 587.980000]: Descent policy boundary captured joint RMS 0.102.
[INFO] [1788703964.669118, 587.986000]: Descent plane gait settled; entering FixedStand before the stair-policy load.
[INFO] [1788703966.099711, 588.900000]: Descent FixedStand is ready; stair policy queued.
[INFO] [1788703966.353270, 589.058000]: Descent stair policy queued under FixedStand; requesting fresh stair-RL entry.
[INFO] [1788703967.984168, 590.086000]: Descent stair RL fresh readiness confirmed; warming up 0.8 s.
[INFO] [1788703968.964558, 590.720000]: Descent FLIGHT_B start: z=5.513 drop gate 1.05 m.
[INFO] [1788703968.992842, 590.740000]: DSTPUB phase=STAIR_DESCENT_FLIGHT_B world=(-0.095,0.542,-0.069) body=(0.550,0.000,-0.069) truth_z=5.513 drop=-0.000 pitch=0.0deg seg=-1
[INFO] [1788703970.605589, 591.762000]: DSTPUB phase=STAIR_DESCENT_FLIGHT_B world=(-0.073,0.545,-0.083) body=(0.550,0.000,-0.083) truth_z=5.511 drop=0.002 pitch=0.0deg seg=0
[INFO] [1788703972.229820, 592.780000]: DSTPUB phase=STAIR_DESCENT_FLIGHT_B world=(-0.048,0.548,-0.079) body=(0.550,-0.000,-0.079) truth_z=5.348 drop=0.165 pitch=0.0deg seg=24
[INFO] [1788703973.863354, 593.800000]: DSTPUB phase=STAIR_DESCENT_FLIGHT_B world=(-0.002,0.500,-0.043) body=(0.500,0.000,-0.043) truth_z=5.136 drop=0.378 pitch=0.0deg seg=23
[INFO] [1788703975.500935, 594.822000]: DSTPUB phase=STAIR_DESCENT_FLIGHT_B world=(-0.015,0.800,-0.036) body=(0.800,0.000,-0.036) truth_z=4.882 drop=0.632 pitch=0.0deg seg=23
[INFO] [1788703977.122287, 595.842000]: DSTPUB phase=STAIR_DESCENT_FLIGHT_B world=(0.015,0.600,-0.019) body=(0.600,0.000,-0.019) truth_z=4.552 drop=0.961 pitch=0.0deg seg=25
[INFO] [1788703978.739584, 596.860000]: DSTPUB phase=STAIR_DESCENT_FLIGHT_B world=(0.012,0.600,-0.012) body=(0.600,0.000,-0.012) truth_z=4.331 drop=1.182 pitch=0.0deg seg=20
[INFO] [1788703980.347878, 597.862000]: DSTPUB phase=STAIR_DESCENT_FLIGHT_B world=(0.017,0.600,0.018) body=(0.600,0.000,0.018) truth_z=4.190 drop=1.323 pitch=0.0deg seg=11
[INFO] [1788703980.671140, 598.062000]: Flight-B descent complete: drop=1.31 m y=5.06; starting landing turn.
[INFO] [1788703983.091851, 599.590000]: DSTPUB phase=STAIR_DESCENT_TURN world=(-0.400,0.000,0.682) body=(-0.004,0.400,0.682) truth_z=4.215 drop=1.298 pitch=0.0deg seg=0
[INFO] [1788703984.670507, 600.600000]: DSTPUB phase=STAIR_DESCENT_TURN world=(-0.400,0.000,1.200) body=(0.318,0.243,1.200) truth_z=4.210 drop=1.303 pitch=0.0deg seg=0
[INFO] [1788703986.270240, 601.620000]: DSTPUB phase=STAIR_DESCENT_TURN world=(-0.400,0.000,1.088) body=(0.334,-0.220,1.088) truth_z=4.219 drop=1.294 pitch=0.0deg seg=0
[INFO] [1788703987.867805, 602.640000]: DSTPUB phase=STAIR_DESCENT_TURN world=(-0.400,0.000,0.340) body=(0.107,-0.386,0.340) truth_z=4.213 drop=1.300 pitch=0.0deg seg=0
[INFO] [1788703988.272705, 602.900000]: Descent landing heading captured at error 0.169 rad; using shortest-path hold while x aligns.
[INFO] [1788703989.431619, 603.642000]: DSTPUB phase=STAIR_DESCENT_TURN world=(-0.300,0.005,0.054) body=(0.009,-0.300,0.054) truth_z=4.212 drop=1.301 pitch=0.0deg seg=0
[INFO] [1788703990.764061, 604.500000]: Descent FLIGHT_A start: z=5.513 drop gate 2.45 m.
[INFO] [1788703990.765637, 604.500000]: Descent landing aligned: x err=-0.115 m, heading err=-0.005 rad; starting flight A.
[INFO] [1788703991.034083, 604.660000]: DSTPUB phase=STAIR_DESCENT_FLIGHT_A world=(-0.002,-0.550,0.035) body=(0.550,0.000,0.035) truth_z=4.215 drop=1.298 pitch=0.0deg seg=-2
[INFO] [1788703992.596540, 605.662000]: DSTPUB phase=STAIR_DESCENT_FLIGHT_A world=(0.032,-0.549,-0.002) body=(0.550,0.000,-0.002) truth_z=4.095 drop=1.418 pitch=0.0deg seg=19
[INFO] [1788703994.217930, 606.684000]: DSTPUB phase=STAIR_DESCENT_FLIGHT_A world=(0.006,-0.733,0.001) body=(0.733,0.000,0.001) truth_z=3.835 drop=1.679 pitch=0.0deg seg=22
[INFO] [1788703995.812594, 607.700000]: DSTPUB phase=STAIR_DESCENT_FLIGHT_A world=(0.038,-0.799,-0.024) body=(0.800,-0.000,-0.024) truth_z=3.551 drop=1.962 pitch=0.0deg seg=22
[INFO] [1788703997.409886, 608.722000]: DSTPUB phase=STAIR_DESCENT_FLIGHT_A world=(-0.022,-0.800,-0.014) body=(0.800,-0.000,-0.014) truth_z=3.307 drop=2.206 pitch=0.0deg seg=21
[INFO] [1788703998.990385, 609.742000]: DSTPUB phase=STAIR_DESCENT_FLIGHT_A world=(-0.058,-0.547,0.027) body=(0.550,0.000,0.027) truth_z=3.032 drop=2.481 pitch=0.0deg seg=28
[INFO] [1788704000.575669, 610.760000]: DSTPUB phase=STAIR_DESCENT_FLIGHT_A world=(-0.024,-0.549,-0.003) body=(0.550,0.000,-0.003) truth_z=2.916 drop=2.597 pitch=0.0deg seg=18
[INFO] [1788704001.034949, 611.054000]: Segment 1 (F3->F2) complete: drop=2.62 m, elapsed 37.5 s; turning on F2 landing for segment 2.
[INFO] [1788704003.385731, 612.560000]: Segment turn aligned (x err=0.146 m, y=1.702 in band [1.70, 1.95]); starting 180 deg turn.
[INFO] [1788704003.397685, 612.566000]: DSTPUB phase=STAIR_DESCENT_SEGMENT_TURN world=(-0.268,-0.011,-0.240) body=(0.003,-0.269,-0.240) truth_z=2.915 drop=0.000 pitch=1.0deg seg=-1
[INFO] [1788704004.973648, 613.580000]: DSTPUB phase=STAIR_DESCENT_SEGMENT_TURN world=(-0.221,0.139,-0.843) body=(-0.053,-0.255,-0.843) truth_z=2.927 drop=0.000 pitch=1.0deg seg=-2
[INFO] [1788704006.561555, 614.586000]: DSTPUB phase=STAIR_DESCENT_SEGMENT_TURN world=(0.049,0.384,-1.000) body=(-0.156,-0.354,-1.000) truth_z=2.918 drop=0.000 pitch=1.0deg seg=-1
[INFO] [1788704007.772037, 615.360000]: Segment turn aligned (x err=0.096 m, y=1.947 in band [1.70, 1.95]); starting 180 deg turn.
[INFO] [1788704008.150563, 615.600000]: DSTPUB phase=STAIR_DESCENT_SEGMENT_TURN world=(0.230,0.327,-1.000) body=(-0.066,-0.395,-1.000) truth_z=2.926 drop=0.000 pitch=1.0deg seg=0
[INFO] [1788704009.745817, 616.620000]: DSTPUB phase=STAIR_DESCENT_SEGMENT_TURN world=(0.322,0.093,-0.471) body=(0.016,-0.335,-0.471) truth_z=2.928 drop=0.000 pitch=1.0deg seg=0
[INFO] [1788704009.949413, 616.742000]: Segment turn complete; standing before descent segment 2.
[INFO] [1788704010.220681, 616.920000]: East-align to flight-b center x=-2.48 before segment 2 flight-b (x=-3.59).
[INFO] [1788704010.255364, 616.940000]: East-align south done (y=1.885); moving east to x=-2.48.
[0m[INFO] [1788703041.766363242]: Livox plugin Load complete with 800 rays[0m
[0m[INFO] [1788703041.767560291]: <initialOrientationAsReference> is unset, using default value of false to comply with REP 145 (world as orientation reference)[0m
[0m[INFO] [1788703041.767575685]: <robotNamespace> set to: //[0m
[0m[INFO] [1788703041.767580677]: <topicName> set to: /livox/imu[0m
[0m[INFO] [1788703041.767591038]: <frameName> set to: livox_imu_link[0m
[0m[INFO] [1788703041.767601585]: <updateRateHZ> set to: 1000[0m
[0m[INFO] [1788703041.767606980]: <gaussianNoise> set to: 0[0m
[0m[INFO] [1788703041.767617287]: <xyzOffset> set to: 0 0 0[0m
[0m[INFO] [1788703041.767625404]: <rpyOffset> set to: 0 -0 0[0m
[0m[INFO] [1788703043.055242127]: Camera Plugin: Using the 'robotNamespace' param: '/'[0m
[0m[INFO] [1788703043.057571667]: Camera Plugin (ns = /)  <tf_prefix_>, set to ""[0m
[0m[INFO] [1788703043.064332827]: Updating LinkState: reference_frame is empty/world/map, using inertial frame[0m
[0m[INFO] [1788703043.064360046]: Camera Plugin: Using the 'robotNamespace' param: '/'[0m
[0m[INFO] [1788703043.065838886]: Updating LinkState: reference_frame is empty/world/map, using inertial frame[0m
[0m[INFO] [1788703043.066258167]: Camera Plugin (ns = /)  <tf_prefix_>, set to ""[0m
[0m[INFO] [1788703043.899311382]: Loading gazebo_ros_control plugin[0m
[0m[INFO] [1788703043.899375177]: Starting gazebo_ros_control plugin in namespace: /a1_gazebo[0m
[0m[INFO] [1788703043.899988673]: gazebo_ros_control plugin is waiting for model URDF in parameter [/robot_description] on the ROS param server.[0m
[0m[INFO] [1788703044.014452221]: Loaded gazebo_ros_control.[0m
[INFO] [1788703041.350341, 0.000000]: building_generator_classic_control ready

auto-starting new master
[1mprocess[master]: started with pid [383052][0m
[1mROS_MASTER_URI=http://localhost:11311[0m
]2;/home/quinn/0904/threefloor_stress5_repro_20260827/work/mounts/SimEnv/src/simenv_bridge/launch/scanplanner_three_floor_rl.launch http://localhost:11311
[1msetting /run_id to e0316e38-a9fa-11f1-9447-05c1f50d701d[0m
[1mprocess[rosout-1]: started with pid [383062][0m
started core service [/rosout]
[1mprocess[gazebo-2]: started with pid [383070][0m
[1mprocess[urdf_spawner-3]: started with pid [383073][0m
[1mprocess[state_from_gazebo-4]: started with pid [383076][0m
[1mprocess[a1_gazebo/controller_spawner-5]: started with pid [383077][0m
[1mprocess[robot_state_publisher-6]: started with pid [383078][0m
[1mprocess[unpause_after_controllers-7]: started with pid [383083][0m
[1mprocess[building_control-8]: started with pid [383085][0m
[1mprocess[open_mapping_entrance-9]: started with pid [383090][0m
[1mprocess[junior_ctrl-10]: started with pid [383092][0m
[1mprocess[scanplanner_pointcloud_bridge-11]: started with pid [383093][0m
[1mprocess[scan_planner_node-12]: started with pid [383095][0m
[1mprocess[closed_loop_controller-13]: started with pid [383096][0m
[1mprocess[scanplanner_plane_rl_bootstrap-14]: started with pid [383097][0m
[1mprocess[rl_floor_command_mux-15]: started with pid [383102][0m
[1mprocess[stair_transition_manager-16]: started with pid [383104][0m
[1mprocess[second_to_third_floor_stair_manager-17]: started with pid [383106][0m
[1mprocess[stair_descent_manager-18]: started with pid [383107][0m
[1mprocess[scanplanner_three_floor_goal_sequencer-19]: started with pid [383108][0m
[1mprocess[scanplanner_red_ball_detector-20]: started with pid [383109][0m
[1mprocess[three_floor_rl_mission_supervisor-21]: started with pid [383113][0m
[1m[open_mapping_entrance-9] process has finished cleanly
log file: /home/quinn/.ros/log/e0316e38-a9fa-11f1-9447-05c1f50d701d/open_mapping_entrance-9*.log[0m
[1m[urdf_spawner-3] process has finished cleanly
log file: /home/quinn/.ros/log/e0316e38-a9fa-11f1-9447-05c1f50d701d/urdf_spawner-3*.log[0m
[1m[unpause_after_controllers-7] process has finished cleanly
log file: /home/quinn/.ros/log/e0316e38-a9fa-11f1-9447-05c1f50d701d/unpause_after_controllers-7*.log[0m
[1m[stair_transition_manager-16] process has finished cleanly
log file: /home/quinn/.ros/log/e0316e38-a9fa-11f1-9447-05c1f50d701d/stair_transition_manager-16*.log[0m
[1m[second_to_third_floor_stair_manager-17] process has finished cleanly
log file: /home/quinn/.ros/log/e0316e38-a9fa-11f1-9447-05c1f50d701d/second_to_third_floor_stair_manager-17*.log[0m
[three_floor_rl_mission_supervisor-21] killing on exit
[scanplanner_red_ball_detector-20] killing on exit
[scanplanner_three_floor_goal_sequencer-19] killing on exit
[stair_descent_manager-18] killing on exit
[rl_floor_command_mux-15] killing on exit
[scanplanner_plane_rl_bootstrap-14] killing on exit
[closed_loop_controller-13] killing on exit
[scan_planner_node-12] killing on exit
[scanplanner_pointcloud_bridge-11] killing on exit
[junior_ctrl-10] killing on exit
[building_control-8] killing on exit
[robot_state_publisher-6] killing on exit
[a1_gazebo/controller_spawner-5] killing on exit
[state_from_gazebo-4] killing on exit
[gazebo-2] killing on exit
[rosout-1] killing on exit
[master] killing on exit
shutting down processing monitor...
... shutting down processing monitor complete
[1mdone[0m
