xacro: in-order processing became default in ROS Melodic. You can drop the option.
... logging to /root/.ros/log/7c744784-a690-11f1-b5eb-0242ac110007/roslaunch-autodl-container-0b0b4098ff-c5d5b90e-955473.log
Checking log directory for disk usage. This may take a while.
Press Ctrl-C to interrupt
]2;/root/autodl-tmp/code/restore/0803b/0902overall/threefloor_stress5_repro_20260827/work/mounts/SimEnv/src/simenv_bridge/launch/scanplanner_three_floor_rl.launch
[1mstarted roslaunch server http://autodl-container-0b0b4098ff-c5d5b90e:44041/[0m

SUMMARY
========

CLEAR PARAMETERS
 * /scan_planner_node/

PARAMETERS
 * /a1_gazebo/FL_calf_controller/joint: FL_calf_joint
 * /a1_gazebo/FL_calf_controller/pid/d: 8.0
 * /a1_gazebo/FL_calf_controller/pid/i: 0.0
 * /a1_gazebo/FL_calf_controller/pid/p: 300.0
 * /a1_gazebo/FL_calf_controller/type: unitree_legged_co...
 * /a1_gazebo/FL_hip_controller/joint: FL_hip_joint
 * /a1_gazebo/FL_hip_controller/pid/d: 5.0
 * /a1_gazebo/FL_hip_controller/pid/i: 0.0
 * /a1_gazebo/FL_hip_controller/pid/p: 100.0
 * /a1_gazebo/FL_hip_controller/type: unitree_legged_co...
 * /a1_gazebo/FL_thigh_controller/joint: FL_thigh_joint
 * /a1_gazebo/FL_thigh_controller/pid/d: 8.0
 * /a1_gazebo/FL_thigh_controller/pid/i: 0.0
 * /a1_gazebo/FL_thigh_controller/pid/p: 300.0
 * /a1_gazebo/FL_thigh_controller/type: unitree_legged_co...
 * /a1_gazebo/FR_calf_controller/joint: FR_calf_joint
 * /a1_gazebo/FR_calf_controller/pid/d: 8.0
 * /a1_gazebo/FR_calf_controller/pid/i: 0.0
 * /a1_gazebo/FR_calf_controller/pid/p: 300.0
 * /a1_gazebo/FR_calf_controller/type: unitree_legged_co...
 * /a1_gazebo/FR_hip_controller/joint: FR_hip_joint
 * /a1_gazebo/FR_hip_controller/pid/d: 5.0
 * /a1_gazebo/FR_hip_controller/pid/i: 0.0
 * /a1_gazebo/FR_hip_controller/pid/p: 100.0
 * /a1_gazebo/FR_hip_controller/type: unitree_legged_co...
 * /a1_gazebo/FR_thigh_controller/joint: FR_thigh_joint
 * /a1_gazebo/FR_thigh_controller/pid/d: 8.0
 * /a1_gazebo/FR_thigh_controller/pid/i: 0.0
 * /a1_gazebo/FR_thigh_controller/pid/p: 300.0
 * /a1_gazebo/FR_thigh_controller/type: unitree_legged_co...
 * /a1_gazebo/RL_calf_controller/joint: RL_calf_joint
 * /a1_gazebo/RL_calf_controller/pid/d: 8.0
 * /a1_gazebo/RL_calf_controller/pid/i: 0.0
 * /a1_gazebo/RL_calf_controller/pid/p: 300.0
 * /a1_gazebo/RL_calf_controller/type: unitree_legged_co...
 * /a1_gazebo/RL_hip_controller/joint: RL_hip_joint
 * /a1_gazebo/RL_hip_controller/pid/d: 5.0
 * /a1_gazebo/RL_hip_controller/pid/i: 0.0
 * /a1_gazebo/RL_hip_controller/pid/p: 100.0
 * /a1_gazebo/RL_hip_controller/type: unitree_legged_co...
 * /a1_gazebo/RL_thigh_controller/joint: RL_thigh_joint
 * /a1_gazebo/RL_thigh_controller/pid/d: 8.0
 * /a1_gazebo/RL_thigh_controller/pid/i: 0.0
 * /a1_gazebo/RL_thigh_controller/pid/p: 300.0
 * /a1_gazebo/RL_thigh_controller/type: unitree_legged_co...
 * /a1_gazebo/RR_calf_controller/joint: RR_calf_joint
 * /a1_gazebo/RR_calf_controller/pid/d: 8.0
 * /a1_gazebo/RR_calf_controller/pid/i: 0.0
 * /a1_gazebo/RR_calf_controller/pid/p: 300.0
 * /a1_gazebo/RR_calf_controller/type: unitree_legged_co...
 * /a1_gazebo/RR_hip_controller/joint: RR_hip_joint
 * /a1_gazebo/RR_hip_controller/pid/d: 5.0
 * /a1_gazebo/RR_hip_controller/pid/i: 0.0
 * /a1_gazebo/RR_hip_controller/pid/p: 100.0
 * /a1_gazebo/RR_hip_controller/type: unitree_legged_co...
 * /a1_gazebo/RR_thigh_controller/joint: RR_thigh_joint
 * /a1_gazebo/RR_thigh_controller/pid/d: 8.0
 * /a1_gazebo/RR_thigh_controller/pid/i: 0.0
 * /a1_gazebo/RR_thigh_controller/pid/p: 300.0
 * /a1_gazebo/RR_thigh_controller/type: unitree_legged_co...
 * /a1_gazebo/joint_state_controller/publish_rate: 1000
 * /a1_gazebo/joint_state_controller/type: joint_state_contr...
 * /body_pose_topic: /Odometry_gazebo
 * /closed_loop_controller/finish_dist: 0.15
 * /closed_loop_controller/heading_error_threshold: 0.8
 * /closed_loop_controller/kp_pos: 0.8
 * /closed_loop_controller/kp_yaw: 1.5
 * /closed_loop_controller/max_vx: 2.05
 * /closed_loop_controller/max_vy: 0.35
 * /closed_loop_controller/max_vyaw: 1.0
 * /closed_loop_controller/time_forward: 0.8
 * /gazebo/enable_ros_network: True
 * /rl_floor_command_mux/command_timeout_sec: 0.4
 * /rl_floor_command_mux/linear_acceleration: 2.2
 * /rl_floor_command_mux/linear_deceleration: 2.0
 * /rl_floor_command_mux/max_forward: 2.25
 * /rl_floor_command_mux/max_lateral: 0.75
 * /rl_floor_command_mux/max_reverse: 0.2
 * /rl_floor_command_mux/max_yaw: 2.8
 * /rl_floor_command_mux/output_topic: /cmd_vel
 * /rl_floor_command_mux/planner_topic: /scanplanner/plan...
 * /rl_floor_command_mux/rate: 30.0
 * /rl_floor_command_mux/yaw_acceleration: 2.4
 * /rl_floor_command_mux/yaw_slowdown: 1.05
 * /rl_floor_command_mux/yaw_translation_stop: 1.3
 * /robot_description: <?xml version="1....
 * /robot_name: a1
 * /rosdistro: noetic
 * /rosversion: 1.17.4
 * /scan_planner_node/fsm/emergency_time_: 1.0
 * /scan_planner_node/fsm/fail_safe: True
 * /scan_planner_node/fsm/is_real_world: True
 * /scan_planner_node/fsm/manual_goal_use_current_height: True
 * /scan_planner_node/fsm/max_replan_fail_count: 1000
 * /scan_planner_node/fsm/navi_mode: 1
 * /scan_planner_node/fsm/planning_horizon: 7.5
 * /scan_planner_node/fsm/thresh_no_replan: 0.1
 * /scan_planner_node/fsm/thresh_replan: 1.0
 * /scan_planner_node/grid_map/cloud_is_world: True
 * /scan_planner_node/grid_map/cx: 317.19
 * /scan_planner_node/grid_map/cy: 256.48
 * /scan_planner_node/grid_map/depth_filter_margin: 1
 * /scan_planner_node/grid_map/depth_filter_maxdist: 3.0
 * /scan_planner_node/grid_map/depth_filter_mindist: 0.3
 * /scan_planner_node/grid_map/double_cylinder_offset: 0.18
 * /scan_planner_node/grid_map/double_cylinder_radius: 0.25
 * /scan_planner_node/grid_map/fx: 609.59
 * /scan_planner_node/grid_map/fy: 609.22
 * /scan_planner_node/grid_map/k_depth_scaling_factor: 1000.0
 * /scan_planner_node/grid_map/map_sliding_thresh: 0.2
 * /scan_planner_node/grid_map/max_ray_length: 5.0
 * /scan_planner_node/grid_map/need_extrinsic: True
 * /scan_planner_node/grid_map/obstacles_inflation_z_down: 0.4
 * /scan_planner_node/grid_map/obstacles_inflation_z_up: 0.1
 * /scan_planner_node/grid_map/p_hit: 0.85
 * /scan_planner_node/grid_map/p_max: 0.98
 * /scan_planner_node/grid_map/p_min: 0.12
 * /scan_planner_node/grid_map/p_miss: 0.3
 * /scan_planner_node/grid_map/p_occ: 0.8
 * /scan_planner_node/grid_map/resolution: 0.05
 * /scan_planner_node/grid_map/sensor_type: lidar
 * /scan_planner_node/grid_map/skip_pixel: 2
 * /scan_planner_node/grid_map/sliding_map_size_x: 10.0
 * /scan_planner_node/grid_map/sliding_map_size_y: 10.0
 * /scan_planner_node/grid_map/sliding_map_size_z: 5.0
 * /scan_planner_node/grid_map/vis_height: 0.3
 * /scan_planner_node/manager/control_points_distance: 0.2
 * /scan_planner_node/manager/feasibility_tolerance: 0.5
 * /scan_planner_node/manager/max_acc: 1.1
 * /scan_planner_node/manager/max_jerk: 4.0
 * /scan_planner_node/manager/max_vel: 2.05
 * /scan_planner_node/manager/planning_horizon: 7.5
 * /scan_planner_node/optimization/acc_tolerance: 1.0
 * /scan_planner_node/optimization/dist0: 0.2
 * /scan_planner_node/optimization/lambda_collision: 1.0
 * /scan_planner_node/optimization/lambda_feasibility: 0.1
 * /scan_planner_node/optimization/lambda_fitness: 1.0
 * /scan_planner_node/optimization/lambda_smooth: 1.0
 * /scan_planner_node/optimization/max_acc: 1.1
 * /scan_planner_node/optimization/max_vel: 2.05
 * /scan_planner_node/optimization/vel_tolerance: 1.0
 * /scanplanner_plane_rl_bootstrap/fixed_stand_max_duration_sec: 25.0
 * /scanplanner_plane_rl_bootstrap/release_after_rl_request: True
 * /scanplanner_plane_rl_bootstrap/rl_repeat_seconds: 120.0
 * /scanplanner_plane_rl_bootstrap/stand_after_seconds: 1.0
 * /scanplanner_pointcloud_bridge/input: /scan
 * /scanplanner_pointcloud_bridge/laser_blind: 0.5
 * /scanplanner_pointcloud_bridge/maximum_rate_hz: 5.0
 * /scanplanner_pointcloud_bridge/maximum_vertical_angle_deg: 55
 * /scanplanner_pointcloud_bridge/minimum_vertical_angle_deg: -7
 * /scanplanner_pointcloud_bridge/odom_topic: /Odometry_gazebo
 * /scanplanner_pointcloud_bridge/output: /registered_scan
 * /scanplanner_pointcloud_bridge/world_frame: map
 * /scanplanner_red_ball_detector/camera_info_topic: /recording_camera...
 * /scanplanner_red_ball_detector/camera_ready_topic: /simenv/recording...
 * /scanplanner_red_ball_detector/confirm_count: 3
 * /scanplanner_red_ball_detector/depth_topic: /real_sense/depth...
 * /scanplanner_red_ball_detector/floor_height_m: 2.6
 * /scanplanner_red_ball_detector/ground_range_scale: 0.95
 * /scanplanner_red_ball_detector/image_topic: /recording_camera...
 * /scanplanner_red_ball_detector/maximum_processing_rate_hz: 0.0
 * /scanplanner_red_ball_detector/merge_radius: 1.1
 * /scanplanner_red_ball_detector/out_json: /root/autodl-tmp/...
 * /scanplanner_red_ball_detector/scan_active_topic: /scanplanner/room...
 * /scanplanner_red_ball_detector/use_depth: True
 * /scanplanner_three_floor_goal_sequencer/direct_plane_distance_gain: 1.1
 * /scanplanner_three_floor_goal_sequencer/direct_plane_max_lateral_speed_mps: 0.75
 * /scanplanner_three_floor_goal_sequencer/direct_plane_min_forward_speed: 0.3
 * /scanplanner_three_floor_goal_sequencer/direct_plane_translation_heading_limit_rad: 1.45
 * /scanplanner_three_floor_goal_sequencer/direct_plane_yaw_rate: 1.15
 * /scanplanner_three_floor_goal_sequencer/direct_stair_yaw_rate: 0.35
 * /scanplanner_three_floor_goal_sequencer/entrance_fixed_heading_release_rad: 0.2
 * /scanplanner_three_floor_goal_sequencer/entrance_lateral_gain: 0.6
 * /scanplanner_three_floor_goal_sequencer/entrance_max_lateral_speed_mps: 0.12
 * /scanplanner_three_floor_goal_sequencer/entrance_progress_timeout_sec: 5.0
 * /scanplanner_three_floor_goal_sequencer/entrance_recovery_hold_sec: 1.0
 * /scanplanner_three_floor_goal_sequencer/entrance_recovery_max_attempts: 2
 * /scanplanner_three_floor_goal_sequencer/entrance_speed_scale: 1.45
 * /scanplanner_three_floor_goal_sequencer/floor_control_settle_sec: 0.15
 * /scanplanner_three_floor_goal_sequencer/handoff_timeout_sec: 300.0
 * /scanplanner_three_floor_goal_sequencer/manager_release_settle_sec: 0.1
 * /scanplanner_three_floor_goal_sequencer/maximum_floor_speed: 2.25
 * /scanplanner_three_floor_goal_sequencer/maximum_replans: 2
 * /scanplanner_three_floor_goal_sequencer/minimum_upright_duration_sec: 0.6
 * /scanplanner_three_floor_goal_sequencer/minimum_upright_z: 0.55
 * /scanplanner_three_floor_goal_sequencer/mission_config: /tmp/simenv_bridg...
 * /scanplanner_three_floor_goal_sequencer/output_dir: /root/autodl-tmp/...
 * /scanplanner_three_floor_goal_sequencer/plane_fast_takeover: True
 * /scanplanner_three_floor_goal_sequencer/plane_fast_takeover_blend_seconds: 0.5
 * /scanplanner_three_floor_goal_sequencer/plane_fast_takeover_zero_hold_seconds: 0.15
 * /scanplanner_three_floor_goal_sequencer/plane_motion_start_ramp_initial_speed_mps: 0.3
 * /scanplanner_three_floor_goal_sequencer/plane_motion_start_ramp_minimum_upright_z: 0.985
 * /scanplanner_three_floor_goal_sequencer/plane_motion_start_ramp_seconds: 3.0
 * /scanplanner_three_floor_goal_sequencer/policy_timeout_sec: 35.0
 * /scanplanner_three_floor_goal_sequencer/progress_timeout_sec: 45.0
 * /scanplanner_three_floor_goal_sequencer/room_scan_settle_sec: 0.1
 * /scanplanner_three_floor_goal_sequencer/room_scan_timeout_sec: 30.0
 * /scanplanner_three_floor_goal_sequencer/room_scan_turn_rad: 1.9
 * /scanplanner_three_floor_goal_sequencer/room_scan_yaw_rate: 2.8
 * /scanplanner_three_floor_goal_sequencer/room_tolerance: 0.4
 * /scanplanner_three_floor_goal_sequencer/speed_scale: 2.6
 * /scanplanner_three_floor_goal_sequencer/stage_announcement_hold_sec: 0.15
 * /scanplanner_three_floor_goal_sequencer/startup_timeout_sec: 240.0
 * /scanplanner_three_floor_goal_sequencer/waypoint_timeout_sec: 150.0
 * /second_to_third_floor_stair_manager/ascent_maximum_speed_mps: 0.8
 * /second_to_third_floor_stair_manager/ascent_speed_mps: 0.8
 * /second_to_third_floor_stair_manager/ascent_timeout_sec: 45.0
 * /second_to_third_floor_stair_manager/auto_start: False
 * /second_to_third_floor_stair_manager/command_topic: /cmd_vel
 * /second_to_third_floor_stair_manager/enable_truth_return_gate: False
 * /second_to_third_floor_stair_manager/enable_visual_stair_alignment: False
 * /second_to_third_floor_stair_manager/entry_alignment_yaw_rate_rps: 0.4
 * /second_to_third_floor_stair_manager/flight_a_height_gain_m: 1.05
 * /second_to_third_floor_stair_manager/flight_b_timeout_sec: 22.0
 * /second_to_third_floor_stair_manager/height_plot_basename: 21_truth_stair_he...
 * /second_to_third_floor_stair_manager/hold_rl_during_ascent: True
 * /second_to_third_floor_stair_manager/landing_cross_distance_m: 0.95
 * /second_to_third_floor_stair_manager/landing_cross_speed_mps: 0.75
 * /second_to_third_floor_stair_manager/landing_heading_tolerance_rad: 0.15
 * /second_to_third_floor_stair_manager/landing_timeout_sec: 30.0
 * /second_to_third_floor_stair_manager/landing_turn_angle_rad: -2.4
 * /second_to_third_floor_stair_manager/landing_turn_speed_rps: 1.2
 * /second_to_third_floor_stair_manager/mission_failure_token: SECOND_FLOOR_EXPL...
 * /second_to_third_floor_stair_manager/mission_trigger_token: SECOND_FLOOR_EXPL...
 * /second_to_third_floor_stair_manager/mission_trigger_topic: /simenv/second_fl...
 * /second_to_third_floor_stair_manager/odom_topic: /Odometry_gazebo
 * /second_to_third_floor_stair_manager/offline_stair_model_sdf: /tmp/simenv_bridg...
 * /second_to_third_floor_stair_manager/offline_truth_layout_metadata: /tmp/simenv_bridg...
 * /second_to_third_floor_stair_manager/output_dir: /root/autodl-tmp/...
 * /second_to_third_floor_stair_manager/plane_policy: /root/autodl-tmp/...
 * /second_to_third_floor_stair_manager/policy_warmup_seconds: 0.2
 * /second_to_third_floor_stair_manager/pre_ascent_rl_fast_blend_seconds: 0.5
 * /second_to_third_floor_stair_manager/pre_ascent_rl_fast_takeover: True
 * /second_to_third_floor_stair_manager/pre_ascent_rl_fast_zero_hold_seconds: 0.15
 * /second_to_third_floor_stair_manager/pre_ascent_rl_settle_seconds: 0.6
 * /second_to_third_floor_stair_manager/pre_ascent_stand_seconds: 0.0
 * /second_to_third_floor_stair_manager/second_floor_handoff_timeout_sec: 90.0
 * /second_to_third_floor_stair_manager/second_floor_stable_seconds: 0.5
 * /second_to_third_floor_stair_manager/source_floor_index: 1
 * /second_to_third_floor_stair_manager/stair_policy: /root/autodl-tmp/...
 * /second_to_third_floor_stair_manager/state_topic: /simenv/second_to...
 * /second_to_third_floor_stair_manager/target_floor_number: 3
 * /second_to_third_floor_stair_manager/total_height_gain_m: 2.2
 * /second_to_third_floor_stair_manager/trajectory_plot_basename: 21_f2_to_third_fl...
 * /second_to_third_floor_stair_manager/transition_log_basename: second_to_third_f...
 * /second_to_third_floor_stair_manager/transition_plot_basename: 21_second_to_thir...
 * /second_to_third_floor_stair_manager/truth_entry_final_speed_mps: 0.55
 * /second_to_third_floor_stair_manager/truth_entry_guide: True
 * /second_to_third_floor_stair_manager/truth_entry_guide_min_speed_mps: 0.25
 * /second_to_third_floor_stair_manager/truth_entry_guide_speed_mps: 0.45
 * /second_to_third_floor_stair_manager/truth_entry_timeout_sec: 120.0
 * /second_to_third_floor_stair_manager/truth_fixed_two_flight_profile: True
 * /second_to_third_floor_stair_manager/truth_flight_a_backslide_recovery_hold_seconds: 1.5
 * /second_to_third_floor_stair_manager/truth_flight_a_backslide_recovery_max_attempts: 2
 * /second_to_third_floor_stair_manager/truth_flight_a_backslide_recovery_ramp_seconds: 1.0
 * /second_to_third_floor_stair_manager/truth_flight_a_backslide_recovery_ramp_speed_mps: 0.4
 * /second_to_third_floor_stair_manager/truth_flight_a_climb_ramp_seconds: 1.2
 * /second_to_third_floor_stair_manager/truth_flight_a_near_edge_strong_center_error_m: 0.24
 * /second_to_third_floor_stair_manager/truth_flight_a_policy_capture_max_joint_velocity_rms: 0.18
 * /second_to_third_floor_stair_manager/truth_flight_a_policy_fast_fixed_stand: True
 * /second_to_third_floor_stair_manager/truth_flight_a_policy_fast_fixed_stand_duration_seconds: 0.5
 * /second_to_third_floor_stair_manager/truth_flight_a_policy_fast_fixed_stand_minimum_elapsed_seconds: 0.5
 * /second_to_third_floor_stair_manager/truth_flight_a_policy_fast_fixed_stand_minimum_gain_ratio: 0.75
 * /second_to_third_floor_stair_manager/truth_flight_a_policy_fast_fixed_stand_settle_seconds: 0.0
 * /second_to_third_floor_stair_manager/truth_flight_a_policy_fast_fixed_stand_stable_seconds: 0.5
 * /second_to_third_floor_stair_manager/truth_flight_a_policy_fixed_stand_ready_timeout_sec: 12.0
 * /second_to_third_floor_stair_manager/truth_flight_a_policy_require_fixed_stand_ready: True
 * /second_to_third_floor_stair_manager/truth_flight_a_policy_settle_seconds: 0.35
 * /second_to_third_floor_stair_manager/truth_flight_a_policy_settle_timeout_sec: 8.0
 * /second_to_third_floor_stair_manager/truth_flight_a_policy_stand_seconds: 0.1
 * /second_to_third_floor_stair_manager/truth_flight_a_policy_use_default_stand_target: False
 * /second_to_third_floor_stair_manager/truth_flight_a_rearward_slip_max_climb_speed_mps: 0.12
 * /second_to_third_floor_stair_manager/truth_flight_a_rearward_slip_speed_mps: 0.3
 * /second_to_third_floor_stair_manager/truth_flight_a_recovery_center_speed_mps: 0.22
 * /second_to_third_floor_stair_manager/truth_flight_a_recovery_forward_speed_mps: 0.6
 * /second_to_third_floor_stair_manager/truth_flight_a_require_fresh_ready: True
 * /second_to_third_floor_stair_manager/truth_flight_a_stall_release_seconds: 1.5
 * /second_to_third_floor_stair_manager/truth_flight_a_strong_recovery_forward_speed_mps: 0.4
 * /second_to_third_floor_stair_manager/truth_flight_b_max_yaw_rate_rps: 0.1
 * /second_to_third_floor_stair_manager/truth_flight_b_near_edge_strong_center_error_m: 0.24
 * /second_to_third_floor_stair_manager/truth_flight_b_pitch_min_height_gain_m: 0.08
 * /second_to_third_floor_stair_manager/truth_flight_b_pitch_rate_min_abs_rad: 0.6
 * /second_to_third_floor_stair_manager/truth_flight_b_pitch_rate_trigger_rps: 1.6
 * /second_to_third_floor_stair_manager/truth_flight_b_pitch_rate_window_sec: 0.18
 * /second_to_third_floor_stair_manager/truth_flight_b_pitch_recovery_max_attempts: 2
 * /second_to_third_floor_stair_manager/truth_flight_b_rearward_slip_speed_mps: 0.3
 * /second_to_third_floor_stair_manager/truth_flight_b_recovery_forward_speed_mps: 0.6
 * /second_to_third_floor_stair_manager/truth_flight_b_recovery_hold_seconds: 4.0
 * /second_to_third_floor_stair_manager/truth_flight_b_severe_pitch_detect_seconds: 0.1
 * /second_to_third_floor_stair_manager/truth_flight_b_severe_pitch_rad: 0.8
 * /second_to_third_floor_stair_manager/truth_flight_b_strong_recovery_forward_speed_mps: 0.4
 * /second_to_third_floor_stair_manager/truth_landing_recenter_speed_mps: 0.75
 * /second_to_third_floor_stair_manager/truth_two_stage_guide: True
 * /second_to_third_floor_stair_manager/truth_upper_floor_exit_clearance_m: 0.8
 * /second_to_third_floor_stair_manager/two_flight_stair: True
 * /second_to_third_floor_stair_manager/upper_floor_handoff_complete_phase: THIRD_FLOOR_HANDO...
 * /second_to_third_floor_stair_manager/upper_floor_handoff_timeout_phase: THIRD_FLOOR_HANDO...
 * /second_to_third_floor_stair_manager/upper_floor_reached_phase: THIRD_FLOOR_REACHED
 * /second_to_third_floor_stair_manager/upper_floor_ready_token: THIRD_FLOOR_EXPLO...
 * /second_to_third_floor_stair_manager/upper_floor_settle_phase: THIRD_FLOOR_SETTLE
 * /second_to_third_floor_stair_manager/upper_floor_state_topic: /simenv/third_flo...
 * /second_to_third_floor_stair_manager/upper_landing_clearance_grace_sec: 15.0
 * /second_to_third_floor_stair_manager/wait_for_second_floor_handoff: True
 * /second_to_third_floor_stair_manager/world_frame_ascent: True
 * /stair_descent_manager/command_topic: /cmd_vel
 * /stair_descent_manager/descent_maximum_speed_mps: 0.8
 * /stair_descent_manager/descent_segment_timeout_sec: 600.0
 * /stair_descent_manager/descent_speed_mps: 0.8
 * /stair_descent_manager/end_floor_number: 1
 * /stair_descent_manager/mission_trigger_token: THIRD_FLOOR_EXPLO...
 * /stair_descent_manager/mission_trigger_topic: /simenv/third_flo...
 * /stair_descent_manager/odom_topic: /Odometry_gazebo
 * /stair_descent_manager/offline_stair_model_sdf: /tmp/simenv_bridg...
 * /stair_descent_manager/offline_truth_layout_metadata: /tmp/simenv_bridg...
 * /stair_descent_manager/output_dir: /root/autodl-tmp/...
 * /stair_descent_manager/policy_switch_fast_fixed_stand: True
 * /stair_descent_manager/policy_switch_fast_fixed_stand_duration_seconds: 0.5
 * /stair_descent_manager/policy_switch_fast_fixed_stand_minimum_elapsed_seconds: 0.5
 * /stair_descent_manager/policy_switch_fast_fixed_stand_minimum_gain_ratio: 0.75
 * /stair_descent_manager/policy_switch_fast_fixed_stand_settle_seconds: 0.0
 * /stair_descent_manager/policy_switch_fast_fixed_stand_stable_seconds: 0.5
 * /stair_descent_manager/policy_switch_fixed_stand_timeout_sec: 12.0
 * /stair_descent_manager/policy_switch_max_joint_velocity_rms: 0.35
 * /stair_descent_manager/policy_switch_queue_hold_seconds: 0.25
 * /stair_descent_manager/policy_switch_reentry_timeout_sec: 20.0
 * /stair_descent_manager/policy_switch_settle_seconds: 0.45
 * /stair_descent_manager/policy_switch_settle_timeout_sec: 6.0
 * /stair_descent_manager/policy_warmup_seconds: 0.75
 * /stair_descent_manager/pre_descent_stand_seconds: 0.25
 * /stair_descent_manager/segment_one_log_basename: third_to_second_f...
 * /stair_descent_manager/segment_two_log_basename: second_to_first_f...
 * /stair_descent_manager/skip_entry_guide: True
 * /stair_descent_manager/stair_policy: /root/autodl-tmp/...
 * /stair_descent_manager/start_floor_number: 3
 * /stair_descent_manager/state_topic: /simenv/third_to_...
 * /stair_descent_manager/transition_log_basename: stair_descent.json
 * /stair_descent_manager/truth_descent_backoff_escalation_m: 0.15
 * /stair_descent_manager/truth_descent_east_align_minimum_x_speed_mps: 0.3
 * /stair_descent_manager/truth_descent_east_align_tread_drop_m: 0.05
 * /stair_descent_manager/truth_descent_entry_guide_speed_mps: 1.15
 * /stair_descent_manager/truth_descent_final_landing_max_body_height_m: 1.0
 * /stair_descent_manager/truth_descent_final_landing_max_tilt_rad: 0.45
 * /stair_descent_manager/truth_descent_final_landing_min_body_height_m: 0.2
 * /stair_descent_manager/truth_descent_final_landing_minimum_upright_z: 0.75
 * /stair_descent_manager/truth_descent_final_landing_settle_seconds: 1.0
 * /stair_descent_manager/truth_descent_final_landing_timeout_sec: 20.0
 * /stair_descent_manager/truth_descent_flight_a_end_y: 1.75
 * /stair_descent_manager/truth_descent_flight_center_correction_error_m: 0.22
 * /stair_descent_manager/truth_descent_flight_center_correction_speed_mps: 0.5
 * /stair_descent_manager/truth_descent_flight_center_correction_yaw_rate_rps: 0.2
 * /stair_descent_manager/truth_descent_flight_center_steer_gain: 1.0
 * /stair_descent_manager/truth_descent_flight_center_steer_max_rad: 0.24
 * /stair_descent_manager/truth_descent_flight_end_slowdown_drop_m: 0.95
 * /stair_descent_manager/truth_descent_flight_end_speed_mps: 0.6
 * /stair_descent_manager/truth_descent_flight_heading_correction_error_rad: 0.22
 * /stair_descent_manager/truth_descent_flight_heading_correction_speed_mps: 0.4
 * /stair_descent_manager/truth_descent_flight_heading_correction_yaw_rate_rps: 0.3
 * /stair_descent_manager/truth_descent_flight_heading_gain: 0.55
 * /stair_descent_manager/truth_descent_flight_initial_hold_drop_m: 0.18
 * /stair_descent_manager/truth_descent_flight_initial_ramp_end_drop_m: 0.45
 * /stair_descent_manager/truth_descent_flight_initial_speed_mps: 0.55
 * /stair_descent_manager/truth_descent_flight_max_yaw_rate_rps: 0.14
 * /stair_descent_manager/truth_descent_flight_severe_tilt_hold_sec: 0.8
 * /stair_descent_manager/truth_descent_flight_severe_tilt_rad: 0.6
 * /stair_descent_manager/truth_descent_flight_severe_tilt_speed_mps: 0.3
 * /stair_descent_manager/truth_descent_flight_tilt_hold_sec: 0.6
 * /stair_descent_manager/truth_descent_flight_tilt_slowdown_rad: 0.48
 * /stair_descent_manager/truth_descent_flight_tilt_speed_mps: 0.55
 * /stair_descent_manager/truth_descent_gain_up_drop_m: 0.35
 * /stair_descent_manager/truth_descent_landing_heading_tolerance_rad: 0.18
 * /stair_descent_manager/truth_descent_landing_minimum_x_speed_mps: 0.3
 * /stair_descent_manager/truth_descent_landing_minimum_yaw_rate_rps: 0.34
 * /stair_descent_manager/truth_descent_landing_position_tolerance_m: 0.12
 * /stair_descent_manager/truth_descent_landing_recenter_speed_mps: 0.4
 * /stair_descent_manager/truth_descent_landing_settle_seconds: 1.5
 * /stair_descent_manager/truth_descent_landing_slip_max_attempts: 4
 * /stair_descent_manager/truth_descent_landing_turn_speed_rps: 1.2
 * /stair_descent_manager/truth_descent_max_center_error_m: 0.4
 * /stair_descent_manager/truth_descent_minimum_upright_z: 0.55
 * /stair_descent_manager/truth_descent_segment_turn_alignment_minimum_speed_mps: 0.3
 * /stair_descent_manager/truth_descent_segment_turn_alignment_progress_min_m: 0.025
 * /stair_descent_manager/truth_descent_segment_turn_alignment_progress_timeout_sec: 3.0
 * /stair_descent_manager/truth_descent_segment_turn_drift_limit_m: 0.4
 * /stair_descent_manager/truth_descent_segment_turn_lateral_speed_mps: 0.4
 * /stair_descent_manager/truth_descent_segment_turn_position_tolerance_m: 0.16
 * /stair_descent_manager/truth_descent_segment_turn_progress_min_improvement_rad: 0.11
 * /stair_descent_manager/truth_descent_segment_turn_progress_timeout_sec: 2.8
 * /stair_descent_manager/truth_descent_segment_turn_side_speed_mps: 0.4
 * /stair_descent_manager/truth_descent_segment_turn_x_safe_tolerance_m: 0.25
 * /stair_descent_manager/truth_descent_segment_turn_y_safe_high_m: 1.95
 * /stair_descent_manager/truth_descent_segment_turn_yaw_rate_rps: 1.0
 * /stair_descent_manager/truth_descent_side_slip_pause_sec: 0.5
 * /stair_descent_manager/truth_descent_stall_seconds: 3.0
 * /stair_descent_manager/truth_descent_step_pause_interval_m: 0.18
 * /stair_descent_manager/truth_descent_step_pause_seconds: 0.0
 * /stair_descent_manager/truth_descent_trigger_timeout_sec: 2400.0
 * /stair_descent_manager/truth_descent_turn_forward_speed_mps: 0.08
 * /stair_descent_manager/truth_descent_turn_forward_y_limit_m: 4.82
 * /stair_descent_manager/truth_descent_turn_start_y: 5.05
 * /stair_descent_manager/truth_entry_guide: True
 * /stair_descent_manager/truth_two_stage_guide: True
 * /stair_transition_manager/ascent_maximum_speed_mps: 0.8
 * /stair_transition_manager/ascent_speed_mps: 0.8
 * /stair_transition_manager/ascent_timeout_sec: 70.0
 * /stair_transition_manager/auto_start: False
 * /stair_transition_manager/command_topic: /cmd_vel
 * /stair_transition_manager/enable_truth_return_gate: False
 * /stair_transition_manager/enable_visual_stair_alignment: False
 * /stair_transition_manager/entry_alignment_yaw_rate_rps: 0.4
 * /stair_transition_manager/flight_a_height_gain_m: 1.05
 * /stair_transition_manager/flight_b_timeout_sec: 70.0
 * /stair_transition_manager/hold_rl_during_ascent: True
 * /stair_transition_manager/landing_cross_distance_m: 0.95
 * /stair_transition_manager/landing_cross_speed_mps: 0.75
 * /stair_transition_manager/landing_heading_tolerance_rad: 0.15
 * /stair_transition_manager/landing_timeout_sec: 30.0
 * /stair_transition_manager/landing_turn_angle_rad: -2.4
 * /stair_transition_manager/landing_turn_speed_rps: 1.2
 * /stair_transition_manager/odom_topic: /Odometry_gazebo
 * /stair_transition_manager/offline_stair_model_sdf: /tmp/simenv_bridg...
 * /stair_transition_manager/offline_truth_layout_metadata: /tmp/simenv_bridg...
 * /stair_transition_manager/output_dir: /root/autodl-tmp/...
 * /stair_transition_manager/plane_policy: /root/autodl-tmp/...
 * /stair_transition_manager/policy_warmup_seconds: 0.2
 * /stair_transition_manager/pre_ascent_rl_fast_blend_seconds: 0.5
 * /stair_transition_manager/pre_ascent_rl_fast_takeover: True
 * /stair_transition_manager/pre_ascent_rl_fast_zero_hold_seconds: 0.15
 * /stair_transition_manager/pre_ascent_rl_settle_seconds: 0.6
 * /stair_transition_manager/pre_ascent_stand_seconds: 0.0
 * /stair_transition_manager/second_floor_handoff_timeout_sec: 90.0
 * /stair_transition_manager/second_floor_stable_seconds: 0.5
 * /stair_transition_manager/stair_policy: /root/autodl-tmp/...
 * /stair_transition_manager/total_height_gain_m: 2.2
 * /stair_transition_manager/truth_entry_final_speed_mps: 0.55
 * /stair_transition_manager/truth_entry_guide: True
 * /stair_transition_manager/truth_entry_guide_min_speed_mps: 0.25
 * /stair_transition_manager/truth_entry_guide_speed_mps: 0.45
 * /stair_transition_manager/truth_entry_timeout_sec: 120.0
 * /stair_transition_manager/truth_fixed_two_flight_profile: True
 * /stair_transition_manager/truth_flight_a_backslide_recovery_hold_seconds: 1.5
 * /stair_transition_manager/truth_flight_a_backslide_recovery_max_attempts: 2
 * /stair_transition_manager/truth_flight_a_backslide_recovery_ramp_seconds: 1.0
 * /stair_transition_manager/truth_flight_a_backslide_recovery_ramp_speed_mps: 0.4
 * /stair_transition_manager/truth_flight_a_climb_ramp_seconds: 1.2
 * /stair_transition_manager/truth_flight_a_near_edge_strong_center_error_m: 0.24
 * /stair_transition_manager/truth_flight_a_policy_capture_max_joint_velocity_rms: 0.18
 * /stair_transition_manager/truth_flight_a_policy_fast_fixed_stand: True
 * /stair_transition_manager/truth_flight_a_policy_fast_fixed_stand_duration_seconds: 0.5
 * /stair_transition_manager/truth_flight_a_policy_fast_fixed_stand_minimum_elapsed_seconds: 0.5
 * /stair_transition_manager/truth_flight_a_policy_fast_fixed_stand_minimum_gain_ratio: 0.75
 * /stair_transition_manager/truth_flight_a_policy_fast_fixed_stand_settle_seconds: 0.0
 * /stair_transition_manager/truth_flight_a_policy_fast_fixed_stand_stable_seconds: 0.5
 * /stair_transition_manager/truth_flight_a_policy_fixed_stand_ready_timeout_sec: 12.0
 * /stair_transition_manager/truth_flight_a_policy_require_fixed_stand_ready: True
 * /stair_transition_manager/truth_flight_a_policy_settle_seconds: 0.35
 * /stair_transition_manager/truth_flight_a_policy_settle_timeout_sec: 8.0
 * /stair_transition_manager/truth_flight_a_policy_stand_seconds: 0.1
 * /stair_transition_manager/truth_flight_a_policy_use_default_stand_target: False
 * /stair_transition_manager/truth_flight_a_prediction_horizon_sec: 1.1
 * /stair_transition_manager/truth_flight_a_rearward_slip_max_climb_speed_mps: 0.12
 * /stair_transition_manager/truth_flight_a_rearward_slip_speed_mps: 0.3
 * /stair_transition_manager/truth_flight_a_recovery_center_speed_mps: 0.22
 * /stair_transition_manager/truth_flight_a_recovery_forward_speed_mps: 0.6
 * /stair_transition_manager/truth_flight_a_require_fresh_ready: True
 * /stair_transition_manager/truth_flight_a_stall_release_seconds: 1.5
 * /stair_transition_manager/truth_flight_a_strong_recovery_forward_speed_mps: 0.4
 * /stair_transition_manager/truth_flight_b_max_yaw_rate_rps: 0.1
 * /stair_transition_manager/truth_flight_b_near_edge_strong_center_error_m: 0.24
 * /stair_transition_manager/truth_flight_b_pitch_min_height_gain_m: 0.08
 * /stair_transition_manager/truth_flight_b_pitch_rate_min_abs_rad: 0.6
 * /stair_transition_manager/truth_flight_b_pitch_rate_trigger_rps: 1.6
 * /stair_transition_manager/truth_flight_b_pitch_rate_window_sec: 0.18
 * /stair_transition_manager/truth_flight_b_pitch_recovery_max_attempts: 2
 * /stair_transition_manager/truth_flight_b_rearward_slip_speed_mps: 0.3
 * /stair_transition_manager/truth_flight_b_recovery_forward_speed_mps: 0.6
 * /stair_transition_manager/truth_flight_b_recovery_hold_seconds: 4.0
 * /stair_transition_manager/truth_flight_b_severe_pitch_detect_seconds: 0.1
 * /stair_transition_manager/truth_flight_b_severe_pitch_rad: 0.8
 * /stair_transition_manager/truth_flight_b_strong_recovery_forward_speed_mps: 0.4
 * /stair_transition_manager/truth_landing_recenter_speed_mps: 0.75
 * /stair_transition_manager/truth_two_stage_guide: True
 * /stair_transition_manager/two_flight_stair: True
 * /stair_transition_manager/upper_landing_clearance_grace_sec: 15.0
 * /stair_transition_manager/wait_for_second_floor_handoff: True
 * /stair_transition_manager/world_frame_ascent: True
 * /state_from_gazebo/robot_name: a1
 * /three_floor_rl_mission_supervisor/lobby_heading_stable_sec: 0.3
 * /three_floor_rl_mission_supervisor/lobby_initial_forward_speed_mps: 0.18
 * /three_floor_rl_mission_supervisor/lobby_linear_acceleration_mps2: 0.55
 * /three_floor_rl_mission_supervisor/minimum_upright_duration_sec: 0.6
 * /three_floor_rl_mission_supervisor/minimum_upright_z: 0.55
 * /three_floor_rl_mission_supervisor/mission_config: /tmp/simenv_bridg...
 * /three_floor_rl_mission_supervisor/mission_timeout_sec: 1800.0
 * /three_floor_rl_mission_supervisor/output_dir: /root/autodl-tmp/...
 * /three_floor_rl_mission_supervisor/plane_fast_takeover: True
 * /three_floor_rl_mission_supervisor/plane_fast_takeover_blend_seconds: 0.5
 * /three_floor_rl_mission_supervisor/plane_fast_takeover_zero_hold_seconds: 0.15
 * /three_floor_rl_mission_supervisor/plane_motion_start_ramp_initial_speed_mps: 0.3
 * /three_floor_rl_mission_supervisor/plane_motion_start_ramp_minimum_upright_z: 0.985
 * /three_floor_rl_mission_supervisor/plane_motion_start_ramp_seconds: 3.0
 * /three_floor_rl_mission_supervisor/progress_timeout_sec: 20.0
 * /unpause_after_controllers/controller_namespace: /a1_gazebo
 * /unpause_after_controllers/load_window_seconds: 2.0
 * /unpause_after_controllers/timeout: 120
 * /use_sim_time: True
 * /world_file: /tmp/simenv_bridg...

NODES
  /
    building_control (building_generator_classic/building_generator_classic_control)
    closed_loop_controller (scan_planner/closed_loop_controller)
    gazebo (gazebo_ros/gzserver)
    junior_ctrl (simenv_bridge/classic_trotting_controller.py)
    open_mapping_entrance (simenv_competitor/open_mapping_entrance.py)
    rl_floor_command_mux (simenv_bridge/rl_floor_command_mux.py)
    robot_state_publisher (robot_state_publisher/robot_state_publisher)
    scan_planner_node (scan_planner/scan_planner_node)
    scanplanner_plane_rl_bootstrap (simenv_competitor/controller_mode_bootstrap.py)
    scanplanner_pointcloud_bridge (simenv_bridge/scanplanner_pointcloud_bridge.py)
    scanplanner_red_ball_detector (simenv_bridge/danger_detector.py)
    scanplanner_three_floor_goal_sequencer (simenv_bridge/scanplanner_three_floor_goal_sequencer.py)
    second_to_third_floor_stair_manager (simenv_bridge/stair_transition_manager.py)
    stair_descent_manager (simenv_bridge/stair_descent_manager.py)
    stair_transition_manager (simenv_bridge/stair_transition_manager.py)
    state_from_gazebo (unitree_guide/state_from_gazebo)
    three_floor_rl_mission_supervisor (simenv_bridge/three_floor_rl_mission_supervisor.py)
    unpause_after_controllers (simenv_competitor/unpause_after_controllers.py)
    urdf_spawner (gazebo_ros/spawn_model)
  /a1_gazebo/
    controller_spawner (controller_manager/spawner)
[WARN] [1788327493.651679699]: [closed_loop_controller] ready.
hit: 1.7346
miss: -0.847298
min log: -1.99243
max: 3.89182
thresh log: 1.38629
Using junior_ctrl: /root/autodl-tmp/code/restore/0803b/0902overall/SimEnv-master/.portable/devel/lib/unitree_guide/junior_ctrl
Waiting for Gazebo A1 joint state and trunk IMU before junior_ctrl
[ERROR] [1788327497.240265448]: GetModelState: model [a1_gazebo] does not exist
[INFO] [1788327494.900990655]: Finished loading Gazebo ROS API Plugin.
[INFO] [1788327494.904723267]: waitForService: Service [/gazebo/set_physics_properties] has not been advertised, waiting...
[INFO] [1788327497.236965763]: waitForService: Service [/gazebo/set_physics_properties] is now available.
[INFO] [1788327497.282537146]: Physics dynamic reconfigure ready.
[INFO] [1788327497.705662441]: <initialOrientationAsReference> is unset, using default value of false to comply with REP 145 (world as orientation reference)
[INFO] [1788327497.705767192]: <robotNamespace> set to: //
[INFO] [1788327497.705791794]: <topicName> set to: trunk_imu
[INFO] [1788327497.705811290]: <frameName> set to: imu_link
[INFO] [1788327497.705867374]: <updateRateHZ> set to: 1000
[INFO] [1788327497.705893812]: <gaussianNoise> set to: 0
[INFO] [1788327497.705966025]: <xyzOffset> set to: 0 0 0
[INFO] [1788327497.706020465]: <rpyOffset> set to: 0 -0 0
[INFO] [1788327497.767541171]: load csv file name:/root/autodl-tmp/code/restore/0803b/0902overall/runtime_assets/SimEnv/src/unitree_guide/unitree_ros/robots/a1_description/scan_mode/mid360_stable.csv
cannot convert str:
data size:2500
[INFO] [1788327494.655742, 0.000000]: Waiting to open mapping entrance main_entrance
[INFO] [1788327499.146421, 0.000000]: Mapping entrance ready: door 'main_entrance' set to open
[INFO] [1788327494.551235, 0.000000]: Loading model XML from ros parameter robot_description
[INFO] [1788327494.564674, 0.000000]: Waiting for service /gazebo/spawn_urdf_model
[INFO] [1788327497.334705, 0.000000]: Calling service /gazebo/spawn_urdf_model
[INFO] [1788327499.136381, 0.000000]: Spawn status: SpawnModel: Successfully spawned entity
[INFO] [1788327499.138050, 0.000000]: Waiting for service /gazebo/set_model_configuration
[INFO] [1788327499.142697, 0.000000]: temporary hack to **fix** the -J joint position option (issue #93), sleeping for 1 second to avoid race condition.
[INFO] [1788327500.145295, 0.000000]: Calling service /gazebo/set_model_configuration
[INFO] [1788327500.154397, 0.000000]: Set model configuration status: SetModelConfiguration: success
[INFO] [1788327503.355900, 0.000000]: Gazebo unpaused after 2.0 s paused controller-load window
[INFO] [1788327503.363023, 0.003000]: All 13 A1 controllers reached running state
A1 sensors and 12 joint controllers are ready; starting classic junior_ctrl
[WARNING] Could not enable SCHED_FIFO scheduler: Operation not permitted. Controller will continue with the normal scheduler.
The control interface for ROS Gazebo simulation
robot_name: a1
controller dt: 0.004 s, frequency: 250.000 Hz
classic gait profile=trot period=0.550s stance_ratio=0.650
/root/autodl-tmp/code/restore/0803b/0902overall/runtime_assets/SimEnv/src/unitree_guide/logs/policy_act_inference_plane.pt
cuda::is_available():1
RL inference device: cpu (requested=hybrid, policy=plane)
[INFO] RL policy resident in preload cache: /root/autodl-tmp/code/restore/0803b/0902overall/runtime_assets/SimEnv/src/unitree_guide/logs/policy_act_inference_plane.pt
cuda::is_available():1
RL inference device: cpu (requested=hybrid, policy=plane)
load model is successed!
load model to device!
[INFO] UNITREE_RL_PRELOAD_PLANE_POLICY already cached: /root/autodl-tmp/code/restore/0803b/0902overall/runtime_assets/SimEnv/src/unitree_guide/logs/policy_act_inference_plane.pt
cuda::is_available():1
RL inference device: cuda (requested=hybrid, policy=stair)
[INFO] RL policy resident in preload cache: /root/autodl-tmp/code/restore/0803b/0902overall/runtime_assets/SimEnv/src/unitree_guide/logs/policy_act_inference_stair.pt
[INFO] UNITREE_RL_PRELOAD_STAIR_POLICY preloaded: /root/autodl-tmp/code/restore/0803b/0902overall/runtime_assets/SimEnv/src/unitree_guide/logs/policy_act_inference_stair.pt
[INFO] RL observation source: trunk IMU and joint states (no ground truth).
[INFO] Autonomous startup: entering fixed stand (hold until /joy RL).
Switched from passive to fixed stand
[INFO] [1788327505.112306386, 1.144000000]: [SCANReplanFSM] Set RViz goal height from initial body_pose z: 0.193
[FSM]: state: INIT
wait for goal.
[FSM]: state: INIT
wait for goal.
Warning: TF_REPEATED_DATA ignoring data with redundant timestamp for frame sliding_map (parent world) at time 3.702000 according to authority /scan_planner_node
         at line 277 in /tmp/binarydeb/ros-noetic-tf2-0.7.10/src/buffer_core.cpp
[FSM]: state: INIT
wait for goal.
[FSM]: state: INIT
wait for goal.
[INFO] Hold-stand released; RL requested.
Switched from fixed stand to RL
[INFO] Entered RL /cmd_vel mode.
[FSM]: state: INIT
wait for goal.
[FSM]: state: INIT
wait for goal.
[FSM]: state: INIT
wait for goal.
[FSM]: state: INIT
wait for goal.
[FSM]: state: INIT
wait for goal.
[FSM]: state: INIT
wait for goal.
[INFO] [1788327513.424125143, 6.244000000]: RL policy input vx=0.000 vy=0.000 wz=0.000 action_rms=0.322 ready=0 userCmd=0 kbd=0 raw=0.000,0.000,0.000 grav=-0.02,-0.00,-0.98
[INFO] [1788327516.922368619, 8.251000000]: RL policy input vx=0.000 vy=0.000 wz=0.000 action_rms=0.194 ready=0 userCmd=0 kbd=0 raw=0.000,0.000,0.000 grav=-0.02,0.06,-0.98
[INFO] [1788327520.573709388, 10.254000000]: RL policy input vx=0.000 vy=0.000 wz=0.000 action_rms=0.156 ready=0 userCmd=0 kbd=0 raw=0.000,0.000,0.000 grav=-0.01,0.01,-0.98
[INFO] [1788327522.875975862, 11.619000000]: RL locomotion_ready latched after 5.50 s takeover and 5.37 s stable hold
cuda::is_available():1
RL inference device: cuda (requested=hybrid, policy=stair)
[INFO] RL policy hot-switched from preload cache: /root/autodl-tmp/code/restore/0803b/0902overall/runtime_assets/SimEnv/src/unitree_guide/logs/policy_act_inference_stair.pt
[FSM]: state: INIT
wait for goal.
[FSM]: state: INIT
wait for goal.
[FSM]: state: INIT
wait for goal.
[FSM]: state: INIT
wait for goal.
[FSM]: state: INIT
wait for goal.
[FSM]: state: INIT
wait for goal.
[FSM]: state: INIT
wait for goal.
[FSM]: state: INIT
wait for goal.
[FSM]: state: INIT
wait for goal.
[FSM]: state: INIT
wait for goal.
[FSM]: state: INIT
wait for goal.
[FSM]: state: INIT
wait for goal.
[FSM]: state: INIT
wait for goal.
[FSM]: state: INIT
wait for goal.
[FSM]: state: INIT
wait for goal.
[WARN] [1788327552.863671209, 27.330000000]: Using one-shot plane RL takeover profile: blend 0.50 s, zero hold 0.15 s
[INFO] [1788327523.938611846, 12.267000000]: RL policy input vx=0.000 vy=0.000 wz=0.000 action_rms=0.159 ready=0 userCmd=0 kbd=0 raw=0.000,0.000,0.000 grav=-0.01,0.01,-0.98
[INFO] [1788327527.442509824, 14.279000000]: RL policy input vx=0.000 vy=0.000 wz=0.000 action_rms=0.146 ready=0 userCmd=0 kbd=0 raw=0.000,0.000,0.000 grav=-0.01,0.02,-0.98
[INFO] [1788327531.107313564, 16.287000000]: RL policy input vx=0.000 vy=0.000 wz=0.000 action_rms=0.146 ready=0 userCmd=0 kbd=0 raw=0.000,0.000,0.000 grav=-0.02,0.02,-0.98
[INFO] [1788327532.732144947, 17.142000000]: RL locomotion_ready latched after 5.51 s takeover and 5.19 s stable hold
[INFO] [1788327534.895359110, 18.302000000]: RL policy input vx=0.348 vy=-0.006 wz=0.010 action_rms=0.151 ready=1 userCmd=0 kbd=0 raw=0.348,-0.006,0.010 grav=-0.01,0.02,-0.98
[INFO] [1788327538.654780279, 20.306000000]: RL policy input vx=0.522 vy=-0.017 wz=-0.035 action_rms=0.237 ready=1 userCmd=0 kbd=0 raw=0.522,-0.017,-0.035 grav=0.00,0.01,-0.98
[INFO] [1788327542.689126855, 22.305000000]: RL policy input vx=0.337 vy=-0.022 wz=-0.037 action_rms=0.184 ready=1 userCmd=0 kbd=0 raw=0.337,-0.022,-0.037 grav=-0.01,0.01,-0.98
[INFO] [1788327546.887335227, 24.312000000]: RL policy input vx=0.420 vy=-0.011 wz=-0.042 action_rms=0.158 ready=1 userCmd=0 kbd=0 raw=0.420,-0.011,-0.042 grav=-0.00,0.01,-0.98
[INFO] [1788327550.775469801, 26.316000000]: RL policy input vx=0.420 vy=0.012 wz=-0.056 action_rms=0.187 ready=1 userCmd=0 kbd=0 raw=0.420,0.012,-0.056 grav=0.18,-0.05,-0.96
cuda::is_available():1
RL inference device: cpu (requested=hybrid, policy=plane)
[INFO] RL policy hot-switched from preload cache: /root/autodl-tmp/code/restore/0803b/0902overall/runtime_assets/SimEnv/src/unitree_guide/logs/policy_act_inference_plane.pt
[FSM]: state: INIT
wait for goal.
[FSM]: state: INIT
wait for goal.
Warning: TF_REPEATED_DATA ignoring data with redundant timestamp for frame sliding_map (parent world) at time 29.705000 according to authority /scan_planner_node
         at line 277 in /tmp/binarydeb/ros-noetic-tf2-0.7.10/src/buffer_core.cpp
[FSM]: state: INIT
wait for goal.
[FSM]: state: INIT
wait for goal.
[FSM]: state: INIT
wait for goal.
[FSM]: state: INIT
wait for goal.
[FSM]: state: INIT
wait for goal.
[FSM]: state: INIT
wait for goal.
[FSM]: state: INIT
wait for goal.
[FSM]: state: INIT
wait for goal.
[FSM]: state: INIT
wait for goal.
Warning: TF_REPEATED_DATA ignoring data with redundant timestamp for frame sliding_map (parent world) at time 38.800000 according to authority /scan_planner_node
         at line 277 in /tmp/binarydeb/ros-noetic-tf2-0.7.10/src/buffer_core.cpp
Warning: TF_REPEATED_DATA ignoring data with redundant timestamp for frame sliding_map (parent world) at time 39.198000 according to authority /scan_planner_node
         at line 277 in /tmp/binarydeb/ros-noetic-tf2-0.7.10/src/buffer_core.cpp
[FSM]: state: INIT
wait for goal.
[FSM]: state: INIT
wait for goal.
Warning: TF_REPEATED_DATA ignoring data with redundant timestamp for frame sliding_map (parent world) at time 41.908000 according to authority /scan_planner_node
         at line 277 in /tmp/binarydeb/ros-noetic-tf2-0.7.10/src/buffer_core.cpp
[FSM]: state: INIT
wait for goal.
[FSM]: state: INIT
wait for goal.
[FSM]: state: INIT
wait for goal.
Warning: TF_REPEATED_DATA ignoring data with redundant timestamp for frame sliding_map (parent world) at time 45.208000 according to authority /scan_planner_node
         at line 277 in /tmp/binarydeb/ros-noetic-tf2-0.7.10/src/buffer_core.cpp
Warning: TF_REPEATED_DATA ignoring data with redundant timestamp for frame sliding_map (parent world) at time 45.400000 according to authority /scan_planner_node
         at line 277 in /tmp/binarydeb/ros-noetic-tf2-0.7.10/src/buffer_core.cpp
[FSM]: state: INIT
wait for goal.
Warning: TF_REPEATED_DATA ignoring data with redundant timestamp for frame sliding_map (parent world) at time 45.800000 according to authority /scan_planner_node
         at line 277 in /tmp/binarydeb/ros-noetic-tf2-0.7.10/src/buffer_core.cpp
[FSM]: state: INIT
wait for goal.
Warning: TF_REPEATED_DATA ignoring data with redundant timestamp for frame sliding_map (parent world) at time 47.497000 according to authority /scan_planner_node
         at line 277 in /tmp/binarydeb/ros-noetic-tf2-0.7.10/src/buffer_core.cpp
[FSM]: state: INIT
wait for goal.
Warning: TF_REPEATED_DATA ignoring data with redundant timestamp for frame sliding_map (parent world) at time 48.207000 according to authority /scan_planner_node
         at line 277 in /tmp/binarydeb/ros-noetic-tf2-0.7.10/src/buffer_core.cpp
Warning: TF_REPEATED_DATA ignoring data with redundant timestamp for frame sliding_map (parent world) at time 48.402000 according to authority /scan_planner_node
         at line 277 in /tmp/binarydeb/ros-noetic-tf2-0.7.10/src/buffer_core.cpp
Warning: TF_REPEATED_DATA ignoring data with redundant timestamp for frame sliding_map (parent world) at time 49.003000 according to authority /scan_planner_node
         at line 277 in /tmp/binarydeb/ros-noetic-tf2-0.7.10/src/buffer_core.cpp
[FSM]: state: INIT
wait for goal.
[FSM]: state: INIT
wait for goal.
Warning: TF_REPEATED_DATA ignoring data with redundant timestamp for frame sliding_map (parent world) at time 50.498000 according to authority /scan_planner_node
         at line 277 in /tmp/binarydeb/ros-noetic-tf2-0.7.10/src/buffer_core.cpp
Warning: TF_REPEATED_DATA ignoring data with redundant timestamp for frame sliding_map (parent world) at time 50.600000 according to authority /scan_planner_node
         at line 277 in /tmp/binarydeb/ros-noetic-tf2-0.7.10/src/buffer_core.cpp
Warning: TF_REPEATED_DATA ignoring data with redundant timestamp for frame sliding_map (parent world) at time 51.300000 according to authority /scan_planner_node
         at line 277 in /tmp/binarydeb/ros-noetic-tf2-0.7.10/src/buffer_core.cpp
[FSM]: state: INIT
wait for goal.
Warning: TF_REPEATED_DATA ignoring data with redundant timestamp for frame sliding_map (parent world) at time 51.702000 according to authority /scan_planner_node
         at line 277 in /tmp/binarydeb/ros-noetic-tf2-0.7.10/src/buffer_core.cpp
Warning: TF_REPEATED_DATA ignoring data with redundant timestamp for frame sliding_map (parent world) at time 51.899000 according to authority /scan_planner_node
         at line 277 in /tmp/binarydeb/ros-noetic-tf2-0.7.10/src/buffer_core.cpp
[FSM]: state: INIT
wait for goal.
Warning: TF_REPEATED_DATA ignoring data with redundant timestamp for frame sliding_map (parent world) at time 52.907000 according to authority /scan_planner_node
         at line 277 in /tmp/binarydeb/ros-noetic-tf2-0.7.10/src/buffer_core.cpp
Warning: TF_REPEATED_DATA ignoring data with redundant timestamp for frame sliding_map (parent world) at time 53.101000 according to authority /scan_planner_node
         at line 277 in /tmp/binarydeb/ros-noetic-tf2-0.7.10/src/buffer_core.cpp
Warning: TF_REPEATED_DATA ignoring data with redundant timestamp for frame sliding_map (parent world) at time 53.300000 according to authority /scan_planner_node
         at line 277 in /tmp/binarydeb/ros-noetic-tf2-0.7.10/src/buffer_core.cpp
Warning: TF_REPEATED_DATA ignoring data with redundant timestamp for frame sliding_map (parent world) at time 53.500000 according to authority /scan_planner_node
         at line 277 in /tmp/binarydeb/ros-noetic-tf2-0.7.10/src/buffer_core.cpp
[FSM]: state: INIT
wait for goal.
Warning: TF_REPEATED_DATA ignoring data with redundant timestamp for frame sliding_map (parent world) at time 54.603000 according to authority /scan_planner_node
         at line 277 in /tmp/binarydeb/ros-noetic-tf2-0.7.10/src/buffer_core.cpp
Warning: TF_REPEATED_DATA ignoring data with redundant timestamp for frame sliding_map (parent world) at time 55.097000 according to authority /scan_planner_node
         at line 277 in /tmp/binarydeb/ros-noetic-tf2-0.7.10/src/buffer_core.cpp
[FSM]: state: INIT
wait for goal.
Warning: TF_REPEATED_DATA ignoring data with redundant timestamp for frame sliding_map (parent world) at time 55.297000 according to authority /scan_planner_node
         at line 277 in /tmp/binarydeb/ros-noetic-tf2-0.7.10/src/buffer_core.cpp
Warning: TF_REPEATED_DATA ignoring data with redundant timestamp for frame sliding_map (parent world) at time 56.103000 according to authority /scan_planner_node
         at line 277 in /tmp/binarydeb/ros-noetic-tf2-0.7.10/src/buffer_core.cpp
Warning: TF_REPEATED_DATA ignoring data with redundant timestamp for frame sliding_map (parent world) at time 56.308000 according to authority /scan_planner_node
         at line 277 in /tmp/binarydeb/ros-noetic-tf2-0.7.10/src/buffer_core.cpp
[FSM]: state: INIT
wait for goal.
Warning: TF_REPEATED_DATA ignoring data with redundant timestamp for frame sliding_map (parent world) at time 56.508000 according to authority /scan_planner_node
         at line 277 in /tmp/binarydeb/ros-noetic-tf2-0.7.10/src/buffer_core.cpp
Warning: TF_REPEATED_DATA ignoring data with redundant timestamp for frame sliding_map (parent world) at time 56.900000 according to authority /scan_planner_node
         at line 277 in /tmp/binarydeb/ros-noetic-tf2-0.7.10/src/buffer_core.cpp
[FSM]: state: INIT
wait for goal.
Warning: TF_REPEATED_DATA ignoring data with redundant timestamp for frame sliding_map (parent world) at time 57.603000 according to authority /scan_planner_node
         at line 277 in /tmp/binarydeb/ros-noetic-tf2-0.7.10/src/buffer_core.cpp
Warning: TF_REPEATED_DATA ignoring data with redundant timestamp for frame sliding_map (parent world) at time 58.401000 according to authority /scan_planner_node
         at line 277 in /tmp/binarydeb/ros-noetic-tf2-0.7.10/src/buffer_core.cpp
Warning: TF_REPEATED_DATA ignoring data with redundant timestamp for frame sliding_map (parent world) at time 58.598000 according to authority /scan_planner_node
         at line 277 in /tmp/binarydeb/ros-noetic-tf2-0.7.10/src/buffer_core.cpp
[FSM]: state: INIT
wait for goal.
Warning: TF_REPEATED_DATA ignoring data with redundant timestamp for frame sliding_map (parent world) at time 58.799000 according to authority /scan_planner_node
         at line 277 in /tmp/binarydeb/ros-noetic-tf2-0.7.10/src/buffer_core.cpp
Warning: TF_REPEATED_DATA ignoring data with redundant timestamp for frame sliding_map (parent world) at time 58.997000 according to authority /scan_planner_node
         at line 277 in /tmp/binarydeb/ros-noetic-tf2-0.7.10/src/buffer_core.cpp
Warning: TF_REPEATED_DATA ignoring data with redundant timestamp for frame sliding_map (parent world) at time 59.200000 according to authority /scan_planner_node
         at line 277 in /tmp/binarydeb/ros-noetic-tf2-0.7.10/src/buffer_core.cpp
Warning: TF_REPEATED_DATA ignoring data with redundant timestamp for frame sliding_map (parent world) at time 59.800000 according to authority /scan_planner_node
         at line 277 in /tmp/binarydeb/ros-noetic-tf2-0.7.10/src/buffer_core.cpp
Warning: TF_REPEATED_DATA ignoring data with redundant timestamp for frame sliding_map (parent world) at time 60.000000 according to authority /scan_planner_node
         at line 277 in /tmp/binarydeb/ros-noetic-tf2-0.7.10/src/buffer_core.cpp
[FSM]: state: INIT
wait for goal.
Warning: TF_REPEATED_DATA ignoring data with redundant timestamp for frame sliding_map (parent world) at time 60.400000 according to authority /scan_planner_node
         at line 277 in /tmp/binarydeb/ros-noetic-tf2-0.7.10/src/buffer_core.cpp
[FSM]: state: INIT
wait for goal.
Warning: TF_REPEATED_DATA ignoring data with redundant timestamp for frame sliding_map (parent world) at time 61.808000 according to authority /scan_planner_node
         at line 277 in /tmp/binarydeb/ros-noetic-tf2-0.7.10/src/buffer_core.cpp
[FSM]: state: INIT
wait for goal.
[FSM]: state: INIT
wait for goal.
Warning: TF_REPEATED_DATA ignoring data with redundant timestamp for frame sliding_map (parent world) at time 63.808000 according to authority /scan_planner_node
         at line 277 in /tmp/binarydeb/ros-noetic-tf2-0.7.10/src/buffer_core.cpp
Warning: TF_REPEATED_DATA ignoring data with redundant timestamp for frame sliding_map (parent world) at time 63.997000 according to authority /scan_planner_node
         at line 277 in /tmp/binarydeb/ros-noetic-tf2-0.7.10/src/buffer_core.cpp
[FSM]: state: INIT
wait for goal.
[FSM]: state: INIT
wait for goal.
Warning: TF_REPEATED_DATA ignoring data with redundant timestamp for frame sliding_map (parent world) at time 66.897000 according to authority /scan_planner_node
         at line 277 in /tmp/binarydeb/ros-noetic-tf2-0.7.10/src/buffer_core.cpp
[FSM]: state: INIT
wait for goal.
Warning: TF_REPEATED_DATA ignoring data with redundant timestamp for frame sliding_map (parent world) at time 67.503000 according to authority /scan_planner_node
         at line 277 in /tmp/binarydeb/ros-noetic-tf2-0.7.10/src/buffer_core.cpp
Warning: TF_REPEATED_DATA ignoring data with redundant timestamp for frame sliding_map (parent world) at time 67.898000 according to authority /scan_planner_node
         at line 277 in /tmp/binarydeb/ros-noetic-tf2-0.7.10/src/buffer_core.cpp
[FSM]: state: INIT
wait for goal.
Warning: TF_REPEATED_DATA ignoring data with redundant timestamp for frame sliding_map (parent world) at time 68.506000 according to authority /scan_planner_node
         at line 277 in /tmp/binarydeb/ros-noetic-tf2-0.7.10/src/buffer_core.cpp
[FSM]: state: INIT
wait for goal.
[FSM]: state: INIT
wait for goal.
Warning: TF_REPEATED_DATA ignoring data with redundant timestamp for frame sliding_map (parent world) at time 71.100000 according to authority /scan_planner_node
         at line 277 in /tmp/binarydeb/ros-noetic-tf2-0.7.10/src/buffer_core.cpp
[FSM]: state: INIT
wait for goal.
[INFO] [1788327554.150820903, 27.995000000]: RL locomotion_ready latched after 0.67 s takeover and 0.43 s stable hold
[INFO] [1788327554.870310655, 28.333000000]: RL policy input vx=0.625 vy=-0.047 wz=-0.083 action_rms=0.215 ready=1 userCmd=0 kbd=0 raw=0.625,-0.047,-0.083 grav=-0.02,0.02,-0.98
[INFO] [1788327558.867941408, 30.344000000]: RL policy input vx=2.248 vy=-0.097 wz=-0.047 action_rms=0.464 ready=1 userCmd=0 kbd=0 raw=2.248,-0.097,-0.047 grav=0.01,0.06,-0.98
[INFO] [1788327562.879883030, 32.351000000]: RL policy input vx=2.250 vy=-0.045 wz=-0.022 action_rms=0.326 ready=1 userCmd=0 kbd=0 raw=2.250,-0.045,-0.022 grav=-0.04,-0.06,-0.98
[INFO] [1788327567.042285716, 34.351000000]: RL policy input vx=2.250 vy=-0.003 wz=-0.001 action_rms=0.243 ready=1 userCmd=0 kbd=0 raw=2.250,-0.003,-0.001 grav=0.02,-0.06,-0.98
[INFO] [1788327570.758411717, 36.371000000]: RL policy input vx=1.701 vy=0.136 wz=0.088 action_rms=0.320 ready=1 userCmd=0 kbd=0 raw=1.701,0.136,0.088 grav=0.04,-0.01,-0.98
[INFO] [1788327574.235369889, 38.374000000]: RL policy input vx=0.298 vy=0.105 wz=0.371 action_rms=0.280 ready=1 userCmd=0 kbd=0 raw=0.298,0.105,0.371 grav=0.00,0.02,-0.98
[INFO] [1788327577.578223649, 40.379000000]: RL policy input vx=0.447 vy=0.000 wz=0.121 action_rms=0.201 ready=1 userCmd=0 kbd=0 raw=0.447,0.000,0.121 grav=-0.01,-0.03,-0.98
[INFO] [1788327581.265571531, 42.384000000]: RL policy input vx=0.450 vy=0.000 wz=0.016 action_rms=0.245 ready=1 userCmd=0 kbd=0 raw=0.450,0.000,0.016 grav=0.01,-0.01,-0.98
[INFO] [1788327584.975059803, 44.405000000]: RL policy input vx=2.144 vy=0.049 wz=0.025 action_rms=0.347 ready=1 userCmd=0 kbd=0 raw=2.144,0.049,0.025 grav=-0.00,0.02,-0.98
[INFO] [1788327588.595051367, 46.408000000]: RL policy input vx=0.637 vy=0.019 wz=0.032 action_rms=0.147 ready=1 userCmd=0 kbd=0 raw=0.637,0.019,0.032 grav=0.04,-0.04,-0.98
[INFO] [1788327592.189799326, 48.417000000]: RL policy input vx=0.000 vy=0.000 wz=2.550 action_rms=0.282 ready=1 userCmd=0 kbd=0 raw=0.000,0.000,2.550 grav=0.00,0.03,-0.98
[INFO] [1788327596.066382011, 50.434000000]: RL policy input vx=0.000 vy=0.000 wz=-1.150 action_rms=0.211 ready=1 userCmd=0 kbd=0 raw=0.000,0.000,-1.150 grav=0.01,-0.01,-0.98
[INFO] [1788327599.806977035, 52.438000000]: RL policy input vx=1.060 vy=-0.395 wz=-0.392 action_rms=0.207 ready=1 userCmd=0 kbd=0 raw=1.060,-0.395,-0.392 grav=0.00,-0.10,-0.98
[INFO] [1788327603.127412334, 54.447000000]: RL policy input vx=0.000 vy=0.000 wz=-1.604 action_rms=0.176 ready=1 userCmd=0 kbd=0 raw=0.000,0.000,-1.604 grav=0.02,0.02,-0.98
[INFO] [1788327606.571526488, 56.458000000]: RL policy input vx=0.970 vy=-0.673 wz=-0.826 action_rms=0.321 ready=1 userCmd=0 kbd=0 raw=0.970,-0.673,-0.826 grav=-0.01,0.03,-0.98
[INFO] [1788327610.043517586, 58.461000000]: RL policy input vx=0.383 vy=0.024 wz=0.070 action_rms=0.237 ready=1 userCmd=0 kbd=0 raw=0.383,0.024,0.070 grav=0.03,-0.03,-0.98
[INFO] [1788327613.276107434, 60.479000000]: RL policy input vx=0.000 vy=0.000 wz=-0.278 action_rms=0.197 ready=1 userCmd=0 kbd=0 raw=0.000,0.000,-0.278 grav=0.00,-0.00,-0.98
[INFO] [1788327616.664133436, 62.493000000]: RL policy input vx=0.449 vy=0.000 wz=-0.080 action_rms=0.162 ready=1 userCmd=0 kbd=0 raw=0.449,0.000,-0.080 grav=0.01,-0.01,-0.98
[INFO] [1788327620.104614073, 64.505000000]: RL policy input vx=0.340 vy=0.000 wz=-0.071 action_rms=0.232 ready=1 userCmd=0 kbd=0 raw=0.340,0.000,-0.071 grav=0.01,-0.01,-0.98
[INFO] [1788327623.624690038, 66.521000000]: RL policy input vx=0.450 vy=0.000 wz=0.041 action_rms=0.218 ready=1 userCmd=0 kbd=0 raw=0.450,0.000,0.041 grav=0.01,-0.00,-0.98
[INFO] [1788327627.015819479, 68.538000000]: RL policy input vx=0.450 vy=0.000 wz=-0.011 action_rms=0.176 ready=1 userCmd=0 kbd=0 raw=0.450,0.000,-0.011 grav=0.01,-0.02,-0.98
[INFO] [1788327630.323011390, 70.543000000]: RL policy input vx=0.697 vy=-0.564 wz=-0.748 action_rms=0.413 ready=1 userCmd=0 kbd=0 raw=0.697,-0.564,-0.748 grav=0.00,0.01,-0.98
[INFO] [1788327633.624227932, 72.564000000]: RL policy input vx=1.909 vy=0.365 wz=0.208 action_rms=0.250 ready=1 userCmd=0 kbd=0 raw=1.Warning: TF_REPEATED_DATA ignoring data with redundant timestamp for frame sliding_map (parent world) at time 72.701000 according to authority /scan_planner_node
         at line 277 in /tmp/binarydeb/ros-noetic-tf2-0.7.10/src/buffer_core.cpp
[FSM]: state: INIT
wait for goal.
[FSM]: state: INIT
wait for goal.
Warning: TF_REPEATED_DATA ignoring data with redundant timestamp for frame sliding_map (parent world) at time 74.104000 according to authority /scan_planner_node
         at line 277 in /tmp/binarydeb/ros-noetic-tf2-0.7.10/src/buffer_core.cpp
Warning: TF_REPEATED_DATA ignoring data with redundant timestamp for frame sliding_map (parent world) at time 74.303000 according to authority /scan_planner_node
         at line 277 in /tmp/binarydeb/ros-noetic-tf2-0.7.10/src/buffer_core.cpp
[FSM]: state: INIT
wait for goal.
[FSM]: state: INIT
wait for goal.
Warning: TF_REPEATED_DATA ignoring data with redundant timestamp for frame sliding_map (parent world) at time 76.500000 according to authority /scan_planner_node
         at line 277 in /tmp/binarydeb/ros-noetic-tf2-0.7.10/src/buffer_core.cpp
[FSM]: state: INIT
wait for goal.
Warning: TF_REPEATED_DATA ignoring data with redundant timestamp for frame sliding_map (parent world) at time 78.099000 according to authority /scan_planner_node
         at line 277 in /tmp/binarydeb/ros-noetic-tf2-0.7.10/src/buffer_core.cpp
[FSM]: state: INIT
wait for goal.
[FSM]: state: INIT
wait for goal.
Warning: TF_REPEATED_DATA ignoring data with redundant timestamp for frame sliding_map (parent world) at time 79.699000 according to authority /scan_planner_node
         at line 277 in /tmp/binarydeb/ros-noetic-tf2-0.7.10/src/buffer_core.cpp
[FSM]: state: INIT
wait for goal.
[FSM]: state: INIT
wait for goal.
Warning: TF_REPEATED_DATA ignoring data with redundant timestamp for frame sliding_map (parent world) at time 82.603000 according to authority /scan_planner_node
         at line 277 in /tmp/binarydeb/ros-noetic-tf2-0.7.10/src/buffer_core.cpp
[FSM]: state: INIT
wait for goal.
[FSM]: state: INIT
wait for goal.
[FSM]: state: INIT
wait for goal.
[FSM]: state: INIT
wait for goal.
[FSM]: state: INIT
wait for goal.
Warning: TF_REPEATED_DATA ignoring data with redundant timestamp for frame sliding_map (parent world) at time 88.104000 according to authority /scan_planner_node
         at line 277 in /tmp/binarydeb/ros-noetic-tf2-0.7.10/src/buffer_core.cpp
[FSM]: state: INIT
wait for goal.
[FSM]: state: INIT
wait for goal.
Warning: TF_REPEATED_DATA ignoring data with redundant timestamp for frame sliding_map (parent world) at time 90.607000 according to authority /scan_planner_node
         at line 277 in /tmp/binarydeb/ros-noetic-tf2-0.7.10/src/buffer_core.cpp
Warning: TF_REPEATED_DATA ignoring data with redundant timestamp for frame sliding_map (parent world) at time 91.003000 according to authority /scan_planner_node
         at line 277 in /tmp/binarydeb/ros-noetic-tf2-0.7.10/src/buffer_core.cpp
Warning: TF_REPEATED_DATA ignoring data with redundant timestamp for frame sliding_map (parent world) at time 91.200000 according to authority /scan_planner_node
         at line 277 in /tmp/binarydeb/ros-noetic-tf2-0.7.10/src/buffer_core.cpp
[FSM]: state: INIT
wait for goal.
Warning: TF_REPEATED_DATA ignoring data with redundant timestamp for frame sliding_map (parent world) at time 91.397000 according to authority /scan_planner_node
         at line 277 in /tmp/binarydeb/ros-noetic-tf2-0.7.10/src/buffer_core.cpp
Warning: TF_REPEATED_DATA ignoring data with redundant timestamp for frame sliding_map (parent world) at time 92.008000 according to authority /scan_planner_node
         at line 277 in /tmp/binarydeb/ros-noetic-tf2-0.7.10/src/buffer_core.cpp
Warning: TF_REPEATED_DATA ignoring data with redundant timestamp for frame sliding_map (parent world) at time 92.402000 according to authority /scan_planner_node
         at line 277 in /tmp/binarydeb/ros-noetic-tf2-0.7.10/src/buffer_core.cpp
[FSM]: state: INIT
wait for goal.
Warning: TF_REPEATED_DATA ignoring data with redundant timestamp for frame sliding_map (parent world) at time 92.601000 according to authority /scan_planner_node
         at line 277 in /tmp/binarydeb/ros-noetic-tf2-0.7.10/src/buffer_core.cpp
Warning: TF_REPEATED_DATA ignoring data with redundant timestamp for frame sliding_map (parent world) at time 92.999000 according to authority /scan_planner_node
         at line 277 in /tmp/binarydeb/ros-noetic-tf2-0.7.10/src/buffer_core.cpp
[FSM]: state: INIT
wait for goal.
Warning: TF_REPEATED_DATA ignoring data with redundant timestamp for frame sliding_map (parent world) at time 93.807000 according to authority /scan_planner_node
         at line 277 in /tmp/binarydeb/ros-noetic-tf2-0.7.10/src/buffer_core.cpp
Warning: TF_REPEATED_DATA ignoring data with redundant timestamp for frame sliding_map (parent world) at time 94.001000 according to authority /scan_planner_node
         at line 277 in /tmp/binarydeb/ros-noetic-tf2-0.7.10/src/buffer_core.cpp
Warning: TF_REPEATED_DATA ignoring data with redundant timestamp for frame sliding_map (parent world) at time 94.410000 according to authority /scan_planner_node
         at line 277 in /tmp/binarydeb/ros-noetic-tf2-0.7.10/src/buffer_core.cpp
[FSM]: state: INIT
wait for goal.
[FSM]: state: INIT
wait for goal.
Warning: TF_REPEATED_DATA ignoring data with redundant timestamp for frame sliding_map (parent world) at time 97.097000 according to authority /scan_planner_node
         at line 277 in /tmp/binarydeb/ros-noetic-tf2-0.7.10/src/buffer_core.cpp
[FSM]: state: INIT
wait for goal.
[FSM]: state: INIT
wait for goal.
Warning: TF_REPEATED_DATA ignoring data with redundant timestamp for frame sliding_map (parent world) at time 98.901000 according to authority /scan_planner_node
         at line 277 in /tmp/binarydeb/ros-noetic-tf2-0.7.10/src/buffer_core.cpp
[FSM]: state: INIT
wait for goal.
[FSM]: state: INIT
wait for goal.
Warning: TF_REPEATED_DATA ignoring data with redundant timestamp for frame sliding_map (parent world) at time 101.300000 according to authority /scan_planner_node
         at line 277 in /tmp/binarydeb/ros-noetic-tf2-0.7.10/src/buffer_core.cpp
[FSM]: state: INIT
wait for goal.
[FSM]: state: INIT
wait for goal.
Warning: TF_REPEATED_DATA ignoring data with redundant timestamp for frame sliding_map (parent world) at time 103.407000 according to authority /scan_planner_node
         at line 277 in /tmp/binarydeb/ros-noetic-tf2-0.7.10/src/buffer_core.cpp
[FSM]: state: INIT
wait for goal.
[FSM]: state: INIT
wait for goal.
[FSM]: state: INIT
wait for goal.
[FSM]: state: INIT
wait for goal.
[FSM]: state: INIT
wait for goal.
[FSM]: state: INIT
wait for goal.
[FSM]: state: INIT
wait for goal.
[FSM]: state: INIT
wait for goal.
[FSM]: state: INIT
wait for goal.
[FSM]: state: INIT
wait for goal.
[FSM]: state: INIT
wait for goal.
[FSM]: state: INIT
wait for goal.
[FSM]: state: INIT
wait for goal.
Warning: TF_REPEATED_DATA ignoring data with redundant timestamp for frame sliding_map (parent world) at time 117.401000 according to authority /scan_planner_node
         at line 277 in /tmp/binarydeb/ros-noetic-tf2-0.7.10/src/buffer_core.cpp
[FSM]: state: INIT
wait for goal.
[FSM]: state: INIT
wait for goal.
[FSM]: state: INIT
wait for goal.
909,0.365,0.208 grav=-0.02,0.07,-0.98
[INFO] [1788327637.175875139, 74.564000000]: RL policy input vx=0.300 vy=0.009 wz=0.032 action_rms=0.152 ready=1 userCmd=0 kbd=0 raw=0.300,0.009,0.032 grav=0.02,-0.02,-0.98
[INFO] [1788327640.908645445, 76.578000000]: RL policy input vx=0.726 vy=0.137 wz=0.205 action_rms=0.356 ready=1 userCmd=0 kbd=0 raw=0.726,0.137,0.205 grav=0.02,-0.00,-0.98
[INFO] [1788327644.466869451, 78.592000000]: RL policy input vx=0.000 vy=0.000 wz=2.550 action_rms=0.222 ready=1 userCmd=0 kbd=0 raw=0.000,0.000,2.550 grav=0.02,-0.02,-0.98
[INFO] [1788327648.087165318, 80.607000000]: RL policy input vx=0.000 vy=0.000 wz=1.150 action_rms=0.165 ready=1 userCmd=0 kbd=0 raw=0.000,0.000,1.150 grav=0.01,-0.00,-0.98
[INFO] [1788327651.511096457, 82.616000000]: RL policy input vx=1.761 vy=0.704 wz=0.419 action_rms=0.281 ready=1 userCmd=0 kbd=0 raw=1.761,0.704,0.419 grav=-0.00,0.12,-0.97
[INFO] [1788327654.743434399, 84.617000000]: RL policy input vx=0.299 vy=0.024 wz=0.089 action_rms=0.174 ready=1 userCmd=0 kbd=0 raw=0.299,0.024,0.089 grav=0.02,-0.00,-0.98
[INFO] [1788327658.642911415, 86.636000000]: RL policy input vx=0.454 vy=0.104 wz=0.247 action_rms=0.140 ready=1 userCmd=0 kbd=0 raw=0.454,0.104,0.247 grav=0.03,0.03,-0.98
[INFO] [1788327662.310894770, 88.639000000]: RL policy input vx=1.477 vy=0.411 wz=0.299 action_rms=0.294 ready=1 userCmd=0 kbd=0 raw=1.477,0.411,0.299 grav=-0.00,0.04,-0.98
[INFO] [1788327666.266435371, 90.654000000]: RL policy input vx=0.000 vy=0.000 wz=-0.453 action_rms=0.214 ready=1 userCmd=0 kbd=0 raw=0.000,0.000,-0.453 grav=0.02,-0.02,-0.98
[INFO] [1788327669.493288889, 92.666000000]: RL policy input vx=0.000 vy=0.000 wz=-1.823 action_rms=0.179 ready=1 userCmd=0 kbd=0 raw=0.000,0.000,-1.823 grav=0.01,-0.00,-0.98
[INFO] [1788327673.042061775, 94.679000000]: RL policy input vx=1.348 vy=-0.423 wz=-0.334 action_rms=0.419 ready=1 userCmd=0 kbd=0 raw=1.348,-0.423,-0.334 grav=0.00,-0.07,-0.98
[INFO] [1788327676.738591454, 96.695000000]: RL policy input vx=0.503 vy=0.723 wz=0.946 action_rms=0.197 ready=1 userCmd=0 kbd=0 raw=0.503,0.723,0.946 grav=-0.01,-0.06,-0.98
[INFO] [1788327680.352465268, 98.707000000]: RL policy input vx=0.000 vy=0.000 wz=-0.450 action_rms=0.249 ready=1 userCmd=0 kbd=0 raw=0.000,0.000,-0.450 grav=0.02,-0.01,-0.98
[INFO] [1788327683.843599872, 100.720000000]: RL policy input vx=0.000 vy=0.000 wz=-0.325 action_rms=0.146 ready=1 userCmd=0 kbd=0 raw=0.000,0.000,-0.325 grav=-0.01,-0.00,-0.98
[INFO] [1788327687.702960807, 102.727000000]: RL policy input vx=0.449 vy=0.000 wz=-0.081 action_rms=0.282 ready=1 userCmd=0 kbd=0 raw=0.449,0.000,-0.081 grav=0.00,-0.01,-0.98
[INFO] [1788327691.633989371, 104.738000000]: RL policy input vx=0.321 vy=0.000 wz=-0.065 action_rms=0.153 ready=1 userCmd=0 kbd=0 raw=0.321,0.000,-0.065 grav=0.01,-0.01,-0.98
[INFO] [1788327695.671979577, 106.755000000]: RL policy input vx=1.331 vy=-0.750 wz=-0.565 action_rms=0.453 ready=1 userCmd=0 kbd=0 raw=1.331,-0.750,-0.565 grav=-0.05,-0.02,-0.98
[INFO] [1788327699.545606908, 108.758000000]: RL policy input vx=2.223 vy=-0.351 wz=-0.172 action_rms=0.412 ready=1 userCmd=0 kbd=0 raw=2.223,-0.351,-0.172 grav=-0.02,-0.07,-0.98
[INFO] [1788327703.080196691, 110.766000000]: RL policy input vx=2.248 vy=-0.089 wz=-0.043 action_rms=0.364 ready=1 userCmd=0 kbd=0 raw=2.248,-0.089,-0.043 grav=0.03,-0.02,-0.98
[INFO] [1788327706.712567850, 112.775000000]: RL policy input vx=2.249 vy=0.057 wz=0.028 action_rms=0.363 ready=1 userCmd=0 kbd=0 raw=2.249,0.057,0.028 grav=0.00,-0.05,-0.98
[INFO] [1788327709.980302367, 114.782000000]: RL policy input vx=0.526 vy=0.508 wz=0.803 action_rms=0.140 ready=1 userCmd=0 kbd=0 raw=0.526,0.508,0.803 grav=0.04,-0.03,-0.98
[INFO] [1788327713.046510780, 116.802000000]: RL policy input vx=0.000 vy=0.000 wz=0.285 action_rms=0.171 ready=1 userCmd=0 kbd=0 raw=0.000,0.000,0.285 grav=0.02,-0.01,-0.98
[INFO] [1788327716.379335034, 118.813000000]: RL policy input vx=0.450 vy=0.000 wz=0.041 action_rms=0.159 ready=1 userCmd=0 kbd=0 raw=0.450,0.000,0.041 grav=0.01,-0.01,-0.98
[INFO] [1788327720.011145188, 120.8290Warning: TF_REPEATED_DATA ignoring data with redundant timestamp for frame sliding_map (parent world) at time 121.108000 according to authority /scan_planner_node
         at line 277 in /tmp/binarydeb/ros-noetic-tf2-0.7.10/src/buffer_core.cpp
Warning: TF_REPEATED_DATA ignoring data with redundant timestamp for frame sliding_map (parent world) at time 121.399000 according to authority /scan_planner_node
         at line 277 in /tmp/binarydeb/ros-noetic-tf2-0.7.10/src/buffer_core.cpp
[FSM]: state: INIT
wait for goal.
Warning: TF_REPEATED_DATA ignoring data with redundant timestamp for frame sliding_map (parent world) at time 122.805000 according to authority /scan_planner_node
         at line 277 in /tmp/binarydeb/ros-noetic-tf2-0.7.10/src/buffer_core.cpp
[FSM]: state: INIT
wait for goal.
Warning: TF_REPEATED_DATA ignoring data with redundant timestamp for frame sliding_map (parent world) at time 123.403000 according to authority /scan_planner_node
         at line 277 in /tmp/binarydeb/ros-noetic-tf2-0.7.10/src/buffer_core.cpp
[FSM]: state: INIT
wait for goal.
Warning: TF_REPEATED_DATA ignoring data with redundant timestamp for frame sliding_map (parent world) at time 125.202000 according to authority /scan_planner_node
         at line 277 in /tmp/binarydeb/ros-noetic-tf2-0.7.10/src/buffer_core.cpp
[FSM]: state: INIT
wait for goal.
Warning: TF_REPEATED_DATA ignoring data with redundant timestamp for frame sliding_map (parent world) at time 125.798000 according to authority /scan_planner_node
         at line 277 in /tmp/binarydeb/ros-noetic-tf2-0.7.10/src/buffer_core.cpp
Warning: TF_REPEATED_DATA ignoring data with redundant timestamp for frame sliding_map (parent world) at time 125.999000 according to authority /scan_planner_node
         at line 277 in /tmp/binarydeb/ros-noetic-tf2-0.7.10/src/buffer_core.cpp
Warning: TF_REPEATED_DATA ignoring data with redundant timestamp for frame sliding_map (parent world) at time 126.411000 according to authority /scan_planner_node
         at line 277 in /tmp/binarydeb/ros-noetic-tf2-0.7.10/src/buffer_core.cpp
[FSM]: state: INIT
wait for goal.
Warning: TF_REPEATED_DATA ignoring data with redundant timestamp for frame sliding_map (parent world) at time 126.601000 according to authority /scan_planner_node
         at line 277 in /tmp/binarydeb/ros-noetic-tf2-0.7.10/src/buffer_core.cpp
Warning: TF_REPEATED_DATA ignoring data with redundant timestamp for frame sliding_map (parent world) at time 126.801000 according to authority /scan_planner_node
         at line 277 in /tmp/binarydeb/ros-noetic-tf2-0.7.10/src/buffer_core.cpp
Warning: TF_REPEATED_DATA ignoring data with redundant timestamp for frame sliding_map (parent world) at time 127.000000 according to authority /scan_planner_node
         at line 277 in /tmp/binarydeb/ros-noetic-tf2-0.7.10/src/buffer_core.cpp
Warning: TF_REPEATED_DATA ignoring data with redundant timestamp for frame sliding_map (parent world) at time 127.201000 according to authority /scan_planner_node
         at line 277 in /tmp/binarydeb/ros-noetic-tf2-0.7.10/src/buffer_core.cpp
Warning: TF_REPEATED_DATA ignoring data with redundant timestamp for frame sliding_map (parent world) at time 127.599000 according to authority /scan_planner_node
         at line 277 in /tmp/binarydeb/ros-noetic-tf2-0.7.10/src/buffer_core.cpp
[FSM]: state: INIT
wait for goal.
Warning: TF_REPEATED_DATA ignoring data with redundant timestamp for frame sliding_map (parent world) at time 127.999000 according to authority /scan_planner_node
         at line 277 in /tmp/binarydeb/ros-noetic-tf2-0.7.10/src/buffer_core.cpp
Warning: TF_REPEATED_DATA ignoring data with redundant timestamp for frame sliding_map (parent world) at time 128.198000 according to authority /scan_planner_node
         at line 277 in /tmp/binarydeb/ros-noetic-tf2-0.7.10/src/buffer_core.cpp
Warning: TF_REPEATED_DATA ignoring data with redundant timestamp for frame sliding_map (parent world) at time 128.401000 according to authority /scan_planner_node
         at line 277 in /tmp/binarydeb/ros-noetic-tf2-0.7.10/src/buffer_core.cpp
Warning: TF_REPEATED_DATA ignoring data with redundant timestamp for frame sliding_map (parent world) at time 128.598000 according to authority /scan_planner_node
         at line 277 in /tmp/binarydeb/ros-noetic-tf2-0.7.10/src/buffer_core.cpp
Warning: TF_REPEATED_DATA ignoring data with redundant timestamp for frame sliding_map (parent world) at time 128.800000 according to authority /scan_planner_node
         at line 277 in /tmp/binarydeb/ros-noetic-tf2-0.7.10/src/buffer_core.cpp
Warning: TF_REPEATED_DATA ignoring data with redundant timestamp for frame sliding_map (parent world) at time 129.008000 according to authority /scan_planner_node
         at line 277 in /tmp/binarydeb/ros-noetic-tf2-0.7.10/src/buffer_core.cpp
[FSM]: state: INIT
wait for goal.
Warning: TF_REPEATED_DATA ignoring data with redundant timestamp for frame sliding_map (parent world) at time 129.697000 according to authority /scan_planner_node
         at line 277 in /tmp/binarydeb/ros-noetic-tf2-0.7.10/src/buffer_core.cpp
Warning: TF_REPEATED_DATA ignoring data with redundant timestamp for frame sliding_map (parent world) at time 130.101000 according to authority /scan_planner_node
         at line 277 in /tmp/binarydeb/ros-noetic-tf2-0.7.10/src/buffer_core.cpp
[FSM]: state: INIT
wait for goal.
Warning: TF_REPEATED_DATA ignoring data with redundant timestamp for frame sliding_map (parent world) at time 130.397000 according to authority /scan_planner_node
         at line 277 in /tmp/binarydeb/ros-noetic-tf2-0.7.10/src/buffer_core.cpp
Warning: TF_REPEATED_DATA ignoring data with redundant timestamp for frame sliding_map (parent world) at time 131.198000 according to authority /scan_planner_node
         at line 277 in /tmp/binarydeb/ros-noetic-tf2-0.7.10/src/buffer_core.cpp
Warning: TF_REPEATED_DATA ignoring data with redundant timestamp for frame sliding_map (parent world) at time 131.400000 according to authority /scan_planner_node
         at line 277 in /tmp/binarydeb/ros-noetic-tf2-0.7.10/src/buffer_core.cpp
[FSM]: state: INIT
wait for goal.
Warning: TF_REPEATED_DATA ignoring data with redundant timestamp for frame sliding_map (parent world) at time 131.608000 according to authority /scan_planner_node
         at line 277 in /tmp/binarydeb/ros-noetic-tf2-0.7.10/src/buffer_core.cpp
Warning: TF_REPEATED_DATA ignoring data with redundant timestamp for frame sliding_map (parent world) at time 132.197000 according to authority /scan_planner_node
         at line 277 in /tmp/binarydeb/ros-noetic-tf2-0.7.10/src/buffer_core.cpp
[FSM]: state: INIT
wait for goal.
[FSM]: state: INIT
wait for goal.
Warning: TF_REPEATED_DATA ignoring data with redundant timestamp for frame sliding_map (parent world) at time 134.108000 according to authority /scan_planner_node
         at line 277 in /tmp/binarydeb/ros-noetic-tf2-0.7.10/src/buffer_core.cpp
Warning: TF_REPEATED_DATA ignoring data with redundant timestamp for frame sliding_map (parent world) at time 134.501000 according to authority /scan_planner_node
         at line 277 in /tmp/binarydeb/ros-noetic-tf2-0.7.10/src/buffer_core.cpp
Warning: TF_REPEATED_DATA ignoring data with redundant timestamp for frame sliding_map (parent world) at time 135.101000 according to authority /scan_planner_node
         at line 277 in /tmp/binarydeb/ros-noetic-tf2-0.7.10/src/buffer_core.cpp
[FSM]: state: INIT
wait for goal.
[FSM]: state: INIT
wait for goal.
Warning: TF_REPEATED_DATA ignoring data with redundant timestamp for frame sliding_map (parent world) at time 136.899000 according to authority /scan_planner_node
         at line 277 in /tmp/binarydeb/ros-noetic-tf2-0.7.10/src/buffer_core.cpp
Warning: TF_REPEATED_DATA ignoring data with redundant timestamp for frame sliding_map (parent world) at time 137.506000 according to authority /scan_planner_node
         at line 277 in /tmp/binarydeb/ros-noetic-tf2-0.7.10/src/buffer_core.cpp
[FSM]: state: INIT
wait for goal.
[FSM]: state: INIT
wait for goal.
[FSM]: state: INIT
wait for goal.
[FSM]: state: INIT
wait for goal.
[FSM]: state: INIT
wait for goal.
Warning: TF_REPEATED_DATA ignoring data with redundant timestamp for frame sliding_map (parent world) at time 142.903000 according to authority /scan_planner_node
         at line 277 in /tmp/binarydeb/ros-noetic-tf2-0.7.10/src/buffer_core.cpp
[FSM]: state: INIT
wait for goal.
Warning: TF_REPEATED_DATA ignoring data with redundant timestamp for frame sliding_map (parent world) at time 143.904000 according to authority /scan_planner_node
         at line 277 in /tmp/binarydeb/ros-noetic-tf2-0.7.10/src/buffer_core.cpp
Warning: TF_REPEATED_DATA ignoring data with redundant timestamp for frame sliding_map (parent world) at time 144.100000 according to authority /scan_planner_node
         at line 277 in /tmp/binarydeb/ros-noetic-tf2-0.7.10/src/buffer_core.cpp
[FSM]: state: INIT
wait for goal.
Warning: TF_REPEATED_DATA ignoring data with redundant timestamp for frame sliding_map (parent world) at time 144.499000 according to authority /scan_planner_node
         at line 277 in /tmp/binarydeb/ros-noetic-tf2-0.7.10/src/buffer_core.cpp
[FSM]: state: INIT
wait for goal.
Warning: TF_REPEATED_DATA ignoring data with redundant timestamp for frame sliding_map (parent world) at time 145.697000 according to authority /scan_planner_node
         at line 277 in /tmp/binarydeb/ros-noetic-tf2-0.7.10/src/buffer_core.cpp
[FSM]: state: INIT
wait for goal.
[FSM]: state: INIT
wait for goal.
Warning: TF_REPEATED_DATA ignoring data with redundant timestamp for frame sliding_map (parent world) at time 149.097000 according to authority /scan_planner_node
         at line 277 in /tmp/binarydeb/ros-noetic-tf2-0.7.10/src/buffer_core.cpp
[FSM]: state: INIT
wait for goal.
Warning: TF_REPEATED_DATA ignoring data with redundant timestamp for frame sliding_map (parent world) at time 150.307000 according to authority /scan_planner_node
         at line 277 in /tmp/binarydeb/ros-noetic-tf2-0.7.10/src/buffer_core.cpp
[FSM]: state: INIT
wait for goal.
[FSM]: state: INIT
wait for goal.
Warning: TF_REPEATED_DATA ignoring data with redundant timestamp for frame sliding_map (parent world) at time 152.398000 according to authority /scan_planner_node
         at line 277 in /tmp/binarydeb/ros-noetic-tf2-0.7.10/src/buffer_core.cpp
Warning: TF_REPEATED_DATA ignoring data with redundant timestamp for frame sliding_map (parent world) at time 152.597000 according to authority /scan_planner_node
         at line 277 in /tmp/binarydeb/ros-noetic-tf2-0.7.10/src/buffer_core.cpp
[FSM]: state: INIT
wait for goal.
Warning: TF_REPEATED_DATA ignoring data with redundant timestamp for frame sliding_map (parent world) at time 153.509000 according to authority /scan_planner_node
         at line 277 in /tmp/binarydeb/ros-noetic-tf2-0.7.10/src/buffer_core.cpp
Warning: TF_REPEATED_DATA ignoring data with redundant timestamp for frame sliding_map (parent world) at time 153.702000 according to authority /scan_planner_node
         at line 277 in /tmp/binarydeb/ros-noetic-tf2-0.7.10/src/buffer_core.cpp
[FSM]: state: INIT
wait for goal.
Warning: TF_REPEATED_DATA ignoring data with redundant timestamp for frame sliding_map (parent world) at time 154.309000 according to authority /scan_planner_node
         at line 277 in /tmp/binarydeb/ros-noetic-tf2-0.7.10/src/buffer_core.cpp
Warning: TF_REPEATED_DATA ignoring data with redundant timestamp for frame sliding_map (parent world) at time 154.901000 according to authority /scan_planner_node
         at line 277 in /tmp/binarydeb/ros-noetic-tf2-0.7.10/src/buffer_core.cpp
[FSM]: state: INIT
wait for goal.
Warning: TF_REPEATED_DATA ignoring data with redundant timestamp for frame sliding_map (parent world) at time 156.001000 according to authority /scan_planner_node
         at line 277 in /tmp/binarydeb/ros-noetic-tf2-0.7.10/src/buffer_core.cpp
[FSM]: state: INIT
wait for goal.
Warning: TF_REPEATED_DATA ignoring data with redundant timestamp for frame sliding_map (parent world) at time 156.611000 according to authority /scan_planner_node
         at line 277 in /tmp/binarydeb/ros-noetic-tf2-0.7.10/src/buffer_core.cpp
Warning: TF_REPEATED_DATA ignoring data with redundant timestamp for frame sliding_map (parent world) at time 157.202000 according to authority /scan_planner_node
         at line 277 in /tmp/binarydeb/ros-noetic-tf2-0.7.10/src/buffer_core.cpp
[FSM]: state: INIT
wait for goal.
Warning: TF_REPEATED_DATA ignoring data with redundant timestamp for frame sliding_map (parent world) at time 157.797000 according to authority /scan_planner_node
         at line 277 in /tmp/binarydeb/ros-noetic-tf2-0.7.10/src/buffer_core.cpp
[FSM]: state: INIT
wait for goal.
Warning: TF_REPEATED_DATA ignoring data with redundant timestamp for frame sliding_map (parent world) at time 159.599000 according to authority /scan_planner_node
         at line 277 in /tmp/binarydeb/ros-noetic-tf2-0.7.10/src/buffer_core.cpp
[FSM]: state: INIT
wait for goal.
[FSM]: state: INIT
wait for goal.
Warning: TF_REPEATED_DATA ignoring data with redundant timestamp for frame sliding_map (parent world) at time 162.009000 according to authority /scan_planner_node
         at line 277 in /tmp/binarydeb/ros-noetic-tf2-0.7.10/src/buffer_core.cpp
[FSM]: state: INIT
wait for goal.
[FSM]: state: INIT
wait for goal.
[FSM]: state: INIT
wait for goal.
[FSM]: state: INIT
wait for goal.
[FSM]: state: INIT
wait for goal.
00000]: RL policy input vx=0.409 vy=0.000 wz=-0.024 action_rms=0.280 ready=1 userCmd=0 kbd=0 raw=0.409,0.000,-0.024 grav=0.00,-0.02,-0.98
[INFO] [1788327723.674786330, 122.847000000]: RL policy input vx=1.703 vy=-0.054 wz=-0.035 action_rms=0.222 ready=1 userCmd=0 kbd=0 raw=1.703,-0.054,-0.035 grav=0.02,-0.00,-0.98
[INFO] [1788327727.462088058, 124.858000000]: RL policy input vx=0.000 vy=0.000 wz=0.436 action_rms=0.212 ready=1 userCmd=0 kbd=0 raw=0.000,0.000,0.436 grav=0.02,-0.02,-0.98
[INFO] [1788327730.835586264, 126.861000000]: RL policy input vx=0.000 vy=0.000 wz=2.005 action_rms=0.188 ready=1 userCmd=0 kbd=0 raw=0.000,0.000,2.005 grav=0.02,0.02,-0.98
[INFO] [1788327734.031353755, 128.871000000]: RL policy input vx=0.073 vy=-0.289 wz=-1.150 action_rms=0.149 ready=1 userCmd=0 kbd=0 raw=0.073,-0.289,-1.150 grav=0.01,0.01,-0.98
[INFO] [1788327737.399878098, 130.873000000]: RL policy input vx=0.471 vy=-0.102 wz=-0.235 action_rms=0.306 ready=1 userCmd=0 kbd=0 raw=0.471,-0.102,-0.235 grav=0.03,-0.04,-0.98
[INFO] [1788327740.954313754, 132.879000000]: RL policy input vx=0.000 vy=0.000 wz=-2.550 action_rms=0.118 ready=1 userCmd=0 kbd=0 raw=0.000,0.000,-2.550 grav=0.00,0.02,-0.98
[INFO] [1788327744.194950785, 134.899000000]: RL policy input vx=1.917 vy=-0.102 wz=-0.058 action_rms=0.363 ready=1 userCmd=0 kbd=0 raw=1.917,-0.102,-0.058 grav=-0.06,-0.09,-0.97
[INFO] [1788327747.362659636, 136.912000000]: RL policy input vx=0.000 vy=0.000 wz=-0.424 action_rms=0.144 ready=1 userCmd=0 kbd=0 raw=0.000,0.000,-0.424 grav=0.02,-0.02,-0.98
[INFO] [1788327750.545365984, 138.924000000]: RL policy input vx=0.446 vy=0.000 wz=-0.149 action_rms=0.199 ready=1 userCmd=0 kbd=0 raw=0.446,0.000,-0.149 grav=-0.02,0.02,-0.98
[INFO] [1788327753.778796406, 140.929000000]: RL policy input vx=0.449 vy=0.000 wz=-0.065 action_rms=0.191 ready=1 userCmd=0 kbd=0 raw=0.449,0.000,-0.065 grav=0.01,-0.02,-0.98
[INFO] [1788327757.007380509, 142.929000000]: RL policy input vx=1.084 vy=0.093 wz=0.093 action_rms=0.192 ready=1 userCmd=0 kbd=0 raw=1.084,0.093,0.093 grav=-0.02,-0.02,-0.98
[INFO] [1788327760.167658003, 144.938000000]: RL policy input vx=0.450 vy=0.000 wz=0.012 action_rms=0.298 ready=1 userCmd=0 kbd=0 raw=0.450,0.000,0.012 grav=0.00,-0.02,-0.98
[INFO] [1788327763.376451321, 146.945000000]: RL policy input vx=0.450 vy=0.000 wz=-0.018 action_rms=0.200 ready=1 userCmd=0 kbd=0 raw=0.450,0.000,-0.018 grav=0.01,-0.02,-0.98
[INFO] [1788327766.589428783, 148.963000000]: RL policy input vx=2.142 vy=0.106 wz=0.054 action_rms=0.335 ready=1 userCmd=0 kbd=0 raw=2.142,0.106,0.054 grav=-0.01,0.03,-0.98
[INFO] [1788327769.762516680, 150.981000000]: RL policy input vx=0.513 vy=0.039 wz=0.083 action_rms=0.152 ready=1 userCmd=0 kbd=0 raw=0.513,0.039,0.083 grav=0.04,-0.03,-0.98
[INFO] [1788327773.012281367, 152.985000000]: RL policy input vx=0.000 vy=0.000 wz=-2.550 action_rms=0.309 ready=1 userCmd=0 kbd=0 raw=0.000,0.000,-2.550 grav=0.01,0.00,-0.98
[INFO] [1788327776.405867122, 154.998000000]: RL policy input vx=0.000 vy=0.000 wz=1.150 action_rms=0.263 ready=1 userCmd=0 kbd=0 raw=0.000,0.000,1.150 grav=0.01,-0.00,-0.98
[INFO] [1788327780.250584617, 157.006000000]: RL policy input vx=0.935 vy=0.237 wz=0.273 action_rms=0.163 ready=1 userCmd=0 kbd=0 raw=0.935,0.237,0.273 grav=0.02,0.04,-0.98
[INFO] [1788327783.931865327, 159.019000000]: RL policy input vx=0.000 vy=0.000 wz=2.550 action_rms=0.450 ready=1 userCmd=0 kbd=0 raw=0.000,0.000,2.550 grav=-0.00,-0.01,-0.98
[INFO] [1788327787.623613473, 161.021000000]: RL policy input vx=1.218 vy=0.750 wz=0.602 action_rms=0.277 ready=1 userCmd=0 kbd=0 raw=1.218,0.750,0.602 grav=-0.02,0.04,-0.98
[INFO] [1788327791.166779443, 163.026000000]: RL policy input vx=0.297 vy=0.043 wz=0.159 action_rms=0.149 ready=1 userCmd=0 kbd=0 raw=0.297,0.043,0.159 grav=0.03,-0.00,-0.98
[INFO] [1788327795.099327348, 165.040000000]: RL policy input vx=0.450 vy=0.000 wz=0.047 action_rms=0.202 ready=1 userCmd=0 kbd=0 raw=0.450,0.000,0.047 grav=0.00,-0.01,-0.98
[INFO] [1788327798.754189595, 167.057000000]: RL policy input vx=0.431 vy=0.000 wz=-0.020 action_rms=0.1[FSM]: state: INIT
wait for goal.
[FSM]: state: INIT
wait for goal.
[FSM]: state: INIT
wait for goal.
[FSM]: state: INIT
wait for goal.
[FSM]: state: INIT
wait for goal.
[FSM]: state: INIT
wait for goal.
[FSM]: state: INIT
wait for goal.
[FSM]: state: INIT
wait for goal.
[FSM]: state: INIT
wait for goal.
[FSM]: state: INIT
wait for goal.
[FSM]: state: INIT
wait for goal.
[FSM]: state: INIT
wait for goal.
[FSM]: state: INIT
wait for goal.
[FSM]: state: INIT
wait for goal.
[FSM]: state: INIT
wait for goal.
[FSM]: state: INIT
wait for goal.
[FSM]: state: INIT
wait for goal.
[FSM]: state: INIT
wait for goal.
[FSM]: state: INIT
wait for goal.
[FSM]: state: INIT
wait for goal.
[FSM]: state: INIT
wait for goal.
[FSM]: state: INIT
wait for goal.
[FSM]: state: INIT
wait for goal.
[FSM]: state: INIT
wait for goal.
64 ready=1 userCmd=0 kbd=0 raw=0.431,0.000,-0.020 grav=0.01,-0.02,-0.98
[INFO] [1788327802.082373514, 169.067000000]: RL policy input vx=0.779 vy=0.750 wz=0.843 action_rms=0.364 ready=1 userCmd=0 kbd=0 raw=0.779,0.750,0.843 grav=-0.02,-0.01,-0.98
[INFO] [1788327805.545747044, 171.087000000]: RL policy input vx=2.247 vy=0.117 wz=0.057 action_rms=0.405 ready=1 userCmd=0 kbd=0 raw=2.247,0.117,0.057 grav=-0.05,-0.05,-0.98
[INFO] [1788327808.993023384, 173.090000000]: RL policy input vx=2.250 vy=-0.044 wz=-0.021 action_rms=0.291 ready=1 userCmd=0 kbd=0 raw=2.250,-0.044,-0.021 grav=0.02,-0.02,-0.98
[INFO] [1788327812.641377121, 175.092000000]: RL policy input vx=2.248 vy=-0.083 wz=-0.041 action_rms=0.484 ready=1 userCmd=0 kbd=0 raw=2.248,-0.083,-0.041 grav=0.03,0.03,-0.98
[INFO] [1788327816.138053887, 177.105000000]: RL policy input vx=2.247 vy=0.114 wz=0.056 action_rms=0.311 ready=1 userCmd=0 kbd=0 raw=2.247,0.114,0.056 grav=-0.02,-0.02,-0.98
[INFO] [1788327819.774839962, 179.123000000]: RL policy input vx=2.226 vy=0.330 wz=0.162 action_rms=0.288 ready=1 userCmd=0 kbd=0 raw=2.226,0.330,0.162 grav=0.02,-0.03,-0.98
[INFO] [1788327823.070076341, 181.142000000]: RL policy input vx=0.534 vy=0.048 wz=0.099 action_rms=0.140 ready=1 userCmd=0 kbd=0 raw=0.534,0.048,0.099 grav=0.03,-0.01,-0.98
[INFO] [1788327826.148983514, 183.157000000]: RL policy input vx=2.219 vy=-0.372 wz=-0.183 action_rms=0.358 ready=1 userCmd=0 kbd=0 raw=2.219,-0.372,-0.183 grav=0.01,0.03,-0.98
[INFO] [1788327829.393592456, 185.161000000]: RL policy input vx=1.729 vy=0.128 wz=0.081 action_rms=0.289 ready=1 userCmd=0 kbd=0 raw=1.729,0.128,0.081 grav=0.04,-0.05,-0.98
[INFO] [1788327832.611327307, 187.165000000]: RL policy input vx=1.148 vy=-0.750 wz=-0.636 action_rms=0.213 ready=1 userCmd=0 kbd=0 raw=1.148,-0.750,-0.636 grav=-0.01,-0.07,-0.98
[INFO] [1788327835.972738016, 189.165000000]: RL policy input vx=0.297 vy=-0.045 wz=-0.164 action_rms=0.235 ready=1 userCmd=0 kbd=0 raw=0.297,-0.045,-0.164 grav=0.01,-0.01,-0.98
[INFO] [1788327839.370663986, 191.184000000]: RL policy input vx=0.000 vy=0.000 wz=-0.361 action_rms=0.147 ready=1 userCmd=0 kbd=0 raw=0.000,0.000,-0.361 grav=0.01,0.01,-0.98
Switched from RL to fixed stand
infer_thread退出!
[WARN] [1788327843.289650329, 193.311000000]: Using one-shot captured-pose FixedStand profile: ramp 0.50 s, settle 0.00 s, ready after 0.50 s + 0.50 s stable, minimum gain 0.75
[INFO] Using /stand_target_joints param stance.
[FSM]: state: INIT
wait for goal.
Switched from fixed stand to RL
[INFO] Entered RL /cmd_vel mode.
[WARN] [1788327844.760504598, 194.092000000]: Using one-shot stair RL takeover profile: blend 0.50 s, zero hold 0.15 s
cuda::is_available():1
RL inference device: cuda (requested=hybrid, policy=stair)
[INFO] RL policy activated from preload cache at FixedStand entry boundary: /root/autodl-tmp/code/restore/0803b/0902overall/runtime_assets/SimEnv/src/unitree_guide/logs/policy_act_inference_stair.pt
[FSM]: state: INIT
wait for goal.
[FSM]: state: INIT
wait for goal.
[FSM]: state: INIT
wait for goal.
[FSM]: state: INIT
wait for goal.
[FSM]: state: INIT
wait for goal.
[FSM]: state: INIT
wait for goal.
[FSM]: state: INIT
wait for goal.
Warning: TF_REPEATED_DATA ignoring data with redundant timestamp for frame sliding_map (parent world) at time 202.304000 according to authority /scan_planner_node
         at line 277 in /tmp/binarydeb/ros-noetic-tf2-0.7.10/src/buffer_core.cpp
[FSM]: state: INIT
wait for goal.
[FSM]: state: INIT
wait for goal.
[FSM]: state: INIT
wait for goal.
Warning: TF_REPEATED_DATA ignoring data with redundant timestamp for frame sliding_map (parent world) at time 205.501000 according to authority /scan_planner_node
         at line 277 in /tmp/binarydeb/ros-noetic-tf2-0.7.10/src/buffer_core.cpp
[FSM]: state: INIT
wait for goal.
[FSM]: state: INIT
wait for goal.
[FSM]: state: INIT
wait for goal.
[FSM]: state: INIT
wait for goal.
[FSM]: state: INIT
wait for goal.
[FSM]: state: INIT
wait for goal.
[FSM]: state: INIT
wait for goal.
[FSM]: state: INIT
wait for goal.
Warning: TF_REPEATED_DATA ignoring data with redundant timestamp for frame sliding_map (parent world) at time 214.011000 according to authority /scan_planner_node
         at line 277 in /tmp/binarydeb/ros-noetic-tf2-0.7.10/src/buffer_core.cpp
[FSM]: state: INIT
wait for goal.
[FSM]: state: INIT
wait for goal.
Warning: TF_REPEATED_DATA ignoring data with redundant timestamp for frame sliding_map (parent world) at time 216.403000 according to authority /scan_planner_node
         at line 277 in /tmp/binarydeb/ros-noetic-tf2-0.7.10/src/buffer_core.cpp
[FSM]: state: INIT
wait for goal.
[WARN] [1788327884.371130321, 218.080000000]: Using one-shot plane RL takeover profile: blend 0.50 s, zero hold 0.15 s
[INFO] [1788327844.787570750, 194.109000000]: RL policy input vx=0.000 vy=0.000 wz=0.000 action_rms=0.199 ready=0 userCmd=8 kbd=0 raw=0.000,0.000,0.000 grav=-0.01,0.01,-0.98
[INFO] [1788327845.944445900, 194.749000000]: RL locomotion_ready latched after 0.66 s takeover and 0.64 s stable hold
[INFO] [1788327848.387333302, 196.111000000]: RL policy input vx=0.798 vy=-0.071 wz=-0.015 action_rms=0.316 ready=1 userCmd=0 kbd=0 raw=0.798,-0.071,-0.015 grav=-0.21,-0.11,-0.95
[INFO] [1788327851.907786089, 198.120000000]: RL policy input vx=0.583 vy=0.262 wz=0.025 action_rms=0.367 ready=1 userCmd=0 kbd=0 raw=0.583,0.262,0.025 grav=-0.44,-0.06,-0.87
[INFO] [1788327855.390603985, 200.126000000]: RL policy input vx=0.598 vy=0.045 wz=0.026 action_rms=0.310 ready=1 userCmd=8 kbd=0 raw=0.598,0.045,0.026 grav=-0.41,-0.01,-0.89
[INFO] [1788327858.767162666, 202.143000000]: RL policy input vx=0.414 vy=-0.281 wz=0.017 action_rms=0.531 ready=1 userCmd=0 kbd=0 raw=0.414,-0.281,0.017 grav=-0.43,0.08,-0.88
[INFO] [1788327862.232259468, 204.163000000]: RL policy input vx=0.521 vy=-0.539 wz=-0.883 action_rms=0.169 ready=1 userCmd=0 kbd=0 raw=0.521,-0.539,-0.883 grav=-0.02,-0.02,-0.98
[INFO] [1788327865.401610783, 206.184000000]: RL policy input vx=0.298 vy=-0.032 wz=-0.116 action_rms=0.177 ready=1 userCmd=8 kbd=0 raw=0.298,-0.032,-0.116 grav=0.01,0.01,-0.98
[INFO] [1788327868.738998663, 208.187000000]: RL policy input vx=0.000 vy=0.000 wz=-0.533 action_rms=0.155 ready=1 userCmd=8 kbd=0 raw=0.000,0.000,-0.533 grav=-0.03,0.03,-0.98
[INFO] [1788327872.068656132, 210.199000000]: RL policy input vx=0.000 vy=0.000 wz=-0.240 action_rms=0.167 ready=1 userCmd=0 kbd=0 raw=0.000,0.000,-0.240 grav=-0.05,0.02,-0.98
[INFO] [1788327875.238676807, 212.201000000]: RL policy input vx=0.419 vy=0.273 wz=-0.023 action_rms=0.371 ready=1 userCmd=0 kbd=0 raw=0.419,0.273,-0.023 grav=-0.42,0.03,-0.88
[INFO] [1788327878.430748370, 214.201000000]: RL policy input vx=0.386 vy=0.318 wz=0.016 action_rms=0.322 ready=1 userCmd=0 kbd=0 raw=0.386,0.318,0.016 grav=-0.37,0.01,-0.91
[INFO] [1788327881.582858780, 216.217000000]: RL policy input vx=0.800 vy=0.018 wz=0.008 action_rms=0.375 ready=1 userCmd=0 kbd=0 raw=0.800,0.018,0.008 grav=-0.45,-0.13,-0.86
cuda::is_available():1
RL inference device: cpu (requested=hybrid, policy=plane)
[INFO] RL policy hot-switched from preload cache: /root/autodl-tmp/code/restore/0803b/0902overall/runtime_assets/SimEnv/src/unitree_guide/logs/policy_act_inference_plane.pt
[FSM]: state: INIT
wait for goal.
[FSM]: state: INIT
wait for goal.
[FSM]: state: INIT
wait for goal.
[FSM]: state: INIT
wait for goal.
[FSM]: state: INIT
wait for goal.
[INFO] [1788327841.667598, 192.460000]: Robot is already 0.03 m from the pre-riser pose; skipping the corridor/side legs.
[INFO] [1788327841.675668, 192.461000]: Pre-ascent residual heading error -0.107 rad (visual_depth=False, bearing=none).
[INFO] [1788327842.669338, 193.004000]: Flight-A body settled for 0.37 s; waiting for joint RMS capture window <= 0.180 (current=0.209).
[INFO] [1788327842.768564, 193.042000]: Pre-ascent stand target set from flight-A pre-reload capture entry sample
[INFO] [1788327842.837833, 193.069000]: Flight-A plane gait settled at joint RMS 0.122; holding FixedStand for at least 0.1 s at snapshot pose before queued stair-policy entry.
[INFO] [1788327844.442688, 193.929000]: Flight-A FixedStand readiness gate complete; queued the stair policy for State_RL entry and retaining stand ownership for 0.25 s.
[INFO] [1788327844.744902, 194.081000]: Flight-A policy request has been queued under FixedStand; requesting RL so State_RL loads it before inference starts.
[INFO] [1788327845.969773, 194.771000]: Fresh RL readiness confirmed after the flight-A FixedStand boundary; starting the climb ramp.
[INFO] [1788327845.980428, 194.782000]: Flight-A fresh RL readiness observed; ascent clocks reset and 1.2 s climb ramp started.
[INFO] [1788327845.985028, 194.786000]: STPUB phase=STAIR_ASCENT world=(0.000,0.003,-0.028) body=(0.003,-0.000,-0.028) truth_z=0.312 pose=0.3120573833447227
[INFO] [1788327847.865545, 195.801000]: STPUB phase=STAIR_ASCENT world=(0.033,0.800,-0.019) body=(0.797,-0.075,-0.019) truth_z=0.336 pose=0.3350332663363401
[INFO] [1788327849.596594, 196.820000]: STPUB phase=STAIR_ASCENT world=(0.300,0.400,-0.003) body=(0.397,-0.304,-0.003) truth_z=0.488 pose=0.4880900525085488
[INFO] [1788327851.326926, 197.840000]: STPUB phase=STAIR_ASCENT world=(-0.220,0.600,-0.006) body=(0.604,0.209,-0.006) truth_z=0.617 pose=0.6185324655910863
[INFO] [1788327853.147117, 198.860000]: STPUB phase=STAIR_ASCENT world=(0.045,0.800,0.022) body=(0.801,0.005,0.022) truth_z=0.818 pose=0.8167391559350121
[INFO] [1788327854.939722, 199.880000]: STPUB phase=STAIR_ASCENT world=(0.058,0.800,0.024) body=(0.802,-0.004,0.024) truth_z=1.022 pose=1.0216043957146204
[INFO] [1788327856.633292, 200.905000]: STPUB phase=STAIR_ASCENT world=(0.220,0.600,-0.028) body=(0.581,-0.267,-0.028) truth_z=1.221 pose=1.2209430940022543
[INFO] [1788327858.359161, 201.906000]: STPUB phase=STAIR_ASCENT world=(0.048,0.800,0.017) body=(0.801,-0.010,0.017) truth_z=1.372 pose=1.3655905772298518
[INFO] [1788327860.085259, 202.920000]: STPUB phase=STAIR_ASCENT world=(-0.220,0.600,0.021) body=(0.586,0.255,0.021) truth_z=1.553 pose=1.554196543285666
[INFO] [1788327860.804664, 203.362000]: Intermediate landing entered at y=4.75 m; starting moving turn.
[INFO] [1788327861.855473, 203.940000]: STPUB phase=STAIR_LANDING_TURN world=(0.750,0.000,-1.111) body=(0.399,-0.635,-1.111) truth_z=1.623 pose=1.6235841703150913
[INFO] [1788327863.558502, 204.960000]: STPUB phase=STAIR_LANDING_TURN world=(0.750,0.000,-0.360) body=(0.710,-0.241,-0.360) truth_z=1.614 pose=1.6135859587590886
[INFO] [1788327865.079364, 205.962000]: STPUB phase=STAIR_LANDING_TURN world=(0.331,0.000,-0.131) body=(0.328,-0.039,-0.131) truth_z=1.614 pose=1.6135945556360756
[INFO] [1788327866.629392, 206.964000]: STPUB phase=STAIR_LANDING_TURN world=(0.000,0.000,-1.200) body=(0.000,0.000,-1.200) truth_z=1.617 pose=1.6165793930456216
[INFO] [1788327868.414810, 207.980000]: STPUB phase=STAIR_LANDING_TURN world=(0.000,0.000,-0.638) body=(0.000,0.000,-0.638) truth_z=1.617 pose=1.6163552826293899
[INFO] [1788327870.080304, 209.000000]: STPUB phase=STAIR_LANDING_TURN world=(0.000,0.000,-0.281) body=(0.000,0.000,-0.281) truth_z=1.621 pose=1.6210330857248656
[INFO] [1788327871.759359, 210.005000]: STPUB phase=STAIR_LANDING_TURN world=(0.000,0.000,-0.240) body=(0.000,0.000,-0.240) truth_z=1.630 pose=1.6300718992897516
[INFO] [1788327872.126746, 210.220000]: Flight-B entry aligned: x error=-0.045 m, heading error=-0.149 rad.
[INFO] [1788327872.132121, 210.225000]: Flight-B entry joints saved (12 dofs) -> /root/autodl-tmp/code/restore/0803b/0902overall/results/portable_accept_seed32/flight_b_entry_joints_0.json
[INFO] [1788327872.149910, 210.240000]: ASCENT_B gate: entry_guide=True truth_pose=True start_z=0.312 profile=True heading=-1.571 pose_z=1.6319060300499424 truth_z=1.6318544184267998
[INFO] [1788327872.153069, 210.242000]: Pre-ascent RL settle: holding zero command until motion is stable for 0.6 s before FixedStand.
[INFO] [1788327872.156224, 210.246000]: Pre-ascent RL settle active: stable 0.00/0.60 s.
[INFO] [1788327872.766195, 210.641000]: Pre-ascent RL motion settled for 0.61 s; settle-only gate complete (FixedStand disabled).
[INFO] [1788327873.357696, 211.008000]: STPUB phase=STAIR_ASCENT_B world=(-0.028,-0.800,-0.063) body=(0.782,-0.171,-0.063) truth_z=1.661 pose=1.6614163119490724
[INFO] [1788327873.769468, 211.264000]: ASCENT_B gate: entry_guide=True truth_pose=True start_z=0.312 profile=True heading=-1.571 pose_z=1.6764367957781805 truth_z=1.6758650233484114
[INFO] [1788327874.997034, 212.020000]: STPUB phase=STAIR_ASCENT_B world=(-0.200,-0.600,-0.036) body=(0.576,-0.261,-0.036) truth_z=1.788 pose=1.7873533295359423
[INFO] [1788327875.379252, 212.280000]: ASCENT_B gate: entry_guide=True truth_pose=True start_z=0.312 profile=True heading=-1.571 pose_z=1.8397384378725266 truth_z=1.8394752233895237
[INFO] [1788327876.543186, 213.041000]: STPUB phase=STAIR_ASCENT_B world=(0.000,-0.600,0.016) body=(0.599,0.028,0.016) truth_z=1.995 pose=2.00024323460244
[INFO] [1788327876.937493, 213.301000]: ASCENT_B gate: entry_guide=True truth_pose=True start_z=0.312 profile=True heading=-1.571 pose_z=2.0487061453670132 truth_z=2.0493194817823865
[INFO] [1788327878.235584, 214.050000]: STPUB phase=STAIR_ASCENT_B world=(-0.045,-0.800,0.012) body=(0.801,-0.018,0.012) truth_z=2.174 pose=2.1744009912802653
[INFO] [1788327878.651720, 214.322000]: ASCENT_B gate: entry_guide=True truth_pose=True start_z=0.312 profile=True heading=-1.571 pose_z=2.238581393792605 truth_z=2.2384134375910945
[INFO] [1788327879.769853, 215.061000]: STPUB phase=STAIR_ASCENT_B world=(0.000,-0.800,0.029) body=(0.797,0.067,0.029) truth_z=2.420 pose=2.41939071217458
[INFO] [1788327880.216880, 215.341000]: ASCENT_B gate: entry_guide=True truth_pose=True start_z=0.312 profile=True heading=-1.571 pose_z=2.4812359363107848 truth_z=2.480387132477075
[INFO] [1788327881.325317, 216.081000]: STPUB phase=STAIR_ASCENT_B world=(0.200,-0.600,0.022) body=(0.586,0.237,0.022) truth_z=2.678 pose=2.675096222990009
[INFO] [1788327881.809950, 216.360000]: ASCENT_B gate: entry_guide=True truth_pose=True start_z=0.312 profile=True heading=-1.571 pose_z=2.764579482538861 truth_z=2.7632025457780234
[INFO] [1788327882.921900, 217.085000]: STPUB phase=STAIR_ASCENT_B world=(0.000,-0.800,-0.001) body=(0.800,-0.002,-0.001) truth_z=2.881 pose=2.880570604449012
[INFO] [1788327883.339312, 217.365000]: ASCENT_B gate: entry_guide=True truth_pose=True start_z=0.312 profile=True heading=-1.571 pose_z=2.8964233476369494 truth_z=2.8958069926635046
[INFO] [1788327883.770477, 217.640000]: Upper landing entered: gain=2.59 m, clearance=0.01 m; stabilizing for 0.5 s.
[INFO] [1788327884.308438, 218.020000]: Floor-2 landing confirmed after two flights: gain=2.60 m clearance=0.13 m.
[INFO] [1788327885.370738, 218.749000]: Plane policy acknowledged on the upper landing; releasing stair controller ownership.
Warning: TF_REPEATED_DATA ignoring data with redundant timestamp for frame sliding_map (parent world) at time 223.501000 according to authority /scan_planner_node
         at line 277 in /tmp/binarydeb/ros-noetic-tf2-0.7.10/src/buffer_core.cpp
Warning: TF_REPEATED_DATA ignoring data with redundant timestamp for frame sliding_map (parent world) at time 223.697000 according to authority /scan_planner_node
         at line 277 in /tmp/binarydeb/ros-noetic-tf2-0.7.10/src/buffer_core.cpp
[FSM]: state: INIT
wait for goal.
[FSM]: state: INIT
wait for goal.
Warning: TF_REPEATED_DATA ignoring data with redundant timestamp for frame sliding_map (parent world) at time 225.699000 according to authority /scan_planner_node
         at line 277 in /tmp/binarydeb/ros-noetic-tf2-0.7.10/src/buffer_core.cpp
Warning: TF_REPEATED_DATA ignoring data with redundant timestamp for frame sliding_map (parent world) at time 226.108000 according to authority /scan_planner_node
         at line 277 in /tmp/binarydeb/ros-noetic-tf2-0.7.10/src/buffer_core.cpp
Warning: TF_REPEATED_DATA ignoring data with redundant timestamp for frame sliding_map (parent world) at time 226.309000 according to authority /scan_planner_node
         at line 277 in /tmp/binarydeb/ros-noetic-tf2-0.7.10/src/buffer_core.cpp
[FSM]: state: INIT
wait for goal.
[FSM]: state: INIT
wait for goal.
[FSM]: state: INIT
wait for goal.
[FSM]: state: INIT
wait for goal.
[FSM]: state: INIT
wait for goal.
[FSM]: state: INIT
wait for goal.
[FSM]: state: INIT
wait for goal.
Warning: TF_REPEATED_DATA ignoring data with redundant timestamp for frame sliding_map (parent world) at time 233.600000 according to authority /scan_planner_node
         at line 277 in /tmp/binarydeb/ros-noetic-tf2-0.7.10/src/buffer_core.cpp
Warning: TF_REPEATED_DATA ignoring data with redundant timestamp for frame sliding_map (parent world) at time 234.197000 according to authority /scan_planner_node
         at line 277 in /tmp/binarydeb/ros-noetic-tf2-0.7.10/src/buffer_core.cpp
[FSM]: state: INIT
wait for goal.
[FSM]: state: INIT
wait for goal.
Warning: TF_REPEATED_DATA ignoring data with redundant timestamp for frame sliding_map (parent world) at time 236.810000 according to authority /scan_planner_node
         at line 277 in /tmp/binarydeb/ros-noetic-tf2-0.7.10/src/buffer_core.cpp
[FSM]: state: INIT
wait for goal.
[FSM]: state: INIT
wait for goal.
[FSM]: state: INIT
wait for goal.
Warning: TF_REPEATED_DATA ignoring data with redundant timestamp for frame sliding_map (parent world) at time 239.412000 according to authority /scan_planner_node
         at line 277 in /tmp/binarydeb/ros-noetic-tf2-0.7.10/src/buffer_core.cpp
[FSM]: state: INIT
wait for goal.
[FSM]: state: INIT
wait for goal.
Warning: TF_REPEATED_DATA ignoring data with redundant timestamp for frame sliding_map (parent world) at time 241.797000 according to authority /scan_planner_node
         at line 277 in /tmp/binarydeb/ros-noetic-tf2-0.7.10/src/buffer_core.cpp
[FSM]: state: INIT
wait for goal.
Warning: TF_REPEATED_DATA ignoring data with redundant timestamp for frame sliding_map (parent world) at time 243.600000 according to authority /scan_planner_node
         at line 277 in /tmp/binarydeb/ros-noetic-tf2-0.7.10/src/buffer_core.cpp
[FSM]: state: INIT
wait for goal.
Warning: TF_REPEATED_DATA ignoring data with redundant timestamp for frame sliding_map (parent world) at time 244.399000 according to authority /scan_planner_node
         at line 277 in /tmp/binarydeb/ros-noetic-tf2-0.7.10/src/buffer_core.cpp
[FSM]: state: INIT
wait for goal.
Warning: TF_REPEATED_DATA ignoring data with redundant timestamp for frame sliding_map (parent world) at time 245.201000 according to authority /scan_planner_node
         at line 277 in /tmp/binarydeb/ros-noetic-tf2-0.7.10/src/buffer_core.cpp
Warning: TF_REPEATED_DATA ignoring data with redundant timestamp for frame sliding_map (parent world) at time 245.404000 according to authority /scan_planner_node
         at line 277 in /tmp/binarydeb/ros-noetic-tf2-0.7.10/src/buffer_core.cpp
Warning: TF_REPEATED_DATA ignoring data with redundant timestamp for frame sliding_map (parent world) at time 245.603000 according to authority /scan_planner_node
         at line 277 in /tmp/binarydeb/ros-noetic-tf2-0.7.10/src/buffer_core.cpp
Warning: TF_REPEATED_DATA ignoring data with redundant timestamp for frame sliding_map (parent world) at time 245.801000 according to authority /scan_planner_node
         at line 277 in /tmp/binarydeb/ros-noetic-tf2-0.7.10/src/buffer_core.cpp
Warning: TF_REPEATED_DATA ignoring data with redundant timestamp for frame sliding_map (parent world) at time 246.204000 according to authority /scan_planner_node
         at line 277 in /tmp/binarydeb/ros-noetic-tf2-0.7.10/src/buffer_core.cpp
[FSM]: state: INIT
wait for goal.
[FSM]: state: INIT
wait for goal.
Warning: TF_REPEATED_DATA ignoring data with redundant timestamp for frame sliding_map (parent world) at time 247.398000 according to authority /scan_planner_node
         at line 277 in /tmp/binarydeb/ros-noetic-tf2-0.7.10/src/buffer_core.cpp
Warning: TF_REPEATED_DATA ignoring data with redundant timestamp for frame sliding_map (parent world) at time 247.600000 according to authority /scan_planner_node
         at line 277 in /tmp/binarydeb/ros-noetic-tf2-0.7.10/src/buffer_core.cpp
Warning: TF_REPEATED_DATA ignoring data with redundant timestamp for frame sliding_map (parent world) at time 247.809000 according to authority /scan_planner_node
         at line 277 in /tmp/binarydeb/ros-noetic-tf2-0.7.10/src/buffer_core.cpp
[FSM]: state: INIT
wait for goal.
Warning: TF_REPEATED_DATA ignoring data with redundant timestamp for frame sliding_map (parent world) at time 248.804000 according to authority /scan_planner_node
         at line 277 in /tmp/binarydeb/ros-noetic-tf2-0.7.10/src/buffer_core.cpp
Warning: TF_REPEATED_DATA ignoring data with redundant timestamp for frame sliding_map (parent world) at time 249.204000 according to authority /scan_planner_node
         at line 277 in /tmp/binarydeb/ros-noetic-tf2-0.7.10/src/buffer_core.cpp
Warning: TF_REPEATED_DATA ignoring data with redundant timestamp for frame sliding_map (parent world) at time 249.400000 according to authority /scan_planner_node
         at line 277 in /tmp/binarydeb/ros-noetic-tf2-0.7.10/src/buffer_core.cpp
[FSM]: state: INIT
wait for goal.
Warning: TF_REPEATED_DATA ignoring data with redundant timestamp for frame sliding_map (parent world) at time 249.804000 according to authority /scan_planner_node
         at line 277 in /tmp/binarydeb/ros-noetic-tf2-0.7.10/src/buffer_core.cpp
Warning: TF_REPEATED_DATA ignoring data with redundant timestamp for frame sliding_map (parent world) at time 250.404000 according to authority /scan_planner_node
         at line 277 in /tmp/binarydeb/ros-noetic-tf2-0.7.10/src/buffer_core.cpp
Warning: TF_REPEATED_DATA ignoring data with redundant timestamp for frame sliding_map (parent world) at time 250.811000 according to authority /scan_planner_node
         at line 277 in /tmp/binarydeb/ros-noetic-tf2-0.7.10/src/buffer_core.cpp
[FSM]: state: INIT
wait for goal.
Warning: TF_REPEATED_DATA ignoring data with redundant timestamp for frame sliding_map (parent world) at time 251.005000 according to authority /scan_planner_node
         at line 277 in /tmp/binarydeb/ros-noetic-tf2-0.7.10/src/buffer_core.cpp
Warning: TF_REPEATED_DATA ignoring data with redundant timestamp for frame sliding_map (parent world) at time 251.601000 according to authority /scan_planner_node
         at line 277 in /tmp/binarydeb/ros-noetic-tf2-0.7.10/src/buffer_core.cpp
Warning: TF_REPEATED_DATA ignoring data with redundant timestamp for frame sliding_map (parent world) at time 251.802000 according to authority /scan_planner_node
         at line 277 in /tmp/binarydeb/ros-noetic-tf2-0.7.10/src/buffer_core.cpp
[FSM]: state: INIT
wait for goal.
[FSM]: state: INIT
wait for goal.
Warning: TF_REPEATED_DATA ignoring data with redundant timestamp for frame sliding_map (parent world) at time 253.805000 according to authority /scan_planner_node
         at line 277 in /tmp/binarydeb/ros-noetic-tf2-0.7.10/src/buffer_core.cpp
Warning: TF_REPEATED_DATA ignoring data with redundant timestamp for frame sliding_map (parent world) at time 254.000000 according to authority /scan_planner_node
         at line 277 in /tmp/binarydeb/ros-noetic-tf2-0.7.10/src/buffer_core.cpp
Warning: TF_REPEATED_DATA ignoring data with redundant timestamp for frame sliding_map (parent world) at time 254.206000 according to authority /scan_planner_node
         at line 277 in /tmp/binarydeb/ros-noetic-tf2-0.7.10/src/buffer_core.cpp
[FSM]: state: INIT
wait for goal.
Warning: TF_REPEATED_DATA ignoring data with redundant timestamp for frame sliding_map (parent world) at time 254.598000 according to authority /scan_planner_node
         at line 277 in /tmp/binarydeb/ros-noetic-tf2-0.7.10/src/buffer_core.cpp
[FSM]: state: INIT
wait for goal.
Warning: TF_REPEATED_DATA ignoring data with redundant timestamp for frame sliding_map (parent world) at time 255.799000 according to authority /scan_planner_node
         at line 277 in /tmp/binarydeb/ros-noetic-tf2-0.7.10/src/buffer_core.cpp
[FSM]: state: INIT
wait for goal.
Warning: TF_REPEATED_DATA ignoring data with redundant timestamp for frame sliding_map (parent world) at time 257.798000 according to authority /scan_planner_node
         at line 277 in /tmp/binarydeb/ros-noetic-tf2-0.7.10/src/buffer_core.cpp
[FSM]: state: INIT
wait for goal.
[FSM]: state: INIT
wait for goal.
Warning: TF_REPEATED_DATA ignoring data with redundant timestamp for frame sliding_map (parent world) at time 260.197000 according to authority /scan_planner_node
         at line 277 in /tmp/binarydeb/ros-noetic-tf2-0.7.10/src/buffer_core.cpp
[FSM]: state: INIT
wait for goal.
Warning: TF_REPEATED_DATA ignoring data with redundant timestamp for frame sliding_map (parent world) at time 260.597000 according to authority /scan_planner_node
         at line 277 in /tmp/binarydeb/ros-noetic-tf2-0.7.10/src/buffer_core.cpp
Warning: TF_REPEATED_DATA ignoring data with redundant timestamp for frame sliding_map (parent world) at time 260.797000 according to authority /scan_planner_node
         at line 277 in /tmp/binarydeb/ros-noetic-tf2-0.7.10/src/buffer_core.cpp
[FSM]: state: INIT
wait for goal.
[INFO] [1788327884.813174322, 218.373000000]: RL policy input vx=0.000 vy=0.000 wz=0.000 action_rms=0.172 ready=0 userCmd=8 kbd=0 raw=0.000,0.000,0.000 grav=0.01,0.01,-0.98
[INFO] [1788327885.357779576, 218.737000000]: RL locomotion_ready latched after 0.66 s takeover and 0.36 s stable hold
[INFO] [1788327888.036661572, 220.379000000]: RL policy input vx=0.000 vy=0.000 wz=0.566 action_rms=0.153 ready=1 userCmd=0 kbd=0 raw=0.000,0.000,0.566 grav=0.01,0.00,-0.98
[INFO] [1788327891.392177614, 222.381000000]: RL policy input vx=1.007 vy=0.000 wz=0.112 action_rms=0.169 ready=1 userCmd=0 kbd=0 raw=1.007,0.000,0.112 grav=-0.02,0.01,-0.98
[INFO] [1788327894.567064272, 224.387000000]: RL policy input vx=1.868 vy=0.750 wz=0.420 action_rms=0.282 ready=1 userCmd=0 kbd=0 raw=1.868,0.750,0.420 grav=-0.02,0.09,-0.98
[INFO] [1788327897.794613878, 226.391000000]: RL policy input vx=2.247 vy=0.107 wz=0.052 action_rms=0.360 ready=1 userCmd=0 kbd=0 raw=2.247,0.107,0.052 grav=0.06,0.08,-0.97
[INFO] [1788327901.258364406, 228.403000000]: RL policy input vx=2.250 vy=0.007 wz=0.003 action_rms=0.265 ready=1 userCmd=0 kbd=0 raw=2.250,0.007,0.003 grav=-0.01,0.02,-0.98
[INFO] [1788327904.958067276, 230.417000000]: RL policy input vx=2.228 vy=0.315 wz=0.154 action_rms=0.321 ready=1 userCmd=0 kbd=0 raw=2.228,0.315,0.154 grav=0.05,0.04,-0.98
[INFO] [1788327908.228852516, 232.421000000]: RL policy input vx=0.409 vy=0.253 wz=0.610 action_rms=0.328 ready=1 userCmd=0 kbd=0 raw=0.409,0.253,0.610 grav=0.00,0.02,-0.98
[INFO] [1788327911.267895258, 234.440000000]: RL policy input vx=0.000 vy=0.000 wz=0.177 action_rms=0.143 ready=1 userCmd=0 kbd=0 raw=0.000,0.000,0.177 grav=0.02,-0.03,-0.98
[INFO] [1788327914.399005510, 236.442000000]: RL policy input vx=0.450 vy=0.000 wz=0.027 action_rms=0.160 ready=1 userCmd=0 kbd=0 raw=0.450,0.000,0.027 grav=0.01,-0.02,-0.98
[INFO] [1788327917.554917411, 238.447000000]: RL policy input vx=0.924 vy=-0.605 wz=-0.352 action_rms=0.254 ready=1 userCmd=0 kbd=0 raw=0.924,-0.605,-0.352 grav=0.01,-0.00,-0.98
[INFO] [1788327920.911628976, 240.448000000]: RL policy input vx=1.206 vy=-0.005 wz=-0.004 action_rms=0.274 ready=1 userCmd=0 kbd=0 raw=1.206,-0.005,-0.004 grav=0.00,-0.09,-0.98
[INFO] [1788327924.241793822, 242.460000000]: RL policy input vx=0.000 vy=0.000 wz=1.525 action_rms=0.169 ready=1 userCmd=0 kbd=0 raw=0.000,0.000,1.525 grav=0.02,-0.02,-0.98
[INFO] [1788327927.505554325, 244.466000000]: RL policy input vx=0.000 vy=0.000 wz=0.884 action_rms=0.150 ready=1 userCmd=0 kbd=0 raw=0.000,0.000,0.884 grav=0.01,0.01,-0.98
[INFO] [1788327930.705873561, 246.483000000]: RL policy input vx=0.907 vy=-0.750 wz=-0.760 action_rms=0.405 ready=1 userCmd=0 kbd=0 raw=0.907,-0.750,-0.760 grav=-0.04,0.02,-0.98
[INFO] [1788327933.788492808, 248.504000000]: RL policy input vx=0.292 vy=-0.068 wz=-0.250 action_rms=0.155 ready=1 userCmd=0 kbd=0 raw=0.292,-0.068,-0.250 grav=0.02,-0.01,-0.98
[INFO] [1788327936.922905893, 250.521000000]: RL policy input vx=0.000 vy=0.000 wz=-2.550 action_rms=0.246 ready=1 userCmd=0 kbd=0 raw=0.000,0.000,-2.550 grav=0.00,0.01,-0.98
[INFO] [1788327939.966903354, 252.523000000]: RL policy input vx=0.900 vy=-0.202 wz=-0.251 action_rms=0.322 ready=1 userCmd=0 kbd=0 raw=0.900,-0.202,-0.251 grav=0.05,-0.06,-0.98
[INFO] [1788327942.987244078, 254.545000000]: RL policy input vx=0.450 vy=0.000 wz=0.043 action_rms=0.160 ready=1 userCmd=0 kbd=0 raw=0.450,0.000,0.043 grav=0.00,-0.02,-0.98
[INFO] [1788327946.051323489, 256.564000000]: RL policy input vx=0.450 vy=0.000 wz=-0.010 action_rms=0.258 ready=1 userCmd=0 kbd=0 raw=0.450,0.000,-0.010 grav=0.00,-0.02,-0.98
[INFO] [1788327949.072156534, 258.571000000]: RL policy input vx=0.617 vy=-0.007 wz=-0.012 action_rms=0.288 ready=1 userCmd=0 kbd=0 raw=0.617,-0.007,-0.012 grav=-0.00,-0.01,-0.98
[INFO] [1788327952.188918516, 260.589000000]: RL policy input vx=0.450 vy=0.000 wz=-0.003 action_rms=0.157 ready=1 userCmd=0 kbd=0 raw=0.450,0.000,-0.003 grav=0.01,-0.01,-0.98
[INFO] [1788327955.370223774, 262.600000000]: RL policy input vx=0.450 vy=0.000 wz=-0.036 action_rms=0.209 ready=1 userCmd=0 [FSM]: state: INIT
wait for goal.
[FSM]: state: INIT
wait for goal.
Warning: TF_REPEATED_DATA ignoring data with redundant timestamp for frame sliding_map (parent world) at time 264.812000 according to authority /scan_planner_node
         at line 277 in /tmp/binarydeb/ros-noetic-tf2-0.7.10/src/buffer_core.cpp
[FSM]: state: INIT
wait for goal.
[FSM]: state: INIT
wait for goal.
Warning: TF_REPEATED_DATA ignoring data with redundant timestamp for frame sliding_map (parent world) at time 266.798000 according to authority /scan_planner_node
         at line 277 in /tmp/binarydeb/ros-noetic-tf2-0.7.10/src/buffer_core.cpp
Warning: TF_REPEATED_DATA ignoring data with redundant timestamp for frame sliding_map (parent world) at time 267.197000 according to authority /scan_planner_node
         at line 277 in /tmp/binarydeb/ros-noetic-tf2-0.7.10/src/buffer_core.cpp
Warning: TF_REPEATED_DATA ignoring data with redundant timestamp for frame sliding_map (parent world) at time 267.408000 according to authority /scan_planner_node
         at line 277 in /tmp/binarydeb/ros-noetic-tf2-0.7.10/src/buffer_core.cpp
[FSM]: state: INIT
wait for goal.
Warning: TF_REPEATED_DATA ignoring data with redundant timestamp for frame sliding_map (parent world) at time 267.606000 according to authority /scan_planner_node
         at line 277 in /tmp/binarydeb/ros-noetic-tf2-0.7.10/src/buffer_core.cpp
Warning: TF_REPEATED_DATA ignoring data with redundant timestamp for frame sliding_map (parent world) at time 267.799000 according to authority /scan_planner_node
         at line 277 in /tmp/binarydeb/ros-noetic-tf2-0.7.10/src/buffer_core.cpp
Warning: TF_REPEATED_DATA ignoring data with redundant timestamp for frame sliding_map (parent world) at time 268.000000 according to authority /scan_planner_node
         at line 277 in /tmp/binarydeb/ros-noetic-tf2-0.7.10/src/buffer_core.cpp
Warning: TF_REPEATED_DATA ignoring data with redundant timestamp for frame sliding_map (parent world) at time 268.104000 according to authority /scan_planner_node
         at line 277 in /tmp/binarydeb/ros-noetic-tf2-0.7.10/src/buffer_core.cpp
Warning: TF_REPEATED_DATA ignoring data with redundant timestamp for frame sliding_map (parent world) at time 268.301000 according to authority /scan_planner_node
         at line 277 in /tmp/binarydeb/ros-noetic-tf2-0.7.10/src/buffer_core.cpp
Warning: TF_REPEATED_DATA ignoring data with redundant timestamp for frame sliding_map (parent world) at time 268.500000 according to authority /scan_planner_node
         at line 277 in /tmp/binarydeb/ros-noetic-tf2-0.7.10/src/buffer_core.cpp
[FSM]: state: INIT
wait for goal.
Warning: TF_REPEATED_DATA ignoring data with redundant timestamp for frame sliding_map (parent world) at time 268.909000 according to authority /scan_planner_node
         at line 277 in /tmp/binarydeb/ros-noetic-tf2-0.7.10/src/buffer_core.cpp
[FSM]: state: INIT
wait for goal.
Warning: TF_REPEATED_DATA ignoring data with redundant timestamp for frame sliding_map (parent world) at time 270.300000 according to authority /scan_planner_node
         at line 277 in /tmp/binarydeb/ros-noetic-tf2-0.7.10/src/buffer_core.cpp
Warning: TF_REPEATED_DATA ignoring data with redundant timestamp for frame sliding_map (parent world) at time 270.498000 according to authority /scan_planner_node
         at line 277 in /tmp/binarydeb/ros-noetic-tf2-0.7.10/src/buffer_core.cpp
Warning: TF_REPEATED_DATA ignoring data with redundant timestamp for frame sliding_map (parent world) at time 270.706000 according to authority /scan_planner_node
         at line 277 in /tmp/binarydeb/ros-noetic-tf2-0.7.10/src/buffer_core.cpp
[FSM]: state: INIT
wait for goal.
Warning: TF_REPEATED_DATA ignoring data with redundant timestamp for frame sliding_map (parent world) at time 271.698000 according to authority /scan_planner_node
         at line 277 in /tmp/binarydeb/ros-noetic-tf2-0.7.10/src/buffer_core.cpp
Warning: TF_REPEATED_DATA ignoring data with redundant timestamp for frame sliding_map (parent world) at time 271.897000 according to authority /scan_planner_node
         at line 277 in /tmp/binarydeb/ros-noetic-tf2-0.7.10/src/buffer_core.cpp
[FSM]: state: INIT
wait for goal.
Warning: TF_REPEATED_DATA ignoring data with redundant timestamp for frame sliding_map (parent world) at time 272.301000 according to authority /scan_planner_node
         at line 277 in /tmp/binarydeb/ros-noetic-tf2-0.7.10/src/buffer_core.cpp
Warning: TF_REPEATED_DATA ignoring data with redundant timestamp for frame sliding_map (parent world) at time 272.497000 according to authority /scan_planner_node
         at line 277 in /tmp/binarydeb/ros-noetic-tf2-0.7.10/src/buffer_core.cpp
Warning: TF_REPEATED_DATA ignoring data with redundant timestamp for frame sliding_map (parent world) at time 272.900000 according to authority /scan_planner_node
         at line 277 in /tmp/binarydeb/ros-noetic-tf2-0.7.10/src/buffer_core.cpp
[FSM]: state: INIT
wait for goal.
Warning: TF_REPEATED_DATA ignoring data with redundant timestamp for frame sliding_map (parent world) at time 273.513000 according to authority /scan_planner_node
         at line 277 in /tmp/binarydeb/ros-noetic-tf2-0.7.10/src/buffer_core.cpp
Warning: TF_REPEATED_DATA ignoring data with redundant timestamp for frame sliding_map (parent world) at time 273.900000 according to authority /scan_planner_node
         at line 277 in /tmp/binarydeb/ros-noetic-tf2-0.7.10/src/buffer_core.cpp
Warning: TF_REPEATED_DATA ignoring data with redundant timestamp for frame sliding_map (parent world) at time 274.099000 according to authority /scan_planner_node
         at line 277 in /tmp/binarydeb/ros-noetic-tf2-0.7.10/src/buffer_core.cpp
Warning: TF_REPEATED_DATA ignoring data with redundant timestamp for frame sliding_map (parent world) at time 274.598000 according to authority /scan_planner_node
         at line 277 in /tmp/binarydeb/ros-noetic-tf2-0.7.10/src/buffer_core.cpp
[FSM]: state: INIT
wait for goal.
[FSM]: state: INIT
wait for goal.
Warning: TF_REPEATED_DATA ignoring data with redundant timestamp for frame sliding_map (parent world) at time 276.002000 according to authority /scan_planner_node
         at line 277 in /tmp/binarydeb/ros-noetic-tf2-0.7.10/src/buffer_core.cpp
[FSM]: state: INIT
wait for goal.
Warning: TF_REPEATED_DATA ignoring data with redundant timestamp for frame sliding_map (parent world) at time 277.699000 according to authority /scan_planner_node
         at line 277 in /tmp/binarydeb/ros-noetic-tf2-0.7.10/src/buffer_core.cpp
Warning: TF_REPEATED_DATA ignoring data with redundant timestamp for frame sliding_map (parent world) at time 277.905000 according to authority /scan_planner_node
         at line 277 in /tmp/binarydeb/ros-noetic-tf2-0.7.10/src/buffer_core.cpp
[FSM]: state: INIT
wait for goal.
[FSM]: state: INIT
wait for goal.
Warning: TF_REPEATED_DATA ignoring data with redundant timestamp for frame sliding_map (parent world) at time 279.405000 according to authority /scan_planner_node
         at line 277 in /tmp/binarydeb/ros-noetic-tf2-0.7.10/src/buffer_core.cpp
[FSM]: state: INIT
wait for goal.
[FSM]: state: INIT
wait for goal.
[FSM]: state: INIT
wait for goal.
[FSM]: state: INIT
wait for goal.
[FSM]: state: INIT
wait for goal.
[FSM]: state: INIT
wait for goal.
[FSM]: state: INIT
wait for goal.
[FSM]: state: INIT
wait for goal.
[FSM]: state: INIT
wait for goal.
[FSM]: state: INIT
wait for goal.
[FSM]: state: INIT
wait for goal.
[FSM]: state: INIT
wait for goal.
[FSM]: state: INIT
wait for goal.
[FSM]: state: INIT
wait for goal.
[FSM]: state: INIT
wait for goal.
[FSM]: state: INIT
wait for goal.
[FSM]: state: INIT
wait for goal.
Warning: TF_REPEATED_DATA ignoring data with redundant timestamp for frame sliding_map (parent world) at time 299.116000 according to authority /scan_planner_node
         at line 277 in /tmp/binarydeb/ros-noetic-tf2-0.7.10/src/buffer_core.cpp
[FSM]: state: INIT
wait for goal.
Warning: TF_REPEATED_DATA ignoring data with redundant timestamp for frame sliding_map (parent world) at time 299.498000 according to authority /scan_planner_node
         at line 277 in /tmp/binarydeb/ros-noetic-tf2-0.7.10/src/buffer_core.cpp
[FSM]: state: INIT
wait for goal.
Warning: TF_REPEATED_DATA ignoring data with redundant timestamp for frame sliding_map (parent world) at time 301.101000 according to authority /scan_planner_node
         at line 277 in /tmp/binarydeb/ros-noetic-tf2-0.7.10/src/buffer_core.cpp
[FSM]: state: INIT
wait for goal.
Warning: TF_REPEATED_DATA ignoring data with redundant timestamp for frame sliding_map (parent world) at time 301.913000 according to authority /scan_planner_node
         at line 277 in /tmp/binarydeb/ros-noetic-tf2-0.7.10/src/buffer_core.cpp
[FSM]: state: INIT
wait for goal.
Warning: TF_REPEATED_DATA ignoring data with redundant timestamp for frame sliding_map (parent world) at time 302.899000 according to authority /scan_planner_node
         at line 277 in /tmp/binarydeb/ros-noetic-tf2-0.7.10/src/buffer_core.cpp
Warning: TF_REPEATED_DATA ignoring data with redundant timestamp for frame sliding_map (parent world) at time 303.701000 according to authority /scan_planner_node
         at line 277 in /tmp/binarydeb/ros-noetic-tf2-0.7.10/src/buffer_core.cpp
Warning: TF_REPEATED_DATA ignoring data with redundant timestamp for frame sliding_map (parent world) at time 303.900000 according to authority /scan_planner_node
         at line 277 in /tmp/binarydeb/ros-noetic-tf2-0.7.10/src/buffer_core.cpp
[FSM]: state: INIT
wait for goal.
Warning: TF_REPEATED_DATA ignoring data with redundant timestamp for frame sliding_map (parent world) at time 304.098000 according to authority /scan_planner_node
         at line 277 in /tmp/binarydeb/ros-noetic-tf2-0.7.10/src/buffer_core.cpp
Warning: TF_REPEATED_DATA ignoring data with redundant timestamp for frame sliding_map (parent world) at time 304.705000 according to authority /scan_planner_node
         at line 277 in /tmp/binarydeb/ros-noetic-tf2-0.7.10/src/buffer_core.cpp
Warning: TF_REPEATED_DATA ignoring data with redundant timestamp for frame sliding_map (parent world) at time 304.901000 according to authority /scan_planner_node
         at line 277 in /tmp/binarydeb/ros-noetic-tf2-0.7.10/src/buffer_core.cpp
[FSM]: state: INIT
wait for goal.
Warning: TF_REPEATED_DATA ignoring data with redundant timestamp for frame sliding_map (parent world) at time 305.301000 according to authority /scan_planner_node
         at line 277 in /tmp/binarydeb/ros-noetic-tf2-0.7.10/src/buffer_core.cpp
Warning: TF_REPEATED_DATA ignoring data with redundant timestamp for frame sliding_map (parent world) at time 305.901000 according to authority /scan_planner_node
         at line 277 in /tmp/binarydeb/ros-noetic-tf2-0.7.10/src/buffer_core.cpp
[FSM]: state: INIT
wait for goal.
Warning: TF_REPEATED_DATA ignoring data with redundant timestamp for frame sliding_map (parent world) at time 306.904000 according to authority /scan_planner_node
         at line 277 in /tmp/binarydeb/ros-noetic-tf2-0.7.10/src/buffer_core.cpp
Warning: TF_REPEATED_DATA ignoring data with redundant timestamp for frame sliding_map (parent world) at time 307.103000 according to authority /scan_planner_node
         at line 277 in /tmp/binarydeb/ros-noetic-tf2-0.7.10/src/buffer_core.cpp
Warning: TF_REPEATED_DATA ignoring data with redundant timestamp for frame sliding_map (parent world) at time 307.306000 according to authority /scan_planner_node
         at line 277 in /tmp/binarydeb/ros-noetic-tf2-0.7.10/src/buffer_core.cpp
[FSM]: state: INIT
wait for goal.
Warning: TF_REPEATED_DATA ignoring data with redundant timestamp for frame sliding_map (parent world) at time 307.708000 according to authority /scan_planner_node
         at line 277 in /tmp/binarydeb/ros-noetic-tf2-0.7.10/src/buffer_core.cpp
Warning: TF_REPEATED_DATA ignoring data with redundant timestamp for frame sliding_map (parent world) at time 307.901000 according to authority /scan_planner_node
         at line 277 in /tmp/binarydeb/ros-noetic-tf2-0.7.10/src/buffer_core.cpp
Warning: TF_REPEATED_DATA ignoring data with redundant timestamp for frame sliding_map (parent world) at time 308.112000 according to authority /scan_planner_node
         at line 277 in /tmp/binarydeb/ros-noetic-tf2-0.7.10/src/buffer_core.cpp
Warning: TF_REPEATED_DATA ignoring data with redundant timestamp for frame sliding_map (parent world) at time 308.502000 according to authority /scan_planner_node
         at line 277 in /tmp/binarydeb/ros-noetic-tf2-0.7.10/src/buffer_core.cpp
Warning: TF_REPEATED_DATA ignoring data with redundant timestamp for frame sliding_map (parent world) at time 308.901000 according to authority /scan_planner_node
         at line 277 in /tmp/binarydeb/ros-noetic-tf2-0.7.10/src/buffer_core.cpp
[FSM]: state: INIT
wait for goal.
Warning: TF_REPEATED_DATA ignoring data with redundant timestamp for frame sliding_map (parent world) at time 309.305000 according to authority /scan_planner_node
         at line 277 in /tmp/binarydeb/ros-noetic-tf2-0.7.10/src/buffer_core.cpp
Warning: TF_REPEATED_DATA ignoring data with redundant timestamp for frame sliding_map (parent world) at time 309.505000 according to authority /scan_planner_node
         at line 277 in /tmp/binarydeb/ros-noetic-tf2-0.7.10/src/buffer_core.cpp
Warning: TF_REPEATED_DATA ignoring data with redundant timestamp for frame sliding_map (parent world) at time 309.906000 according to authority /scan_planner_node
         at line 277 in /tmp/binarydeb/ros-noetic-tf2-0.7.10/src/buffer_core.cpp
Warning: TF_REPEATED_DATA ignoring data with redundant timestamp for frame sliding_map (parent world) at time 310.104000 according to authority /scan_planner_node
         at line 277 in /tmp/binarydeb/ros-noetic-tf2-0.7.10/src/buffer_core.cpp
[FSM]: state: INIT
wait for goal.
Warning: TF_REPEATED_DATA ignoring data with redundant timestamp for frame sliding_map (parent world) at time 310.499000 according to authority /scan_planner_node
         at line 277 in /tmp/binarydeb/ros-noetic-tf2-0.7.10/src/buffer_core.cpp
Warning: TF_REPEATED_DATA ignoring data with redundant timestamp for frame sliding_map (parent world) at time 310.702000 according to authority /scan_planner_node
         at line 277 in /tmp/binarydeb/ros-noetic-tf2-0.7.10/src/buffer_core.cpp
kbd=0 raw=0.450,0.000,-0.036 grav=0.01,-0.02,-0.98
[INFO] [1788327958.433622156, 264.609000000]: RL policy input vx=2.046 vy=-0.373 wz=-0.202 action_rms=0.451 ready=1 userCmd=0 kbd=0 raw=2.046,-0.373,-0.202 grav=-0.00,0.02,-0.98
[INFO] [1788327961.574155310, 266.629000000]: RL policy input vx=0.298 vy=-0.035 wz=-0.130 action_rms=0.237 ready=1 userCmd=0 kbd=0 raw=0.298,-0.035,-0.130 grav=0.02,-0.01,-0.98
[INFO] [1788327964.610950058, 268.648000000]: RL policy input vx=0.000 vy=0.000 wz=2.550 action_rms=0.179 ready=1 userCmd=0 kbd=0 raw=0.000,0.000,2.550 grav=0.03,0.00,-0.98
[INFO] [1788327967.814256281, 270.655000000]: RL policy input vx=0.083 vy=-0.450 wz=-1.150 action_rms=0.263 ready=1 userCmd=0 kbd=0 raw=0.083,-0.450,-1.150 grav=0.00,0.01,-0.98
[INFO] [1788327971.052479203, 272.665000000]: RL policy input vx=0.419 vy=-0.092 wz=-0.237 action_rms=0.131 ready=1 userCmd=0 kbd=0 raw=0.419,-0.092,-0.237 grav=0.03,-0.04,-0.98
[INFO] [1788327974.568300473, 274.669000000]: RL policy input vx=0.000 vy=0.000 wz=-2.550 action_rms=0.173 ready=1 userCmd=0 kbd=0 raw=0.000,0.000,-2.550 grav=0.01,0.01,-0.98
[INFO] [1788327977.788737111, 276.670000000]: RL policy input vx=1.511 vy=-0.572 wz=-0.398 action_rms=0.427 ready=1 userCmd=0 kbd=0 raw=1.511,-0.572,-0.398 grav=-0.06,-0.10,-0.97
[INFO] [1788327981.554850630, 278.686000000]: RL policy input vx=0.449 vy=0.000 wz=0.084 action_rms=0.160 ready=1 userCmd=0 kbd=0 raw=0.449,0.000,0.084 grav=0.01,-0.01,-0.98
[INFO] [1788327985.338053660, 280.700000000]: RL policy input vx=0.450 vy=0.000 wz=0.004 action_rms=0.258 ready=1 userCmd=0 kbd=0 raw=0.450,0.000,0.004 grav=0.00,-0.02,-0.98
[INFO] [1788327989.166757626, 282.710000000]: RL policy input vx=0.579 vy=-0.003 wz=-0.006 action_rms=0.173 ready=1 userCmd=0 kbd=0 raw=0.579,-0.003,-0.006 grav=-0.00,-0.01,-0.98
[INFO] [1788327992.870433869, 284.714000000]: RL policy input vx=2.171 vy=-0.592 wz=-0.293 action_rms=0.268 ready=1 userCmd=0 kbd=0 raw=2.171,-0.592,-0.293 grav=0.00,-0.11,-0.97
[INFO] [1788327996.550752660, 286.728000000]: RL policy input vx=2.245 vy=-0.148 wz=-0.073 action_rms=0.327 ready=1 userCmd=0 kbd=0 raw=2.245,-0.148,-0.073 grav=0.01,-0.00,-0.98
[INFO] [1788328000.044997799, 288.736000000]: RL policy input vx=2.245 vy=0.152 wz=0.074 action_rms=0.251 ready=1 userCmd=0 kbd=0 raw=2.245,0.152,0.074 grav=-0.04,-0.10,-0.97
[INFO] [1788328003.145033483, 290.750000000]: RL policy input vx=2.230 vy=0.103 wz=0.051 action_rms=0.341 ready=1 userCmd=0 kbd=0 raw=2.230,0.103,0.051 grav=0.02,0.02,-0.98
[INFO] [1788328006.488769506, 292.758000000]: RL policy input vx=0.389 vy=0.195 wz=0.512 action_rms=0.147 ready=1 userCmd=0 kbd=0 raw=0.389,0.195,0.512 grav=0.01,0.02,-0.98
[INFO] [1788328009.974849617, 294.776000000]: RL policy input vx=0.446 vy=0.000 wz=0.149 action_rms=0.187 ready=1 userCmd=0 kbd=0 raw=0.446,0.000,0.149 grav=-0.00,-0.01,-0.98
[INFO] [1788328013.630461250, 296.783000000]: RL policy input vx=0.450 vy=0.000 wz=0.013 action_rms=0.165 ready=1 userCmd=0 kbd=0 raw=0.450,0.000,0.013 grav=0.01,-0.02,-0.98
[INFO] [1788328016.982356092, 298.791000000]: RL policy input vx=1.672 vy=0.045 wz=0.023 action_rms=0.300 ready=1 userCmd=0 kbd=0 raw=1.672,0.045,0.023 grav=-0.03,-0.03,-0.98
[INFO] [1788328020.147695456, 300.804000000]: RL policy input vx=0.840 vy=0.069 wz=0.090 action_rms=0.132 ready=1 userCmd=0 kbd=0 raw=0.840,0.069,0.090 grav=0.06,-0.09,-0.97
[INFO] [1788328023.406433299, 302.813000000]: RL policy input vx=0.000 vy=0.000 wz=2.550 action_rms=0.281 ready=1 userCmd=0 kbd=0 raw=0.000,0.000,2.550 grav=0.01,0.00,-0.98
[INFO] [1788328026.678086994, 304.825000000]: RL policy input vx=0.000 vy=0.000 wz=-0.432 action_rms=0.152 ready=1 userCmd=0 kbd=0 raw=0.000,0.000,-0.432 grav=0.01,0.00,-0.98
[INFO] [1788328029.663933165, 306.832000000]: RL policy input vx=0.980 vy=-0.750 wz=-0.719 action_rms=0.193 ready=1 userCmd=0 kbd=0 raw=0.980,-0.750,-0.719 grav=-0.04,-0.03,-0.98
[INFO] [1788328032.823809410, 308.846000000]: RL policy input vx=0.294 vy=-0.059 wz=-0.218 action_rms=0.222 ready=1 userCmd=0 kbd=0 raw=0.294,-0.059,-0.218 grav=0.02,-0.02,-0.98
Warning: TF_REPEATED_DATA ignoring data with redundant timestamp for frame sliding_map (parent world) at time 310.900000 according to authority /scan_planner_node
         at line 277 in /tmp/binarydeb/ros-noetic-tf2-0.7.10/src/buffer_core.cpp
Warning: TF_REPEATED_DATA ignoring data with redundant timestamp for frame sliding_map (parent world) at time 311.100000 according to authority /scan_planner_node
         at line 277 in /tmp/binarydeb/ros-noetic-tf2-0.7.10/src/buffer_core.cpp
Warning: TF_REPEATED_DATA ignoring data with redundant timestamp for frame sliding_map (parent world) at time 311.311000 according to authority /scan_planner_node
         at line 277 in /tmp/binarydeb/ros-noetic-tf2-0.7.10/src/buffer_core.cpp
[FSM]: state: INIT
wait for goal.
Warning: TF_REPEATED_DATA ignoring data with redundant timestamp for frame sliding_map (parent world) at time 311.506000 according to authority /scan_planner_node
         at line 277 in /tmp/binarydeb/ros-noetic-tf2-0.7.10/src/buffer_core.cpp
Warning: TF_REPEATED_DATA ignoring data with redundant timestamp for frame sliding_map (parent world) at time 312.306000 according to authority /scan_planner_node
         at line 277 in /tmp/binarydeb/ros-noetic-tf2-0.7.10/src/buffer_core.cpp
[FSM]: state: INIT
wait for goal.
Warning: TF_REPEATED_DATA ignoring data with redundant timestamp for frame sliding_map (parent world) at time 312.714000 according to authority /scan_planner_node
         at line 277 in /tmp/binarydeb/ros-noetic-tf2-0.7.10/src/buffer_core.cpp
Warning: TF_REPEATED_DATA ignoring data with redundant timestamp for frame sliding_map (parent world) at time 312.900000 according to authority /scan_planner_node
         at line 277 in /tmp/binarydeb/ros-noetic-tf2-0.7.10/src/buffer_core.cpp
Warning: TF_REPEATED_DATA ignoring data with redundant timestamp for frame sliding_map (parent world) at time 313.506000 according to authority /scan_planner_node
         at line 277 in /tmp/binarydeb/ros-noetic-tf2-0.7.10/src/buffer_core.cpp
Warning: TF_REPEATED_DATA ignoring data with redundant timestamp for frame sliding_map (parent world) at time 313.699000 according to authority /scan_planner_node
         at line 277 in /tmp/binarydeb/ros-noetic-tf2-0.7.10/src/buffer_core.cpp
Warning: TF_REPEATED_DATA ignoring data with redundant timestamp for frame sliding_map (parent world) at time 313.898000 according to authority /scan_planner_node
         at line 277 in /tmp/binarydeb/ros-noetic-tf2-0.7.10/src/buffer_core.cpp
[FSM]: state: INIT
wait for goal.
Warning: TF_REPEATED_DATA ignoring data with redundant timestamp for frame sliding_map (parent world) at time 314.110000 according to authority /scan_planner_node
         at line 277 in /tmp/binarydeb/ros-noetic-tf2-0.7.10/src/buffer_core.cpp
Warning: TF_REPEATED_DATA ignoring data with redundant timestamp for frame sliding_map (parent world) at time 314.505000 according to authority /scan_planner_node
         at line 277 in /tmp/binarydeb/ros-noetic-tf2-0.7.10/src/buffer_core.cpp
[FSM]: state: INIT
wait for goal.
Warning: TF_REPEATED_DATA ignoring data with redundant timestamp for frame sliding_map (parent world) at time 315.510000 according to authority /scan_planner_node
         at line 277 in /tmp/binarydeb/ros-noetic-tf2-0.7.10/src/buffer_core.cpp
Warning: TF_REPEATED_DATA ignoring data with redundant timestamp for frame sliding_map (parent world) at time 315.898000 according to authority /scan_planner_node
         at line 277 in /tmp/binarydeb/ros-noetic-tf2-0.7.10/src/buffer_core.cpp
[FSM]: state: INIT
wait for goal.
Warning: TF_REPEATED_DATA ignoring data with redundant timestamp for frame sliding_map (parent world) at time 316.515000 according to authority /scan_planner_node
         at line 277 in /tmp/binarydeb/ros-noetic-tf2-0.7.10/src/buffer_core.cpp
[FSM]: state: INIT
wait for goal.
[FSM]: state: INIT
wait for goal.
[FSM]: state: INIT
wait for goal.
[FSM]: state: INIT
wait for goal.
[FSM]: state: INIT
wait for goal.
Warning: TF_REPEATED_DATA ignoring data with redundant timestamp for frame sliding_map (parent world) at time 322.504000 according to authority /scan_planner_node
         at line 277 in /tmp/binarydeb/ros-noetic-tf2-0.7.10/src/buffer_core.cpp
Warning: TF_REPEATED_DATA ignoring data with redundant timestamp for frame sliding_map (parent world) at time 322.701000 according to authority /scan_planner_node
         at line 277 in /tmp/binarydeb/ros-noetic-tf2-0.7.10/src/buffer_core.cpp
[FSM]: state: INIT
wait for goal.
[FSM]: state: INIT
wait for goal.
Warning: TF_REPEATED_DATA ignoring data with redundant timestamp for frame sliding_map (parent world) at time 324.714000 according to authority /scan_planner_node
         at line 277 in /tmp/binarydeb/ros-noetic-tf2-0.7.10/src/buffer_core.cpp
[FSM]: state: INIT
wait for goal.
Warning: TF_REPEATED_DATA ignoring data with redundant timestamp for frame sliding_map (parent world) at time 325.910000 according to authority /scan_planner_node
         at line 277 in /tmp/binarydeb/ros-noetic-tf2-0.7.10/src/buffer_core.cpp
[FSM]: state: INIT
wait for goal.
Warning: TF_REPEATED_DATA ignoring data with redundant timestamp for frame sliding_map (parent world) at time 327.313000 according to authority /scan_planner_node
         at line 277 in /tmp/binarydeb/ros-noetic-tf2-0.7.10/src/buffer_core.cpp
[FSM]: state: INIT
wait for goal.
Warning: TF_REPEATED_DATA ignoring data with redundant timestamp for frame sliding_map (parent world) at time 328.105000 according to authority /scan_planner_node
         at line 277 in /tmp/binarydeb/ros-noetic-tf2-0.7.10/src/buffer_core.cpp
[FSM]: state: INIT
wait for goal.
Warning: TF_REPEATED_DATA ignoring data with redundant timestamp for frame sliding_map (parent world) at time 329.301000 according to authority /scan_planner_node
         at line 277 in /tmp/binarydeb/ros-noetic-tf2-0.7.10/src/buffer_core.cpp
[FSM]: state: INIT
wait for goal.
Warning: TF_REPEATED_DATA ignoring data with redundant timestamp for frame sliding_map (parent world) at time 330.498000 according to authority /scan_planner_node
         at line 277 in /tmp/binarydeb/ros-noetic-tf2-0.7.10/src/buffer_core.cpp
Warning: TF_REPEATED_DATA ignoring data with redundant timestamp for frame sliding_map (parent world) at time 330.703000 according to authority /scan_planner_node
         at line 277 in /tmp/binarydeb/ros-noetic-tf2-0.7.10/src/buffer_core.cpp
Warning: TF_REPEATED_DATA ignoring data with redundant timestamp for frame sliding_map (parent world) at time 330.902000 according to authority /scan_planner_node
         at line 277 in /tmp/binarydeb/ros-noetic-tf2-0.7.10/src/buffer_core.cpp
Warning: TF_REPEATED_DATA ignoring data with redundant timestamp for frame sliding_map (parent world) at time 331.107000 according to authority /scan_planner_node
         at line 277 in /tmp/binarydeb/ros-noetic-tf2-0.7.10/src/buffer_core.cpp
Warning: TF_REPEATED_DATA ignoring data with redundant timestamp for frame sliding_map (parent world) at time 331.299000 according to authority /scan_planner_node
         at line 277 in /tmp/binarydeb/ros-noetic-tf2-0.7.10/src/buffer_core.cpp
Warning: TF_REPEATED_DATA ignoring data with redundant timestamp for frame sliding_map (parent world) at time 331.501000 according to authority /scan_planner_node
         at line 277 in /tmp/binarydeb/ros-noetic-tf2-0.7.10/src/buffer_core.cpp
[FSM]: state: INIT
wait for goal.
Warning: TF_REPEATED_DATA ignoring data with redundant timestamp for frame sliding_map (parent world) at time 331.904000 according to authority /scan_planner_node
         at line 277 in /tmp/binarydeb/ros-noetic-tf2-0.7.10/src/buffer_core.cpp
Warning: TF_REPEATED_DATA ignoring data with redundant timestamp for frame sliding_map (parent world) at time 332.500000 according to authority /scan_planner_node
         at line 277 in /tmp/binarydeb/ros-noetic-tf2-0.7.10/src/buffer_core.cpp
[FSM]: state: INIT
wait for goal.
Warning: TF_REPEATED_DATA ignoring data with redundant timestamp for frame sliding_map (parent world) at time 333.303000 according to authority /scan_planner_node
         at line 277 in /tmp/binarydeb/ros-noetic-tf2-0.7.10/src/buffer_core.cpp
[FSM]: state: INIT
wait for goal.
Warning: TF_REPEATED_DATA ignoring data with redundant timestamp for frame sliding_map (parent world) at time 334.100000 according to authority /scan_planner_node
         at line 277 in /tmp/binarydeb/ros-noetic-tf2-0.7.10/src/buffer_core.cpp
Warning: TF_REPEATED_DATA ignoring data with redundant timestamp for frame sliding_map (parent world) at time 334.914000 according to authority /scan_planner_node
         at line 277 in /tmp/binarydeb/ros-noetic-tf2-0.7.10/src/buffer_core.cpp
Warning: TF_REPEATED_DATA ignoring data with redundant timestamp for frame sliding_map (parent world) at time 335.099000 according to authority /scan_planner_node
         at line 277 in /tmp/binarydeb/ros-noetic-tf2-0.7.10/src/buffer_core.cpp
[FSM]: state: INIT
wait for goal.
Warning: TF_REPEATED_DATA ignoring data with redundant timestamp for frame sliding_map (parent world) at time 335.701000 according to authority /scan_planner_node
         at line 277 in /tmp/binarydeb/ros-noetic-tf2-0.7.10/src/buffer_core.cpp
Warning: TF_REPEATED_DATA ignoring data with redundant timestamp for frame sliding_map (parent world) at time 336.099000 according to authority /scan_planner_node
         at line 277 in /tmp/binarydeb/ros-noetic-tf2-0.7.10/src/buffer_core.cpp
[FSM]: state: INIT
wait for goal.
Warning: TF_REPEATED_DATA ignoring data with redundant timestamp for frame sliding_map (parent world) at time 336.698000 according to authority /scan_planner_node
         at line 277 in /tmp/binarydeb/ros-noetic-tf2-0.7.10/src/buffer_core.cpp
[FSM]: state: INIT
wait for goal.
Warning: TF_REPEATED_DATA ignoring data with redundant timestamp for frame sliding_map (parent world) at time 337.905000 according to authority /scan_planner_node
         at line 277 in /tmp/binarydeb/ros-noetic-tf2-0.7.10/src/buffer_core.cpp
Warning: TF_REPEATED_DATA ignoring data with redundant timestamp for frame sliding_map (parent world) at time 338.500000 according to authority /scan_planner_node
         at line 277 in /tmp/binarydeb/ros-noetic-tf2-0.7.10/src/buffer_core.cpp
[FSM]: state: INIT
wait for goal.
[FSM]: state: INIT
wait for goal.
Warning: TF_REPEATED_DATA ignoring data with redundant timestamp for frame sliding_map (parent world) at time 340.303000 according to authority /scan_planner_node
         at line 277 in /tmp/binarydeb/ros-noetic-tf2-0.7.10/src/buffer_core.cpp
Warning: TF_REPEATED_DATA ignoring data with redundant timestamp for frame sliding_map (parent world) at time 340.900000 according to authority /scan_planner_node
         at line 277 in /tmp/binarydeb/ros-noetic-tf2-0.7.10/src/buffer_core.cpp
[FSM]: state: INIT
wait for goal.
Warning: TF_REPEATED_DATA ignoring data with redundant timestamp for frame sliding_map (parent world) at time 341.297000 according to authority /scan_planner_node
         at line 277 in /tmp/binarydeb/ros-noetic-tf2-0.7.10/src/buffer_core.cpp
[FSM]: state: INIT
wait for goal.
Warning: TF_REPEATED_DATA ignoring data with redundant timestamp for frame sliding_map (parent world) at time 343.099000 according to authority /scan_planner_node
         at line 277 in /tmp/binarydeb/ros-noetic-tf2-0.7.10/src/buffer_core.cpp
[FSM]: state: INIT
wait for goal.
Warning: TF_REPEATED_DATA ignoring data with redundant timestamp for frame sliding_map (parent world) at time 343.499000 according to authority /scan_planner_node
         at line 277 in /tmp/binarydeb/ros-noetic-tf2-0.7.10/src/buffer_core.cpp
[FSM]: state: INIT
wait for goal.
[FSM]: state: INIT
wait for goal.
Warning: TF_REPEATED_DATA ignoring data with redundant timestamp for frame sliding_map (parent world) at time 345.898000 according to authority /scan_planner_node
         at line 277 in /tmp/binarydeb/ros-noetic-tf2-0.7.10/src/buffer_core.cpp
[FSM]: state: INIT
wait for goal.
[FSM]: state: INIT
wait for goal.
Warning: TF_REPEATED_DATA ignoring data with redundant timestamp for frame sliding_map (parent world) at time 348.301000 according to authority /scan_planner_node
         at line 277 in /tmp/binarydeb/ros-noetic-tf2-0.7.10/src/buffer_core.cpp
[FSM]: state: INIT
wait for goal.
[FSM]: state: INIT
wait for goal.
[FSM]: state: INIT
wait for goal.
[FSM]: state: INIT
wait for goal.
[FSM]: state: INIT
wait for goal.
[FSM]: state: INIT
wait for goal.
[FSM]: state: INIT
wait for goal.
[FSM]: state: INIT
wait for goal.
[INFO] [1788328035.843247491, 310.854000000]: RL policy input vx=0.000 vy=0.000 wz=-2.550 action_rms=0.193 ready=1 userCmd=0 kbd=0 raw=0.000,0.000,-2.550 grav=0.01,0.02,-0.98
[INFO] [1788328038.877252169, 312.865000000]: RL policy input vx=0.943 vy=0.105 wz=0.122 action_rms=0.239 ready=1 userCmd=0 kbd=0 raw=0.943,0.105,0.122 grav=0.08,-0.07,-0.97
[INFO] [1788328041.865804728, 314.882000000]: RL policy input vx=0.000 vy=0.000 wz=-0.450 action_rms=0.144 ready=1 userCmd=0 kbd=0 raw=0.000,0.000,-0.450 grav=0.02,-0.01,-0.98
[INFO] [1788328044.839816123, 316.893000000]: RL policy input vx=0.446 vy=0.000 wz=-0.151 action_rms=0.174 ready=1 userCmd=0 kbd=0 raw=0.446,0.000,-0.151 grav=-0.02,0.01,-0.98
[INFO] [1788328047.966369398, 318.904000000]: RL policy input vx=0.449 vy=0.000 wz=-0.063 action_rms=0.298 ready=1 userCmd=0 kbd=0 raw=0.449,0.000,-0.063 grav=0.00,-0.03,-0.98
[INFO] [1788328051.189601796, 320.924000000]: RL policy input vx=0.742 vy=0.012 wz=0.017 action_rms=0.166 ready=1 userCmd=0 kbd=0 raw=0.742,0.012,0.017 grav=-0.00,0.01,-0.98
[INFO] [1788328054.594891670, 322.931000000]: RL policy input vx=0.450 vy=0.000 wz=0.012 action_rms=0.158 ready=1 userCmd=0 kbd=0 raw=0.450,0.000,0.012 grav=0.01,-0.01,-0.98
[INFO] [1788328057.790646707, 324.940000000]: RL policy input vx=0.450 vy=0.000 wz=-0.023 action_rms=0.277 ready=1 userCmd=0 kbd=0 raw=0.450,0.000,-0.023 grav=0.01,-0.02,-0.98
[INFO] [1788328060.967716445, 326.953000000]: RL policy input vx=2.137 vy=0.186 wz=0.096 action_rms=0.341 ready=1 userCmd=0 kbd=0 raw=2.137,0.186,0.096 grav=0.02,0.02,-0.98
[INFO] [1788328063.998156595, 328.953000000]: RL policy input vx=0.316 vy=0.009 wz=0.031 action_rms=0.164 ready=1 userCmd=0 kbd=0 raw=0.316,0.009,0.031 grav=0.02,-0.01,-0.98
[INFO] [1788328066.930660709, 330.958000000]: RL policy input vx=0.000 vy=0.000 wz=-2.550 action_rms=0.342 ready=1 userCmd=0 kbd=0 raw=0.000,0.000,-2.550 grav=-0.01,0.00,-0.98
[INFO] [1788328069.865099348, 332.963000000]: RL policy input vx=0.000 vy=0.000 wz=1.150 action_rms=0.197 ready=1 userCmd=0 kbd=0 raw=0.000,0.000,1.150 grav=0.02,0.00,-0.98
[INFO] [1788328073.035379571, 334.966000000]: RL policy input vx=0.746 vy=0.170 wz=0.246 action_rms=0.335 ready=1 userCmd=0 kbd=0 raw=0.746,0.170,0.246 grav=0.03,0.01,-0.98
[INFO] [1788328076.068030914, 336.967000000]: RL policy input vx=0.000 vy=0.000 wz=2.550 action_rms=0.217 ready=1 userCmd=0 kbd=0 raw=0.000,0.000,2.550 grav=0.02,0.01,-0.98
[INFO] [1788328079.215043798, 338.977000000]: RL policy input vx=0.951 vy=0.750 wz=0.722 action_rms=0.209 ready=1 userCmd=0 kbd=0 raw=0.951,0.750,0.722 grav=-0.02,0.01,-0.98
[INFO] [1788328082.329831301, 340.985000000]: RL policy input vx=0.297 vy=0.044 wz=0.161 action_rms=0.232 ready=1 userCmd=0 kbd=0 raw=0.297,0.044,0.161 grav=0.03,-0.01,-0.98
[INFO] [1788328085.693862820, 343.001000000]: RL policy input vx=0.450 vy=0.000 wz=-0.034 action_rms=0.181 ready=1 userCmd=0 kbd=0 raw=0.450,0.000,-0.034 grav=0.01,-0.01,-0.98
[INFO] [1788328088.976555989, 345.014000000]: RL policy input vx=0.299 vy=0.000 wz=-0.094 action_rms=0.186 ready=1 userCmd=0 kbd=0 raw=0.299,0.000,-0.094 grav=0.02,-0.02,-0.98
[INFO] [1788328092.164316590, 347.014000000]: RL policy input vx=1.140 vy=0.750 wz=0.640 action_rms=0.187 ready=1 userCmd=0 kbd=0 raw=1.140,0.750,0.640 grav=-0.02,0.07,-0.98
[INFO] [1788328095.373708225, 349.022000000]: RL policy input vx=2.248 vy=0.105 wz=0.052 action_rms=0.330 ready=1 userCmd=0 kbd=0 raw=2.248,0.105,0.052 grav=0.03,0.04,-0.98
[INFO] [1788328098.761999841, 351.025000000]: RL policy input vx=2.249 vy=0.061 wz=0.030 action_rms=0.332 ready=1 userCmd=0 kbd=0 raw=2.249,0.061,0.030 grav=-0.01,-0.01,-0.98
[INFO] [1788328102.204218231, 353.025000000]: RL policy input vx=2.250 vy=-0.003 wz=-0.001 action_rms=0.317 ready=1 userCmd=0 kbd=0 raw=2.250,-0.003,-0.001 grav=0.02,0.06,-0.98
[INFO] [1788328105.547754054, 355.039000000]: RL policy input vx=2.250 vy=-0.030 wz=-0.015 action_rms=0.323 ready=1 userCmd=0 kbd=0 raw=2.250,-0.030,-0.015 grav=0.00,0.01,-0.98
[INFO] [1788328108.890548912, 357.046000000]: RL policy input vx=2.241 vy=0.2[FSM]: state: INIT
wait for goal.
[FSM]: state: INIT
wait for goal.
Warning: TF_REPEATED_DATA ignoring data with redundant timestamp for frame sliding_map (parent world) at time 359.802000 according to authority /scan_planner_node
         at line 277 in /tmp/binarydeb/ros-noetic-tf2-0.7.10/src/buffer_core.cpp
[FSM]: state: INIT
wait for goal.
[FSM]: state: INIT
wait for goal.
Warning: TF_REPEATED_DATA ignoring data with redundant timestamp for frame sliding_map (parent world) at time 361.998000 according to authority /scan_planner_node
         at line 277 in /tmp/binarydeb/ros-noetic-tf2-0.7.10/src/buffer_core.cpp
[FSM]: state: INIT
wait for goal.
[FSM]: state: INIT
wait for goal.
[FSM]: state: INIT
wait for goal.
[FSM]: state: INIT
wait for goal.
[FSM]: state: INIT
wait for goal.
[FSM]: state: INIT
wait for goal.
[FSM]: state: INIT
wait for goal.
[FSM]: state: INIT
wait for goal.
[FSM]: state: INIT
wait for goal.
01 wz=0.098 action_rms=0.233 ready=1 userCmd=0 kbd=0 raw=2.241,0.201,0.098 grav=0.03,-0.09,-0.98
[INFO] [1788328112.275075697, 359.064000000]: RL policy input vx=2.189 vy=-0.520 wz=-0.256 action_rms=0.308 ready=1 userCmd=0 kbd=0 raw=2.189,-0.520,-0.256 grav=0.01,-0.09,-0.98
[INFO] [1788328115.448037030, 361.075000000]: RL policy input vx=2.247 vy=-0.119 wz=-0.058 action_rms=0.342 ready=1 userCmd=0 kbd=0 raw=2.247,-0.119,-0.058 grav=-0.02,-0.03,-0.98
[INFO] [1788328118.619355193, 363.078000000]: RL policy input vx=0.573 vy=0.077 wz=0.147 action_rms=0.171 ready=1 userCmd=0 kbd=0 raw=0.573,0.077,0.147 grav=0.04,-0.04,-0.98
[INFO] [1788328121.749906910, 365.080000000]: RL policy input vx=1.371 vy=-0.405 wz=-0.316 action_rms=0.400 ready=1 userCmd=0 kbd=0 raw=1.371,-0.405,-0.316 grav=-0.02,-0.08,-0.98
[INFO] [1788328125.074276835, 367.082000000]: RL policy input vx=0.299 vy=-0.024 wz=-0.087 action_rms=0.159 ready=1 userCmd=0 kbd=0 raw=0.299,-0.024,-0.087 grav=0.02,-0.01,-0.98
[INFO] [1788328128.234363851, 369.086000000]: RL policy input vx=0.000 vy=0.000 wz=-0.438 action_rms=0.214 ready=1 userCmd=0 kbd=0 raw=0.000,0.000,-0.438 grav=0.01,0.00,-0.98
[INFO] [1788328131.533859431, 371.088000000]: RL policy input vx=0.000 vy=0.000 wz=0.000 action_rms=0.144 ready=1 userCmd=0 kbd=0 raw=0.000,0.000,0.000 grav=-0.00,-0.00,-0.98
Switched from RL to fixed stand
infer_thread退出!
[WARN] [1788328132.087829011, 371.415000000]: Using one-shot captured-pose FixedStand profile: ramp 0.50 s, settle 0.00 s, ready after 0.50 s + 0.50 s stable, minimum gain 0.75
[INFO] Using /stand_target_joints param stance.
[FSM]: state: INIT
wait for goal.
Switched from fixed stand to RL
[INFO] Entered RL /cmd_vel mode.
[WARN] [1788328133.449981681, 372.200000000]: Using one-shot stair RL takeover profile: blend 0.50 s, zero hold 0.15 s
cuda::is_available():1
RL inference device: cuda (requested=hybrid, policy=stair)
[INFO] RL policy activated from preload cache at FixedStand entry boundary: /root/autodl-tmp/code/restore/0803b/0902overall/runtime_assets/SimEnv/src/unitree_guide/logs/policy_act_inference_stair.pt
[FSM]: state: INIT
wait for goal.
[FSM]: state: INIT
wait for goal.
[FSM]: state: INIT
wait for goal.
[FSM]: state: INIT
wait for goal.
Warning: TF_REPEATED_DATA ignoring data with redundant timestamp for frame sliding_map (parent world) at time 376.797000 according to authority /scan_planner_node
         at line 277 in /tmp/binarydeb/ros-noetic-tf2-0.7.10/src/buffer_core.cpp
[FSM]: state: INIT
wait for goal.
[FSM]: state: INIT
wait for goal.
[FSM]: state: INIT
wait for goal.
[FSM]: state: INIT
wait for goal.
[FSM]: state: INIT
wait for goal.
[FSM]: state: INIT
wait for goal.
[FSM]: state: INIT
wait for goal.
[FSM]: state: INIT
wait for goal.
[FSM]: state: INIT
wait for goal.
[FSM]: state: INIT
wait for goal.
[FSM]: state: INIT
wait for goal.
[FSM]: state: INIT
wait for goal.
[FSM]: state: INIT
wait for goal.
[FSM]: state: INIT
wait for goal.
[FSM]: state: INIT
wait for goal.
[FSM]: state: INIT
wait for goal.
[WARN] [1788328167.547377167, 393.845000000]: Using one-shot plane RL takeover profile: blend 0.50 s, zero hold 0.15 s
[INFO] [1788328134.567801861, 372.857000000]: RL locomotion_ready latched after 0.66 s takeover and 0.64 s stable hold
[INFO] [1788328135.003304450, 373.091000000]: RL policy input vx=0.245 vy=-0.017 wz=-0.025 action_rms=0.168 ready=1 userCmd=0 kbd=0 raw=0.245,-0.017,-0.025 grav=-0.02,0.02,-0.98
[INFO] [1788328138.656264447, 375.097000000]: RL policy input vx=0.600 vy=-0.006 wz=-0.003 action_rms=0.618 ready=1 userCmd=0 kbd=0 raw=0.600,-0.006,-0.003 grav=-0.42,-0.11,-0.88
[INFO] [1788328141.925853587, 377.101000000]: RL policy input vx=0.796 vy=-0.085 wz=-0.020 action_rms=0.464 ready=1 userCmd=0 kbd=0 raw=0.796,-0.085,-0.020 grav=-0.31,-0.07,-0.93
[INFO] [1788328145.181442028, 379.105000000]: RL policy input vx=0.790 vy=-0.138 wz=-0.034 action_rms=0.291 ready=1 userCmd=8 kbd=0 raw=0.790,-0.138,-0.034 grav=-0.30,-0.00,-0.93
[INFO] [1788328148.274540263, 381.108000000]: RL policy input vx=0.699 vy=-0.230 wz=-0.350 action_rms=0.152 ready=1 userCmd=0 kbd=0 raw=0.699,-0.230,-0.350 grav=0.00,-0.04,-0.98
[INFO] [1788328151.430437770, 383.118000000]: RL policy input vx=0.000 vy=0.000 wz=-1.200 action_rms=0.163 ready=1 userCmd=0 kbd=0 raw=0.000,0.000,-1.200 grav=0.00,0.01,-0.98
[INFO] [1788328154.475331596, 385.126000000]: RL policy input vx=0.000 vy=0.000 wz=-0.274 action_rms=0.165 ready=1 userCmd=8 kbd=0 raw=0.000,0.000,-0.274 grav=-0.03,0.03,-0.98
[INFO] [1788328157.572267727, 387.138000000]: RL policy input vx=0.573 vy=-0.267 wz=-0.040 action_rms=0.516 ready=1 userCmd=0 kbd=0 raw=0.573,-0.267,-0.040 grav=-0.25,0.00,-0.95
[INFO] [1788328160.636777779, 389.141000000]: RL policy input vx=0.799 vy=0.048 wz=0.037 action_rms=0.436 ready=1 userCmd=0 kbd=0 raw=0.799,0.048,0.037 grav=-0.43,0.05,-0.88
[INFO] [1788328163.554963198, 391.158000000]: RL policy input vx=0.800 vy=0.041 wz=0.031 action_rms=0.481 ready=1 userCmd=0 kbd=0 raw=0.800,0.041,0.031 grav=-0.29,-0.03,-0.94
[INFO] [1788328166.497211330, 393.177000000]: RL policy input vx=0.607 vy=-0.177 wz=0.013 action_rms=0.329 ready=1 userCmd=0 kbd=0 raw=0.607,-0.177,0.013 grav=-0.19,0.08,-0.96
cuda::is_available():1
RL inference device: cpu (requested=hybrid, policy=plane)
[INFO] RL policy hot-switched from preload cache: /root/autodl-tmp/code/restore/0803b/0902overall/runtime_assets/SimEnv/src/unitree_guide/logs/policy_act_inference_plane.pt
[FSM]: state: INIT
wait for goal.
[FSM]: state: INIT
wait for goal.
[FSM]: state: INIT
wait for goal.
[FSM]: state: INIT
wait for goal.
Warning: TF_REPEATED_DATA ignoring data with redundant timestamp for frame sliding_map (parent world) at time 398.798000 according to authority /scan_planner_node
         at line 277 in /tmp/binarydeb/ros-noetic-tf2-0.7.10/src/buffer_core.cpp
[FSM]: state: INIT
wait for goal.
[INFO] [1788328130.627569, 370.524000]: Floor-2 stair controller armed by SECOND_FLOOR_EXPLORATION_COMPLETE.
[INFO] [1788328130.643619, 370.541000]: Robot is already 0.04 m from the pre-riser pose; skipping the corridor/side legs.
[INFO] [1788328130.647790, 370.545000]: Pre-ascent residual heading error -0.107 rad (visual_depth=False, bearing=none).
[INFO] [1788328131.508616, 371.080000]: Flight-A body settled for 0.37 s; waiting for joint RMS capture window <= 0.180 (current=0.430).
[INFO] [1788328131.610667, 371.126000]: Pre-ascent stand target set from flight-A pre-reload capture entry sample
[INFO] [1788328131.634597, 371.142000]: Flight-A plane gait settled at joint RMS 0.136; holding FixedStand for at least 0.1 s at snapshot pose before queued stair-policy entry.
[INFO] [1788328133.152443, 372.025000]: Flight-A FixedStand readiness gate complete; queued the stair policy for State_RL entry and retaining stand ownership for 0.25 s.
[INFO] [1788328133.436165, 372.187000]: Flight-A policy request has been queued under FixedStand; requesting RL so State_RL loads it before inference starts.
[INFO] [1788328134.585454, 372.871000]: Fresh RL readiness confirmed after the flight-A FixedStand boundary; starting the climb ramp.
[INFO] [1788328134.627062, 372.881000]: Flight-A fresh RL readiness observed; ascent clocks reset and 1.2 s climb ramp started.
[INFO] [1788328134.630428, 372.886000]: STPUB phase=STAIR_ASCENT world=(0.023,0.002,-0.026) body=(0.001,-0.023,-0.026) truth_z=2.912 pose=2.9116934344831304
[INFO] [1788328136.635146, 373.900000]: STPUB phase=STAIR_ASCENT world=(0.000,0.600,-0.014) body=(0.600,-0.024,-0.014) truth_z=2.927 pose=2.926735033906469
[INFO] [1788328138.308769, 374.904000]: STPUB phase=STAIR_ASCENT world=(0.037,0.800,-0.013) body=(0.798,-0.066,-0.013) truth_z=3.195 pose=3.1926438184732744
[INFO] [1788328139.935027, 375.905000]: STPUB phase=STAIR_ASCENT world=(0.300,0.400,-0.012) body=(0.390,-0.313,-0.012) truth_z=3.394 pose=3.3950953881524297
[INFO] [1788328141.618926, 376.920000]: STPUB phase=STAIR_ASCENT world=(0.043,0.800,-0.037) body=(0.791,-0.127,-0.037) truth_z=3.653 pose=3.6532049849744426
[INFO] [1788328143.358385, 377.941000]: STPUB phase=STAIR_ASCENT world=(0.027,0.800,-0.034) body=(0.794,-0.104,-0.034) truth_z=3.927 pose=3.9247280828761344
[INFO] [1788328144.976232, 378.942000]: STPUB phase=STAIR_ASCENT world=(0.060,0.800,-0.052) body=(0.782,-0.177,-0.052) truth_z=4.140 pose=4.139936575645699
[INFO] [1788328145.581031, 379.360000]: Intermediate landing entered at y=4.77 m; starting moving turn.
[INFO] [1788328146.569516, 379.987000]: STPUB phase=STAIR_LANDING_TURN world=(0.750,0.000,-1.181) body=(0.358,-0.659,-1.181) truth_z=4.218 pose=4.217697631240502
[INFO] [1788328148.138644, 381.002000]: STPUB phase=STAIR_LANDING_TURN world=(0.750,0.000,-0.388) body=(0.704,-0.259,-0.388) truth_z=4.205 pose=4.204721929788958
[INFO] [1788328149.569823, 382.010000]: STPUB phase=STAIR_LANDING_TURN world=(0.316,0.000,-0.131) body=(0.314,-0.037,-0.131) truth_z=4.217 pose=4.217348370818104
[INFO] [1788328151.268827, 383.020000]: STPUB phase=STAIR_LANDING_TURN world=(0.000,0.000,-1.200) body=(0.000,0.000,-1.200) truth_z=4.214 pose=4.214153125596868
[INFO] [1788328152.835132, 384.040000]: STPUB phase=STAIR_LANDING_TURN world=(0.000,0.000,-0.591) body=(0.000,0.000,-0.591) truth_z=4.218 pose=4.217813858407531
[INFO] [1788328154.357976, 385.046000]: STPUB phase=STAIR_LANDING_TURN world=(0.000,0.000,-0.288) body=(0.000,0.000,-0.288) truth_z=4.229 pose=4.228880344649072
[INFO] [1788328155.766803, 385.960000]: Flight-B entry aligned: x error=-0.059 m, heading error=-0.148 rad.
[INFO] [1788328155.776309, 385.971000]: Flight-B entry joints saved (12 dofs) -> /root/autodl-tmp/code/restore/0803b/0902overall/results/portable_accept_seed32/flight_b_entry_joints_1.json
[INFO] [1788328155.791734, 385.980000]: ASCENT_B gate: entry_guide=True truth_pose=True start_z=2.912 profile=True heading=-1.571 pose_z=4.230912789219444 truth_z=4.231093623163565
[INFO] [1788328155.795723, 385.990000]: Pre-ascent RL settle: holding zero command until motion is stable for 0.6 s before FixedStand.
[INFO] [1788328155.802347, 385.992000]: Pre-ascent RL settle active: stable 0.00/0.60 s.
[INFO] [1788328156.406013, 386.401000]: Pre-ascent RL motion settled for 0.61 s; settle-only gate complete (FixedStand disabled).
[INFO] [1788328156.488470, 386.420000]: STPUB phase=STAIR_ASCENT_B world=(-0.034,-0.800,-0.065) body=(0.780,-0.181,-0.065) truth_z=4.227 pose=4.227341569130894
[INFO] [1788328157.361084, 387.007000]: ASCENT_B gate: entry_guide=True truth_pose=True start_z=2.912 profile=True heading=-1.571 pose_z=4.2667070625363355 truth_z=4.266025990182112
[INFO] [1788328158.038447, 387.440000]: STPUB phase=STAIR_ASCENT_B world=(0.000,-0.600,-0.042) body=(0.596,-0.072,-0.042) truth_z=4.319 pose=4.319624743772263
[INFO] [1788328158.915671, 388.020000]: ASCENT_B gate: entry_guide=True truth_pose=True start_z=2.912 profile=True heading=-1.571 pose_z=4.434256652693115 truth_z=4.435802712006376
[INFO] [1788328159.562672, 388.460000]: STPUB phase=STAIR_ASCENT_B world=(-0.038,-0.800,0.039) body=(0.799,0.050,0.039) truth_z=4.528 pose=4.528336699669731
[INFO] [1788328160.478938, 389.040000]: ASCENT_B gate: entry_guide=True truth_pose=True start_z=2.912 profile=True heading=-1.571 pose_z=4.636154515353449 truth_z=4.6378632024205535
[INFO] [1788328161.119606, 389.465000]: STPUB phase=STAIR_ASCENT_B world=(0.000,-0.600,0.053) body=(0.593,0.090,0.053) truth_z=4.724 pose=4.722082498158724
[INFO] [1788328161.992796, 390.060000]: ASCENT_B gate: entry_guide=True truth_pose=True start_z=2.912 profile=True heading=-1.571 pose_z=4.851110736386082 truth_z=4.850448878457872
[INFO] [1788328162.618919, 390.486000]: STPUB phase=STAIR_ASCENT_B world=(0.000,-0.800,0.038) body=(0.795,0.086,0.038) truth_z=4.952 pose=4.952216312453811
[INFO] [1788328163.437002, 391.081000]: ASCENT_B gate: entry_guide=True truth_pose=True start_z=2.912 profile=True heading=-1.571 pose_z=5.0773573147996345 truth_z=5.07866857153627
[INFO] [1788328164.048631, 391.500000]: STPUB phase=STAIR_ASCENT_B world=(-0.034,-0.800,0.018) body=(0.801,0.007,0.018) truth_z=5.180 pose=5.181957434516321
[INFO] [1788328164.940063, 392.100000]: ASCENT_B gate: entry_guide=True truth_pose=True start_z=2.912 profile=True heading=-1.571 pose_z=5.322620250617267 truth_z=5.320954919228656
[INFO] [1788328165.513084, 392.501000]: STPUB phase=STAIR_ASCENT_B world=(-0.026,-0.800,0.020) body=(0.800,0.020,0.020) truth_z=5.400 pose=5.40109954085872
[INFO] [1788328166.396878, 393.101000]: ASCENT_B gate: entry_guide=True truth_pose=True start_z=2.912 profile=True heading=-1.571 pose_z=5.491253375220509 truth_z=5.491033530744252
[INFO] [1788328166.906088, 393.421000]: Upper landing entered: gain=2.59 m, clearance=0.01 m; stabilizing for 0.5 s.
[INFO] [1788328167.423435, 393.761000]: Floor-3 landing confirmed after two flights: gain=2.60 m clearance=0.12 m.
[INFO] [1788328168.540436, 394.520000]: Plane policy acknowledged on the upper landing; releasing stair controller ownership.
[FSM]: state: INIT
wait for goal.
[WARN] [1788328177.701542096, 400.271000000]: Plane tilt guard scaling cmd_vel by 0.85 at tilt 0.218 rad
Warning: TF_REPEATED_DATA ignoring data with redundant timestamp for frame sliding_map (parent world) at time 400.300000 according to authority /scan_planner_node
         at line 277 in /tmp/binarydeb/ros-noetic-tf2-0.7.10/src/buffer_core.cpp
Warning: TF_REPEATED_DATA ignoring data with redundant timestamp for frame sliding_map (parent world) at time 400.700000 according to authority /scan_planner_node
         at line 277 in /tmp/binarydeb/ros-noetic-tf2-0.7.10/src/buffer_core.cpp
[FSM]: state: INIT
wait for goal.
[FSM]: state: INIT
wait for goal.
[FSM]: state: INIT
wait for goal.
[FSM]: state: INIT
wait for goal.
[FSM]: state: INIT
wait for goal.
[FSM]: state: INIT
wait for goal.
[FSM]: state: INIT
wait for goal.
[FSM]: state: INIT
wait for goal.
Warning: TF_REPEATED_DATA ignoring data with redundant timestamp for frame sliding_map (parent world) at time 409.698000 according to authority /scan_planner_node
         at line 277 in /tmp/binarydeb/ros-noetic-tf2-0.7.10/src/buffer_core.cpp
[FSM]: state: INIT
wait for goal.
Warning: TF_REPEATED_DATA ignoring data with redundant timestamp for frame sliding_map (parent world) at time 411.298000 according to authority /scan_planner_node
         at line 277 in /tmp/binarydeb/ros-noetic-tf2-0.7.10/src/buffer_core.cpp
Warning: TF_REPEATED_DATA ignoring data with redundant timestamp for frame sliding_map (parent world) at time 411.497000 according to authority /scan_planner_node
         at line 277 in /tmp/binarydeb/ros-noetic-tf2-0.7.10/src/buffer_core.cpp
[FSM]: state: INIT
wait for goal.
[FSM]: state: INIT
wait for goal.
Warning: TF_REPEATED_DATA ignoring data with redundant timestamp for frame sliding_map (parent world) at time 413.701000 according to authority /scan_planner_node
         at line 277 in /tmp/binarydeb/ros-noetic-tf2-0.7.10/src/buffer_core.cpp
[FSM]: state: INIT
wait for goal.
[FSM]: state: INIT
wait for goal.
[FSM]: state: INIT
wait for goal.
Warning: TF_REPEATED_DATA ignoring data with redundant timestamp for frame sliding_map (parent world) at time 416.298000 according to authority /scan_planner_node
         at line 277 in /tmp/binarydeb/ros-noetic-tf2-0.7.10/src/buffer_core.cpp
[FSM]: state: INIT
wait for goal.
Warning: TF_REPEATED_DATA ignoring data with redundant timestamp for frame sliding_map (parent world) at time 417.498000 according to authority /scan_planner_node
         at line 277 in /tmp/binarydeb/ros-noetic-tf2-0.7.10/src/buffer_core.cpp
Warning: TF_REPEATED_DATA ignoring data with redundant timestamp for frame sliding_map (parent world) at time 417.701000 according to authority /scan_planner_node
         at line 277 in /tmp/binarydeb/ros-noetic-tf2-0.7.10/src/buffer_core.cpp
Warning: TF_REPEATED_DATA ignoring data with redundant timestamp for frame sliding_map (parent world) at time 418.115000 according to authority /scan_planner_node
         at line 277 in /tmp/binarydeb/ros-noetic-tf2-0.7.10/src/buffer_core.cpp
Warning: TF_REPEATED_DATA ignoring data with redundant timestamp for frame sliding_map (parent world) at time 418.307000 according to authority /scan_planner_node
         at line 277 in /tmp/binarydeb/ros-noetic-tf2-0.7.10/src/buffer_core.cpp
[FSM]: state: INIT
wait for goal.
Warning: TF_REPEATED_DATA ignoring data with redundant timestamp for frame sliding_map (parent world) at time 418.497000 according to authority /scan_planner_node
         at line 277 in /tmp/binarydeb/ros-noetic-tf2-0.7.10/src/buffer_core.cpp
Warning: TF_REPEATED_DATA ignoring data with redundant timestamp for frame sliding_map (parent world) at time 419.499000 according to authority /scan_planner_node
         at line 277 in /tmp/binarydeb/ros-noetic-tf2-0.7.10/src/buffer_core.cpp
[FSM]: state: INIT
wait for goal.
Warning: TF_REPEATED_DATA ignoring data with redundant timestamp for frame sliding_map (parent world) at time 419.698000 according to authority /scan_planner_node
         at line 277 in /tmp/binarydeb/ros-noetic-tf2-0.7.10/src/buffer_core.cpp
Warning: TF_REPEATED_DATA ignoring data with redundant timestamp for frame sliding_map (parent world) at time 420.097000 according to authority /scan_planner_node
         at line 277 in /tmp/binarydeb/ros-noetic-tf2-0.7.10/src/buffer_core.cpp
Warning: TF_REPEATED_DATA ignoring data with redundant timestamp for frame sliding_map (parent world) at time 420.713000 according to authority /scan_planner_node
         at line 277 in /tmp/binarydeb/ros-noetic-tf2-0.7.10/src/buffer_core.cpp
[FSM]: state: INIT
wait for goal.
Warning: TF_REPEATED_DATA ignoring data with redundant timestamp for frame sliding_map (parent world) at time 421.299000 according to authority /scan_planner_node
         at line 277 in /tmp/binarydeb/ros-noetic-tf2-0.7.10/src/buffer_core.cpp
Warning: TF_REPEATED_DATA ignoring data with redundant timestamp for frame sliding_map (parent world) at time 421.697000 according to authority /scan_planner_node
         at line 277 in /tmp/binarydeb/ros-noetic-tf2-0.7.10/src/buffer_core.cpp
[FSM]: state: INIT
wait for goal.
Warning: TF_REPEATED_DATA ignoring data with redundant timestamp for frame sliding_map (parent world) at time 422.501000 according to authority /scan_planner_node
         at line 277 in /tmp/binarydeb/ros-noetic-tf2-0.7.10/src/buffer_core.cpp
Warning: TF_REPEATED_DATA ignoring data with redundant timestamp for frame sliding_map (parent world) at time 422.900000 according to authority /scan_planner_node
         at line 277 in /tmp/binarydeb/ros-noetic-tf2-0.7.10/src/buffer_core.cpp
Warning: TF_REPEATED_DATA ignoring data with redundant timestamp for frame sliding_map (parent world) at time 423.103000 according to authority /scan_planner_node
         at line 277 in /tmp/binarydeb/ros-noetic-tf2-0.7.10/src/buffer_core.cpp
[FSM]: state: INIT
wait for goal.
Warning: TF_REPEATED_DATA ignoring data with redundant timestamp for frame sliding_map (parent world) at time 424.110000 according to authority /scan_planner_node
         at line 277 in /tmp/binarydeb/ros-noetic-tf2-0.7.10/src/buffer_core.cpp
[FSM]: state: INIT
wait for goal.
Warning: TF_REPEATED_DATA ignoring data with redundant timestamp for frame sliding_map (parent world) at time 425.099000 according to authority /scan_planner_node
         at line 277 in /tmp/binarydeb/ros-noetic-tf2-0.7.10/src/buffer_core.cpp
Warning: TF_REPEATED_DATA ignoring data with redundant timestamp for frame sliding_map (parent world) at time 425.497000 according to authority /scan_planner_node
         at line 277 in /tmp/binarydeb/ros-noetic-tf2-0.7.10/src/buffer_core.cpp
[FSM]: state: INIT
wait for goal.
Warning: TF_REPEATED_DATA ignoring data with redundant timestamp for frame sliding_map (parent world) at time 425.699000 according to authority /scan_planner_node
         at line 277 in /tmp/binarydeb/ros-noetic-tf2-0.7.10/src/buffer_core.cpp
[FSM]: state: INIT
wait for goal.
Warning: TF_REPEATED_DATA ignoring data with redundant timestamp for frame sliding_map (parent world) at time 426.706000 according to authority /scan_planner_node
         at line 277 in /tmp/binarydeb/ros-noetic-tf2-0.7.10/src/buffer_core.cpp
Warning: TF_REPEATED_DATA ignoring data with redundant timestamp for frame sliding_map (parent world) at time 427.105000 according to authority /scan_planner_node
         at line 277 in /tmp/binarydeb/ros-noetic-tf2-0.7.10/src/buffer_core.cpp
Warning: TF_REPEATED_DATA ignoring data with redundant timestamp for frame sliding_map (parent world) at time 427.299000 according to authority /scan_planner_node
         at line 277 in /tmp/binarydeb/ros-noetic-tf2-0.7.10/src/buffer_core.cpp
[FSM]: state: INIT
wait for goal.
Warning: TF_REPEATED_DATA ignoring data with redundant timestamp for frame sliding_map (parent world) at time 428.307000 according to authority /scan_planner_node
         at line 277 in /tmp/binarydeb/ros-noetic-tf2-0.7.10/src/buffer_core.cpp
Warning: TF_REPEATED_DATA ignoring data with redundant timestamp for frame sliding_map (parent world) at time 429.098000 according to authority /scan_planner_node
         at line 277 in /tmp/binarydeb/ros-noetic-tf2-0.7.10/src/buffer_core.cpp
[FSM]: state: INIT
wait for goal.
Warning: TF_REPEATED_DATA ignoring data with redundant timestamp for frame sliding_map (parent world) at time 429.707000 according to authority /scan_planner_node
         at line 277 in /tmp/binarydeb/ros-noetic-tf2-0.7.10/src/buffer_core.cpp
Warning: TF_REPEATED_DATA ignoring data with redundant timestamp for frame sliding_map (parent world) at time 429.899000 according to authority /scan_planner_node
         at line 277 in /tmp/binarydeb/ros-noetic-tf2-0.7.10/src/buffer_core.cpp
[FSM]: state: INIT
wait for goal.
Warning: TF_REPEATED_DATA ignoring data with redundant timestamp for frame sliding_map (parent world) at time 430.497000 according to authority /scan_planner_node
         at line 277 in /tmp/binarydeb/ros-noetic-tf2-0.7.10/src/buffer_core.cpp
[FSM]: state: INIT
wait for goal.
Warning: TF_REPEATED_DATA ignoring data with redundant timestamp for frame sliding_map (parent world) at time 431.905000 according to authority /scan_planner_node
         at line 277 in /tmp/binarydeb/ros-noetic-tf2-0.7.10/src/buffer_core.cpp
[FSM]: state: INIT
wait for goal.
Warning: TF_REPEATED_DATA ignoring data with redundant timestamp for frame sliding_map (parent world) at time 433.497000 according to authority /scan_planner_node
         at line 277 in /tmp/binarydeb/ros-noetic-tf2-0.7.10/src/buffer_core.cpp
[FSM]: state: INIT
wait for goal.
[FSM]: state: INIT
wait for goal.
Warning: TF_REPEATED_DATA ignoring data with redundant timestamp for frame sliding_map (parent world) at time 435.098000 according to authority /scan_planner_node
         at line 277 in /tmp/binarydeb/ros-noetic-tf2-0.7.10/src/buffer_core.cpp
[FSM]: state: INIT
wait for goal.
[FSM]: state: INIT
wait for goal.
Warning: TF_REPEATED_DATA ignoring data with redundant timestamp for frame sliding_map (parent world) at time 437.308000 according to authority /scan_planner_node
         at line 277 in /tmp/binarydeb/ros-noetic-tf2-0.7.10/src/buffer_core.cpp
[FSM]: state: INIT
wait for goal.
Warning: TF_REPEATED_DATA ignoring data with redundant timestamp for frame sliding_map (parent world) at time 439.097000 according to authority /scan_planner_node
         at line 277 in /tmp/binarydeb/ros-noetic-tf2-0.7.10/src/buffer_core.cpp
[INFO] [1788328168.489009613, 394.508000000]: RL locomotion_ready latched after 0.67 s takeover and 0.67 s stable hold
[INFO] [1788328169.544936604, 395.195000000]: RL policy input vx=0.000 vy=0.000 wz=1.150 action_rms=0.161 ready=1 userCmd=0 kbd=0 raw=0.000,0.000,1.150 grav=-0.01,0.01,-0.98
[INFO] [1788328172.804078234, 397.200000000]: RL policy input vx=0.000 vy=0.000 wz=0.196 action_rms=0.146 ready=1 userCmd=0 kbd=0 raw=0.000,0.000,0.196 grav=0.02,-0.01,-0.98
[INFO] [1788328176.053545098, 399.217000000]: RL policy input vx=0.175 vy=0.450 wz=1.150 action_rms=0.212 ready=1 userCmd=0 kbd=0 raw=0.175,0.450,1.150 grav=0.04,-0.02,-0.98
[INFO] [1788328179.178633748, 401.229000000]: RL policy input vx=2.248 vy=0.084 wz=0.041 action_rms=0.333 ready=1 userCmd=0 kbd=0 raw=2.248,0.084,0.041 grav=0.02,0.03,-0.98
[INFO] [1788328182.570487504, 403.229000000]: RL policy input vx=2.250 vy=-0.009 wz=-0.005 action_rms=0.263 ready=1 userCmd=0 kbd=0 raw=2.250,-0.009,-0.005 grav=-0.03,-0.07,-0.98
[INFO] [1788328185.815186223, 405.234000000]: RL policy input vx=2.248 vy=0.105 wz=0.051 action_rms=0.435 ready=1 userCmd=0 kbd=0 raw=2.248,0.105,0.051 grav=-0.00,0.02,-0.98
[INFO] [1788328188.994473318, 407.235000000]: RL policy input vx=1.324 vy=0.204 wz=0.172 action_rms=0.268 ready=1 userCmd=0 kbd=0 raw=1.324,0.204,0.172 grav=0.08,-0.05,-0.98
[INFO] [1788328192.153417755, 409.238000000]: RL policy input vx=0.000 vy=0.000 wz=0.708 action_rms=0.181 ready=1 userCmd=0 kbd=0 raw=0.000,0.000,0.708 grav=0.03,0.04,-0.98
[INFO] [1788328195.297737159, 411.249000000]: RL policy input vx=0.449 vy=0.000 wz=0.088 action_rms=0.266 ready=1 userCmd=0 kbd=0 raw=0.449,0.000,0.088 grav=-0.01,-0.03,-0.98
[INFO] [1788328198.247497596, 413.259000000]: RL policy input vx=0.450 vy=0.000 wz=-0.003 action_rms=0.161 ready=1 userCmd=0 kbd=0 raw=0.450,0.000,-0.003 grav=0.01,-0.01,-0.98
[INFO] [1788328201.339276105, 415.264000000]: RL policy input vx=2.145 vy=0.017 wz=0.009 action_rms=0.435 ready=1 userCmd=0 kbd=0 raw=2.145,0.017,0.009 grav=-0.00,-0.04,-0.98
[INFO] [1788328204.369006979, 417.277000000]: RL policy input vx=0.526 vy=0.019 wz=0.040 action_rms=0.149 ready=1 userCmd=0 kbd=0 raw=0.526,0.019,0.040 grav=0.03,-0.04,-0.98
[INFO] [1788328207.182498903, 419.280000000]: RL policy input vx=0.000 vy=0.000 wz=2.550 action_rms=0.372 ready=1 userCmd=0 kbd=0 raw=0.000,0.000,2.550 grav=0.00,0.03,-0.98
[INFO] [1788328210.323009657, 421.279000000]: RL policy input vx=0.000 vy=0.000 wz=-1.114 action_rms=0.234 ready=1 userCmd=0 kbd=0 raw=0.000,0.000,-1.114 grav=0.01,-0.01,-0.98
[INFO] [1788328213.460460023, 423.291000000]: RL policy input vx=1.373 vy=-0.727 wz=-0.530 action_rms=0.363 ready=1 userCmd=0 kbd=0 raw=1.373,-0.727,-0.530 grav=-0.05,-0.08,-0.98
[INFO] [1788328216.585112432, 425.293000000]: RL policy input vx=0.223 vy=0.000 wz=-0.122 action_rms=0.150 ready=1 userCmd=0 kbd=0 raw=0.223,0.000,-0.122 grav=0.02,-0.01,-0.98
[INFO] [1788328219.581282541, 427.306000000]: RL policy input vx=0.000 vy=0.000 wz=-2.183 action_rms=0.135 ready=1 userCmd=0 kbd=0 raw=0.000,0.000,-2.183 grav=0.01,0.02,-0.98
[INFO] [1788328222.695845441, 429.307000000]: RL policy input vx=0.618 vy=0.028 wz=0.050 action_rms=0.306 ready=1 userCmd=0 kbd=0 raw=0.618,0.028,0.050 grav=0.06,-0.05,-0.98
[INFO] [1788328225.760423463, 431.311000000]: RL policy input vx=0.000 vy=0.000 wz=-0.383 action_rms=0.149 ready=1 userCmd=0 kbd=0 raw=0.000,0.000,-0.383 grav=0.02,-0.01,-0.98
[INFO] [1788328228.727813822, 433.329000000]: RL policy input vx=0.448 vy=0.000 wz=-0.096 action_rms=0.217 ready=1 userCmd=0 kbd=0 raw=0.448,0.000,-0.096 grav=0.00,-0.02,-0.98
[INFO] [1788328231.677215855, 435.344000000]: RL policy input vx=0.449 vy=0.000 wz=-0.073 action_rms=0.156 ready=1 userCmd=0 kbd=0 raw=0.449,0.000,-0.073 grav=0.01,-0.01,-0.98
[INFO] [1788328234.547942157, 437.362000000]: RL policy input vx=0.339 vy=0.011 wz=0.034 action_rms=0.272 ready=1 userCmd=0 kbd=0 raw=0.339,0.011,0.034 grav=0.02,-0.02,-0.98
[INFO] [1788328237.517777426, 439.370000000]: RL policy input vx=0.450 vy=0.000 wz=-0.002 action_rms=0.156 ready=1 userCmd=0 kb[FSM]: state: INIT
wait for goal.
[FSM]: state: INIT
wait for goal.
Warning: TF_REPEATED_DATA ignoring data with redundant timestamp for frame sliding_map (parent world) at time 440.697000 according to authority /scan_planner_node
         at line 277 in /tmp/binarydeb/ros-noetic-tf2-0.7.10/src/buffer_core.cpp
[FSM]: state: INIT
wait for goal.
[FSM]: state: INIT
wait for goal.
Warning: TF_REPEATED_DATA ignoring data with redundant timestamp for frame sliding_map (parent world) at time 443.897000 according to authority /scan_planner_node
         at line 277 in /tmp/binarydeb/ros-noetic-tf2-0.7.10/src/buffer_core.cpp
[FSM]: state: INIT
wait for goal.
Warning: TF_REPEATED_DATA ignoring data with redundant timestamp for frame sliding_map (parent world) at time 444.510000 according to authority /scan_planner_node
         at line 277 in /tmp/binarydeb/ros-noetic-tf2-0.7.10/src/buffer_core.cpp
Warning: TF_REPEATED_DATA ignoring data with redundant timestamp for frame sliding_map (parent world) at time 444.699000 according to authority /scan_planner_node
         at line 277 in /tmp/binarydeb/ros-noetic-tf2-0.7.10/src/buffer_core.cpp
Warning: TF_REPEATED_DATA ignoring data with redundant timestamp for frame sliding_map (parent world) at time 444.902000 according to authority /scan_planner_node
         at line 277 in /tmp/binarydeb/ros-noetic-tf2-0.7.10/src/buffer_core.cpp
Warning: TF_REPEATED_DATA ignoring data with redundant timestamp for frame sliding_map (parent world) at time 445.100000 according to authority /scan_planner_node
         at line 277 in /tmp/binarydeb/ros-noetic-tf2-0.7.10/src/buffer_core.cpp
[FSM]: state: INIT
wait for goal.
Warning: TF_REPEATED_DATA ignoring data with redundant timestamp for frame sliding_map (parent world) at time 445.506000 according to authority /scan_planner_node
         at line 277 in /tmp/binarydeb/ros-noetic-tf2-0.7.10/src/buffer_core.cpp
Warning: TF_REPEATED_DATA ignoring data with redundant timestamp for frame sliding_map (parent world) at time 445.901000 according to authority /scan_planner_node
         at line 277 in /tmp/binarydeb/ros-noetic-tf2-0.7.10/src/buffer_core.cpp
Warning: TF_REPEATED_DATA ignoring data with redundant timestamp for frame sliding_map (parent world) at time 446.101000 according to authority /scan_planner_node
         at line 277 in /tmp/binarydeb/ros-noetic-tf2-0.7.10/src/buffer_core.cpp
Warning: TF_REPEATED_DATA ignoring data with redundant timestamp for frame sliding_map (parent world) at time 446.302000 according to authority /scan_planner_node
         at line 277 in /tmp/binarydeb/ros-noetic-tf2-0.7.10/src/buffer_core.cpp
[FSM]: state: INIT
wait for goal.
Warning: TF_REPEATED_DATA ignoring data with redundant timestamp for frame sliding_map (parent world) at time 446.701000 according to authority /scan_planner_node
         at line 277 in /tmp/binarydeb/ros-noetic-tf2-0.7.10/src/buffer_core.cpp
Warning: TF_REPEATED_DATA ignoring data with redundant timestamp for frame sliding_map (parent world) at time 447.098000 according to authority /scan_planner_node
         at line 277 in /tmp/binarydeb/ros-noetic-tf2-0.7.10/src/buffer_core.cpp
Warning: TF_REPEATED_DATA ignoring data with redundant timestamp for frame sliding_map (parent world) at time 447.317000 according to authority /scan_planner_node
         at line 277 in /tmp/binarydeb/ros-noetic-tf2-0.7.10/src/buffer_core.cpp
Warning: TF_REPEATED_DATA ignoring data with redundant timestamp for frame sliding_map (parent world) at time 447.505000 according to authority /scan_planner_node
         at line 277 in /tmp/binarydeb/ros-noetic-tf2-0.7.10/src/buffer_core.cpp
Warning: TF_REPEATED_DATA ignoring data with redundant timestamp for frame sliding_map (parent world) at time 447.902000 according to authority /scan_planner_node
         at line 277 in /tmp/binarydeb/ros-noetic-tf2-0.7.10/src/buffer_core.cpp
[FSM]: state: INIT
wait for goal.
Warning: TF_REPEATED_DATA ignoring data with redundant timestamp for frame sliding_map (parent world) at time 448.302000 according to authority /scan_planner_node
         at line 277 in /tmp/binarydeb/ros-noetic-tf2-0.7.10/src/buffer_core.cpp
Warning: TF_REPEATED_DATA ignoring data with redundant timestamp for frame sliding_map (parent world) at time 448.499000 according to authority /scan_planner_node
         at line 277 in /tmp/binarydeb/ros-noetic-tf2-0.7.10/src/buffer_core.cpp
Warning: TF_REPEATED_DATA ignoring data with redundant timestamp for frame sliding_map (parent world) at time 448.701000 according to authority /scan_planner_node
         at line 277 in /tmp/binarydeb/ros-noetic-tf2-0.7.10/src/buffer_core.cpp
Warning: TF_REPEATED_DATA ignoring data with redundant timestamp for frame sliding_map (parent world) at time 448.897000 according to authority /scan_planner_node
         at line 277 in /tmp/binarydeb/ros-noetic-tf2-0.7.10/src/buffer_core.cpp
[FSM]: state: INIT
wait for goal.
Warning: TF_REPEATED_DATA ignoring data with redundant timestamp for frame sliding_map (parent world) at time 450.106000 according to authority /scan_planner_node
         at line 277 in /tmp/binarydeb/ros-noetic-tf2-0.7.10/src/buffer_core.cpp
[FSM]: state: INIT
wait for goal.
Warning: TF_REPEATED_DATA ignoring data with redundant timestamp for frame sliding_map (parent world) at time 451.307000 according to authority /scan_planner_node
         at line 277 in /tmp/binarydeb/ros-noetic-tf2-0.7.10/src/buffer_core.cpp
[FSM]: state: INIT
wait for goal.
[FSM]: state: INIT
wait for goal.
Warning: TF_REPEATED_DATA ignoring data with redundant timestamp for frame sliding_map (parent world) at time 452.901000 according to authority /scan_planner_node
         at line 277 in /tmp/binarydeb/ros-noetic-tf2-0.7.10/src/buffer_core.cpp
Warning: TF_REPEATED_DATA ignoring data with redundant timestamp for frame sliding_map (parent world) at time 453.100000 according to authority /scan_planner_node
         at line 277 in /tmp/binarydeb/ros-noetic-tf2-0.7.10/src/buffer_core.cpp
Warning: TF_REPEATED_DATA ignoring data with redundant timestamp for frame sliding_map (parent world) at time 453.299000 according to authority /scan_planner_node
         at line 277 in /tmp/binarydeb/ros-noetic-tf2-0.7.10/src/buffer_core.cpp
Warning: TF_REPEATED_DATA ignoring data with redundant timestamp for frame sliding_map (parent world) at time 453.702000 according to authority /scan_planner_node
         at line 277 in /tmp/binarydeb/ros-noetic-tf2-0.7.10/src/buffer_core.cpp
[FSM]: state: INIT
wait for goal.
Warning: TF_REPEATED_DATA ignoring data with redundant timestamp for frame sliding_map (parent world) at time 453.916000 according to authority /scan_planner_node
         at line 277 in /tmp/binarydeb/ros-noetic-tf2-0.7.10/src/buffer_core.cpp
Warning: TF_REPEATED_DATA ignoring data with redundant timestamp for frame sliding_map (parent world) at time 454.301000 according to authority /scan_planner_node
         at line 277 in /tmp/binarydeb/ros-noetic-tf2-0.7.10/src/buffer_core.cpp
Warning: TF_REPEATED_DATA ignoring data with redundant timestamp for frame sliding_map (parent world) at time 454.499000 according to authority /scan_planner_node
         at line 277 in /tmp/binarydeb/ros-noetic-tf2-0.7.10/src/buffer_core.cpp
Warning: TF_REPEATED_DATA ignoring data with redundant timestamp for frame sliding_map (parent world) at time 454.701000 according to authority /scan_planner_node
         at line 277 in /tmp/binarydeb/ros-noetic-tf2-0.7.10/src/buffer_core.cpp
[FSM]: state: INIT
wait for goal.
Warning: TF_REPEATED_DATA ignoring data with redundant timestamp for frame sliding_map (parent world) at time 455.498000 according to authority /scan_planner_node
         at line 277 in /tmp/binarydeb/ros-noetic-tf2-0.7.10/src/buffer_core.cpp
Warning: TF_REPEATED_DATA ignoring data with redundant timestamp for frame sliding_map (parent world) at time 455.898000 according to authority /scan_planner_node
         at line 277 in /tmp/binarydeb/ros-noetic-tf2-0.7.10/src/buffer_core.cpp
[FSM]: state: INIT
wait for goal.
Warning: TF_REPEATED_DATA ignoring data with redundant timestamp for frame sliding_map (parent world) at time 456.500000 according to authority /scan_planner_node
         at line 277 in /tmp/binarydeb/ros-noetic-tf2-0.7.10/src/buffer_core.cpp
Warning: TF_REPEATED_DATA ignoring data with redundant timestamp for frame sliding_map (parent world) at time 457.103000 according to authority /scan_planner_node
         at line 277 in /tmp/binarydeb/ros-noetic-tf2-0.7.10/src/buffer_core.cpp
[FSM]: state: INIT
wait for goal.
[FSM]: state: INIT
wait for goal.
[FSM]: state: INIT
wait for goal.
Warning: TF_REPEATED_DATA ignoring data with redundant timestamp for frame sliding_map (parent world) at time 460.703000 according to authority /scan_planner_node
         at line 277 in /tmp/binarydeb/ros-noetic-tf2-0.7.10/src/buffer_core.cpp
[FSM]: state: INIT
wait for goal.
[FSM]: state: INIT
wait for goal.
[FSM]: state: INIT
wait for goal.
Warning: TF_REPEATED_DATA ignoring data with redundant timestamp for frame sliding_map (parent world) at time 463.517000 according to authority /scan_planner_node
         at line 277 in /tmp/binarydeb/ros-noetic-tf2-0.7.10/src/buffer_core.cpp
[FSM]: state: INIT
wait for goal.
[FSM]: state: INIT
wait for goal.
[FSM]: state: INIT
wait for goal.
[FSM]: state: INIT
wait for goal.
[FSM]: state: INIT
wait for goal.
[FSM]: state: INIT
wait for goal.
[FSM]: state: INIT
wait for goal.
[FSM]: state: INIT
wait for goal.
[FSM]: state: INIT
wait for goal.
Warning: TF_REPEATED_DATA ignoring data with redundant timestamp for frame sliding_map (parent world) at time 473.308000 according to authority /scan_planner_node
         at line 277 in /tmp/binarydeb/ros-noetic-tf2-0.7.10/src/buffer_core.cpp
[FSM]: state: INIT
wait for goal.
Warning: TF_REPEATED_DATA ignoring data with redundant timestamp for frame sliding_map (parent world) at time 474.902000 according to authority /scan_planner_node
         at line 277 in /tmp/binarydeb/ros-noetic-tf2-0.7.10/src/buffer_core.cpp
[FSM]: state: INIT
wait for goal.
[FSM]: state: INIT
wait for goal.
[FSM]: state: INIT
wait for goal.
Warning: TF_REPEATED_DATA ignoring data with redundant timestamp for frame sliding_map (parent world) at time 478.498000 according to authority /scan_planner_node
         at line 277 in /tmp/binarydeb/ros-noetic-tf2-0.7.10/src/buffer_core.cpp
[FSM]: state: INIT
wait for goal.
[FSM]: state: INIT
wait for goal.
Warning: TF_REPEATED_DATA ignoring data with redundant timestamp for frame sliding_map (parent world) at time 480.100000 according to authority /scan_planner_node
         at line 277 in /tmp/binarydeb/ros-noetic-tf2-0.7.10/src/buffer_core.cpp
[FSM]: state: INIT
wait for goal.
Warning: TF_REPEATED_DATA ignoring data with redundant timestamp for frame sliding_map (parent world) at time 481.299000 according to authority /scan_planner_node
         at line 277 in /tmp/binarydeb/ros-noetic-tf2-0.7.10/src/buffer_core.cpp
[FSM]: state: INIT
wait for goal.
[FSM]: state: INIT
wait for goal.
Warning: TF_REPEATED_DATA ignoring data with redundant timestamp for frame sliding_map (parent world) at time 483.697000 according to authority /scan_planner_node
         at line 277 in /tmp/binarydeb/ros-noetic-tf2-0.7.10/src/buffer_core.cpp
Warning: TF_REPEATED_DATA ignoring data with redundant timestamp for frame sliding_map (parent world) at time 484.102000 according to authority /scan_planner_node
         at line 277 in /tmp/binarydeb/ros-noetic-tf2-0.7.10/src/buffer_core.cpp
[FSM]: state: INIT
wait for goal.
Warning: TF_REPEATED_DATA ignoring data with redundant timestamp for frame sliding_map (parent world) at time 484.911000 according to authority /scan_planner_node
         at line 277 in /tmp/binarydeb/ros-noetic-tf2-0.7.10/src/buffer_core.cpp
Warning: TF_REPEATED_DATA ignoring data with redundant timestamp for frame sliding_map (parent world) at time 485.308000 according to authority /scan_planner_node
         at line 277 in /tmp/binarydeb/ros-noetic-tf2-0.7.10/src/buffer_core.cpp
[FSM]: state: INIT
wait for goal.
Warning: TF_REPEATED_DATA ignoring data with redundant timestamp for frame sliding_map (parent world) at time 486.297000 according to authority /scan_planner_node
         at line 277 in /tmp/binarydeb/ros-noetic-tf2-0.7.10/src/buffer_core.cpp
Warning: TF_REPEATED_DATA ignoring data with redundant timestamp for frame sliding_map (parent world) at time 486.501000 according to authority /scan_planner_node
         at line 277 in /tmp/binarydeb/ros-noetic-tf2-0.7.10/src/buffer_core.cpp
[FSM]: state: INIT
wait for goal.
d=0 raw=0.450,0.000,-0.002 grav=0.01,-0.02,-0.98
[INFO] [1788328240.458936847, 441.389000000]: RL policy input vx=0.314 vy=0.000 wz=-0.055 action_rms=0.243 ready=1 userCmd=0 kbd=0 raw=0.314,0.000,-0.055 grav=0.01,-0.03,-0.98
[INFO] [1788328243.377283046, 443.410000000]: RL policy input vx=1.622 vy=0.092 wz=0.063 action_rms=0.279 ready=1 userCmd=0 kbd=0 raw=1.622,0.092,0.063 grav=0.07,-0.04,-0.98
[INFO] [1788328246.131008897, 445.425000000]: RL policy input vx=0.000 vy=0.000 wz=-0.306 action_rms=0.218 ready=1 userCmd=0 kbd=0 raw=0.000,0.000,-0.306 grav=0.01,-0.02,-0.98
[INFO] [1788328249.086665010, 447.443000000]: RL policy input vx=0.000 vy=0.000 wz=-1.959 action_rms=0.340 ready=1 userCmd=0 kbd=0 raw=0.000,0.000,-1.959 grav=-0.01,0.01,-0.98
[INFO] [1788328252.131031343, 449.452000000]: RL policy input vx=0.520 vy=0.732 wz=1.030 action_rms=0.179 ready=1 userCmd=0 kbd=0 raw=0.520,0.732,1.030 grav=0.00,0.02,-0.98
[INFO] [1788328255.219014032, 451.453000000]: RL policy input vx=0.296 vy=0.046 wz=0.170 action_rms=0.147 ready=1 userCmd=0 kbd=0 raw=0.296,0.046,0.170 grav=0.03,0.01,-0.98
[INFO] [1788328258.154191971, 453.461000000]: RL policy input vx=0.000 vy=0.000 wz=2.550 action_rms=0.150 ready=1 userCmd=0 kbd=0 raw=0.000,0.000,2.550 grav=0.01,0.00,-0.98
[INFO] [1788328261.202608164, 455.464000000]: RL policy input vx=1.199 vy=0.310 wz=0.278 action_rms=0.177 ready=1 userCmd=0 kbd=0 raw=1.199,0.310,0.278 grav=0.01,-0.01,-0.98
[INFO] [1788328264.263064558, 457.478000000]: RL policy input vx=0.446 vy=0.000 wz=0.151 action_rms=0.162 ready=1 userCmd=0 kbd=0 raw=0.446,0.000,0.151 grav=0.02,-0.01,-0.98
[INFO] [1788328267.314969295, 459.489000000]: RL policy input vx=0.450 vy=0.000 wz=0.007 action_rms=0.272 ready=1 userCmd=0 kbd=0 raw=0.450,0.000,0.007 grav=0.00,-0.02,-0.98
[INFO] [1788328270.412869982, 461.488000000]: RL policy input vx=0.560 vy=-0.000 wz=-0.001 action_rms=0.237 ready=1 userCmd=0 kbd=0 raw=0.560,-0.000,-0.001 grav=-0.01,-0.04,-0.98
[INFO] [1788328273.338448221, 463.496000000]: RL policy input vx=2.137 vy=-0.703 wz=-0.350 action_rms=0.290 ready=1 userCmd=0 kbd=0 raw=2.137,-0.703,-0.350 grav=0.03,-0.08,-0.98
[INFO] [1788328276.347282837, 465.503000000]: RL policy input vx=2.234 vy=-0.266 wz=-0.130 action_rms=0.327 ready=1 userCmd=0 kbd=0 raw=2.234,-0.266,-0.130 grav=0.05,0.01,-0.98
[INFO] [1788328279.395423969, 467.502000000]: RL policy input vx=2.249 vy=-0.078 wz=-0.038 action_rms=0.292 ready=1 userCmd=0 kbd=0 raw=2.249,-0.078,-0.038 grav=0.02,0.01,-0.98
[INFO] [1788328282.414322116, 469.509000000]: RL policy input vx=2.246 vy=0.132 wz=0.065 action_rms=0.335 ready=1 userCmd=0 kbd=0 raw=2.246,0.132,0.065 grav=-0.03,-0.11,-0.97
[INFO] [1788328285.671030562, 471.528000000]: RL policy input vx=0.399 vy=0.210 wz=0.533 action_rms=0.208 ready=1 userCmd=0 kbd=0 raw=0.399,0.210,0.533 grav=0.01,0.03,-0.98
[INFO] [1788328288.786874043, 473.546000000]: RL policy input vx=0.446 vy=0.000 wz=0.147 action_rms=0.177 ready=1 userCmd=0 kbd=0 raw=0.446,0.000,0.147 grav=0.01,-0.01,-0.98
[INFO] [1788328291.712987027, 475.565000000]: RL policy input vx=0.450 vy=0.000 wz=0.019 action_rms=0.264 ready=1 userCmd=0 kbd=0 raw=0.450,0.000,0.019 grav=0.00,-0.02,-0.98
[INFO] [1788328294.822677544, 477.569000000]: RL policy input vx=1.621 vy=0.750 wz=0.473 action_rms=0.283 ready=1 userCmd=0 kbd=0 raw=1.621,0.750,0.473 grav=-0.00,-0.05,-0.98
[INFO] [1788328297.834662183, 479.581000000]: RL policy input vx=1.121 vy=0.103 wz=0.101 action_rms=0.263 ready=1 userCmd=0 kbd=0 raw=1.121,0.103,0.101 grav=0.03,-0.05,-0.98
[INFO] [1788328300.969608549, 481.588000000]: RL policy input vx=0.000 vy=0.000 wz=-1.798 action_rms=0.300 ready=1 userCmd=0 kbd=0 raw=0.000,0.000,-1.798 grav=0.02,-0.00,-0.98
[INFO] [1788328304.241281769, 483.591000000]: RL policy input vx=0.000 vy=0.200 wz=-0.462 action_rms=0.252 ready=1 userCmd=0 kbd=0 raw=0.000,0.200,-0.462 grav=0.02,-0.02,-0.98
[INFO] [1788328307.423653341, 485.608000000]: RL policy input vx=0.503 vy=0.144 wz=0.308 action_rms=0.357 ready=1 userCmd=0 kbd=0 raw=0.503,0.144,0.308 grav=0.03,0.06,-0.98
[INFO] [1788328310.4710Warning: TF_REPEATED_DATA ignoring data with redundant timestamp for frame sliding_map (parent world) at time 487.705000 according to authority /scan_planner_node
         at line 277 in /tmp/binarydeb/ros-noetic-tf2-0.7.10/src/buffer_core.cpp
[FSM]: state: INIT
wait for goal.
[FSM]: state: INIT
wait for goal.
Warning: TF_REPEATED_DATA ignoring data with redundant timestamp for frame sliding_map (parent world) at time 489.498000 according to authority /scan_planner_node
         at line 277 in /tmp/binarydeb/ros-noetic-tf2-0.7.10/src/buffer_core.cpp
Warning: TF_REPEATED_DATA ignoring data with redundant timestamp for frame sliding_map (parent world) at time 490.102000 according to authority /scan_planner_node
         at line 277 in /tmp/binarydeb/ros-noetic-tf2-0.7.10/src/buffer_core.cpp
[FSM]: state: INIT
wait for goal.
Warning: TF_REPEATED_DATA ignoring data with redundant timestamp for frame sliding_map (parent world) at time 490.502000 according to authority /scan_planner_node
         at line 277 in /tmp/binarydeb/ros-noetic-tf2-0.7.10/src/buffer_core.cpp
Warning: TF_REPEATED_DATA ignoring data with redundant timestamp for frame sliding_map (parent world) at time 490.703000 according to authority /scan_planner_node
         at line 277 in /tmp/binarydeb/ros-noetic-tf2-0.7.10/src/buffer_core.cpp
[FSM]: state: INIT
wait for goal.
[FSM]: state: INIT
wait for goal.
Warning: TF_REPEATED_DATA ignoring data with redundant timestamp for frame sliding_map (parent world) at time 493.298000 according to authority /scan_planner_node
         at line 277 in /tmp/binarydeb/ros-noetic-tf2-0.7.10/src/buffer_core.cpp
[FSM]: state: INIT
wait for goal.
Warning: TF_REPEATED_DATA ignoring data with redundant timestamp for frame sliding_map (parent world) at time 494.298000 according to authority /scan_planner_node
         at line 277 in /tmp/binarydeb/ros-noetic-tf2-0.7.10/src/buffer_core.cpp
[FSM]: state: INIT
wait for goal.
[FSM]: state: INIT
wait for goal.
Warning: TF_REPEATED_DATA ignoring data with redundant timestamp for frame sliding_map (parent world) at time 496.107000 according to authority /scan_planner_node
         at line 277 in /tmp/binarydeb/ros-noetic-tf2-0.7.10/src/buffer_core.cpp
Warning: TF_REPEATED_DATA ignoring data with redundant timestamp for frame sliding_map (parent world) at time 496.905000 according to authority /scan_planner_node
         at line 277 in /tmp/binarydeb/ros-noetic-tf2-0.7.10/src/buffer_core.cpp
[FSM]: state: INIT
wait for goal.
[FSM]: state: INIT
wait for goal.
[FSM]: state: INIT
wait for goal.
[FSM]: state: INIT
wait for goal.
[FSM]: state: INIT
wait for goal.
[FSM]: state: INIT
wait for goal.
Warning: TF_REPEATED_DATA ignoring data with redundant timestamp for frame sliding_map (parent world) at time 503.899000 according to authority /scan_planner_node
         at line 277 in /tmp/binarydeb/ros-noetic-tf2-0.7.10/src/buffer_core.cpp
[FSM]: state: INIT
wait for goal.
[FSM]: state: INIT
wait for goal.
Warning: TF_REPEATED_DATA ignoring data with redundant timestamp for frame sliding_map (parent world) at time 506.302000 according to authority /scan_planner_node
         at line 277 in /tmp/binarydeb/ros-noetic-tf2-0.7.10/src/buffer_core.cpp
[FSM]: state: INIT
wait for goal.
Warning: TF_REPEATED_DATA ignoring data with redundant timestamp for frame sliding_map (parent world) at time 506.501000 according to authority /scan_planner_node
         at line 277 in /tmp/binarydeb/ros-noetic-tf2-0.7.10/src/buffer_core.cpp
Warning: TF_REPEATED_DATA ignoring data with redundant timestamp for frame sliding_map (parent world) at time 506.701000 according to authority /scan_planner_node
         at line 277 in /tmp/binarydeb/ros-noetic-tf2-0.7.10/src/buffer_core.cpp
Warning: TF_REPEATED_DATA ignoring data with redundant timestamp for frame sliding_map (parent world) at time 506.900000 according to authority /scan_planner_node
         at line 277 in /tmp/binarydeb/ros-noetic-tf2-0.7.10/src/buffer_core.cpp
Warning: TF_REPEATED_DATA ignoring data with redundant timestamp for frame sliding_map (parent world) at time 507.098000 according to authority /scan_planner_node
         at line 277 in /tmp/binarydeb/ros-noetic-tf2-0.7.10/src/buffer_core.cpp
Warning: TF_REPEATED_DATA ignoring data with redundant timestamp for frame sliding_map (parent world) at time 507.300000 according to authority /scan_planner_node
         at line 277 in /tmp/binarydeb/ros-noetic-tf2-0.7.10/src/buffer_core.cpp
Warning: TF_REPEATED_DATA ignoring data with redundant timestamp for frame sliding_map (parent world) at time 507.497000 according to authority /scan_planner_node
         at line 277 in /tmp/binarydeb/ros-noetic-tf2-0.7.10/src/buffer_core.cpp
[FSM]: state: INIT
wait for goal.
Warning: TF_REPEATED_DATA ignoring data with redundant timestamp for frame sliding_map (parent world) at time 508.102000 according to authority /scan_planner_node
         at line 277 in /tmp/binarydeb/ros-noetic-tf2-0.7.10/src/buffer_core.cpp
Warning: TF_REPEATED_DATA ignoring data with redundant timestamp for frame sliding_map (parent world) at time 508.811000 according to authority /scan_planner_node
         at line 277 in /tmp/binarydeb/ros-noetic-tf2-0.7.10/src/buffer_core.cpp
[FSM]: state: INIT
wait for goal.
Warning: TF_REPEATED_DATA ignoring data with redundant timestamp for frame sliding_map (parent world) at time 509.402000 according to authority /scan_planner_node
         at line 277 in /tmp/binarydeb/ros-noetic-tf2-0.7.10/src/buffer_core.cpp
Warning: TF_REPEATED_DATA ignoring data with redundant timestamp for frame sliding_map (parent world) at time 509.597000 according to authority /scan_planner_node
         at line 277 in /tmp/binarydeb/ros-noetic-tf2-0.7.10/src/buffer_core.cpp
Warning: TF_REPEATED_DATA ignoring data with redundant timestamp for frame sliding_map (parent world) at time 510.201000 according to authority /scan_planner_node
         at line 277 in /tmp/binarydeb/ros-noetic-tf2-0.7.10/src/buffer_core.cpp
[FSM]: state: INIT
wait for goal.
Warning: TF_REPEATED_DATA ignoring data with redundant timestamp for frame sliding_map (parent world) at time 510.400000 according to authority /scan_planner_node
         at line 277 in /tmp/binarydeb/ros-noetic-tf2-0.7.10/src/buffer_core.cpp
Warning: TF_REPEATED_DATA ignoring data with redundant timestamp for frame sliding_map (parent world) at time 510.599000 according to authority /scan_planner_node
         at line 277 in /tmp/binarydeb/ros-noetic-tf2-0.7.10/src/buffer_core.cpp
Warning: TF_REPEATED_DATA ignoring data with redundant timestamp for frame sliding_map (parent world) at time 510.799000 according to authority /scan_planner_node
         at line 277 in /tmp/binarydeb/ros-noetic-tf2-0.7.10/src/buffer_core.cpp
[FSM]: state: INIT
wait for goal.
[FSM]: state: INIT
wait for goal.
Warning: TF_REPEATED_DATA ignoring data with redundant timestamp for frame sliding_map (parent world) at time 513.000000 according to authority /scan_planner_node
         at line 277 in /tmp/binarydeb/ros-noetic-tf2-0.7.10/src/buffer_core.cpp
Warning: TF_REPEATED_DATA ignoring data with redundant timestamp for frame sliding_map (parent world) at time 513.208000 according to authority /scan_planner_node
         at line 277 in /tmp/binarydeb/ros-noetic-tf2-0.7.10/src/buffer_core.cpp
Warning: TF_REPEATED_DATA ignoring data with redundant timestamp for frame sliding_map (parent world) at time 513.798000 according to authority /scan_planner_node
         at line 277 in /tmp/binarydeb/ros-noetic-tf2-0.7.10/src/buffer_core.cpp
[FSM]: state: INIT
wait for goal.
Warning: TF_REPEATED_DATA ignoring data with redundant timestamp for frame sliding_map (parent world) at time 514.498000 according to authority /scan_planner_node
         at line 277 in /tmp/binarydeb/ros-noetic-tf2-0.7.10/src/buffer_core.cpp
Warning: TF_REPEATED_DATA ignoring data with redundant timestamp for frame sliding_map (parent world) at time 514.702000 according to authority /scan_planner_node
         at line 277 in /tmp/binarydeb/ros-noetic-tf2-0.7.10/src/buffer_core.cpp
Warning: TF_REPEATED_DATA ignoring data with redundant timestamp for frame sliding_map (parent world) at time 514.902000 according to authority /scan_planner_node
         at line 277 in /tmp/binarydeb/ros-noetic-tf2-0.7.10/src/buffer_core.cpp
[FSM]: state: INIT
wait for goal.
Warning: TF_REPEATED_DATA ignoring data with redundant timestamp for frame sliding_map (parent world) at time 515.302000 according to authority /scan_planner_node
         at line 277 in /tmp/binarydeb/ros-noetic-tf2-0.7.10/src/buffer_core.cpp
Warning: TF_REPEATED_DATA ignoring data with redundant timestamp for frame sliding_map (parent world) at time 515.898000 according to authority /scan_planner_node
         at line 277 in /tmp/binarydeb/ros-noetic-tf2-0.7.10/src/buffer_core.cpp
[FSM]: state: INIT
wait for goal.
Warning: TF_REPEATED_DATA ignoring data with redundant timestamp for frame sliding_map (parent world) at time 516.507000 according to authority /scan_planner_node
         at line 277 in /tmp/binarydeb/ros-noetic-tf2-0.7.10/src/buffer_core.cpp
Warning: TF_REPEATED_DATA ignoring data with redundant timestamp for frame sliding_map (parent world) at time 516.898000 according to authority /scan_planner_node
         at line 277 in /tmp/binarydeb/ros-noetic-tf2-0.7.10/src/buffer_core.cpp
[FSM]: state: INIT
wait for goal.
Warning: TF_REPEATED_DATA ignoring data with redundant timestamp for frame sliding_map (parent world) at time 517.897000 according to authority /scan_planner_node
         at line 277 in /tmp/binarydeb/ros-noetic-tf2-0.7.10/src/buffer_core.cpp
[FSM]: state: INIT
wait for goal.
Warning: TF_REPEATED_DATA ignoring data with redundant timestamp for frame sliding_map (parent world) at time 518.898000 according to authority /scan_planner_node
         at line 277 in /tmp/binarydeb/ros-noetic-tf2-0.7.10/src/buffer_core.cpp
Warning: TF_REPEATED_DATA ignoring data with redundant timestamp for frame sliding_map (parent world) at time 519.698000 according to authority /scan_planner_node
         at line 277 in /tmp/binarydeb/ros-noetic-tf2-0.7.10/src/buffer_core.cpp
[FSM]: state: INIT
wait for goal.
Warning: TF_REPEATED_DATA ignoring data with redundant timestamp for frame sliding_map (parent world) at time 520.501000 according to authority /scan_planner_node
         at line 277 in /tmp/binarydeb/ros-noetic-tf2-0.7.10/src/buffer_core.cpp
[FSM]: state: INIT
wait for goal.
[FSM]: state: INIT
wait for goal.
[FSM]: state: INIT
wait for goal.
[FSM]: state: INIT
wait for goal.
[FSM]: state: INIT
wait for goal.
[FSM]: state: INIT
wait for goal.
[FSM]: state: INIT
wait for goal.
[FSM]: state: INIT
wait for goal.
[FSM]: state: INIT
wait for goal.
[FSM]: state: INIT
wait for goal.
[FSM]: state: INIT
wait for goal.
[FSM]: state: INIT
wait for goal.
39483, 487.621000000]: RL policy input vx=0.691 vy=0.215 wz=0.333 action_rms=0.267 ready=1 userCmd=0 kbd=0 raw=0.691,0.215,0.333 grav=0.03,0.05,-0.98
[INFO] [1788328313.337788750, 489.627000000]: RL policy input vx=0.000 vy=0.000 wz=2.550 action_rms=0.277 ready=1 userCmd=0 kbd=0 raw=0.000,0.000,2.550 grav=0.01,0.00,-0.98
[INFO] [1788328316.378670015, 491.627000000]: RL policy input vx=2.015 vy=0.320 wz=0.173 action_rms=0.246 ready=1 userCmd=0 kbd=0 raw=2.015,0.320,0.173 grav=-0.02,0.07,-0.98
[INFO] [1788328319.508955337, 493.632000000]: RL policy input vx=0.300 vy=0.014 wz=0.051 action_rms=0.157 ready=1 userCmd=0 kbd=0 raw=0.300,0.014,0.051 grav=0.02,-0.02,-0.98
[INFO] [1788328322.416319907, 495.639000000]: RL policy input vx=0.450 vy=0.000 wz=-0.026 action_rms=0.209 ready=1 userCmd=0 kbd=0 raw=0.450,0.000,-0.026 grav=0.01,-0.02,-0.98
[INFO] [1788328325.360624087, 497.657000000]: RL policy input vx=0.454 vy=0.030 wz=0.028 action_rms=0.233 ready=1 userCmd=0 kbd=0 raw=0.454,0.030,0.028 grav=0.02,-0.02,-0.98
[INFO] [1788328328.207720690, 499.678000000]: RL policy input vx=0.450 vy=0.000 wz=0.001 action_rms=0.156 ready=1 userCmd=0 kbd=0 raw=0.450,0.000,0.001 grav=0.01,-0.02,-0.98
[INFO] [1788328330.989991864, 501.688000000]: RL policy input vx=0.450 vy=0.000 wz=-0.021 action_rms=0.290 ready=1 userCmd=0 kbd=0 raw=0.450,0.000,-0.021 grav=0.01,-0.02,-0.98
[INFO] [1788328333.851597289, 503.694000000]: RL policy input vx=2.133 vy=0.228 wz=0.117 action_rms=0.282 ready=1 userCmd=0 kbd=0 raw=2.133,0.228,0.117 grav=-0.03,-0.02,-0.98
[INFO] [1788328336.674864549, 505.709000000]: RL policy input vx=0.653 vy=0.040 wz=0.067 action_rms=0.190 ready=1 userCmd=0 kbd=0 raw=0.653,0.040,0.067 grav=0.03,-0.05,-0.98
[INFO] [1788328339.678392704, 507.723000000]: RL policy input vx=0.000 vy=0.000 wz=-2.550 action_rms=0.373 ready=1 userCmd=0 kbd=0 raw=0.000,0.000,-2.550 grav=0.00,0.00,-0.98
[INFO] [1788328342.891139481, 509.737000000]: RL policy input vx=0.000 vy=0.000 wz=0.924 action_rms=0.140 ready=1 userCmd=0 kbd=0 raw=0.000,0.000,0.924 grav=0.02,0.00,-0.98
[INFO] [1788328345.995928859, 511.741000000]: RL policy input vx=1.283 vy=0.388 wz=0.323 action_rms=0.439 ready=1 userCmd=0 kbd=0 raw=1.283,0.388,0.323 grav=0.01,0.08,-0.98
[INFO] [1788328349.239718411, 513.746000000]: RL policy input vx=0.000 vy=0.000 wz=1.111 action_rms=0.172 ready=1 userCmd=0 kbd=0 raw=0.000,0.000,1.111 grav=0.02,-0.01,-0.98
[INFO] [1788328352.335170610, 515.747000000]: RL policy input vx=0.394 vy=0.501 wz=1.312 action_rms=0.202 ready=1 userCmd=0 kbd=0 raw=0.394,0.501,1.312 grav=0.01,0.00,-0.98
[INFO] [1788328355.264128441, 517.752000000]: RL policy input vx=0.398 vy=0.064 wz=0.176 action_rms=0.185 ready=1 userCmd=0 kbd=0 raw=0.398,0.064,0.176 grav=0.04,0.00,-0.98
[INFO] [1788328358.282626118, 519.764000000]: RL policy input vx=0.449 vy=0.000 wz=0.083 action_rms=0.169 ready=1 userCmd=0 kbd=0 raw=0.449,0.000,0.083 grav=0.00,-0.03,-0.98
[INFO] [1788328361.305127634, 521.774000000]: RL policy input vx=0.450 vy=0.000 wz=-0.007 action_rms=0.180 ready=1 userCmd=0 kbd=0 raw=0.450,0.000,-0.007 grav=0.01,-0.02,-0.98
[INFO] [1788328364.328849491, 523.785000000]: RL policy input vx=0.065 vy=0.261 wz=1.150 action_rms=0.241 ready=1 userCmd=0 kbd=0 raw=0.065,0.261,1.150 grav=0.03,-0.01,-0.98
[INFO] [1788328367.375653674, 525.791000000]: RL policy input vx=2.223 vy=0.349 wz=0.171 action_rms=0.331 ready=1 userCmd=0 kbd=0 raw=2.223,0.349,0.171 grav=-0.06,-0.10,-0.97
[INFO] [1788328370.764396410, 527.796000000]: RL policy input vx=2.248 vy=0.096 wz=0.047 action_rms=0.478 ready=1 userCmd=0 kbd=0 raw=2.248,0.096,0.047 grav=0.02,0.03,-0.98
[INFO] [1788328373.929363014, 529.816000000]: RL policy input vx=2.247 vy=0.125 wz=0.061 action_rms=0.379 ready=1 userCmd=0 kbd=0 raw=2.247,0.125,0.061 grav=0.01,-0.06,-0.98
[INFO] [1788328376.907011096, 531.831000000]: RL policy input vx=2.250 vy=-0.010 wz=-0.005 action_rms=0.286 ready=1 userCmd=0 kbd=0 raw=2.250,-0.010,-0.005 grav=0.02,0.02,-0.98
[INFO] [1788328380.077835257, 533.847000000]: RL policy input vx=2.248 vy=0.086 wz=0.042 action_rms=0.248 ready=[FSM]: state: INIT
wait for goal.
[FSM]: state: INIT
wait for goal.
[FSM]: state: INIT
wait for goal.
[FSM]: state: INIT
wait for goal.
[FSM]: state: INIT
wait for goal.
[FSM]: state: INIT
wait for goal.
[FSM]: state: INIT
wait for goal.
Warning: TF_REPEATED_DATA ignoring data with redundant timestamp for frame sliding_map (parent world) at time 541.298000 according to authority /scan_planner_node
         at line 277 in /tmp/binarydeb/ros-noetic-tf2-0.7.10/src/buffer_core.cpp
[FSM]: state: INIT
wait for goal.
[FSM]: state: INIT
wait for goal.
Warning: TF_REPEATED_DATA ignoring data with redundant timestamp for frame sliding_map (parent world) at time 542.901000 according to authority /scan_planner_node
         at line 277 in /tmp/binarydeb/ros-noetic-tf2-0.7.10/src/buffer_core.cpp
[FSM]: state: INIT
wait for goal.
[FSM]: state: INIT
wait for goal.
[FSM]: state: INIT
wait for goal.
Warning: TF_REPEATED_DATA ignoring data with redundant timestamp for frame sliding_map (parent world) at time 547.101000 according to authority /scan_planner_node
         at line 277 in /tmp/binarydeb/ros-noetic-tf2-0.7.10/src/buffer_core.cpp
[FSM]: state: INIT
wait for goal.
1 userCmd=0 kbd=0 raw=2.248,0.086,0.042 grav=0.02,-0.06,-0.98
[INFO] [1788328383.504685618, 535.864000000]: RL policy input vx=0.696 vy=0.071 wz=0.111 action_rms=0.275 ready=1 userCmd=0 kbd=0 raw=0.696,0.071,0.111 grav=0.03,-0.05,-0.98
[INFO] [1788328386.735134439, 537.877000000]: RL policy input vx=2.216 vy=-0.392 wz=-0.192 action_rms=0.346 ready=1 userCmd=0 kbd=0 raw=2.216,-0.392,-0.192 grav=0.03,0.01,-0.98
[INFO] [1788328389.822291765, 539.896000000]: RL policy input vx=1.753 vy=0.070 wz=0.044 action_rms=0.225 ready=1 userCmd=0 kbd=0 raw=1.753,0.070,0.044 grav=0.03,-0.06,-0.98
[INFO] [1788328392.729828627, 541.913000000]: RL policy input vx=0.981 vy=-0.750 wz=-0.718 action_rms=0.412 ready=1 userCmd=0 kbd=0 raw=0.981,-0.750,-0.718 grav=-0.03,-0.02,-0.98
[INFO] [1788328395.686017759, 543.915000000]: RL policy input vx=0.324 vy=0.059 wz=0.198 action_rms=0.206 ready=1 userCmd=0 kbd=0 raw=0.324,0.059,0.198 grav=0.03,0.01,-0.98
[INFO] [1788328398.853177013, 545.927000000]: RL policy input vx=0.000 vy=0.000 wz=-0.615 action_rms=0.189 ready=1 userCmd=0 kbd=0 raw=0.000,0.000,-0.615 grav=0.01,0.01,-0.98
Switched from RL to fixed stand
infer_thread退出!
[WARN] [1788328402.547504276, 548.127000000]: Using one-shot captured-pose FixedStand profile: ramp 0.50 s, settle 0.00 s, ready after 0.50 s + 0.50 s stable, minimum gain 0.75
[INFO] Using /stand_target_joints param stance.
[FSM]: state: INIT
wait for goal.
Switched from fixed stand to RL
[INFO] Entered RL /cmd_vel mode.
[WARN] [1788328404.048454207, 548.977000000]: Using one-shot stair RL takeover profile: blend 0.75 s, zero hold 0.25 s
cuda::is_available():1
RL inference device: cuda (requested=hybrid, policy=stair)
[INFO] RL policy activated from preload cache at FixedStand entry boundary: /root/autodl-tmp/code/restore/0803b/0902overall/runtime_assets/SimEnv/src/unitree_guide/logs/policy_act_inference_stair.pt
[FSM]: state: INIT
wait for goal.
[FSM]: state: INIT
wait for goal.
[FSM]: state: INIT
wait for goal.
[FSM]: state: INIT
wait for goal.
Warning: TF_REPEATED_DATA ignoring data with redundant timestamp for frame sliding_map (parent world) at time 554.152000 according to authority /scan_planner_node
         at line 277 in /tmp/binarydeb/ros-noetic-tf2-0.7.10/src/buffer_core.cpp
[FSM]: state: INIT
wait for goal.
[FSM]: state: INIT
wait for goal.
[FSM]: state: INIT
wait for goal.
[FSM]: state: INIT
wait for goal.
[FSM]: state: INIT
wait for goal.
[FSM]: state: INIT
wait for goal.
[FSM]: state: INIT
wait for goal.
[FSM]: state: INIT
wait for goal.
[FSM]: state: INIT
wait for goal.
[FSM]: state: INIT
wait for goal.
[FSM]: state: INIT
wait for goal.
[FSM]: state: INIT
wait for goal.
[FSM]: state: INIT
wait for goal.
[FSM]: state: INIT
wait for goal.
[FSM]: state: INIT
wait for goal.
[FSM]: state: INIT
wait for goal.
[FSM]: state: INIT
wait for goal.
[FSM]: state: INIT
wait for goal.
[FSM]: state: INIT
wait for goal.
[FSM]: state: INIT
wait for goal.
[FSM]: state: INIT
wait for goal.
[FSM]: state: INIT
wait for goal.
[FSM]: state: INIT
wait for goal.
[FSM]: state: INIT
wait for goal.
[FSM]: state: INIT
wait for goal.
[FSM]: state: INIT
wait for goal.
Warning: TF_REPEATED_DATA ignoring data with redundant timestamp for frame sliding_map (parent world) at time 582.003000 according to authority /scan_planner_node
         at line 277 in /tmp/binarydeb/ros-noetic-tf2-0.7.10/src/buffer_core.cpp
[FSM]: state: INIT
wait for goal.
[FSM]: state: INIT
wait for goal.
[FSM]: state: INIT
wait for goal.
Warning: TF_REPEATED_DATA ignoring data with redundant timestamp for frame sliding_map (parent world) at time 585.298000 according to authority /scan_planner_node
         at line 277 in /tmp/binarydeb/ros-noetic-tf2-0.7.10/src/buffer_core.cpp
[FSM]: state: INIT
wait for goal.
[INFO] [1788328400.847285, 547.112000]: DSTPUB phase=STAIR_DESCENT_PRE_ALIGN world=(0.300,0.000,-0.171) body=(-0.057,-0.295,-0.171) truth_z=5.513 drop=0.000 pitch=0.0deg seg=0
[INFO] [1788328401.978089, 547.765000]: Descent policy boundary captured joint RMS 0.143.
[INFO] [1788328402.114259, 547.852000]: Descent plane gait settled; entering FixedStand before the stair-policy load.
[INFO] [1788328403.763886, 548.814000]: Descent FixedStand is ready; stair policy queued.
[INFO] [1788328404.001617, 548.935000]: Descent stair policy queued under FixedStand; requesting fresh stair-RL entry.
[INFO] [1788328406.058141, 550.080000]: Descent stair RL fresh readiness confirmed; warming up 0.8 s.
[INFO] [1788328406.925263, 550.547000]: Descent FLIGHT_B start: z=5.514 drop gate 1.05 m.
[INFO] [1788328406.967544, 550.585000]: DSTPUB phase=STAIR_DESCENT_FLIGHT_B world=(-0.103,0.540,-0.079) body=(0.550,0.000,-0.079) truth_z=5.514 drop=0.000 pitch=0.0deg seg=-1
[INFO] [1788328408.668943, 551.616000]: DSTPUB phase=STAIR_DESCENT_FLIGHT_B world=(-0.078,0.544,-0.085) body=(0.550,0.000,-0.085) truth_z=5.511 drop=0.003 pitch=0.0deg seg=1
[INFO] [1788328410.658094, 552.617000]: DSTPUB phase=STAIR_DESCENT_FLIGHT_B world=(-0.038,0.549,-0.060) body=(0.550,-0.000,-0.060) truth_z=5.260 drop=0.254 pitch=0.0deg seg=25
[INFO] [1788328412.590455, 553.627000]: DSTPUB phase=STAIR_DESCENT_FLIGHT_B world=(-0.008,0.500,-0.059) body=(0.500,0.000,-0.059) truth_z=5.119 drop=0.395 pitch=0.0deg seg=22
[INFO] [1788328414.491773, 554.630000]: DSTPUB phase=STAIR_DESCENT_FLIGHT_B world=(-0.015,0.500,-0.066) body=(0.500,0.000,-0.066) truth_z=4.855 drop=0.659 pitch=0.0deg seg=23
[INFO] [1788328416.466895, 555.650000]: DSTPUB phase=STAIR_DESCENT_FLIGHT_B world=(0.009,0.500,-0.040) body=(0.500,0.000,-0.040) truth_z=4.667 drop=0.847 pitch=0.0deg seg=26
[INFO] [1788328418.393950, 556.657000]: DSTPUB phase=STAIR_DESCENT_FLIGHT_B world=(0.023,0.499,-0.023) body=(0.500,0.000,-0.023) truth_z=4.448 drop=1.066 pitch=0.0deg seg=25
[INFO] [1788328420.178403, 557.678000]: DSTPUB phase=STAIR_DESCENT_FLIGHT_B world=(0.004,0.500,-0.045) body=(0.500,0.000,-0.045) truth_z=4.335 drop=1.179 pitch=0.0deg seg=23
[INFO] [1788328422.075067, 558.706000]: DSTPUB phase=STAIR_DESCENT_FLIGHT_B world=(0.009,0.500,-0.037) body=(0.500,0.000,-0.037) truth_z=4.196 drop=1.318 pitch=0.0deg seg=11
[INFO] [1788328422.569748, 558.951000]: Flight-B descent complete: drop=1.30 m y=5.06; starting landing turn.
[INFO] [1788328425.241235, 560.460000]: DSTPUB phase=STAIR_DESCENT_TURN world=(-0.400,0.000,0.802) body=(0.001,0.400,0.802) truth_z=4.214 drop=1.300 pitch=0.0deg seg=0
[INFO] [1788328426.979970, 561.473000]: DSTPUB phase=STAIR_DESCENT_TURN world=(-0.400,0.000,1.200) body=(0.334,0.219,1.200) truth_z=4.211 drop=1.303 pitch=0.0deg seg=0
[INFO] [1788328428.570123, 562.483000]: DSTPUB phase=STAIR_DESCENT_TURN world=(-0.400,0.000,1.005) body=(0.317,-0.244,1.005) truth_z=4.220 drop=1.294 pitch=0.0deg seg=0
[INFO] [1788328430.020291, 563.497000]: DSTPUB phase=STAIR_DESCENT_TURN world=(-0.400,0.000,0.340) body=(0.100,-0.387,0.340) truth_z=4.219 drop=1.295 pitch=0.0deg seg=0
[INFO] [1788328430.365980, 563.716000]: Descent landing heading captured at error 0.173 rad; using shortest-path hold while x aligns.
[INFO] [1788328431.537957, 564.499000]: DSTPUB phase=STAIR_DESCENT_TURN world=(-0.300,0.036,0.054) body=(-0.022,-0.301,0.054) truth_z=4.213 drop=1.301 pitch=0.0deg seg=0
[INFO] [1788328432.681017, 565.217000]: Descent FLIGHT_A start: z=5.514 drop gate 2.45 m.
[INFO] [1788328432.689535, 565.217000]: Descent landing aligned: x err=-0.120 m, heading err=-0.002 rad; starting flight A.
[INFO] [1788328433.092947, 565.500000]: DSTPUB phase=STAIR_DESCENT_FLIGHT_A world=(0.001,-0.550,0.033) body=(0.550,0.000,0.033) truth_z=4.216 drop=1.298 pitch=0.0deg seg=0
[INFO] [1788328434.547342, 566.501000]: DSTPUB phase=STAIR_DESCENT_FLIGHT_A world=(0.041,-0.548,-0.019) body=(0.550,0.000,-0.019) truth_z=4.099 drop=1.415 pitch=0.0deg seg=20
[INFO] [1788328436.104299, 567.508000]: DSTPUB phase=STAIR_DESCENT_FLIGHT_A world=(-0.001,-0.678,0.000) body=(0.678,-0.000,0.000) truth_z=3.893 drop=1.621 pitch=0.0deg seg=25
[INFO] [1788328437.677512, 568.515000]: DSTPUB phase=STAIR_DESCENT_FLIGHT_A world=(0.057,-0.798,-0.024) body=(0.800,0.000,-0.024) truth_z=3.663 drop=1.851 pitch=0.0deg seg=26
[INFO] [1788328439.252993, 569.537000]: DSTPUB phase=STAIR_DESCENT_FLIGHT_A world=(0.007,-0.800,-0.014) body=(0.800,0.000,-0.014) truth_z=3.394 drop=2.120 pitch=0.0deg seg=25
[INFO] [1788328440.756250, 570.551000]: DSTPUB phase=STAIR_DESCENT_FLIGHT_A world=(-0.039,-0.599,0.007) body=(0.600,-0.000,0.007) truth_z=3.129 drop=2.385 pitch=0.0deg seg=25
[INFO] [1788328442.200634, 571.582000]: DSTPUB phase=STAIR_DESCENT_FLIGHT_A world=(-0.025,-0.599,0.022) body=(0.600,-0.000,0.022) truth_z=2.922 drop=2.592 pitch=0.0deg seg=22
[INFO] [1788328442.799279, 572.020000]: Segment 1 (F3->F2) complete: drop=2.62 m, elapsed 42.2 s; turning on F2 landing for segment 2.
[INFO] [1788328445.115050, 573.548000]: DSTPUB phase=STAIR_DESCENT_SEGMENT_TURN world=(0.283,0.283,0.000) body=(-0.284,0.281,0.000) truth_z=2.917 drop=0.000 pitch=1.0deg seg=-1
[INFO] [1788328446.417372, 574.401000]: Segment turn aligned (x err=0.113 m, y=1.710 in band [1.70, 1.95]); starting 180 deg turn.
[INFO] [1788328446.712494, 574.584000]: DSTPUB phase=STAIR_DESCENT_SEGMENT_TURN world=(-0.290,0.010,-0.349) body=(-0.003,-0.290,-0.349) truth_z=2.911 drop=0.000 pitch=1.0deg seg=-2
[INFO] [1788328448.297629, 575.588000]: DSTPUB phase=STAIR_DESCENT_SEGMENT_TURN world=(-0.179,0.218,-0.954) body=(-0.085,-0.269,-0.954) truth_z=2.922 drop=0.000 pitch=1.0deg seg=0
[INFO] [1788328449.841504, 576.605000]: DSTPUB phase=STAIR_DESCENT_SEGMENT_TURN world=(0.108,0.385,-1.000) body=(-0.134,-0.377,-1.000) truth_z=2.910 drop=0.000 pitch=1.0deg seg=0
[INFO] [1788328450.727277, 577.176000]: Segment turn aligned (x err=0.105 m, y=1.949 in band [1.70, 1.95]); starting 180 deg turn.
[INFO] [1788328451.371587, 577.615000]: DSTPUB phase=STAIR_DESCENT_SEGMENT_TURN world=(0.274,0.291,-1.000) body=(-0.048,-0.397,-1.000) truth_z=2.921 drop=0.000 pitch=1.0deg seg=-1
[INFO] [1788328452.625334, 578.496000]: Segment turn complete; standing before descent segment 2.
[INFO] [1788328452.924544, 578.660000]: East-align to flight-b center x=-2.48 before segment 2 flight-b (x=-3.60).
[INFO] [1788328452.967822, 578.698000]: East-align south done (y=1.885); moving east to x=-2.48.
[INFO] [1788328452.982863, 578.715000]: DSTPUB phase=STAIR_DESCENT_EAST_ALIGN world=(0.000,-0.400,-0.371) body=(-0.393,0.074,-0.371) truth_z=2.919 drop=0.000 pitch=1.0deg seg=-1
[INFO] [1788328454.884647, 579.718000]: DSTPUB phase=STAIR_DESCENT_EAST_ALIGN world=(0.400,0.009,0.000) body=(-0.020,-0.399,0.000) truth_z=2.913 drop=0.000 pitch=1.0deg seg=0
[INFO] [1788328456.804598, 580.727000]: DSTPUB phase=STAIR_DESCENT_EAST_ALIGN world=(0.400,-0.007,0.000) body=(-0.035,-0.398,0.000) truth_z=2.913 drop=0.000 pitch=1.0deg seg=0
[INFO] [1788328458.929137, 581.728000]: DSTPUB phase=STAIR_DESCENT_EAST_ALIGN world=(0.355,-0.010,0.000) body=(-0.036,-0.353,0.000) truth_z=2.914 drop=0.000 pitch=1.0deg seg=0
[INFO] [1788328460.790735, 582.733000]: DSTPUB phase=STAIR_DESCENT_EAST_ALIGN world=(0.300,-0.020,-0.165) body=(-0.044,-0.297,-0.165) truth_z=2.912 drop=0.000 pitch=1.0deg seg=0
[INFO] [1788328461.188684, 582.925000]: East-align complete (x=-2.643, y=1.870); starting segment-2 flight-b.
[INFO] [1788328461.230484, 582.931000]: Descent FLIGHT_B start: z=2.913 drop gate 1.05 m.
[INFO] [1788328462.950494, 583.746000]: DSTPUB phase=STAIR_DESCENT_FLIGHT_B world=(-0.034,0.549,-0.034) body=(0.550,0.000,-0.034) truth_z=2.895 drop=0.018 pitch=1.0deg seg=2
[INFO] [1788328465.055815, 584.754000]: DSTPUB phase=STAIR_DESCENT_FLIGHT_B world=(-0.013,0.621,-0.042) body=(0.621,0.000,-0.042) truth_z=2.656 drop=0.257 pitch=1.0deg seg=22
[INFO] [1788328467.075255, 585.780000]: DSTPUB phase=STAIR_DESCENT_FLIGHT_B world=(0.014,0.500,-0.033) body=(0.500,0.000,-0.033) truth_z=2.414 drop=0.499 pitch=1.0deg seg=22
Warning: TF_REPEATED_DATA ignoring data with redundant timestamp for frame sliding_map (parent world) at time 586.905000 according to authority /scan_planner_node
         at line 277 in /tmp/binarydeb/ros-noetic-tf2-0.7.10/src/buffer_core.cpp
[FSM]: state: INIT
wait for goal.
[FSM]: state: INIT
wait for goal.
[FSM]: state: INIT
wait for goal.
[FSM]: state: INIT
wait for goal.
[FSM]: state: INIT
wait for goal.
[FSM]: state: INIT
wait for goal.
[INFO] [1788328404.073398358, 549.002000000]: RL policy input vx=0.000 vy=0.000 wz=0.000 action_rms=0.173 ready=0 userCmd=0 kbd=0 raw=0.000,0.000,0.000 grav=-0.01,-0.04,-0.98
[INFO] [1788328405.864336795, 549.992000000]: RL locomotion_ready latched after 1.02 s takeover and 0.99 s stable hold
[INFO] [1788328407.705395183, 551.012000000]: RL policy input vx=0.550 vy=0.000 wz=-0.080 action_rms=0.183 ready=1 userCmd=0 kbd=0 raw=0.550,0.000,-0.080 grav=-0.02,0.02,-0.98
[INFO] [1788328411.373012212, 553.016000000]: RL policy input vx=0.657 vy=0.000 wz=-0.061 action_rms=0.244 ready=1 userCmd=0 kbd=0 raw=0.657,0.000,-0.061 grav=0.42,-0.09,-0.88
[INFO] [1788328415.254879949, 555.025000000]: RL policy input vx=0.500 vy=0.000 wz=-0.061 action_rms=0.230 ready=1 userCmd=0 kbd=0 raw=0.500,0.000,-0.061 grav=0.47,-0.00,-0.86
[INFO] [1788328419.083304744, 557.040000000]: RL policy input vx=0.500 vy=0.000 wz=-0.035 action_rms=0.229 ready=1 userCmd=0 kbd=0 raw=0.500,0.000,-0.035 grav=0.53,0.06,-0.82
[INFO] [1788328422.702176148, 559.042000000]: RL policy input vx=0.000 vy=0.000 wz=0.000 action_rms=0.104 ready=1 userCmd=0 kbd=0 raw=0.000,0.000,0.000 grav=0.01,-0.02,-0.98
[INFO] [1788328426.255425968, 561.046000000]: RL policy input vx=0.170 vy=0.362 wz=1.200 action_rms=0.185 ready=1 userCmd=0 kbd=0 raw=0.170,0.362,1.200 grav=-0.01,0.04,-0.98
[INFO] [1788328429.392333429, 563.061000000]: RL policy input vx=0.184 vy=-0.355 wz=0.526 action_rms=0.163 ready=1 userCmd=0 kbd=0 raw=0.184,-0.355,0.526 grav=0.00,0.02,-0.98
[INFO] [1788328432.447582294, 565.075000000]: RL policy input vx=-0.037 vy=-0.300 wz=0.008 action_rms=0.164 ready=1 userCmd=0 kbd=0 raw=-0.037,-0.300,0.008 grav=-0.01,0.01,-0.98
[INFO] [1788328435.471923160, 567.082000000]: RL policy input vx=0.550 vy=0.000 wz=-0.026 action_rms=0.293 ready=1 userCmd=0 kbd=0 raw=0.550,0.000,-0.026 grav=0.40,0.01,-0.89
[INFO] [1788328438.522790609, 569.089000000]: RL policy input vx=0.550 vy=-0.000 wz=-0.035 action_rms=0.303 ready=1 userCmd=0 kbd=0 raw=0.550,-0.000,-0.035 grav=0.41,-0.04,-0.89
[INFO] [1788328441.483302223, 571.091000000]: RL policy input vx=0.550 vy=0.000 wz=0.015 action_rms=0.257 ready=1 userCmd=8 kbd=0 raw=0.550,0.000,0.015 grav=0.37,0.07,-0.91
[INFO] [1788328444.409914367, 573.109000000]: RL policy input vx=0.000 vy=0.000 wz=0.000 action_rms=0.145 ready=1 userCmd=8 kbd=0 raw=0.000,0.000,0.000 grav=-0.03,0.01,-0.98
[INFO] [1788328447.557617070, 575.117000000]: RL policy input vx=-0.028 vy=-0.266 wz=-0.640 action_rms=0.160 ready=1 userCmd=0 kbd=0 raw=-0.028,-0.266,-0.640 grav=-0.02,-0.02,-0.98
[INFO] [1788328450.668686158, 577.133000000]: RL policy input vx=-0.175 vy=0.261 wz=0.000 action_rms=0.155 ready=1 userCmd=0 kbd=0 raw=-0.175,0.261,0.000 grav=0.03,-0.07,-0.98
[INFO] [1788328453.730706016, 579.134000000]: RL policy input vx=-0.025 vy=-0.399 wz=-0.169 action_rms=0.140 ready=1 userCmd=0 kbd=0 raw=-0.025,-0.399,-0.169 grav=-0.01,0.04,-0.98
[INFO] [1788328457.703811371, 581.137000000]: RL policy input vx=-0.037 vy=-0.398 wz=0.000 action_rms=0.165 ready=1 userCmd=0 kbd=0 raw=-0.037,-0.398,0.000 grav=-0.01,0.01,-0.98
[INFO] [1788328461.655432300, 583.149000000]: RL policy input vx=0.550 vy=0.000 wz=-0.025 action_rms=0.200 ready=1 userCmd=0 kbd=0 raw=0.550,0.000,-0.025 grav=-0.03,-0.01,-0.98
[INFO] [1788328465.838089169, 585.162000000]: RL policy input vx=0.500 vy=0.000 wz=-0.035 action_rms=0.235 ready=1 userCmd=0 kbd=0 raw=0.500,0.000,-0.035 grav=0.37,0.03,-0.91
[INFO] [1788328469.777632442, 587.178000000]: RL policy input vx=0.500 vy=0.000 wz=-0.057 action_rms=0.149 ready=1 userCmd=0 kbd=0 raw=0.500,0.000,-0.057 grav=0.40,0.07,-0.89
[INFO] [1788328473.561685197, 589.192000000]: RL policy input vx=0.600 vy=0.000 wz=-0.005 action_rms=0.185 ready=1 userCmd=0 kbd=0 raw=0.600,0.000,-0.005 grav=0.38,0.05,-0.90
[INFO] [1788328477.805486948, 591.195000000]: RL policy input vx=0.000 vy=0.000 wz=0.000 action_rms=0.150 ready=1 userCmd=0 kbd=0 raw=0.000,0.000,0.000 grav=-0.00,-0.00,-0.98
[INFO] [1788328481.647222835, 593.208000000]: RL policy input vx=0.381 vy=0.121 wz=1.200 action_rms=0.158 [FSM]: state: INIT
wait for goal.
[FSM]: state: INIT
wait for goal.
Warning: TF_REPEATED_DATA ignoring data with redundant timestamp for frame sliding_map (parent world) at time 595.507000 according to authority /scan_planner_node
         at line 277 in /tmp/binarydeb/ros-noetic-tf2-0.7.10/src/buffer_core.cpp
[FSM]: state: INIT
wait for goal.
[FSM]: state: INIT
wait for goal.
[FSM]: state: INIT
wait for goal.
Warning: TF_REPEATED_DATA ignoring data with redundant timestamp for frame sliding_map (parent world) at time 598.914000 according to authority /scan_planner_node
         at line 277 in /tmp/binarydeb/ros-noetic-tf2-0.7.10/src/buffer_core.cpp
[FSM]: state: INIT
wait for goal.
[FSM]: state: INIT
wait for goal.
[FSM]: state: INIT
wait for goal.
[FSM]: state: INIT
wait for goal.
[FSM]: state: INIT
wait for goal.
[FSM]: state: INIT
wait for goal.
[WARN] [1788328501.439737020, 605.518000000]: Using one-shot plane RL takeover profile: blend 0.50 s, zero hold 0.15 s
ready=1 userCmd=0 kbd=0 raw=0.381,0.121,1.200 grav=0.00,0.08,-0.98
[INFO] [1788328485.124170496, 595.216000000]: RL policy input vx=0.075 vy=-0.393 wz=0.340 action_rms=0.192 ready=1 userCmd=0 kbd=0 raw=0.075,-0.393,0.340 grav=0.01,0.01,-0.98
[INFO] [1788328488.583930068, 597.230000000]: RL policy input vx=0.550 vy=0.000 wz=0.039 action_rms=0.194 ready=1 userCmd=0 kbd=0 raw=0.550,0.000,0.039 grav=-0.01,-0.02,-0.98
[INFO] [1788328491.767691778, 599.238000000]: RL policy input vx=0.730 vy=0.000 wz=-0.021 action_rms=0.248 ready=1 userCmd=0 kbd=0 raw=0.730,0.000,-0.021 grav=0.34,-0.03,-0.92
[INFO] [1788328494.820124815, 601.239000000]: RL policy input vx=0.500 vy=0.000 wz=-0.009 action_rms=0.206 ready=1 userCmd=0 kbd=0 raw=0.500,0.000,-0.009 grav=0.50,0.04,-0.84
[INFO] [1788328497.970889627, 603.252000000]: RL policy input vx=0.550 vy=0.000 wz=0.030 action_rms=0.243 ready=1 userCmd=0 kbd=0 raw=0.550,0.000,0.030 grav=0.44,0.14,-0.87
[INFO] [1788328500.995511592, 605.254000000]: RL policy input vx=0.000 vy=0.000 wz=0.000 action_rms=0.153 ready=1 userCmd=0 kbd=0 raw=0.000,0.000,0.000 grav=-0.02,0.01,-0.98
cuda::is_available():1
RL inference device: cpu (requested=hybrid, policy=plane)
[INFO] RL policy hot-switched from preload cache: /root/autodl-tmp/code/restore/0803b/0902overall/runtime_assets/SimEnv/src/unitree_guide/logs/policy_act_inference_plane.pt
[WARN] [1788328410.376782, 552.454000]: Descent tilt 0.483 rad: capping flight speed at 0.55 m/s.
[WARN] [1788328413.783795, 554.278000]: Descent tilt 0.496 rad: capping flight speed at 0.55 m/s.
[WARN] [1788328417.787143, 556.343000]: Descent tilt 0.480 rad: capping flight speed at 0.55 m/s.
[WARN] [1788328420.338876, 557.738000]: Descent tilt 0.480 rad: capping flight speed at 0.55 m/s.
[WARN] [1788328434.839592, 566.667000]: Descent tilt 0.486 rad: capping flight speed at 0.55 m/s.
[WARN] [1788328437.822267, 568.616000]: Descent tilt 0.481 rad: capping flight speed at 0.55 m/s.
[WARN] [1788328440.945914, 570.688000]: Descent tilt 0.483 rad: capping flight speed at 0.55 m/s.
[WARN] [1788328450.450895, 577.007000]: Segment turn left safe position (x=-3.801, y=1.952); zero command and re-centering before continuing turn.
[WARN] [1788328467.970949, 586.217000]: Descent tilt 0.493 rad: capping flight speed at 0.55 m/s.
[WARN] [1788328471.098680, 587.885000]: Descent tilt 0.481 rad: capping flight speed at 0.55 m/s.
[WARN] [1788328494.089823, 600.799000]: Descent tilt 0.485 rad: capping flight speed at 0.55 m/s.
[WARN] [1788328495.842448, 601.857000]: Descent tilt 0.484 rad: capping flight speed at 0.55 m/s.
[WARN] [1788328497.674867, 603.033000]: Descent tilt 0.484 rad: capping flight speed at 0.55 m/s.
[INFO] [1788328468.995741, 586.793000]: DSTPUB phase=STAIR_DESCENT_FLIGHT_B world=(-0.004,0.500,-0.053) body=(0.500,0.000,-0.053) truth_z=2.265 drop=0.647 pitch=1.0deg seg=20
[INFO] [1788328470.946805, 587.805000]: DSTPUB phase=STAIR_DESCENT_FLIGHT_B world=(0.016,0.500,-0.032) body=(0.500,0.000,-0.032) truth_z=2.086 drop=0.826 pitch=1.0deg seg=25
[INFO] [1788328472.894432, 588.816000]: DSTPUB phase=STAIR_DESCENT_FLIGHT_B world=(0.014,0.550,0.006) body=(0.550,0.000,0.006) truth_z=1.868 drop=1.044 pitch=1.0deg seg=24
[INFO] [1788328475.061423, 589.827000]: DSTPUB phase=STAIR_DESCENT_FLIGHT_B world=(0.014,0.600,0.000) body=(0.600,0.000,0.000) truth_z=1.648 drop=1.264 pitch=1.0deg seg=24
[INFO] [1788328476.471685, 590.516000]: Flight-B descent complete: drop=1.31 m y=5.06; starting landing turn.
[INFO] [1788328479.560003, 592.036000]: DSTPUB phase=STAIR_DESCENT_TURN world=(-0.400,0.000,1.002) body=(0.014,0.400,1.002) truth_z=1.616 drop=1.297 pitch=1.0deg seg=-1
[INFO] [1788328481.370233, 593.047000]: DSTPUB phase=STAIR_DESCENT_TURN world=(-0.400,0.000,1.200) body=(0.356,0.183,1.200) truth_z=1.609 drop=1.304 pitch=1.0deg seg=0
[INFO] [1788328483.252053, 594.056000]: DSTPUB phase=STAIR_DESCENT_TURN world=(-0.400,0.000,0.903) body=(0.293,-0.273,0.903) truth_z=1.618 drop=1.295 pitch=1.0deg seg=1
[INFO] [1788328484.892733, 595.080000]: DSTPUB phase=STAIR_DESCENT_TURN world=(-0.400,0.000,0.340) body=(0.085,-0.391,0.340) truth_z=1.618 drop=1.295 pitch=1.0deg seg=0
[INFO] [1788328485.082510, 595.163000]: Descent landing heading captured at error 0.176 rad; using shortest-path hold while x aligns.
[INFO] [1788328486.625998, 596.111000]: DSTPUB phase=STAIR_DESCENT_TURN world=(-0.300,0.000,0.041) body=(0.011,-0.300,0.041) truth_z=1.614 drop=1.299 pitch=1.0deg seg=0
[INFO] [1788328488.025006, 596.863000]: Descent FLIGHT_A start: z=2.913 drop gate 2.45 m.
[INFO] [1788328488.039176, 596.869000]: Descent landing aligned: x err=-0.119 m, heading err=-0.003 rad; starting flight A.
[INFO] [1788328488.389301, 597.113000]: DSTPUB phase=STAIR_DESCENT_FLIGHT_A world=(-0.002,-0.550,0.042) body=(0.550,0.000,0.042) truth_z=1.614 drop=1.299 pitch=1.0deg seg=-1
[INFO] [1788328490.015923, 598.121000]: DSTPUB phase=STAIR_DESCENT_FLIGHT_A world=(0.039,-0.549,-0.016) body=(0.550,0.000,-0.016) truth_z=1.498 drop=1.415 pitch=1.0deg seg=19
[INFO] [1788328491.609036, 599.134000]: DSTPUB phase=STAIR_DESCENT_FLIGHT_A world=(0.022,-0.730,-0.016) body=(0.730,0.000,-0.016) truth_z=1.238 drop=1.675 pitch=1.0deg seg=21
[INFO] [1788328493.136627, 600.139000]: DSTPUB phase=STAIR_DESCENT_FLIGHT_A world=(0.063,-0.797,-0.046) body=(0.800,0.000,-0.046) truth_z=0.950 drop=1.962 pitch=1.0deg seg=25
[INFO] [1788328494.668766, 601.142000]: DSTPUB phase=STAIR_DESCENT_FLIGHT_A world=(-0.029,-0.499,-0.017) body=(0.500,0.000,-0.017) truth_z=0.682 drop=2.231 pitch=1.0deg seg=30
[INFO] [1788328496.325397, 602.179000]: DSTPUB phase=STAIR_DESCENT_FLIGHT_A world=(-0.044,-0.498,-0.001) body=(0.500,0.000,-0.001) truth_z=0.454 drop=2.459 pitch=1.0deg seg=23
[INFO] [1788328497.863745, 603.181000]: DSTPUB phase=STAIR_DESCENT_FLIGHT_A world=(-0.061,-0.547,0.035) body=(0.550,0.000,0.035) truth_z=0.335 drop=2.578 pitch=1.0deg seg=27
[INFO] [1788328498.755370, 603.815000]: Final flight complete: drop=2.62 m y=1.73; holding on F1 landing for a stable terminal pose.
[INFO] [1788328499.844145, 604.519000]: F1 landing stable for 1.0 s: body height 0.322 m, upright-z 1.000.
[INFO] [1788328500.219040, 604.772000]: Returned to first floor after 99.6 s (drop=2.59 m).
[INFO] [1788328500.663621, 605.040000]: Stair descent terminal phase: FIRST_FLOOR_RETURNED
[FSM]: state: INIT
wait for goal.
[FSM]: state: INIT
wait for goal.
[FSM]: state: INIT
wait for goal.
[FSM]: state: INIT
wait for goal.
[FSM]: state: INIT
wait for goal.
Warning: TF_REPEATED_DATA ignoring data with redundant timestamp for frame sliding_map (parent world) at time 610.713000 according to authority /scan_planner_node
         at line 277 in /tmp/binarydeb/ros-noetic-tf2-0.7.10/src/buffer_core.cpp
[FSM]: state: INIT
wait for goal.
Warning: TF_REPEATED_DATA ignoring data with redundant timestamp for frame sliding_map (parent world) at time 611.907000 according to authority /scan_planner_node
         at line 277 in /tmp/binarydeb/ros-noetic-tf2-0.7.10/src/buffer_core.cpp
[FSM]: state: INIT
wait for goal.
[FSM]: state: INIT
wait for goal.
[FSM]: state: INIT
wait for goal.
Warning: TF_REPEATED_DATA ignoring data with redundant timestamp for frame sliding_map (parent world) at time 615.113000 according to authority /scan_planner_node
         at line 277 in /tmp/binarydeb/ros-noetic-tf2-0.7.10/src/buffer_core.cpp
Warning: TF_REPEATED_DATA ignoring data with redundant timestamp for frame sliding_map (parent world) at time 615.505000 according to authority /scan_planner_node
         at line 277 in /tmp/binarydeb/ros-noetic-tf2-0.7.10/src/buffer_core.cpp
[FSM]: state: INIT
wait for goal.
[FSM]: state: INIT
wait for goal.
Warning: TF_REPEATED_DATA ignoring data with redundant timestamp for frame sliding_map (parent world) at time 616.906000 according to authority /scan_planner_node
         at line 277 in /tmp/binarydeb/ros-noetic-tf2-0.7.10/src/buffer_core.cpp
[INFO] [1788328502.427056590, 606.181000000]: RL locomotion_ready latched after 0.66 s takeover and 0.39 s stable hold
[INFO] [1788328504.028006811, 607.269000000]: RL policy input vx=0.000 vy=0.000 wz=0.800 action_rms=0.259 ready=1 userCmd=0 kbd=0 raw=0.000,0.000,0.800 grav=0.01,-0.00,-0.98
[INFO] [1788328507.041987997, 609.290000000]: RL policy input vx=0.000 vy=0.000 wz=0.550 action_rms=0.149 ready=1 userCmd=0 kbd=0 raw=0.000,0.000,0.550 grav=0.01,-0.01,-0.98
[INFO] [1788328510.137974756, 611.304000000]: RL policy input vx=1.195 vy=0.000 wz=0.057 action_rms=0.192 ready=1 userCmd=0 kbd=0 raw=1.195,0.000,0.057 grav=-0.02,-0.01,-0.98
[INFO] [1788328513.149352159, 613.308000000]: RL policy input vx=1.250 vy=0.000 wz=0.015 action_rms=0.414 ready=1 userCmd=0 kbd=0 raw=1.250,0.000,0.015 grav=-0.01,-0.01,-0.98
[INFO] [1788328516.334822389, 615.322000000]: RL policy input vx=0.319 vy=0.000 wz=-0.014 action_rms=0.254 ready=1 userCmd=0 kbd=0 raw=0.319,0.000,-0.014 grav=0.02,-0.01,-0.98
[INFO] [1788328519.460483460, 617.325000000]: RL policy input vx=0.000 vy=0.000 wz=0.000 action_rms=0.145 ready=1 userCmd=0 kbd=0 raw=0.000,0.000,0.000 grav=0.00,0.00,-0.98
stop the controller
terminate called after throwing an instance of 'boost::wrapexcept<boost::lock_error>'
  what():  boost: mutex lock failed in pthread_mutex_lock: Invalid argument
des manager
[INFO] [1788327503.663987, 0.208000]: danger_detector: first rendered RGB frame ready (320x240)
[INFO] [1788327532.747534, 17.160000]: danger_detector: exploration clock started after preparation
[INFO] [1788327594.198049, 49.509000]: danger_detector: scan batch label=floor_0_room_0_g3 raw=0 min_points=3 clusters=[]
[INFO] [1788327605.897475, 56.028000]: danger_detector: scan batch label=floor_0_room_0_g4 raw=0 min_points=3 clusters=[]
[INFO] [1788327646.498820, 79.751000]: danger_detector: scan batch label=floor_0_room_1_g3 raw=0 min_points=3 clusters=[]
[INFO] [1788327669.224068, 92.495000]: danger_detector: scan batch label=floor_0_room_1_g4 raw=0 min_points=3 clusters=[]
[INFO] [1788327729.393557, 125.964000]: danger_detector: confirmed red sphere #1 at [-5.2324, 26.8847, 0.15], t=108.81s, stage=floor_1_exploration
[INFO] [1788327730.683904, 126.755000]: danger_detector: scan batch label=floor_0_room_2_g3 raw=4 min_points=3 clusters=[(-5.227163777459971, 26.852722632373933)]
[INFO] [1788327742.300347, 133.696000]: danger_detector: scan batch label=floor_0_room_2_g4 raw=1 min_points=3 clusters=[]
[INFO] [1788327773.672918, 153.357000]: danger_detector: confirmed red sphere #2 at [5.4112, 26.9286, 0.15], t=136.20s, stage=floor_1_exploration
[INFO] [1788327774.704587, 153.938000]: danger_detector: scan batch label=floor_0_room_3_g3 raw=3 min_points=3 clusters=[(5.405902941021158, 26.98353388239653)]
[INFO] [1788327786.310383, 160.303000]: danger_detector: scan batch label=floor_0_room_3_g4 raw=2 min_points=3 clusters=[]
[INFO] [1788327926.832656, 244.017000]: danger_detector: scan batch label=floor_1_room_0_g3 raw=0 min_points=3 clusters=[]
[INFO] [1788327937.243561, 250.726000]: danger_detector: scan batch label=floor_1_room_0_g4 raw=0 min_points=3 clusters=[]
[INFO] [1788327964.829990, 268.811000]: danger_detector: scan batch label=floor_1_room_1_g3 raw=0 min_points=3 clusters=[]
[INFO] [1788327975.754902, 275.412000]: danger_detector: scan batch label=floor_1_room_1_g4 raw=0 min_points=3 clusters=[]
[INFO] [1788328025.466276, 304.054000]: danger_detector: scan batch label=floor_1_room_2_g3 raw=0 min_points=3 clusters=[]
[INFO] [1788328036.188656, 311.092000]: danger_detector: scan batch label=floor_1_room_2_g4 raw=0 min_points=3 clusters=[]
[INFO] [1788328066.987895, 331.011000]: danger_detector: confirmed red sphere #3 at [5.9138, 27.0144, 2.75], t=313.85s, stage=floor_2_exploration
[INFO] [1788328067.822021, 331.521000]: danger_detector: scan batch label=floor_1_room_3_g3 raw=3 min_points=3 clusters=[(5.875408432319583, 27.252120658702527)]
[INFO] [1788328078.106937, 338.244000]: danger_detector: scan batch label=floor_1_room_3_g4 raw=2 min_points=3 clusters=[]
[INFO] [1788328208.864784, 420.341000]: danger_detector: scan batch label=floor_2_room_0_g3 raw=0 min_points=3 clusters=[]
[INFO] [1788328219.481888, 427.223000]: danger_detector: scan batch label=floor_2_room_0_g4 raw=0 min_points=3 clusters=[]
[INFO] [1788328248.925397, 447.338000]: danger_detector: scan batch label=floor_2_room_1_g3 raw=0 min_points=3 clusters=[]
[INFO] [1788328258.806893, 453.904000]: danger_detector: scan batch label=floor_2_room_1_g4 raw=0 min_points=3 clusters=[]
[INFO] [1788328303.432633, 483.115000]: danger_detector: scan batch label=floor_2_room_2_g3 raw=0 min_points=3 clusters=[]
[INFO] [1788328313.591187, 489.813000]: danger_detector: confirmed red sphere #4 at [-6.922, 29.2795, 5.35], t=472.65s, stage=floor_3_exploration
[INFO] [1788328315.106396, 490.800000]: danger_detector: scan batch label=floor_2_room_2_g4 raw=10 min_points=3 clusters=[(-6.934343160953129, 29.280299374057304)]
[INFO] [1788328340.161830, 508.015000]: danger_detector: confirmed red sphere #5 at [5.4922, 27.4727, 5.35], t=490.86s, stage=floor_3_exploration
[INFO] [1788328341.501652, 508.815000]: danger_detector: scan batch label=floor_2_room_3_g3 raw=7 min_points=3 clusters=[(5.487106065733093, 27.461737361720484)]
[INFO] [1788328351.872843, 515.433000]: danger_detector: scan batch label=floor_2_room_3_g4 raw=5 min_points=3 clusters=[(5.4081356511626835, 27.435729259851634)]
[INFO] [1788328517.640277, 616.158000]: danger_detector: wrote 5 confirmed red-ball detections -> /root/autodl-tmp/code/restore/0803b/0902overall/results/portable_accept_seed32/red_ball_detections.json
[INFO] [1788328517.664866, 616.174000]: Three-floor RL mission complete in first-floor lobby at (-0.25, 3.84, 0.31)
[INFO] [1788327504.893997, 1.009000]: Bootstrap armed: stand@1.0s state-gated RL max_wait=25.0s repeat=120.0s start_t=1.0
[INFO] [1788327513.203720, 6.109000]: Requesting RL /cmd_vel through /joy (repeating).
[INFO] [1788327532.792641, 17.209000]: Bootstrap observed locomotion_ready; releasing /joy.
[INFO] [1788328401.188663, 547.315000]: SCAN explored all three floors; stair descent owns the return.
[INFO] [1788327494.711343, 0.000000]: scanplanner_pointcloud_bridge: /scan -> /registered_scan at <= 5.0 Hz
[INFO] [1788327519.153600, 9.430000]: scanplanner_pointcloud_bridge: published 50 clouds (1211 points)
[INFO] [1788327535.753346, 18.731000]: scanplanner_pointcloud_bridge: published 100 clouds (1164 points)
[INFO] [1788327550.982990, 26.415000]: scanplanner_pointcloud_bridge: published 150 clouds (1885 points)
[INFO] [1788327566.083536, 33.917000]: scanplanner_pointcloud_bridge: published 200 clouds (2438 points)
[INFO] [1788327582.014648, 42.823000]: scanplanner_pointcloud_bridge: published 250 clouds (2390 points)
[INFO] [1788327597.898427, 51.421000]: scanplanner_pointcloud_bridge: published 300 clouds (2382 points)
[INFO] [1788327613.383979, 60.525000]: scanplanner_pointcloud_bridge: published 350 clouds (2391 points)
[INFO] [1788327630.135873, 70.427000]: scanplanner_pointcloud_bridge: published 400 clouds (2409 points)
[INFO] [1788327646.939201, 80.034000]: scanplanner_pointcloud_bridge: published 450 clouds (2398 points)
[INFO] [1788327663.645570, 89.336000]: scanplanner_pointcloud_bridge: published 500 clouds (2377 points)
[INFO] [1788327680.606591, 98.829000]: scanplanner_pointcloud_bridge: published 550 clouds (2363 points)
[INFO] [1788327696.560922, 107.228000]: scanplanner_pointcloud_bridge: published 600 clouds (2455 points)
[INFO] [1788327712.953934, 116.726000]: scanplanner_pointcloud_bridge: published 650 clouds (2375 points)
[INFO] [1788327729.699767, 126.132000]: scanplanner_pointcloud_bridge: published 700 clouds (2380 points)
[INFO] [1788327745.361191, 135.619000]: scanplanner_pointcloud_bridge: published 750 clouds (2326 points)
[INFO] [1788327761.285491, 145.626000]: scanplanner_pointcloud_bridge: published 800 clouds (2389 points)
[INFO] [1788327777.235924, 155.431000]: scanplanner_pointcloud_bridge: published 850 clouds (2388 points)
[INFO] [1788327792.937659, 163.833000]: scanplanner_pointcloud_bridge: published 900 clouds (2365 points)
[INFO] [1788327809.504333, 173.355000]: scanplanner_pointcloud_bridge: published 950 clouds (2398 points)
[INFO] [1788327825.703914, 182.836000]: scanplanner_pointcloud_bridge: published 1000 clouds (2385 points)
[INFO] [1788327842.201875, 192.724000]: scanplanner_pointcloud_bridge: published 1050 clouds (2056 points)
[INFO] [1788327858.933684, 202.236000]: scanplanner_pointcloud_bridge: published 1100 clouds (2240 points)
[INFO] [1788327875.159536, 212.133000]: scanplanner_pointcloud_bridge: published 1150 clouds (2285 points)
[INFO] [1788327890.883717, 222.061000]: scanplanner_pointcloud_bridge: published 1200 clouds (2067 points)
[INFO] [1788327907.132169, 231.729000]: scanplanner_pointcloud_bridge: published 1250 clouds (2363 points)
[INFO] [1788327922.998073, 241.730000]: scanplanner_pointcloud_bridge: published 1300 clouds (2367 points)
[INFO] [1788327938.780590, 251.726000]: scanplanner_pointcloud_bridge: published 1350 clouds (2440 points)
[INFO] [1788327954.038787, 261.738000]: scanplanner_pointcloud_bridge: published 1400 clouds (2385 points)
[INFO] [1788327969.422785, 271.631000]: scanplanner_pointcloud_bridge: published 1450 clouds (2444 points)
[INFO] [1788327985.840906, 280.939000]: scanplanner_pointcloud_bridge: published 1500 clouds (2395 points)
[INFO] [1788328001.881166, 289.929000]: scanplanner_pointcloud_bridge: published 1550 clouds (2437 points)
[INFO] [1788328018.716641, 299.841000]: scanplanner_pointcloud_bridge: published 1600 clouds (2429 points)
[INFO] [1788328034.298013, 309.840000]: scanplanner_pointcloud_bridge: published 1650 clouds (2392 points)
[INFO] [1788328049.403414, 319.833000]: scanplanner_pointcloud_bridge: published 1700 clouds (2390 points)
[INFO] [1788328065.316610, 329.834000]: scanplanner_pointcloud_bridge: published 1750 clouds (2374 points)
[INFO] [1788328080.308415, 339.632000]: scanplanner_pointcloud_bridge: published 1800 clouds (2375 points)
[INFO] [1788328096.303993, 349.539000]: scanplanner_pointcloud_bridge: published 1850 clouds (2412 points)
[INFO] [1788328112.427849, 359.155000]: scanplanner_pointcloud_bridge: published 1900 clouds (2434 points)
[INFO] [1788328128.316160, 369.125000]: scanplanner_pointcloud_bridge: published 1950 clouds (1950 points)
[INFO] [1788328144.636145, 378.733000]: scanplanner_pointcloud_bridge: published 2000 clouds (2266 points)
[INFO] [1788328159.983198, 388.731000]: scanplanner_pointcloud_bridge: published 2050 clouds (2222 points)
[INFO] [1788328174.935997, 398.540000]: scanplanner_pointcloud_bridge: published 2100 clouds (2395 points)
[INFO] [1788328190.932935, 408.433000]: scanplanner_pointcloud_bridge: published 2150 clouds (2384 points)
[INFO] [1788328205.992478, 418.433000]: scanplanner_pointcloud_bridge: published 2200 clouds (2375 points)
[INFO] [1788328221.320434, 428.428000]: scanplanner_pointcloud_bridge: published 2250 clouds (2445 points)
[INFO] [1788328236.189919, 438.440000]: scanplanner_pointcloud_bridge: published 2300 clouds (2397 points)
[INFO] [1788328250.499319, 448.425000]: scanplanner_pointcloud_bridge: published 2350 clouds (2378 points)
[INFO] [1788328265.733374, 458.436000]: scanplanner_pointcloud_bridge: published 2400 clouds (2391 points)
[INFO] [1788328280.817124, 468.428000]: scanplanner_pointcloud_bridge: published 2450 clouds (2408 points)
[INFO] [1788328296.164397, 478.433000]: scanplanner_pointcloud_bridge: published 2500 clouds (2415 points)
[INFO] [1788328311.626843, 488.441000]: scanplanner_pointcloud_bridge: published 2550 clouds (2372 points)
[INFO] [1788328326.516319, 498.431000]: scanplanner_pointcloud_bridge: published 2600 clouds (2400 points)
[INFO] [1788328340.716313, 508.328000]: scanplanner_pointcloud_bridge: published 2650 clouds (2409 points)
[INFO] [1788328355.975922, 518.230000]: scanplanner_pointcloud_bridge: published 2700 clouds (2372 points)
[INFO] [1788328371.509751, 528.226000]: scanplanner_pointcloud_bridge: published 2750 clouds (2414 points)
[INFO] [1788328387.320579, 538.240000]: scanplanner_pointcloud_bridge: published 2800 clouds (2412 points)
[INFO] [1788328402.726881, 548.226000]: scanplanner_pointcloud_bridge: published 2850 clouds (2402 points)
[INFO] [1788328418.543216, 556.742000]: scanplanner_pointcloud_bridge: published 2900 clouds (2294 points)
[INFO] [1788328434.466665, 566.445000]: scanplanner_pointcloud_bridge: published 2950 clouds (2449 points)
[INFO] [1788328449.629678, 576.446000]: scanplanner_pointcloud_bridge: published 3000 clouds (2385 points)
[INFO] [1788328464.794883, 584.625000]: scanplanner_pointcloud_bridge: published 3050 clouds (2326 points)
[INFO] [1788328479.888186, 592.233000]: scanplanner_pointcloud_bridge: published 3100 clouds (2451 points)
[INFO] [1788328495.805664, 601.826000]: scanplanner_pointcloud_bridge: published 3150 clouds (2318 points)
[INFO] [1788328510.999012, 611.831000]: scanplanner_pointcloud_bridge: published 3200 clouds (2374 points)
[INFO] [1788327497.348475, 0.000000]: building_generator_classic_control ready
[WARN] [1788328535.252239, 617.777000]: Controller Spawner error while taking down controllers: transport error completing service call: unable to receive data from sender, check sender's logs for details
[31mWARNING: disk usage in log directory [/root/.ros/log] is over 1GB.
It's recommended that you use the 'rosclean' command.[0m
[31m[a1_gazebo/controller_spawner-5] escalating to SIGTERM[0m
[31m[gazebo-2] escalating to SIGTERM[0m

auto-starting new master
[1mprocess[master]: started with pid [955499][0m
[1mROS_MASTER_URI=http://localhost:11311[0m
]2;/root/autodl-tmp/code/restore/0803b/0902overall/threefloor_stress5_repro_20260827/work/mounts/SimEnv/src/simenv_bridge/launch/scanplanner_three_floor_rl.launch http://localhost:11311
[1msetting /run_id to 7c744784-a690-11f1-b5eb-0242ac110007[0m
[1mprocess[rosout-1]: started with pid [955509][0m
started core service [/rosout]
[1mprocess[gazebo-2]: started with pid [955517][0m
[1mprocess[urdf_spawner-3]: started with pid [955520][0m
[1mprocess[state_from_gazebo-4]: started with pid [955524][0m
[1mprocess[a1_gazebo/controller_spawner-5]: started with pid [955527][0m
[1mprocess[robot_state_publisher-6]: started with pid [955532][0m
[1mprocess[unpause_after_controllers-7]: started with pid [955534][0m
[1mprocess[building_control-8]: started with pid [955539][0m
[1mprocess[open_mapping_entrance-9]: started with pid [955541][0m
[1mprocess[junior_ctrl-10]: started with pid [955543][0m
[1mprocess[scanplanner_pointcloud_bridge-11]: started with pid [955544][0m
[1mprocess[scan_planner_node-12]: started with pid [955545][0m
[1mprocess[closed_loop_controller-13]: started with pid [955546][0m
[1mprocess[scanplanner_plane_rl_bootstrap-14]: started with pid [955569][0m
[1mprocess[rl_floor_command_mux-15]: started with pid [955575][0m
[1mprocess[stair_transition_manager-16]: started with pid [955577][0m
[1mprocess[second_to_third_floor_stair_manager-17]: started with pid [955578][0m
[1mprocess[stair_descent_manager-18]: started with pid [955590][0m
[1mprocess[scanplanner_three_floor_goal_sequencer-19]: started with pid [955592][0m
[1mprocess[scanplanner_red_ball_detector-20]: started with pid [955597][0m
[1mprocess[three_floor_rl_mission_supervisor-21]: started with pid [955598][0m
[1m[open_mapping_entrance-9] process has finished cleanly
log file: /root/.ros/log/7c744784-a690-11f1-b5eb-0242ac110007/open_mapping_entrance-9*.log[0m
[1m[urdf_spawner-3] process has finished cleanly
log file: /root/.ros/log/7c744784-a690-11f1-b5eb-0242ac110007/urdf_spawner-3*.log[0m
[1m[unpause_after_controllers-7] process has finished cleanly
log file: /root/.ros/log/7c744784-a690-11f1-b5eb-0242ac110007/unpause_after_controllers-7*.log[0m
[1m[stair_transition_manager-16] process has finished cleanly
log file: /root/.ros/log/7c744784-a690-11f1-b5eb-0242ac110007/stair_transition_manager-16*.log[0m
[1m[second_to_third_floor_stair_manager-17] process has finished cleanly
log file: /root/.ros/log/7c744784-a690-11f1-b5eb-0242ac110007/second_to_third_floor_stair_manager-17*.log[0m
[1m[stair_descent_manager-18] process has finished cleanly
log file: /root/.ros/log/7c744784-a690-11f1-b5eb-0242ac110007/stair_descent_manager-18*.log[0m
[three_floor_rl_mission_supervisor-21] killing on exit
[scanplanner_red_ball_detector-20] killing on exit
[scanplanner_three_floor_goal_sequencer-19] killing on exit
[rl_floor_command_mux-15] killing on exit
[scanplanner_plane_rl_bootstrap-14] killing on exit
[closed_loop_controller-13] killing on exit
[scan_planner_node-12] killing on exit
[scanplanner_pointcloud_bridge-11] killing on exit
[junior_ctrl-10] killing on exit
[building_control-8] killing on exit
[robot_state_publisher-6] killing on exit
[a1_gazebo/controller_spawner-5] killing on exit
[state_from_gazebo-4] killing on exit
[gazebo-2] killing on exit
[rosout-1] killing on exit
[master] killing on exit
shutting down processing monitor...
... shutting down processing monitor complete
[1mdone[0m
