xacro: in-order processing became default in ROS Melodic. You can drop the option.
... logging to /root/.ros/log/d58cf21c-a636-11f1-bd54-0242ac110007/roslaunch-autodl-container-0b0b4098ff-c5d5b90e-776911.log
Checking log directory for disk usage. This may take a while.
Press Ctrl-C to interrupt
]2;/root/autodl-tmp/code/restore/0803b/overall_l0829/threefloor_stress5_repro_20260827/work/mounts/SimEnv/src/simenv_bridge/launch/scanplanner_three_floor_rl.launch
[1mstarted roslaunch server http://autodl-container-0b0b4098ff-c5d5b90e:35583/[0m

SUMMARY
========

CLEAR PARAMETERS
 * /scan_planner_node/

PARAMETERS
 * /a1_gazebo/FL_calf_controller/joint: FL_calf_joint
 * /a1_gazebo/FL_calf_controller/pid/d: 8.0
 * /a1_gazebo/FL_calf_controller/pid/i: 0.0
 * /a1_gazebo/FL_calf_controller/pid/p: 300.0
 * /a1_gazebo/FL_calf_controller/type: unitree_legged_co...
 * /a1_gazebo/FL_hip_controller/joint: FL_hip_joint
 * /a1_gazebo/FL_hip_controller/pid/d: 5.0
 * /a1_gazebo/FL_hip_controller/pid/i: 0.0
 * /a1_gazebo/FL_hip_controller/pid/p: 100.0
 * /a1_gazebo/FL_hip_controller/type: unitree_legged_co...
 * /a1_gazebo/FL_thigh_controller/joint: FL_thigh_joint
 * /a1_gazebo/FL_thigh_controller/pid/d: 8.0
 * /a1_gazebo/FL_thigh_controller/pid/i: 0.0
 * /a1_gazebo/FL_thigh_controller/pid/p: 300.0
 * /a1_gazebo/FL_thigh_controller/type: unitree_legged_co...
 * /a1_gazebo/FR_calf_controller/joint: FR_calf_joint
 * /a1_gazebo/FR_calf_controller/pid/d: 8.0
 * /a1_gazebo/FR_calf_controller/pid/i: 0.0
 * /a1_gazebo/FR_calf_controller/pid/p: 300.0
 * /a1_gazebo/FR_calf_controller/type: unitree_legged_co...
 * /a1_gazebo/FR_hip_controller/joint: FR_hip_joint
 * /a1_gazebo/FR_hip_controller/pid/d: 5.0
 * /a1_gazebo/FR_hip_controller/pid/i: 0.0
 * /a1_gazebo/FR_hip_controller/pid/p: 100.0
 * /a1_gazebo/FR_hip_controller/type: unitree_legged_co...
 * /a1_gazebo/FR_thigh_controller/joint: FR_thigh_joint
 * /a1_gazebo/FR_thigh_controller/pid/d: 8.0
 * /a1_gazebo/FR_thigh_controller/pid/i: 0.0
 * /a1_gazebo/FR_thigh_controller/pid/p: 300.0
 * /a1_gazebo/FR_thigh_controller/type: unitree_legged_co...
 * /a1_gazebo/RL_calf_controller/joint: RL_calf_joint
 * /a1_gazebo/RL_calf_controller/pid/d: 8.0
 * /a1_gazebo/RL_calf_controller/pid/i: 0.0
 * /a1_gazebo/RL_calf_controller/pid/p: 300.0
 * /a1_gazebo/RL_calf_controller/type: unitree_legged_co...
 * /a1_gazebo/RL_hip_controller/joint: RL_hip_joint
 * /a1_gazebo/RL_hip_controller/pid/d: 5.0
 * /a1_gazebo/RL_hip_controller/pid/i: 0.0
 * /a1_gazebo/RL_hip_controller/pid/p: 100.0
 * /a1_gazebo/RL_hip_controller/type: unitree_legged_co...
 * /a1_gazebo/RL_thigh_controller/joint: RL_thigh_joint
 * /a1_gazebo/RL_thigh_controller/pid/d: 8.0
 * /a1_gazebo/RL_thigh_controller/pid/i: 0.0
 * /a1_gazebo/RL_thigh_controller/pid/p: 300.0
 * /a1_gazebo/RL_thigh_controller/type: unitree_legged_co...
 * /a1_gazebo/RR_calf_controller/joint: RR_calf_joint
 * /a1_gazebo/RR_calf_controller/pid/d: 8.0
 * /a1_gazebo/RR_calf_controller/pid/i: 0.0
 * /a1_gazebo/RR_calf_controller/pid/p: 300.0
 * /a1_gazebo/RR_calf_controller/type: unitree_legged_co...
 * /a1_gazebo/RR_hip_controller/joint: RR_hip_joint
 * /a1_gazebo/RR_hip_controller/pid/d: 5.0
 * /a1_gazebo/RR_hip_controller/pid/i: 0.0
 * /a1_gazebo/RR_hip_controller/pid/p: 100.0
 * /a1_gazebo/RR_hip_controller/type: unitree_legged_co...
 * /a1_gazebo/RR_thigh_controller/joint: RR_thigh_joint
 * /a1_gazebo/RR_thigh_controller/pid/d: 8.0
 * /a1_gazebo/RR_thigh_controller/pid/i: 0.0
 * /a1_gazebo/RR_thigh_controller/pid/p: 300.0
 * /a1_gazebo/RR_thigh_controller/type: unitree_legged_co...
 * /a1_gazebo/joint_state_controller/publish_rate: 1000
 * /a1_gazebo/joint_state_controller/type: joint_state_contr...
 * /body_pose_topic: /Odometry_gazebo
 * /closed_loop_controller/finish_dist: 0.15
 * /closed_loop_controller/heading_error_threshold: 0.8
 * /closed_loop_controller/kp_pos: 0.8
 * /closed_loop_controller/kp_yaw: 1.5
 * /closed_loop_controller/max_vx: 2.05
 * /closed_loop_controller/max_vy: 0.35
 * /closed_loop_controller/max_vyaw: 1.0
 * /closed_loop_controller/time_forward: 0.8
 * /gazebo/enable_ros_network: True
 * /rl_floor_command_mux/command_timeout_sec: 0.4
 * /rl_floor_command_mux/linear_acceleration: 2.2
 * /rl_floor_command_mux/linear_deceleration: 2.0
 * /rl_floor_command_mux/max_forward: 2.25
 * /rl_floor_command_mux/max_lateral: 0.75
 * /rl_floor_command_mux/max_reverse: 0.2
 * /rl_floor_command_mux/max_yaw: 2.8
 * /rl_floor_command_mux/output_topic: /cmd_vel
 * /rl_floor_command_mux/planner_topic: /scanplanner/plan...
 * /rl_floor_command_mux/rate: 30.0
 * /rl_floor_command_mux/yaw_acceleration: 2.4
 * /rl_floor_command_mux/yaw_slowdown: 1.05
 * /rl_floor_command_mux/yaw_translation_stop: 1.3
 * /robot_description: <?xml version="1....
 * /robot_name: a1
 * /rosdistro: noetic
 * /rosversion: 1.17.4
 * /scan_planner_node/fsm/emergency_time_: 1.0
 * /scan_planner_node/fsm/fail_safe: True
 * /scan_planner_node/fsm/is_real_world: True
 * /scan_planner_node/fsm/manual_goal_use_current_height: True
 * /scan_planner_node/fsm/max_replan_fail_count: 1000
 * /scan_planner_node/fsm/navi_mode: 1
 * /scan_planner_node/fsm/planning_horizon: 7.5
 * /scan_planner_node/fsm/thresh_no_replan: 0.1
 * /scan_planner_node/fsm/thresh_replan: 1.0
 * /scan_planner_node/grid_map/cloud_is_world: True
 * /scan_planner_node/grid_map/cx: 317.19
 * /scan_planner_node/grid_map/cy: 256.48
 * /scan_planner_node/grid_map/depth_filter_margin: 1
 * /scan_planner_node/grid_map/depth_filter_maxdist: 3.0
 * /scan_planner_node/grid_map/depth_filter_mindist: 0.3
 * /scan_planner_node/grid_map/double_cylinder_offset: 0.18
 * /scan_planner_node/grid_map/double_cylinder_radius: 0.25
 * /scan_planner_node/grid_map/fx: 609.59
 * /scan_planner_node/grid_map/fy: 609.22
 * /scan_planner_node/grid_map/k_depth_scaling_factor: 1000.0
 * /scan_planner_node/grid_map/map_sliding_thresh: 0.2
 * /scan_planner_node/grid_map/max_ray_length: 5.0
 * /scan_planner_node/grid_map/need_extrinsic: True
 * /scan_planner_node/grid_map/obstacles_inflation_z_down: 0.4
 * /scan_planner_node/grid_map/obstacles_inflation_z_up: 0.1
 * /scan_planner_node/grid_map/p_hit: 0.85
 * /scan_planner_node/grid_map/p_max: 0.98
 * /scan_planner_node/grid_map/p_min: 0.12
 * /scan_planner_node/grid_map/p_miss: 0.3
 * /scan_planner_node/grid_map/p_occ: 0.8
 * /scan_planner_node/grid_map/resolution: 0.05
 * /scan_planner_node/grid_map/sensor_type: lidar
 * /scan_planner_node/grid_map/skip_pixel: 2
 * /scan_planner_node/grid_map/sliding_map_size_x: 10.0
 * /scan_planner_node/grid_map/sliding_map_size_y: 10.0
 * /scan_planner_node/grid_map/sliding_map_size_z: 5.0
 * /scan_planner_node/grid_map/vis_height: 0.3
 * /scan_planner_node/manager/control_points_distance: 0.2
 * /scan_planner_node/manager/feasibility_tolerance: 0.5
 * /scan_planner_node/manager/max_acc: 1.1
 * /scan_planner_node/manager/max_jerk: 4.0
 * /scan_planner_node/manager/max_vel: 2.05
 * /scan_planner_node/manager/planning_horizon: 7.5
 * /scan_planner_node/optimization/acc_tolerance: 1.0
 * /scan_planner_node/optimization/dist0: 0.2
 * /scan_planner_node/optimization/lambda_collision: 1.0
 * /scan_planner_node/optimization/lambda_feasibility: 0.1
 * /scan_planner_node/optimization/lambda_fitness: 1.0
 * /scan_planner_node/optimization/lambda_smooth: 1.0
 * /scan_planner_node/optimization/max_acc: 1.1
 * /scan_planner_node/optimization/max_vel: 2.05
 * /scan_planner_node/optimization/vel_tolerance: 1.0
 * /scanplanner_plane_rl_bootstrap/fixed_stand_max_duration_sec: 25.0
 * /scanplanner_plane_rl_bootstrap/release_after_rl_request: True
 * /scanplanner_plane_rl_bootstrap/rl_repeat_seconds: 120.0
 * /scanplanner_plane_rl_bootstrap/stand_after_seconds: 1.0
 * /scanplanner_pointcloud_bridge/input: /scan
 * /scanplanner_pointcloud_bridge/laser_blind: 0.5
 * /scanplanner_pointcloud_bridge/maximum_rate_hz: 5.0
 * /scanplanner_pointcloud_bridge/maximum_vertical_angle_deg: 55
 * /scanplanner_pointcloud_bridge/minimum_vertical_angle_deg: -7
 * /scanplanner_pointcloud_bridge/odom_topic: /Odometry_gazebo
 * /scanplanner_pointcloud_bridge/output: /registered_scan
 * /scanplanner_pointcloud_bridge/world_frame: map
 * /scanplanner_red_ball_detector/camera_info_topic: /recording_camera...
 * /scanplanner_red_ball_detector/camera_ready_topic: /simenv/recording...
 * /scanplanner_red_ball_detector/confirm_count: 3
 * /scanplanner_red_ball_detector/depth_topic: /real_sense/depth...
 * /scanplanner_red_ball_detector/floor_height_m: 2.6
 * /scanplanner_red_ball_detector/ground_range_scale: 0.95
 * /scanplanner_red_ball_detector/image_topic: /recording_camera...
 * /scanplanner_red_ball_detector/maximum_processing_rate_hz: 0.0
 * /scanplanner_red_ball_detector/merge_radius: 1.1
 * /scanplanner_red_ball_detector/out_json: /root/autodl-tmp/...
 * /scanplanner_red_ball_detector/scan_active_topic: /scanplanner/room...
 * /scanplanner_red_ball_detector/use_depth: True
 * /scanplanner_three_floor_goal_sequencer/direct_plane_distance_gain: 1.1
 * /scanplanner_three_floor_goal_sequencer/direct_plane_max_lateral_speed_mps: 0.75
 * /scanplanner_three_floor_goal_sequencer/direct_plane_min_forward_speed: 0.3
 * /scanplanner_three_floor_goal_sequencer/direct_plane_translation_heading_limit_rad: 1.45
 * /scanplanner_three_floor_goal_sequencer/direct_plane_yaw_rate: 1.15
 * /scanplanner_three_floor_goal_sequencer/direct_stair_yaw_rate: 0.35
 * /scanplanner_three_floor_goal_sequencer/entrance_fixed_heading_release_rad: 0.2
 * /scanplanner_three_floor_goal_sequencer/entrance_lateral_gain: 0.6
 * /scanplanner_three_floor_goal_sequencer/entrance_max_lateral_speed_mps: 0.12
 * /scanplanner_three_floor_goal_sequencer/entrance_progress_timeout_sec: 5.0
 * /scanplanner_three_floor_goal_sequencer/entrance_recovery_hold_sec: 1.0
 * /scanplanner_three_floor_goal_sequencer/entrance_recovery_max_attempts: 2
 * /scanplanner_three_floor_goal_sequencer/entrance_speed_scale: 1.45
 * /scanplanner_three_floor_goal_sequencer/floor_control_settle_sec: 0.15
 * /scanplanner_three_floor_goal_sequencer/handoff_timeout_sec: 300.0
 * /scanplanner_three_floor_goal_sequencer/manager_release_settle_sec: 0.1
 * /scanplanner_three_floor_goal_sequencer/maximum_floor_speed: 2.25
 * /scanplanner_three_floor_goal_sequencer/maximum_replans: 2
 * /scanplanner_three_floor_goal_sequencer/minimum_upright_duration_sec: 0.6
 * /scanplanner_three_floor_goal_sequencer/minimum_upright_z: 0.55
 * /scanplanner_three_floor_goal_sequencer/mission_config: /tmp/simenv_bridg...
 * /scanplanner_three_floor_goal_sequencer/output_dir: /root/autodl-tmp/...
 * /scanplanner_three_floor_goal_sequencer/plane_fast_takeover: True
 * /scanplanner_three_floor_goal_sequencer/plane_fast_takeover_blend_seconds: 0.5
 * /scanplanner_three_floor_goal_sequencer/plane_fast_takeover_zero_hold_seconds: 0.15
 * /scanplanner_three_floor_goal_sequencer/plane_motion_start_ramp_initial_speed_mps: 0.3
 * /scanplanner_three_floor_goal_sequencer/plane_motion_start_ramp_minimum_upright_z: 0.985
 * /scanplanner_three_floor_goal_sequencer/plane_motion_start_ramp_seconds: 3.0
 * /scanplanner_three_floor_goal_sequencer/policy_timeout_sec: 35.0
 * /scanplanner_three_floor_goal_sequencer/progress_timeout_sec: 45.0
 * /scanplanner_three_floor_goal_sequencer/room_scan_settle_sec: 0.1
 * /scanplanner_three_floor_goal_sequencer/room_scan_timeout_sec: 30.0
 * /scanplanner_three_floor_goal_sequencer/room_scan_turn_rad: 1.9
 * /scanplanner_three_floor_goal_sequencer/room_scan_yaw_rate: 2.8
 * /scanplanner_three_floor_goal_sequencer/room_tolerance: 0.4
 * /scanplanner_three_floor_goal_sequencer/speed_scale: 2.6
 * /scanplanner_three_floor_goal_sequencer/stage_announcement_hold_sec: 0.15
 * /scanplanner_three_floor_goal_sequencer/startup_timeout_sec: 240.0
 * /scanplanner_three_floor_goal_sequencer/waypoint_timeout_sec: 150.0
 * /second_to_third_floor_stair_manager/ascent_maximum_speed_mps: 0.8
 * /second_to_third_floor_stair_manager/ascent_speed_mps: 0.8
 * /second_to_third_floor_stair_manager/ascent_timeout_sec: 45.0
 * /second_to_third_floor_stair_manager/auto_start: False
 * /second_to_third_floor_stair_manager/command_topic: /cmd_vel
 * /second_to_third_floor_stair_manager/enable_truth_return_gate: False
 * /second_to_third_floor_stair_manager/enable_visual_stair_alignment: False
 * /second_to_third_floor_stair_manager/entry_alignment_yaw_rate_rps: 0.4
 * /second_to_third_floor_stair_manager/flight_a_height_gain_m: 1.05
 * /second_to_third_floor_stair_manager/flight_b_timeout_sec: 22.0
 * /second_to_third_floor_stair_manager/height_plot_basename: 21_truth_stair_he...
 * /second_to_third_floor_stair_manager/hold_rl_during_ascent: True
 * /second_to_third_floor_stair_manager/landing_cross_distance_m: 0.95
 * /second_to_third_floor_stair_manager/landing_cross_speed_mps: 0.75
 * /second_to_third_floor_stair_manager/landing_heading_tolerance_rad: 0.15
 * /second_to_third_floor_stair_manager/landing_timeout_sec: 30.0
 * /second_to_third_floor_stair_manager/landing_turn_angle_rad: -2.4
 * /second_to_third_floor_stair_manager/landing_turn_speed_rps: 1.2
 * /second_to_third_floor_stair_manager/mission_failure_token: SECOND_FLOOR_EXPL...
 * /second_to_third_floor_stair_manager/mission_trigger_token: SECOND_FLOOR_EXPL...
 * /second_to_third_floor_stair_manager/mission_trigger_topic: /simenv/second_fl...
 * /second_to_third_floor_stair_manager/odom_topic: /Odometry_gazebo
 * /second_to_third_floor_stair_manager/offline_stair_model_sdf: /tmp/simenv_bridg...
 * /second_to_third_floor_stair_manager/offline_truth_layout_metadata: /tmp/simenv_bridg...
 * /second_to_third_floor_stair_manager/output_dir: /root/autodl-tmp/...
 * /second_to_third_floor_stair_manager/plane_policy: /workspace/SimEnv...
 * /second_to_third_floor_stair_manager/policy_warmup_seconds: 0.2
 * /second_to_third_floor_stair_manager/pre_ascent_rl_fast_blend_seconds: 0.5
 * /second_to_third_floor_stair_manager/pre_ascent_rl_fast_takeover: True
 * /second_to_third_floor_stair_manager/pre_ascent_rl_fast_zero_hold_seconds: 0.15
 * /second_to_third_floor_stair_manager/pre_ascent_rl_settle_seconds: 0.6
 * /second_to_third_floor_stair_manager/pre_ascent_stand_seconds: 0.0
 * /second_to_third_floor_stair_manager/second_floor_handoff_timeout_sec: 90.0
 * /second_to_third_floor_stair_manager/second_floor_stable_seconds: 0.5
 * /second_to_third_floor_stair_manager/source_floor_index: 1
 * /second_to_third_floor_stair_manager/stair_policy: /workspace/SimEnv...
 * /second_to_third_floor_stair_manager/state_topic: /simenv/second_to...
 * /second_to_third_floor_stair_manager/target_floor_number: 3
 * /second_to_third_floor_stair_manager/total_height_gain_m: 2.2
 * /second_to_third_floor_stair_manager/trajectory_plot_basename: 21_f2_to_third_fl...
 * /second_to_third_floor_stair_manager/transition_log_basename: second_to_third_f...
 * /second_to_third_floor_stair_manager/transition_plot_basename: 21_second_to_thir...
 * /second_to_third_floor_stair_manager/truth_entry_final_speed_mps: 0.55
 * /second_to_third_floor_stair_manager/truth_entry_guide: True
 * /second_to_third_floor_stair_manager/truth_entry_guide_min_speed_mps: 0.25
 * /second_to_third_floor_stair_manager/truth_entry_guide_speed_mps: 0.45
 * /second_to_third_floor_stair_manager/truth_entry_timeout_sec: 120.0
 * /second_to_third_floor_stair_manager/truth_fixed_two_flight_profile: True
 * /second_to_third_floor_stair_manager/truth_flight_a_backslide_recovery_hold_seconds: 1.5
 * /second_to_third_floor_stair_manager/truth_flight_a_backslide_recovery_max_attempts: 2
 * /second_to_third_floor_stair_manager/truth_flight_a_backslide_recovery_ramp_seconds: 1.0
 * /second_to_third_floor_stair_manager/truth_flight_a_backslide_recovery_ramp_speed_mps: 0.4
 * /second_to_third_floor_stair_manager/truth_flight_a_climb_ramp_seconds: 1.2
 * /second_to_third_floor_stair_manager/truth_flight_a_near_edge_strong_center_error_m: 0.24
 * /second_to_third_floor_stair_manager/truth_flight_a_policy_capture_max_joint_velocity_rms: 0.18
 * /second_to_third_floor_stair_manager/truth_flight_a_policy_fast_fixed_stand: True
 * /second_to_third_floor_stair_manager/truth_flight_a_policy_fast_fixed_stand_duration_seconds: 0.5
 * /second_to_third_floor_stair_manager/truth_flight_a_policy_fast_fixed_stand_minimum_elapsed_seconds: 0.5
 * /second_to_third_floor_stair_manager/truth_flight_a_policy_fast_fixed_stand_minimum_gain_ratio: 0.75
 * /second_to_third_floor_stair_manager/truth_flight_a_policy_fast_fixed_stand_settle_seconds: 0.0
 * /second_to_third_floor_stair_manager/truth_flight_a_policy_fast_fixed_stand_stable_seconds: 0.5
 * /second_to_third_floor_stair_manager/truth_flight_a_policy_fixed_stand_ready_timeout_sec: 12.0
 * /second_to_third_floor_stair_manager/truth_flight_a_policy_require_fixed_stand_ready: True
 * /second_to_third_floor_stair_manager/truth_flight_a_policy_settle_seconds: 0.35
 * /second_to_third_floor_stair_manager/truth_flight_a_policy_settle_timeout_sec: 8.0
 * /second_to_third_floor_stair_manager/truth_flight_a_policy_stand_seconds: 0.1
 * /second_to_third_floor_stair_manager/truth_flight_a_policy_use_default_stand_target: False
 * /second_to_third_floor_stair_manager/truth_flight_a_rearward_slip_max_climb_speed_mps: 0.12
 * /second_to_third_floor_stair_manager/truth_flight_a_rearward_slip_speed_mps: 0.3
 * /second_to_third_floor_stair_manager/truth_flight_a_recovery_center_speed_mps: 0.22
 * /second_to_third_floor_stair_manager/truth_flight_a_recovery_forward_speed_mps: 0.6
 * /second_to_third_floor_stair_manager/truth_flight_a_require_fresh_ready: True
 * /second_to_third_floor_stair_manager/truth_flight_a_stall_release_seconds: 1.5
 * /second_to_third_floor_stair_manager/truth_flight_a_strong_recovery_forward_speed_mps: 0.4
 * /second_to_third_floor_stair_manager/truth_flight_b_max_yaw_rate_rps: 0.1
 * /second_to_third_floor_stair_manager/truth_flight_b_pitch_min_height_gain_m: 0.08
 * /second_to_third_floor_stair_manager/truth_flight_b_pitch_rate_min_abs_rad: 0.6
 * /second_to_third_floor_stair_manager/truth_flight_b_pitch_rate_trigger_rps: 1.6
 * /second_to_third_floor_stair_manager/truth_flight_b_pitch_rate_window_sec: 0.18
 * /second_to_third_floor_stair_manager/truth_flight_b_pitch_recovery_max_attempts: 2
 * /second_to_third_floor_stair_manager/truth_flight_b_rearward_slip_speed_mps: 0.3
 * /second_to_third_floor_stair_manager/truth_flight_b_recovery_forward_speed_mps: 0.6
 * /second_to_third_floor_stair_manager/truth_flight_b_recovery_hold_seconds: 4.0
 * /second_to_third_floor_stair_manager/truth_flight_b_severe_pitch_detect_seconds: 0.1
 * /second_to_third_floor_stair_manager/truth_flight_b_severe_pitch_rad: 0.8
 * /second_to_third_floor_stair_manager/truth_flight_b_strong_recovery_forward_speed_mps: 0.4
 * /second_to_third_floor_stair_manager/truth_landing_recenter_speed_mps: 0.75
 * /second_to_third_floor_stair_manager/truth_two_stage_guide: True
 * /second_to_third_floor_stair_manager/truth_upper_floor_exit_clearance_m: 0.8
 * /second_to_third_floor_stair_manager/two_flight_stair: True
 * /second_to_third_floor_stair_manager/upper_floor_handoff_complete_phase: THIRD_FLOOR_HANDO...
 * /second_to_third_floor_stair_manager/upper_floor_handoff_timeout_phase: THIRD_FLOOR_HANDO...
 * /second_to_third_floor_stair_manager/upper_floor_reached_phase: THIRD_FLOOR_REACHED
 * /second_to_third_floor_stair_manager/upper_floor_ready_token: THIRD_FLOOR_EXPLO...
 * /second_to_third_floor_stair_manager/upper_floor_settle_phase: THIRD_FLOOR_SETTLE
 * /second_to_third_floor_stair_manager/upper_floor_state_topic: /simenv/third_flo...
 * /second_to_third_floor_stair_manager/upper_landing_clearance_grace_sec: 15.0
 * /second_to_third_floor_stair_manager/wait_for_second_floor_handoff: True
 * /second_to_third_floor_stair_manager/world_frame_ascent: True
 * /stair_descent_manager/command_topic: /cmd_vel
 * /stair_descent_manager/descent_maximum_speed_mps: 0.8
 * /stair_descent_manager/descent_segment_timeout_sec: 600.0
 * /stair_descent_manager/descent_speed_mps: 0.8
 * /stair_descent_manager/end_floor_number: 1
 * /stair_descent_manager/mission_trigger_token: THIRD_FLOOR_EXPLO...
 * /stair_descent_manager/mission_trigger_topic: /simenv/third_flo...
 * /stair_descent_manager/odom_topic: /Odometry_gazebo
 * /stair_descent_manager/offline_stair_model_sdf: /tmp/simenv_bridg...
 * /stair_descent_manager/offline_truth_layout_metadata: /tmp/simenv_bridg...
 * /stair_descent_manager/output_dir: /root/autodl-tmp/...
 * /stair_descent_manager/policy_switch_fast_fixed_stand: True
 * /stair_descent_manager/policy_switch_fast_fixed_stand_duration_seconds: 0.5
 * /stair_descent_manager/policy_switch_fast_fixed_stand_minimum_elapsed_seconds: 0.5
 * /stair_descent_manager/policy_switch_fast_fixed_stand_minimum_gain_ratio: 0.75
 * /stair_descent_manager/policy_switch_fast_fixed_stand_settle_seconds: 0.0
 * /stair_descent_manager/policy_switch_fast_fixed_stand_stable_seconds: 0.5
 * /stair_descent_manager/policy_switch_fixed_stand_timeout_sec: 12.0
 * /stair_descent_manager/policy_switch_max_joint_velocity_rms: 0.35
 * /stair_descent_manager/policy_switch_queue_hold_seconds: 0.25
 * /stair_descent_manager/policy_switch_reentry_timeout_sec: 20.0
 * /stair_descent_manager/policy_switch_settle_seconds: 0.45
 * /stair_descent_manager/policy_switch_settle_timeout_sec: 6.0
 * /stair_descent_manager/policy_warmup_seconds: 0.75
 * /stair_descent_manager/pre_descent_stand_seconds: 0.25
 * /stair_descent_manager/segment_one_log_basename: third_to_second_f...
 * /stair_descent_manager/segment_two_log_basename: second_to_first_f...
 * /stair_descent_manager/skip_entry_guide: True
 * /stair_descent_manager/stair_policy: /workspace/SimEnv...
 * /stair_descent_manager/start_floor_number: 3
 * /stair_descent_manager/state_topic: /simenv/third_to_...
 * /stair_descent_manager/transition_log_basename: stair_descent.json
 * /stair_descent_manager/truth_descent_backoff_escalation_m: 0.15
 * /stair_descent_manager/truth_descent_east_align_minimum_x_speed_mps: 0.3
 * /stair_descent_manager/truth_descent_east_align_tread_drop_m: 0.05
 * /stair_descent_manager/truth_descent_entry_guide_speed_mps: 1.15
 * /stair_descent_manager/truth_descent_final_landing_max_body_height_m: 1.0
 * /stair_descent_manager/truth_descent_final_landing_max_tilt_rad: 0.45
 * /stair_descent_manager/truth_descent_final_landing_min_body_height_m: 0.2
 * /stair_descent_manager/truth_descent_final_landing_minimum_upright_z: 0.75
 * /stair_descent_manager/truth_descent_final_landing_settle_seconds: 1.0
 * /stair_descent_manager/truth_descent_final_landing_timeout_sec: 20.0
 * /stair_descent_manager/truth_descent_flight_a_end_y: 1.75
 * /stair_descent_manager/truth_descent_flight_center_correction_error_m: 0.22
 * /stair_descent_manager/truth_descent_flight_center_correction_speed_mps: 0.5
 * /stair_descent_manager/truth_descent_flight_center_correction_yaw_rate_rps: 0.2
 * /stair_descent_manager/truth_descent_flight_center_steer_gain: 1.0
 * /stair_descent_manager/truth_descent_flight_center_steer_max_rad: 0.24
 * /stair_descent_manager/truth_descent_flight_end_slowdown_drop_m: 0.95
 * /stair_descent_manager/truth_descent_flight_end_speed_mps: 0.6
 * /stair_descent_manager/truth_descent_flight_heading_correction_error_rad: 0.22
 * /stair_descent_manager/truth_descent_flight_heading_correction_speed_mps: 0.4
 * /stair_descent_manager/truth_descent_flight_heading_correction_yaw_rate_rps: 0.3
 * /stair_descent_manager/truth_descent_flight_heading_gain: 0.55
 * /stair_descent_manager/truth_descent_flight_initial_hold_drop_m: 0.18
 * /stair_descent_manager/truth_descent_flight_initial_ramp_end_drop_m: 0.45
 * /stair_descent_manager/truth_descent_flight_initial_speed_mps: 0.55
 * /stair_descent_manager/truth_descent_flight_max_yaw_rate_rps: 0.14
 * /stair_descent_manager/truth_descent_flight_severe_tilt_hold_sec: 0.8
 * /stair_descent_manager/truth_descent_flight_severe_tilt_rad: 0.6
 * /stair_descent_manager/truth_descent_flight_severe_tilt_speed_mps: 0.3
 * /stair_descent_manager/truth_descent_flight_tilt_hold_sec: 0.6
 * /stair_descent_manager/truth_descent_flight_tilt_slowdown_rad: 0.48
 * /stair_descent_manager/truth_descent_flight_tilt_speed_mps: 0.55
 * /stair_descent_manager/truth_descent_gain_up_drop_m: 0.35
 * /stair_descent_manager/truth_descent_landing_heading_tolerance_rad: 0.18
 * /stair_descent_manager/truth_descent_landing_minimum_x_speed_mps: 0.3
 * /stair_descent_manager/truth_descent_landing_minimum_yaw_rate_rps: 0.34
 * /stair_descent_manager/truth_descent_landing_position_tolerance_m: 0.12
 * /stair_descent_manager/truth_descent_landing_recenter_speed_mps: 0.4
 * /stair_descent_manager/truth_descent_landing_settle_seconds: 1.5
 * /stair_descent_manager/truth_descent_landing_slip_max_attempts: 4
 * /stair_descent_manager/truth_descent_landing_turn_speed_rps: 1.2
 * /stair_descent_manager/truth_descent_max_center_error_m: 0.4
 * /stair_descent_manager/truth_descent_minimum_upright_z: 0.55
 * /stair_descent_manager/truth_descent_segment_turn_alignment_minimum_speed_mps: 0.3
 * /stair_descent_manager/truth_descent_segment_turn_alignment_progress_min_m: 0.025
 * /stair_descent_manager/truth_descent_segment_turn_alignment_progress_timeout_sec: 3.0
 * /stair_descent_manager/truth_descent_segment_turn_drift_limit_m: 0.4
 * /stair_descent_manager/truth_descent_segment_turn_lateral_speed_mps: 0.4
 * /stair_descent_manager/truth_descent_segment_turn_position_tolerance_m: 0.16
 * /stair_descent_manager/truth_descent_segment_turn_progress_min_improvement_rad: 0.11
 * /stair_descent_manager/truth_descent_segment_turn_progress_timeout_sec: 2.8
 * /stair_descent_manager/truth_descent_segment_turn_side_speed_mps: 0.4
 * /stair_descent_manager/truth_descent_segment_turn_x_safe_tolerance_m: 0.25
 * /stair_descent_manager/truth_descent_segment_turn_y_safe_high_m: 1.95
 * /stair_descent_manager/truth_descent_segment_turn_yaw_rate_rps: 1.0
 * /stair_descent_manager/truth_descent_side_slip_pause_sec: 0.5
 * /stair_descent_manager/truth_descent_stall_seconds: 3.0
 * /stair_descent_manager/truth_descent_step_pause_interval_m: 0.18
 * /stair_descent_manager/truth_descent_step_pause_seconds: 0.0
 * /stair_descent_manager/truth_descent_trigger_timeout_sec: 2400.0
 * /stair_descent_manager/truth_descent_turn_forward_speed_mps: 0.08
 * /stair_descent_manager/truth_descent_turn_forward_y_limit_m: 4.82
 * /stair_descent_manager/truth_descent_turn_start_y: 5.05
 * /stair_descent_manager/truth_entry_guide: True
 * /stair_descent_manager/truth_two_stage_guide: True
 * /stair_transition_manager/ascent_maximum_speed_mps: 0.8
 * /stair_transition_manager/ascent_speed_mps: 0.8
 * /stair_transition_manager/ascent_timeout_sec: 70.0
 * /stair_transition_manager/auto_start: False
 * /stair_transition_manager/command_topic: /cmd_vel
 * /stair_transition_manager/enable_truth_return_gate: False
 * /stair_transition_manager/enable_visual_stair_alignment: False
 * /stair_transition_manager/entry_alignment_yaw_rate_rps: 0.4
 * /stair_transition_manager/flight_a_height_gain_m: 1.05
 * /stair_transition_manager/flight_b_timeout_sec: 70.0
 * /stair_transition_manager/hold_rl_during_ascent: True
 * /stair_transition_manager/landing_cross_distance_m: 0.95
 * /stair_transition_manager/landing_cross_speed_mps: 0.75
 * /stair_transition_manager/landing_heading_tolerance_rad: 0.15
 * /stair_transition_manager/landing_timeout_sec: 30.0
 * /stair_transition_manager/landing_turn_angle_rad: -2.4
 * /stair_transition_manager/landing_turn_speed_rps: 1.2
 * /stair_transition_manager/odom_topic: /Odometry_gazebo
 * /stair_transition_manager/offline_stair_model_sdf: /tmp/simenv_bridg...
 * /stair_transition_manager/offline_truth_layout_metadata: /tmp/simenv_bridg...
 * /stair_transition_manager/output_dir: /root/autodl-tmp/...
 * /stair_transition_manager/plane_policy: /workspace/SimEnv...
 * /stair_transition_manager/policy_warmup_seconds: 0.2
 * /stair_transition_manager/pre_ascent_rl_fast_blend_seconds: 0.5
 * /stair_transition_manager/pre_ascent_rl_fast_takeover: True
 * /stair_transition_manager/pre_ascent_rl_fast_zero_hold_seconds: 0.15
 * /stair_transition_manager/pre_ascent_rl_settle_seconds: 0.6
 * /stair_transition_manager/pre_ascent_stand_seconds: 0.0
 * /stair_transition_manager/second_floor_handoff_timeout_sec: 90.0
 * /stair_transition_manager/second_floor_stable_seconds: 0.5
 * /stair_transition_manager/stair_policy: /workspace/SimEnv...
 * /stair_transition_manager/total_height_gain_m: 2.2
 * /stair_transition_manager/truth_entry_final_speed_mps: 0.55
 * /stair_transition_manager/truth_entry_guide: True
 * /stair_transition_manager/truth_entry_guide_min_speed_mps: 0.25
 * /stair_transition_manager/truth_entry_guide_speed_mps: 0.45
 * /stair_transition_manager/truth_entry_timeout_sec: 120.0
 * /stair_transition_manager/truth_fixed_two_flight_profile: True
 * /stair_transition_manager/truth_flight_a_backslide_recovery_hold_seconds: 1.5
 * /stair_transition_manager/truth_flight_a_backslide_recovery_max_attempts: 2
 * /stair_transition_manager/truth_flight_a_backslide_recovery_ramp_seconds: 1.0
 * /stair_transition_manager/truth_flight_a_backslide_recovery_ramp_speed_mps: 0.4
 * /stair_transition_manager/truth_flight_a_climb_ramp_seconds: 1.2
 * /stair_transition_manager/truth_flight_a_near_edge_strong_center_error_m: 0.24
 * /stair_transition_manager/truth_flight_a_policy_capture_max_joint_velocity_rms: 0.18
 * /stair_transition_manager/truth_flight_a_policy_fast_fixed_stand: True
 * /stair_transition_manager/truth_flight_a_policy_fast_fixed_stand_duration_seconds: 0.5
 * /stair_transition_manager/truth_flight_a_policy_fast_fixed_stand_minimum_elapsed_seconds: 0.5
 * /stair_transition_manager/truth_flight_a_policy_fast_fixed_stand_minimum_gain_ratio: 0.75
 * /stair_transition_manager/truth_flight_a_policy_fast_fixed_stand_settle_seconds: 0.0
 * /stair_transition_manager/truth_flight_a_policy_fast_fixed_stand_stable_seconds: 0.5
 * /stair_transition_manager/truth_flight_a_policy_fixed_stand_ready_timeout_sec: 12.0
 * /stair_transition_manager/truth_flight_a_policy_require_fixed_stand_ready: True
 * /stair_transition_manager/truth_flight_a_policy_settle_seconds: 0.35
 * /stair_transition_manager/truth_flight_a_policy_settle_timeout_sec: 8.0
 * /stair_transition_manager/truth_flight_a_policy_stand_seconds: 0.1
 * /stair_transition_manager/truth_flight_a_policy_use_default_stand_target: False
 * /stair_transition_manager/truth_flight_a_prediction_horizon_sec: 1.1
 * /stair_transition_manager/truth_flight_a_rearward_slip_max_climb_speed_mps: 0.12
 * /stair_transition_manager/truth_flight_a_rearward_slip_speed_mps: 0.3
 * /stair_transition_manager/truth_flight_a_recovery_center_speed_mps: 0.22
 * /stair_transition_manager/truth_flight_a_recovery_forward_speed_mps: 0.6
 * /stair_transition_manager/truth_flight_a_require_fresh_ready: True
 * /stair_transition_manager/truth_flight_a_stall_release_seconds: 1.5
 * /stair_transition_manager/truth_flight_a_strong_recovery_forward_speed_mps: 0.4
 * /stair_transition_manager/truth_flight_b_max_yaw_rate_rps: 0.1
 * /stair_transition_manager/truth_flight_b_near_edge_strong_center_error_m: 0.24
 * /stair_transition_manager/truth_flight_b_pitch_min_height_gain_m: 0.08
 * /stair_transition_manager/truth_flight_b_pitch_rate_min_abs_rad: 0.6
 * /stair_transition_manager/truth_flight_b_pitch_rate_trigger_rps: 1.6
 * /stair_transition_manager/truth_flight_b_pitch_rate_window_sec: 0.18
 * /stair_transition_manager/truth_flight_b_pitch_recovery_max_attempts: 2
 * /stair_transition_manager/truth_flight_b_rearward_slip_speed_mps: 0.3
 * /stair_transition_manager/truth_flight_b_recovery_forward_speed_mps: 0.6
 * /stair_transition_manager/truth_flight_b_recovery_hold_seconds: 4.0
 * /stair_transition_manager/truth_flight_b_severe_pitch_detect_seconds: 0.1
 * /stair_transition_manager/truth_flight_b_severe_pitch_rad: 0.8
 * /stair_transition_manager/truth_flight_b_strong_recovery_forward_speed_mps: 0.4
 * /stair_transition_manager/truth_landing_recenter_speed_mps: 0.75
 * /stair_transition_manager/truth_two_stage_guide: True
 * /stair_transition_manager/two_flight_stair: True
 * /stair_transition_manager/upper_landing_clearance_grace_sec: 15.0
 * /stair_transition_manager/wait_for_second_floor_handoff: True
 * /stair_transition_manager/world_frame_ascent: True
 * /state_from_gazebo/robot_name: a1
 * /three_floor_rl_mission_supervisor/lobby_heading_stable_sec: 0.3
 * /three_floor_rl_mission_supervisor/lobby_initial_forward_speed_mps: 0.18
 * /three_floor_rl_mission_supervisor/lobby_linear_acceleration_mps2: 0.55
 * /three_floor_rl_mission_supervisor/minimum_upright_duration_sec: 0.6
 * /three_floor_rl_mission_supervisor/minimum_upright_z: 0.55
 * /three_floor_rl_mission_supervisor/mission_config: /tmp/simenv_bridg...
 * /three_floor_rl_mission_supervisor/mission_timeout_sec: 1800.0
 * /three_floor_rl_mission_supervisor/output_dir: /root/autodl-tmp/...
 * /three_floor_rl_mission_supervisor/plane_fast_takeover: True
 * /three_floor_rl_mission_supervisor/plane_fast_takeover_blend_seconds: 0.5
 * /three_floor_rl_mission_supervisor/plane_fast_takeover_zero_hold_seconds: 0.15
 * /three_floor_rl_mission_supervisor/plane_motion_start_ramp_initial_speed_mps: 0.3
 * /three_floor_rl_mission_supervisor/plane_motion_start_ramp_minimum_upright_z: 0.985
 * /three_floor_rl_mission_supervisor/plane_motion_start_ramp_seconds: 3.0
 * /three_floor_rl_mission_supervisor/progress_timeout_sec: 20.0
 * /unpause_after_controllers/controller_namespace: /a1_gazebo
 * /unpause_after_controllers/load_window_seconds: 2.0
 * /unpause_after_controllers/timeout: 120
 * /use_sim_time: True
 * /world_file: /tmp/simenv_bridg...

NODES
  /
    building_control (building_generator_classic/building_generator_classic_control)
    closed_loop_controller (scan_planner/closed_loop_controller)
    gazebo (gazebo_ros/gzserver)
    junior_ctrl (simenv_bridge/classic_trotting_controller.py)
    open_mapping_entrance (simenv_competitor/open_mapping_entrance.py)
    rl_floor_command_mux (simenv_bridge/rl_floor_command_mux.py)
    robot_state_publisher (robot_state_publisher/robot_state_publisher)
    scan_planner_node (scan_planner/scan_planner_node)
    scanplanner_plane_rl_bootstrap (simenv_competitor/controller_mode_bootstrap.py)
    scanplanner_pointcloud_bridge (simenv_bridge/scanplanner_pointcloud_bridge.py)
    scanplanner_red_ball_detector (simenv_bridge/danger_detector.py)
    scanplanner_three_floor_goal_sequencer (simenv_bridge/scanplanner_three_floor_goal_sequencer.py)
    second_to_third_floor_stair_manager (simenv_bridge/stair_transition_manager.py)
    stair_descent_manager (simenv_bridge/stair_descent_manager.py)
    stair_transition_manager (simenv_bridge/stair_transition_manager.py)
    state_from_gazebo (unitree_guide/state_from_gazebo)
    three_floor_rl_mission_supervisor (simenv_bridge/three_floor_rl_mission_supervisor.py)
    unpause_after_controllers (simenv_competitor/unpause_after_controllers.py)
    urdf_spawner (gazebo_ros/spawn_model)
  /a1_gazebo/
    controller_spawner (controller_manager/spawner)
[WARN] [1788288988.737563360]: [closed_loop_controller] ready.
hit: 1.7346
miss: -0.847298
min log: -1.99243
max: 3.89182
thresh log: 1.38629
Using junior_ctrl: /root/autodl-tmp/code/restore/0803b/overall_l0829/SimEnv-master/devel_native_oblique/lib/unitree_guide/junior_ctrl
Waiting for Gazebo A1 joint state and trunk IMU before junior_ctrl
[INFO] [1788288990.125286052]: Finished loading Gazebo ROS API Plugin.
[INFO] [1788288990.135688579]: waitForService: Service [/gazebo/set_physics_properties] has not been advertised, waiting...
[INFO] [1788288992.932794486]: waitForService: Service [/gazebo/set_physics_properties] is now available.
[INFO] [1788288992.993887471]: Physics dynamic reconfigure ready.
[INFO] [1788288993.396613028]: <initialOrientationAsReference> is unset, using default value of false to comply with REP 145 (world as orientation reference)
[INFO] [1788288993.396738649]: <robotNamespace> set to: //
[INFO] [1788288993.396778037]: <topicName> set to: trunk_imu
[INFO] [1788288993.396808110]: <frameName> set to: imu_link
[INFO] [1788288993.396880169]: <updateRateHZ> set to: 1000
[INFO] [1788288993.396919728]: <gaussianNoise> set to: 0
[INFO] [1788288993.397004653]: <xyzOffset> set to: 0 0 0
[INFO] [1788288993.397070646]: <rpyOffset> set to: 0 -0 0
[INFO] [1788288993.464027907]: load csv file name:/root/autodl-tmp/code/restore/0803b/SimEnv/src/unitree_guide/unitree_ros/robots/a1_description/scan_mode/mid360_stable.csv
cannot convert str:
data size:2500
[INFO] [1788288989.545241, 0.000000]: Waiting to open mapping entrance main_entrance
[INFO] [1788288994.580469, 0.000000]: Mapping entrance ready: door 'main_entrance' set to open
[INFO] [1788288989.449400, 0.000000]: Loading model XML from ros parameter robot_description
[INFO] [1788288989.462679, 0.000000]: Waiting for service /gazebo/spawn_urdf_model
[INFO] [1788288993.031460, 0.000000]: Calling service /gazebo/spawn_urdf_model
[INFO] [1788288994.566045, 0.000000]: Spawn status: SpawnModel: Successfully spawned entity
[INFO] [1788288994.571171, 0.000000]: Waiting for service /gazebo/set_model_configuration
[INFO] [1788288994.579942, 0.000000]: temporary hack to **fix** the -J joint position option (issue #93), sleeping for 1 second to avoid race condition.
[INFO] [1788288995.584479, 0.000000]: Calling service /gazebo/set_model_configuration
[INFO] [1788288995.594586, 0.000000]: Set model configuration status: SetModelConfiguration: success
[INFO] [1788288998.585003, 0.000000]: Gazebo unpaused after 2.0 s paused controller-load window
[INFO] [1788288998.593611, 0.004000]: All 13 A1 controllers reached running state
A1 sensors and 12 joint controllers are ready; starting classic junior_ctrl
[WARNING] Could not enable SCHED_FIFO scheduler: Operation not permitted. Controller will continue with the normal scheduler.
The control interface for ROS Gazebo simulation
robot_name: a1
controller dt: 0.004 s, frequency: 250.000 Hz
classic gait profile=trot period=0.550s stance_ratio=0.650
/workspace/SimEnv/src/unitree_guide/logs/policy_act_inference_plane.pt
cuda::is_available():1
RL inference device: cpu (requested=hybrid, policy=plane)
[INFO] RL policy resident in preload cache: /workspace/SimEnv/src/unitree_guide/logs/policy_act_inference_plane.pt
cuda::is_available():1
RL inference device: cpu (requested=hybrid, policy=plane)
load model is successed!
load model to device!
[INFO] UNITREE_RL_PRELOAD_PLANE_POLICY already cached: /workspace/SimEnv/src/unitree_guide/logs/policy_act_inference_plane.pt
cuda::is_available():1
RL inference device: cuda (requested=hybrid, policy=stair)
[INFO] RL policy resident in preload cache: /workspace/SimEnv/src/unitree_guide/logs/policy_act_inference_stair.pt
[INFO] UNITREE_RL_PRELOAD_STAIR_POLICY preloaded: /workspace/SimEnv/src/unitree_guide/logs/policy_act_inference_stair.pt
[INFO] RL observation source: trunk IMU and joint states (no ground truth).
[INFO] Autonomous startup: entering fixed stand (hold until /joy RL).
Switched from passive to fixed stand
[INFO] [1788289000.656625734, 1.176000000]: [SCANReplanFSM] Set RViz goal height from initial body_pose z: 0.179
[FSM]: state: INIT
wait for goal.
Warning: TF_REPEATED_DATA ignoring data with redundant timestamp for frame sliding_map (parent world) at time 2.982000 according to authority /scan_planner_node
         at line 277 in /tmp/binarydeb/ros-noetic-tf2-0.7.10/src/buffer_core.cpp
[FSM]: state: INIT
wait for goal.
[FSM]: state: INIT
wait for goal.
[INFO] Hold-stand released; RL requested.
Switched from fixed stand to RL
[INFO] Entered RL /cmd_vel mode.
[FSM]: state: INIT
wait for goal.
[FSM]: state: INIT
wait for goal.
[FSM]: state: INIT
wait for goal.
[FSM]: state: INIT
wait for goal.
[FSM]: state: INIT
wait for goal.
[FSM]: state: INIT
wait for goal.
[INFO] [1788289009.434924739, 4.990000000]: RL policy input vx=0.000 vy=0.000 wz=0.000 action_rms=0.322 ready=0 userCmd=0 kbd=0 raw=0.000,0.000,0.000 grav=-0.04,0.00,-0.98
[INFO] [1788289013.682674023, 7.005000000]: RL policy input vx=0.000 vy=0.000 wz=0.000 action_rms=0.206 ready=0 userCmd=0 kbd=0 raw=0.000,0.000,0.000 grav=-0.03,0.07,-0.98
[INFO] [1788289017.506827327, 9.018000000]: RL policy input vx=0.000 vy=0.000 wz=0.000 action_rms=0.144 ready=0 userCmd=0 kbd=0 raw=0.000,0.000,0.000 grav=-0.00,0.01,-0.98
[INFO] [1788289020.082530487, 10.428000000]: RL locomotion_ready latched after 5.52 s takeover and 5.44 s stable hold
cuda::is_available():1
RL inference device: cuda (requested=hybrid, policy=stair)
[INFO] RL policy hot-switched from preload cache: /workspace/SimEnv/src/unitree_guide/logs/policy_act_inference_stair.pt
[FSM]: state: INIT
wait for goal.
[FSM]: state: INIT
wait for goal.
[FSM]: state: INIT
wait for goal.
[FSM]: state: INIT
wait for goal.
[FSM]: state: INIT
wait for goal.
[FSM]: state: INIT
wait for goal.
[FSM]: state: INIT
wait for goal.
[FSM]: state: INIT
wait for goal.
[FSM]: state: INIT
wait for goal.
[FSM]: state: INIT
wait for goal.
[FSM]: state: INIT
wait for goal.
[FSM]: state: INIT
wait for goal.
[FSM]: state: INIT
wait for goal.
[FSM]: state: INIT
wait for goal.
[FSM]: state: INIT
wait for goal.
[WARN] [1788289050.404422264, 26.129000000]: Using one-shot plane RL takeover profile: blend 0.50 s, zero hold 0.15 s
[INFO] [1788289021.232063676, 11.039000000]: RL policy input vx=0.000 vy=0.000 wz=0.000 action_rms=0.150 ready=0 userCmd=0 kbd=0 raw=0.000,0.000,0.000 grav=-0.01,0.00,-0.98
[INFO] [1788289025.111415067, 13.043000000]: RL policy input vx=0.000 vy=0.000 wz=0.000 action_rms=0.147 ready=0 userCmd=0 kbd=0 raw=0.000,0.000,0.000 grav=-0.01,0.02,-0.98
[INFO] [1788289028.842587037, 15.046000000]: RL policy input vx=0.000 vy=0.000 wz=0.000 action_rms=0.146 ready=0 userCmd=0 kbd=0 raw=0.000,0.000,0.000 grav=-0.01,0.02,-0.98
[INFO] [1788289030.602917367, 15.962000000]: RL locomotion_ready latched after 5.51 s takeover and 5.18 s stable hold
[INFO] [1788289032.751186855, 17.051000000]: RL policy input vx=0.348 vy=0.003 wz=0.017 action_rms=0.143 ready=1 userCmd=0 kbd=0 raw=0.348,0.003,0.017 grav=-0.00,0.02,-0.98
[INFO] [1788289036.831660599, 19.066000000]: RL policy input vx=0.521 vy=-0.027 wz=-0.047 action_rms=0.462 ready=1 userCmd=0 kbd=0 raw=0.521,-0.027,-0.047 grav=-0.04,-0.05,-0.98
[INFO] [1788289040.565529269, 21.077000000]: RL policy input vx=0.412 vy=-0.083 wz=-0.047 action_rms=0.143 ready=1 userCmd=0 kbd=0 raw=0.412,-0.083,-0.047 grav=0.01,0.01,-0.98
[INFO] [1788289044.442616001, 23.089000000]: RL policy input vx=0.420 vy=-0.016 wz=-0.045 action_rms=0.138 ready=1 userCmd=0 kbd=0 raw=0.420,-0.016,-0.045 grav=-0.01,0.01,-0.98
[INFO] [1788289048.267069409, 25.094000000]: RL policy input vx=0.420 vy=0.013 wz=-0.036 action_rms=0.148 ready=1 userCmd=0 kbd=0 raw=0.420,0.013,-0.036 grav=0.17,0.02,-0.96
cuda::is_available():1
RL inference device: cpu (requested=hybrid, policy=plane)
[INFO] RL policy hot-switched from preload cache: /workspace/SimEnv/src/unitree_guide/logs/policy_act_inference_plane.pt
[FSM]: state: INIT
wait for goal.
[FSM]: state: INIT
wait for goal.
[FSM]: state: INIT
wait for goal.
[FSM]: state: INIT
wait for goal.
[FSM]: state: INIT
wait for goal.
[FSM]: state: INIT
wait for goal.
[FSM]: state: INIT
wait for goal.
[FSM]: state: INIT
wait for goal.
[FSM]: state: INIT
wait for goal.
[FSM]: state: INIT
wait for goal.
[FSM]: state: INIT
wait for goal.
[FSM]: state: INIT
wait for goal.
[FSM]: state: INIT
wait for goal.
[FSM]: state: INIT
wait for goal.
[FSM]: state: INIT
wait for goal.
[FSM]: state: INIT
wait for goal.
[FSM]: state: INIT
wait for goal.
[FSM]: state: INIT
wait for goal.
[FSM]: state: INIT
wait for goal.
Warning: TF_REPEATED_DATA ignoring data with redundant timestamp for frame sliding_map (parent world) at time 47.692000 according to authority /scan_planner_node
         at line 277 in /tmp/binarydeb/ros-noetic-tf2-0.7.10/src/buffer_core.cpp
Warning: TF_REPEATED_DATA ignoring data with redundant timestamp for frame sliding_map (parent world) at time 48.377000 according to authority /scan_planner_node
         at line 277 in /tmp/binarydeb/ros-noetic-tf2-0.7.10/src/buffer_core.cpp
[FSM]: state: INIT
wait for goal.
[FSM]: state: INIT
wait for goal.
[FSM]: state: INIT
wait for goal.
Warning: TF_REPEATED_DATA ignoring data with redundant timestamp for frame sliding_map (parent world) at time 50.879000 according to authority /scan_planner_node
         at line 277 in /tmp/binarydeb/ros-noetic-tf2-0.7.10/src/buffer_core.cpp
[FSM]: state: INIT
wait for goal.
Warning: TF_REPEATED_DATA ignoring data with redundant timestamp for frame sliding_map (parent world) at time 52.081000 according to authority /scan_planner_node
         at line 277 in /tmp/binarydeb/ros-noetic-tf2-0.7.10/src/buffer_core.cpp
[FSM]: state: INIT
wait for goal.
Warning: TF_REPEATED_DATA ignoring data with redundant timestamp for frame sliding_map (parent world) at time 53.480000 according to authority /scan_planner_node
         at line 277 in /tmp/binarydeb/ros-noetic-tf2-0.7.10/src/buffer_core.cpp
[FSM]: state: INIT
wait for goal.
Warning: TF_REPEATED_DATA ignoring data with redundant timestamp for frame sliding_map (parent world) at time 55.388000 according to authority /scan_planner_node
         at line 277 in /tmp/binarydeb/ros-noetic-tf2-0.7.10/src/buffer_core.cpp
[FSM]: state: INIT
wait for goal.
[FSM]: state: INIT
wait for goal.
[FSM]: state: INIT
wait for goal.
[FSM]: state: INIT
wait for goal.
[FSM]: state: INIT
wait for goal.
[FSM]: state: INIT
wait for goal.
[FSM]: state: INIT
wait for goal.
[FSM]: state: INIT
wait for goal.
[FSM]: state: INIT
wait for goal.
[FSM]: state: INIT
wait for goal.
[FSM]: state: INIT
wait for goal.
[FSM]: state: INIT
wait for goal.
[FSM]: state: INIT
wait for goal.
[FSM]: state: INIT
wait for goal.
[INFO] [1788289051.994715286, 26.923000000]: RL locomotion_ready latched after 0.80 s takeover and 0.15 s stable hold
[INFO] [1788289052.366167795, 27.113000000]: RL policy input vx=0.112 vy=0.005 wz=0.012 action_rms=0.190 ready=1 userCmd=0 kbd=0 raw=0.112,0.005,0.012 grav=0.00,0.05,-0.98
[INFO] [1788289056.560271365, 29.129000000]: RL policy input vx=2.249 vy=-0.049 wz=-0.024 action_rms=0.465 ready=1 userCmd=0 kbd=0 raw=2.249,-0.049,-0.024 grav=-0.00,-0.01,-0.98
[INFO] [1788289061.185652522, 31.149000000]: RL policy input vx=2.248 vy=0.093 wz=0.046 action_rms=0.445 ready=1 userCmd=0 kbd=0 raw=2.248,0.093,0.046 grav=-0.01,-0.05,-0.98
[INFO] [1788289064.833916916, 33.164000000]: RL policy input vx=2.248 vy=0.103 wz=0.050 action_rms=0.442 ready=1 userCmd=0 kbd=0 raw=2.248,0.103,0.050 grav=0.03,-0.01,-0.98
[INFO] [1788289068.778521236, 35.176000000]: RL policy input vx=1.888 vy=0.028 wz=0.016 action_rms=0.436 ready=1 userCmd=0 kbd=0 raw=1.888,0.028,0.016 grav=-0.01,-0.05,-0.98
[INFO] [1788289073.053997126, 37.196000000]: RL policy input vx=0.317 vy=0.146 wz=0.474 action_rms=0.281 ready=1 userCmd=0 kbd=0 raw=0.317,0.146,0.474 grav=0.01,0.03,-0.98
[INFO] [1788289076.929984119, 39.197000000]: RL policy input vx=0.447 vy=0.000 wz=0.130 action_rms=0.208 ready=1 userCmd=0 kbd=0 raw=0.447,0.000,0.130 grav=-0.01,-0.03,-0.98
[INFO] [1788289081.766250901, 41.201000000]: RL policy input vx=0.450 vy=0.000 wz=0.005 action_rms=0.295 ready=1 userCmd=0 kbd=0 raw=0.450,0.000,0.005 grav=0.01,-0.01,-0.98
[INFO] [1788289085.790780347, 43.217000000]: RL policy input vx=2.135 vy=-0.209 wz=-0.107 action_rms=0.359 ready=1 userCmd=0 kbd=0 raw=2.135,-0.209,-0.107 grav=-0.08,-0.09,-0.97
[INFO] [1788289089.947988004, 45.240000000]: RL policy input vx=0.567 vy=0.020 wz=0.038 action_rms=0.127 ready=1 userCmd=0 kbd=0 raw=0.567,0.020,0.038 grav=0.04,-0.04,-0.98
[INFO] [1788289093.872597099, 47.256000000]: RL policy input vx=0.000 vy=0.000 wz=2.400 action_rms=0.287 ready=1 userCmd=0 kbd=0 raw=0.000,0.000,2.400 grav=-0.01,0.01,-0.98
[INFO] [1788289097.878597708, 49.272000000]: RL policy input vx=0.000 vy=0.000 wz=-1.150 action_rms=0.187 ready=1 userCmd=0 kbd=0 raw=0.000,0.000,-1.150 grav=0.01,0.01,-0.98
[INFO] [1788289101.367687694, 51.290000000]: RL policy input vx=1.059 vy=-0.295 wz=-0.299 action_rms=0.383 ready=1 userCmd=0 kbd=0 raw=1.059,-0.295,-0.299 grav=-0.01,-0.08,-0.98
[INFO] [1788289104.543121918, 53.292000000]: RL policy input vx=0.000 vy=0.000 wz=-2.017 action_rms=0.186 ready=1 userCmd=0 kbd=0 raw=0.000,0.000,-2.017 grav=0.03,-0.02,-0.98
[INFO] [1788289108.050053773, 55.312000000]: RL policy input vx=0.784 vy=-0.750 wz=-0.823 action_rms=0.192 ready=1 userCmd=0 kbd=0 raw=0.784,-0.750,-0.823 grav=-0.01,0.02,-0.98
[INFO] [1788289111.682662126, 57.321000000]: RL policy input vx=0.296 vy=-0.051 wz=-0.188 action_rms=0.230 ready=1 userCmd=0 kbd=0 raw=0.296,-0.051,-0.188 grav=0.02,-0.03,-0.98
[INFO] [1788289116.078887532, 59.333000000]: RL policy input vx=0.448 vy=0.000 wz=-0.107 action_rms=0.300 ready=1 userCmd=0 kbd=0 raw=0.448,0.000,-0.107 grav=-0.01,-0.02,-0.98
[INFO] [1788289120.584361093, 61.350000000]: RL policy input vx=0.449 vy=0.000 wz=-0.069 action_rms=0.154 ready=1 userCmd=0 kbd=0 raw=0.449,0.000,-0.069 grav=0.01,-0.02,-0.98
[INFO] [1788289124.874344251, 63.352000000]: RL policy input vx=0.413 vy=0.010 wz=0.026 action_rms=0.243 ready=1 userCmd=0 kbd=0 raw=0.413,0.010,0.026 grav=0.02,-0.01,-0.98
[INFO] [1788289129.107249686, 65.361000000]: RL policy input vx=0.450 vy=0.000 wz=0.006 action_rms=0.157 ready=1 userCmd=0 kbd=0 raw=0.450,0.000,0.006 grav=0.01,-0.02,-0.98
[INFO] [1788289133.675405438, 67.372000000]: RL policy input vx=0.642 vy=-0.361 wz=-0.424 action_rms=0.275 ready=1 userCmd=0 kbd=0 raw=0.642,-0.361,-0.424 grav=0.01,-0.03,-0.98
[INFO] [1788289137.638522276, 69.380000000]: RL policy input vx=0.556 vy=-0.109 wz=-0.212 action_rms=0.271 ready=1 userCmd=0 kbd=0 raw=0.556,-0.109,-0.212 grav=0.05,-0.06,-0.98
[INFO] [1788289140.789589293, 71.391000000]: RL policy input vx=0.000 vy=0.000 wz=2.400 action_rms=0.353 ready=1 userCmd=0 kbd=0 raw[FSM]: state: INIT
wait for goal.
[FSM]: state: INIT
wait for goal.
[FSM]: state: INIT
wait for goal.
[FSM]: state: INIT
wait for goal.
[FSM]: state: INIT
wait for goal.
Warning: TF_REPEATED_DATA ignoring data with redundant timestamp for frame sliding_map (parent world) at time 76.779000 according to authority /scan_planner_node
         at line 277 in /tmp/binarydeb/ros-noetic-tf2-0.7.10/src/buffer_core.cpp
[FSM]: state: INIT
wait for goal.
[FSM]: state: INIT
wait for goal.
Warning: TF_REPEATED_DATA ignoring data with redundant timestamp for frame sliding_map (parent world) at time 79.679000 according to authority /scan_planner_node
         at line 277 in /tmp/binarydeb/ros-noetic-tf2-0.7.10/src/buffer_core.cpp
[FSM]: state: INIT
wait for goal.
[FSM]: state: INIT
wait for goal.
[FSM]: state: INIT
wait for goal.
[FSM]: state: INIT
wait for goal.
[FSM]: state: INIT
wait for goal.
[FSM]: state: INIT
wait for goal.
[FSM]: state: INIT
wait for goal.
[FSM]: state: INIT
wait for goal.
[FSM]: state: INIT
wait for goal.
[FSM]: state: INIT
wait for goal.
[FSM]: state: INIT
wait for goal.
[FSM]: state: INIT
wait for goal.
[WARN] [1788289177.790799675, 92.706000000]: Plane tilt guard scaling cmd_vel by 0.94 at tilt 0.207 rad
[FSM]: state: INIT
wait for goal.
[FSM]: state: INIT
wait for goal.
[FSM]: state: INIT
wait for goal.
[FSM]: state: INIT
wait for goal.
[FSM]: state: INIT
wait for goal.
[FSM]: state: INIT
wait for goal.
[FSM]: state: INIT
wait for goal.
[FSM]: state: INIT
wait for goal.
[FSM]: state: INIT
wait for goal.
[FSM]: state: INIT
wait for goal.
[FSM]: state: INIT
wait for goal.
[FSM]: state: INIT
wait for goal.
[FSM]: state: INIT
wait for goal.
Warning: TF_REPEATED_DATA ignoring data with redundant timestamp for frame sliding_map (parent world) at time 107.377000 according to authority /scan_planner_node
         at line 277 in /tmp/binarydeb/ros-noetic-tf2-0.7.10/src/buffer_core.cpp
[FSM]: state: INIT
wait for goal.
Warning: TF_REPEATED_DATA ignoring data with redundant timestamp for frame sliding_map (parent world) at time 108.779000 according to authority /scan_planner_node
         at line 277 in /tmp/binarydeb/ros-noetic-tf2-0.7.10/src/buffer_core.cpp
Warning: TF_REPEATED_DATA ignoring data with redundant timestamp for frame sliding_map (parent world) at time 108.879000 according to authority /scan_planner_node
         at line 277 in /tmp/binarydeb/ros-noetic-tf2-0.7.10/src/buffer_core.cpp
[FSM]: state: INIT
wait for goal.
[FSM]: state: INIT
wait for goal.
[FSM]: state: INIT
wait for goal.
[FSM]: state: INIT
wait for goal.
[FSM]: state: INIT
wait for goal.
[FSM]: state: INIT
wait for goal.
[FSM]: state: INIT
wait for goal.
[FSM]: state: INIT
wait for goal.
[FSM]: state: INIT
wait for goal.
=0.000,0.000,2.400 grav=0.01,0.02,-0.98
[INFO] [1788289144.361871511, 73.403000000]: RL policy input vx=0.147 vy=-0.450 wz=-1.150 action_rms=0.292 ready=1 userCmd=0 kbd=0 raw=0.147,-0.450,-1.150 grav=-0.00,0.05,-0.98
[INFO] [1788289147.858254207, 75.407000000]: RL policy input vx=0.292 vy=-0.069 wz=-0.255 action_rms=0.228 ready=1 userCmd=0 kbd=0 raw=0.292,-0.069,-0.255 grav=0.03,-0.03,-0.98
[INFO] [1788289151.294725428, 77.429000000]: RL policy input vx=0.457 vy=-0.061 wz=-0.146 action_rms=0.178 ready=1 userCmd=0 kbd=0 raw=0.457,-0.061,-0.146 grav=0.04,-0.04,-0.98
[INFO] [1788289154.666209493, 79.436000000]: RL policy input vx=0.000 vy=0.000 wz=-2.400 action_rms=0.134 ready=1 userCmd=0 kbd=0 raw=0.000,0.000,-2.400 grav=0.01,0.02,-0.98
[INFO] [1788289158.048165882, 81.455000000]: RL policy input vx=0.308 vy=0.393 wz=0.997 action_rms=0.236 ready=1 userCmd=0 kbd=0 raw=0.308,0.393,0.997 grav=0.01,0.00,-0.98
[INFO] [1788289161.417135753, 83.469000000]: RL policy input vx=0.000 vy=0.000 wz=-0.450 action_rms=0.152 ready=1 userCmd=0 kbd=0 raw=0.000,0.000,-0.450 grav=0.01,0.00,-0.98
[INFO] [1788289164.789479498, 85.485000000]: RL policy input vx=0.000 vy=0.000 wz=-0.389 action_rms=0.169 ready=1 userCmd=0 kbd=0 raw=0.000,0.000,-0.389 grav=0.00,0.01,-0.98
[INFO] [1788289168.267385333, 87.488000000]: RL policy input vx=0.448 vy=0.000 wz=-0.092 action_rms=0.160 ready=1 userCmd=0 kbd=0 raw=0.448,0.000,-0.092 grav=0.01,-0.01,-0.98
[INFO] [1788289172.078127946, 89.501000000]: RL policy input vx=0.404 vy=0.000 wz=-0.069 action_rms=0.195 ready=1 userCmd=0 kbd=0 raw=0.404,0.000,-0.069 grav=0.00,-0.02,-0.98
[INFO] [1788289175.815261100, 91.523000000]: RL policy input vx=0.979 vy=-0.750 wz=-0.719 action_rms=0.345 ready=1 userCmd=0 kbd=0 raw=0.979,-0.750,-0.719 grav=-0.03,-0.07,-0.98
[INFO] [1788289179.203815615, 93.544000000]: RL policy input vx=2.240 vy=-0.211 wz=-0.103 action_rms=0.360 ready=1 userCmd=0 kbd=0 raw=2.240,-0.211,-0.103 grav=-0.04,-0.05,-0.98
[INFO] [1788289182.339171036, 95.560000000]: RL policy input vx=2.248 vy=-0.101 wz=-0.050 action_rms=0.317 ready=1 userCmd=0 kbd=0 raw=2.248,-0.101,-0.050 grav=0.01,0.02,-0.98
[INFO] [1788289185.531108389, 97.577000000]: RL policy input vx=2.250 vy=-0.034 wz=-0.017 action_rms=0.437 ready=1 userCmd=0 kbd=0 raw=2.250,-0.034,-0.017 grav=-0.01,0.02,-0.98
[INFO] [1788289188.683612451, 99.595000000]: RL policy input vx=0.562 vy=0.083 wz=0.162 action_rms=0.160 ready=1 userCmd=0 kbd=0 raw=0.562,0.083,0.162 grav=0.05,-0.05,-0.98
[INFO] [1788289191.850064808, 101.598000000]: RL policy input vx=0.000 vy=0.000 wz=0.344 action_rms=0.181 ready=1 userCmd=0 kbd=0 raw=0.000,0.000,0.344 grav=0.02,-0.02,-0.98
[INFO] [1788289195.570136298, 103.606000000]: RL policy input vx=0.450 vy=0.000 wz=0.036 action_rms=0.208 ready=1 userCmd=0 kbd=0 raw=0.450,0.000,0.036 grav=0.01,-0.02,-0.98
[INFO] [1788289199.278109754, 105.606000000]: RL policy input vx=0.450 vy=0.000 wz=-0.010 action_rms=0.156 ready=1 userCmd=0 kbd=0 raw=0.450,0.000,-0.010 grav=0.01,-0.01,-0.98
[INFO] [1788289203.034652855, 107.608000000]: RL policy input vx=1.999 vy=0.070 wz=0.038 action_rms=0.398 ready=1 userCmd=0 kbd=0 raw=1.999,0.070,0.038 grav=0.03,-0.04,-0.98
[INFO] [1788289207.042271085, 109.626000000]: RL policy input vx=0.300 vy=0.012 wz=0.043 action_rms=0.183 ready=1 userCmd=0 kbd=0 raw=0.300,0.012,0.043 grav=0.02,-0.02,-0.98
[INFO] [1788289211.718934773, 111.641000000]: RL policy input vx=0.000 vy=0.000 wz=2.400 action_rms=0.171 ready=1 userCmd=0 kbd=0 raw=0.000,0.000,2.400 grav=0.02,0.01,-0.98
[INFO] [1788289216.033048209, 113.643000000]: RL policy input vx=0.643 vy=-0.750 wz=-0.948 action_rms=0.202 ready=1 userCmd=0 kbd=0 raw=0.643,-0.750,-0.948 grav=-0.00,0.03,-0.98
[INFO] [1788289220.263886824, 115.657000000]: RL policy input vx=0.294 vy=-0.062 wz=-0.227 action_rms=0.265 ready=1 userCmd=0 kbd=0 raw=0.294,-0.062,-0.227 grav=0.02,-0.02,-0.98
[INFO] [1788289224.476104060, 117.664000000]: RL policy input vx=0.000 vy=0.000 wz=-2.400 action_rms=0.251 ready=1 userCmd=0 kbd=0 raw=0.000,0.000,-2.400 grav=0.01,0.00,-0.98
[INFO] [1788289228.3434[FSM]: state: INIT
wait for goal.
Warning: TF_REPEATED_DATA ignoring data with redundant timestamp for frame sliding_map (parent world) at time 120.579000 according to authority /scan_planner_node
         at line 277 in /tmp/binarydeb/ros-noetic-tf2-0.7.10/src/buffer_core.cpp
[FSM]: state: INIT
wait for goal.
[FSM]: state: INIT
wait for goal.
[FSM]: state: INIT
wait for goal.
[FSM]: state: INIT
wait for goal.
[FSM]: state: INIT
wait for goal.
[FSM]: state: INIT
wait for goal.
[FSM]: state: INIT
wait for goal.
[FSM]: state: INIT
wait for goal.
[FSM]: state: INIT
wait for goal.
[FSM]: state: INIT
wait for goal.
[FSM]: state: INIT
wait for goal.
[FSM]: state: INIT
wait for goal.
Warning: TF_REPEATED_DATA ignoring data with redundant timestamp for frame sliding_map (parent world) at time 134.083000 according to authority /scan_planner_node
         at line 277 in /tmp/binarydeb/ros-noetic-tf2-0.7.10/src/buffer_core.cpp
Warning: TF_REPEATED_DATA ignoring data with redundant timestamp for frame sliding_map (parent world) at time 134.880000 according to authority /scan_planner_node
         at line 277 in /tmp/binarydeb/ros-noetic-tf2-0.7.10/src/buffer_core.cpp
[FSM]: state: INIT
wait for goal.
[FSM]: state: INIT
wait for goal.
[FSM]: state: INIT
wait for goal.
Warning: TF_REPEATED_DATA ignoring data with redundant timestamp for frame sliding_map (parent world) at time 137.578000 according to authority /scan_planner_node
         at line 277 in /tmp/binarydeb/ros-noetic-tf2-0.7.10/src/buffer_core.cpp
[FSM]: state: INIT
wait for goal.
[FSM]: state: INIT
wait for goal.
[FSM]: state: INIT
wait for goal.
Warning: TF_REPEATED_DATA ignoring data with redundant timestamp for frame sliding_map (parent world) at time 141.084000 according to authority /scan_planner_node
         at line 277 in /tmp/binarydeb/ros-noetic-tf2-0.7.10/src/buffer_core.cpp
[FSM]: state: INIT
wait for goal.
[FSM]: state: INIT
wait for goal.
Warning: TF_REPEATED_DATA ignoring data with redundant timestamp for frame sliding_map (parent world) at time 143.088000 according to authority /scan_planner_node
         at line 277 in /tmp/binarydeb/ros-noetic-tf2-0.7.10/src/buffer_core.cpp
Warning: TF_REPEATED_DATA ignoring data with redundant timestamp for frame sliding_map (parent world) at time 143.480000 according to authority /scan_planner_node
         at line 277 in /tmp/binarydeb/ros-noetic-tf2-0.7.10/src/buffer_core.cpp
[FSM]: state: INIT
wait for goal.
[FSM]: state: INIT
wait for goal.
[FSM]: state: INIT
wait for goal.
[FSM]: state: INIT
wait for goal.
[FSM]: state: INIT
wait for goal.
[FSM]: state: INIT
wait for goal.
[FSM]: state: INIT
wait for goal.
[FSM]: state: INIT
wait for goal.
[FSM]: state: INIT
wait for goal.
[FSM]: state: INIT
wait for goal.
[FSM]: state: INIT
wait for goal.
Warning: TF_REPEATED_DATA ignoring data with redundant timestamp for frame sliding_map (parent world) at time 156.177000 according to authority /scan_planner_node
         at line 277 in /tmp/binarydeb/ros-noetic-tf2-0.7.10/src/buffer_core.cpp
[FSM]: state: INIT
wait for goal.
[FSM]: state: INIT
wait for goal.
[FSM]: state: INIT
wait for goal.
Warning: TF_REPEATED_DATA ignoring data with redundant timestamp for frame sliding_map (parent world) at time 159.479000 according to authority /scan_planner_node
         at line 277 in /tmp/binarydeb/ros-noetic-tf2-0.7.10/src/buffer_core.cpp
[FSM]: state: INIT
wait for goal.
[FSM]: state: INIT
wait for goal.
[FSM]: state: INIT
wait for goal.
[FSM]: state: INIT
wait for goal.
[FSM]: state: INIT
wait for goal.
[FSM]: state: INIT
wait for goal.
89811, 119.680000000]: RL policy input vx=0.937 vy=-0.189 wz=-0.219 action_rms=0.215 ready=1 userCmd=0 kbd=0 raw=0.937,-0.189,-0.219 grav=0.06,-0.05,-0.98
[INFO] [1788289231.550057241, 121.689000000]: RL policy input vx=0.000 vy=0.000 wz=-0.309 action_rms=0.163 ready=1 userCmd=0 kbd=0 raw=0.000,0.000,-0.309 grav=0.02,0.00,-0.98
[INFO] [1788289235.184281457, 123.703000000]: RL policy input vx=0.449 vy=0.000 wz=-0.084 action_rms=0.167 ready=1 userCmd=0 kbd=0 raw=0.449,0.000,-0.084 grav=0.01,-0.02,-0.98
[INFO] [1788289238.774582977, 125.708000000]: RL policy input vx=0.384 vy=0.000 wz=-0.078 action_rms=0.281 ready=1 userCmd=0 kbd=0 raw=0.384,0.000,-0.078 grav=0.01,-0.02,-0.98
[INFO] [1788289242.466801629, 127.724000000]: RL policy input vx=0.450 vy=0.000 wz=0.033 action_rms=0.163 ready=1 userCmd=0 kbd=0 raw=0.450,0.000,0.033 grav=0.02,-0.02,-0.98
[INFO] [1788289246.955026584, 129.740000000]: RL policy input vx=0.450 vy=0.000 wz=-0.010 action_rms=0.275 ready=1 userCmd=0 kbd=0 raw=0.450,0.000,-0.010 grav=0.01,-0.02,-0.98
[INFO] [1788289250.531365540, 131.744000000]: RL policy input vx=1.660 vy=0.345 wz=0.178 action_rms=0.318 ready=1 userCmd=0 kbd=0 raw=1.660,0.345,0.178 grav=-0.04,-0.05,-0.98
[INFO] [1788289254.019302923, 133.758000000]: RL policy input vx=0.993 vy=0.055 wz=0.061 action_rms=0.235 ready=1 userCmd=0 kbd=0 raw=0.993,0.055,0.061 grav=0.02,-0.06,-0.98
[INFO] [1788289257.866612659, 135.771000000]: RL policy input vx=0.000 vy=0.000 wz=-2.400 action_rms=0.378 ready=1 userCmd=0 kbd=0 raw=0.000,0.000,-2.400 grav=0.01,-0.02,-0.98
[INFO] [1788289262.158607573, 137.779000000]: RL policy input vx=0.000 vy=0.000 wz=0.562 action_rms=0.140 ready=1 userCmd=0 kbd=0 raw=0.000,0.000,0.562 grav=0.02,0.00,-0.98
[INFO] [1788289265.846787916, 139.788000000]: RL policy input vx=0.969 vy=0.294 wz=0.325 action_rms=0.154 ready=1 userCmd=0 kbd=0 raw=0.969,0.294,0.325 grav=0.02,0.07,-0.98
[INFO] [1788289268.979125634, 141.799000000]: RL policy input vx=0.000 vy=0.000 wz=2.287 action_rms=0.284 ready=1 userCmd=0 kbd=0 raw=0.000,0.000,2.287 grav=0.01,-0.01,-0.98
[INFO] [1788289271.982600892, 143.804000000]: RL policy input vx=1.148 vy=0.750 wz=0.627 action_rms=0.320 ready=1 userCmd=0 kbd=0 raw=1.148,0.750,0.627 grav=0.00,0.00,-0.98
[INFO] [1788289276.298302036, 145.811000000]: RL policy input vx=0.348 vy=0.046 wz=0.144 action_rms=0.212 ready=1 userCmd=0 kbd=0 raw=0.348,0.046,0.144 grav=0.03,-0.01,-0.98
[INFO] [1788289281.167644467, 147.822000000]: RL policy input vx=0.449 vy=0.000 wz=0.056 action_rms=0.246 ready=1 userCmd=0 kbd=0 raw=0.449,0.000,0.056 grav=0.01,-0.02,-0.98
[INFO] [1788289286.131315818, 149.835000000]: RL policy input vx=0.433 vy=0.000 wz=-0.001 action_rms=0.156 ready=1 userCmd=0 kbd=0 raw=0.433,0.000,-0.001 grav=0.01,-0.02,-0.98
[INFO] [1788289290.663788503, 151.846000000]: RL policy input vx=0.937 vy=0.750 wz=0.742 action_rms=0.226 ready=1 userCmd=0 kbd=0 raw=0.937,0.750,0.742 grav=0.00,0.05,-0.98
[INFO] [1788289295.458330329, 153.855000000]: RL policy input vx=2.245 vy=0.150 wz=0.073 action_rms=0.334 ready=1 userCmd=0 kbd=0 raw=2.245,0.150,0.073 grav=0.05,0.05,-0.98
[INFO] [1788289300.219577963, 155.863000000]: RL policy input vx=2.245 vy=-0.149 wz=-0.073 action_rms=0.356 ready=1 userCmd=0 kbd=0 raw=2.245,-0.149,-0.073 grav=-0.05,-0.07,-0.98
[INFO] [1788289304.794829480, 157.867000000]: RL policy input vx=2.249 vy=-0.066 wz=-0.032 action_rms=0.462 ready=1 userCmd=0 kbd=0 raw=2.249,-0.066,-0.032 grav=0.02,0.03,-0.98
[INFO] [1788289308.594702125, 159.867000000]: RL policy input vx=2.250 vy=-0.013 wz=-0.007 action_rms=0.338 ready=1 userCmd=0 kbd=0 raw=2.250,-0.013,-0.007 grav=0.03,-0.02,-0.98
[INFO] [1788289312.534452344, 161.871000000]: RL policy input vx=2.245 vy=0.157 wz=0.077 action_rms=0.401 ready=1 userCmd=0 kbd=0 raw=2.245,0.157,0.077 grav=-0.06,-0.09,-0.97
[INFO] [1788289317.082703203, 163.878000000]: RL policy input vx=1.291 vy=-0.750 wz=-0.579 action_rms=0.274 ready=1 userCmd=0 kbd=0 raw=1.291,-0.750,-0.579 grav=0.01,0.00,-0.98
[INFO] [1788289321.374710799, 165.899000000]: RL policy input vx=2.228 vy=-0.316 wz=-0.155[FSM]: state: INIT
wait for goal.
[FSM]: state: INIT
wait for goal.
[FSM]: state: INIT
wait for goal.
[FSM]: state: INIT
wait for goal.
[FSM]: state: INIT
wait for goal.
[FSM]: state: INIT
wait for goal.
[FSM]: state: INIT
wait for goal.
[FSM]: state: INIT
wait for goal.
[FSM]: state: INIT
wait for goal.
 action_rms=0.324 ready=1 userCmd=0 kbd=0 raw=2.228,-0.316,-0.155 grav=-0.01,0.01,-0.98
[INFO] [1788289325.762216455, 167.908000000]: RL policy input vx=1.085 vy=0.025 wz=0.026 action_rms=0.201 ready=1 userCmd=0 kbd=0 raw=1.085,0.025,0.026 grav=0.03,-0.08,-0.98
[INFO] [1788289328.987176172, 169.915000000]: RL policy input vx=1.013 vy=-0.376 wz=-0.391 action_rms=0.267 ready=1 userCmd=0 kbd=0 raw=1.013,-0.376,-0.391 grav=-0.04,-0.08,-0.98
[INFO] [1788289332.530250764, 171.929000000]: RL policy input vx=0.000 vy=0.000 wz=-1.150 action_rms=0.151 ready=1 userCmd=0 kbd=0 raw=0.000,0.000,-1.150 grav=0.03,-0.02,-0.98
[INFO] [1788289336.007541858, 173.949000000]: RL policy input vx=0.000 vy=0.000 wz=-0.232 action_rms=0.166 ready=1 userCmd=0 kbd=0 raw=0.000,0.000,-0.232 grav=0.00,-0.00,-0.98
Switched from RL to fixed stand
infer_thread退出!
[WARN] [1788289339.270803141, 175.640000000]: Using one-shot captured-pose FixedStand profile: ramp 0.50 s, settle 0.00 s, ready after 0.50 s + 0.50 s stable, minimum gain 0.75
[INFO] Using /stand_target_joints param stance.
[FSM]: state: INIT
wait for goal.
Switched from fixed stand to RL
[INFO] Entered RL /cmd_vel mode.
[WARN] [1788289340.664505157, 176.440000000]: Using one-shot stair RL takeover profile: blend 0.50 s, zero hold 0.15 s
cuda::is_available():1
RL inference device: cuda (requested=hybrid, policy=stair)
[INFO] RL policy activated from preload cache at FixedStand entry boundary: /workspace/SimEnv/src/unitree_guide/logs/policy_act_inference_stair.pt
[FSM]: state: INIT
wait for goal.
[FSM]: state: INIT
wait for goal.
[FSM]: state: INIT
wait for goal.
[FSM]: state: INIT
wait for goal.
[FSM]: state: INIT
wait for goal.
[FSM]: state: INIT
wait for goal.
[FSM]: state: INIT
wait for goal.
[FSM]: state: INIT
wait for goal.
[FSM]: state: INIT
wait for goal.
[FSM]: state: INIT
wait for goal.
Warning: TF_REPEATED_DATA ignoring data with redundant timestamp for frame sliding_map (parent world) at time 187.278000 according to authority /scan_planner_node
         at line 277 in /tmp/binarydeb/ros-noetic-tf2-0.7.10/src/buffer_core.cpp
[FSM]: state: INIT
wait for goal.
[FSM]: state: INIT
wait for goal.
[FSM]: state: INIT
wait for goal.
[FSM]: state: INIT
wait for goal.
[FSM]: state: INIT
wait for goal.
[FSM]: state: INIT
wait for goal.
[FSM]: state: INIT
wait for goal.
[FSM]: state: INIT
wait for goal.
[FSM]: state: INIT
wait for goal.
[FSM]: state: INIT
wait for goal.
Warning: TF_REPEATED_DATA ignoring data with redundant timestamp for frame sliding_map (parent world) at time 198.839000 according to authority /scan_planner_node
         at line 277 in /tmp/binarydeb/ros-noetic-tf2-0.7.10/src/buffer_core.cpp
[FSM]: state: INIT
wait for goal.
[FSM]: state: INIT
wait for goal.
[WARN] [1788289383.501962972, 200.263000000]: Using one-shot plane RL takeover profile: blend 0.50 s, zero hold 0.15 s
[INFO] [1788289340.687680841, 176.460000000]: RL policy input vx=0.000 vy=0.000 wz=0.000 action_rms=0.202 ready=0 userCmd=8 kbd=0 raw=0.000,0.000,0.000 grav=0.01,0.00,-0.98
[INFO] [1788289341.947900684, 177.090000000]: RL locomotion_ready latched after 0.65 s takeover and 0.63 s stable hold
[INFO] [1788289344.546720553, 178.462000000]: RL policy input vx=0.576 vy=-0.277 wz=-0.034 action_rms=0.590 ready=1 userCmd=0 kbd=0 raw=0.576,-0.277,-0.034 grav=-0.19,-0.02,-0.96
[INFO] [1788289348.600475126, 180.468000000]: RL policy input vx=0.597 vy=0.227 wz=0.004 action_rms=0.358 ready=1 userCmd=8 kbd=0 raw=0.597,0.227,0.004 grav=-0.42,0.03,-0.89
[INFO] [1788289352.046982151, 182.478000000]: RL policy input vx=0.568 vy=0.293 wz=0.044 action_rms=0.383 ready=1 userCmd=0 kbd=0 raw=0.568,0.293,0.044 grav=-0.46,-0.02,-0.86
[INFO] [1788289355.880603690, 184.492000000]: RL policy input vx=0.786 vy=0.148 wz=0.065 action_rms=0.388 ready=1 userCmd=8 kbd=0 raw=0.786,0.148,0.065 grav=-0.20,0.10,-0.95
[INFO] [1788289359.500441100, 186.509000000]: RL policy input vx=0.492 vy=-0.112 wz=-0.246 action_rms=0.180 ready=1 userCmd=0 kbd=0 raw=0.492,-0.112,-0.246 grav=0.02,-0.01,-0.98
[INFO] [1788289362.643281307, 188.511000000]: RL policy input vx=0.000 vy=0.000 wz=-0.983 action_rms=0.166 ready=1 userCmd=0 kbd=0 raw=0.000,0.000,-0.983 grav=-0.01,0.03,-0.98
[INFO] [1788289365.811183850, 190.531000000]: RL policy input vx=0.000 vy=0.000 wz=-0.240 action_rms=0.164 ready=1 userCmd=0 kbd=0 raw=0.000,0.000,-0.240 grav=-0.03,0.02,-0.98
[INFO] [1788289369.089881735, 192.545000000]: RL policy input vx=0.346 vy=-0.361 wz=-0.057 action_rms=0.491 ready=1 userCmd=0 kbd=0 raw=0.346,-0.361,-0.057 grav=-0.23,-0.01,-0.95
[INFO] [1788289372.664782679, 194.564000000]: RL policy input vx=0.592 vy=0.099 wz=0.058 action_rms=0.388 ready=1 userCmd=0 kbd=0 raw=0.592,0.099,0.058 grav=-0.35,0.01,-0.92
[INFO] [1788289376.476586625, 196.577000000]: RL policy input vx=0.534 vy=0.339 wz=0.085 action_rms=0.623 ready=1 userCmd=0 kbd=0 raw=0.534,0.339,0.085 grav=-0.45,0.05,-0.87
[INFO] [1788289380.352679167, 198.580000000]: RL policy input vx=0.530 vy=0.345 wz=0.089 action_rms=0.398 ready=1 userCmd=0 kbd=0 raw=0.530,0.345,0.089 grav=-0.52,-0.05,-0.83
cuda::is_available():1
RL inference device: cpu (requested=hybrid, policy=plane)
[INFO] RL policy hot-switched from preload cache: /workspace/SimEnv/src/unitree_guide/logs/policy_act_inference_plane.pt
[FSM]: state: INIT
wait for goal.
[FSM]: state: INIT
wait for goal.
[FSM]: state: INIT
wait for goal.
[FSM]: state: INIT
wait for goal.
[INFO] [1788289337.572192, 174.780000]: Robot is already 0.02 m from the pre-riser pose; skipping the corridor/side legs.
[INFO] [1788289337.579630, 174.785000]: Pre-ascent residual heading error -0.110 rad (visual_depth=False, bearing=none).
[INFO] [1788289338.536167, 175.240000]: Flight-A body settled for 0.35 s; waiting for joint RMS capture window <= 0.180 (current=0.800).
[INFO] [1788289338.728621, 175.343000]: Pre-ascent stand target set from flight-A pre-reload capture entry sample
[INFO] [1788289338.763281, 175.373000]: Flight-A plane gait settled at joint RMS 0.110; holding FixedStand for at least 0.1 s at snapshot pose before queued stair-policy entry.
[INFO] [1788289340.380184, 176.297000]: Flight-A FixedStand readiness gate complete; queued the stair policy for State_RL entry and retaining stand ownership for 0.25 s.
[INFO] [1788289340.647837, 176.427000]: Flight-A policy request has been queued under FixedStand; requesting RL so State_RL loads it before inference starts.
[INFO] [1788289341.969143, 177.108000]: Fresh RL readiness confirmed after the flight-A FixedStand boundary; starting the climb ramp.
[INFO] [1788289342.058291, 177.120000]: Flight-A fresh RL readiness observed; ascent clocks reset and 1.2 s climb ramp started.
[INFO] [1788289342.062717, 177.123000]: STPUB phase=STAIR_ASCENT world=(0.000,0.003,-0.031) body=(0.003,-0.000,-0.031) truth_z=0.312 pose=0.3121529174614635
[INFO] [1788289343.999865, 178.142000]: STPUB phase=STAIR_ASCENT world=(0.000,0.800,-0.024) body=(0.798,-0.055,-0.024) truth_z=0.343 pose=0.3420734787900909
[INFO] [1788289345.801041, 179.161000]: STPUB phase=STAIR_ASCENT world=(-0.220,0.600,-0.026) body=(0.614,0.176,-0.026) truth_z=0.519 pose=0.5172983786958161
[INFO] [1788289347.981879, 180.181000]: STPUB phase=STAIR_ASCENT world=(0.300,0.400,-0.004) body=(0.396,-0.305,-0.004) truth_z=0.742 pose=0.7427963536812816
[INFO] [1788289349.878632, 181.201000]: STPUB phase=STAIR_ASCENT world=(-0.220,0.600,0.028) body=(0.580,0.267,0.028) truth_z=0.926 pose=0.9221500665237902
[INFO] [1788289351.537006, 182.203000]: STPUB phase=STAIR_ASCENT world=(0.041,0.800,0.019) body=(0.801,0.002,0.019) truth_z=1.137 pose=1.1377114631522047
[INFO] [1788289353.474200, 183.220000]: STPUB phase=STAIR_ASCENT world=(0.026,0.800,0.029) body=(0.799,0.041,0.029) truth_z=1.356 pose=1.3580551780172734
[INFO] [1788289355.444332, 184.240000]: STPUB phase=STAIR_ASCENT world=(0.000,0.800,0.061) body=(0.788,0.140,0.061) truth_z=1.545 pose=1.545695124572407
[INFO] [1788289356.182904, 184.620000]: Intermediate landing entered at y=4.76 m; starting moving turn.
[INFO] [1788289357.501895, 185.262000]: STPUB phase=STAIR_LANDING_TURN world=(0.750,0.000,-0.897) body=(0.514,-0.546,-0.897) truth_z=1.610 pose=1.6096085767017245
[INFO] [1788289359.159796, 186.281000]: STPUB phase=STAIR_LANDING_TURN world=(0.615,0.000,-0.302) body=(0.592,-0.167,-0.302) truth_z=1.617 pose=1.6164856800234626
[INFO] [1788289360.737073, 187.302000]: STPUB phase=STAIR_LANDING_TURN world=(0.300,0.000,-0.117) body=(0.298,-0.032,-0.117) truth_z=1.613 pose=1.6127169675664004
[INFO] [1788289362.385380, 188.320000]: STPUB phase=STAIR_LANDING_TURN world=(0.000,0.000,-1.194) body=(0.000,0.000,-1.194) truth_z=1.618 pose=1.6177277233261416
[INFO] [1788289363.927497, 189.347000]: STPUB phase=STAIR_LANDING_TURN world=(0.000,0.000,-0.455) body=(0.000,0.000,-0.455) truth_z=1.622 pose=1.621533020623356
[INFO] [1788289365.540288, 190.362000]: STPUB phase=STAIR_LANDING_TURN world=(0.000,0.000,-0.243) body=(0.000,0.000,-0.243) truth_z=1.629 pose=1.6283893973886658
[INFO] [1788289367.138307, 191.381000]: STPUB phase=STAIR_LANDING_TURN world=(0.000,0.000,-0.240) body=(0.000,0.000,-0.240) truth_z=1.637 pose=1.6369652234064425
[INFO] [1788289367.210059, 191.420000]: Flight-B entry aligned: x error=-0.023 m, heading error=-0.150 rad.
[INFO] [1788289367.215300, 191.425000]: Flight-B entry joints saved (12 dofs) -> /root/autodl-tmp/code/restore/0803b/overall_l0829/results/oblique_final10_fixbend_seed24_b1/flight_b_entry_joints_0.json
[INFO] [1788289367.229996, 191.440000]: ASCENT_B gate: entry_guide=True truth_pose=True start_z=0.312 profile=True heading=-1.571 pose_z=1.6373178430467679 truth_z=1.6373132476377112
[INFO] [1788289367.233516, 191.443000]: Pre-ascent RL settle: holding zero command until motion is stable for 0.6 s before FixedStand.
[INFO] [1788289367.240384, 191.448000]: Pre-ascent RL settle active: stable 0.00/0.60 s.
[INFO] [1788289367.843697, 191.820000]: Pre-ascent RL motion settled for 0.61 s; settle-only gate complete (FixedStand disabled).
[INFO] [1788289368.841472, 192.400000]: STPUB phase=STAIR_ASCENT_B world=(0.000,-0.800,-0.050) body=(0.792,-0.115,-0.050) truth_z=1.681 pose=1.6796724950603947
[INFO] [1788289368.957094, 192.462000]: ASCENT_B gate: entry_guide=True truth_pose=True start_z=0.312 profile=True heading=-1.571 pose_z=1.6803203559738977 truth_z=1.675108212498351
[INFO] [1788289370.573890, 193.421000]: STPUB phase=STAIR_ASCENT_B world=(0.200,-0.600,0.021) body=(0.587,0.236,0.021) truth_z=1.850 pose=1.848310964097819
[INFO] [1788289370.663735, 193.480000]: ASCENT_B gate: entry_guide=True truth_pose=True start_z=0.312 profile=True heading=-1.571 pose_z=1.857026717804784 truth_z=1.857773272165267
[INFO] [1788289372.435673, 194.422000]: STPUB phase=STAIR_ASCENT_B world=(-0.300,-0.400,0.074) body=(0.454,-0.209,0.074) truth_z=2.017 pose=2.0161672451933517
[INFO] [1788289372.528456, 194.483000]: ASCENT_B gate: entry_guide=True truth_pose=True start_z=0.312 profile=True heading=-1.571 pose_z=2.0212443553232293 truth_z=2.0212443553232293
[INFO] [1788289374.402708, 195.440000]: STPUB phase=STAIR_ASCENT_B world=(0.000,-0.800,0.028) body=(0.797,0.064,0.028) truth_z=2.198 pose=2.199714022859057
[INFO] [1788289374.467681, 195.484000]: ASCENT_B gate: entry_guide=True truth_pose=True start_z=0.312 profile=True heading=-1.571 pose_z=2.2125316855077686 truth_z=2.2148666998826316
[INFO] [1788289376.258801, 196.460000]: STPUB phase=STAIR_ASCENT_B world=(0.200,-0.600,0.077) body=(0.541,0.327,0.077) truth_z=2.361 pose=2.359435870187016
[INFO] [1788289376.311027, 196.500000]: ASCENT_B gate: entry_guide=True truth_pose=True start_z=0.312 profile=True heading=-1.571 pose_z=2.3710319925511927 truth_z=2.3723234939117943
[INFO] [1788289378.270849, 197.481000]: STPUB phase=STAIR_ASCENT_B world=(0.000,-0.600,0.077) body=(0.586,0.131,0.077) truth_z=2.560 pose=2.5587971175177033
[INFO] [1788289378.298034, 197.504000]: ASCENT_B gate: entry_guide=True truth_pose=True start_z=0.312 profile=True heading=-1.571 pose_z=2.5609964348985024 truth_z=2.562069308390205
[INFO] [1788289380.205637, 198.500000]: STPUB phase=STAIR_ASCENT_B world=(0.300,-0.400,0.077) body=(0.325,0.380,0.077) truth_z=2.735 pose=2.735252400878774
[INFO] [1788289380.280575, 198.520000]: ASCENT_B gate: entry_guide=True truth_pose=True start_z=0.312 profile=True heading=-1.571 pose_z=2.7376809564229987 truth_z=2.7375324447314373
[INFO] [1788289382.006530, 199.522000]: ASCENT_B gate: entry_guide=True truth_pose=True start_z=0.312 profile=True heading=-1.571 pose_z=2.894880993738497 truth_z=2.8954698671639427
[INFO] [1788289382.014790, 199.530000]: STPUB phase=STAIR_ASCENT_B world=(0.000,-0.600,0.066) body=(0.589,0.112,0.066) truth_z=2.895 pose=2.894880993738497
[INFO] [1788289382.932361, 200.000000]: Upper landing entered: gain=2.59 m, clearance=0.00 m; stabilizing for 0.5 s.
[INFO] [1788289383.438021, 200.220000]: Floor-2 landing confirmed after two flights: gain=2.60 m clearance=0.09 m.
[INFO] [1788289384.902002, 200.929000]: Plane policy acknowledged on the upper landing; releasing stair controller ownership.
[FSM]: state: INIT
wait for goal.
[FSM]: state: INIT
wait for goal.
[FSM]: state: INIT
wait for goal.
[FSM]: state: INIT
wait for goal.
[FSM]: state: INIT
wait for goal.
[FSM]: state: INIT
wait for goal.
[FSM]: state: INIT
wait for goal.
[FSM]: state: INIT
wait for goal.
[FSM]: state: INIT
wait for goal.
[FSM]: state: INIT
wait for goal.
[FSM]: state: INIT
wait for goal.
[FSM]: state: INIT
wait for goal.
[FSM]: state: INIT
wait for goal.
[FSM]: state: INIT
wait for goal.
[FSM]: state: INIT
wait for goal.
[FSM]: state: INIT
wait for goal.
[FSM]: state: INIT
wait for goal.
[FSM]: state: INIT
wait for goal.
[FSM]: state: INIT
wait for goal.
[FSM]: state: INIT
wait for goal.
[FSM]: state: INIT
wait for goal.
[FSM]: state: INIT
wait for goal.
Warning: TF_REPEATED_DATA ignoring data with redundant timestamp for frame sliding_map (parent world) at time 230.177000 according to authority /scan_planner_node
         at line 277 in /tmp/binarydeb/ros-noetic-tf2-0.7.10/src/buffer_core.cpp
[FSM]: state: INIT
wait for goal.
[FSM]: state: INIT
wait for goal.
[FSM]: state: INIT
wait for goal.
[FSM]: state: INIT
wait for goal.
[FSM]: state: INIT
wait for goal.
[FSM]: state: INIT
wait for goal.
[FSM]: state: INIT
wait for goal.
[FSM]: state: INIT
wait for goal.
[FSM]: state: INIT
wait for goal.
[FSM]: state: INIT
wait for goal.
[FSM]: state: INIT
wait for goal.
[FSM]: state: INIT
wait for goal.
[INFO] [1788289384.166383247, 200.591000000]: RL policy input vx=0.000 vy=0.000 wz=0.000 action_rms=0.153 ready=0 userCmd=0 kbd=0 raw=0.000,0.000,0.000 grav=0.03,0.03,-0.98
[INFO] [1788289384.898961532, 200.928000000]: RL locomotion_ready latched after 0.67 s takeover and 0.42 s stable hold
[INFO] [1788289388.038698395, 202.611000000]: RL policy input vx=0.000 vy=0.000 wz=0.636 action_rms=0.163 ready=1 userCmd=0 kbd=0 raw=0.000,0.000,0.636 grav=0.01,-0.01,-0.98
[INFO] [1788289391.971241671, 204.621000000]: RL policy input vx=1.035 vy=0.000 wz=0.113 action_rms=0.158 ready=1 userCmd=0 kbd=0 raw=1.035,0.000,0.113 grav=-0.01,-0.00,-0.98
[INFO] [1788289395.778821424, 206.632000000]: RL policy input vx=1.428 vy=0.750 wz=0.532 action_rms=0.336 ready=1 userCmd=0 kbd=0 raw=1.428,0.750,0.532 grav=-0.00,0.04,-0.98
[INFO] [1788289400.229598148, 208.646000000]: RL policy input vx=2.240 vy=0.211 wz=0.103 action_rms=0.242 ready=1 userCmd=0 kbd=0 raw=2.240,0.211,0.103 grav=-0.02,-0.03,-0.98
[INFO] [1788289404.762438747, 210.655000000]: RL policy input vx=2.247 vy=0.123 wz=0.060 action_rms=0.465 ready=1 userCmd=0 kbd=0 raw=2.247,0.123,0.060 grav=0.00,0.05,-0.98
[INFO] [1788289409.615603150, 212.660000000]: RL policy input vx=2.242 vy=0.192 wz=0.094 action_rms=0.320 ready=1 userCmd=0 kbd=0 raw=2.242,0.192,0.094 grav=0.03,0.03,-0.98
[INFO] [1788289414.330727622, 214.672000000]: RL policy input vx=0.358 vy=0.217 wz=0.600 action_rms=0.178 ready=1 userCmd=0 kbd=0 raw=0.358,0.217,0.600 grav=0.01,0.02,-0.98
[INFO] [1788289418.591784766, 216.681000000]: RL policy input vx=0.446 vy=0.000 wz=0.151 action_rms=0.201 ready=1 userCmd=0 kbd=0 raw=0.446,0.000,0.151 grav=0.00,-0.01,-0.98
[INFO] [1788289422.886623377, 218.682000000]: RL policy input vx=0.450 vy=0.000 wz=0.020 action_rms=0.251 ready=1 userCmd=0 kbd=0 raw=0.450,0.000,0.020 grav=0.00,-0.01,-0.98
[INFO] [1788289427.330453334, 220.684000000]: RL policy input vx=2.126 vy=-0.282 wz=-0.145 action_rms=0.242 ready=1 userCmd=0 kbd=0 raw=2.126,-0.282,-0.145 grav=-0.03,0.02,-0.98
[INFO] [1788289432.046466830, 222.699000000]: RL policy input vx=0.819 vy=0.038 wz=0.051 action_rms=0.128 ready=1 userCmd=0 kbd=0 raw=0.819,0.038,0.051 grav=0.05,-0.06,-0.98
[INFO] [1788289436.469816823, 224.704000000]: RL policy input vx=0.000 vy=0.000 wz=2.400 action_rms=0.152 ready=1 userCmd=0 kbd=0 raw=0.000,0.000,2.400 grav=0.01,-0.01,-0.98
[INFO] [1788289440.798833164, 226.704000000]: RL policy input vx=0.000 vy=0.000 wz=-1.150 action_rms=0.148 ready=1 userCmd=0 kbd=0 raw=0.000,0.000,-1.150 grav=0.01,0.01,-0.98
[INFO] [1788289445.100071921, 228.704000000]: RL policy input vx=0.831 vy=-0.234 wz=-0.302 action_rms=0.257 ready=1 userCmd=0 kbd=0 raw=0.831,-0.234,-0.302 grav=0.02,-0.07,-0.98
[INFO] [1788289449.178849161, 230.708000000]: RL policy input vx=0.000 vy=0.000 wz=-2.400 action_rms=0.267 ready=1 userCmd=0 kbd=0 raw=0.000,0.000,-2.400 grav=0.00,-0.01,-0.98
[INFO] [1788289453.389444744, 232.715000000]: RL policy input vx=0.984 vy=-0.750 wz=-0.716 action_rms=0.172 ready=1 userCmd=0 kbd=0 raw=0.984,-0.750,-0.716 grav=-0.04,0.00,-0.98
[INFO] [1788289457.486671797, 234.735000000]: RL policy input vx=0.295 vy=-0.054 wz=-0.199 action_rms=0.143 ready=1 userCmd=0 kbd=0 raw=0.295,-0.054,-0.199 grav=0.03,-0.03,-0.98
[INFO] [1788289461.595945007, 236.747000000]: RL policy input vx=0.449 vy=0.000 wz=-0.077 action_rms=0.155 ready=1 userCmd=0 kbd=0 raw=0.449,0.000,-0.077 grav=0.01,-0.02,-0.98
[INFO] [1788289465.724615313, 238.757000000]: RL policy input vx=0.420 vy=0.000 wz=-0.063 action_rms=0.301 ready=1 userCmd=0 kbd=0 raw=0.420,0.000,-0.063 grav=0.00,-0.02,-0.98
[INFO] [1788289469.884564308, 240.761000000]: RL policy input vx=0.449 vy=0.000 wz=0.055 action_rms=0.155 ready=1 userCmd=0 kbd=0 raw=0.449,0.000,0.055 grav=0.02,-0.00,-0.98
[INFO] [1788289473.908635303, 242.761000000]: RL policy input vx=0.450 vy=0.000 wz=-0.002 action_rms=0.207 ready=1 userCmd=0 kbd=0 raw=0.450,0.000,-0.002 grav=0.01,-0.02,-0.98
[INFO] [1788289478.030399075, 244.767000000]: RL policy input vx=1.581 vy=0.750 wz=0.487 action_rms=0.298 ready=1 userCmd=0 kb[FSM]: state: INIT
wait for goal.
[FSM]: state: INIT
wait for goal.
[FSM]: state: INIT
wait for goal.
Warning: TF_REPEATED_DATA ignoring data with redundant timestamp for frame sliding_map (parent world) at time 248.284000 according to authority /scan_planner_node
         at line 277 in /tmp/binarydeb/ros-noetic-tf2-0.7.10/src/buffer_core.cpp
[FSM]: state: INIT
wait for goal.
[FSM]: state: INIT
wait for goal.
[FSM]: state: INIT
wait for goal.
[FSM]: state: INIT
wait for goal.
[FSM]: state: INIT
wait for goal.
[FSM]: state: INIT
wait for goal.
Warning: TF_REPEATED_DATA ignoring data with redundant timestamp for frame sliding_map (parent world) at time 254.381000 according to authority /scan_planner_node
         at line 277 in /tmp/binarydeb/ros-noetic-tf2-0.7.10/src/buffer_core.cpp
[FSM]: state: INIT
wait for goal.
[FSM]: state: INIT
wait for goal.
[FSM]: state: INIT
wait for goal.
[FSM]: state: INIT
wait for goal.
[FSM]: state: INIT
wait for goal.
[FSM]: state: INIT
wait for goal.
[FSM]: state: INIT
wait for goal.
[FSM]: state: INIT
wait for goal.
[FSM]: state: INIT
wait for goal.
[FSM]: state: INIT
wait for goal.
[FSM]: state: INIT
wait for goal.
[FSM]: state: INIT
wait for goal.
[FSM]: state: INIT
wait for goal.
[FSM]: state: INIT
wait for goal.
[FSM]: state: INIT
wait for goal.
[FSM]: state: INIT
wait for goal.
[FSM]: state: INIT
wait for goal.
[FSM]: state: INIT
wait for goal.
[FSM]: state: INIT
wait for goal.
[FSM]: state: INIT
wait for goal.
[FSM]: state: INIT
wait for goal.
[FSM]: state: INIT
wait for goal.
[FSM]: state: INIT
wait for goal.
Warning: TF_REPEATED_DATA ignoring data with redundant timestamp for frame sliding_map (parent world) at time 280.788000 according to authority /scan_planner_node
         at line 277 in /tmp/binarydeb/ros-noetic-tf2-0.7.10/src/buffer_core.cpp
[FSM]: state: INIT
wait for goal.
[FSM]: state: INIT
wait for goal.
[FSM]: state: INIT
wait for goal.
[FSM]: state: INIT
wait for goal.
[FSM]: state: INIT
wait for goal.
Warning: TF_REPEATED_DATA ignoring data with redundant timestamp for frame sliding_map (parent world) at time 286.677000 according to authority /scan_planner_node
         at line 277 in /tmp/binarydeb/ros-noetic-tf2-0.7.10/src/buffer_core.cpp
[FSM]: state: INIT
wait for goal.
[FSM]: state: INIT
wait for goal.
[FSM]: state: INIT
wait for goal.
Warning: TF_REPEATED_DATA ignoring data with redundant timestamp for frame sliding_map (parent world) at time 290.681000 according to authority /scan_planner_node
         at line 277 in /tmp/binarydeb/ros-noetic-tf2-0.7.10/src/buffer_core.cpp
[FSM]: state: INIT
wait for goal.
[FSM]: state: INIT
wait for goal.
d=0 raw=1.581,0.750,0.487 grav=0.01,-0.03,-0.98
[INFO] [1788289481.741900825, 246.778000000]: RL policy input vx=1.069 vy=0.067 wz=0.069 action_rms=0.205 ready=1 userCmd=0 kbd=0 raw=1.069,0.067,0.069 grav=0.02,-0.04,-0.98
[INFO] [1788289484.795866561, 248.792000000]: RL policy input vx=0.000 vy=0.000 wz=-1.833 action_rms=0.241 ready=1 userCmd=0 kbd=0 raw=0.000,0.000,-1.833 grav=0.02,0.01,-0.98
[INFO] [1788289488.143247059, 250.810000000]: RL policy input vx=0.000 vy=0.000 wz=-0.359 action_rms=0.126 ready=1 userCmd=0 kbd=0 raw=0.000,0.000,-0.359 grav=0.00,0.01,-0.98
[INFO] [1788289492.499222541, 252.823000000]: RL policy input vx=1.499 vy=0.453 wz=0.323 action_rms=0.375 ready=1 userCmd=0 kbd=0 raw=1.499,0.453,0.323 grav=0.01,0.07,-0.98
[INFO] [1788289496.447852584, 254.825000000]: RL policy input vx=0.000 vy=0.000 wz=1.140 action_rms=0.194 ready=1 userCmd=0 kbd=0 raw=0.000,0.000,1.140 grav=0.02,-0.02,-0.98
[INFO] [1788289500.680743942, 256.838000000]: RL policy input vx=0.255 vy=0.450 wz=1.150 action_rms=0.143 ready=1 userCmd=0 kbd=0 raw=0.255,0.450,1.150 grav=0.00,-0.00,-0.98
[INFO] [1788289505.006949724, 258.849000000]: RL policy input vx=0.332 vy=0.061 wz=0.201 action_rms=0.262 ready=1 userCmd=0 kbd=0 raw=0.332,0.061,0.201 grav=0.03,-0.01,-0.98
[INFO] [1788289509.663888617, 260.869000000]: RL policy input vx=0.450 vy=0.000 wz=-0.035 action_rms=0.155 ready=1 userCmd=0 kbd=0 raw=0.450,0.000,-0.035 grav=0.01,-0.01,-0.98
[INFO] [1788289514.380256143, 262.883000000]: RL policy input vx=0.332 vy=0.000 wz=-0.061 action_rms=0.270 ready=1 userCmd=0 kbd=0 raw=0.332,0.000,-0.061 grav=0.01,-0.02,-0.98
[INFO] [1788289518.873491911, 264.887000000]: RL policy input vx=1.280 vy=-0.750 wz=-0.583 action_rms=0.339 ready=1 userCmd=0 kbd=0 raw=1.280,-0.750,-0.583 grav=-0.06,-0.05,-0.98
[INFO] [1788289523.152856192, 266.888000000]: RL policy input vx=2.237 vy=-0.240 wz=-0.117 action_rms=0.332 ready=1 userCmd=0 kbd=0 raw=2.237,-0.240,-0.117 grav=0.06,0.01,-0.98
[INFO] [1788289527.058580262, 268.890000000]: RL policy input vx=2.249 vy=-0.077 wz=-0.038 action_rms=0.366 ready=1 userCmd=0 kbd=0 raw=2.249,-0.077,-0.038 grav=-0.01,-0.01,-0.98
[INFO] [1788289530.580183354, 270.907000000]: RL policy input vx=2.245 vy=0.152 wz=0.074 action_rms=0.243 ready=1 userCmd=0 kbd=0 raw=2.245,0.152,0.074 grav=0.02,-0.02,-0.98
[INFO] [1788289534.031887269, 272.924000000]: RL policy input vx=0.583 vy=0.531 wz=0.635 action_rms=0.160 ready=1 userCmd=0 kbd=0 raw=0.583,0.531,0.635 grav=0.03,-0.03,-0.98
[INFO] [1788289537.834394285, 274.939000000]: RL policy input vx=0.000 vy=0.000 wz=0.277 action_rms=0.161 ready=1 userCmd=0 kbd=0 raw=0.000,0.000,0.277 grav=0.01,-0.03,-0.98
[INFO] [1788289542.064194586, 276.943000000]: RL policy input vx=0.450 vy=0.000 wz=0.028 action_rms=0.291 ready=1 userCmd=0 kbd=0 raw=0.450,0.000,0.028 grav=0.00,-0.01,-0.98
[INFO] [1788289546.548270168, 278.957000000]: RL policy input vx=0.407 vy=0.000 wz=-0.005 action_rms=0.157 ready=1 userCmd=0 kbd=0 raw=0.407,0.000,-0.005 grav=0.01,-0.02,-0.98
[INFO] [1788289551.296328819, 280.957000000]: RL policy input vx=1.718 vy=0.043 wz=0.028 action_rms=0.207 ready=1 userCmd=0 kbd=0 raw=1.718,0.043,0.028 grav=0.02,-0.05,-0.98
[INFO] [1788289556.038486884, 282.973000000]: RL policy input vx=0.000 vy=0.000 wz=0.909 action_rms=0.225 ready=1 userCmd=0 kbd=0 raw=0.000,0.000,0.909 grav=0.02,-0.01,-0.98
[INFO] [1788289560.242255911, 284.990000000]: RL policy input vx=0.000 vy=-0.070 wz=1.170 action_rms=0.201 ready=1 userCmd=0 kbd=0 raw=0.000,-0.070,1.170 grav=0.01,0.00,-0.98
[INFO] [1788289564.533663002, 286.994000000]: RL policy input vx=1.634 vy=-0.729 wz=-0.462 action_rms=0.235 ready=1 userCmd=0 kbd=0 raw=1.634,-0.729,-0.462 grav=-0.05,-0.06,-0.98
[INFO] [1788289568.789666339, 288.999000000]: RL policy input vx=0.156 vy=0.000 wz=-0.361 action_rms=0.145 ready=1 userCmd=0 kbd=0 raw=0.156,0.000,-0.361 grav=0.02,-0.02,-0.98
[INFO] [1788289572.606134476, 291.002000000]: RL policy input vx=0.000 vy=0.000 wz=-2.016 action_rms=0.154 ready=1 userCmd=0 kbd=0 raw=0.000,0.000,-2.016 grav=0.00,0.01,-0.98
[INFO] [178828957[FSM]: state: INIT
wait for goal.
[FSM]: state: INIT
wait for goal.
[FSM]: state: INIT
wait for goal.
[FSM]: state: INIT
wait for goal.
[FSM]: state: INIT
wait for goal.
[FSM]: state: INIT
wait for goal.
[FSM]: state: INIT
wait for goal.
[FSM]: state: INIT
wait for goal.
[FSM]: state: INIT
wait for goal.
[FSM]: state: INIT
wait for goal.
[FSM]: state: INIT
wait for goal.
[FSM]: state: INIT
wait for goal.
[FSM]: state: INIT
wait for goal.
[FSM]: state: INIT
wait for goal.
Warning: TF_REPEATED_DATA ignoring data with redundant timestamp for frame sliding_map (parent world) at time 309.177000 according to authority /scan_planner_node
         at line 277 in /tmp/binarydeb/ros-noetic-tf2-0.7.10/src/buffer_core.cpp
[FSM]: state: INIT
wait for goal.
[FSM]: state: INIT
wait for goal.
Warning: TF_REPEATED_DATA ignoring data with redundant timestamp for frame sliding_map (parent world) at time 311.185000 according to authority /scan_planner_node
         at line 277 in /tmp/binarydeb/ros-noetic-tf2-0.7.10/src/buffer_core.cpp
[FSM]: state: INIT
wait for goal.
[FSM]: state: INIT
wait for goal.
[FSM]: state: INIT
wait for goal.
[FSM]: state: INIT
wait for goal.
Warning: TF_REPEATED_DATA ignoring data with redundant timestamp for frame sliding_map (parent world) at time 315.079000 according to authority /scan_planner_node
         at line 277 in /tmp/binarydeb/ros-noetic-tf2-0.7.10/src/buffer_core.cpp
[FSM]: state: INIT
wait for goal.
[FSM]: state: INIT
wait for goal.
[FSM]: state: INIT
wait for goal.
[FSM]: state: INIT
wait for goal.
[FSM]: state: INIT
wait for goal.
[FSM]: state: INIT
wait for goal.
[FSM]: state: INIT
wait for goal.
[FSM]: state: INIT
wait for goal.
[FSM]: state: INIT
wait for goal.
[FSM]: state: INIT
wait for goal.
[FSM]: state: INIT
wait for goal.
[FSM]: state: INIT
wait for goal.
[FSM]: state: INIT
wait for goal.
[FSM]: state: INIT
wait for goal.
[FSM]: state: INIT
wait for goal.
[FSM]: state: INIT
wait for goal.
[FSM]: state: INIT
wait for goal.
[FSM]: state: INIT
wait for goal.
[FSM]: state: INIT
wait for goal.
[FSM]: state: INIT
wait for goal.
[FSM]: state: INIT
wait for goal.
[FSM]: state: INIT
wait for goal.
6.326425140, 293.016000000]: RL policy input vx=0.420 vy=-0.079 wz=-0.205 action_rms=0.195 ready=1 userCmd=0 kbd=0 raw=0.420,-0.079,-0.205 grav=0.03,-0.05,-0.98
[INFO] [1788289580.315182957, 295.031000000]: RL policy input vx=0.447 vy=0.000 wz=-0.128 action_rms=0.274 ready=1 userCmd=0 kbd=0 raw=0.447,0.000,-0.128 grav=-0.01,-0.03,-0.98
[INFO] [1788289584.210582033, 297.040000000]: RL policy input vx=0.449 vy=0.000 wz=-0.066 action_rms=0.153 ready=1 userCmd=0 kbd=0 raw=0.449,0.000,-0.066 grav=0.01,-0.02,-0.98
[INFO] [1788289588.246496493, 299.060000000]: RL policy input vx=0.647 vy=0.043 wz=0.073 action_rms=0.351 ready=1 userCmd=0 kbd=0 raw=0.647,0.043,0.073 grav=-0.00,-0.02,-0.98
[INFO] [1788289592.164123878, 301.076000000]: RL policy input vx=0.450 vy=0.000 wz=0.004 action_rms=0.158 ready=1 userCmd=0 kbd=0 raw=0.450,0.000,0.004 grav=0.01,-0.02,-0.98
[INFO] [1788289596.174716666, 303.093000000]: RL policy input vx=0.447 vy=0.000 wz=-0.029 action_rms=0.286 ready=1 userCmd=0 kbd=0 raw=0.447,0.000,-0.029 grav=0.00,-0.02,-0.98
[INFO] [1788289599.949903493, 305.109000000]: RL policy input vx=1.882 vy=-0.235 wz=-0.136 action_rms=0.395 ready=1 userCmd=0 kbd=0 raw=1.882,-0.235,-0.136 grav=0.00,-0.08,-0.98
[INFO] [1788289603.304298981, 307.116000000]: RL policy input vx=0.299 vy=-0.025 wz=-0.091 action_rms=0.253 ready=1 userCmd=0 kbd=0 raw=0.299,-0.025,-0.091 grav=0.01,-0.01,-0.98
[INFO] [1788289606.492040358, 309.116000000]: RL policy input vx=0.000 vy=0.000 wz=2.400 action_rms=0.434 ready=1 userCmd=0 kbd=0 raw=0.000,0.000,2.400 grav=0.01,0.01,-0.98
[INFO] [1788289609.974459696, 311.120000000]: RL policy input vx=0.689 vy=-0.750 wz=-0.910 action_rms=0.247 ready=1 userCmd=0 kbd=0 raw=0.689,-0.750,-0.910 grav=-0.00,0.03,-0.98
[INFO] [1788289613.209896499, 313.136000000]: RL policy input vx=0.347 vy=-0.055 wz=-0.172 action_rms=0.143 ready=1 userCmd=0 kbd=0 raw=0.347,-0.055,-0.172 grav=0.04,-0.03,-0.98
[INFO] [1788289616.522656931, 315.139000000]: RL policy input vx=0.000 vy=0.000 wz=-2.400 action_rms=0.134 ready=1 userCmd=0 kbd=0 raw=0.000,0.000,-2.400 grav=0.01,0.03,-0.98
[INFO] [1788289619.959283914, 317.144000000]: RL policy input vx=1.111 vy=-0.374 wz=-0.357 action_rms=0.232 ready=1 userCmd=0 kbd=0 raw=1.111,-0.374,-0.357 grav=0.01,-0.07,-0.98
[INFO] [1788289623.466442020, 319.161000000]: RL policy input vx=0.450 vy=0.000 wz=0.032 action_rms=0.228 ready=1 userCmd=0 kbd=0 raw=0.450,0.000,0.032 grav=-0.00,-0.03,-0.98
[INFO] [1788289627.162768286, 321.164000000]: RL policy input vx=0.450 vy=0.000 wz=-0.017 action_rms=0.220 ready=1 userCmd=0 kbd=0 raw=0.450,0.000,-0.017 grav=0.01,-0.02,-0.98
[INFO] [1788289630.833557990, 323.163000000]: RL policy input vx=0.000 vy=0.000 wz=0.806 action_rms=0.169 ready=1 userCmd=0 kbd=0 raw=0.000,0.000,0.806 grav=0.02,-0.01,-0.98
[INFO] [1788289634.992625147, 325.182000000]: RL policy input vx=2.205 vy=0.446 wz=0.220 action_rms=0.297 ready=1 userCmd=0 kbd=0 raw=2.205,0.446,0.220 grav=0.02,0.05,-0.98
[INFO] [1788289639.342069275, 327.186000000]: RL policy input vx=2.248 vy=0.097 wz=0.048 action_rms=0.399 ready=1 userCmd=0 kbd=0 raw=2.248,0.097,0.048 grav=-0.00,-0.04,-0.98
[INFO] [1788289643.155575710, 329.189000000]: RL policy input vx=2.246 vy=0.139 wz=0.068 action_rms=0.307 ready=1 userCmd=0 kbd=0 raw=2.246,0.139,0.068 grav=0.09,-0.01,-0.98
[INFO] [1788289646.710884688, 331.201000000]: RL policy input vx=2.250 vy=0.002 wz=0.001 action_rms=0.266 ready=1 userCmd=0 kbd=0 raw=2.250,0.002,0.001 grav=0.02,0.03,-0.98
[INFO] [1788289650.268257997, 333.221000000]: RL policy input vx=2.250 vy=-0.047 wz=-0.023 action_rms=0.440 ready=1 userCmd=0 kbd=0 raw=2.250,-0.047,-0.023 grav=-0.00,-0.08,-0.98
[INFO] [1788289653.549913660, 335.231000000]: RL policy input vx=1.300 vy=0.177 wz=0.152 action_rms=0.310 ready=1 userCmd=0 kbd=0 raw=1.300,0.177,0.152 grav=0.07,-0.08,-0.97
[INFO] [1788289657.151288983, 337.233000000]: RL policy input vx=2.214 vy=-0.399 wz=-0.196 action_rms=0.322 ready=1 userCmd=0 kbd=0 raw=2.214,-0.399,-0.196 grav=0.01,-0.01,-0.98
[INFO] [1788289660.747520572, 339.251000000]: RL policy input vx=2.2[FSM]: state: INIT
wait for goal.
[FSM]: state: INIT
wait for goal.
[FSM]: state: INIT
wait for goal.
[FSM]: state: INIT
wait for goal.
[FSM]: state: INIT
wait for goal.
[FSM]: state: INIT
wait for goal.
[FSM]: state: INIT
wait for goal.
[FSM]: state: INIT
wait for goal.
50 vy=-0.045 wz=-0.022 action_rms=0.348 ready=1 userCmd=0 kbd=0 raw=2.250,-0.045,-0.022 grav=0.06,0.03,-0.98
[INFO] [1788289664.603620610, 341.258000000]: RL policy input vx=0.227 vy=-0.450 wz=-1.150 action_rms=0.177 ready=1 userCmd=0 kbd=0 raw=0.227,-0.450,-1.150 grav=0.03,0.04,-0.98
[INFO] [1788289668.606783393, 343.273000000]: RL policy input vx=1.058 vy=-0.117 wz=-0.121 action_rms=0.301 ready=1 userCmd=0 kbd=0 raw=1.058,-0.117,-0.121 grav=0.00,-0.09,-0.98
[INFO] [1788289673.184255109, 345.283000000]: RL policy input vx=0.000 vy=0.000 wz=-1.150 action_rms=0.223 ready=1 userCmd=0 kbd=0 raw=0.000,0.000,-1.150 grav=0.03,-0.03,-0.98
[INFO] [1788289677.624226341, 347.284000000]: RL policy input vx=0.000 vy=0.000 wz=-0.178 action_rms=0.139 ready=1 userCmd=0 kbd=0 raw=0.000,0.000,-0.178 grav=0.01,-0.00,-0.98
Switched from RL to fixed stand
[FSM]: state: INIT
wait for goal.
infer_thread退出!
[WARN] [1788289680.566894195, 348.527000000]: Using one-shot captured-pose FixedStand profile: ramp 0.50 s, settle 0.00 s, ready after 0.50 s + 0.50 s stable, minimum gain 0.75
[INFO] Using /stand_target_joints param stance.
Switched from fixed stand to RL
[INFO] Entered RL /cmd_vel mode.
[WARN] [1788289682.054186174, 349.189000000]: Using one-shot stair RL takeover profile: blend 0.50 s, zero hold 0.15 s
cuda::is_available():1
RL inference device: cuda (requested=hybrid, policy=stair)
[INFO] RL policy activated from preload cache at FixedStand entry boundary: /workspace/SimEnv/src/unitree_guide/logs/policy_act_inference_stair.pt
[FSM]: state: INIT
wait for goal.
[FSM]: state: INIT
wait for goal.
[FSM]: state: INIT
wait for goal.
[FSM]: state: INIT
wait for goal.
[FSM]: state: INIT
wait for goal.
[FSM]: state: INIT
wait for goal.
[FSM]: state: INIT
wait for goal.
[FSM]: state: INIT
wait for goal.
[FSM]: state: INIT
wait for goal.
[FSM]: state: INIT
wait for goal.
[FSM]: state: INIT
wait for goal.
[FSM]: state: INIT
wait for goal.
[FSM]: state: INIT
wait for goal.
[FSM]: state: INIT
wait for goal.
[FSM]: state: INIT
wait for goal.
[FSM]: state: INIT
wait for goal.
[FSM]: state: INIT
wait for goal.
[FSM]: state: INIT
wait for goal.
[FSM]: state: INIT
wait for goal.
[FSM]: state: INIT
wait for goal.
[FSM]: state: INIT
wait for goal.
[WARN] [1788289725.847359321, 370.784000000]: Using one-shot plane RL takeover profile: blend 0.50 s, zero hold 0.15 s
[INFO] [1788289682.312389512, 349.291000000]: RL policy input vx=0.000 vy=0.000 wz=0.000 action_rms=0.152 ready=0 userCmd=0 kbd=0 raw=0.000,0.000,0.000 grav=-0.00,-0.00,-0.98
[INFO] [1788289683.657582813, 349.846000000]: RL locomotion_ready latched after 0.66 s takeover and 0.64 s stable hold
[INFO] [1788289687.059363862, 351.297000000]: RL policy input vx=0.797 vy=-0.082 wz=-0.014 action_rms=0.352 ready=1 userCmd=0 kbd=0 raw=0.797,-0.082,-0.014 grav=-0.27,0.04,-0.94
[INFO] [1788289691.758947748, 353.307000000]: RL policy input vx=0.560 vy=-0.308 wz=-0.053 action_rms=0.410 ready=1 userCmd=8 kbd=0 raw=0.560,-0.308,-0.053 grav=-0.53,0.04,-0.82
[INFO] [1788289696.117198055, 355.325000000]: RL policy input vx=0.616 vy=-0.171 wz=0.028 action_rms=0.485 ready=1 userCmd=8 kbd=0 raw=0.616,-0.171,0.028 grav=-0.43,0.06,-0.88
[INFO] [1788289700.356509948, 357.338000000]: RL policy input vx=0.524 vy=-0.537 wz=-0.877 action_rms=0.194 ready=1 userCmd=0 kbd=0 raw=0.524,-0.537,-0.877 grav=-0.07,-0.03,-0.98
[INFO] [1788289704.236488259, 359.356000000]: RL policy input vx=0.298 vy=-0.030 wz=-0.112 action_rms=0.161 ready=1 userCmd=0 kbd=0 raw=0.298,-0.030,-0.112 grav=-0.00,0.00,-0.98
[INFO] [1788289707.893393139, 361.363000000]: RL policy input vx=0.000 vy=0.000 wz=-0.490 action_rms=0.161 ready=1 userCmd=8 kbd=0 raw=0.000,0.000,-0.490 grav=-0.03,0.04,-0.98
[INFO] [1788289711.830898117, 363.371000000]: RL policy input vx=0.000 vy=0.000 wz=-0.240 action_rms=0.177 ready=1 userCmd=0 kbd=0 raw=0.000,0.000,-0.240 grav=-0.05,0.02,-0.98
[INFO] [1788289715.767374627, 365.371000000]: RL policy input vx=0.599 vy=-0.039 wz=-0.023 action_rms=0.387 ready=1 userCmd=0 kbd=0 raw=0.599,-0.039,-0.023 grav=-0.44,-0.00,-0.88
[INFO] [1788289719.461517880, 367.388000000]: RL policy input vx=0.600 vy=0.020 wz=0.012 action_rms=0.740 ready=1 userCmd=0 kbd=0 raw=0.600,0.020,0.012 grav=-0.46,-0.10,-0.86
[INFO] [1788289723.079619269, 369.401000000]: RL policy input vx=0.800 vy=-0.028 wz=-0.003 action_rms=0.504 ready=1 userCmd=0 kbd=0 raw=0.800,-0.028,-0.003 grav=-0.35,-0.02,-0.92
cuda::is_available():1
RL inference device: cpu (requested=hybrid, policy=plane)
[INFO] RL policy hot-switched from preload cache: /workspace/SimEnv/src/unitree_guide/logs/policy_act_inference_plane.pt
[FSM]: state: INIT
wait for goal.
[FSM]: state: INIT
wait for goal.
[FSM]: state: INIT
wait for goal.
[FSM]: state: INIT
wait for goal.
[INFO] [1788289678.728668, 347.771000]: Floor-2 stair controller armed by SECOND_FLOOR_EXPLORATION_COMPLETE.
[INFO] [1788289678.742518, 347.780000]: Robot is already 0.04 m from the pre-riser pose; skipping the corridor/side legs.
[INFO] [1788289678.748221, 347.782000]: Pre-ascent residual heading error -0.112 rad (visual_depth=False, bearing=none).
[INFO] [1788289679.845639, 348.220000]: Flight-A body settled for 0.36 s; waiting for joint RMS capture window <= 0.180 (current=0.375).
[INFO] [1788289680.044095, 348.302000]: Pre-ascent stand target set from flight-A pre-reload capture entry sample
[INFO] [1788289680.068455, 348.310000]: Flight-A plane gait settled at joint RMS 0.125; holding FixedStand for at least 0.1 s at snapshot pose before queued stair-policy entry.
[INFO] [1788289681.774171, 349.071000]: Flight-A FixedStand readiness gate complete; queued the stair policy for State_RL entry and retaining stand ownership for 0.25 s.
[INFO] [1788289682.037950, 349.175000]: Flight-A policy request has been queued under FixedStand; requesting RL so State_RL loads it before inference starts.
[INFO] [1788289683.687534, 349.866000]: Fresh RL readiness confirmed after the flight-A FixedStand boundary; starting the climb ramp.
[INFO] [1788289683.739242, 349.880000]: Flight-A fresh RL readiness observed; ascent clocks reset and 1.2 s climb ramp started.
[INFO] [1788289683.745083, 349.884000]: STPUB phase=STAIR_ASCENT world=(0.000,0.004,-0.030) body=(0.004,-0.000,-0.030) truth_z=2.912 pose=2.9120889920867956
[INFO] [1788289686.132175, 350.902000]: STPUB phase=STAIR_ASCENT world=(0.033,0.800,-0.012) body=(0.798,-0.061,-0.012) truth_z=2.939 pose=2.9427102707799477
[INFO] [1788289688.590785, 351.920000]: STPUB phase=STAIR_ASCENT world=(0.048,0.800,-0.041) body=(0.789,-0.142,-0.041) truth_z=3.170 pose=3.1720325196721237
[INFO] [1788289690.969070, 352.940000]: STPUB phase=STAIR_ASCENT world=(0.044,0.800,-0.032) body=(0.793,-0.117,-0.032) truth_z=3.473 pose=3.4724243032145257
[INFO] [1788289693.175342, 353.960000]: STPUB phase=STAIR_ASCENT world=(0.073,0.800,-0.064) body=(0.774,-0.217,-0.064) truth_z=3.685 pose=3.688129508144981
[INFO] [1788289695.341720, 354.980000]: STPUB phase=STAIR_ASCENT world=(-0.300,0.400,-0.009) body=(0.408,0.289,-0.009) truth_z=3.917 pose=3.9162458122580874
[INFO] [1788289697.445652, 356.000000]: STPUB phase=STAIR_ASCENT world=(0.034,0.800,0.037) body=(0.799,0.049,0.037) truth_z=4.117 pose=4.116838030708457
[INFO] [1788289698.590536, 356.540000]: Intermediate landing entered at y=4.75 m; starting moving turn.
[INFO] [1788289699.716440, 357.020000]: STPUB phase=STAIR_LANDING_TURN world=(0.750,0.000,-1.200) body=(0.333,-0.672,-1.200) truth_z=4.219 pose=4.218527107154726
[INFO] [1788289701.659724, 358.041000]: STPUB phase=STAIR_LANDING_TURN world=(0.750,0.000,-0.406) body=(0.700,-0.270,-0.406) truth_z=4.213 pose=4.212362228482691
[INFO] [1788289703.702172, 359.042000]: STPUB phase=STAIR_LANDING_TURN world=(0.320,0.000,-0.133) body=(0.318,-0.039,-0.133) truth_z=4.214 pose=4.2138611988488055
[INFO] [1788289705.452854, 360.060000]: STPUB phase=STAIR_LANDING_TURN world=(0.000,0.000,-1.200) body=(0.000,0.000,-1.200) truth_z=4.215 pose=4.215284120593007
[INFO] [1788289707.375588, 361.080000]: STPUB phase=STAIR_LANDING_TURN world=(0.000,0.000,-0.613) body=(0.000,0.000,-0.613) truth_z=4.218 pose=4.217514030962845
[INFO] [1788289709.288815, 362.086000]: STPUB phase=STAIR_LANDING_TURN world=(0.000,0.000,-0.281) body=(0.000,0.000,-0.281) truth_z=4.223 pose=4.22290381873042
[INFO] [1788289711.270794, 363.087000]: STPUB phase=STAIR_LANDING_TURN world=(0.000,0.000,-0.240) body=(0.000,0.000,-0.240) truth_z=4.233 pose=4.233165936136844
[INFO] [1788289712.350318, 363.640000]: Flight-B entry aligned: x error=-0.047 m, heading error=-0.149 rad.
[INFO] [1788289712.357549, 363.646000]: Flight-B entry joints saved (12 dofs) -> /root/autodl-tmp/code/restore/0803b/overall_l0829/results/oblique_final10_fixbend_seed24_b1/flight_b_entry_joints_1.json
[INFO] [1788289712.370214, 363.660000]: ASCENT_B gate: entry_guide=True truth_pose=True start_z=2.912 profile=True heading=-1.571 pose_z=4.234792005560226 truth_z=4.234888793781723
[INFO] [1788289712.373900, 363.660000]: Pre-ascent RL settle: holding zero command until motion is stable for 0.6 s before FixedStand.
[INFO] [1788289712.379503, 363.660000]: Pre-ascent RL settle active: stable 0.00/0.60 s.
[INFO] [1788289712.993026, 363.960000]: Pre-ascent RL motion settled for 0.62 s; settle-only gate complete (FixedStand disabled).
[INFO] [1788289713.272146, 364.102000]: STPUB phase=STAIR_ASCENT_B world=(-0.026,-0.800,-0.067) body=(0.780,-0.178,-0.067) truth_z=4.239 pose=4.238535633726018
[INFO] [1788289714.397103, 364.661000]: ASCENT_B gate: entry_guide=True truth_pose=True start_z=2.912 profile=True heading=-1.571 pose_z=4.275804245454452 truth_z=4.277286784009297
[INFO] [1788289715.340502, 365.120000]: STPUB phase=STAIR_ASCENT_B world=(-0.200,-0.600,-0.035) body=(0.577,-0.259,-0.035) truth_z=4.375 pose=4.374872791582646
[INFO] [1788289716.311524, 365.680000]: ASCENT_B gate: entry_guide=True truth_pose=True start_z=2.912 profile=True heading=-1.571 pose_z=4.488767679394712 truth_z=4.487723379683345
[INFO] [1788289717.218592, 366.140000]: STPUB phase=STAIR_ASCENT_B world=(0.000,-0.600,0.025) body=(0.599,0.042,0.025) truth_z=4.580 pose=4.5808051903439395
[INFO] [1788289718.171155, 366.682000]: ASCENT_B gate: entry_guide=True truth_pose=True start_z=2.912 profile=True heading=-1.571 pose_z=4.698969809670813 truth_z=4.7016225324609415
[INFO] [1788289719.068116, 367.160000]: STPUB phase=STAIR_ASCENT_B world=(-0.024,-0.800,0.009) body=(0.800,-0.004,0.009) truth_z=4.831 pose=4.832041303794515
[INFO] [1788289720.028706, 367.700000]: ASCENT_B gate: entry_guide=True truth_pose=True start_z=2.912 profile=True heading=-1.571 pose_z=4.963992912429275 truth_z=4.9683185794895
[INFO] [1788289720.798311, 368.161000]: STPUB phase=STAIR_ASCENT_B world=(-0.300,-0.400,0.002) body=(0.401,-0.298,0.002) truth_z=5.079 pose=5.073574945610325
[INFO] [1788289721.796126, 368.720000]: ASCENT_B gate: entry_guide=True truth_pose=True start_z=2.912 profile=True heading=-1.571 pose_z=5.234089426050284 truth_z=5.233827682153835
[INFO] [1788289722.627658, 369.180000]: STPUB phase=STAIR_ASCENT_B world=(-0.023,-0.800,-0.012) body=(0.799,-0.051,-0.012) truth_z=5.317 pose=5.320017384533772
[INFO] [1788289723.726673, 369.741000]: ASCENT_B gate: entry_guide=True truth_pose=True start_z=2.912 profile=True heading=-1.571 pose_z=5.442025346847587 truth_z=5.440412542619669
[INFO] [1788289724.642831, 370.201000]: STPUB phase=STAIR_ASCENT_B world=(-0.200,-0.600,0.004) body=(0.602,-0.192,0.004) truth_z=5.500 pose=5.499632893483731
[INFO] [1788289725.179494, 370.440000]: Upper landing entered: gain=2.59 m, clearance=0.01 m; stabilizing for 0.5 s.
[INFO] [1788289725.727503, 370.720000]: Floor-3 landing confirmed after two flights: gain=2.60 m clearance=0.13 m.
[INFO] [1788289727.242451, 371.483000]: Plane policy acknowledged on the upper landing; releasing stair controller ownership.
[FSM]: state: INIT
wait for goal.
[FSM]: state: INIT
wait for goal.
[FSM]: state: INIT
wait for goal.
[FSM]: state: INIT
wait for goal.
[FSM]: state: INIT
wait for goal.
[FSM]: state: INIT
wait for goal.
[FSM]: state: INIT
wait for goal.
[FSM]: state: INIT
wait for goal.
[FSM]: state: INIT
wait for goal.
[FSM]: state: INIT
wait for goal.
[FSM]: state: INIT
wait for goal.
[FSM]: state: INIT
wait for goal.
[FSM]: state: INIT
wait for goal.
[FSM]: state: INIT
wait for goal.
[FSM]: state: INIT
wait for goal.
[FSM]: state: INIT
wait for goal.
[FSM]: state: INIT
wait for goal.
[FSM]: state: INIT
wait for goal.
[FSM]: state: INIT
wait for goal.
[FSM]: state: INIT
wait for goal.
[FSM]: state: INIT
wait for goal.
[FSM]: state: INIT
wait for goal.
[FSM]: state: INIT
wait for goal.
Warning: TF_REPEATED_DATA ignoring data with redundant timestamp for frame sliding_map (parent world) at time 402.077000 according to authority /scan_planner_node
         at line 277 in /tmp/binarydeb/ros-noetic-tf2-0.7.10/src/buffer_core.cpp
[FSM]: state: INIT
wait for goal.
[FSM]: state: INIT
wait for goal.
[FSM]: state: INIT
wait for goal.
[FSM]: state: INIT
wait for goal.
[FSM]: state: INIT
wait for goal.
[FSM]: state: INIT
wait for goal.
[FSM]: state: INIT
wait for goal.
[FSM]: state: INIT
wait for goal.
[FSM]: state: INIT
wait for goal.
[FSM]: state: INIT
wait for goal.
[FSM]: state: INIT
wait for goal.
[FSM]: state: INIT
wait for goal.
[INFO] [1788289727.070358471, 371.406000000]: RL policy input vx=0.000 vy=0.000 wz=0.000 action_rms=0.141 ready=0 userCmd=0 kbd=0 raw=0.000,0.000,0.000 grav=-0.03,0.01,-0.98
[INFO] [1788289727.167934018, 371.447000000]: RL locomotion_ready latched after 0.67 s takeover and 0.43 s stable hold
[INFO] [1788289731.175041487, 373.411000000]: RL policy input vx=0.000 vy=0.000 wz=0.376 action_rms=0.158 ready=1 userCmd=0 kbd=0 raw=0.000,0.000,0.376 grav=0.01,-0.02,-0.98
[INFO] [1788289735.708048171, 375.421000000]: RL policy input vx=0.513 vy=0.000 wz=0.267 action_rms=0.327 ready=1 userCmd=0 kbd=0 raw=0.513,0.000,0.267 grav=0.01,-0.02,-0.98
[INFO] [1788289739.887267828, 377.435000000]: RL policy input vx=2.240 vy=-0.211 wz=-0.103 action_rms=0.243 ready=1 userCmd=0 kbd=0 raw=2.240,-0.211,-0.103 grav=-0.06,-0.14,-0.97
[INFO] [1788289744.186449054, 379.453000000]: RL policy input vx=2.245 vy=0.145 wz=0.071 action_rms=0.391 ready=1 userCmd=0 kbd=0 raw=2.245,0.145,0.071 grav=-0.00,-0.07,-0.98
[INFO] [1788289748.264803047, 381.465000000]: RL policy input vx=2.247 vy=0.107 wz=0.053 action_rms=0.362 ready=1 userCmd=0 kbd=0 raw=2.247,0.107,0.053 grav=0.02,0.04,-0.98
[INFO] [1788289752.282972291, 383.484000000]: RL policy input vx=1.257 vy=0.053 wz=0.046 action_rms=0.324 ready=1 userCmd=0 kbd=0 raw=1.257,0.053,0.046 grav=0.07,-0.08,-0.97
[INFO] [1788289756.264030268, 385.484000000]: RL policy input vx=0.000 vy=0.000 wz=0.783 action_rms=0.265 ready=1 userCmd=0 kbd=0 raw=0.000,0.000,0.783 grav=0.02,0.02,-0.98
[INFO] [1788289759.938798106, 387.487000000]: RL policy input vx=0.448 vy=0.000 wz=0.097 action_rms=0.167 ready=1 userCmd=0 kbd=0 raw=0.448,0.000,0.097 grav=0.00,-0.03,-0.98
[INFO] [1788289763.592481394, 389.502000000]: RL policy input vx=0.450 vy=0.000 wz=0.009 action_rms=0.301 ready=1 userCmd=0 kbd=0 raw=0.450,0.000,0.009 grav=0.00,-0.02,-0.98
[INFO] [1788289767.670836840, 391.514000000]: RL policy input vx=2.145 vy=0.027 wz=0.014 action_rms=0.443 ready=1 userCmd=0 kbd=0 raw=2.145,0.027,0.014 grav=-0.01,0.01,-0.98
[INFO] [1788289771.613342533, 393.532000000]: RL policy input vx=0.347 vy=0.010 wz=0.032 action_rms=0.239 ready=1 userCmd=0 kbd=0 raw=0.347,0.010,0.032 grav=0.03,-0.03,-0.98
[INFO] [1788289775.411384808, 395.538000000]: RL policy input vx=0.000 vy=0.000 wz=2.400 action_rms=0.177 ready=1 userCmd=0 kbd=0 raw=0.000,0.000,2.400 grav=0.02,0.01,-0.98
[INFO] [1788289779.672254962, 397.556000000]: RL policy input vx=0.071 vy=-0.219 wz=-1.150 action_rms=0.258 ready=1 userCmd=0 kbd=0 raw=0.071,-0.219,-1.150 grav=0.01,0.01,-0.98
[INFO] [1788289783.771938537, 399.557000000]: RL policy input vx=0.485 vy=-0.117 wz=-0.260 action_rms=0.154 ready=1 userCmd=0 kbd=0 raw=0.485,-0.117,-0.260 grav=0.03,-0.04,-0.98
[INFO] [1788289787.935719812, 401.562000000]: RL policy input vx=0.000 vy=0.000 wz=-2.400 action_rms=0.182 ready=1 userCmd=0 kbd=0 raw=0.000,0.000,-2.400 grav=0.00,0.02,-0.98
[INFO] [1788289791.934419427, 403.566000000]: RL policy input vx=1.813 vy=-0.491 wz=-0.291 action_rms=0.433 ready=1 userCmd=0 kbd=0 raw=1.813,-0.491,-0.291 grav=-0.02,-0.01,-0.98
[INFO] [1788289796.046807355, 405.570000000]: RL policy input vx=0.000 vy=0.000 wz=-0.450 action_rms=0.207 ready=1 userCmd=0 kbd=0 raw=0.000,0.000,-0.450 grav=0.01,-0.02,-0.98
[INFO] [1788289799.672544656, 407.580000000]: RL policy input vx=0.448 vy=0.000 wz=-0.114 action_rms=0.291 ready=1 userCmd=0 kbd=0 raw=0.448,0.000,-0.114 grav=-0.02,-0.01,-0.98
[INFO] [1788289803.203197008, 409.582000000]: RL policy input vx=0.449 vy=0.000 wz=-0.066 action_rms=0.178 ready=1 userCmd=0 kbd=0 raw=0.449,0.000,-0.066 grav=0.01,-0.02,-0.98
[INFO] [1788289806.676091041, 411.601000000]: RL policy input vx=0.520 vy=0.010 wz=0.021 action_rms=0.145 ready=1 userCmd=0 kbd=0 raw=0.520,0.010,0.021 grav=0.01,-0.01,-0.98
[INFO] [1788289810.243490539, 413.601000000]: RL policy input vx=0.450 vy=0.000 wz=0.004 action_rms=0.299 ready=1 userCmd=0 kbd=0 raw=0.450,0.000,0.004 grav=0.00,-0.02,-0.98
[INFO] [1788289813.775007262, 415.610000000]: RL policy input vx=0.389 vy=0.000 wz=-0.046 action_rms=0.162 ready=1 userCmd=0 k[FSM]: state: INIT
wait for goal.
[FSM]: state: INIT
wait for goal.
[FSM]: state: INIT
wait for goal.
[FSM]: state: INIT
wait for goal.
[FSM]: state: INIT
wait for goal.
[FSM]: state: INIT
wait for goal.
[FSM]: state: INIT
wait for goal.
[FSM]: state: INIT
wait for goal.
[FSM]: state: INIT
wait for goal.
[FSM]: state: INIT
wait for goal.
[FSM]: state: INIT
wait for goal.
[FSM]: state: INIT
wait for goal.
[FSM]: state: INIT
wait for goal.
[FSM]: state: INIT
wait for goal.
[FSM]: state: INIT
wait for goal.
[FSM]: state: INIT
wait for goal.
[FSM]: state: INIT
wait for goal.
[FSM]: state: INIT
wait for goal.
[FSM]: state: INIT
wait for goal.
[FSM]: state: INIT
wait for goal.
[FSM]: state: INIT
wait for goal.
[FSM]: state: INIT
wait for goal.
[FSM]: state: INIT
wait for goal.
[FSM]: state: INIT
wait for goal.
[FSM]: state: INIT
wait for goal.
[FSM]: state: INIT
wait for goal.
[FSM]: state: INIT
wait for goal.
[FSM]: state: INIT
wait for goal.
[FSM]: state: INIT
wait for goal.
[FSM]: state: INIT
wait for goal.
[FSM]: state: INIT
wait for goal.
[FSM]: state: INIT
wait for goal.
[FSM]: state: INIT
wait for goal.
[FSM]: state: INIT
wait for goal.
[FSM]: state: INIT
wait for goal.
[FSM]: state: INIT
wait for goal.
[FSM]: state: INIT
wait for goal.
[FSM]: state: INIT
wait for goal.
[FSM]: state: INIT
wait for goal.
[FSM]: state: INIT
wait for goal.
Warning: TF_REPEATED_DATA ignoring data with redundant timestamp for frame sliding_map (parent world) at time 459.678000 according to authority /scan_planner_node
         at line 277 in /tmp/binarydeb/ros-noetic-tf2-0.7.10/src/buffer_core.cpp
[FSM]: state: INIT
wait for goal.
[FSM]: state: INIT
wait for goal.
[FSM]: state: INIT
wait for goal.
[FSM]: state: INIT
wait for goal.
bd=0 raw=0.389,0.000,-0.046 grav=0.01,-0.02,-0.98
[INFO] [1788289817.875197353, 417.621000000]: RL policy input vx=1.366 vy=-0.027 wz=-0.022 action_rms=0.265 ready=1 userCmd=0 kbd=0 raw=1.366,-0.027,-0.022 grav=0.05,-0.07,-0.98
[INFO] [1788289821.693629260, 419.626000000]: RL policy input vx=0.000 vy=0.000 wz=-1.529 action_rms=0.158 ready=1 userCmd=0 kbd=0 raw=0.000,0.000,-1.529 grav=0.02,0.01,-0.98
[INFO] [1788289825.707539675, 421.632000000]: RL policy input vx=0.000 vy=0.000 wz=-0.448 action_rms=0.137 ready=1 userCmd=0 kbd=0 raw=0.000,0.000,-0.448 grav=0.01,0.00,-0.98
[INFO] [1788289830.027264784, 423.650000000]: RL policy input vx=1.226 vy=0.519 wz=0.440 action_rms=0.415 ready=1 userCmd=0 kbd=0 raw=1.226,0.519,0.440 grav=-0.03,0.04,-0.98
[INFO] [1788289833.946665245, 425.659000000]: RL policy input vx=0.000 vy=0.000 wz=1.432 action_rms=0.153 ready=1 userCmd=0 kbd=0 raw=0.000,0.000,1.432 grav=0.03,-0.02,-0.98
[INFO] [1788289838.042836289, 427.673000000]: RL policy input vx=0.908 vy=0.750 wz=0.609 action_rms=0.246 ready=1 userCmd=0 kbd=0 raw=0.908,0.750,0.609 grav=-0.01,-0.03,-0.98
[INFO] [1788289842.073552244, 429.677000000]: RL policy input vx=0.371 vy=0.057 wz=0.168 action_rms=0.147 ready=1 userCmd=0 kbd=0 raw=0.371,0.057,0.168 grav=0.03,-0.01,-0.98
[INFO] [1788289845.804906229, 431.687000000]: RL policy input vx=0.446 vy=0.000 wz=0.144 action_rms=0.194 ready=1 userCmd=0 kbd=0 raw=0.446,0.000,0.144 grav=-0.01,-0.00,-0.98
[INFO] [1788289849.332764628, 433.701000000]: RL policy input vx=0.450 vy=0.000 wz=0.006 action_rms=0.170 ready=1 userCmd=0 kbd=0 raw=0.450,0.000,0.006 grav=0.01,-0.03,-0.98
[INFO] [1788289853.259665747, 435.705000000]: RL policy input vx=0.097 vy=0.000 wz=-0.549 action_rms=0.297 ready=1 userCmd=0 kbd=0 raw=0.097,0.000,-0.549 grav=-0.00,-0.02,-0.98
[INFO] [1788289857.150816296, 437.706000000]: RL policy input vx=2.167 vy=-0.607 wz=-0.300 action_rms=0.432 ready=1 userCmd=0 kbd=0 raw=2.167,-0.607,-0.300 grav=-0.04,-0.10,-0.97
[INFO] [1788289861.144452735, 439.714000000]: RL policy input vx=2.235 vy=-0.257 wz=-0.126 action_rms=0.462 ready=1 userCmd=0 kbd=0 raw=2.235,-0.257,-0.126 grav=0.00,0.04,-0.98
[INFO] [1788289865.013975908, 441.734000000]: RL policy input vx=2.241 vy=-0.203 wz=-0.100 action_rms=0.458 ready=1 userCmd=0 kbd=0 raw=2.241,-0.203,-0.100 grav=-0.04,-0.05,-0.98
[INFO] [1788289868.795297366, 443.744000000]: RL policy input vx=2.015 vy=0.011 wz=0.006 action_rms=0.454 ready=1 userCmd=0 kbd=0 raw=2.015,0.011,0.006 grav=0.01,-0.03,-0.98
[INFO] [1788289872.734463844, 445.744000000]: RL policy input vx=0.317 vy=0.127 wz=0.419 action_rms=0.145 ready=1 userCmd=0 kbd=0 raw=0.317,0.127,0.419 grav=0.01,0.03,-0.98
[INFO] [1788289876.413626921, 447.761000000]: RL policy input vx=0.447 vy=0.000 wz=0.129 action_rms=0.228 ready=1 userCmd=0 kbd=0 raw=0.447,0.000,0.129 grav=-0.01,-0.03,-0.98
[INFO] [1788289880.422006137, 449.770000000]: RL policy input vx=0.450 vy=0.000 wz=0.014 action_rms=0.158 ready=1 userCmd=0 kbd=0 raw=0.450,0.000,0.014 grav=0.01,-0.02,-0.98
[INFO] [1788289884.213074835, 451.777000000]: RL policy input vx=2.092 vy=0.473 wz=0.245 action_rms=0.272 ready=1 userCmd=0 kbd=0 raw=2.092,0.473,0.245 grav=-0.02,0.08,-0.98
[INFO] [1788289887.730010169, 453.785000000]: RL policy input vx=0.639 vy=0.059 wz=0.101 action_rms=0.179 ready=1 userCmd=0 kbd=0 raw=0.639,0.059,0.101 grav=0.04,-0.05,-0.98
[INFO] [1788289891.270823277, 455.798000000]: RL policy input vx=0.000 vy=0.000 wz=-2.400 action_rms=0.151 ready=1 userCmd=0 kbd=0 raw=0.000,0.000,-2.400 grav=0.01,0.02,-0.98
[INFO] [1788289894.945254017, 457.806000000]: RL policy input vx=0.122 vy=0.216 wz=1.150 action_rms=0.158 ready=1 userCmd=0 kbd=0 raw=0.122,0.216,1.150 grav=0.02,0.00,-0.98
[INFO] [1788289898.958949040, 459.811000000]: RL policy input vx=1.419 vy=0.750 wz=0.535 action_rms=0.291 ready=1 userCmd=0 kbd=0 raw=1.419,0.750,0.535 grav=-0.02,0.07,-0.98
[INFO] [1788289902.775736774, 461.812000000]: RL policy input vx=0.299 vy=0.027 wz=0.097 action_rms=0.237 ready=1 userCmd=0 kbd=0 raw=0.299,0.027,0.097 grav=0.01,-0.01,-0.98
[INFO] [1788289906.8[FSM]: state: INIT
wait for goal.
[FSM]: state: INIT
wait for goal.
[FSM]: state: INIT
wait for goal.
[FSM]: state: INIT
wait for goal.
[FSM]: state: INIT
wait for goal.
[FSM]: state: INIT
wait for goal.
[FSM]: state: INIT
wait for goal.
[FSM]: state: INIT
wait for goal.
[FSM]: state: INIT
wait for goal.
[FSM]: state: INIT
wait for goal.
[FSM]: state: INIT
wait for goal.
[FSM]: state: INIT
wait for goal.
[FSM]: state: INIT
wait for goal.
[FSM]: state: INIT
wait for goal.
[FSM]: state: INIT
wait for goal.
[FSM]: state: INIT
wait for goal.
[FSM]: state: INIT
wait for goal.
[FSM]: state: INIT
wait for goal.
[FSM]: state: INIT
wait for goal.
[FSM]: state: INIT
wait for goal.
[FSM]: state: INIT
wait for goal.
[FSM]: state: INIT
wait for goal.
[FSM]: state: INIT
wait for goal.
[FSM]: state: INIT
wait for goal.
[FSM]: state: INIT
wait for goal.
[FSM]: state: INIT
wait for goal.
[FSM]: state: INIT
wait for goal.
[FSM]: state: INIT
wait for goal.
[FSM]: state: INIT
wait for goal.
[FSM]: state: INIT
wait for goal.
[FSM]: state: INIT
wait for goal.
[FSM]: state: INIT
wait for goal.
[FSM]: state: INIT
wait for goal.
[FSM]: state: INIT
wait for goal.
[FSM]: state: INIT
wait for goal.
[FSM]: state: INIT
wait for goal.
[FSM]: state: INIT
wait for goal.
[FSM]: state: INIT
wait for goal.
[FSM]: state: INIT
wait for goal.
[FSM]: state: INIT
wait for goal.
[FSM]: state: INIT
wait for goal.
42697688, 463.819000000]: RL policy input vx=0.000 vy=0.000 wz=2.400 action_rms=0.160 ready=1 userCmd=0 kbd=0 raw=0.000,0.000,2.400 grav=0.01,0.01,-0.98
[INFO] [1788289910.979122605, 465.820000000]: RL policy input vx=0.404 vy=0.060 wz=0.163 action_rms=0.278 ready=1 userCmd=0 kbd=0 raw=0.404,0.060,0.163 grav=0.03,-0.01,-0.98
[INFO] [1788289914.848414609, 467.827000000]: RL policy input vx=0.449 vy=0.000 wz=0.083 action_rms=0.298 ready=1 userCmd=0 kbd=0 raw=0.449,0.000,0.083 grav=-0.01,-0.01,-0.98
[INFO] [1788289918.551984568, 469.829000000]: RL policy input vx=0.450 vy=0.000 wz=0.009 action_rms=0.158 ready=1 userCmd=0 kbd=0 raw=0.450,0.000,0.009 grav=0.01,-0.02,-0.98
[INFO] [1788289922.350142585, 471.830000000]: RL policy input vx=0.642 vy=-0.028 wz=-0.048 action_rms=0.215 ready=1 userCmd=0 kbd=0 raw=0.642,-0.028,-0.048 grav=0.01,-0.01,-0.98
[INFO] [1788289926.075915878, 473.831000000]: RL policy input vx=0.450 vy=0.000 wz=-0.011 action_rms=0.188 ready=1 userCmd=0 kbd=0 raw=0.450,0.000,-0.011 grav=0.01,-0.02,-0.98
[INFO] [1788289929.711135860, 475.836000000]: RL policy input vx=0.450 vy=0.000 wz=-0.024 action_rms=0.202 ready=1 userCmd=0 kbd=0 raw=0.450,0.000,-0.024 grav=0.01,-0.02,-0.98
[INFO] [1788289933.228277607, 477.836000000]: RL policy input vx=1.698 vy=-0.051 wz=-0.033 action_rms=0.321 ready=1 userCmd=0 kbd=0 raw=1.698,-0.051,-0.033 grav=-0.00,-0.02,-0.98
[INFO] [1788289936.660972224, 479.850000000]: RL policy input vx=0.000 vy=0.000 wz=-0.572 action_rms=0.186 ready=1 userCmd=0 kbd=0 raw=0.000,0.000,-0.572 grav=0.02,-0.02,-0.98
[INFO] [1788289940.442028244, 481.855000000]: RL policy input vx=0.000 vy=0.000 wz=-1.836 action_rms=0.123 ready=1 userCmd=0 kbd=0 raw=0.000,0.000,-1.836 grav=0.01,0.03,-0.98
[INFO] [1788289944.151103578, 483.869000000]: RL policy input vx=0.747 vy=0.750 wz=0.866 action_rms=0.198 ready=1 userCmd=0 kbd=0 raw=0.747,0.750,0.866 grav=-0.02,0.01,-0.98
[INFO] [1788289947.962147524, 485.888000000]: RL policy input vx=0.297 vy=0.043 wz=0.157 action_rms=0.168 ready=1 userCmd=0 kbd=0 raw=0.297,0.043,0.157 grav=0.03,-0.01,-0.98
[INFO] [1788289951.239612786, 487.904000000]: RL policy input vx=0.000 vy=0.000 wz=2.400 action_rms=0.130 ready=1 userCmd=0 kbd=0 raw=0.000,0.000,2.400 grav=0.01,-0.01,-0.98
[INFO] [1788289954.238568337, 489.905000000]: RL policy input vx=1.666 vy=-0.027 wz=-0.018 action_rms=0.217 ready=1 userCmd=0 kbd=0 raw=1.666,-0.027,-0.018 grav=-0.02,-0.08,-0.98
[INFO] [1788289957.260031875, 491.908000000]: RL policy input vx=0.000 vy=0.000 wz=0.450 action_rms=0.150 ready=1 userCmd=0 kbd=0 raw=0.000,0.000,0.450 grav=0.02,-0.03,-0.98
[INFO] [1788289960.476296960, 493.916000000]: RL policy input vx=0.446 vy=0.000 wz=0.146 action_rms=0.183 ready=1 userCmd=0 kbd=0 raw=0.446,0.000,0.146 grav=0.01,0.01,-0.98
[INFO] [1788289963.791085279, 495.923000000]: RL policy input vx=0.450 vy=0.000 wz=0.003 action_rms=0.165 ready=1 userCmd=0 kbd=0 raw=0.450,0.000,0.003 grav=0.01,-0.02,-0.98
[INFO] [1788289967.465343794, 497.929000000]: RL policy input vx=0.573 vy=-0.002 wz=-0.004 action_rms=0.281 ready=1 userCmd=0 kbd=0 raw=0.573,-0.002,-0.004 grav=-0.01,-0.03,-0.98
[INFO] [1788289970.578606291, 499.934000000]: RL policy input vx=2.165 vy=0.611 wz=0.302 action_rms=0.310 ready=1 userCmd=0 kbd=0 raw=2.165,0.611,0.302 grav=-0.04,0.04,-0.98
[INFO] [1788289974.564144499, 501.944000000]: RL policy input vx=2.249 vy=-0.076 wz=-0.037 action_rms=0.299 ready=1 userCmd=0 kbd=0 raw=2.249,-0.076,-0.037 grav=-0.03,-0.08,-0.98
[INFO] [1788289978.531340273, 503.951000000]: RL policy input vx=2.249 vy=-0.055 wz=-0.027 action_rms=0.445 ready=1 userCmd=0 kbd=0 raw=2.249,-0.055,-0.027 grav=0.02,-0.00,-0.98
[INFO] [1788289982.239451030, 505.964000000]: RL policy input vx=2.250 vy=0.013 wz=0.006 action_rms=0.375 ready=1 userCmd=0 kbd=0 raw=2.250,0.013,0.006 grav=-0.01,-0.07,-0.98
[INFO] [1788289985.477685492, 507.969000000]: RL policy input vx=2.249 vy=0.055 wz=0.027 action_rms=0.358 ready=1 userCmd=0 kbd=0 raw=2.249,0.055,0.027 grav=0.03,0.08,-0.98
[INFO] [1788289988.539875080, 509.980000000]: RL policy input vx=1.465 vy=0.173 [FSM]: state: INIT
wait for goal.
[FSM]: state: INIT
wait for goal.
[FSM]: state: INIT
wait for goal.
[FSM]: state: INIT
wait for goal.
[FSM]: state: INIT
wait for goal.
[FSM]: state: INIT
wait for goal.
[FSM]: state: INIT
wait for goal.
[FSM]: state: INIT
wait for goal.
[FSM]: state: INIT
wait for goal.
[FSM]: state: INIT
wait for goal.
[FSM]: state: INIT
wait for goal.
wz=0.129 action_rms=0.423 ready=1 userCmd=0 kbd=0 raw=1.465,0.173,0.129 grav=0.04,0.00,-0.98
[INFO] [1788289991.617449742, 511.987000000]: RL policy input vx=2.220 vy=-0.367 wz=-0.180 action_rms=0.327 ready=1 userCmd=0 kbd=0 raw=2.220,-0.367,-0.180 grav=-0.02,-0.01,-0.98
[INFO] [1788289994.773078150, 513.995000000]: RL policy input vx=2.250 vy=-0.015 wz=-0.007 action_rms=0.236 ready=1 userCmd=0 kbd=0 raw=2.250,-0.015,-0.007 grav=-0.02,-0.08,-0.98
[INFO] [1788289997.842918341, 516.006000000]: RL policy input vx=0.090 vy=-0.450 wz=-1.150 action_rms=0.169 ready=1 userCmd=0 kbd=0 raw=0.090,-0.450,-1.150 grav=0.03,0.04,-0.98
[INFO] [1788290001.049861711, 518.023000000]: RL policy input vx=0.619 vy=0.158 wz=0.275 action_rms=0.135 ready=1 userCmd=0 kbd=0 raw=0.619,0.158,0.275 grav=0.02,-0.00,-0.98
[INFO] [1788290004.306005654, 520.043000000]: RL policy input vx=0.000 vy=0.000 wz=-1.069 action_rms=0.198 ready=1 userCmd=0 kbd=0 raw=0.000,0.000,-1.069 grav=0.01,0.00,-0.98
[INFO] [1788290008.272085389, 522.050000000]: RL policy input vx=0.000 vy=0.000 wz=0.000 action_rms=0.134 ready=1 userCmd=0 kbd=0 raw=0.000,0.000,0.000 grav=-0.01,-0.03,-0.98
Switched from RL to fixed stand
[INFO] [1788290008.558746188, 522.175000000]: RL locomotion_ready latched after 151.40 s takeover and 1.51 s stable hold
infer_thread退出!
[WARN] [1788290009.055049862, 522.410000000]: Using one-shot captured-pose FixedStand profile: ramp 0.50 s, settle 0.00 s, ready after 0.50 s + 0.50 s stable, minimum gain 0.75
[INFO] Using /stand_target_joints param stance.
[FSM]: state: INIT
wait for goal.
Switched from fixed stand to RL
[INFO] Entered RL /cmd_vel mode.
[WARN] [1788290010.755001802, 523.192000000]: Using one-shot stair RL takeover profile: blend 0.75 s, zero hold 0.25 s
cuda::is_available():1
RL inference device: cuda (requested=hybrid, policy=stair)
[INFO] RL policy activated from preload cache at FixedStand entry boundary: /workspace/SimEnv/src/unitree_guide/logs/policy_act_inference_stair.pt
[FSM]: state: INIT
wait for goal.
[FSM]: state: INIT
wait for goal.
[FSM]: state: INIT
wait for goal.
[FSM]: state: INIT
wait for goal.
[FSM]: state: INIT
wait for goal.
[FSM]: state: INIT
wait for goal.
[FSM]: state: INIT
wait for goal.
[FSM]: state: INIT
wait for goal.
[FSM]: state: INIT
wait for goal.
[FSM]: state: INIT
wait for goal.
[FSM]: state: INIT
wait for goal.
[FSM]: state: INIT
wait for goal.
[FSM]: state: INIT
wait for goal.
[FSM]: state: INIT
wait for goal.
[FSM]: state: INIT
wait for goal.
[FSM]: state: INIT
wait for goal.
[FSM]: state: INIT
wait for goal.
[FSM]: state: INIT
wait for goal.
[FSM]: state: INIT
wait for goal.
[FSM]: state: INIT
wait for goal.
[FSM]: state: INIT
wait for goal.
[FSM]: state: INIT
wait for goal.
[FSM]: state: INIT
wait for goal.
[FSM]: state: INIT
wait for goal.
[FSM]: state: INIT
wait for goal.
[FSM]: state: INIT
wait for goal.
[FSM]: state: INIT
wait for goal.
[FSM]: state: INIT
wait for goal.
[FSM]: state: INIT
wait for goal.
[FSM]: state: INIT
wait for goal.
[FSM]: state: INIT
wait for goal.
[FSM]: state: INIT
wait for goal.
[FSM]: state: INIT
wait for goal.
[FSM]: state: INIT
wait for goal.
[FSM]: state: INIT
wait for goal.
[FSM]: state: INIT
wait for goal.
[INFO] [1788290007.505433, 521.718000]: DSTPUB phase=STAIR_DESCENT_PRE_ALIGN world=(0.300,0.000,-0.163) body=(-0.054,-0.295,-0.163) truth_z=5.514 drop=0.000 pitch=0.0deg seg=0
[INFO] [1788290008.410489, 522.118000]: Descent policy boundary captured joint RMS 0.112.
[INFO] [1788290008.553416, 522.148000]: Descent plane gait settled; entering FixedStand before the stair-policy load.
[INFO] [1788290010.473049, 523.053000]: Descent FixedStand is ready; stair policy queued.
[INFO] [1788290010.742721, 523.170000]: Descent stair policy queued under FixedStand; requesting fresh stair-RL entry.
[INFO] [1788290013.058016, 524.219000]: Descent stair RL fresh readiness confirmed; warming up 0.8 s.
[INFO] [1788290014.040757, 524.701000]: Descent FLIGHT_B start: z=5.514 drop gate 1.05 m.
[INFO] [1788290014.104035, 524.721000]: DSTPUB phase=STAIR_DESCENT_FLIGHT_B world=(-0.092,0.542,-0.067) body=(0.550,0.000,-0.067) truth_z=5.514 drop=0.000 pitch=0.0deg seg=-1
[INFO] [1788290016.354982, 525.740000]: DSTPUB phase=STAIR_DESCENT_FLIGHT_B world=(-0.074,0.545,-0.080) body=(0.550,0.000,-0.080) truth_z=5.511 drop=0.003 pitch=0.0deg seg=0
[INFO] [1788290018.690505, 526.744000]: DSTPUB phase=STAIR_DESCENT_FLIGHT_B world=(-0.033,0.549,-0.053) body=(0.550,0.000,-0.053) truth_z=5.255 drop=0.259 pitch=0.0deg seg=24
[INFO] [1788290021.021102, 527.758000]: DSTPUB phase=STAIR_DESCENT_FLIGHT_B world=(-0.001,0.500,-0.050) body=(0.500,0.000,-0.050) truth_z=5.035 drop=0.479 pitch=0.0deg seg=24
[INFO] [1788290023.442733, 528.760000]: DSTPUB phase=STAIR_DESCENT_FLIGHT_B world=(0.007,0.500,-0.032) body=(0.500,0.000,-0.032) truth_z=4.763 drop=0.750 pitch=0.0deg seg=25
[INFO] [1788290025.796173, 529.806000]: DSTPUB phase=STAIR_DESCENT_FLIGHT_B world=(0.021,0.600,0.002) body=(0.600,0.000,0.002) truth_z=4.512 drop=1.002 pitch=0.0deg seg=23
[INFO] [1788290028.061779, 530.818000]: DSTPUB phase=STAIR_DESCENT_FLIGHT_B world=(-0.004,0.600,-0.003) body=(0.600,0.000,-0.003) truth_z=4.318 drop=1.196 pitch=0.0deg seg=22
[INFO] [1788290030.296605, 531.821000]: DSTPUB phase=STAIR_DESCENT_FLIGHT_B world=(-0.004,0.600,0.011) body=(0.600,0.000,0.011) truth_z=4.201 drop=1.313 pitch=0.0deg seg=13
[INFO] [1788290030.832452, 532.086000]: Flight-B descent complete: drop=1.31 m y=5.07; starting landing turn.
[INFO] [1788290033.989341, 533.611000]: DSTPUB phase=STAIR_DESCENT_TURN world=(-0.400,0.000,1.032) body=(0.021,0.399,1.032) truth_z=4.215 drop=1.299 pitch=0.0deg seg=0
[INFO] [1788290036.091075, 534.619000]: DSTPUB phase=STAIR_DESCENT_TURN world=(-0.400,0.000,1.200) body=(0.369,0.155,1.200) truth_z=4.209 drop=1.305 pitch=0.0deg seg=0
[INFO] [1788290038.089303, 535.646000]: DSTPUB phase=STAIR_DESCENT_TURN world=(-0.400,0.000,0.818) body=(0.271,-0.295,0.818) truth_z=4.220 drop=1.294 pitch=0.0deg seg=0
[INFO] [1788290039.892061, 536.651000]: DSTPUB phase=STAIR_DESCENT_TURN world=(-0.400,0.000,0.340) body=(0.079,-0.392,0.340) truth_z=4.217 drop=1.297 pitch=0.0deg seg=0
[INFO] [1788290039.962706, 536.701000]: Descent landing heading captured at error 0.173 rad; using shortest-path hold while x aligns.
[INFO] [1788290041.881185, 537.674000]: DSTPUB phase=STAIR_DESCENT_TURN world=(-0.300,0.003,0.035) body=(0.006,-0.300,0.035) truth_z=4.214 drop=1.300 pitch=0.0deg seg=0
[INFO] [1788290043.330662, 538.377000]: Descent FLIGHT_A start: z=5.514 drop gate 2.45 m.
[INFO] [1788290043.347109, 538.399000]: Descent landing aligned: x err=-0.117 m, heading err=-0.003 rad; starting flight A.
[INFO] [1788290043.924855, 538.692000]: DSTPUB phase=STAIR_DESCENT_FLIGHT_A world=(0.001,-0.550,0.038) body=(0.550,0.000,0.038) truth_z=4.215 drop=1.299 pitch=0.0deg seg=0
[INFO] [1788290045.956990, 539.703000]: DSTPUB phase=STAIR_DESCENT_FLIGHT_A world=(0.044,-0.548,-0.017) body=(0.550,0.000,-0.017) truth_z=4.081 drop=1.433 pitch=0.0deg seg=21
[INFO] [1788290048.110880, 540.719000]: DSTPUB phase=STAIR_DESCENT_FLIGHT_A world=(0.013,-0.736,-0.013) body=(0.736,0.000,-0.013) truth_z=3.831 drop=1.683 pitch=0.0deg seg=20
[INFO] [1788290050.160035, 541.743000]: DSTPUB phase=STAIR_DESCENT_FLIGHT_A world=(-0.037,-0.799,0.013) body=(0.800,0.000,0.013) truth_z=3.496 drop=2.018 pitch=0.0deg seg=24
[INFO] [1788290052.086277, 542.769000]: DSTPUB phase=STAIR_DESCENT_FLIGHT_A world=(0.001,-0.800,-0.027) body=(0.800,0.000,-0.027) truth_z=3.306 drop=2.208 pitch=0.0deg seg=18
[INFO] [1788290053.991526, 543.771000]: DSTPUB phase=STAIR_DESCENT_FLIGHT_A world=(-0.009,-0.600,0.018) body=(0.600,0.000,0.018) truth_z=3.053 drop=2.461 pitch=0.0deg seg=23
[INFO] [1788290056.047418, 544.879000]: Segment 1 (F3->F2) complete: drop=2.62 m, elapsed 48.6 s; turning on F2 landing for segment 2.
[INFO] [1788290058.813760, 546.418000]: DSTPUB phase=STAIR_DESCENT_SEGMENT_TURN world=(0.283,0.283,0.000) body=(-0.281,0.284,0.000) truth_z=2.919 drop=0.000 pitch=1.0deg seg=-1
[INFO] [1788290060.112344, 547.071000]: Segment turn aligned (x err=0.142 m, y=1.703 in band [1.70, 1.95]); starting 180 deg turn.
[INFO] [1788290060.881654, 547.440000]: DSTPUB phase=STAIR_DESCENT_SEGMENT_TURN world=(-0.263,0.033,-0.532) body=(-0.011,-0.265,-0.532) truth_z=2.913 drop=0.000 pitch=1.0deg seg=-2
[INFO] [1788290062.789250, 548.454000]: DSTPUB phase=STAIR_DESCENT_SEGMENT_TURN world=(-0.113,0.259,-1.000) body=(-0.124,-0.254,-1.000) truth_z=2.938 drop=0.000 pitch=1.0deg seg=0
[INFO] [1788290064.677083, 549.470000]: DSTPUB phase=STAIR_DESCENT_SEGMENT_TURN world=(0.167,0.364,-1.000) body=(-0.122,-0.381,-1.000) truth_z=2.915 drop=0.000 pitch=1.0deg seg=-1
[INFO] [1788290066.843175, 550.483000]: DSTPUB phase=STAIR_DESCENT_SEGMENT_TURN world=(0.345,0.201,-1.000) body=(0.001,-0.399,-1.000) truth_z=2.929 drop=0.000 pitch=1.0deg seg=-1
[INFO] [1788290067.789120, 550.939000]: Segment turn complete; standing before descent segment 2.
[INFO] [1788290068.061210, 551.065000]: East-align to flight-b center x=-2.48 before segment 2 flight-b (x=-3.58).
[INFO] [1788290068.138228, 551.084000]: East-align south done (y=1.890); moving east to x=-2.48.
[INFO] [1788290069.025082, 551.513000]: DSTPUB phase=STAIR_DESCENT_EAST_ALIGN world=(0.400,0.011,0.000) body=(-0.020,-0.400,0.000) truth_z=2.917 drop=0.000 pitch=1.0deg seg=-1
[INFO] [1788290071.438926, 552.518000]: DSTPUB phase=STAIR_DESCENT_EAST_ALIGN world=(0.400,0.001,0.000) body=(-0.024,-0.399,0.000) truth_z=2.915 drop=0.000 pitch=1.0deg seg=0
[INFO] [1788290073.905645, 553.537000]: DSTPUB phase=STAIR_DESCENT_EAST_ALIGN world=(0.400,-0.011,0.000) body=(-0.042,-0.398,0.000) truth_z=2.915 drop=0.000 pitch=1.0deg seg=0
[INFO] [1788290076.161985, 554.549000]: DSTPUB phase=STAIR_DESCENT_EAST_ALIGN world=(0.300,-0.016,0.000) body=(-0.037,-0.298,0.000) truth_z=2.913 drop=0.000 pitch=1.0deg seg=0
[INFO] [1788290077.431556, 555.108000]: East-align complete (x=-2.641, y=1.871); starting segment-2 flight-b.
[INFO] [1788290077.447764, 555.108000]: Descent FLIGHT_B start: z=2.912 drop gate 1.05 m.
[INFO] [1788290078.480592, 555.560000]: DSTPUB phase=STAIR_DESCENT_FLIGHT_B world=(-0.035,0.549,-0.033) body=(0.550,0.000,-0.033) truth_z=2.912 drop=0.001 pitch=1.0deg seg=0
[INFO] [1788290080.833662, 556.577000]: DSTPUB phase=STAIR_DESCENT_FLIGHT_B world=(-0.033,0.549,-0.026) body=(0.550,0.000,-0.026) truth_z=2.753 drop=0.159 pitch=1.0deg seg=27
[INFO] [1788290083.126776, 557.579000]: DSTPUB phase=STAIR_DESCENT_FLIGHT_B world=(-0.023,0.746,-0.040) body=(0.746,0.000,-0.040) truth_z=2.521 drop=0.392 pitch=1.0deg seg=21
[INFO] [1788290085.379845, 558.585000]: DSTPUB phase=STAIR_DESCENT_FLIGHT_B world=(-0.007,0.800,-0.031) body=(0.800,0.000,-0.031) truth_z=2.185 drop=0.727 pitch=1.0deg seg=24
[INFO] [1788290087.730056, 559.598000]: DSTPUB phase=STAIR_DESCENT_FLIGHT_B world=(-0.021,0.600,-0.037) body=(0.600,0.000,-0.037) truth_z=1.847 drop=1.065 pitch=1.0deg seg=24
[INFO] [1788290089.966604, 560.608000]: DSTPUB phase=STAIR_DESCENT_FLIGHT_B world=(-0.000,0.500,-0.045) body=(0.500,0.000,-0.045) truth_z=1.660 drop=1.253 pitch=1.0deg seg=23
[INFO] [1788290091.747536, 561.390000]: Flight-B descent complete: drop=1.31 m y=5.06; starting landing turn.
[FSM]: state: INIT
wait for goal.
[FSM]: state: INIT
wait for goal.
[FSM]: state: INIT
wait for goal.
[FSM]: state: INIT
wait for goal.
[FSM]: state: INIT
wait for goal.
[INFO] [1788290012.712049194, 524.061000000]: RL policy input vx=0.000 vy=0.000 wz=0.000 action_rms=0.143 ready=0 userCmd=0 kbd=0 raw=0.000,0.000,0.000 grav=-0.03,0.02,-0.98
[INFO] [1788290012.984084002, 524.203000000]: RL locomotion_ready latched after 1.01 s takeover and 1.00 s stable hold
[INFO] [1788290017.089526245, 526.080000000]: RL policy input vx=0.550 vy=0.000 wz=-0.057 action_rms=0.234 ready=1 userCmd=0 kbd=0 raw=0.550,0.000,-0.057 grav=0.26,0.01,-0.94
[INFO] [1788290021.783989888, 528.099000000]: RL policy input vx=0.500 vy=0.000 wz=-0.044 action_rms=0.244 ready=1 userCmd=0 kbd=0 raw=0.500,0.000,-0.044 grav=0.39,0.02,-0.90
[INFO] [1788290026.467108067, 530.106000000]: RL policy input vx=0.600 vy=-0.000 wz=0.009 action_rms=0.353 ready=1 userCmd=8 kbd=0 raw=0.600,-0.000,0.009 grav=0.41,0.09,-0.88
[INFO] [1788290030.875756059, 532.118000000]: RL policy input vx=0.000 vy=0.000 wz=0.000 action_rms=0.267 ready=1 userCmd=0 kbd=0 raw=0.000,0.000,0.000 grav=0.06,-0.04,-0.98
[INFO] [1788290035.094941844, 534.136000000]: RL policy input vx=0.217 vy=0.336 wz=1.200 action_rms=0.171 ready=1 userCmd=0 kbd=0 raw=0.217,0.336,1.200 grav=-0.01,0.04,-0.98
[INFO] [1788290038.992112273, 536.150000000]: RL policy input vx=0.157 vy=-0.368 wz=0.444 action_rms=0.146 ready=1 userCmd=0 kbd=0 raw=0.157,-0.368,0.444 grav=0.02,-0.00,-0.98
[INFO] [1788290042.884026955, 538.160000000]: RL policy input vx=-0.015 vy=-0.300 wz=0.002 action_rms=0.162 ready=1 userCmd=0 kbd=0 raw=-0.015,-0.300,0.002 grav=0.00,0.00,-0.98
[INFO] [1788290046.889100099, 540.170000000]: RL policy input vx=0.617 vy=0.000 wz=-0.004 action_rms=0.230 ready=1 userCmd=0 kbd=0 raw=0.617,0.000,-0.004 grav=0.36,0.04,-0.91
[INFO] [1788290050.990293576, 542.189000000]: RL policy input vx=0.550 vy=0.000 wz=-0.011 action_rms=0.264 ready=1 userCmd=0 kbd=0 raw=0.550,0.000,-0.011 grav=0.46,-0.06,-0.86
[INFO] [1788290054.745167116, 544.189000000]: RL policy input vx=0.600 vy=0.000 wz=0.031 action_rms=0.245 ready=1 userCmd=0 kbd=0 raw=0.600,0.000,0.031 grav=0.44,0.13,-0.87
[INFO] [1788290058.405599900, 546.195000000]: RL policy input vx=0.000 vy=0.000 wz=0.000 action_rms=0.154 ready=1 userCmd=0 kbd=0 raw=0.000,0.000,0.000 grav=-0.02,0.02,-0.98
[INFO] [1788290062.302631794, 548.201000000]: RL policy input vx=-0.083 vy=-0.251 wz=-1.000 action_rms=0.223 ready=1 userCmd=0 kbd=0 raw=-0.083,-0.251,-1.000 grav=0.00,-0.05,-0.98
[INFO] [1788290066.281230840, 550.203000000]: RL policy input vx=-0.028 vy=-0.399 wz=-1.000 action_rms=0.295 ready=1 userCmd=0 kbd=0 raw=-0.028,-0.399,-1.000 grav=-0.05,-0.04,-0.98
[INFO] [1788290070.679729324, 552.217000000]: RL policy input vx=-0.026 vy=-0.399 wz=0.000 action_rms=0.134 ready=1 userCmd=0 kbd=0 raw=-0.026,-0.399,0.000 grav=0.01,0.02,-0.98
[INFO] [1788290075.431166121, 554.224000000]: RL policy input vx=-0.040 vy=-0.298 wz=0.000 action_rms=0.165 ready=1 userCmd=0 kbd=0 raw=-0.040,-0.298,0.000 grav=-0.01,-0.00,-0.98
[INFO] [1788290080.034004237, 556.239000000]: RL policy input vx=0.550 vy=-0.000 wz=-0.022 action_rms=0.195 ready=1 userCmd=0 kbd=0 raw=0.550,-0.000,-0.022 grav=0.26,0.08,-0.94
[INFO] [1788290084.713606517, 558.255000000]: RL policy input vx=0.800 vy=-0.000 wz=-0.032 action_rms=0.269 ready=1 userCmd=0 kbd=0 raw=0.800,-0.000,-0.032 grav=0.37,-0.05,-0.91
[INFO] [1788290089.083557135, 560.256000000]: RL policy input vx=0.500 vy=0.000 wz=-0.063 action_rms=0.318 ready=1 userCmd=0 kbd=0 raw=0.500,0.000,-0.063 grav=0.37,0.04,-0.91
[INFO] [1788290093.771060852, 562.275000000]: RL policy input vx=0.000 vy=0.000 wz=0.000 action_rms=0.153 ready=1 userCmd=0 kbd=0 raw=0.000,0.000,0.000 grav=-0.02,0.02,-0.98
[INFO] [1788290097.320286678, 564.281000000]: RL policy input vx=0.400 vy=0.005 wz=1.200 action_rms=0.186 ready=1 userCmd=8 kbd=0 raw=0.400,0.005,1.200 grav=0.01,0.09,-0.98
[INFO] [1788290100.532903379, 566.289000000]: RL policy input vx=0.050 vy=-0.396 wz=0.137 action_rms=0.187 ready=1 userCmd=0 kbd=0 raw=0.050,-0.396,0.137 grav=0.00,0.01,-0.98
[INFO] [1788290103.930426089, 568.293000000]: RL policy input vx=0.550 vy=-0.000 wz=0.020 action_rms=0.139 rea[FSM]: state: INIT
wait for goal.
[FSM]: state: INIT
wait for goal.
[INFO] [1788288989.654784, 0.000000]: scanplanner_pointcloud_bridge: /scan -> /registered_scan at <= 5.0 Hz
[INFO] [1788289012.135616, 6.125000]: scanplanner_pointcloud_bridge: published 50 clouds (1160 points)
[INFO] [1788289029.018497, 15.130000]: scanplanner_pointcloud_bridge: published 100 clouds (1202 points)
[INFO] [1788289045.988287, 23.927000]: scanplanner_pointcloud_bridge: published 150 clouds (1548 points)
[INFO] [1788289060.465130, 30.720000]: scanplanner_pointcloud_bridge: published 200 clouds (2403 points)
[INFO] [1788289075.785664, 38.621000]: scanplanner_pointcloud_bridge: published 250 clouds (2378 points)
[INFO] [1788289089.371914, 44.952000]: scanplanner_pointcloud_bridge: published 300 clouds (2355 points)
[INFO] [1788289104.484443, 53.234000]: scanplanner_pointcloud_bridge: published 350 clouds (2375 points)
[INFO] [1788289118.207753, 60.318000]: scanplanner_pointcloud_bridge: published 400 clouds (2312 points)
[INFO] [1788289131.306166, 66.323000]: scanplanner_pointcloud_bridge: published 450 clouds (2389 points)
[INFO] [1788289145.550623, 74.032000]: scanplanner_pointcloud_bridge: published 500 clouds (2438 points)
[INFO] [1788289161.689903, 83.628000]: scanplanner_pointcloud_bridge: published 550 clouds (2384 points)
[INFO] [1788289178.042025, 92.837000]: scanplanner_pointcloud_bridge: published 600 clouds (2432 points)
[INFO] [1788289193.933832, 102.719000]: scanplanner_pointcloud_bridge: published 650 clouds (2401 points)
[INFO] [1788289209.845376, 110.827000]: scanplanner_pointcloud_bridge: published 700 clouds (2394 points)
[INFO] [1788289222.716519, 116.825000]: scanplanner_pointcloud_bridge: published 750 clouds (2403 points)
[INFO] [1788289238.688045, 125.627000]: scanplanner_pointcloud_bridge: published 800 clouds (2390 points)
[INFO] [1788289253.973330, 133.727000]: scanplanner_pointcloud_bridge: published 850 clouds (2390 points)
[INFO] [1788289268.431558, 141.424000]: scanplanner_pointcloud_bridge: published 900 clouds (2369 points)
[INFO] [1788289281.930683, 148.122000]: scanplanner_pointcloud_bridge: published 950 clouds (2341 points)
[INFO] [1788289294.201290, 153.320000]: scanplanner_pointcloud_bridge: published 1000 clouds (2413 points)
[INFO] [1788289307.778049, 159.421000]: scanplanner_pointcloud_bridge: published 1050 clouds (2420 points)
[INFO] [1788289321.000068, 165.720000]: scanplanner_pointcloud_bridge: published 1100 clouds (2377 points)
[INFO] [1788289335.984433, 173.931000]: scanplanner_pointcloud_bridge: published 1150 clouds (2056 points)
[INFO] [1788289351.262188, 182.039000]: scanplanner_pointcloud_bridge: published 1200 clouds (2236 points)
[INFO] [1788289366.284273, 190.831000]: scanplanner_pointcloud_bridge: published 1250 clouds (1992 points)
[INFO] [1788289381.844211, 199.429000]: scanplanner_pointcloud_bridge: published 1300 clouds (2466 points)
[INFO] [1788289397.231784, 207.329000]: scanplanner_pointcloud_bridge: published 1350 clouds (2421 points)
[INFO] [1788289409.292932, 212.521000]: scanplanner_pointcloud_bridge: published 1400 clouds (2375 points)
[INFO] [1788289422.123460, 218.332000]: scanplanner_pointcloud_bridge: published 1450 clouds (2378 points)
[INFO] [1788289433.925133, 223.527000]: scanplanner_pointcloud_bridge: published 1500 clouds (2364 points)
[INFO] [1788289447.129923, 229.727000]: scanplanner_pointcloud_bridge: published 1550 clouds (2368 points)
[INFO] [1788289460.526156, 236.223000]: scanplanner_pointcloud_bridge: published 1600 clouds (2401 points)
[INFO] [1788289474.843369, 243.233000]: scanplanner_pointcloud_bridge: published 1650 clouds (2389 points)
[INFO] [1788289489.895850, 251.626000]: scanplanner_pointcloud_bridge: published 1700 clouds (2400 points)
[INFO] [1788289503.026481, 257.929000]: scanplanner_pointcloud_bridge: published 1750 clouds (2401 points)
[INFO] [1788289515.219243, 263.225000]: scanplanner_pointcloud_bridge: published 1800 clouds (2376 points)
[INFO] [1788289529.966557, 270.531000]: scanplanner_pointcloud_bridge: published 1850 clouds (2448 points)
[INFO] [1788289544.685485, 278.125000]: scanplanner_pointcloud_bridge: published 1900 clouds (2390 points)
[INFO] [1788289556.835554, 283.326000]: scanplanner_pointcloud_bridge: published 1950 clouds (2387 points)
[INFO] [1788289570.168230, 289.636000]: scanplanner_pointcloud_bridge: published 2000 clouds (2386 points)
[INFO] [1788289585.922015, 297.931000]: scanplanner_pointcloud_bridge: published 2050 clouds (2379 points)
[INFO] [1788289600.805593, 305.631000]: scanplanner_pointcloud_bridge: published 2100 clouds (2366 points)
[INFO] [1788289617.145064, 315.527000]: scanplanner_pointcloud_bridge: published 2150 clouds (2412 points)
[INFO] [1788289633.738674, 324.625000]: scanplanner_pointcloud_bridge: published 2200 clouds (2422 points)
[INFO] [1788289648.941006, 332.428000]: scanplanner_pointcloud_bridge: published 2250 clouds (2390 points)
[INFO] [1788289665.128469, 341.538000]: scanplanner_pointcloud_bridge: published 2300 clouds (2406 points)
[INFO] [1788289677.980521, 347.432000]: scanplanner_pointcloud_bridge: published 2350 clouds (2045 points)
[INFO] [1788289690.504458, 352.727000]: scanplanner_pointcloud_bridge: published 2400 clouds (2233 points)
[INFO] [1788289705.782845, 360.230000]: scanplanner_pointcloud_bridge: published 2450 clouds (2177 points)
[INFO] [1788289721.113325, 368.331000]: scanplanner_pointcloud_bridge: published 2500 clouds (2353 points)
[INFO] [1788289734.872999, 375.033000]: scanplanner_pointcloud_bridge: published 2550 clouds (2320 points)
[INFO] [1788289748.018908, 381.335000]: scanplanner_pointcloud_bridge: published 2600 clouds (2373 points)
[INFO] [1788289763.282094, 389.336000]: scanplanner_pointcloud_bridge: published 2650 clouds (2390 points)
[INFO] [1788289778.317858, 396.930000]: scanplanner_pointcloud_bridge: published 2700 clouds (2390 points)
[INFO] [1788289792.525644, 403.831000]: scanplanner_pointcloud_bridge: published 2750 clouds (2404 points)
[INFO] [1788289809.115094, 412.921000]: scanplanner_pointcloud_bridge: published 2800 clouds (2390 points)
[INFO] [1788289824.954328, 421.256000]: scanplanner_pointcloud_bridge: published 2850 clouds (2407 points)
[INFO] [1788289839.206026, 428.231000]: scanplanner_pointcloud_bridge: published 2900 clouds (2436 points)
[INFO] [1788289855.330965, 436.733000]: scanplanner_pointcloud_bridge: published 2950 clouds (2442 points)
[INFO] [1788289870.884537, 444.834000]: scanplanner_pointcloud_bridge: published 3000 clouds (2367 points)
[INFO] [1788289887.444118, 453.633000]: scanplanner_pointcloud_bridge: published 3050 clouds (2350 points)
[INFO] [1788289903.842571, 462.331000]: scanplanner_pointcloud_bridge: published 3100 clouds (2364 points)
[INFO] [1788289918.378703, 469.727000]: scanplanner_pointcloud_bridge: published 3150 clouds (2391 points)
[INFO] [1788289934.497946, 478.532000]: scanplanner_pointcloud_bridge: published 3200 clouds (2373 points)
[INFO] [1788289950.410066, 487.334000]: scanplanner_pointcloud_bridge: published 3250 clouds (2396 points)
[INFO] [1788289965.912171, 496.938000]: scanplanner_pointcloud_bridge: published 3300 clouds (2393 points)
[INFO] [1788289980.485147, 504.934000]: scanplanner_pointcloud_bridge: published 3350 clouds (2425 points)
[INFO] [1788289996.051421, 514.829000]: scanplanner_pointcloud_bridge: published 3400 clouds (2286 points)
[INFO] [1788290010.420568, 523.032000]: scanplanner_pointcloud_bridge: published 3450 clouds (2399 points)
[INFO] [1788290023.377105, 528.733000]: scanplanner_pointcloud_bridge: published 3500 clouds (2343 points)
[INFO] [1788290036.918238, 535.031000]: scanplanner_pointcloud_bridge: published 3550 clouds (2366 points)
[INFO] [1788290052.032439, 542.737000]: scanplanner_pointcloud_bridge: published 3600 clouds (2454 points)
[INFO] [1788290068.234392, 551.136000]: scanplanner_pointcloud_bridge: published 3650 clouds (1983 points)
[INFO] [1788290080.250654, 556.332000]: scanplanner_pointcloud_bridge: published 3700 clouds (2448 points)
[INFO] [1788290092.314118, 561.632000]: scanplanner_pointcloud_bridge: published 3750 clouds (2367 points)
[FSM]: state: INIT
wait for goal.
[FSM]: state: INIT
wait for goal.
[FSM]: state: INIT
wait for goal.
[FSM]: state: INIT
wait for goal.
[WARN] [1788290115.326462923, 575.517000000]: Using one-shot plane RL takeover profile: blend 0.50 s, zero hold 0.15 s
[FSM]: state: INIT
wait for goal.
dy=1 userCmd=0 kbd=0 raw=0.550,-0.000,0.020 grav=0.01,0.01,-0.98
[INFO] [1788290107.105519411, 570.309000000]: RL policy input vx=0.550 vy=0.000 wz=-0.058 action_rms=0.288 ready=1 userCmd=0 kbd=0 raw=0.550,0.000,-0.058 grav=0.43,0.05,-0.88
[INFO] [1788290110.264288197, 572.311000000]: RL policy input vx=0.600 vy=0.000 wz=-0.012 action_rms=0.223 ready=1 userCmd=0 kbd=0 raw=0.600,0.000,-0.012 grav=0.40,0.01,-0.89
[INFO] [1788290113.389398626, 574.323000000]: RL policy input vx=0.000 vy=0.000 wz=0.000 action_rms=0.174 ready=1 userCmd=0 kbd=0 raw=0.000,0.000,0.000 grav=0.14,0.14,-0.96
cuda::is_available():1
RL inference device: cpu (requested=hybrid, policy=plane)
[INFO] RL policy hot-switched from preload cache: /workspace/SimEnv/src/unitree_guide/logs/policy_act_inference_plane.pt
[WARN] [1788290018.159219, 526.519000]: Descent tilt 0.483 rad: capping flight speed at 0.55 m/s.
[WARN] [1788290026.924734, 530.286000]: Descent tilt 0.483 rad: capping flight speed at 0.55 m/s.
[WARN] [1788290050.272281, 541.818000]: Descent tilt 0.482 rad: capping flight speed at 0.55 m/s.
[WARN] [1788290080.939073, 556.617000]: Descent tilt 0.490 rad: capping flight speed at 0.55 m/s.
[WARN] [1788290087.987196, 559.717000]: Descent tilt 0.480 rad: capping flight speed at 0.55 m/s.
[WARN] [1788290105.482429, 569.279000]: Descent tilt 0.481 rad: capping flight speed at 0.55 m/s.
[WARN] [1788290111.199733, 572.913000]: Descent tilt 0.482 rad: capping flight speed at 0.55 m/s.
[INFO] [1788290095.086859, 562.919000]: DSTPUB phase=STAIR_DESCENT_TURN world=(-0.400,0.000,1.120) body=(0.023,0.399,1.120) truth_z=1.615 drop=1.297 pitch=1.0deg seg=-1
[INFO] [1788290096.774085, 563.950000]: DSTPUB phase=STAIR_DESCENT_TURN world=(-0.400,0.000,1.200) body=(0.369,0.155,1.200) truth_z=1.611 drop=1.301 pitch=1.0deg seg=0
[INFO] [1788290098.421684, 564.959000]: DSTPUB phase=STAIR_DESCENT_TURN world=(-0.400,0.000,0.817) body=(0.270,-0.295,0.817) truth_z=1.617 drop=1.295 pitch=1.0deg seg=1
[INFO] [1788290100.027280, 565.978000]: DSTPUB phase=STAIR_DESCENT_TURN world=(-0.400,0.000,0.340) body=(0.075,-0.393,0.340) truth_z=1.615 drop=1.297 pitch=1.0deg seg=0
[INFO] [1788290100.058454, 566.001000]: Descent landing heading captured at error 0.180 rad; using shortest-path hold while x aligns.
[INFO] [1788290101.652116, 566.998000]: DSTPUB phase=STAIR_DESCENT_TURN world=(-0.300,0.000,0.039) body=(0.011,-0.300,0.039) truth_z=1.611 drop=1.301 pitch=1.0deg seg=0
[INFO] [1788290103.033621, 567.741000]: Descent FLIGHT_A start: z=2.912 drop gate 2.45 m.
[INFO] [1788290103.044429, 567.755000]: Descent landing aligned: x err=-0.118 m, heading err=-0.004 rad; starting flight A.
[INFO] [1788290103.464520, 568.016000]: DSTPUB phase=STAIR_DESCENT_FLIGHT_A world=(0.010,-0.550,0.023) body=(0.550,0.000,0.023) truth_z=1.611 drop=1.301 pitch=1.0deg seg=0
[INFO] [1788290105.111535, 569.019000]: DSTPUB phase=STAIR_DESCENT_FLIGHT_A world=(0.015,-0.550,0.024) body=(0.550,0.000,0.024) truth_z=1.495 drop=1.418 pitch=1.0deg seg=18
[INFO] [1788290106.701044, 570.028000]: DSTPUB phase=STAIR_DESCENT_FLIGHT_A world=(0.048,-0.548,-0.044) body=(0.550,0.000,-0.044) truth_z=1.296 drop=1.616 pitch=1.0deg seg=30
[INFO] [1788290108.332096, 571.048000]: DSTPUB phase=STAIR_DESCENT_FLIGHT_A world=(0.066,-0.797,-0.061) body=(0.800,0.000,-0.061) truth_z=1.092 drop=1.820 pitch=1.0deg seg=21
[INFO] [1788290109.933654, 572.080000]: DSTPUB phase=STAIR_DESCENT_FLIGHT_A world=(0.008,-0.800,-0.025) body=(0.800,0.000,-0.025) truth_z=0.709 drop=2.203 pitch=1.0deg seg=22
[INFO] [1788290111.485757, 573.084000]: DSTPUB phase=STAIR_DESCENT_FLIGHT_A world=(-0.011,-0.550,0.003) body=(0.550,0.000,0.003) truth_z=0.429 drop=2.484 pitch=1.0deg seg=24
[INFO] [1788290112.915549, 574.006000]: Final flight complete: drop=2.60 m y=1.74; holding on F1 landing for a stable terminal pose.
[INFO] [1788290113.942809, 574.650000]: F1 landing stable for 1.0 s: body height 0.319 m, upright-z 1.000.
[INFO] [1788290114.482526, 574.974000]: Returned to first floor after 107.0 s (drop=2.59 m).
[INFO] [1788290115.027112, 575.318000]: Stair descent terminal phase: FIRST_FLOOR_RETURNED
[FSM]: state: INIT
wait for goal.
[FSM]: state: INIT
wait for goal.
[FSM]: state: INIT
wait for goal.
[FSM]: state: INIT
wait for goal.
[FSM]: state: INIT
wait for goal.
[FSM]: state: INIT
wait for goal.
[FSM]: state: INIT
wait for goal.
[FSM]: state: INIT
wait for goal.
[FSM]: state: INIT
wait for goal.
[FSM]: state: INIT
wait for goal.
[INFO] [1788290116.351020402, 576.176000000]: RL locomotion_ready latched after 0.66 s takeover and 0.38 s stable hold
[INFO] [1788290116.682876226, 576.342000000]: RL policy input vx=0.000 vy=0.000 wz=0.800 action_rms=0.145 ready=1 userCmd=0 kbd=0 raw=0.000,0.000,0.800 grav=0.01,-0.01,-0.98
[INFO] [1788290120.062472900, 578.348000000]: RL policy input vx=0.000 vy=0.000 wz=0.325 action_rms=0.146 ready=1 userCmd=0 kbd=0 raw=0.000,0.000,0.325 grav=0.02,-0.03,-0.98
[INFO] [1788290123.535684901, 580.361000000]: RL policy input vx=0.449 vy=0.000 wz=0.163 action_rms=0.181 ready=1 userCmd=0 kbd=0 raw=0.449,0.000,0.163 grav=0.00,-0.01,-0.98
[INFO] [1788290126.997833109, 582.367000000]: RL policy input vx=1.100 vy=0.000 wz=0.034 action_rms=0.304 ready=1 userCmd=0 kbd=0 raw=1.100,0.000,0.034 grav=0.00,-0.04,-0.98
[INFO] [1788290130.114834883, 584.374000000]: RL policy input vx=0.732 vy=0.000 wz=0.015 action_rms=0.224 ready=1 userCmd=0 kbd=0 raw=0.732,0.000,0.015 grav=0.00,-0.02,-0.98
[INFO] [1788290133.636503136, 586.387000000]: RL policy input vx=0.000 vy=0.000 wz=0.000 action_rms=0.162 ready=1 userCmd=0 kbd=0 raw=0.000,0.000,0.000 grav=0.02,-0.02,-0.98
stop the controller
des manager
terminate called after throwing an instance of 'boost::wrapexcept<boost::lock_error>'
  what():  boost: mutex lock failed in pthread_mutex_lock: Invalid argument
[INFO] [1788290133.492551, 586.313000]: Three-floor RL mission complete in first-floor lobby at (-0.26, 3.84, 0.31)
[INFO] [1788288998.886188, 0.207000]: danger_detector: first rendered RGB frame ready (320x240)
[INFO] [1788289030.659836, 15.993000]: danger_detector: exploration clock started after preparation
[INFO] [1788289095.999842, 48.287000]: danger_detector: scan batch label=floor_0_room_0_g3 raw=0 min_points=3 clusters=[]
[INFO] [1788289107.256178, 54.861000]: danger_detector: scan batch label=floor_0_room_0_g4 raw=0 min_points=3 clusters=[]
[INFO] [1788289142.888979, 72.631000]: danger_detector: scan batch label=floor_0_room_1_g3 raw=3 min_points=3 clusters=[]
[INFO] [1788289154.447069, 79.308000]: danger_detector: confirmed red sphere #2 at [4.5332, 16.1621, 0.15], t=63.32s, stage=floor_1_exploration
[INFO] [1788289156.217089, 80.368000]: danger_detector: scan batch label=floor_0_room_1_g4 raw=3 min_points=3 clusters=[(4.787395292455651, 16.28154788122351)]
[INFO] [1788289211.837270, 111.708000]: danger_detector: scan batch label=floor_0_room_2_g3 raw=0 min_points=3 clusters=[]
[INFO] [1788289225.050503, 117.996000]: danger_detector: scan batch label=floor_0_room_2_g4 raw=0 min_points=3 clusters=[]
[INFO] [1788289260.968905, 137.192000]: danger_detector: scan batch label=floor_0_room_3_g3 raw=0 min_points=3 clusters=[]
[INFO] [1788289271.237252, 143.311000]: danger_detector: scan batch label=floor_0_room_3_g4 raw=0 min_points=3 clusters=[]
[INFO] [1788289438.942472, 225.866000]: danger_detector: scan batch label=floor_1_room_0_g3 raw=0 min_points=3 clusters=[]
[INFO] [1788289451.939074, 232.049000]: danger_detector: scan batch label=floor_1_room_0_g4 raw=0 min_points=3 clusters=[]
[INFO] [1788289486.234707, 249.660000]: danger_detector: confirmed red sphere #3 at [6.2956, 13.4708, 2.75], t=233.67s, stage=floor_2_exploration
[INFO] [1788289487.449219, 250.388000]: danger_detector: scan batch label=floor_1_room_1_g3 raw=4 min_points=3 clusters=[(6.315939281795581, 13.455342719632625)]
[INFO] [1788289500.053548, 256.544000]: danger_detector: scan batch label=floor_1_room_1_g4 raw=4 min_points=3 clusters=[(6.360293567720079, 13.969480141240169)]
[INFO] [1788289559.857442, 284.773000]: danger_detector: scan batch label=floor_1_room_2_g3 raw=0 min_points=3 clusters=[]
[INFO] [1788289572.558877, 290.964000]: danger_detector: scan batch label=floor_1_room_2_g4 raw=0 min_points=3 clusters=[]
[INFO] [1788289606.642385, 309.213000]: danger_detector: scan batch label=floor_1_room_3_g3 raw=2 min_points=3 clusters=[]
[INFO] [1788289616.049243, 314.861000]: danger_detector: confirmed red sphere #4 at [6.3995, 30.0552, 2.75], t=298.87s, stage=floor_2_exploration
[INFO] [1788289617.657125, 315.812000]: danger_detector: scan batch label=floor_1_room_3_g4 raw=3 min_points=3 clusters=[(6.724172966574136, 29.94577068369653)]
[INFO] [1788289776.570314, 396.114000]: danger_detector: scan batch label=floor_2_room_0_g3 raw=0 min_points=3 clusters=[]
[INFO] [1788289789.586432, 402.413000]: danger_detector: scan batch label=floor_2_room_0_g4 raw=0 min_points=3 clusters=[]
[INFO] [1788289823.048953, 420.329000]: danger_detector: confirmed red sphere #5 at [5.1044, 12.8603, 5.35], t=404.34s, stage=floor_3_exploration
[INFO] [1788289824.946340, 421.252000]: danger_detector: scan batch label=floor_2_room_1_g3 raw=7 min_points=3 clusters=[(5.103666934641435, 12.841091361194971)]
[INFO] [1788289837.379485, 427.337000]: danger_detector: scan batch label=floor_2_room_1_g4 raw=5 min_points=3 clusters=[(5.0561018455045685, 12.828052601323238)]
[INFO] [1788289890.862150, 455.553000]: danger_detector: confirmed red sphere #6 at [-7.9542, 28.8754, 5.35], t=439.56s, stage=floor_3_exploration
[INFO] [1788289893.332426, 456.928000]: danger_detector: scan batch label=floor_2_room_2_g3 raw=8 min_points=3 clusters=[(-7.916978713657925, 28.84561132041548)]
[INFO] [1788289906.984133, 463.906000]: danger_detector: scan batch label=floor_2_room_2_g4 raw=8 min_points=3 clusters=[(-7.7598873513554505, 28.850655240689363)]
[INFO] [1788289940.303126, 481.785000]: danger_detector: scan batch label=floor_2_room_3_g3 raw=0 min_points=3 clusters=[]
[INFO] [1788289951.936669, 488.378000]: danger_detector: scan batch label=floor_2_room_3_g4 raw=0 min_points=3 clusters=[]
[INFO] [1788290133.475413, 586.309000]: danger_detector: wrote 5 confirmed red-ball detections -> /root/autodl-tmp/code/restore/0803b/overall_l0829/results/oblique_final10_fixbend_seed24_b1/red_ball_detections.json
[INFO] [1788289000.353497, 1.008000]: Bootstrap armed: stand@1.0s state-gated RL max_wait=25.0s repeat=120.0s start_t=1.0
[INFO] [1788289009.206698, 4.908000]: Requesting RL /cmd_vel through /joy (repeating).
[INFO] [1788289030.761710, 16.008000]: Bootstrap observed locomotion_ready; releasing /joy.
[INFO] [1788290008.008608, 521.928000]: SCAN explored all three floors; stair descent owns the return.
[INFO] [1788290107.512683, 570.532000]: scanplanner_pointcloud_bridge: published 3800 clouds (2450 points)
[INFO] [1788290123.489694, 580.333000]: scanplanner_pointcloud_bridge: published 3850 clouds (2276 points)
[INFO] [1788288993.158890, 0.000000]: building_generator_classic_control ready
[WARN] [1788290150.282285, 587.219000]: Controller Spawner error while taking down controllers: transport error completing service call: unable to receive data from sender, check sender's logs for details
[31mWARNING: disk usage in log directory [/root/.ros/log] is over 1GB.
It's recommended that you use the 'rosclean' command.[0m
[31m[a1_gazebo/controller_spawner-5] escalating to SIGTERM[0m
[31m[gazebo-2] escalating to SIGTERM[0m

auto-starting new master
[1mprocess[master]: started with pid [776936][0m
[1mROS_MASTER_URI=http://localhost:11311[0m
]2;/root/autodl-tmp/code/restore/0803b/overall_l0829/threefloor_stress5_repro_20260827/work/mounts/SimEnv/src/simenv_bridge/launch/scanplanner_three_floor_rl.launch http://localhost:11311
[1msetting /run_id to d58cf21c-a636-11f1-bd54-0242ac110007[0m
[1mprocess[rosout-1]: started with pid [776949][0m
started core service [/rosout]
[1mprocess[gazebo-2]: started with pid [776957][0m
[1mprocess[urdf_spawner-3]: started with pid [776961][0m
[1mprocess[state_from_gazebo-4]: started with pid [776963][0m
[1mprocess[a1_gazebo/controller_spawner-5]: started with pid [776964][0m
[1mprocess[robot_state_publisher-6]: started with pid [776970][0m
[1mprocess[unpause_after_controllers-7]: started with pid [776971][0m
[1mprocess[building_control-8]: started with pid [776973][0m
[1mprocess[open_mapping_entrance-9]: started with pid [776978][0m
[1mprocess[junior_ctrl-10]: started with pid [776980][0m
[1mprocess[scanplanner_pointcloud_bridge-11]: started with pid [776981][0m
[1mprocess[scan_planner_node-12]: started with pid [776982][0m
[1mprocess[closed_loop_controller-13]: started with pid [776983][0m
[1mprocess[scanplanner_plane_rl_bootstrap-14]: started with pid [776995][0m
[1mprocess[rl_floor_command_mux-15]: started with pid [777011][0m
[1mprocess[stair_transition_manager-16]: started with pid [777024][0m
[1mprocess[second_to_third_floor_stair_manager-17]: started with pid [777025][0m
[1mprocess[stair_descent_manager-18]: started with pid [777027][0m
[1mprocess[scanplanner_three_floor_goal_sequencer-19]: started with pid [777030][0m
[1mprocess[scanplanner_red_ball_detector-20]: started with pid [777036][0m
[1mprocess[three_floor_rl_mission_supervisor-21]: started with pid [777037][0m
[1m[open_mapping_entrance-9] process has finished cleanly
log file: /root/.ros/log/d58cf21c-a636-11f1-bd54-0242ac110007/open_mapping_entrance-9*.log[0m
[1m[urdf_spawner-3] process has finished cleanly
log file: /root/.ros/log/d58cf21c-a636-11f1-bd54-0242ac110007/urdf_spawner-3*.log[0m
[1m[unpause_after_controllers-7] process has finished cleanly
log file: /root/.ros/log/d58cf21c-a636-11f1-bd54-0242ac110007/unpause_after_controllers-7*.log[0m
[1m[stair_transition_manager-16] process has finished cleanly
log file: /root/.ros/log/d58cf21c-a636-11f1-bd54-0242ac110007/stair_transition_manager-16*.log[0m
[1m[second_to_third_floor_stair_manager-17] process has finished cleanly
log file: /root/.ros/log/d58cf21c-a636-11f1-bd54-0242ac110007/second_to_third_floor_stair_manager-17*.log[0m
[1m[stair_descent_manager-18] process has finished cleanly
log file: /root/.ros/log/d58cf21c-a636-11f1-bd54-0242ac110007/stair_descent_manager-18*.log[0m
[three_floor_rl_mission_supervisor-21] killing on exit
[scanplanner_red_ball_detector-20] killing on exit
[scanplanner_three_floor_goal_sequencer-19] killing on exit
[rl_floor_command_mux-15] killing on exit
[scanplanner_plane_rl_bootstrap-14] killing on exit
[closed_loop_controller-13] killing on exit
[scan_planner_node-12] killing on exit
[junior_ctrl-10] killing on exit
[scanplanner_pointcloud_bridge-11] killing on exit
[building_control-8] killing on exit
[robot_state_publisher-6] killing on exit
[a1_gazebo/controller_spawner-5] killing on exit
[state_from_gazebo-4] killing on exit
[gazebo-2] killing on exit
[rosout-1] killing on exit
[master] killing on exit
shutting down processing monitor...
... shutting down processing monitor complete
[1mdone[0m
